{"level":"info","message":"Running on Node.js - Version 20.18.3","timestamp":"2026-03-09 13:46:25"}
{"level":"info","message":"Foundry Virtual Tabletop - Version 13 Build 348","timestamp":"2026-03-09 13:46:25"}
{"level":"info","message":"User Data Directory - \"../../Data\"","timestamp":"2026-03-09 13:46:25"}
{"level":"info","message":"Application Options:\n{\n  \"compressStatic\": true,\n  \"fullscreen\": false,\n  \"hostname\": null,\n  \"language\": \"en.core\",\n  \"localHostname\": null,\n  \"port\": 30000,\n  \"proxyPort\": null,\n  \"proxySSL\": false,\n  \"routePrefix\": null,\n  \"updateChannel\": \"stable\",\n  \"upnp\": true,\n  \"awsConfig\": null,\n  \"compressSocket\": true,\n  \"cssTheme\": \"dark\",\n  \"deleteNEDB\": false,\n  \"hotReload\": false,\n  \"passwordSalt\": null,\n  \"sslCert\": null,\n  \"sslKey\": null,\n  \"world\": \"fe-west-marches\",\n  \"serviceConfig\": null,\n  \"telemetry\": true,\n  \"adminPassword\": null,\n  \"noBackups\": false\n}","timestamp":"2026-03-09 13:46:25"}
{"level":"error","message":"Software license verification failed. Please confirm your Foundry Virtual Tabletop software license","timestamp":"2026-03-09 13:46:25"}
{"level":"info","message":"Requesting UPnP port forwarding to destination port 30000","timestamp":"2026-03-09 13:46:25"}
{"level":"info","message":"Running Electron application with version 34.4.0 using Chromium 132.0.6834.210","timestamp":"2026-03-09 13:46:25"}
{"level":"info","message":"Server started and listening on port 30000","timestamp":"2026-03-09 13:46:25"}
{"level":"info","message":"Created client session f5611f777b366c7db4c2608c","timestamp":"2026-03-09 13:46:27"}
{"level":"info","message":"License signature successfully created. Thank you and please enjoy Foundry Virtual Tabletop.","timestamp":"2026-03-09 13:46:56"}
{"level":"info","message":"Software license verification succeeded","timestamp":"2026-03-09 13:46:56"}
{"level":"info","message":"Core software stable update 13.351 is available!","timestamp":"2026-03-09 13:46:56"}
{"level":"info","message":"Downloading package - 0%","timestamp":"2026-03-09 13:48:16"}
{"level":"info","message":"Downloading package - 1%","timestamp":"2026-03-09 13:48:16"}
{"level":"info","message":"Downloading package - 2%","timestamp":"2026-03-09 13:48:17"}
{"level":"info","message":"Installing package - 1%","timestamp":"2026-03-09 13:48:17"}
{"level":"info","message":"Installing package - 2%","timestamp":"2026-03-09 13:48:17"}
{"level":"info","message":"Installing package - 3%","timestamp":"2026-03-09 13:48:17"}
{"level":"info","message":"Installing package - 4%","timestamp":"2026-03-09 13:48:17"}
{"level":"info","message":"Installing package - 5%","timestamp":"2026-03-09 13:48:17"}
{"level":"info","message":"Installing package - 6%","timestamp":"2026-03-09 13:48:17"}
{"level":"info","message":"Installing package - 7%","timestamp":"2026-03-09 13:48:17"}
{"level":"info","message":"Installing package - 8%","timestamp":"2026-03-09 13:48:17"}
{"level":"info","message":"Installing package - 9%","timestamp":"2026-03-09 13:48:17"}
{"level":"info","message":"Installing package - 10%","timestamp":"2026-03-09 13:48:17"}
{"level":"info","message":"Installing package - 11%","timestamp":"2026-03-09 13:48:17"}
{"level":"info","message":"Installing package - 12%","timestamp":"2026-03-09 13:48:17"}
{"level":"info","message":"Installing package - 13%","timestamp":"2026-03-09 13:48:17"}
{"level":"info","message":"Installing package - 14%","timestamp":"2026-03-09 13:48:17"}
{"level":"info","message":"Installing package - 15%","timestamp":"2026-03-09 13:48:17"}
{"level":"info","message":"Installing package - 16%","timestamp":"2026-03-09 13:48:17"}
{"level":"info","message":"Installing package - 17%","timestamp":"2026-03-09 13:48:17"}
{"level":"info","message":"Installing package - 18%","timestamp":"2026-03-09 13:48:17"}
{"level":"info","message":"Installing package - 19%","timestamp":"2026-03-09 13:48:17"}
{"level":"info","message":"Installing package - 20%","timestamp":"2026-03-09 13:48:17"}
{"level":"info","message":"Installing package - 21%","timestamp":"2026-03-09 13:48:17"}
{"level":"info","message":"Installing package - 22%","timestamp":"2026-03-09 13:48:17"}
{"level":"info","message":"Installing package - 23%","timestamp":"2026-03-09 13:48:17"}
{"level":"info","message":"Installing package - 24%","timestamp":"2026-03-09 13:48:17"}
{"level":"info","message":"Installing package - 25%","timestamp":"2026-03-09 13:48:17"}
{"level":"info","message":"Installing package - 26%","timestamp":"2026-03-09 13:48:17"}
{"level":"info","message":"Installing package - 27%","timestamp":"2026-03-09 13:48:17"}
{"level":"info","message":"Installing package - 28%","timestamp":"2026-03-09 13:48:17"}
{"level":"info","message":"Installing package - 29%","timestamp":"2026-03-09 13:48:17"}
{"level":"info","message":"Installing package - 30%","timestamp":"2026-03-09 13:48:17"}
{"level":"info","message":"Installing package - 31%","timestamp":"2026-03-09 13:48:17"}
{"level":"info","message":"Installing package - 32%","timestamp":"2026-03-09 13:48:17"}
{"level":"info","message":"Installing package - 33%","timestamp":"2026-03-09 13:48:17"}
{"level":"info","message":"Installing package - 34%","timestamp":"2026-03-09 13:48:17"}
{"level":"info","message":"Installing package - 35%","timestamp":"2026-03-09 13:48:17"}
{"level":"info","message":"Installing package - 36%","timestamp":"2026-03-09 13:48:17"}
{"level":"info","message":"Installing package - 37%","timestamp":"2026-03-09 13:48:17"}
{"level":"info","message":"Installing package - 38%","timestamp":"2026-03-09 13:48:17"}
{"level":"info","message":"Installing package - 39%","timestamp":"2026-03-09 13:48:17"}
{"level":"info","message":"Installing package - 40%","timestamp":"2026-03-09 13:48:17"}
{"level":"info","message":"Installing package - 41%","timestamp":"2026-03-09 13:48:17"}
{"level":"info","message":"Installing package - 42%","timestamp":"2026-03-09 13:48:17"}
{"level":"info","message":"Installing package - 43%","timestamp":"2026-03-09 13:48:17"}
{"level":"info","message":"Installing package - 44%","timestamp":"2026-03-09 13:48:17"}
{"level":"info","message":"Installing package - 45%","timestamp":"2026-03-09 13:48:17"}
{"level":"info","message":"Installing package - 46%","timestamp":"2026-03-09 13:48:17"}
{"level":"info","message":"Installing package - 47%","timestamp":"2026-03-09 13:48:17"}
{"level":"info","message":"Installing package - 48%","timestamp":"2026-03-09 13:48:17"}
{"level":"info","message":"Installing package - 49%","timestamp":"2026-03-09 13:48:17"}
{"level":"info","message":"Installing package - 50%","timestamp":"2026-03-09 13:48:17"}
{"level":"info","message":"Installing package - 51%","timestamp":"2026-03-09 13:48:17"}
{"level":"info","message":"Installing package - 52%","timestamp":"2026-03-09 13:48:17"}
{"level":"info","message":"Installing package - 53%","timestamp":"2026-03-09 13:48:17"}
{"level":"info","message":"Installing package - 54%","timestamp":"2026-03-09 13:48:17"}
{"level":"info","message":"Installing package - 55%","timestamp":"2026-03-09 13:48:17"}
{"level":"info","message":"Installing package - 56%","timestamp":"2026-03-09 13:48:17"}
{"level":"info","message":"Installing package - 57%","timestamp":"2026-03-09 13:48:17"}
{"level":"info","message":"Installing package - 58%","timestamp":"2026-03-09 13:48:17"}
{"level":"info","message":"Installing package - 59%","timestamp":"2026-03-09 13:48:17"}
{"level":"info","message":"Installing package - 60%","timestamp":"2026-03-09 13:48:17"}
{"level":"info","message":"Installing package - 61%","timestamp":"2026-03-09 13:48:17"}
{"level":"info","message":"Installing package - 62%","timestamp":"2026-03-09 13:48:17"}
{"level":"info","message":"Installing package - 63%","timestamp":"2026-03-09 13:48:17"}
{"level":"info","message":"Installing package - 64%","timestamp":"2026-03-09 13:48:17"}
{"level":"info","message":"Installing package - 65%","timestamp":"2026-03-09 13:48:17"}
{"level":"info","message":"Installing package - 66%","timestamp":"2026-03-09 13:48:17"}
{"level":"info","message":"Installing package - 67%","timestamp":"2026-03-09 13:48:17"}
{"level":"info","message":"Installing package - 68%","timestamp":"2026-03-09 13:48:17"}
{"level":"info","message":"Installing package - 69%","timestamp":"2026-03-09 13:48:17"}
{"level":"info","message":"Installing package - 70%","timestamp":"2026-03-09 13:48:17"}
{"level":"info","message":"Installing package - 71%","timestamp":"2026-03-09 13:48:17"}
{"level":"info","message":"Installing package - 72%","timestamp":"2026-03-09 13:48:17"}
{"level":"info","message":"Installing package - 73%","timestamp":"2026-03-09 13:48:17"}
{"level":"info","message":"Installing package - 74%","timestamp":"2026-03-09 13:48:17"}
{"level":"info","message":"Installing package - 75%","timestamp":"2026-03-09 13:48:17"}
{"level":"info","message":"Installing package - 76%","timestamp":"2026-03-09 13:48:17"}
{"level":"info","message":"Installing package - 77%","timestamp":"2026-03-09 13:48:17"}
{"level":"info","message":"Installing package - 78%","timestamp":"2026-03-09 13:48:17"}
{"level":"info","message":"Installing package - 79%","timestamp":"2026-03-09 13:48:17"}
{"level":"info","message":"Installing package - 80%","timestamp":"2026-03-09 13:48:17"}
{"level":"info","message":"Installing package - 81%","timestamp":"2026-03-09 13:48:17"}
{"level":"info","message":"Installing package - 82%","timestamp":"2026-03-09 13:48:17"}
{"level":"info","message":"Installing package - 83%","timestamp":"2026-03-09 13:48:17"}
{"level":"info","message":"Installing package - 84%","timestamp":"2026-03-09 13:48:17"}
{"level":"info","message":"Installing package - 85%","timestamp":"2026-03-09 13:48:17"}
{"level":"info","message":"Installing package - 86%","timestamp":"2026-03-09 13:48:17"}
{"level":"info","message":"Installing package - 87%","timestamp":"2026-03-09 13:48:17"}
{"level":"info","message":"Installing package - 88%","timestamp":"2026-03-09 13:48:17"}
{"level":"info","message":"Installing package - 89%","timestamp":"2026-03-09 13:48:17"}
{"level":"info","message":"Installing package - 90%","timestamp":"2026-03-09 13:48:17"}
{"level":"info","message":"Installing package - 91%","timestamp":"2026-03-09 13:48:17"}
{"level":"info","message":"Installing package - 92%","timestamp":"2026-03-09 13:48:17"}
{"level":"info","message":"Installing package - 93%","timestamp":"2026-03-09 13:48:17"}
{"level":"info","message":"Installing package - 94%","timestamp":"2026-03-09 13:48:17"}
{"level":"info","message":"Installing package - 95%","timestamp":"2026-03-09 13:48:17"}
{"level":"info","message":"Installing package - 96%","timestamp":"2026-03-09 13:48:17"}
{"level":"info","message":"Installing package - 97%","timestamp":"2026-03-09 13:48:17"}
{"level":"info","message":"Installing package - 98%","timestamp":"2026-03-09 13:48:17"}
{"level":"info","message":"Installing package - 99%","timestamp":"2026-03-09 13:48:17"}
{"level":"info","message":"Installing package - 100%","timestamp":"2026-03-09 13:48:17"}
{"level":"info","message":"Installed module daggerheart-store","timestamp":"2026-03-09 13:48:17"}
{"level":"info","message":"complete - 100%","timestamp":"2026-03-09 13:48:17"}
{"level":"info","message":"Downloading package - 0%","timestamp":"2026-03-09 13:48:27"}
{"level":"info","message":"Downloading package - 1%","timestamp":"2026-03-09 13:48:27"}
{"level":"info","message":"Downloading package - 2%","timestamp":"2026-03-09 13:48:28"}
{"level":"info","message":"Installing package - 1%","timestamp":"2026-03-09 13:48:28"}
{"level":"info","message":"Installing package - 2%","timestamp":"2026-03-09 13:48:28"}
{"level":"info","message":"Installing package - 3%","timestamp":"2026-03-09 13:48:28"}
{"level":"info","message":"Installing package - 4%","timestamp":"2026-03-09 13:48:28"}
{"level":"info","message":"Installing package - 5%","timestamp":"2026-03-09 13:48:28"}
{"level":"info","message":"Installing package - 6%","timestamp":"2026-03-09 13:48:28"}
{"level":"info","message":"Installing package - 7%","timestamp":"2026-03-09 13:48:28"}
{"level":"info","message":"Installing package - 8%","timestamp":"2026-03-09 13:48:28"}
{"level":"info","message":"Installing package - 9%","timestamp":"2026-03-09 13:48:28"}
{"level":"info","message":"Installing package - 10%","timestamp":"2026-03-09 13:48:28"}
{"level":"info","message":"Installing package - 11%","timestamp":"2026-03-09 13:48:28"}
{"level":"info","message":"Installing package - 12%","timestamp":"2026-03-09 13:48:28"}
{"level":"info","message":"Installing package - 13%","timestamp":"2026-03-09 13:48:28"}
{"level":"info","message":"Installing package - 14%","timestamp":"2026-03-09 13:48:28"}
{"level":"info","message":"Installing package - 15%","timestamp":"2026-03-09 13:48:28"}
{"level":"info","message":"Installing package - 16%","timestamp":"2026-03-09 13:48:28"}
{"level":"info","message":"Installing package - 17%","timestamp":"2026-03-09 13:48:28"}
{"level":"info","message":"Installing package - 18%","timestamp":"2026-03-09 13:48:28"}
{"level":"info","message":"Installing package - 19%","timestamp":"2026-03-09 13:48:28"}
{"level":"info","message":"Installing package - 20%","timestamp":"2026-03-09 13:48:28"}
{"level":"info","message":"Installing package - 21%","timestamp":"2026-03-09 13:48:28"}
{"level":"info","message":"Installing package - 22%","timestamp":"2026-03-09 13:48:28"}
{"level":"info","message":"Installing package - 23%","timestamp":"2026-03-09 13:48:28"}
{"level":"info","message":"Installing package - 24%","timestamp":"2026-03-09 13:48:28"}
{"level":"info","message":"Installing package - 25%","timestamp":"2026-03-09 13:48:28"}
{"level":"info","message":"Installing package - 26%","timestamp":"2026-03-09 13:48:28"}
{"level":"info","message":"Installing package - 27%","timestamp":"2026-03-09 13:48:28"}
{"level":"info","message":"Installing package - 28%","timestamp":"2026-03-09 13:48:28"}
{"level":"info","message":"Installing package - 29%","timestamp":"2026-03-09 13:48:28"}
{"level":"info","message":"Installing package - 30%","timestamp":"2026-03-09 13:48:28"}
{"level":"info","message":"Installing package - 31%","timestamp":"2026-03-09 13:48:28"}
{"level":"info","message":"Installing package - 32%","timestamp":"2026-03-09 13:48:28"}
{"level":"info","message":"Installing package - 33%","timestamp":"2026-03-09 13:48:28"}
{"level":"info","message":"Installing package - 34%","timestamp":"2026-03-09 13:48:28"}
{"level":"info","message":"Installing package - 35%","timestamp":"2026-03-09 13:48:28"}
{"level":"info","message":"Installing package - 36%","timestamp":"2026-03-09 13:48:28"}
{"level":"info","message":"Installing package - 37%","timestamp":"2026-03-09 13:48:28"}
{"level":"info","message":"Installing package - 38%","timestamp":"2026-03-09 13:48:28"}
{"level":"info","message":"Installing package - 39%","timestamp":"2026-03-09 13:48:28"}
{"level":"info","message":"Installing package - 40%","timestamp":"2026-03-09 13:48:28"}
{"level":"info","message":"Installing package - 41%","timestamp":"2026-03-09 13:48:28"}
{"level":"info","message":"Installing package - 42%","timestamp":"2026-03-09 13:48:28"}
{"level":"info","message":"Installing package - 43%","timestamp":"2026-03-09 13:48:28"}
{"level":"info","message":"Installing package - 44%","timestamp":"2026-03-09 13:48:28"}
{"level":"info","message":"Installing package - 45%","timestamp":"2026-03-09 13:48:28"}
{"level":"info","message":"Installing package - 46%","timestamp":"2026-03-09 13:48:29"}
{"level":"info","message":"Installing package - 47%","timestamp":"2026-03-09 13:48:29"}
{"level":"info","message":"Installing package - 48%","timestamp":"2026-03-09 13:48:29"}
{"level":"info","message":"Installing package - 49%","timestamp":"2026-03-09 13:48:29"}
{"level":"info","message":"Installing package - 50%","timestamp":"2026-03-09 13:48:29"}
{"level":"info","message":"Installing package - 51%","timestamp":"2026-03-09 13:48:29"}
{"level":"info","message":"Installing package - 52%","timestamp":"2026-03-09 13:48:29"}
{"level":"info","message":"Installing package - 53%","timestamp":"2026-03-09 13:48:29"}
{"level":"info","message":"Installing package - 54%","timestamp":"2026-03-09 13:48:29"}
{"level":"info","message":"Installing package - 55%","timestamp":"2026-03-09 13:48:29"}
{"level":"info","message":"Installing package - 56%","timestamp":"2026-03-09 13:48:29"}
{"level":"info","message":"Installing package - 57%","timestamp":"2026-03-09 13:48:29"}
{"level":"info","message":"Installing package - 58%","timestamp":"2026-03-09 13:48:29"}
{"level":"info","message":"Installing package - 59%","timestamp":"2026-03-09 13:48:29"}
{"level":"info","message":"Installing package - 60%","timestamp":"2026-03-09 13:48:29"}
{"level":"info","message":"Installing package - 61%","timestamp":"2026-03-09 13:48:29"}
{"level":"info","message":"Installing package - 62%","timestamp":"2026-03-09 13:48:29"}
{"level":"info","message":"Installing package - 63%","timestamp":"2026-03-09 13:48:29"}
{"level":"info","message":"Installing package - 64%","timestamp":"2026-03-09 13:48:29"}
{"level":"info","message":"Installing package - 65%","timestamp":"2026-03-09 13:48:29"}
{"level":"info","message":"Installing package - 66%","timestamp":"2026-03-09 13:48:29"}
{"level":"info","message":"Installing package - 67%","timestamp":"2026-03-09 13:48:29"}
{"level":"info","message":"Installing package - 68%","timestamp":"2026-03-09 13:48:29"}
{"level":"info","message":"Installing package - 69%","timestamp":"2026-03-09 13:48:29"}
{"level":"info","message":"Installing package - 70%","timestamp":"2026-03-09 13:48:29"}
{"level":"info","message":"Installing package - 71%","timestamp":"2026-03-09 13:48:29"}
{"level":"info","message":"Installing package - 72%","timestamp":"2026-03-09 13:48:29"}
{"level":"info","message":"Installing package - 73%","timestamp":"2026-03-09 13:48:29"}
{"level":"info","message":"Installing package - 74%","timestamp":"2026-03-09 13:48:29"}
{"level":"info","message":"Installing package - 75%","timestamp":"2026-03-09 13:48:29"}
{"level":"info","message":"Installing package - 76%","timestamp":"2026-03-09 13:48:29"}
{"level":"info","message":"Installing package - 77%","timestamp":"2026-03-09 13:48:29"}
{"level":"info","message":"Installing package - 78%","timestamp":"2026-03-09 13:48:29"}
{"level":"info","message":"Installing package - 79%","timestamp":"2026-03-09 13:48:29"}
{"level":"info","message":"Installing package - 80%","timestamp":"2026-03-09 13:48:29"}
{"level":"info","message":"Installing package - 81%","timestamp":"2026-03-09 13:48:29"}
{"level":"info","message":"Installing package - 82%","timestamp":"2026-03-09 13:48:29"}
{"level":"info","message":"Installing package - 83%","timestamp":"2026-03-09 13:48:29"}
{"level":"info","message":"Installing package - 84%","timestamp":"2026-03-09 13:48:29"}
{"level":"info","message":"Installing package - 85%","timestamp":"2026-03-09 13:48:29"}
{"level":"info","message":"Installing package - 86%","timestamp":"2026-03-09 13:48:29"}
{"level":"info","message":"Installing package - 87%","timestamp":"2026-03-09 13:48:29"}
{"level":"info","message":"Installing package - 88%","timestamp":"2026-03-09 13:48:29"}
{"level":"info","message":"Installing package - 89%","timestamp":"2026-03-09 13:48:29"}
{"level":"info","message":"Installing package - 90%","timestamp":"2026-03-09 13:48:29"}
{"level":"info","message":"Installing package - 91%","timestamp":"2026-03-09 13:48:29"}
{"level":"info","message":"Installing package - 92%","timestamp":"2026-03-09 13:48:29"}
{"level":"info","message":"Installing package - 93%","timestamp":"2026-03-09 13:48:29"}
{"level":"info","message":"Installing package - 94%","timestamp":"2026-03-09 13:48:29"}
{"level":"info","message":"Installing package - 95%","timestamp":"2026-03-09 13:48:29"}
{"level":"info","message":"Installing package - 96%","timestamp":"2026-03-09 13:48:29"}
{"level":"info","message":"Installing package - 97%","timestamp":"2026-03-09 13:48:29"}
{"level":"info","message":"Installing package - 98%","timestamp":"2026-03-09 13:48:29"}
{"level":"info","message":"Installing package - 99%","timestamp":"2026-03-09 13:48:29"}
{"level":"info","message":"Installing package - 100%","timestamp":"2026-03-09 13:48:29"}
{"level":"info","message":"Installed module daggerheart-advmanager","timestamp":"2026-03-09 13:48:29"}
{"level":"info","message":"complete - 100%","timestamp":"2026-03-09 13:48:29"}
{"level":"info","message":"Downloading package - 0%","timestamp":"2026-03-09 13:49:47"}
{"level":"info","message":"Downloading package - 1%","timestamp":"2026-03-09 13:49:47"}
{"level":"info","message":"Downloading package - 2%","timestamp":"2026-03-09 13:49:48"}
{"level":"info","message":"Installing package - 4%","timestamp":"2026-03-09 13:49:48"}
{"level":"info","message":"Installing package - 6%","timestamp":"2026-03-09 13:49:48"}
{"level":"info","message":"Installing package - 7%","timestamp":"2026-03-09 13:49:48"}
{"level":"info","message":"Installing package - 9%","timestamp":"2026-03-09 13:49:48"}
{"level":"info","message":"Installing package - 11%","timestamp":"2026-03-09 13:49:48"}
{"level":"info","message":"Installing package - 13%","timestamp":"2026-03-09 13:49:48"}
{"level":"info","message":"Installing package - 15%","timestamp":"2026-03-09 13:49:48"}
{"level":"info","message":"Installing package - 17%","timestamp":"2026-03-09 13:49:48"}
{"level":"info","message":"Installing package - 19%","timestamp":"2026-03-09 13:49:48"}
{"level":"info","message":"Installing package - 20%","timestamp":"2026-03-09 13:49:48"}
{"level":"info","message":"Installing package - 22%","timestamp":"2026-03-09 13:49:48"}
{"level":"info","message":"Installing package - 24%","timestamp":"2026-03-09 13:49:48"}
{"level":"info","message":"Installing package - 26%","timestamp":"2026-03-09 13:49:48"}
{"level":"info","message":"Installing package - 28%","timestamp":"2026-03-09 13:49:48"}
{"level":"info","message":"Installing package - 30%","timestamp":"2026-03-09 13:49:48"}
{"level":"info","message":"Installing package - 31%","timestamp":"2026-03-09 13:49:48"}
{"level":"info","message":"Installing package - 33%","timestamp":"2026-03-09 13:49:48"}
{"level":"info","message":"Installing package - 35%","timestamp":"2026-03-09 13:49:48"}
{"level":"info","message":"Installing package - 37%","timestamp":"2026-03-09 13:49:48"}
{"level":"info","message":"Installing package - 39%","timestamp":"2026-03-09 13:49:48"}
{"level":"info","message":"Installing package - 41%","timestamp":"2026-03-09 13:49:48"}
{"level":"info","message":"Installing package - 43%","timestamp":"2026-03-09 13:49:48"}
{"level":"info","message":"Installing package - 44%","timestamp":"2026-03-09 13:49:48"}
{"level":"info","message":"Installing package - 46%","timestamp":"2026-03-09 13:49:48"}
{"level":"info","message":"Installing package - 48%","timestamp":"2026-03-09 13:49:48"}
{"level":"info","message":"Installing package - 50%","timestamp":"2026-03-09 13:49:48"}
{"level":"info","message":"Installing package - 52%","timestamp":"2026-03-09 13:49:48"}
{"level":"info","message":"Installing package - 54%","timestamp":"2026-03-09 13:49:48"}
{"level":"info","message":"Installing package - 56%","timestamp":"2026-03-09 13:49:48"}
{"level":"info","message":"Installing package - 57%","timestamp":"2026-03-09 13:49:48"}
{"level":"info","message":"Installing package - 59%","timestamp":"2026-03-09 13:49:48"}
{"level":"info","message":"Installing package - 61%","timestamp":"2026-03-09 13:49:48"}
{"level":"info","message":"Installing package - 63%","timestamp":"2026-03-09 13:49:48"}
{"level":"info","message":"Installing package - 65%","timestamp":"2026-03-09 13:49:48"}
{"level":"info","message":"Installing package - 67%","timestamp":"2026-03-09 13:49:48"}
{"level":"info","message":"Installing package - 69%","timestamp":"2026-03-09 13:49:48"}
{"level":"info","message":"Installing package - 70%","timestamp":"2026-03-09 13:49:48"}
{"level":"info","message":"Installing package - 72%","timestamp":"2026-03-09 13:49:48"}
{"level":"info","message":"Installing package - 74%","timestamp":"2026-03-09 13:49:48"}
{"level":"info","message":"Installing package - 76%","timestamp":"2026-03-09 13:49:48"}
{"level":"info","message":"Installing package - 78%","timestamp":"2026-03-09 13:49:48"}
{"level":"info","message":"Installing package - 80%","timestamp":"2026-03-09 13:49:48"}
{"level":"info","message":"Installing package - 81%","timestamp":"2026-03-09 13:49:48"}
{"level":"info","message":"Installing package - 83%","timestamp":"2026-03-09 13:49:48"}
{"level":"info","message":"Installing package - 85%","timestamp":"2026-03-09 13:49:48"}
{"level":"info","message":"Installing package - 87%","timestamp":"2026-03-09 13:49:48"}
{"level":"info","message":"Installing package - 89%","timestamp":"2026-03-09 13:49:48"}
{"level":"info","message":"Installing package - 91%","timestamp":"2026-03-09 13:49:48"}
{"level":"info","message":"Installing package - 93%","timestamp":"2026-03-09 13:49:48"}
{"level":"info","message":"Installing package - 94%","timestamp":"2026-03-09 13:49:48"}
{"level":"info","message":"Installing package - 96%","timestamp":"2026-03-09 13:49:48"}
{"level":"info","message":"Installing package - 98%","timestamp":"2026-03-09 13:49:48"}
{"level":"info","message":"Installing package - 100%","timestamp":"2026-03-09 13:49:48"}
{"level":"info","message":"Installed module daggerheart-quickrules","timestamp":"2026-03-09 13:49:48"}
{"level":"info","message":"complete - 100%","timestamp":"2026-03-09 13:49:48"}
{"level":"info","message":"Downloading package - 8%","timestamp":"2026-03-09 13:50:44"}
{"level":"info","message":"Downloading package - 16%","timestamp":"2026-03-09 13:50:44"}
{"level":"info","message":"Downloading package - 24%","timestamp":"2026-03-09 13:50:44"}
{"level":"info","message":"Downloading package - 32%","timestamp":"2026-03-09 13:50:44"}
{"level":"info","message":"Downloading package - 41%","timestamp":"2026-03-09 13:50:44"}
{"level":"info","message":"Downloading package - 49%","timestamp":"2026-03-09 13:50:44"}
{"level":"info","message":"Downloading package - 57%","timestamp":"2026-03-09 13:50:44"}
{"level":"info","message":"Downloading package - 65%","timestamp":"2026-03-09 13:50:44"}
{"level":"info","message":"Downloading package - 74%","timestamp":"2026-03-09 13:50:44"}
{"level":"info","message":"Downloading package - 82%","timestamp":"2026-03-09 13:50:44"}
{"level":"info","message":"Downloading package - 90%","timestamp":"2026-03-09 13:50:45"}
{"level":"info","message":"Downloading package - 98%","timestamp":"2026-03-09 13:50:45"}
{"level":"info","message":"Downloading package - 100%","timestamp":"2026-03-09 13:50:45"}
{"level":"info","message":"Installing package - 1%","timestamp":"2026-03-09 13:50:45"}
{"level":"info","message":"Installing package - 2%","timestamp":"2026-03-09 13:50:45"}
{"level":"info","message":"Installing package - 3%","timestamp":"2026-03-09 13:50:45"}
{"level":"info","message":"Installing package - 4%","timestamp":"2026-03-09 13:50:45"}
{"level":"info","message":"Installing package - 5%","timestamp":"2026-03-09 13:50:45"}
{"level":"info","message":"Installing package - 6%","timestamp":"2026-03-09 13:50:45"}
{"level":"info","message":"Installing package - 7%","timestamp":"2026-03-09 13:50:45"}
{"level":"info","message":"Installing package - 8%","timestamp":"2026-03-09 13:50:45"}
{"level":"info","message":"Installing package - 9%","timestamp":"2026-03-09 13:50:45"}
{"level":"info","message":"Installing package - 10%","timestamp":"2026-03-09 13:50:45"}
{"level":"info","message":"Installing package - 11%","timestamp":"2026-03-09 13:50:45"}
{"level":"info","message":"Installing package - 12%","timestamp":"2026-03-09 13:50:45"}
{"level":"info","message":"Installing package - 13%","timestamp":"2026-03-09 13:50:45"}
{"level":"info","message":"Installing package - 14%","timestamp":"2026-03-09 13:50:45"}
{"level":"info","message":"Installing package - 15%","timestamp":"2026-03-09 13:50:45"}
{"level":"info","message":"Installing package - 16%","timestamp":"2026-03-09 13:50:45"}
{"level":"info","message":"Installing package - 17%","timestamp":"2026-03-09 13:50:45"}
{"level":"info","message":"Installing package - 18%","timestamp":"2026-03-09 13:50:45"}
{"level":"info","message":"Installing package - 19%","timestamp":"2026-03-09 13:50:45"}
{"level":"info","message":"Installing package - 20%","timestamp":"2026-03-09 13:50:45"}
{"level":"info","message":"Installing package - 21%","timestamp":"2026-03-09 13:50:45"}
{"level":"info","message":"Installing package - 22%","timestamp":"2026-03-09 13:50:45"}
{"level":"info","message":"Installing package - 23%","timestamp":"2026-03-09 13:50:45"}
{"level":"info","message":"Installing package - 24%","timestamp":"2026-03-09 13:50:45"}
{"level":"info","message":"Installing package - 25%","timestamp":"2026-03-09 13:50:45"}
{"level":"info","message":"Installing package - 26%","timestamp":"2026-03-09 13:50:45"}
{"level":"info","message":"Installing package - 27%","timestamp":"2026-03-09 13:50:45"}
{"level":"info","message":"Installing package - 28%","timestamp":"2026-03-09 13:50:45"}
{"level":"info","message":"Installing package - 29%","timestamp":"2026-03-09 13:50:45"}
{"level":"info","message":"Installing package - 30%","timestamp":"2026-03-09 13:50:45"}
{"level":"info","message":"Installing package - 31%","timestamp":"2026-03-09 13:50:45"}
{"level":"info","message":"Installing package - 32%","timestamp":"2026-03-09 13:50:45"}
{"level":"info","message":"Installing package - 33%","timestamp":"2026-03-09 13:50:45"}
{"level":"info","message":"Installing package - 34%","timestamp":"2026-03-09 13:50:45"}
{"level":"info","message":"Installing package - 35%","timestamp":"2026-03-09 13:50:45"}
{"level":"info","message":"Installing package - 36%","timestamp":"2026-03-09 13:50:45"}
{"level":"info","message":"Installing package - 37%","timestamp":"2026-03-09 13:50:45"}
{"level":"info","message":"Installing package - 38%","timestamp":"2026-03-09 13:50:45"}
{"level":"info","message":"Installing package - 39%","timestamp":"2026-03-09 13:50:45"}
{"level":"info","message":"Installing package - 40%","timestamp":"2026-03-09 13:50:45"}
{"level":"info","message":"Installing package - 41%","timestamp":"2026-03-09 13:50:45"}
{"level":"info","message":"Installing package - 42%","timestamp":"2026-03-09 13:50:45"}
{"level":"info","message":"Installing package - 43%","timestamp":"2026-03-09 13:50:45"}
{"level":"info","message":"Installing package - 44%","timestamp":"2026-03-09 13:50:45"}
{"level":"info","message":"Installing package - 45%","timestamp":"2026-03-09 13:50:45"}
{"level":"info","message":"Installing package - 46%","timestamp":"2026-03-09 13:50:45"}
{"level":"info","message":"Installing package - 47%","timestamp":"2026-03-09 13:50:45"}
{"level":"info","message":"Installing package - 48%","timestamp":"2026-03-09 13:50:45"}
{"level":"info","message":"Installing package - 49%","timestamp":"2026-03-09 13:50:45"}
{"level":"info","message":"Installing package - 50%","timestamp":"2026-03-09 13:50:45"}
{"level":"info","message":"Installing package - 51%","timestamp":"2026-03-09 13:50:45"}
{"level":"info","message":"Installing package - 52%","timestamp":"2026-03-09 13:50:45"}
{"level":"info","message":"Installing package - 53%","timestamp":"2026-03-09 13:50:45"}
{"level":"info","message":"Installing package - 54%","timestamp":"2026-03-09 13:50:45"}
{"level":"info","message":"Installing package - 55%","timestamp":"2026-03-09 13:50:45"}
{"level":"info","message":"Installing package - 56%","timestamp":"2026-03-09 13:50:45"}
{"level":"info","message":"Installing package - 57%","timestamp":"2026-03-09 13:50:45"}
{"level":"info","message":"Installing package - 58%","timestamp":"2026-03-09 13:50:45"}
{"level":"info","message":"Installing package - 59%","timestamp":"2026-03-09 13:50:45"}
{"level":"info","message":"Installing package - 60%","timestamp":"2026-03-09 13:50:45"}
{"level":"info","message":"Installing package - 61%","timestamp":"2026-03-09 13:50:45"}
{"level":"info","message":"Installing package - 62%","timestamp":"2026-03-09 13:50:45"}
{"level":"info","message":"Installing package - 63%","timestamp":"2026-03-09 13:50:45"}
{"level":"info","message":"Installing package - 64%","timestamp":"2026-03-09 13:50:45"}
{"level":"info","message":"Installing package - 65%","timestamp":"2026-03-09 13:50:45"}
{"level":"info","message":"Installing package - 66%","timestamp":"2026-03-09 13:50:45"}
{"level":"info","message":"Installing package - 67%","timestamp":"2026-03-09 13:50:45"}
{"level":"info","message":"Installing package - 68%","timestamp":"2026-03-09 13:50:45"}
{"level":"info","message":"Installing package - 69%","timestamp":"2026-03-09 13:50:45"}
{"level":"info","message":"Installing package - 70%","timestamp":"2026-03-09 13:50:45"}
{"level":"info","message":"Installing package - 71%","timestamp":"2026-03-09 13:50:45"}
{"level":"info","message":"Installing package - 72%","timestamp":"2026-03-09 13:50:45"}
{"level":"info","message":"Installing package - 73%","timestamp":"2026-03-09 13:50:45"}
{"level":"info","message":"Installing package - 74%","timestamp":"2026-03-09 13:50:45"}
{"level":"info","message":"Installing package - 75%","timestamp":"2026-03-09 13:50:45"}
{"level":"info","message":"Installing package - 76%","timestamp":"2026-03-09 13:50:45"}
{"level":"info","message":"Installing package - 77%","timestamp":"2026-03-09 13:50:45"}
{"level":"info","message":"Installing package - 78%","timestamp":"2026-03-09 13:50:45"}
{"level":"info","message":"Installing package - 79%","timestamp":"2026-03-09 13:50:45"}
{"level":"info","message":"Installing package - 80%","timestamp":"2026-03-09 13:50:45"}
{"level":"info","message":"Installing package - 81%","timestamp":"2026-03-09 13:50:45"}
{"level":"info","message":"Installing package - 82%","timestamp":"2026-03-09 13:50:45"}
{"level":"info","message":"Installing package - 83%","timestamp":"2026-03-09 13:50:45"}
{"level":"info","message":"Installing package - 84%","timestamp":"2026-03-09 13:50:45"}
{"level":"info","message":"Installing package - 85%","timestamp":"2026-03-09 13:50:45"}
{"level":"info","message":"Installing package - 86%","timestamp":"2026-03-09 13:50:45"}
{"level":"info","message":"Installing package - 87%","timestamp":"2026-03-09 13:50:45"}
{"level":"info","message":"Installing package - 88%","timestamp":"2026-03-09 13:50:45"}
{"level":"info","message":"Installing package - 89%","timestamp":"2026-03-09 13:50:45"}
{"level":"info","message":"Installing package - 90%","timestamp":"2026-03-09 13:50:45"}
{"level":"info","message":"Installing package - 91%","timestamp":"2026-03-09 13:50:45"}
{"level":"info","message":"Installing package - 92%","timestamp":"2026-03-09 13:50:45"}
{"level":"info","message":"Installing package - 93%","timestamp":"2026-03-09 13:50:45"}
{"level":"info","message":"Installing package - 94%","timestamp":"2026-03-09 13:50:45"}
{"level":"info","message":"Installing package - 95%","timestamp":"2026-03-09 13:50:45"}
{"level":"info","message":"Installing package - 96%","timestamp":"2026-03-09 13:50:45"}
{"level":"info","message":"Installing package - 97%","timestamp":"2026-03-09 13:50:45"}
{"level":"info","message":"Installing package - 98%","timestamp":"2026-03-09 13:50:45"}
{"level":"info","message":"Installing package - 99%","timestamp":"2026-03-09 13:50:45"}
{"level":"info","message":"Installing package - 100%","timestamp":"2026-03-09 13:50:45"}
{"level":"info","message":"Installed module dh-stream-overlay","timestamp":"2026-03-09 13:50:45"}
{"level":"info","message":"complete - 100%","timestamp":"2026-03-09 13:50:45"}
{"level":"info","message":"Downloading package - 10%","timestamp":"2026-03-09 13:51:10"}
{"level":"info","message":"Downloading package - 20%","timestamp":"2026-03-09 13:51:10"}
{"level":"info","message":"Downloading package - 30%","timestamp":"2026-03-09 13:51:10"}
{"level":"info","message":"Downloading package - 40%","timestamp":"2026-03-09 13:51:10"}
{"level":"info","message":"Downloading package - 50%","timestamp":"2026-03-09 13:51:10"}
{"level":"info","message":"Downloading package - 61%","timestamp":"2026-03-09 13:51:10"}
{"level":"info","message":"Downloading package - 71%","timestamp":"2026-03-09 13:51:10"}
{"level":"info","message":"Downloading package - 81%","timestamp":"2026-03-09 13:51:10"}
{"level":"info","message":"Downloading package - 91%","timestamp":"2026-03-09 13:51:10"}
{"level":"info","message":"Downloading package - 100%","timestamp":"2026-03-09 13:51:10"}
{"level":"info","message":"Installing package - 1%","timestamp":"2026-03-09 13:51:10"}
{"level":"info","message":"Installing package - 2%","timestamp":"2026-03-09 13:51:10"}
{"level":"info","message":"Installing package - 3%","timestamp":"2026-03-09 13:51:10"}
{"level":"info","message":"Installing package - 4%","timestamp":"2026-03-09 13:51:10"}
{"level":"info","message":"Installing package - 5%","timestamp":"2026-03-09 13:51:10"}
{"level":"info","message":"Installing package - 6%","timestamp":"2026-03-09 13:51:10"}
{"level":"info","message":"Installing package - 7%","timestamp":"2026-03-09 13:51:10"}
{"level":"info","message":"Installing package - 8%","timestamp":"2026-03-09 13:51:10"}
{"level":"info","message":"Installing package - 9%","timestamp":"2026-03-09 13:51:10"}
{"level":"info","message":"Installing package - 10%","timestamp":"2026-03-09 13:51:10"}
{"level":"info","message":"Installing package - 11%","timestamp":"2026-03-09 13:51:10"}
{"level":"info","message":"Installing package - 12%","timestamp":"2026-03-09 13:51:10"}
{"level":"info","message":"Installing package - 13%","timestamp":"2026-03-09 13:51:10"}
{"level":"info","message":"Installing package - 14%","timestamp":"2026-03-09 13:51:11"}
{"level":"info","message":"Installing package - 15%","timestamp":"2026-03-09 13:51:11"}
{"level":"info","message":"Installing package - 16%","timestamp":"2026-03-09 13:51:11"}
{"level":"info","message":"Installing package - 17%","timestamp":"2026-03-09 13:51:11"}
{"level":"info","message":"Installing package - 18%","timestamp":"2026-03-09 13:51:11"}
{"level":"info","message":"Installing package - 19%","timestamp":"2026-03-09 13:51:11"}
{"level":"info","message":"Installing package - 20%","timestamp":"2026-03-09 13:51:11"}
{"level":"info","message":"Installing package - 21%","timestamp":"2026-03-09 13:51:11"}
{"level":"info","message":"Installing package - 22%","timestamp":"2026-03-09 13:51:11"}
{"level":"info","message":"Installing package - 23%","timestamp":"2026-03-09 13:51:11"}
{"level":"info","message":"Installing package - 24%","timestamp":"2026-03-09 13:51:11"}
{"level":"info","message":"Installing package - 25%","timestamp":"2026-03-09 13:51:11"}
{"level":"info","message":"Installing package - 26%","timestamp":"2026-03-09 13:51:11"}
{"level":"info","message":"Installing package - 27%","timestamp":"2026-03-09 13:51:11"}
{"level":"info","message":"Installing package - 28%","timestamp":"2026-03-09 13:51:11"}
{"level":"info","message":"Installing package - 29%","timestamp":"2026-03-09 13:51:11"}
{"level":"info","message":"Installing package - 30%","timestamp":"2026-03-09 13:51:11"}
{"level":"info","message":"Installing package - 31%","timestamp":"2026-03-09 13:51:11"}
{"level":"info","message":"Installing package - 32%","timestamp":"2026-03-09 13:51:11"}
{"level":"info","message":"Installing package - 33%","timestamp":"2026-03-09 13:51:11"}
{"level":"info","message":"Installing package - 34%","timestamp":"2026-03-09 13:51:11"}
{"level":"info","message":"Installing package - 35%","timestamp":"2026-03-09 13:51:11"}
{"level":"info","message":"Installing package - 36%","timestamp":"2026-03-09 13:51:11"}
{"level":"info","message":"Installing package - 37%","timestamp":"2026-03-09 13:51:11"}
{"level":"info","message":"Installing package - 38%","timestamp":"2026-03-09 13:51:11"}
{"level":"info","message":"Installing package - 39%","timestamp":"2026-03-09 13:51:11"}
{"level":"info","message":"Installing package - 40%","timestamp":"2026-03-09 13:51:11"}
{"level":"info","message":"Installing package - 41%","timestamp":"2026-03-09 13:51:11"}
{"level":"info","message":"Installing package - 42%","timestamp":"2026-03-09 13:51:11"}
{"level":"info","message":"Installing package - 43%","timestamp":"2026-03-09 13:51:11"}
{"level":"info","message":"Installing package - 44%","timestamp":"2026-03-09 13:51:11"}
{"level":"info","message":"Installing package - 45%","timestamp":"2026-03-09 13:51:11"}
{"level":"info","message":"Installing package - 46%","timestamp":"2026-03-09 13:51:11"}
{"level":"info","message":"Installing package - 47%","timestamp":"2026-03-09 13:51:11"}
{"level":"info","message":"Installing package - 48%","timestamp":"2026-03-09 13:51:11"}
{"level":"info","message":"Installing package - 49%","timestamp":"2026-03-09 13:51:11"}
{"level":"info","message":"Installing package - 50%","timestamp":"2026-03-09 13:51:11"}
{"level":"info","message":"Installing package - 51%","timestamp":"2026-03-09 13:51:11"}
{"level":"info","message":"Installing package - 52%","timestamp":"2026-03-09 13:51:11"}
{"level":"info","message":"Installing package - 53%","timestamp":"2026-03-09 13:51:11"}
{"level":"info","message":"Installing package - 54%","timestamp":"2026-03-09 13:51:11"}
{"level":"info","message":"Installing package - 55%","timestamp":"2026-03-09 13:51:11"}
{"level":"info","message":"Installing package - 56%","timestamp":"2026-03-09 13:51:11"}
{"level":"info","message":"Installing package - 57%","timestamp":"2026-03-09 13:51:11"}
{"level":"info","message":"Installing package - 58%","timestamp":"2026-03-09 13:51:11"}
{"level":"info","message":"Installing package - 59%","timestamp":"2026-03-09 13:51:11"}
{"level":"info","message":"Installing package - 60%","timestamp":"2026-03-09 13:51:11"}
{"level":"info","message":"Installing package - 61%","timestamp":"2026-03-09 13:51:11"}
{"level":"info","message":"Installing package - 62%","timestamp":"2026-03-09 13:51:11"}
{"level":"info","message":"Installing package - 63%","timestamp":"2026-03-09 13:51:11"}
{"level":"info","message":"Installing package - 64%","timestamp":"2026-03-09 13:51:11"}
{"level":"info","message":"Installing package - 65%","timestamp":"2026-03-09 13:51:11"}
{"level":"info","message":"Installing package - 66%","timestamp":"2026-03-09 13:51:11"}
{"level":"info","message":"Installing package - 67%","timestamp":"2026-03-09 13:51:11"}
{"level":"info","message":"Installing package - 68%","timestamp":"2026-03-09 13:51:11"}
{"level":"info","message":"Installing package - 69%","timestamp":"2026-03-09 13:51:11"}
{"level":"info","message":"Installing package - 70%","timestamp":"2026-03-09 13:51:11"}
{"level":"info","message":"Installing package - 71%","timestamp":"2026-03-09 13:51:11"}
{"level":"info","message":"Installing package - 72%","timestamp":"2026-03-09 13:51:11"}
{"level":"info","message":"Installing package - 73%","timestamp":"2026-03-09 13:51:11"}
{"level":"info","message":"Installing package - 74%","timestamp":"2026-03-09 13:51:11"}
{"level":"info","message":"Installing package - 75%","timestamp":"2026-03-09 13:51:11"}
{"level":"info","message":"Installing package - 76%","timestamp":"2026-03-09 13:51:11"}
{"level":"info","message":"Installing package - 77%","timestamp":"2026-03-09 13:51:11"}
{"level":"info","message":"Installing package - 78%","timestamp":"2026-03-09 13:51:11"}
{"level":"info","message":"Installing package - 79%","timestamp":"2026-03-09 13:51:11"}
{"level":"info","message":"Installing package - 80%","timestamp":"2026-03-09 13:51:11"}
{"level":"info","message":"Installing package - 81%","timestamp":"2026-03-09 13:51:11"}
{"level":"info","message":"Installing package - 82%","timestamp":"2026-03-09 13:51:11"}
{"level":"info","message":"Installing package - 83%","timestamp":"2026-03-09 13:51:11"}
{"level":"info","message":"Installing package - 84%","timestamp":"2026-03-09 13:51:11"}
{"level":"info","message":"Installing package - 85%","timestamp":"2026-03-09 13:51:11"}
{"level":"info","message":"Installing package - 86%","timestamp":"2026-03-09 13:51:11"}
{"level":"info","message":"Installing package - 87%","timestamp":"2026-03-09 13:51:11"}
{"level":"info","message":"Installing package - 88%","timestamp":"2026-03-09 13:51:11"}
{"level":"info","message":"Installing package - 89%","timestamp":"2026-03-09 13:51:11"}
{"level":"info","message":"Installing package - 90%","timestamp":"2026-03-09 13:51:11"}
{"level":"info","message":"Installing package - 91%","timestamp":"2026-03-09 13:51:11"}
{"level":"info","message":"Installing package - 92%","timestamp":"2026-03-09 13:51:11"}
{"level":"info","message":"Installing package - 93%","timestamp":"2026-03-09 13:51:11"}
{"level":"info","message":"Installing package - 94%","timestamp":"2026-03-09 13:51:11"}
{"level":"info","message":"Installing package - 95%","timestamp":"2026-03-09 13:51:11"}
{"level":"info","message":"Installing package - 96%","timestamp":"2026-03-09 13:51:11"}
{"level":"info","message":"Installing package - 97%","timestamp":"2026-03-09 13:51:11"}
{"level":"info","message":"Installing package - 98%","timestamp":"2026-03-09 13:51:11"}
{"level":"info","message":"Installing package - 99%","timestamp":"2026-03-09 13:51:11"}
{"level":"info","message":"Installing package - 100%","timestamp":"2026-03-09 13:51:11"}
{"level":"info","message":"Installed module dh-importer","timestamp":"2026-03-09 13:51:11"}
{"level":"info","message":"complete - 100%","timestamp":"2026-03-09 13:51:11"}
{"level":"info","message":"Downloading package - 2%","timestamp":"2026-03-09 13:51:29"}
{"level":"info","message":"Downloading package - 5%","timestamp":"2026-03-09 13:51:29"}
{"level":"info","message":"Downloading package - 7%","timestamp":"2026-03-09 13:51:29"}
{"level":"info","message":"Downloading package - 10%","timestamp":"2026-03-09 13:51:29"}
{"level":"info","message":"Downloading package - 12%","timestamp":"2026-03-09 13:51:29"}
{"level":"info","message":"Downloading package - 15%","timestamp":"2026-03-09 13:51:29"}
{"level":"info","message":"Downloading package - 17%","timestamp":"2026-03-09 13:51:29"}
{"level":"info","message":"Downloading package - 20%","timestamp":"2026-03-09 13:51:29"}
{"level":"info","message":"Downloading package - 22%","timestamp":"2026-03-09 13:51:29"}
{"level":"info","message":"Downloading package - 25%","timestamp":"2026-03-09 13:51:29"}
{"level":"info","message":"Downloading package - 27%","timestamp":"2026-03-09 13:51:29"}
{"level":"info","message":"Downloading package - 28%","timestamp":"2026-03-09 13:51:29"}
{"level":"info","message":"Downloading package - 31%","timestamp":"2026-03-09 13:51:29"}
{"level":"info","message":"Downloading package - 33%","timestamp":"2026-03-09 13:51:29"}
{"level":"info","message":"Downloading package - 36%","timestamp":"2026-03-09 13:51:29"}
{"level":"info","message":"Downloading package - 38%","timestamp":"2026-03-09 13:51:29"}
{"level":"info","message":"Downloading package - 41%","timestamp":"2026-03-09 13:51:29"}
{"level":"info","message":"Downloading package - 43%","timestamp":"2026-03-09 13:51:29"}
{"level":"info","message":"Downloading package - 46%","timestamp":"2026-03-09 13:51:29"}
{"level":"info","message":"Downloading package - 48%","timestamp":"2026-03-09 13:51:29"}
{"level":"info","message":"Downloading package - 51%","timestamp":"2026-03-09 13:51:29"}
{"level":"info","message":"Downloading package - 53%","timestamp":"2026-03-09 13:51:29"}
{"level":"info","message":"Downloading package - 56%","timestamp":"2026-03-09 13:51:29"}
{"level":"info","message":"Downloading package - 58%","timestamp":"2026-03-09 13:51:29"}
{"level":"info","message":"Downloading package - 60%","timestamp":"2026-03-09 13:51:29"}
{"level":"info","message":"Downloading package - 63%","timestamp":"2026-03-09 13:51:29"}
{"level":"info","message":"Downloading package - 65%","timestamp":"2026-03-09 13:51:29"}
{"level":"info","message":"Downloading package - 68%","timestamp":"2026-03-09 13:51:29"}
{"level":"info","message":"Downloading package - 70%","timestamp":"2026-03-09 13:51:29"}
{"level":"info","message":"Downloading package - 73%","timestamp":"2026-03-09 13:51:29"}
{"level":"info","message":"Downloading package - 75%","timestamp":"2026-03-09 13:51:29"}
{"level":"info","message":"Downloading package - 78%","timestamp":"2026-03-09 13:51:29"}
{"level":"info","message":"Downloading package - 80%","timestamp":"2026-03-09 13:51:29"}
{"level":"info","message":"Downloading package - 83%","timestamp":"2026-03-09 13:51:29"}
{"level":"info","message":"Downloading package - 85%","timestamp":"2026-03-09 13:51:29"}
{"level":"info","message":"Downloading package - 88%","timestamp":"2026-03-09 13:51:29"}
{"level":"info","message":"Downloading package - 90%","timestamp":"2026-03-09 13:51:29"}
{"level":"info","message":"Downloading package - 93%","timestamp":"2026-03-09 13:51:29"}
{"level":"info","message":"Downloading package - 95%","timestamp":"2026-03-09 13:51:29"}
{"level":"info","message":"Downloading package - 98%","timestamp":"2026-03-09 13:51:29"}
{"level":"info","message":"Downloading package - 100%","timestamp":"2026-03-09 13:51:29"}
{"level":"info","message":"Installing package - 4%","timestamp":"2026-03-09 13:51:29"}
{"level":"info","message":"Installing package - 7%","timestamp":"2026-03-09 13:51:29"}
{"level":"info","message":"Installing package - 11%","timestamp":"2026-03-09 13:51:29"}
{"level":"info","message":"Installing package - 15%","timestamp":"2026-03-09 13:51:29"}
{"level":"info","message":"Installing package - 19%","timestamp":"2026-03-09 13:51:29"}
{"level":"info","message":"Installing package - 22%","timestamp":"2026-03-09 13:51:29"}
{"level":"info","message":"Installing package - 26%","timestamp":"2026-03-09 13:51:29"}
{"level":"info","message":"Installing package - 30%","timestamp":"2026-03-09 13:51:29"}
{"level":"info","message":"Installing package - 33%","timestamp":"2026-03-09 13:51:29"}
{"level":"info","message":"Installing package - 37%","timestamp":"2026-03-09 13:51:29"}
{"level":"info","message":"Installing package - 41%","timestamp":"2026-03-09 13:51:29"}
{"level":"info","message":"Installing package - 44%","timestamp":"2026-03-09 13:51:29"}
{"level":"info","message":"Installing package - 48%","timestamp":"2026-03-09 13:51:29"}
{"level":"info","message":"Installing package - 52%","timestamp":"2026-03-09 13:51:29"}
{"level":"info","message":"Installing package - 56%","timestamp":"2026-03-09 13:51:29"}
{"level":"info","message":"Installing package - 59%","timestamp":"2026-03-09 13:51:29"}
{"level":"info","message":"Installing package - 63%","timestamp":"2026-03-09 13:51:29"}
{"level":"info","message":"Installing package - 67%","timestamp":"2026-03-09 13:51:29"}
{"level":"info","message":"Installing package - 70%","timestamp":"2026-03-09 13:51:29"}
{"level":"info","message":"Installing package - 74%","timestamp":"2026-03-09 13:51:29"}
{"level":"info","message":"Installing package - 78%","timestamp":"2026-03-09 13:51:29"}
{"level":"info","message":"Installing package - 81%","timestamp":"2026-03-09 13:51:29"}
{"level":"info","message":"Installing package - 85%","timestamp":"2026-03-09 13:51:29"}
{"level":"info","message":"Installing package - 89%","timestamp":"2026-03-09 13:51:29"}
{"level":"info","message":"Installing package - 93%","timestamp":"2026-03-09 13:51:29"}
{"level":"info","message":"Installing package - 96%","timestamp":"2026-03-09 13:51:29"}
{"level":"info","message":"Installing package - 100%","timestamp":"2026-03-09 13:51:29"}
{"level":"info","message":"Installed module daggerheart-hud","timestamp":"2026-03-09 13:51:29"}
{"level":"info","message":"complete - 100%","timestamp":"2026-03-09 13:51:29"}
{"level":"info","message":"Downloading package - 0%","timestamp":"2026-03-09 13:51:37"}
{"level":"info","message":"Downloading package - 1%","timestamp":"2026-03-09 13:51:37"}
{"level":"info","message":"Downloading package - 2%","timestamp":"2026-03-09 13:51:37"}
{"level":"info","message":"Downloading package - 3%","timestamp":"2026-03-09 13:51:37"}
{"level":"info","message":"Downloading package - 4%","timestamp":"2026-03-09 13:51:37"}
{"level":"info","message":"Downloading package - 5%","timestamp":"2026-03-09 13:51:37"}
{"level":"info","message":"Downloading package - 6%","timestamp":"2026-03-09 13:51:37"}
{"level":"info","message":"Downloading package - 7%","timestamp":"2026-03-09 13:51:37"}
{"level":"info","message":"Downloading package - 8%","timestamp":"2026-03-09 13:51:37"}
{"level":"info","message":"Downloading package - 9%","timestamp":"2026-03-09 13:51:37"}
{"level":"info","message":"Downloading package - 10%","timestamp":"2026-03-09 13:51:37"}
{"level":"info","message":"Downloading package - 11%","timestamp":"2026-03-09 13:51:37"}
{"level":"info","message":"Downloading package - 12%","timestamp":"2026-03-09 13:51:37"}
{"level":"info","message":"Downloading package - 13%","timestamp":"2026-03-09 13:51:37"}
{"level":"info","message":"Downloading package - 14%","timestamp":"2026-03-09 13:51:37"}
{"level":"info","message":"Downloading package - 15%","timestamp":"2026-03-09 13:51:37"}
{"level":"info","message":"Downloading package - 16%","timestamp":"2026-03-09 13:51:37"}
{"level":"info","message":"Downloading package - 17%","timestamp":"2026-03-09 13:51:37"}
{"level":"info","message":"Downloading package - 18%","timestamp":"2026-03-09 13:51:37"}
{"level":"info","message":"Downloading package - 19%","timestamp":"2026-03-09 13:51:37"}
{"level":"info","message":"Downloading package - 20%","timestamp":"2026-03-09 13:51:37"}
{"level":"info","message":"Downloading package - 25%","timestamp":"2026-03-09 13:51:37"}
{"level":"info","message":"Downloading package - 30%","timestamp":"2026-03-09 13:51:37"}
{"level":"info","message":"Downloading package - 35%","timestamp":"2026-03-09 13:51:37"}
{"level":"info","message":"Downloading package - 40%","timestamp":"2026-03-09 13:51:37"}
{"level":"info","message":"Downloading package - 45%","timestamp":"2026-03-09 13:51:37"}
{"level":"info","message":"Downloading package - 51%","timestamp":"2026-03-09 13:51:37"}
{"level":"info","message":"Downloading package - 56%","timestamp":"2026-03-09 13:51:37"}
{"level":"info","message":"Downloading package - 61%","timestamp":"2026-03-09 13:51:37"}
{"level":"info","message":"Downloading package - 66%","timestamp":"2026-03-09 13:51:37"}
{"level":"info","message":"Downloading package - 71%","timestamp":"2026-03-09 13:51:37"}
{"level":"info","message":"Downloading package - 77%","timestamp":"2026-03-09 13:51:37"}
{"level":"info","message":"Downloading package - 82%","timestamp":"2026-03-09 13:51:37"}
{"level":"info","message":"Downloading package - 87%","timestamp":"2026-03-09 13:51:37"}
{"level":"info","message":"Downloading package - 92%","timestamp":"2026-03-09 13:51:37"}
{"level":"info","message":"Downloading package - 97%","timestamp":"2026-03-09 13:51:37"}
{"level":"info","message":"Downloading package - 100%","timestamp":"2026-03-09 13:51:37"}
{"level":"info","message":"Installing package - 4%","timestamp":"2026-03-09 13:51:37"}
{"level":"info","message":"Installing package - 9%","timestamp":"2026-03-09 13:51:37"}
{"level":"info","message":"Installing package - 13%","timestamp":"2026-03-09 13:51:37"}
{"level":"info","message":"Installing package - 17%","timestamp":"2026-03-09 13:51:37"}
{"level":"info","message":"Installing package - 22%","timestamp":"2026-03-09 13:51:37"}
{"level":"info","message":"Installing package - 26%","timestamp":"2026-03-09 13:51:37"}
{"level":"info","message":"Installing package - 30%","timestamp":"2026-03-09 13:51:37"}
{"level":"info","message":"Installing package - 35%","timestamp":"2026-03-09 13:51:37"}
{"level":"info","message":"Installing package - 39%","timestamp":"2026-03-09 13:51:37"}
{"level":"info","message":"Installing package - 43%","timestamp":"2026-03-09 13:51:37"}
{"level":"info","message":"Installing package - 48%","timestamp":"2026-03-09 13:51:37"}
{"level":"info","message":"Installing package - 52%","timestamp":"2026-03-09 13:51:37"}
{"level":"info","message":"Installing package - 57%","timestamp":"2026-03-09 13:51:37"}
{"level":"info","message":"Installing package - 61%","timestamp":"2026-03-09 13:51:37"}
{"level":"info","message":"Installing package - 65%","timestamp":"2026-03-09 13:51:37"}
{"level":"info","message":"Installing package - 70%","timestamp":"2026-03-09 13:51:37"}
{"level":"info","message":"Installing package - 74%","timestamp":"2026-03-09 13:51:37"}
{"level":"info","message":"Installing package - 78%","timestamp":"2026-03-09 13:51:37"}
{"level":"info","message":"Installing package - 83%","timestamp":"2026-03-09 13:51:37"}
{"level":"info","message":"Installing package - 87%","timestamp":"2026-03-09 13:51:37"}
{"level":"info","message":"Installing package - 91%","timestamp":"2026-03-09 13:51:37"}
{"level":"info","message":"Installing package - 96%","timestamp":"2026-03-09 13:51:37"}
{"level":"info","message":"Installing package - 100%","timestamp":"2026-03-09 13:51:37"}
{"level":"info","message":"Installed module daggerheart-gm-hud","timestamp":"2026-03-09 13:51:37"}
{"level":"info","message":"complete - 100%","timestamp":"2026-03-09 13:51:37"}
{"level":"info","message":"Downloading package - 3%","timestamp":"2026-03-09 13:52:22"}
{"level":"info","message":"Downloading package - 5%","timestamp":"2026-03-09 13:52:22"}
{"level":"info","message":"Downloading package - 8%","timestamp":"2026-03-09 13:52:22"}
{"level":"info","message":"Downloading package - 10%","timestamp":"2026-03-09 13:52:22"}
{"level":"info","message":"Downloading package - 13%","timestamp":"2026-03-09 13:52:22"}
{"level":"info","message":"Downloading package - 15%","timestamp":"2026-03-09 13:52:22"}
{"level":"info","message":"Downloading package - 18%","timestamp":"2026-03-09 13:52:22"}
{"level":"info","message":"Downloading package - 20%","timestamp":"2026-03-09 13:52:22"}
{"level":"info","message":"Downloading package - 23%","timestamp":"2026-03-09 13:52:22"}
{"level":"info","message":"Downloading package - 25%","timestamp":"2026-03-09 13:52:22"}
{"level":"info","message":"Downloading package - 28%","timestamp":"2026-03-09 13:52:22"}
{"level":"info","message":"Downloading package - 30%","timestamp":"2026-03-09 13:52:22"}
{"level":"info","message":"Downloading package - 33%","timestamp":"2026-03-09 13:52:22"}
{"level":"info","message":"Downloading package - 35%","timestamp":"2026-03-09 13:52:22"}
{"level":"info","message":"Downloading package - 38%","timestamp":"2026-03-09 13:52:22"}
{"level":"info","message":"Downloading package - 41%","timestamp":"2026-03-09 13:52:22"}
{"level":"info","message":"Downloading package - 43%","timestamp":"2026-03-09 13:52:22"}
{"level":"info","message":"Downloading package - 46%","timestamp":"2026-03-09 13:52:22"}
{"level":"info","message":"Downloading package - 48%","timestamp":"2026-03-09 13:52:22"}
{"level":"info","message":"Downloading package - 51%","timestamp":"2026-03-09 13:52:22"}
{"level":"info","message":"Downloading package - 53%","timestamp":"2026-03-09 13:52:22"}
{"level":"info","message":"Downloading package - 56%","timestamp":"2026-03-09 13:52:22"}
{"level":"info","message":"Downloading package - 58%","timestamp":"2026-03-09 13:52:22"}
{"level":"info","message":"Downloading package - 61%","timestamp":"2026-03-09 13:52:22"}
{"level":"info","message":"Downloading package - 63%","timestamp":"2026-03-09 13:52:22"}
{"level":"info","message":"Downloading package - 66%","timestamp":"2026-03-09 13:52:22"}
{"level":"info","message":"Downloading package - 68%","timestamp":"2026-03-09 13:52:22"}
{"level":"info","message":"Downloading package - 71%","timestamp":"2026-03-09 13:52:22"}
{"level":"info","message":"Downloading package - 73%","timestamp":"2026-03-09 13:52:22"}
{"level":"info","message":"Downloading package - 76%","timestamp":"2026-03-09 13:52:22"}
{"level":"info","message":"Downloading package - 78%","timestamp":"2026-03-09 13:52:22"}
{"level":"info","message":"Downloading package - 81%","timestamp":"2026-03-09 13:52:22"}
{"level":"info","message":"Downloading package - 84%","timestamp":"2026-03-09 13:52:22"}
{"level":"info","message":"Downloading package - 86%","timestamp":"2026-03-09 13:52:22"}
{"level":"info","message":"Downloading package - 89%","timestamp":"2026-03-09 13:52:22"}
{"level":"info","message":"Downloading package - 91%","timestamp":"2026-03-09 13:52:22"}
{"level":"info","message":"Downloading package - 94%","timestamp":"2026-03-09 13:52:22"}
{"level":"info","message":"Downloading package - 96%","timestamp":"2026-03-09 13:52:22"}
{"level":"info","message":"Downloading package - 99%","timestamp":"2026-03-09 13:52:22"}
{"level":"info","message":"Downloading package - 100%","timestamp":"2026-03-09 13:52:22"}
{"level":"info","message":"Installing package - 1%","timestamp":"2026-03-09 13:52:22"}
{"level":"info","message":"Installing package - 2%","timestamp":"2026-03-09 13:52:22"}
{"level":"info","message":"Installing package - 3%","timestamp":"2026-03-09 13:52:22"}
{"level":"info","message":"Installing package - 4%","timestamp":"2026-03-09 13:52:22"}
{"level":"info","message":"Installing package - 5%","timestamp":"2026-03-09 13:52:22"}
{"level":"info","message":"Installing package - 6%","timestamp":"2026-03-09 13:52:22"}
{"level":"info","message":"Installing package - 7%","timestamp":"2026-03-09 13:52:22"}
{"level":"info","message":"Installing package - 8%","timestamp":"2026-03-09 13:52:22"}
{"level":"info","message":"Installing package - 9%","timestamp":"2026-03-09 13:52:22"}
{"level":"info","message":"Installing package - 10%","timestamp":"2026-03-09 13:52:22"}
{"level":"info","message":"Installing package - 11%","timestamp":"2026-03-09 13:52:22"}
{"level":"info","message":"Installing package - 12%","timestamp":"2026-03-09 13:52:22"}
{"level":"info","message":"Installing package - 13%","timestamp":"2026-03-09 13:52:22"}
{"level":"info","message":"Installing package - 14%","timestamp":"2026-03-09 13:52:22"}
{"level":"info","message":"Installing package - 15%","timestamp":"2026-03-09 13:52:22"}
{"level":"info","message":"Installing package - 16%","timestamp":"2026-03-09 13:52:22"}
{"level":"info","message":"Installing package - 17%","timestamp":"2026-03-09 13:52:22"}
{"level":"info","message":"Installing package - 18%","timestamp":"2026-03-09 13:52:22"}
{"level":"info","message":"Installing package - 19%","timestamp":"2026-03-09 13:52:22"}
{"level":"info","message":"Installing package - 20%","timestamp":"2026-03-09 13:52:22"}
{"level":"info","message":"Installing package - 21%","timestamp":"2026-03-09 13:52:22"}
{"level":"info","message":"Installing package - 22%","timestamp":"2026-03-09 13:52:22"}
{"level":"info","message":"Installing package - 23%","timestamp":"2026-03-09 13:52:22"}
{"level":"info","message":"Installing package - 24%","timestamp":"2026-03-09 13:52:22"}
{"level":"info","message":"Installing package - 25%","timestamp":"2026-03-09 13:52:22"}
{"level":"info","message":"Installing package - 26%","timestamp":"2026-03-09 13:52:22"}
{"level":"info","message":"Installing package - 27%","timestamp":"2026-03-09 13:52:22"}
{"level":"info","message":"Installing package - 28%","timestamp":"2026-03-09 13:52:22"}
{"level":"info","message":"Installing package - 29%","timestamp":"2026-03-09 13:52:22"}
{"level":"info","message":"Installing package - 30%","timestamp":"2026-03-09 13:52:22"}
{"level":"info","message":"Installing package - 31%","timestamp":"2026-03-09 13:52:22"}
{"level":"info","message":"Installing package - 32%","timestamp":"2026-03-09 13:52:22"}
{"level":"info","message":"Installing package - 33%","timestamp":"2026-03-09 13:52:22"}
{"level":"info","message":"Installing package - 34%","timestamp":"2026-03-09 13:52:22"}
{"level":"info","message":"Installing package - 35%","timestamp":"2026-03-09 13:52:22"}
{"level":"info","message":"Installing package - 36%","timestamp":"2026-03-09 13:52:22"}
{"level":"info","message":"Installing package - 37%","timestamp":"2026-03-09 13:52:22"}
{"level":"info","message":"Installing package - 38%","timestamp":"2026-03-09 13:52:22"}
{"level":"info","message":"Installing package - 39%","timestamp":"2026-03-09 13:52:22"}
{"level":"info","message":"Installing package - 40%","timestamp":"2026-03-09 13:52:22"}
{"level":"info","message":"Installing package - 41%","timestamp":"2026-03-09 13:52:22"}
{"level":"info","message":"Installing package - 42%","timestamp":"2026-03-09 13:52:22"}
{"level":"info","message":"Installing package - 43%","timestamp":"2026-03-09 13:52:22"}
{"level":"info","message":"Installing package - 44%","timestamp":"2026-03-09 13:52:22"}
{"level":"info","message":"Installing package - 45%","timestamp":"2026-03-09 13:52:22"}
{"level":"info","message":"Installing package - 46%","timestamp":"2026-03-09 13:52:22"}
{"level":"info","message":"Installing package - 47%","timestamp":"2026-03-09 13:52:22"}
{"level":"info","message":"Installing package - 48%","timestamp":"2026-03-09 13:52:22"}
{"level":"info","message":"Installing package - 49%","timestamp":"2026-03-09 13:52:22"}
{"level":"info","message":"Installing package - 50%","timestamp":"2026-03-09 13:52:22"}
{"level":"info","message":"Installing package - 51%","timestamp":"2026-03-09 13:52:22"}
{"level":"info","message":"Installing package - 52%","timestamp":"2026-03-09 13:52:22"}
{"level":"info","message":"Installing package - 53%","timestamp":"2026-03-09 13:52:22"}
{"level":"info","message":"Installing package - 54%","timestamp":"2026-03-09 13:52:22"}
{"level":"info","message":"Installing package - 55%","timestamp":"2026-03-09 13:52:22"}
{"level":"info","message":"Installing package - 56%","timestamp":"2026-03-09 13:52:22"}
{"level":"info","message":"Installing package - 57%","timestamp":"2026-03-09 13:52:22"}
{"level":"info","message":"Installing package - 58%","timestamp":"2026-03-09 13:52:22"}
{"level":"info","message":"Installing package - 59%","timestamp":"2026-03-09 13:52:22"}
{"level":"info","message":"Installing package - 60%","timestamp":"2026-03-09 13:52:22"}
{"level":"info","message":"Installing package - 61%","timestamp":"2026-03-09 13:52:22"}
{"level":"info","message":"Installing package - 62%","timestamp":"2026-03-09 13:52:22"}
{"level":"info","message":"Installing package - 63%","timestamp":"2026-03-09 13:52:22"}
{"level":"info","message":"Installing package - 64%","timestamp":"2026-03-09 13:52:22"}
{"level":"info","message":"Installing package - 65%","timestamp":"2026-03-09 13:52:22"}
{"level":"info","message":"Installing package - 66%","timestamp":"2026-03-09 13:52:22"}
{"level":"info","message":"Installing package - 67%","timestamp":"2026-03-09 13:52:22"}
{"level":"info","message":"Installing package - 68%","timestamp":"2026-03-09 13:52:22"}
{"level":"info","message":"Installing package - 69%","timestamp":"2026-03-09 13:52:22"}
{"level":"info","message":"Installing package - 70%","timestamp":"2026-03-09 13:52:22"}
{"level":"info","message":"Installing package - 71%","timestamp":"2026-03-09 13:52:22"}
{"level":"info","message":"Installing package - 72%","timestamp":"2026-03-09 13:52:22"}
{"level":"info","message":"Installing package - 73%","timestamp":"2026-03-09 13:52:22"}
{"level":"info","message":"Installing package - 74%","timestamp":"2026-03-09 13:52:22"}
{"level":"info","message":"Installing package - 75%","timestamp":"2026-03-09 13:52:22"}
{"level":"info","message":"Installing package - 76%","timestamp":"2026-03-09 13:52:22"}
{"level":"info","message":"Installing package - 77%","timestamp":"2026-03-09 13:52:22"}
{"level":"info","message":"Installing package - 78%","timestamp":"2026-03-09 13:52:22"}
{"level":"info","message":"Installing package - 79%","timestamp":"2026-03-09 13:52:22"}
{"level":"info","message":"Installing package - 80%","timestamp":"2026-03-09 13:52:22"}
{"level":"info","message":"Installing package - 81%","timestamp":"2026-03-09 13:52:22"}
{"level":"info","message":"Installing package - 82%","timestamp":"2026-03-09 13:52:22"}
{"level":"info","message":"Installing package - 83%","timestamp":"2026-03-09 13:52:22"}
{"level":"info","message":"Installing package - 84%","timestamp":"2026-03-09 13:52:22"}
{"level":"info","message":"Installing package - 85%","timestamp":"2026-03-09 13:52:22"}
{"level":"info","message":"Installing package - 86%","timestamp":"2026-03-09 13:52:22"}
{"level":"info","message":"Installing package - 87%","timestamp":"2026-03-09 13:52:22"}
{"level":"info","message":"Installing package - 88%","timestamp":"2026-03-09 13:52:22"}
{"level":"info","message":"Installing package - 89%","timestamp":"2026-03-09 13:52:22"}
{"level":"info","message":"Installing package - 90%","timestamp":"2026-03-09 13:52:22"}
{"level":"info","message":"Installing package - 91%","timestamp":"2026-03-09 13:52:22"}
{"level":"info","message":"Installing package - 92%","timestamp":"2026-03-09 13:52:22"}
{"level":"info","message":"Installing package - 93%","timestamp":"2026-03-09 13:52:22"}
{"level":"info","message":"Installing package - 94%","timestamp":"2026-03-09 13:52:22"}
{"level":"info","message":"Installing package - 95%","timestamp":"2026-03-09 13:52:22"}
{"level":"info","message":"Installing package - 96%","timestamp":"2026-03-09 13:52:22"}
{"level":"info","message":"Installing package - 97%","timestamp":"2026-03-09 13:52:22"}
{"level":"info","message":"Installing package - 98%","timestamp":"2026-03-09 13:52:22"}
{"level":"info","message":"Installing package - 99%","timestamp":"2026-03-09 13:52:22"}
{"level":"info","message":"Installing package - 100%","timestamp":"2026-03-09 13:52:22"}
{"level":"info","message":"Installed module forien-quest-log","timestamp":"2026-03-09 13:52:22"}
{"level":"info","message":"complete - 100%","timestamp":"2026-03-09 13:52:22"}
{"level":"info","message":"Downloading package - 0%","timestamp":"2026-03-09 13:52:35"}
{"level":"info","message":"Downloading package - 1%","timestamp":"2026-03-09 13:52:36"}
{"level":"info","message":"Downloading package - 2%","timestamp":"2026-03-09 13:52:36"}
{"level":"info","message":"Installing package - 8%","timestamp":"2026-03-09 13:52:37"}
{"level":"info","message":"Installing package - 17%","timestamp":"2026-03-09 13:52:37"}
{"level":"info","message":"Installing package - 25%","timestamp":"2026-03-09 13:52:37"}
{"level":"info","message":"Installing package - 33%","timestamp":"2026-03-09 13:52:37"}
{"level":"info","message":"Installing package - 42%","timestamp":"2026-03-09 13:52:37"}
{"level":"info","message":"Installing package - 50%","timestamp":"2026-03-09 13:52:37"}
{"level":"info","message":"Installing package - 58%","timestamp":"2026-03-09 13:52:37"}
{"level":"info","message":"Installing package - 67%","timestamp":"2026-03-09 13:52:37"}
{"level":"info","message":"Installing package - 75%","timestamp":"2026-03-09 13:52:37"}
{"level":"info","message":"Installing package - 83%","timestamp":"2026-03-09 13:52:37"}
{"level":"info","message":"Installing package - 92%","timestamp":"2026-03-09 13:52:37"}
{"level":"info","message":"Installing package - 100%","timestamp":"2026-03-09 13:52:37"}
{"level":"info","message":"Installed module actor-journal-helper","timestamp":"2026-03-09 13:52:37"}
{"level":"info","message":"complete - 100%","timestamp":"2026-03-09 13:52:59"}
{"level":"info","message":"Downloading package - 0%","timestamp":"2026-03-09 13:53:26"}
{"level":"info","message":"Installing package - 4%","timestamp":"2026-03-09 13:53:26"}
{"level":"info","message":"Installing package - 9%","timestamp":"2026-03-09 13:53:26"}
{"level":"info","message":"Installing package - 13%","timestamp":"2026-03-09 13:53:26"}
{"level":"info","message":"Installing package - 17%","timestamp":"2026-03-09 13:53:26"}
{"level":"info","message":"Installing package - 22%","timestamp":"2026-03-09 13:53:26"}
{"level":"info","message":"Installing package - 26%","timestamp":"2026-03-09 13:53:26"}
{"level":"info","message":"Installing package - 30%","timestamp":"2026-03-09 13:53:26"}
{"level":"info","message":"Installing package - 35%","timestamp":"2026-03-09 13:53:26"}
{"level":"info","message":"Installing package - 39%","timestamp":"2026-03-09 13:53:26"}
{"level":"info","message":"Installing package - 43%","timestamp":"2026-03-09 13:53:26"}
{"level":"info","message":"Installing package - 48%","timestamp":"2026-03-09 13:53:26"}
{"level":"info","message":"Installing package - 52%","timestamp":"2026-03-09 13:53:26"}
{"level":"info","message":"Installing package - 57%","timestamp":"2026-03-09 13:53:26"}
{"level":"info","message":"Installing package - 61%","timestamp":"2026-03-09 13:53:26"}
{"level":"info","message":"Installing package - 65%","timestamp":"2026-03-09 13:53:26"}
{"level":"info","message":"Installing package - 70%","timestamp":"2026-03-09 13:53:26"}
{"level":"info","message":"Installing package - 74%","timestamp":"2026-03-09 13:53:26"}
{"level":"info","message":"Installing package - 78%","timestamp":"2026-03-09 13:53:26"}
{"level":"info","message":"Installing package - 83%","timestamp":"2026-03-09 13:53:26"}
{"level":"info","message":"Installing package - 87%","timestamp":"2026-03-09 13:53:26"}
{"level":"info","message":"Installing package - 91%","timestamp":"2026-03-09 13:53:26"}
{"level":"info","message":"Installing package - 96%","timestamp":"2026-03-09 13:53:26"}
{"level":"info","message":"Installing package - 100%","timestamp":"2026-03-09 13:53:26"}
{"level":"info","message":"Installed module popout","timestamp":"2026-03-09 13:53:26"}
{"level":"info","message":"complete - 100%","timestamp":"2026-03-09 13:53:26"}
{"level":"info","message":"Downloading package - 2%","timestamp":"2026-03-09 13:53:36"}
{"level":"info","message":"Downloading package - 4%","timestamp":"2026-03-09 13:53:36"}
{"level":"info","message":"Downloading package - 6%","timestamp":"2026-03-09 13:53:36"}
{"level":"info","message":"Downloading package - 8%","timestamp":"2026-03-09 13:53:36"}
{"level":"info","message":"Downloading package - 10%","timestamp":"2026-03-09 13:53:36"}
{"level":"info","message":"Downloading package - 11%","timestamp":"2026-03-09 13:53:36"}
{"level":"info","message":"Downloading package - 13%","timestamp":"2026-03-09 13:53:36"}
{"level":"info","message":"Downloading package - 15%","timestamp":"2026-03-09 13:53:36"}
{"level":"info","message":"Downloading package - 17%","timestamp":"2026-03-09 13:53:36"}
{"level":"info","message":"Downloading package - 19%","timestamp":"2026-03-09 13:53:36"}
{"level":"info","message":"Downloading package - 21%","timestamp":"2026-03-09 13:53:36"}
{"level":"info","message":"Downloading package - 23%","timestamp":"2026-03-09 13:53:36"}
{"level":"info","message":"Downloading package - 25%","timestamp":"2026-03-09 13:53:36"}
{"level":"info","message":"Downloading package - 27%","timestamp":"2026-03-09 13:53:36"}
{"level":"info","message":"Downloading package - 29%","timestamp":"2026-03-09 13:53:36"}
{"level":"info","message":"Downloading package - 31%","timestamp":"2026-03-09 13:53:36"}
{"level":"info","message":"Downloading package - 32%","timestamp":"2026-03-09 13:53:36"}
{"level":"info","message":"Downloading package - 34%","timestamp":"2026-03-09 13:53:36"}
{"level":"info","message":"Downloading package - 36%","timestamp":"2026-03-09 13:53:36"}
{"level":"info","message":"Downloading package - 38%","timestamp":"2026-03-09 13:53:36"}
{"level":"info","message":"Downloading package - 40%","timestamp":"2026-03-09 13:53:36"}
{"level":"info","message":"Downloading package - 42%","timestamp":"2026-03-09 13:53:36"}
{"level":"info","message":"Downloading package - 44%","timestamp":"2026-03-09 13:53:36"}
{"level":"info","message":"Downloading package - 46%","timestamp":"2026-03-09 13:53:36"}
{"level":"info","message":"Downloading package - 48%","timestamp":"2026-03-09 13:53:36"}
{"level":"info","message":"Downloading package - 50%","timestamp":"2026-03-09 13:53:36"}
{"level":"info","message":"Downloading package - 52%","timestamp":"2026-03-09 13:53:36"}
{"level":"info","message":"Downloading package - 54%","timestamp":"2026-03-09 13:53:36"}
{"level":"info","message":"Downloading package - 55%","timestamp":"2026-03-09 13:53:36"}
{"level":"info","message":"Downloading package - 57%","timestamp":"2026-03-09 13:53:36"}
{"level":"info","message":"Downloading package - 59%","timestamp":"2026-03-09 13:53:36"}
{"level":"info","message":"Downloading package - 61%","timestamp":"2026-03-09 13:53:36"}
{"level":"info","message":"Downloading package - 63%","timestamp":"2026-03-09 13:53:36"}
{"level":"info","message":"Downloading package - 65%","timestamp":"2026-03-09 13:53:36"}
{"level":"info","message":"Downloading package - 67%","timestamp":"2026-03-09 13:53:36"}
{"level":"info","message":"Downloading package - 69%","timestamp":"2026-03-09 13:53:36"}
{"level":"info","message":"Downloading package - 71%","timestamp":"2026-03-09 13:53:36"}
{"level":"info","message":"Downloading package - 73%","timestamp":"2026-03-09 13:53:36"}
{"level":"info","message":"Downloading package - 75%","timestamp":"2026-03-09 13:53:36"}
{"level":"info","message":"Downloading package - 76%","timestamp":"2026-03-09 13:53:36"}
{"level":"info","message":"Downloading package - 78%","timestamp":"2026-03-09 13:53:36"}
{"level":"info","message":"Downloading package - 80%","timestamp":"2026-03-09 13:53:36"}
{"level":"info","message":"Downloading package - 82%","timestamp":"2026-03-09 13:53:36"}
{"level":"info","message":"Downloading package - 84%","timestamp":"2026-03-09 13:53:36"}
{"level":"info","message":"Downloading package - 86%","timestamp":"2026-03-09 13:53:36"}
{"level":"info","message":"Downloading package - 88%","timestamp":"2026-03-09 13:53:36"}
{"level":"info","message":"Downloading package - 90%","timestamp":"2026-03-09 13:53:36"}
{"level":"info","message":"Downloading package - 92%","timestamp":"2026-03-09 13:53:36"}
{"level":"info","message":"Downloading package - 94%","timestamp":"2026-03-09 13:53:36"}
{"level":"info","message":"Downloading package - 96%","timestamp":"2026-03-09 13:53:36"}
{"level":"info","message":"Downloading package - 97%","timestamp":"2026-03-09 13:53:36"}
{"level":"info","message":"Downloading package - 99%","timestamp":"2026-03-09 13:53:36"}
{"level":"info","message":"Downloading package - 100%","timestamp":"2026-03-09 13:53:36"}
{"level":"info","message":"Installing package - 4%","timestamp":"2026-03-09 13:53:36"}
{"level":"info","message":"Installing package - 9%","timestamp":"2026-03-09 13:53:36"}
{"level":"info","message":"Installing package - 13%","timestamp":"2026-03-09 13:53:36"}
{"level":"info","message":"Installing package - 17%","timestamp":"2026-03-09 13:53:36"}
{"level":"info","message":"Installing package - 22%","timestamp":"2026-03-09 13:53:36"}
{"level":"info","message":"Installing package - 26%","timestamp":"2026-03-09 13:53:36"}
{"level":"info","message":"Installing package - 30%","timestamp":"2026-03-09 13:53:36"}
{"level":"info","message":"Installing package - 35%","timestamp":"2026-03-09 13:53:36"}
{"level":"info","message":"Installing package - 39%","timestamp":"2026-03-09 13:53:36"}
{"level":"info","message":"Installing package - 43%","timestamp":"2026-03-09 13:53:36"}
{"level":"info","message":"Installing package - 48%","timestamp":"2026-03-09 13:53:36"}
{"level":"info","message":"Installing package - 52%","timestamp":"2026-03-09 13:53:36"}
{"level":"info","message":"Installing package - 57%","timestamp":"2026-03-09 13:53:36"}
{"level":"info","message":"Installing package - 61%","timestamp":"2026-03-09 13:53:36"}
{"level":"info","message":"Installing package - 65%","timestamp":"2026-03-09 13:53:36"}
{"level":"info","message":"Installing package - 70%","timestamp":"2026-03-09 13:53:36"}
{"level":"info","message":"Installing package - 74%","timestamp":"2026-03-09 13:53:36"}
{"level":"info","message":"Installing package - 78%","timestamp":"2026-03-09 13:53:36"}
{"level":"info","message":"Installing package - 83%","timestamp":"2026-03-09 13:53:36"}
{"level":"info","message":"Installing package - 87%","timestamp":"2026-03-09 13:53:36"}
{"level":"info","message":"Installing package - 91%","timestamp":"2026-03-09 13:53:36"}
{"level":"info","message":"Installing package - 96%","timestamp":"2026-03-09 13:53:36"}
{"level":"info","message":"Installing package - 100%","timestamp":"2026-03-09 13:53:36"}
{"level":"info","message":"Installed module potato-or-not","timestamp":"2026-03-09 13:53:36"}
{"level":"info","message":"complete - 100%","timestamp":"2026-03-09 13:53:36"}
{"code":"LEVEL_DATABASE_NOT_OPEN","level":"error","message":"Failed to connect to database \"actors\": Database failed to open","stack":"Error: Failed to connect to database \"actors\": Database failed to open\n    at LevelDatabase.open (D:\\Juegos\\Foundry_daggerheart_git\\Foundry-daggerheart\\Portable-FoundryVTT-v13.348\\App\\resources\\app\\node_modules\\abstract-level\\abstract-level.js:159:43)\n    at async LevelDatabase.connect (file:///D:/Juegos/Foundry_daggerheart_git/Foundry-daggerheart/Portable-FoundryVTT-v13.348/App/resources/app/dist/database/backend/level-database.mjs:1:838)\n    at async Actor._connect (file:///D:/Juegos/Foundry_daggerheart_git/Foundry-daggerheart/Portable-FoundryVTT-v13.348/App/resources/app/dist/database/backend/server-document.mjs:1:6341)\n    at async Actor.connect (file:///D:/Juegos/Foundry_daggerheart_git/Foundry-daggerheart/Portable-FoundryVTT-v13.348/App/resources/app/dist/database/backend/server-document.mjs:1:5895)\n    at async World.connect (file:///D:/Juegos/Foundry_daggerheart_git/Foundry-daggerheart/Portable-FoundryVTT-v13.348/App/resources/app/dist/packages/world.mjs:1:11467)\n    at async World.setup (file:///D:/Juegos/Foundry_daggerheart_git/Foundry-daggerheart/Portable-FoundryVTT-v13.348/App/resources/app/dist/packages/world.mjs:1:9336)","timestamp":"2026-03-09 13:53:42"}
{"level":"warn","message":"FoundryVTT | Attempting database repair for ../../Data/Data/worlds/fe-west-marches/data/actors","timestamp":"2026-03-09 13:53:42"}
{"level":"warn","message":"FoundryVTT | Repair of ../../Data/Data/worlds/fe-west-marches/data/actors complete. Attempting re-connection","timestamp":"2026-03-09 13:53:43"}
{"level":"info","message":"Connected to database \"actors\"","timestamp":"2026-03-09 13:53:43"}
{"level":"info","message":"Launching World | Loading World Data - 7%","timestamp":"2026-03-09 13:53:43"}
{"code":"LEVEL_DATABASE_NOT_OPEN","level":"error","message":"Failed to connect to database \"cards\": Database failed to open","stack":"Error: Failed to connect to database \"cards\": Database failed to open\n    at LevelDatabase.open (D:\\Juegos\\Foundry_daggerheart_git\\Foundry-daggerheart\\Portable-FoundryVTT-v13.348\\App\\resources\\app\\node_modules\\abstract-level\\abstract-level.js:159:43)\n    at async LevelDatabase.connect (file:///D:/Juegos/Foundry_daggerheart_git/Foundry-daggerheart/Portable-FoundryVTT-v13.348/App/resources/app/dist/database/backend/level-database.mjs:1:838)\n    at async Cards._connect (file:///D:/Juegos/Foundry_daggerheart_git/Foundry-daggerheart/Portable-FoundryVTT-v13.348/App/resources/app/dist/database/backend/server-document.mjs:1:6341)\n    at async Cards.connect (file:///D:/Juegos/Foundry_daggerheart_git/Foundry-daggerheart/Portable-FoundryVTT-v13.348/App/resources/app/dist/database/backend/server-document.mjs:1:5895)\n    at async World.connect (file:///D:/Juegos/Foundry_daggerheart_git/Foundry-daggerheart/Portable-FoundryVTT-v13.348/App/resources/app/dist/packages/world.mjs:1:11467)\n    at async World.setup (file:///D:/Juegos/Foundry_daggerheart_git/Foundry-daggerheart/Portable-FoundryVTT-v13.348/App/resources/app/dist/packages/world.mjs:1:9336)","timestamp":"2026-03-09 13:53:43"}
{"level":"warn","message":"FoundryVTT | Attempting database repair for ../../Data/Data/worlds/fe-west-marches/data/cards","timestamp":"2026-03-09 13:53:43"}
{"level":"warn","message":"FoundryVTT | Repair of ../../Data/Data/worlds/fe-west-marches/data/cards complete. Attempting re-connection","timestamp":"2026-03-09 13:53:43"}
{"level":"info","message":"Connected to database \"cards\"","timestamp":"2026-03-09 13:53:43"}
{"level":"info","message":"Launching World | Loading World Data - 14%","timestamp":"2026-03-09 13:53:43"}
{"code":"LEVEL_DATABASE_NOT_OPEN","level":"error","message":"Failed to connect to database \"messages\": Database failed to open","stack":"Error: Failed to connect to database \"messages\": Database failed to open\n    at LevelDatabase.open (D:\\Juegos\\Foundry_daggerheart_git\\Foundry-daggerheart\\Portable-FoundryVTT-v13.348\\App\\resources\\app\\node_modules\\abstract-level\\abstract-level.js:159:43)\n    at async LevelDatabase.connect (file:///D:/Juegos/Foundry_daggerheart_git/Foundry-daggerheart/Portable-FoundryVTT-v13.348/App/resources/app/dist/database/backend/level-database.mjs:1:838)\n    at async ChatMessage._connect (file:///D:/Juegos/Foundry_daggerheart_git/Foundry-daggerheart/Portable-FoundryVTT-v13.348/App/resources/app/dist/database/backend/server-document.mjs:1:6341)\n    at async ChatMessage.connect (file:///D:/Juegos/Foundry_daggerheart_git/Foundry-daggerheart/Portable-FoundryVTT-v13.348/App/resources/app/dist/database/backend/server-document.mjs:1:5895)\n    at async World.connect (file:///D:/Juegos/Foundry_daggerheart_git/Foundry-daggerheart/Portable-FoundryVTT-v13.348/App/resources/app/dist/packages/world.mjs:1:11467)\n    at async World.setup (file:///D:/Juegos/Foundry_daggerheart_git/Foundry-daggerheart/Portable-FoundryVTT-v13.348/App/resources/app/dist/packages/world.mjs:1:9336)","timestamp":"2026-03-09 13:53:43"}
{"level":"warn","message":"FoundryVTT | Attempting database repair for ../../Data/Data/worlds/fe-west-marches/data/messages","timestamp":"2026-03-09 13:53:43"}
{"level":"warn","message":"FoundryVTT | Repair of ../../Data/Data/worlds/fe-west-marches/data/messages complete. Attempting re-connection","timestamp":"2026-03-09 13:53:43"}
{"level":"info","message":"Connected to database \"messages\"","timestamp":"2026-03-09 13:53:43"}
{"level":"info","message":"Launching World | Loading World Data - 21%","timestamp":"2026-03-09 13:53:43"}
{"code":"LEVEL_DATABASE_NOT_OPEN","level":"error","message":"Failed to connect to database \"combats\": Database failed to open","stack":"Error: Failed to connect to database \"combats\": Database failed to open\n    at LevelDatabase.open (D:\\Juegos\\Foundry_daggerheart_git\\Foundry-daggerheart\\Portable-FoundryVTT-v13.348\\App\\resources\\app\\node_modules\\abstract-level\\abstract-level.js:159:43)\n    at async LevelDatabase.connect (file:///D:/Juegos/Foundry_daggerheart_git/Foundry-daggerheart/Portable-FoundryVTT-v13.348/App/resources/app/dist/database/backend/level-database.mjs:1:838)\n    at async Combat._connect (file:///D:/Juegos/Foundry_daggerheart_git/Foundry-daggerheart/Portable-FoundryVTT-v13.348/App/resources/app/dist/database/backend/server-document.mjs:1:6341)\n    at async Combat.connect (file:///D:/Juegos/Foundry_daggerheart_git/Foundry-daggerheart/Portable-FoundryVTT-v13.348/App/resources/app/dist/database/backend/server-document.mjs:1:5895)\n    at async World.connect (file:///D:/Juegos/Foundry_daggerheart_git/Foundry-daggerheart/Portable-FoundryVTT-v13.348/App/resources/app/dist/packages/world.mjs:1:11467)\n    at async World.setup (file:///D:/Juegos/Foundry_daggerheart_git/Foundry-daggerheart/Portable-FoundryVTT-v13.348/App/resources/app/dist/packages/world.mjs:1:9336)","timestamp":"2026-03-09 13:53:43"}
{"level":"warn","message":"FoundryVTT | Attempting database repair for ../../Data/Data/worlds/fe-west-marches/data/combats","timestamp":"2026-03-09 13:53:43"}
{"level":"warn","message":"FoundryVTT | Repair of ../../Data/Data/worlds/fe-west-marches/data/combats complete. Attempting re-connection","timestamp":"2026-03-09 13:53:43"}
{"level":"info","message":"Connected to database \"combats\"","timestamp":"2026-03-09 13:53:43"}
{"level":"info","message":"Launching World | Loading World Data - 29%","timestamp":"2026-03-09 13:53:43"}
{"code":"LEVEL_DATABASE_NOT_OPEN","level":"error","message":"Failed to connect to database \"fog\": Database failed to open","stack":"Error: Failed to connect to database \"fog\": Database failed to open\n    at LevelDatabase.open (D:\\Juegos\\Foundry_daggerheart_git\\Foundry-daggerheart\\Portable-FoundryVTT-v13.348\\App\\resources\\app\\node_modules\\abstract-level\\abstract-level.js:159:43)\n    at async LevelDatabase.connect (file:///D:/Juegos/Foundry_daggerheart_git/Foundry-daggerheart/Portable-FoundryVTT-v13.348/App/resources/app/dist/database/backend/level-database.mjs:1:838)\n    at async FogExploration._connect (file:///D:/Juegos/Foundry_daggerheart_git/Foundry-daggerheart/Portable-FoundryVTT-v13.348/App/resources/app/dist/database/backend/server-document.mjs:1:6341)\n    at async FogExploration.connect (file:///D:/Juegos/Foundry_daggerheart_git/Foundry-daggerheart/Portable-FoundryVTT-v13.348/App/resources/app/dist/database/backend/server-document.mjs:1:5895)\n    at async World.connect (file:///D:/Juegos/Foundry_daggerheart_git/Foundry-daggerheart/Portable-FoundryVTT-v13.348/App/resources/app/dist/packages/world.mjs:1:11467)\n    at async World.setup (file:///D:/Juegos/Foundry_daggerheart_git/Foundry-daggerheart/Portable-FoundryVTT-v13.348/App/resources/app/dist/packages/world.mjs:1:9336)","timestamp":"2026-03-09 13:53:43"}
{"level":"warn","message":"FoundryVTT | Attempting database repair for ../../Data/Data/worlds/fe-west-marches/data/fog","timestamp":"2026-03-09 13:53:43"}
{"level":"warn","message":"FoundryVTT | Repair of ../../Data/Data/worlds/fe-west-marches/data/fog complete. Attempting re-connection","timestamp":"2026-03-09 13:53:44"}
{"level":"info","message":"Connected to database \"fog\"","timestamp":"2026-03-09 13:53:44"}
{"level":"info","message":"Launching World | Loading World Data - 36%","timestamp":"2026-03-09 13:53:44"}
{"code":"LEVEL_DATABASE_NOT_OPEN","level":"error","message":"Failed to connect to database \"folders\": Database failed to open","stack":"Error: Failed to connect to database \"folders\": Database failed to open\n    at LevelDatabase.open (D:\\Juegos\\Foundry_daggerheart_git\\Foundry-daggerheart\\Portable-FoundryVTT-v13.348\\App\\resources\\app\\node_modules\\abstract-level\\abstract-level.js:159:43)\n    at async LevelDatabase.connect (file:///D:/Juegos/Foundry_daggerheart_git/Foundry-daggerheart/Portable-FoundryVTT-v13.348/App/resources/app/dist/database/backend/level-database.mjs:1:838)\n    at async Folder._connect (file:///D:/Juegos/Foundry_daggerheart_git/Foundry-daggerheart/Portable-FoundryVTT-v13.348/App/resources/app/dist/database/backend/server-document.mjs:1:6341)\n    at async Folder.connect (file:///D:/Juegos/Foundry_daggerheart_git/Foundry-daggerheart/Portable-FoundryVTT-v13.348/App/resources/app/dist/database/backend/server-document.mjs:1:5895)\n    at async World.connect (file:///D:/Juegos/Foundry_daggerheart_git/Foundry-daggerheart/Portable-FoundryVTT-v13.348/App/resources/app/dist/packages/world.mjs:1:11467)\n    at async World.setup (file:///D:/Juegos/Foundry_daggerheart_git/Foundry-daggerheart/Portable-FoundryVTT-v13.348/App/resources/app/dist/packages/world.mjs:1:9336)","timestamp":"2026-03-09 13:53:44"}
{"level":"warn","message":"FoundryVTT | Attempting database repair for ../../Data/Data/worlds/fe-west-marches/data/folders","timestamp":"2026-03-09 13:53:44"}
{"level":"warn","message":"FoundryVTT | Repair of ../../Data/Data/worlds/fe-west-marches/data/folders complete. Attempting re-connection","timestamp":"2026-03-09 13:53:44"}
{"level":"info","message":"Connected to database \"folders\"","timestamp":"2026-03-09 13:53:44"}
{"level":"info","message":"Launching World | Loading World Data - 43%","timestamp":"2026-03-09 13:53:44"}
{"code":"LEVEL_DATABASE_NOT_OPEN","level":"error","message":"Failed to connect to database \"items\": Database failed to open","stack":"Error: Failed to connect to database \"items\": Database failed to open\n    at LevelDatabase.open (D:\\Juegos\\Foundry_daggerheart_git\\Foundry-daggerheart\\Portable-FoundryVTT-v13.348\\App\\resources\\app\\node_modules\\abstract-level\\abstract-level.js:159:43)\n    at async LevelDatabase.connect (file:///D:/Juegos/Foundry_daggerheart_git/Foundry-daggerheart/Portable-FoundryVTT-v13.348/App/resources/app/dist/database/backend/level-database.mjs:1:838)\n    at async Item._connect (file:///D:/Juegos/Foundry_daggerheart_git/Foundry-daggerheart/Portable-FoundryVTT-v13.348/App/resources/app/dist/database/backend/server-document.mjs:1:6341)\n    at async Item.connect (file:///D:/Juegos/Foundry_daggerheart_git/Foundry-daggerheart/Portable-FoundryVTT-v13.348/App/resources/app/dist/database/backend/server-document.mjs:1:5895)\n    at async World.connect (file:///D:/Juegos/Foundry_daggerheart_git/Foundry-daggerheart/Portable-FoundryVTT-v13.348/App/resources/app/dist/packages/world.mjs:1:11467)\n    at async World.setup (file:///D:/Juegos/Foundry_daggerheart_git/Foundry-daggerheart/Portable-FoundryVTT-v13.348/App/resources/app/dist/packages/world.mjs:1:9336)","timestamp":"2026-03-09 13:53:44"}
{"level":"warn","message":"FoundryVTT | Attempting database repair for ../../Data/Data/worlds/fe-west-marches/data/items","timestamp":"2026-03-09 13:53:44"}
{"level":"warn","message":"FoundryVTT | Repair of ../../Data/Data/worlds/fe-west-marches/data/items complete. Attempting re-connection","timestamp":"2026-03-09 13:53:44"}
{"level":"info","message":"Connected to database \"items\"","timestamp":"2026-03-09 13:53:44"}
{"level":"info","message":"Launching World | Loading World Data - 50%","timestamp":"2026-03-09 13:53:44"}
{"code":"LEVEL_DATABASE_NOT_OPEN","level":"error","message":"Failed to connect to database \"journal\": Database failed to open","stack":"Error: Failed to connect to database \"journal\": Database failed to open\n    at LevelDatabase.open (D:\\Juegos\\Foundry_daggerheart_git\\Foundry-daggerheart\\Portable-FoundryVTT-v13.348\\App\\resources\\app\\node_modules\\abstract-level\\abstract-level.js:159:43)\n    at async LevelDatabase.connect (file:///D:/Juegos/Foundry_daggerheart_git/Foundry-daggerheart/Portable-FoundryVTT-v13.348/App/resources/app/dist/database/backend/level-database.mjs:1:838)\n    at async JournalEntry._connect (file:///D:/Juegos/Foundry_daggerheart_git/Foundry-daggerheart/Portable-FoundryVTT-v13.348/App/resources/app/dist/database/backend/server-document.mjs:1:6341)\n    at async JournalEntry.connect (file:///D:/Juegos/Foundry_daggerheart_git/Foundry-daggerheart/Portable-FoundryVTT-v13.348/App/resources/app/dist/database/backend/server-document.mjs:1:5895)\n    at async World.connect (file:///D:/Juegos/Foundry_daggerheart_git/Foundry-daggerheart/Portable-FoundryVTT-v13.348/App/resources/app/dist/packages/world.mjs:1:11467)\n    at async World.setup (file:///D:/Juegos/Foundry_daggerheart_git/Foundry-daggerheart/Portable-FoundryVTT-v13.348/App/resources/app/dist/packages/world.mjs:1:9336)","timestamp":"2026-03-09 13:53:44"}
{"level":"warn","message":"FoundryVTT | Attempting database repair for ../../Data/Data/worlds/fe-west-marches/data/journal","timestamp":"2026-03-09 13:53:44"}
{"level":"warn","message":"FoundryVTT | Repair of ../../Data/Data/worlds/fe-west-marches/data/journal complete. Attempting re-connection","timestamp":"2026-03-09 13:53:44"}
{"level":"info","message":"Connected to database \"journal\"","timestamp":"2026-03-09 13:53:44"}
{"level":"info","message":"Launching World | Loading World Data - 57%","timestamp":"2026-03-09 13:53:44"}
{"code":"LEVEL_DATABASE_NOT_OPEN","level":"error","message":"Failed to connect to database \"macros\": Database failed to open","stack":"Error: Failed to connect to database \"macros\": Database failed to open\n    at LevelDatabase.open (D:\\Juegos\\Foundry_daggerheart_git\\Foundry-daggerheart\\Portable-FoundryVTT-v13.348\\App\\resources\\app\\node_modules\\abstract-level\\abstract-level.js:159:43)\n    at async LevelDatabase.connect (file:///D:/Juegos/Foundry_daggerheart_git/Foundry-daggerheart/Portable-FoundryVTT-v13.348/App/resources/app/dist/database/backend/level-database.mjs:1:838)\n    at async Macro._connect (file:///D:/Juegos/Foundry_daggerheart_git/Foundry-daggerheart/Portable-FoundryVTT-v13.348/App/resources/app/dist/database/backend/server-document.mjs:1:6341)\n    at async Macro.connect (file:///D:/Juegos/Foundry_daggerheart_git/Foundry-daggerheart/Portable-FoundryVTT-v13.348/App/resources/app/dist/database/backend/server-document.mjs:1:5895)\n    at async World.connect (file:///D:/Juegos/Foundry_daggerheart_git/Foundry-daggerheart/Portable-FoundryVTT-v13.348/App/resources/app/dist/packages/world.mjs:1:11467)\n    at async World.setup (file:///D:/Juegos/Foundry_daggerheart_git/Foundry-daggerheart/Portable-FoundryVTT-v13.348/App/resources/app/dist/packages/world.mjs:1:9336)","timestamp":"2026-03-09 13:53:44"}
{"level":"warn","message":"FoundryVTT | Attempting database repair for ../../Data/Data/worlds/fe-west-marches/data/macros","timestamp":"2026-03-09 13:53:44"}
{"level":"warn","message":"FoundryVTT | Repair of ../../Data/Data/worlds/fe-west-marches/data/macros complete. Attempting re-connection","timestamp":"2026-03-09 13:53:44"}
{"level":"info","message":"Connected to database \"macros\"","timestamp":"2026-03-09 13:53:44"}
{"level":"info","message":"Launching World | Loading World Data - 64%","timestamp":"2026-03-09 13:53:44"}
{"code":"LEVEL_DATABASE_NOT_OPEN","level":"error","message":"Failed to connect to database \"playlists\": Database failed to open","stack":"Error: Failed to connect to database \"playlists\": Database failed to open\n    at LevelDatabase.open (D:\\Juegos\\Foundry_daggerheart_git\\Foundry-daggerheart\\Portable-FoundryVTT-v13.348\\App\\resources\\app\\node_modules\\abstract-level\\abstract-level.js:159:43)\n    at async LevelDatabase.connect (file:///D:/Juegos/Foundry_daggerheart_git/Foundry-daggerheart/Portable-FoundryVTT-v13.348/App/resources/app/dist/database/backend/level-database.mjs:1:838)\n    at async Playlist._connect (file:///D:/Juegos/Foundry_daggerheart_git/Foundry-daggerheart/Portable-FoundryVTT-v13.348/App/resources/app/dist/database/backend/server-document.mjs:1:6341)\n    at async Playlist.connect (file:///D:/Juegos/Foundry_daggerheart_git/Foundry-daggerheart/Portable-FoundryVTT-v13.348/App/resources/app/dist/database/backend/server-document.mjs:1:5895)\n    at async World.connect (file:///D:/Juegos/Foundry_daggerheart_git/Foundry-daggerheart/Portable-FoundryVTT-v13.348/App/resources/app/dist/packages/world.mjs:1:11467)\n    at async World.setup (file:///D:/Juegos/Foundry_daggerheart_git/Foundry-daggerheart/Portable-FoundryVTT-v13.348/App/resources/app/dist/packages/world.mjs:1:9336)","timestamp":"2026-03-09 13:53:44"}
{"level":"warn","message":"FoundryVTT | Attempting database repair for ../../Data/Data/worlds/fe-west-marches/data/playlists","timestamp":"2026-03-09 13:53:44"}
{"level":"warn","message":"FoundryVTT | Repair of ../../Data/Data/worlds/fe-west-marches/data/playlists complete. Attempting re-connection","timestamp":"2026-03-09 13:53:45"}
{"level":"info","message":"Connected to database \"playlists\"","timestamp":"2026-03-09 13:53:45"}
{"level":"info","message":"Launching World | Loading World Data - 71%","timestamp":"2026-03-09 13:53:45"}
{"code":"LEVEL_DATABASE_NOT_OPEN","level":"error","message":"Failed to connect to database \"tables\": Database failed to open","stack":"Error: Failed to connect to database \"tables\": Database failed to open\n    at LevelDatabase.open (D:\\Juegos\\Foundry_daggerheart_git\\Foundry-daggerheart\\Portable-FoundryVTT-v13.348\\App\\resources\\app\\node_modules\\abstract-level\\abstract-level.js:159:43)\n    at async LevelDatabase.connect (file:///D:/Juegos/Foundry_daggerheart_git/Foundry-daggerheart/Portable-FoundryVTT-v13.348/App/resources/app/dist/database/backend/level-database.mjs:1:838)\n    at async RollTable._connect (file:///D:/Juegos/Foundry_daggerheart_git/Foundry-daggerheart/Portable-FoundryVTT-v13.348/App/resources/app/dist/database/backend/server-document.mjs:1:6341)\n    at async RollTable.connect (file:///D:/Juegos/Foundry_daggerheart_git/Foundry-daggerheart/Portable-FoundryVTT-v13.348/App/resources/app/dist/database/backend/server-document.mjs:1:5895)\n    at async World.connect (file:///D:/Juegos/Foundry_daggerheart_git/Foundry-daggerheart/Portable-FoundryVTT-v13.348/App/resources/app/dist/packages/world.mjs:1:11467)\n    at async World.setup (file:///D:/Juegos/Foundry_daggerheart_git/Foundry-daggerheart/Portable-FoundryVTT-v13.348/App/resources/app/dist/packages/world.mjs:1:9336)","timestamp":"2026-03-09 13:53:45"}
{"level":"warn","message":"FoundryVTT | Attempting database repair for ../../Data/Data/worlds/fe-west-marches/data/tables","timestamp":"2026-03-09 13:53:45"}
{"level":"warn","message":"FoundryVTT | Repair of ../../Data/Data/worlds/fe-west-marches/data/tables complete. Attempting re-connection","timestamp":"2026-03-09 13:53:45"}
{"level":"info","message":"Connected to database \"tables\"","timestamp":"2026-03-09 13:53:45"}
{"level":"info","message":"Launching World | Loading World Data - 79%","timestamp":"2026-03-09 13:53:45"}
{"code":"LEVEL_DATABASE_NOT_OPEN","level":"error","message":"Failed to connect to database \"scenes\": Database failed to open","stack":"Error: Failed to connect to database \"scenes\": Database failed to open\n    at LevelDatabase.open (D:\\Juegos\\Foundry_daggerheart_git\\Foundry-daggerheart\\Portable-FoundryVTT-v13.348\\App\\resources\\app\\node_modules\\abstract-level\\abstract-level.js:159:43)\n    at async LevelDatabase.connect (file:///D:/Juegos/Foundry_daggerheart_git/Foundry-daggerheart/Portable-FoundryVTT-v13.348/App/resources/app/dist/database/backend/level-database.mjs:1:838)\n    at async Scene._connect (file:///D:/Juegos/Foundry_daggerheart_git/Foundry-daggerheart/Portable-FoundryVTT-v13.348/App/resources/app/dist/database/backend/server-document.mjs:1:6341)\n    at async Scene.connect (file:///D:/Juegos/Foundry_daggerheart_git/Foundry-daggerheart/Portable-FoundryVTT-v13.348/App/resources/app/dist/database/backend/server-document.mjs:1:5895)\n    at async World.connect (file:///D:/Juegos/Foundry_daggerheart_git/Foundry-daggerheart/Portable-FoundryVTT-v13.348/App/resources/app/dist/packages/world.mjs:1:11467)\n    at async World.setup (file:///D:/Juegos/Foundry_daggerheart_git/Foundry-daggerheart/Portable-FoundryVTT-v13.348/App/resources/app/dist/packages/world.mjs:1:9336)","timestamp":"2026-03-09 13:53:45"}
{"level":"warn","message":"FoundryVTT | Attempting database repair for ../../Data/Data/worlds/fe-west-marches/data/scenes","timestamp":"2026-03-09 13:53:45"}
{"level":"warn","message":"FoundryVTT | Repair of ../../Data/Data/worlds/fe-west-marches/data/scenes complete. Attempting re-connection","timestamp":"2026-03-09 13:53:45"}
{"level":"info","message":"Connected to database \"scenes\"","timestamp":"2026-03-09 13:53:45"}
{"level":"info","message":"Launching World | Loading World Data - 86%","timestamp":"2026-03-09 13:53:45"}
{"code":"LEVEL_DATABASE_NOT_OPEN","level":"error","message":"Failed to connect to database \"settings\": Database failed to open","stack":"Error: Failed to connect to database \"settings\": Database failed to open\n    at LevelDatabase.open (D:\\Juegos\\Foundry_daggerheart_git\\Foundry-daggerheart\\Portable-FoundryVTT-v13.348\\App\\resources\\app\\node_modules\\abstract-level\\abstract-level.js:159:43)\n    at async LevelDatabase.connect (file:///D:/Juegos/Foundry_daggerheart_git/Foundry-daggerheart/Portable-FoundryVTT-v13.348/App/resources/app/dist/database/backend/level-database.mjs:1:838)\n    at async Setting._connect (file:///D:/Juegos/Foundry_daggerheart_git/Foundry-daggerheart/Portable-FoundryVTT-v13.348/App/resources/app/dist/database/backend/server-document.mjs:1:6341)\n    at async Setting.connect (file:///D:/Juegos/Foundry_daggerheart_git/Foundry-daggerheart/Portable-FoundryVTT-v13.348/App/resources/app/dist/database/backend/server-document.mjs:1:5895)\n    at async World.connect (file:///D:/Juegos/Foundry_daggerheart_git/Foundry-daggerheart/Portable-FoundryVTT-v13.348/App/resources/app/dist/packages/world.mjs:1:11467)\n    at async World.setup (file:///D:/Juegos/Foundry_daggerheart_git/Foundry-daggerheart/Portable-FoundryVTT-v13.348/App/resources/app/dist/packages/world.mjs:1:9336)","timestamp":"2026-03-09 13:53:45"}
{"level":"warn","message":"FoundryVTT | Attempting database repair for ../../Data/Data/worlds/fe-west-marches/data/settings","timestamp":"2026-03-09 13:53:45"}
{"level":"warn","message":"FoundryVTT | Repair of ../../Data/Data/worlds/fe-west-marches/data/settings complete. Attempting re-connection","timestamp":"2026-03-09 13:53:45"}
{"level":"info","message":"Connected to database \"settings\"","timestamp":"2026-03-09 13:53:45"}
{"level":"info","message":"Launching World | Loading World Data - 93%","timestamp":"2026-03-09 13:53:45"}
{"code":"LEVEL_DATABASE_NOT_OPEN","level":"error","message":"Failed to connect to database \"users\": Database failed to open","stack":"Error: Failed to connect to database \"users\": Database failed to open\n    at LevelDatabase.open (D:\\Juegos\\Foundry_daggerheart_git\\Foundry-daggerheart\\Portable-FoundryVTT-v13.348\\App\\resources\\app\\node_modules\\abstract-level\\abstract-level.js:159:43)\n    at async LevelDatabase.connect (file:///D:/Juegos/Foundry_daggerheart_git/Foundry-daggerheart/Portable-FoundryVTT-v13.348/App/resources/app/dist/database/backend/level-database.mjs:1:838)\n    at async User._connect (file:///D:/Juegos/Foundry_daggerheart_git/Foundry-daggerheart/Portable-FoundryVTT-v13.348/App/resources/app/dist/database/backend/server-document.mjs:1:6341)\n    at async User.connect (file:///D:/Juegos/Foundry_daggerheart_git/Foundry-daggerheart/Portable-FoundryVTT-v13.348/App/resources/app/dist/database/backend/server-document.mjs:1:5895)\n    at async World.connect (file:///D:/Juegos/Foundry_daggerheart_git/Foundry-daggerheart/Portable-FoundryVTT-v13.348/App/resources/app/dist/packages/world.mjs:1:11467)\n    at async World.setup (file:///D:/Juegos/Foundry_daggerheart_git/Foundry-daggerheart/Portable-FoundryVTT-v13.348/App/resources/app/dist/packages/world.mjs:1:9336)","timestamp":"2026-03-09 13:53:45"}
{"level":"warn","message":"FoundryVTT | Attempting database repair for ../../Data/Data/worlds/fe-west-marches/data/users","timestamp":"2026-03-09 13:53:45"}
{"level":"warn","message":"FoundryVTT | Repair of ../../Data/Data/worlds/fe-west-marches/data/users complete. Attempting re-connection","timestamp":"2026-03-09 13:53:45"}
{"level":"info","message":"Connected to database \"users\"","timestamp":"2026-03-09 13:53:45"}
{"level":"info","message":"Launching World | Loading World Data - 100%","timestamp":"2026-03-09 13:53:45"}
{"level":"info","message":"Launching World | Migrating World Data - 7%","timestamp":"2026-03-09 13:53:45"}
{"level":"info","message":"Launching World | Migrating World Data - 14%","timestamp":"2026-03-09 13:53:45"}
{"level":"info","message":"Launching World | Migrating World Data - 21%","timestamp":"2026-03-09 13:53:45"}
{"level":"info","message":"Launching World | Migrating World Data - 29%","timestamp":"2026-03-09 13:53:45"}
{"level":"info","message":"Launching World | Migrating World Data - 36%","timestamp":"2026-03-09 13:53:45"}
{"level":"info","message":"Launching World | Migrating World Data - 43%","timestamp":"2026-03-09 13:53:45"}
{"level":"info","message":"Launching World | Migrating World Data - 50%","timestamp":"2026-03-09 13:53:45"}
{"level":"info","message":"Launching World | Migrating World Data - 57%","timestamp":"2026-03-09 13:53:45"}
{"level":"info","message":"Launching World | Migrating World Data - 64%","timestamp":"2026-03-09 13:53:45"}
{"level":"info","message":"Launching World | Migrating World Data - 71%","timestamp":"2026-03-09 13:53:45"}
{"level":"info","message":"Launching World | Migrating World Data - 79%","timestamp":"2026-03-09 13:53:45"}
{"level":"info","message":"Launching World | Migrating World Data - 86%","timestamp":"2026-03-09 13:53:45"}
{"level":"info","message":"Launching World | Migrating World Data - 93%","timestamp":"2026-03-09 13:53:45"}
{"level":"info","message":"Launching World | Migrating World Data - 100%","timestamp":"2026-03-09 13:53:45"}
{"code":"LEVEL_DATABASE_NOT_OPEN","level":"error","message":"Failed to connect to database \"world.homebrew-adversaries\": Database failed to open","stack":"Error: Failed to connect to database \"world.homebrew-adversaries\": Database failed to open\n    at LevelDatabase.open (D:\\Juegos\\Foundry_daggerheart_git\\Foundry-daggerheart\\Portable-FoundryVTT-v13.348\\App\\resources\\app\\node_modules\\abstract-level\\abstract-level.js:159:43)\n    at async LevelDatabase.connect (file:///D:/Juegos/Foundry_daggerheart_git/Foundry-daggerheart/Portable-FoundryVTT-v13.348/App/resources/app/dist/database/backend/level-database.mjs:1:838)\n    at async Function._connect (file:///D:/Juegos/Foundry_daggerheart_git/Foundry-daggerheart/Portable-FoundryVTT-v13.348/App/resources/app/dist/database/backend/server-document.mjs:1:6341)\n    at async Function.connect (file:///D:/Juegos/Foundry_daggerheart_git/Foundry-daggerheart/Portable-FoundryVTT-v13.348/App/resources/app/dist/database/backend/server-document.mjs:1:5895)\n    at async World.updateActivePacks (file:///D:/Juegos/Foundry_daggerheart_git/Foundry-daggerheart/Portable-FoundryVTT-v13.348/App/resources/app/dist/packages/world.mjs:1:5420)\n    at async World.setup (file:///D:/Juegos/Foundry_daggerheart_git/Foundry-daggerheart/Portable-FoundryVTT-v13.348/App/resources/app/dist/packages/world.mjs:1:10727)","timestamp":"2026-03-09 13:53:46"}
{"level":"warn","message":"FoundryVTT | Attempting database repair for ..\\..\\Data\\Data\\worlds\\fe-west-marches\\packs\\homebrew-adversaries","timestamp":"2026-03-09 13:53:46"}
{"level":"warn","message":"FoundryVTT | Repair of ..\\..\\Data\\Data\\worlds\\fe-west-marches\\packs\\homebrew-adversaries complete. Attempting re-connection","timestamp":"2026-03-09 13:53:46"}
{"level":"info","message":"Connected to database \"world.homebrew-adversaries\"","timestamp":"2026-03-09 13:53:46"}
{"level":"info","message":"Launching World | Loading Package Data - 3%","timestamp":"2026-03-09 13:53:46"}
{"code":"LEVEL_DATABASE_NOT_OPEN","level":"error","message":"Failed to connect to database \"world.homebrew-adversaries-features\": Database failed to open","stack":"Error: Failed to connect to database \"world.homebrew-adversaries-features\": Database failed to open\n    at LevelDatabase.open (D:\\Juegos\\Foundry_daggerheart_git\\Foundry-daggerheart\\Portable-FoundryVTT-v13.348\\App\\resources\\app\\node_modules\\abstract-level\\abstract-level.js:159:43)\n    at async LevelDatabase.connect (file:///D:/Juegos/Foundry_daggerheart_git/Foundry-daggerheart/Portable-FoundryVTT-v13.348/App/resources/app/dist/database/backend/level-database.mjs:1:838)\n    at async Function._connect (file:///D:/Juegos/Foundry_daggerheart_git/Foundry-daggerheart/Portable-FoundryVTT-v13.348/App/resources/app/dist/database/backend/server-document.mjs:1:6341)\n    at async Function.connect (file:///D:/Juegos/Foundry_daggerheart_git/Foundry-daggerheart/Portable-FoundryVTT-v13.348/App/resources/app/dist/database/backend/server-document.mjs:1:5895)\n    at async World.updateActivePacks (file:///D:/Juegos/Foundry_daggerheart_git/Foundry-daggerheart/Portable-FoundryVTT-v13.348/App/resources/app/dist/packages/world.mjs:1:5420)\n    at async World.setup (file:///D:/Juegos/Foundry_daggerheart_git/Foundry-daggerheart/Portable-FoundryVTT-v13.348/App/resources/app/dist/packages/world.mjs:1:10727)","timestamp":"2026-03-09 13:53:46"}
{"level":"warn","message":"FoundryVTT | Attempting database repair for ..\\..\\Data\\Data\\worlds\\fe-west-marches\\packs\\homebrew-adversaries-features","timestamp":"2026-03-09 13:53:46"}
{"level":"warn","message":"FoundryVTT | Repair of ..\\..\\Data\\Data\\worlds\\fe-west-marches\\packs\\homebrew-adversaries-features complete. Attempting re-connection","timestamp":"2026-03-09 13:53:46"}
{"level":"info","message":"Connected to database \"world.homebrew-adversaries-features\"","timestamp":"2026-03-09 13:53:46"}
{"level":"info","message":"Launching World | Loading Package Data - 5%","timestamp":"2026-03-09 13:53:46"}
{"code":"LEVEL_DATABASE_NOT_OPEN","level":"error","message":"Failed to connect to database \"daggerheart.classes\": Database failed to open","stack":"Error: Failed to connect to database \"daggerheart.classes\": Database failed to open\n    at LevelDatabase.open (D:\\Juegos\\Foundry_daggerheart_git\\Foundry-daggerheart\\Portable-FoundryVTT-v13.348\\App\\resources\\app\\node_modules\\abstract-level\\abstract-level.js:159:43)\n    at async LevelDatabase.connect (file:///D:/Juegos/Foundry_daggerheart_git/Foundry-daggerheart/Portable-FoundryVTT-v13.348/App/resources/app/dist/database/backend/level-database.mjs:1:838)\n    at async Function._connect (file:///D:/Juegos/Foundry_daggerheart_git/Foundry-daggerheart/Portable-FoundryVTT-v13.348/App/resources/app/dist/database/backend/server-document.mjs:1:6341)\n    at async Function.connect (file:///D:/Juegos/Foundry_daggerheart_git/Foundry-daggerheart/Portable-FoundryVTT-v13.348/App/resources/app/dist/database/backend/server-document.mjs:1:5895)\n    at async World.updateActivePacks (file:///D:/Juegos/Foundry_daggerheart_git/Foundry-daggerheart/Portable-FoundryVTT-v13.348/App/resources/app/dist/packages/world.mjs:1:5420)\n    at async World.setup (file:///D:/Juegos/Foundry_daggerheart_git/Foundry-daggerheart/Portable-FoundryVTT-v13.348/App/resources/app/dist/packages/world.mjs:1:10727)","timestamp":"2026-03-09 13:53:46"}
{"level":"warn","message":"FoundryVTT | Attempting database repair for ..\\..\\Data\\Data\\systems\\daggerheart\\packs\\classes","timestamp":"2026-03-09 13:53:46"}
{"level":"warn","message":"FoundryVTT | Repair of ..\\..\\Data\\Data\\systems\\daggerheart\\packs\\classes complete. Attempting re-connection","timestamp":"2026-03-09 13:53:46"}
{"level":"info","message":"Connected to database \"daggerheart.classes\"","timestamp":"2026-03-09 13:53:46"}
{"level":"info","message":"Launching World | Loading Package Data - 8%","timestamp":"2026-03-09 13:53:46"}
{"code":"LEVEL_DATABASE_NOT_OPEN","level":"error","message":"Failed to connect to database \"daggerheart.subclasses\": Database failed to open","stack":"Error: Failed to connect to database \"daggerheart.subclasses\": Database failed to open\n    at LevelDatabase.open (D:\\Juegos\\Foundry_daggerheart_git\\Foundry-daggerheart\\Portable-FoundryVTT-v13.348\\App\\resources\\app\\node_modules\\abstract-level\\abstract-level.js:159:43)\n    at async LevelDatabase.connect (file:///D:/Juegos/Foundry_daggerheart_git/Foundry-daggerheart/Portable-FoundryVTT-v13.348/App/resources/app/dist/database/backend/level-database.mjs:1:838)\n    at async Function._connect (file:///D:/Juegos/Foundry_daggerheart_git/Foundry-daggerheart/Portable-FoundryVTT-v13.348/App/resources/app/dist/database/backend/server-document.mjs:1:6341)\n    at async Function.connect (file:///D:/Juegos/Foundry_daggerheart_git/Foundry-daggerheart/Portable-FoundryVTT-v13.348/App/resources/app/dist/database/backend/server-document.mjs:1:5895)\n    at async World.updateActivePacks (file:///D:/Juegos/Foundry_daggerheart_git/Foundry-daggerheart/Portable-FoundryVTT-v13.348/App/resources/app/dist/packages/world.mjs:1:5420)\n    at async World.setup (file:///D:/Juegos/Foundry_daggerheart_git/Foundry-daggerheart/Portable-FoundryVTT-v13.348/App/resources/app/dist/packages/world.mjs:1:10727)","timestamp":"2026-03-09 13:53:46"}
{"level":"warn","message":"FoundryVTT | Attempting database repair for ..\\..\\Data\\Data\\systems\\daggerheart\\packs\\subclasses","timestamp":"2026-03-09 13:53:46"}
{"level":"warn","message":"FoundryVTT | Repair of ..\\..\\Data\\Data\\systems\\daggerheart\\packs\\subclasses complete. Attempting re-connection","timestamp":"2026-03-09 13:53:46"}
{"level":"info","message":"Connected to database \"daggerheart.subclasses\"","timestamp":"2026-03-09 13:53:47"}
{"level":"info","message":"Launching World | Loading Package Data - 10%","timestamp":"2026-03-09 13:53:47"}
{"code":"LEVEL_DATABASE_NOT_OPEN","level":"error","message":"Failed to connect to database \"daggerheart.domains\": Database failed to open","stack":"Error: Failed to connect to database \"daggerheart.domains\": Database failed to open\n    at LevelDatabase.open (D:\\Juegos\\Foundry_daggerheart_git\\Foundry-daggerheart\\Portable-FoundryVTT-v13.348\\App\\resources\\app\\node_modules\\abstract-level\\abstract-level.js:159:43)\n    at async LevelDatabase.connect (file:///D:/Juegos/Foundry_daggerheart_git/Foundry-daggerheart/Portable-FoundryVTT-v13.348/App/resources/app/dist/database/backend/level-database.mjs:1:838)\n    at async Function._connect (file:///D:/Juegos/Foundry_daggerheart_git/Foundry-daggerheart/Portable-FoundryVTT-v13.348/App/resources/app/dist/database/backend/server-document.mjs:1:6341)\n    at async Function.connect (file:///D:/Juegos/Foundry_daggerheart_git/Foundry-daggerheart/Portable-FoundryVTT-v13.348/App/resources/app/dist/database/backend/server-document.mjs:1:5895)\n    at async World.updateActivePacks (file:///D:/Juegos/Foundry_daggerheart_git/Foundry-daggerheart/Portable-FoundryVTT-v13.348/App/resources/app/dist/packages/world.mjs:1:5420)\n    at async World.setup (file:///D:/Juegos/Foundry_daggerheart_git/Foundry-daggerheart/Portable-FoundryVTT-v13.348/App/resources/app/dist/packages/world.mjs:1:10727)","timestamp":"2026-03-09 13:53:47"}
{"level":"warn","message":"FoundryVTT | Attempting database repair for ..\\..\\Data\\Data\\systems\\daggerheart\\packs\\domains","timestamp":"2026-03-09 13:53:47"}
{"level":"warn","message":"FoundryVTT | Repair of ..\\..\\Data\\Data\\systems\\daggerheart\\packs\\domains complete. Attempting re-connection","timestamp":"2026-03-09 13:53:47"}
{"level":"info","message":"Connected to database \"daggerheart.domains\"","timestamp":"2026-03-09 13:53:47"}
{"level":"info","message":"Launching World | Loading Package Data - 13%","timestamp":"2026-03-09 13:53:47"}
{"code":"LEVEL_DATABASE_NOT_OPEN","level":"error","message":"Failed to connect to database \"daggerheart.ancestries\": Database failed to open","stack":"Error: Failed to connect to database \"daggerheart.ancestries\": Database failed to open\n    at LevelDatabase.open (D:\\Juegos\\Foundry_daggerheart_git\\Foundry-daggerheart\\Portable-FoundryVTT-v13.348\\App\\resources\\app\\node_modules\\abstract-level\\abstract-level.js:159:43)\n    at async LevelDatabase.connect (file:///D:/Juegos/Foundry_daggerheart_git/Foundry-daggerheart/Portable-FoundryVTT-v13.348/App/resources/app/dist/database/backend/level-database.mjs:1:838)\n    at async Function._connect (file:///D:/Juegos/Foundry_daggerheart_git/Foundry-daggerheart/Portable-FoundryVTT-v13.348/App/resources/app/dist/database/backend/server-document.mjs:1:6341)\n    at async Function.connect (file:///D:/Juegos/Foundry_daggerheart_git/Foundry-daggerheart/Portable-FoundryVTT-v13.348/App/resources/app/dist/database/backend/server-document.mjs:1:5895)\n    at async World.updateActivePacks (file:///D:/Juegos/Foundry_daggerheart_git/Foundry-daggerheart/Portable-FoundryVTT-v13.348/App/resources/app/dist/packages/world.mjs:1:5420)\n    at async World.setup (file:///D:/Juegos/Foundry_daggerheart_git/Foundry-daggerheart/Portable-FoundryVTT-v13.348/App/resources/app/dist/packages/world.mjs:1:10727)","timestamp":"2026-03-09 13:53:47"}
{"level":"warn","message":"FoundryVTT | Attempting database repair for ..\\..\\Data\\Data\\systems\\daggerheart\\packs\\ancestries","timestamp":"2026-03-09 13:53:47"}
{"level":"warn","message":"FoundryVTT | Repair of ..\\..\\Data\\Data\\systems\\daggerheart\\packs\\ancestries complete. Attempting re-connection","timestamp":"2026-03-09 13:53:47"}
{"level":"info","message":"Connected to database \"daggerheart.ancestries\"","timestamp":"2026-03-09 13:53:47"}
{"level":"info","message":"Launching World | Loading Package Data - 15%","timestamp":"2026-03-09 13:53:47"}
{"code":"LEVEL_DATABASE_NOT_OPEN","level":"error","message":"Failed to connect to database \"daggerheart.communities\": Database failed to open","stack":"Error: Failed to connect to database \"daggerheart.communities\": Database failed to open\n    at LevelDatabase.open (D:\\Juegos\\Foundry_daggerheart_git\\Foundry-daggerheart\\Portable-FoundryVTT-v13.348\\App\\resources\\app\\node_modules\\abstract-level\\abstract-level.js:159:43)\n    at async LevelDatabase.connect (file:///D:/Juegos/Foundry_daggerheart_git/Foundry-daggerheart/Portable-FoundryVTT-v13.348/App/resources/app/dist/database/backend/level-database.mjs:1:838)\n    at async Function._connect (file:///D:/Juegos/Foundry_daggerheart_git/Foundry-daggerheart/Portable-FoundryVTT-v13.348/App/resources/app/dist/database/backend/server-document.mjs:1:6341)\n    at async Function.connect (file:///D:/Juegos/Foundry_daggerheart_git/Foundry-daggerheart/Portable-FoundryVTT-v13.348/App/resources/app/dist/database/backend/server-document.mjs:1:5895)\n    at async World.updateActivePacks (file:///D:/Juegos/Foundry_daggerheart_git/Foundry-daggerheart/Portable-FoundryVTT-v13.348/App/resources/app/dist/packages/world.mjs:1:5420)\n    at async World.setup (file:///D:/Juegos/Foundry_daggerheart_git/Foundry-daggerheart/Portable-FoundryVTT-v13.348/App/resources/app/dist/packages/world.mjs:1:10727)","timestamp":"2026-03-09 13:53:47"}
{"level":"warn","message":"FoundryVTT | Attempting database repair for ..\\..\\Data\\Data\\systems\\daggerheart\\packs\\communities","timestamp":"2026-03-09 13:53:47"}
{"level":"warn","message":"FoundryVTT | Repair of ..\\..\\Data\\Data\\systems\\daggerheart\\packs\\communities complete. Attempting re-connection","timestamp":"2026-03-09 13:53:47"}
{"level":"info","message":"Connected to database \"daggerheart.communities\"","timestamp":"2026-03-09 13:53:47"}
{"level":"info","message":"Launching World | Loading Package Data - 18%","timestamp":"2026-03-09 13:53:47"}
{"code":"LEVEL_DATABASE_NOT_OPEN","level":"error","message":"Failed to connect to database \"daggerheart.weapons\": Database failed to open","stack":"Error: Failed to connect to database \"daggerheart.weapons\": Database failed to open\n    at LevelDatabase.open (D:\\Juegos\\Foundry_daggerheart_git\\Foundry-daggerheart\\Portable-FoundryVTT-v13.348\\App\\resources\\app\\node_modules\\abstract-level\\abstract-level.js:159:43)\n    at async LevelDatabase.connect (file:///D:/Juegos/Foundry_daggerheart_git/Foundry-daggerheart/Portable-FoundryVTT-v13.348/App/resources/app/dist/database/backend/level-database.mjs:1:838)\n    at async Function._connect (file:///D:/Juegos/Foundry_daggerheart_git/Foundry-daggerheart/Portable-FoundryVTT-v13.348/App/resources/app/dist/database/backend/server-document.mjs:1:6341)\n    at async Function.connect (file:///D:/Juegos/Foundry_daggerheart_git/Foundry-daggerheart/Portable-FoundryVTT-v13.348/App/resources/app/dist/database/backend/server-document.mjs:1:5895)\n    at async World.updateActivePacks (file:///D:/Juegos/Foundry_daggerheart_git/Foundry-daggerheart/Portable-FoundryVTT-v13.348/App/resources/app/dist/packages/world.mjs:1:5420)\n    at async World.setup (file:///D:/Juegos/Foundry_daggerheart_git/Foundry-daggerheart/Portable-FoundryVTT-v13.348/App/resources/app/dist/packages/world.mjs:1:10727)","timestamp":"2026-03-09 13:53:47"}
{"level":"warn","message":"FoundryVTT | Attempting database repair for ..\\..\\Data\\Data\\systems\\daggerheart\\packs\\items\\weapons","timestamp":"2026-03-09 13:53:47"}
{"level":"warn","message":"FoundryVTT | Repair of ..\\..\\Data\\Data\\systems\\daggerheart\\packs\\items\\weapons complete. Attempting re-connection","timestamp":"2026-03-09 13:53:47"}
{"level":"info","message":"Connected to database \"daggerheart.weapons\"","timestamp":"2026-03-09 13:53:47"}
{"level":"info","message":"Launching World | Loading Package Data - 21%","timestamp":"2026-03-09 13:53:47"}
{"code":"LEVEL_DATABASE_NOT_OPEN","level":"error","message":"Failed to connect to database \"daggerheart.armors\": Database failed to open","stack":"Error: Failed to connect to database \"daggerheart.armors\": Database failed to open\n    at LevelDatabase.open (D:\\Juegos\\Foundry_daggerheart_git\\Foundry-daggerheart\\Portable-FoundryVTT-v13.348\\App\\resources\\app\\node_modules\\abstract-level\\abstract-level.js:159:43)\n    at async LevelDatabase.connect (file:///D:/Juegos/Foundry_daggerheart_git/Foundry-daggerheart/Portable-FoundryVTT-v13.348/App/resources/app/dist/database/backend/level-database.mjs:1:838)\n    at async Function._connect (file:///D:/Juegos/Foundry_daggerheart_git/Foundry-daggerheart/Portable-FoundryVTT-v13.348/App/resources/app/dist/database/backend/server-document.mjs:1:6341)\n    at async Function.connect (file:///D:/Juegos/Foundry_daggerheart_git/Foundry-daggerheart/Portable-FoundryVTT-v13.348/App/resources/app/dist/database/backend/server-document.mjs:1:5895)\n    at async World.updateActivePacks (file:///D:/Juegos/Foundry_daggerheart_git/Foundry-daggerheart/Portable-FoundryVTT-v13.348/App/resources/app/dist/packages/world.mjs:1:5420)\n    at async World.setup (file:///D:/Juegos/Foundry_daggerheart_git/Foundry-daggerheart/Portable-FoundryVTT-v13.348/App/resources/app/dist/packages/world.mjs:1:10727)","timestamp":"2026-03-09 13:53:47"}
{"level":"warn","message":"FoundryVTT | Attempting database repair for ..\\..\\Data\\Data\\systems\\daggerheart\\packs\\items\\armors","timestamp":"2026-03-09 13:53:47"}
{"level":"warn","message":"FoundryVTT | Repair of ..\\..\\Data\\Data\\systems\\daggerheart\\packs\\items\\armors complete. Attempting re-connection","timestamp":"2026-03-09 13:53:47"}
{"level":"info","message":"Connected to database \"daggerheart.armors\"","timestamp":"2026-03-09 13:53:48"}
{"level":"info","message":"Launching World | Loading Package Data - 23%","timestamp":"2026-03-09 13:53:48"}
{"code":"LEVEL_DATABASE_NOT_OPEN","level":"error","message":"Failed to connect to database \"daggerheart.consumables\": Database failed to open","stack":"Error: Failed to connect to database \"daggerheart.consumables\": Database failed to open\n    at LevelDatabase.open (D:\\Juegos\\Foundry_daggerheart_git\\Foundry-daggerheart\\Portable-FoundryVTT-v13.348\\App\\resources\\app\\node_modules\\abstract-level\\abstract-level.js:159:43)\n    at async LevelDatabase.connect (file:///D:/Juegos/Foundry_daggerheart_git/Foundry-daggerheart/Portable-FoundryVTT-v13.348/App/resources/app/dist/database/backend/level-database.mjs:1:838)\n    at async Function._connect (file:///D:/Juegos/Foundry_daggerheart_git/Foundry-daggerheart/Portable-FoundryVTT-v13.348/App/resources/app/dist/database/backend/server-document.mjs:1:6341)\n    at async Function.connect (file:///D:/Juegos/Foundry_daggerheart_git/Foundry-daggerheart/Portable-FoundryVTT-v13.348/App/resources/app/dist/database/backend/server-document.mjs:1:5895)\n    at async World.updateActivePacks (file:///D:/Juegos/Foundry_daggerheart_git/Foundry-daggerheart/Portable-FoundryVTT-v13.348/App/resources/app/dist/packages/world.mjs:1:5420)\n    at async World.setup (file:///D:/Juegos/Foundry_daggerheart_git/Foundry-daggerheart/Portable-FoundryVTT-v13.348/App/resources/app/dist/packages/world.mjs:1:10727)","timestamp":"2026-03-09 13:53:48"}
{"level":"warn","message":"FoundryVTT | Attempting database repair for ..\\..\\Data\\Data\\systems\\daggerheart\\packs\\items\\consumables","timestamp":"2026-03-09 13:53:48"}
{"level":"warn","message":"FoundryVTT | Repair of ..\\..\\Data\\Data\\systems\\daggerheart\\packs\\items\\consumables complete. Attempting re-connection","timestamp":"2026-03-09 13:53:48"}
{"level":"info","message":"Connected to database \"daggerheart.consumables\"","timestamp":"2026-03-09 13:53:48"}
{"level":"info","message":"Launching World | Loading Package Data - 26%","timestamp":"2026-03-09 13:53:48"}
{"code":"LEVEL_DATABASE_NOT_OPEN","level":"error","message":"Failed to connect to database \"daggerheart.loot\": Database failed to open","stack":"Error: Failed to connect to database \"daggerheart.loot\": Database failed to open\n    at LevelDatabase.open (D:\\Juegos\\Foundry_daggerheart_git\\Foundry-daggerheart\\Portable-FoundryVTT-v13.348\\App\\resources\\app\\node_modules\\abstract-level\\abstract-level.js:159:43)\n    at async LevelDatabase.connect (file:///D:/Juegos/Foundry_daggerheart_git/Foundry-daggerheart/Portable-FoundryVTT-v13.348/App/resources/app/dist/database/backend/level-database.mjs:1:838)\n    at async Function._connect (file:///D:/Juegos/Foundry_daggerheart_git/Foundry-daggerheart/Portable-FoundryVTT-v13.348/App/resources/app/dist/database/backend/server-document.mjs:1:6341)\n    at async Function.connect (file:///D:/Juegos/Foundry_daggerheart_git/Foundry-daggerheart/Portable-FoundryVTT-v13.348/App/resources/app/dist/database/backend/server-document.mjs:1:5895)\n    at async World.updateActivePacks (file:///D:/Juegos/Foundry_daggerheart_git/Foundry-daggerheart/Portable-FoundryVTT-v13.348/App/resources/app/dist/packages/world.mjs:1:5420)\n    at async World.setup (file:///D:/Juegos/Foundry_daggerheart_git/Foundry-daggerheart/Portable-FoundryVTT-v13.348/App/resources/app/dist/packages/world.mjs:1:10727)","timestamp":"2026-03-09 13:53:48"}
{"level":"warn","message":"FoundryVTT | Attempting database repair for ..\\..\\Data\\Data\\systems\\daggerheart\\packs\\items\\loot","timestamp":"2026-03-09 13:53:48"}
{"level":"warn","message":"FoundryVTT | Repair of ..\\..\\Data\\Data\\systems\\daggerheart\\packs\\items\\loot complete. Attempting re-connection","timestamp":"2026-03-09 13:53:48"}
{"level":"info","message":"Connected to database \"daggerheart.loot\"","timestamp":"2026-03-09 13:53:48"}
{"level":"info","message":"Launching World | Loading Package Data - 28%","timestamp":"2026-03-09 13:53:48"}
{"code":"LEVEL_DATABASE_NOT_OPEN","level":"error","message":"Failed to connect to database \"daggerheart.adversaries\": Database failed to open","stack":"Error: Failed to connect to database \"daggerheart.adversaries\": Database failed to open\n    at LevelDatabase.open (D:\\Juegos\\Foundry_daggerheart_git\\Foundry-daggerheart\\Portable-FoundryVTT-v13.348\\App\\resources\\app\\node_modules\\abstract-level\\abstract-level.js:159:43)\n    at async LevelDatabase.connect (file:///D:/Juegos/Foundry_daggerheart_git/Foundry-daggerheart/Portable-FoundryVTT-v13.348/App/resources/app/dist/database/backend/level-database.mjs:1:838)\n    at async Function._connect (file:///D:/Juegos/Foundry_daggerheart_git/Foundry-daggerheart/Portable-FoundryVTT-v13.348/App/resources/app/dist/database/backend/server-document.mjs:1:6341)\n    at async Function.connect (file:///D:/Juegos/Foundry_daggerheart_git/Foundry-daggerheart/Portable-FoundryVTT-v13.348/App/resources/app/dist/database/backend/server-document.mjs:1:5895)\n    at async World.updateActivePacks (file:///D:/Juegos/Foundry_daggerheart_git/Foundry-daggerheart/Portable-FoundryVTT-v13.348/App/resources/app/dist/packages/world.mjs:1:5420)\n    at async World.setup (file:///D:/Juegos/Foundry_daggerheart_git/Foundry-daggerheart/Portable-FoundryVTT-v13.348/App/resources/app/dist/packages/world.mjs:1:10727)","timestamp":"2026-03-09 13:53:48"}
{"level":"warn","message":"FoundryVTT | Attempting database repair for ..\\..\\Data\\Data\\systems\\daggerheart\\packs\\adversaries","timestamp":"2026-03-09 13:53:48"}
{"level":"warn","message":"FoundryVTT | Repair of ..\\..\\Data\\Data\\systems\\daggerheart\\packs\\adversaries complete. Attempting re-connection","timestamp":"2026-03-09 13:53:48"}
{"level":"info","message":"Connected to database \"daggerheart.adversaries\"","timestamp":"2026-03-09 13:53:48"}
{"level":"info","message":"Launching World | Loading Package Data - 31%","timestamp":"2026-03-09 13:53:48"}
{"code":"LEVEL_DATABASE_NOT_OPEN","level":"error","message":"Failed to connect to database \"daggerheart.environments\": Database failed to open","stack":"Error: Failed to connect to database \"daggerheart.environments\": Database failed to open\n    at LevelDatabase.open (D:\\Juegos\\Foundry_daggerheart_git\\Foundry-daggerheart\\Portable-FoundryVTT-v13.348\\App\\resources\\app\\node_modules\\abstract-level\\abstract-level.js:159:43)\n    at async LevelDatabase.connect (file:///D:/Juegos/Foundry_daggerheart_git/Foundry-daggerheart/Portable-FoundryVTT-v13.348/App/resources/app/dist/database/backend/level-database.mjs:1:838)\n    at async Function._connect (file:///D:/Juegos/Foundry_daggerheart_git/Foundry-daggerheart/Portable-FoundryVTT-v13.348/App/resources/app/dist/database/backend/server-document.mjs:1:6341)\n    at async Function.connect (file:///D:/Juegos/Foundry_daggerheart_git/Foundry-daggerheart/Portable-FoundryVTT-v13.348/App/resources/app/dist/database/backend/server-document.mjs:1:5895)\n    at async World.updateActivePacks (file:///D:/Juegos/Foundry_daggerheart_git/Foundry-daggerheart/Portable-FoundryVTT-v13.348/App/resources/app/dist/packages/world.mjs:1:5420)\n    at async World.setup (file:///D:/Juegos/Foundry_daggerheart_git/Foundry-daggerheart/Portable-FoundryVTT-v13.348/App/resources/app/dist/packages/world.mjs:1:10727)","timestamp":"2026-03-09 13:53:48"}
{"level":"warn","message":"FoundryVTT | Attempting database repair for ..\\..\\Data\\Data\\systems\\daggerheart\\packs\\environments","timestamp":"2026-03-09 13:53:48"}
{"level":"warn","message":"FoundryVTT | Repair of ..\\..\\Data\\Data\\systems\\daggerheart\\packs\\environments complete. Attempting re-connection","timestamp":"2026-03-09 13:53:48"}
{"level":"info","message":"Connected to database \"daggerheart.environments\"","timestamp":"2026-03-09 13:53:49"}
{"level":"info","message":"Launching World | Loading Package Data - 33%","timestamp":"2026-03-09 13:53:49"}
{"code":"LEVEL_DATABASE_NOT_OPEN","level":"error","message":"Failed to connect to database \"daggerheart.journals\": Database failed to open","stack":"Error: Failed to connect to database \"daggerheart.journals\": Database failed to open\n    at LevelDatabase.open (D:\\Juegos\\Foundry_daggerheart_git\\Foundry-daggerheart\\Portable-FoundryVTT-v13.348\\App\\resources\\app\\node_modules\\abstract-level\\abstract-level.js:159:43)\n    at async LevelDatabase.connect (file:///D:/Juegos/Foundry_daggerheart_git/Foundry-daggerheart/Portable-FoundryVTT-v13.348/App/resources/app/dist/database/backend/level-database.mjs:1:838)\n    at async Function._connect (file:///D:/Juegos/Foundry_daggerheart_git/Foundry-daggerheart/Portable-FoundryVTT-v13.348/App/resources/app/dist/database/backend/server-document.mjs:1:6341)\n    at async Function.connect (file:///D:/Juegos/Foundry_daggerheart_git/Foundry-daggerheart/Portable-FoundryVTT-v13.348/App/resources/app/dist/database/backend/server-document.mjs:1:5895)\n    at async World.updateActivePacks (file:///D:/Juegos/Foundry_daggerheart_git/Foundry-daggerheart/Portable-FoundryVTT-v13.348/App/resources/app/dist/packages/world.mjs:1:5420)\n    at async World.setup (file:///D:/Juegos/Foundry_daggerheart_git/Foundry-daggerheart/Portable-FoundryVTT-v13.348/App/resources/app/dist/packages/world.mjs:1:10727)","timestamp":"2026-03-09 13:53:49"}
{"level":"warn","message":"FoundryVTT | Attempting database repair for ..\\..\\Data\\Data\\systems\\daggerheart\\packs\\journals","timestamp":"2026-03-09 13:53:49"}
{"level":"warn","message":"FoundryVTT | Repair of ..\\..\\Data\\Data\\systems\\daggerheart\\packs\\journals complete. Attempting re-connection","timestamp":"2026-03-09 13:53:49"}
{"level":"info","message":"Connected to database \"daggerheart.journals\"","timestamp":"2026-03-09 13:53:49"}
{"level":"info","message":"Launching World | Loading Package Data - 36%","timestamp":"2026-03-09 13:53:49"}
{"code":"LEVEL_DATABASE_NOT_OPEN","level":"error","message":"Failed to connect to database \"daggerheart.beastforms\": Database failed to open","stack":"Error: Failed to connect to database \"daggerheart.beastforms\": Database failed to open\n    at LevelDatabase.open (D:\\Juegos\\Foundry_daggerheart_git\\Foundry-daggerheart\\Portable-FoundryVTT-v13.348\\App\\resources\\app\\node_modules\\abstract-level\\abstract-level.js:159:43)\n    at async LevelDatabase.connect (file:///D:/Juegos/Foundry_daggerheart_git/Foundry-daggerheart/Portable-FoundryVTT-v13.348/App/resources/app/dist/database/backend/level-database.mjs:1:838)\n    at async Function._connect (file:///D:/Juegos/Foundry_daggerheart_git/Foundry-daggerheart/Portable-FoundryVTT-v13.348/App/resources/app/dist/database/backend/server-document.mjs:1:6341)\n    at async Function.connect (file:///D:/Juegos/Foundry_daggerheart_git/Foundry-daggerheart/Portable-FoundryVTT-v13.348/App/resources/app/dist/database/backend/server-document.mjs:1:5895)\n    at async World.updateActivePacks (file:///D:/Juegos/Foundry_daggerheart_git/Foundry-daggerheart/Portable-FoundryVTT-v13.348/App/resources/app/dist/packages/world.mjs:1:5420)\n    at async World.setup (file:///D:/Juegos/Foundry_daggerheart_git/Foundry-daggerheart/Portable-FoundryVTT-v13.348/App/resources/app/dist/packages/world.mjs:1:10727)","timestamp":"2026-03-09 13:53:49"}
{"level":"warn","message":"FoundryVTT | Attempting database repair for ..\\..\\Data\\Data\\systems\\daggerheart\\packs\\beastforms","timestamp":"2026-03-09 13:53:49"}
{"level":"warn","message":"FoundryVTT | Repair of ..\\..\\Data\\Data\\systems\\daggerheart\\packs\\beastforms complete. Attempting re-connection","timestamp":"2026-03-09 13:53:49"}
{"level":"info","message":"Connected to database \"daggerheart.beastforms\"","timestamp":"2026-03-09 13:53:49"}
{"level":"info","message":"Launching World | Loading Package Data - 38%","timestamp":"2026-03-09 13:53:49"}
{"code":"LEVEL_DATABASE_NOT_OPEN","level":"error","message":"Failed to connect to database \"art-for-daggerheart.art-for-dh-macros\": Database failed to open","stack":"Error: Failed to connect to database \"art-for-daggerheart.art-for-dh-macros\": Database failed to open\n    at LevelDatabase.open (D:\\Juegos\\Foundry_daggerheart_git\\Foundry-daggerheart\\Portable-FoundryVTT-v13.348\\App\\resources\\app\\node_modules\\abstract-level\\abstract-level.js:159:43)\n    at async LevelDatabase.connect (file:///D:/Juegos/Foundry_daggerheart_git/Foundry-daggerheart/Portable-FoundryVTT-v13.348/App/resources/app/dist/database/backend/level-database.mjs:1:838)\n    at async Function._connect (file:///D:/Juegos/Foundry_daggerheart_git/Foundry-daggerheart/Portable-FoundryVTT-v13.348/App/resources/app/dist/database/backend/server-document.mjs:1:6341)\n    at async Function.connect (file:///D:/Juegos/Foundry_daggerheart_git/Foundry-daggerheart/Portable-FoundryVTT-v13.348/App/resources/app/dist/database/backend/server-document.mjs:1:5895)\n    at async World.updateActivePacks (file:///D:/Juegos/Foundry_daggerheart_git/Foundry-daggerheart/Portable-FoundryVTT-v13.348/App/resources/app/dist/packages/world.mjs:1:5420)\n    at async World.setup (file:///D:/Juegos/Foundry_daggerheart_git/Foundry-daggerheart/Portable-FoundryVTT-v13.348/App/resources/app/dist/packages/world.mjs:1:10727)","timestamp":"2026-03-09 13:53:49"}
{"level":"warn","message":"FoundryVTT | Attempting database repair for ..\\..\\Data\\Data\\modules\\art-for-daggerheart\\packs\\art-for-dh-macros","timestamp":"2026-03-09 13:53:49"}
{"level":"warn","message":"FoundryVTT | Repair of ..\\..\\Data\\Data\\modules\\art-for-daggerheart\\packs\\art-for-dh-macros complete. Attempting re-connection","timestamp":"2026-03-09 13:53:49"}
{"level":"info","message":"Connected to database \"art-for-daggerheart.art-for-dh-macros\"","timestamp":"2026-03-09 13:53:49"}
{"level":"info","message":"Launching World | Loading Package Data - 41%","timestamp":"2026-03-09 13:53:49"}
{"code":"LEVEL_DATABASE_NOT_OPEN","level":"error","message":"Failed to connect to database \"daggerheart-extra-content.motherboard-items\": Database failed to open","stack":"Error: Failed to connect to database \"daggerheart-extra-content.motherboard-items\": Database failed to open\n    at LevelDatabase.open (D:\\Juegos\\Foundry_daggerheart_git\\Foundry-daggerheart\\Portable-FoundryVTT-v13.348\\App\\resources\\app\\node_modules\\abstract-level\\abstract-level.js:159:43)\n    at async LevelDatabase.connect (file:///D:/Juegos/Foundry_daggerheart_git/Foundry-daggerheart/Portable-FoundryVTT-v13.348/App/resources/app/dist/database/backend/level-database.mjs:1:838)\n    at async Function._connect (file:///D:/Juegos/Foundry_daggerheart_git/Foundry-daggerheart/Portable-FoundryVTT-v13.348/App/resources/app/dist/database/backend/server-document.mjs:1:6341)\n    at async Function.connect (file:///D:/Juegos/Foundry_daggerheart_git/Foundry-daggerheart/Portable-FoundryVTT-v13.348/App/resources/app/dist/database/backend/server-document.mjs:1:5895)\n    at async World.updateActivePacks (file:///D:/Juegos/Foundry_daggerheart_git/Foundry-daggerheart/Portable-FoundryVTT-v13.348/App/resources/app/dist/packages/world.mjs:1:5420)\n    at async World.setup (file:///D:/Juegos/Foundry_daggerheart_git/Foundry-daggerheart/Portable-FoundryVTT-v13.348/App/resources/app/dist/packages/world.mjs:1:10727)","timestamp":"2026-03-09 13:53:49"}
{"level":"warn","message":"FoundryVTT | Attempting database repair for ..\\..\\Data\\Data\\modules\\daggerheart-extra-content\\packs\\motherboard-items","timestamp":"2026-03-09 13:53:49"}
{"level":"warn","message":"FoundryVTT | Repair of ..\\..\\Data\\Data\\modules\\daggerheart-extra-content\\packs\\motherboard-items complete. Attempting re-connection","timestamp":"2026-03-09 13:53:49"}
{"level":"info","message":"Connected to database \"daggerheart-extra-content.motherboard-items\"","timestamp":"2026-03-09 13:53:50"}
{"level":"info","message":"Launching World | Loading Package Data - 44%","timestamp":"2026-03-09 13:53:50"}
{"code":"LEVEL_DATABASE_NOT_OPEN","level":"error","message":"Failed to connect to database \"daggerheart-extra-content.macros\": Database failed to open","stack":"Error: Failed to connect to database \"daggerheart-extra-content.macros\": Database failed to open\n    at LevelDatabase.open (D:\\Juegos\\Foundry_daggerheart_git\\Foundry-daggerheart\\Portable-FoundryVTT-v13.348\\App\\resources\\app\\node_modules\\abstract-level\\abstract-level.js:159:43)\n    at async LevelDatabase.connect (file:///D:/Juegos/Foundry_daggerheart_git/Foundry-daggerheart/Portable-FoundryVTT-v13.348/App/resources/app/dist/database/backend/level-database.mjs:1:838)\n    at async Function._connect (file:///D:/Juegos/Foundry_daggerheart_git/Foundry-daggerheart/Portable-FoundryVTT-v13.348/App/resources/app/dist/database/backend/server-document.mjs:1:6341)\n    at async Function.connect (file:///D:/Juegos/Foundry_daggerheart_git/Foundry-daggerheart/Portable-FoundryVTT-v13.348/App/resources/app/dist/database/backend/server-document.mjs:1:5895)\n    at async World.updateActivePacks (file:///D:/Juegos/Foundry_daggerheart_git/Foundry-daggerheart/Portable-FoundryVTT-v13.348/App/resources/app/dist/packages/world.mjs:1:5420)\n    at async World.setup (file:///D:/Juegos/Foundry_daggerheart_git/Foundry-daggerheart/Portable-FoundryVTT-v13.348/App/resources/app/dist/packages/world.mjs:1:10727)","timestamp":"2026-03-09 13:53:50"}
{"level":"warn","message":"FoundryVTT | Attempting database repair for ..\\..\\Data\\Data\\modules\\daggerheart-extra-content\\packs\\macros","timestamp":"2026-03-09 13:53:50"}
{"level":"warn","message":"FoundryVTT | Repair of ..\\..\\Data\\Data\\modules\\daggerheart-extra-content\\packs\\macros complete. Attempting re-connection","timestamp":"2026-03-09 13:53:50"}
{"level":"info","message":"Connected to database \"daggerheart-extra-content.macros\"","timestamp":"2026-03-09 13:53:50"}
{"level":"info","message":"Launching World | Loading Package Data - 46%","timestamp":"2026-03-09 13:53:50"}
{"code":"LEVEL_DATABASE_NOT_OPEN","level":"error","message":"Failed to connect to database \"daggerheart-extra-content.motherboard-tables\": Database failed to open","stack":"Error: Failed to connect to database \"daggerheart-extra-content.motherboard-tables\": Database failed to open\n    at LevelDatabase.open (D:\\Juegos\\Foundry_daggerheart_git\\Foundry-daggerheart\\Portable-FoundryVTT-v13.348\\App\\resources\\app\\node_modules\\abstract-level\\abstract-level.js:159:43)\n    at async LevelDatabase.connect (file:///D:/Juegos/Foundry_daggerheart_git/Foundry-daggerheart/Portable-FoundryVTT-v13.348/App/resources/app/dist/database/backend/level-database.mjs:1:838)\n    at async Function._connect (file:///D:/Juegos/Foundry_daggerheart_git/Foundry-daggerheart/Portable-FoundryVTT-v13.348/App/resources/app/dist/database/backend/server-document.mjs:1:6341)\n    at async Function.connect (file:///D:/Juegos/Foundry_daggerheart_git/Foundry-daggerheart/Portable-FoundryVTT-v13.348/App/resources/app/dist/database/backend/server-document.mjs:1:5895)\n    at async World.updateActivePacks (file:///D:/Juegos/Foundry_daggerheart_git/Foundry-daggerheart/Portable-FoundryVTT-v13.348/App/resources/app/dist/packages/world.mjs:1:5420)\n    at async World.setup (file:///D:/Juegos/Foundry_daggerheart_git/Foundry-daggerheart/Portable-FoundryVTT-v13.348/App/resources/app/dist/packages/world.mjs:1:10727)","timestamp":"2026-03-09 13:53:50"}
{"level":"warn","message":"FoundryVTT | Attempting database repair for ..\\..\\Data\\Data\\modules\\daggerheart-extra-content\\packs\\motherboard-tables","timestamp":"2026-03-09 13:53:50"}
{"level":"warn","message":"FoundryVTT | Repair of ..\\..\\Data\\Data\\modules\\daggerheart-extra-content\\packs\\motherboard-tables complete. Attempting re-connection","timestamp":"2026-03-09 13:53:50"}
{"level":"info","message":"Connected to database \"daggerheart-extra-content.motherboard-tables\"","timestamp":"2026-03-09 13:53:50"}
{"level":"info","message":"Launching World | Loading Package Data - 49%","timestamp":"2026-03-09 13:53:50"}
{"code":"LEVEL_DATABASE_NOT_OPEN","level":"error","message":"Failed to connect to database \"daggerheart-extra-content.adversaries-features\": Database failed to open","stack":"Error: Failed to connect to database \"daggerheart-extra-content.adversaries-features\": Database failed to open\n    at LevelDatabase.open (D:\\Juegos\\Foundry_daggerheart_git\\Foundry-daggerheart\\Portable-FoundryVTT-v13.348\\App\\resources\\app\\node_modules\\abstract-level\\abstract-level.js:159:43)\n    at async LevelDatabase.connect (file:///D:/Juegos/Foundry_daggerheart_git/Foundry-daggerheart/Portable-FoundryVTT-v13.348/App/resources/app/dist/database/backend/level-database.mjs:1:838)\n    at async Function._connect (file:///D:/Juegos/Foundry_daggerheart_git/Foundry-daggerheart/Portable-FoundryVTT-v13.348/App/resources/app/dist/database/backend/server-document.mjs:1:6341)\n    at async Function.connect (file:///D:/Juegos/Foundry_daggerheart_git/Foundry-daggerheart/Portable-FoundryVTT-v13.348/App/resources/app/dist/database/backend/server-document.mjs:1:5895)\n    at async World.updateActivePacks (file:///D:/Juegos/Foundry_daggerheart_git/Foundry-daggerheart/Portable-FoundryVTT-v13.348/App/resources/app/dist/packages/world.mjs:1:5420)\n    at async World.setup (file:///D:/Juegos/Foundry_daggerheart_git/Foundry-daggerheart/Portable-FoundryVTT-v13.348/App/resources/app/dist/packages/world.mjs:1:10727)","timestamp":"2026-03-09 13:53:50"}
{"level":"warn","message":"FoundryVTT | Attempting database repair for ..\\..\\Data\\Data\\modules\\daggerheart-extra-content\\packs\\adversaries-features","timestamp":"2026-03-09 13:53:50"}
{"level":"warn","message":"FoundryVTT | Repair of ..\\..\\Data\\Data\\modules\\daggerheart-extra-content\\packs\\adversaries-features complete. Attempting re-connection","timestamp":"2026-03-09 13:53:50"}
{"level":"info","message":"Connected to database \"daggerheart-extra-content.adversaries-features\"","timestamp":"2026-03-09 13:53:50"}
{"level":"info","message":"Launching World | Loading Package Data - 51%","timestamp":"2026-03-09 13:53:50"}
{"code":"LEVEL_DATABASE_NOT_OPEN","level":"error","message":"Failed to connect to database \"daggerheart-extra-content.useful-journals\": Database failed to open","stack":"Error: Failed to connect to database \"daggerheart-extra-content.useful-journals\": Database failed to open\n    at LevelDatabase.open (D:\\Juegos\\Foundry_daggerheart_git\\Foundry-daggerheart\\Portable-FoundryVTT-v13.348\\App\\resources\\app\\node_modules\\abstract-level\\abstract-level.js:159:43)\n    at async LevelDatabase.connect (file:///D:/Juegos/Foundry_daggerheart_git/Foundry-daggerheart/Portable-FoundryVTT-v13.348/App/resources/app/dist/database/backend/level-database.mjs:1:838)\n    at async Function._connect (file:///D:/Juegos/Foundry_daggerheart_git/Foundry-daggerheart/Portable-FoundryVTT-v13.348/App/resources/app/dist/database/backend/server-document.mjs:1:6341)\n    at async Function.connect (file:///D:/Juegos/Foundry_daggerheart_git/Foundry-daggerheart/Portable-FoundryVTT-v13.348/App/resources/app/dist/database/backend/server-document.mjs:1:5895)\n    at async World.updateActivePacks (file:///D:/Juegos/Foundry_daggerheart_git/Foundry-daggerheart/Portable-FoundryVTT-v13.348/App/resources/app/dist/packages/world.mjs:1:5420)\n    at async World.setup (file:///D:/Juegos/Foundry_daggerheart_git/Foundry-daggerheart/Portable-FoundryVTT-v13.348/App/resources/app/dist/packages/world.mjs:1:10727)","timestamp":"2026-03-09 13:53:50"}
{"level":"warn","message":"FoundryVTT | Attempting database repair for ..\\..\\Data\\Data\\modules\\daggerheart-extra-content\\packs\\useful-journals","timestamp":"2026-03-09 13:53:50"}
{"level":"warn","message":"FoundryVTT | Repair of ..\\..\\Data\\Data\\modules\\daggerheart-extra-content\\packs\\useful-journals complete. Attempting re-connection","timestamp":"2026-03-09 13:53:50"}
{"level":"info","message":"Connected to database \"daggerheart-extra-content.useful-journals\"","timestamp":"2026-03-09 13:53:50"}
{"level":"info","message":"Launching World | Loading Package Data - 54%","timestamp":"2026-03-09 13:53:50"}
{"code":"LEVEL_DATABASE_NOT_OPEN","level":"error","message":"Failed to connect to database \"daggerheart-extra-content.loot-and-consumable-tables\": Database failed to open","stack":"Error: Failed to connect to database \"daggerheart-extra-content.loot-and-consumable-tables\": Database failed to open\n    at LevelDatabase.open (D:\\Juegos\\Foundry_daggerheart_git\\Foundry-daggerheart\\Portable-FoundryVTT-v13.348\\App\\resources\\app\\node_modules\\abstract-level\\abstract-level.js:159:43)\n    at async LevelDatabase.connect (file:///D:/Juegos/Foundry_daggerheart_git/Foundry-daggerheart/Portable-FoundryVTT-v13.348/App/resources/app/dist/database/backend/level-database.mjs:1:838)\n    at async Function._connect (file:///D:/Juegos/Foundry_daggerheart_git/Foundry-daggerheart/Portable-FoundryVTT-v13.348/App/resources/app/dist/database/backend/server-document.mjs:1:6341)\n    at async Function.connect (file:///D:/Juegos/Foundry_daggerheart_git/Foundry-daggerheart/Portable-FoundryVTT-v13.348/App/resources/app/dist/database/backend/server-document.mjs:1:5895)\n    at async World.updateActivePacks (file:///D:/Juegos/Foundry_daggerheart_git/Foundry-daggerheart/Portable-FoundryVTT-v13.348/App/resources/app/dist/packages/world.mjs:1:5420)\n    at async World.setup (file:///D:/Juegos/Foundry_daggerheart_git/Foundry-daggerheart/Portable-FoundryVTT-v13.348/App/resources/app/dist/packages/world.mjs:1:10727)","timestamp":"2026-03-09 13:53:50"}
{"level":"warn","message":"FoundryVTT | Attempting database repair for ..\\..\\Data\\Data\\modules\\daggerheart-extra-content\\packs\\loot-and-consumable-tables","timestamp":"2026-03-09 13:53:50"}
{"level":"warn","message":"FoundryVTT | Repair of ..\\..\\Data\\Data\\modules\\daggerheart-extra-content\\packs\\loot-and-consumable-tables complete. Attempting re-connection","timestamp":"2026-03-09 13:53:51"}
{"level":"info","message":"Connected to database \"daggerheart-extra-content.loot-and-consumable-tables\"","timestamp":"2026-03-09 13:53:51"}
{"level":"info","message":"Launching World | Loading Package Data - 56%","timestamp":"2026-03-09 13:53:51"}
{"code":"LEVEL_DATABASE_NOT_OPEN","level":"error","message":"Failed to connect to database \"daggerheart-extra-content.more-adversaries\": Database failed to open","stack":"Error: Failed to connect to database \"daggerheart-extra-content.more-adversaries\": Database failed to open\n    at LevelDatabase.open (D:\\Juegos\\Foundry_daggerheart_git\\Foundry-daggerheart\\Portable-FoundryVTT-v13.348\\App\\resources\\app\\node_modules\\abstract-level\\abstract-level.js:159:43)\n    at async LevelDatabase.connect (file:///D:/Juegos/Foundry_daggerheart_git/Foundry-daggerheart/Portable-FoundryVTT-v13.348/App/resources/app/dist/database/backend/level-database.mjs:1:838)\n    at async Function._connect (file:///D:/Juegos/Foundry_daggerheart_git/Foundry-daggerheart/Portable-FoundryVTT-v13.348/App/resources/app/dist/database/backend/server-document.mjs:1:6341)\n    at async Function.connect (file:///D:/Juegos/Foundry_daggerheart_git/Foundry-daggerheart/Portable-FoundryVTT-v13.348/App/resources/app/dist/database/backend/server-document.mjs:1:5895)\n    at async World.updateActivePacks (file:///D:/Juegos/Foundry_daggerheart_git/Foundry-daggerheart/Portable-FoundryVTT-v13.348/App/resources/app/dist/packages/world.mjs:1:5420)\n    at async World.setup (file:///D:/Juegos/Foundry_daggerheart_git/Foundry-daggerheart/Portable-FoundryVTT-v13.348/App/resources/app/dist/packages/world.mjs:1:10727)","timestamp":"2026-03-09 13:53:51"}
{"level":"warn","message":"FoundryVTT | Attempting database repair for ..\\..\\Data\\Data\\modules\\daggerheart-extra-content\\packs\\more-adversaries","timestamp":"2026-03-09 13:53:51"}
{"level":"warn","message":"FoundryVTT | Repair of ..\\..\\Data\\Data\\modules\\daggerheart-extra-content\\packs\\more-adversaries complete. Attempting re-connection","timestamp":"2026-03-09 13:53:51"}
{"level":"info","message":"Connected to database \"daggerheart-extra-content.more-adversaries\"","timestamp":"2026-03-09 13:53:51"}
{"level":"info","message":"Launching World | Loading Package Data - 59%","timestamp":"2026-03-09 13:53:51"}
{"code":"LEVEL_DATABASE_NOT_OPEN","level":"error","message":"Failed to connect to database \"daggerheart-extra-content.more-items\": Database failed to open","stack":"Error: Failed to connect to database \"daggerheart-extra-content.more-items\": Database failed to open\n    at LevelDatabase.open (D:\\Juegos\\Foundry_daggerheart_git\\Foundry-daggerheart\\Portable-FoundryVTT-v13.348\\App\\resources\\app\\node_modules\\abstract-level\\abstract-level.js:159:43)\n    at async LevelDatabase.connect (file:///D:/Juegos/Foundry_daggerheart_git/Foundry-daggerheart/Portable-FoundryVTT-v13.348/App/resources/app/dist/database/backend/level-database.mjs:1:838)\n    at async Function._connect (file:///D:/Juegos/Foundry_daggerheart_git/Foundry-daggerheart/Portable-FoundryVTT-v13.348/App/resources/app/dist/database/backend/server-document.mjs:1:6341)\n    at async Function.connect (file:///D:/Juegos/Foundry_daggerheart_git/Foundry-daggerheart/Portable-FoundryVTT-v13.348/App/resources/app/dist/database/backend/server-document.mjs:1:5895)\n    at async World.updateActivePacks (file:///D:/Juegos/Foundry_daggerheart_git/Foundry-daggerheart/Portable-FoundryVTT-v13.348/App/resources/app/dist/packages/world.mjs:1:5420)\n    at async World.setup (file:///D:/Juegos/Foundry_daggerheart_git/Foundry-daggerheart/Portable-FoundryVTT-v13.348/App/resources/app/dist/packages/world.mjs:1:10727)","timestamp":"2026-03-09 13:53:51"}
{"level":"warn","message":"FoundryVTT | Attempting database repair for ..\\..\\Data\\Data\\modules\\daggerheart-extra-content\\packs\\more-items","timestamp":"2026-03-09 13:53:51"}
{"level":"warn","message":"FoundryVTT | Repair of ..\\..\\Data\\Data\\modules\\daggerheart-extra-content\\packs\\more-items complete. Attempting re-connection","timestamp":"2026-03-09 13:53:51"}
{"level":"info","message":"Connected to database \"daggerheart-extra-content.more-items\"","timestamp":"2026-03-09 13:53:51"}
{"level":"info","message":"Launching World | Loading Package Data - 62%","timestamp":"2026-03-09 13:53:51"}
{"code":"LEVEL_DATABASE_NOT_OPEN","level":"error","message":"Failed to connect to database \"daggerheart-extra-content.curses\": Database failed to open","stack":"Error: Failed to connect to database \"daggerheart-extra-content.curses\": Database failed to open\n    at LevelDatabase.open (D:\\Juegos\\Foundry_daggerheart_git\\Foundry-daggerheart\\Portable-FoundryVTT-v13.348\\App\\resources\\app\\node_modules\\abstract-level\\abstract-level.js:159:43)\n    at async LevelDatabase.connect (file:///D:/Juegos/Foundry_daggerheart_git/Foundry-daggerheart/Portable-FoundryVTT-v13.348/App/resources/app/dist/database/backend/level-database.mjs:1:838)\n    at async Function._connect (file:///D:/Juegos/Foundry_daggerheart_git/Foundry-daggerheart/Portable-FoundryVTT-v13.348/App/resources/app/dist/database/backend/server-document.mjs:1:6341)\n    at async Function.connect (file:///D:/Juegos/Foundry_daggerheart_git/Foundry-daggerheart/Portable-FoundryVTT-v13.348/App/resources/app/dist/database/backend/server-document.mjs:1:5895)\n    at async World.updateActivePacks (file:///D:/Juegos/Foundry_daggerheart_git/Foundry-daggerheart/Portable-FoundryVTT-v13.348/App/resources/app/dist/packages/world.mjs:1:5420)\n    at async World.setup (file:///D:/Juegos/Foundry_daggerheart_git/Foundry-daggerheart/Portable-FoundryVTT-v13.348/App/resources/app/dist/packages/world.mjs:1:10727)","timestamp":"2026-03-09 13:53:51"}
{"level":"warn","message":"FoundryVTT | Attempting database repair for ..\\..\\Data\\Data\\modules\\daggerheart-extra-content\\packs\\curses","timestamp":"2026-03-09 13:53:51"}
{"level":"warn","message":"FoundryVTT | Repair of ..\\..\\Data\\Data\\modules\\daggerheart-extra-content\\packs\\curses complete. Attempting re-connection","timestamp":"2026-03-09 13:53:51"}
{"level":"info","message":"Connected to database \"daggerheart-extra-content.curses\"","timestamp":"2026-03-09 13:53:51"}
{"level":"info","message":"Launching World | Loading Package Data - 64%","timestamp":"2026-03-09 13:53:51"}
{"code":"LEVEL_DATABASE_NOT_OPEN","level":"error","message":"Failed to connect to database \"daggerheart-extra-content.ancestry\": Database failed to open","stack":"Error: Failed to connect to database \"daggerheart-extra-content.ancestry\": Database failed to open\n    at LevelDatabase.open (D:\\Juegos\\Foundry_daggerheart_git\\Foundry-daggerheart\\Portable-FoundryVTT-v13.348\\App\\resources\\app\\node_modules\\abstract-level\\abstract-level.js:159:43)\n    at async LevelDatabase.connect (file:///D:/Juegos/Foundry_daggerheart_git/Foundry-daggerheart/Portable-FoundryVTT-v13.348/App/resources/app/dist/database/backend/level-database.mjs:1:838)\n    at async Function._connect (file:///D:/Juegos/Foundry_daggerheart_git/Foundry-daggerheart/Portable-FoundryVTT-v13.348/App/resources/app/dist/database/backend/server-document.mjs:1:6341)\n    at async Function.connect (file:///D:/Juegos/Foundry_daggerheart_git/Foundry-daggerheart/Portable-FoundryVTT-v13.348/App/resources/app/dist/database/backend/server-document.mjs:1:5895)\n    at async World.updateActivePacks (file:///D:/Juegos/Foundry_daggerheart_git/Foundry-daggerheart/Portable-FoundryVTT-v13.348/App/resources/app/dist/packages/world.mjs:1:5420)\n    at async World.setup (file:///D:/Juegos/Foundry_daggerheart_git/Foundry-daggerheart/Portable-FoundryVTT-v13.348/App/resources/app/dist/packages/world.mjs:1:10727)","timestamp":"2026-03-09 13:53:51"}
{"level":"warn","message":"FoundryVTT | Attempting database repair for ..\\..\\Data\\Data\\modules\\daggerheart-extra-content\\packs\\ancestry","timestamp":"2026-03-09 13:53:51"}
{"level":"warn","message":"FoundryVTT | Repair of ..\\..\\Data\\Data\\modules\\daggerheart-extra-content\\packs\\ancestry complete. Attempting re-connection","timestamp":"2026-03-09 13:53:51"}
{"level":"info","message":"Connected to database \"daggerheart-extra-content.ancestry\"","timestamp":"2026-03-09 13:53:51"}
{"level":"info","message":"Launching World | Loading Package Data - 67%","timestamp":"2026-03-09 13:53:51"}
{"code":"LEVEL_DATABASE_NOT_OPEN","level":"error","message":"Failed to connect to database \"daggerheart-extra-content.house-rules\": Database failed to open","stack":"Error: Failed to connect to database \"daggerheart-extra-content.house-rules\": Database failed to open\n    at LevelDatabase.open (D:\\Juegos\\Foundry_daggerheart_git\\Foundry-daggerheart\\Portable-FoundryVTT-v13.348\\App\\resources\\app\\node_modules\\abstract-level\\abstract-level.js:159:43)\n    at async LevelDatabase.connect (file:///D:/Juegos/Foundry_daggerheart_git/Foundry-daggerheart/Portable-FoundryVTT-v13.348/App/resources/app/dist/database/backend/level-database.mjs:1:838)\n    at async Function._connect (file:///D:/Juegos/Foundry_daggerheart_git/Foundry-daggerheart/Portable-FoundryVTT-v13.348/App/resources/app/dist/database/backend/server-document.mjs:1:6341)\n    at async Function.connect (file:///D:/Juegos/Foundry_daggerheart_git/Foundry-daggerheart/Portable-FoundryVTT-v13.348/App/resources/app/dist/database/backend/server-document.mjs:1:5895)\n    at async World.updateActivePacks (file:///D:/Juegos/Foundry_daggerheart_git/Foundry-daggerheart/Portable-FoundryVTT-v13.348/App/resources/app/dist/packages/world.mjs:1:5420)\n    at async World.setup (file:///D:/Juegos/Foundry_daggerheart_git/Foundry-daggerheart/Portable-FoundryVTT-v13.348/App/resources/app/dist/packages/world.mjs:1:10727)","timestamp":"2026-03-09 13:53:51"}
{"level":"warn","message":"FoundryVTT | Attempting database repair for ..\\..\\Data\\Data\\modules\\daggerheart-extra-content\\packs\\house-rules","timestamp":"2026-03-09 13:53:51"}
{"level":"warn","message":"FoundryVTT | Repair of ..\\..\\Data\\Data\\modules\\daggerheart-extra-content\\packs\\house-rules complete. Attempting re-connection","timestamp":"2026-03-09 13:53:51"}
{"level":"info","message":"Connected to database \"daggerheart-extra-content.house-rules\"","timestamp":"2026-03-09 13:53:52"}
{"level":"info","message":"Launching World | Loading Package Data - 69%","timestamp":"2026-03-09 13:53:52"}
{"code":"LEVEL_DATABASE_NOT_OPEN","level":"error","message":"Failed to connect to database \"daggerheart-extra-content.classes\": Database failed to open","stack":"Error: Failed to connect to database \"daggerheart-extra-content.classes\": Database failed to open\n    at LevelDatabase.open (D:\\Juegos\\Foundry_daggerheart_git\\Foundry-daggerheart\\Portable-FoundryVTT-v13.348\\App\\resources\\app\\node_modules\\abstract-level\\abstract-level.js:159:43)\n    at async LevelDatabase.connect (file:///D:/Juegos/Foundry_daggerheart_git/Foundry-daggerheart/Portable-FoundryVTT-v13.348/App/resources/app/dist/database/backend/level-database.mjs:1:838)\n    at async Function._connect (file:///D:/Juegos/Foundry_daggerheart_git/Foundry-daggerheart/Portable-FoundryVTT-v13.348/App/resources/app/dist/database/backend/server-document.mjs:1:6341)\n    at async Function.connect (file:///D:/Juegos/Foundry_daggerheart_git/Foundry-daggerheart/Portable-FoundryVTT-v13.348/App/resources/app/dist/database/backend/server-document.mjs:1:5895)\n    at async World.updateActivePacks (file:///D:/Juegos/Foundry_daggerheart_git/Foundry-daggerheart/Portable-FoundryVTT-v13.348/App/resources/app/dist/packages/world.mjs:1:5420)\n    at async World.setup (file:///D:/Juegos/Foundry_daggerheart_git/Foundry-daggerheart/Portable-FoundryVTT-v13.348/App/resources/app/dist/packages/world.mjs:1:10727)","timestamp":"2026-03-09 13:53:52"}
{"level":"warn","message":"FoundryVTT | Attempting database repair for ..\\..\\Data\\Data\\modules\\daggerheart-extra-content\\packs\\classes","timestamp":"2026-03-09 13:53:52"}
{"level":"warn","message":"FoundryVTT | Repair of ..\\..\\Data\\Data\\modules\\daggerheart-extra-content\\packs\\classes complete. Attempting re-connection","timestamp":"2026-03-09 13:53:52"}
{"level":"info","message":"Connected to database \"daggerheart-extra-content.classes\"","timestamp":"2026-03-09 13:53:52"}
{"level":"info","message":"Launching World | Loading Package Data - 72%","timestamp":"2026-03-09 13:53:52"}
{"code":"LEVEL_DATABASE_NOT_OPEN","level":"error","message":"Failed to connect to database \"daggerheart-extra-content.subclasses\": Database failed to open","stack":"Error: Failed to connect to database \"daggerheart-extra-content.subclasses\": Database failed to open\n    at LevelDatabase.open (D:\\Juegos\\Foundry_daggerheart_git\\Foundry-daggerheart\\Portable-FoundryVTT-v13.348\\App\\resources\\app\\node_modules\\abstract-level\\abstract-level.js:159:43)\n    at async LevelDatabase.connect (file:///D:/Juegos/Foundry_daggerheart_git/Foundry-daggerheart/Portable-FoundryVTT-v13.348/App/resources/app/dist/database/backend/level-database.mjs:1:838)\n    at async Function._connect (file:///D:/Juegos/Foundry_daggerheart_git/Foundry-daggerheart/Portable-FoundryVTT-v13.348/App/resources/app/dist/database/backend/server-document.mjs:1:6341)\n    at async Function.connect (file:///D:/Juegos/Foundry_daggerheart_git/Foundry-daggerheart/Portable-FoundryVTT-v13.348/App/resources/app/dist/database/backend/server-document.mjs:1:5895)\n    at async World.updateActivePacks (file:///D:/Juegos/Foundry_daggerheart_git/Foundry-daggerheart/Portable-FoundryVTT-v13.348/App/resources/app/dist/packages/world.mjs:1:5420)\n    at async World.setup (file:///D:/Juegos/Foundry_daggerheart_git/Foundry-daggerheart/Portable-FoundryVTT-v13.348/App/resources/app/dist/packages/world.mjs:1:10727)","timestamp":"2026-03-09 13:53:52"}
{"level":"warn","message":"FoundryVTT | Attempting database repair for ..\\..\\Data\\Data\\modules\\daggerheart-extra-content\\packs\\subclasses","timestamp":"2026-03-09 13:53:52"}
{"level":"warn","message":"FoundryVTT | Repair of ..\\..\\Data\\Data\\modules\\daggerheart-extra-content\\packs\\subclasses complete. Attempting re-connection","timestamp":"2026-03-09 13:53:52"}
{"level":"info","message":"Connected to database \"daggerheart-extra-content.subclasses\"","timestamp":"2026-03-09 13:53:52"}
{"level":"info","message":"Launching World | Loading Package Data - 74%","timestamp":"2026-03-09 13:53:52"}
{"code":"LEVEL_DATABASE_NOT_OPEN","level":"error","message":"Failed to connect to database \"the-void-unofficial.classes\": Database failed to open","stack":"Error: Failed to connect to database \"the-void-unofficial.classes\": Database failed to open\n    at LevelDatabase.open (D:\\Juegos\\Foundry_daggerheart_git\\Foundry-daggerheart\\Portable-FoundryVTT-v13.348\\App\\resources\\app\\node_modules\\abstract-level\\abstract-level.js:159:43)\n    at async LevelDatabase.connect (file:///D:/Juegos/Foundry_daggerheart_git/Foundry-daggerheart/Portable-FoundryVTT-v13.348/App/resources/app/dist/database/backend/level-database.mjs:1:838)\n    at async Function._connect (file:///D:/Juegos/Foundry_daggerheart_git/Foundry-daggerheart/Portable-FoundryVTT-v13.348/App/resources/app/dist/database/backend/server-document.mjs:1:6341)\n    at async Function.connect (file:///D:/Juegos/Foundry_daggerheart_git/Foundry-daggerheart/Portable-FoundryVTT-v13.348/App/resources/app/dist/database/backend/server-document.mjs:1:5895)\n    at async World.updateActivePacks (file:///D:/Juegos/Foundry_daggerheart_git/Foundry-daggerheart/Portable-FoundryVTT-v13.348/App/resources/app/dist/packages/world.mjs:1:5420)\n    at async World.setup (file:///D:/Juegos/Foundry_daggerheart_git/Foundry-daggerheart/Portable-FoundryVTT-v13.348/App/resources/app/dist/packages/world.mjs:1:10727)","timestamp":"2026-03-09 13:53:52"}
{"level":"warn","message":"FoundryVTT | Attempting database repair for ..\\..\\Data\\Data\\modules\\the-void-unofficial\\packs\\classes","timestamp":"2026-03-09 13:53:52"}
{"level":"warn","message":"FoundryVTT | Repair of ..\\..\\Data\\Data\\modules\\the-void-unofficial\\packs\\classes complete. Attempting re-connection","timestamp":"2026-03-09 13:53:52"}
{"level":"info","message":"Connected to database \"the-void-unofficial.classes\"","timestamp":"2026-03-09 13:53:52"}
{"level":"info","message":"Launching World | Loading Package Data - 77%","timestamp":"2026-03-09 13:53:52"}
{"code":"LEVEL_DATABASE_NOT_OPEN","level":"error","message":"Failed to connect to database \"the-void-unofficial.subclasses\": Database failed to open","stack":"Error: Failed to connect to database \"the-void-unofficial.subclasses\": Database failed to open\n    at LevelDatabase.open (D:\\Juegos\\Foundry_daggerheart_git\\Foundry-daggerheart\\Portable-FoundryVTT-v13.348\\App\\resources\\app\\node_modules\\abstract-level\\abstract-level.js:159:43)\n    at async LevelDatabase.connect (file:///D:/Juegos/Foundry_daggerheart_git/Foundry-daggerheart/Portable-FoundryVTT-v13.348/App/resources/app/dist/database/backend/level-database.mjs:1:838)\n    at async Function._connect (file:///D:/Juegos/Foundry_daggerheart_git/Foundry-daggerheart/Portable-FoundryVTT-v13.348/App/resources/app/dist/database/backend/server-document.mjs:1:6341)\n    at async Function.connect (file:///D:/Juegos/Foundry_daggerheart_git/Foundry-daggerheart/Portable-FoundryVTT-v13.348/App/resources/app/dist/database/backend/server-document.mjs:1:5895)\n    at async World.updateActivePacks (file:///D:/Juegos/Foundry_daggerheart_git/Foundry-daggerheart/Portable-FoundryVTT-v13.348/App/resources/app/dist/packages/world.mjs:1:5420)\n    at async World.setup (file:///D:/Juegos/Foundry_daggerheart_git/Foundry-daggerheart/Portable-FoundryVTT-v13.348/App/resources/app/dist/packages/world.mjs:1:10727)","timestamp":"2026-03-09 13:53:52"}
{"level":"warn","message":"FoundryVTT | Attempting database repair for ..\\..\\Data\\Data\\modules\\the-void-unofficial\\packs\\subclasses","timestamp":"2026-03-09 13:53:52"}
{"level":"warn","message":"FoundryVTT | Repair of ..\\..\\Data\\Data\\modules\\the-void-unofficial\\packs\\subclasses complete. Attempting re-connection","timestamp":"2026-03-09 13:53:52"}
{"level":"info","message":"Connected to database \"the-void-unofficial.subclasses\"","timestamp":"2026-03-09 13:53:52"}
{"level":"info","message":"Launching World | Loading Package Data - 79%","timestamp":"2026-03-09 13:53:52"}
{"code":"LEVEL_DATABASE_NOT_OPEN","level":"error","message":"Failed to connect to database \"the-void-unofficial.ancestries\": Database failed to open","stack":"Error: Failed to connect to database \"the-void-unofficial.ancestries\": Database failed to open\n    at LevelDatabase.open (D:\\Juegos\\Foundry_daggerheart_git\\Foundry-daggerheart\\Portable-FoundryVTT-v13.348\\App\\resources\\app\\node_modules\\abstract-level\\abstract-level.js:159:43)\n    at async LevelDatabase.connect (file:///D:/Juegos/Foundry_daggerheart_git/Foundry-daggerheart/Portable-FoundryVTT-v13.348/App/resources/app/dist/database/backend/level-database.mjs:1:838)\n    at async Function._connect (file:///D:/Juegos/Foundry_daggerheart_git/Foundry-daggerheart/Portable-FoundryVTT-v13.348/App/resources/app/dist/database/backend/server-document.mjs:1:6341)\n    at async Function.connect (file:///D:/Juegos/Foundry_daggerheart_git/Foundry-daggerheart/Portable-FoundryVTT-v13.348/App/resources/app/dist/database/backend/server-document.mjs:1:5895)\n    at async World.updateActivePacks (file:///D:/Juegos/Foundry_daggerheart_git/Foundry-daggerheart/Portable-FoundryVTT-v13.348/App/resources/app/dist/packages/world.mjs:1:5420)\n    at async World.setup (file:///D:/Juegos/Foundry_daggerheart_git/Foundry-daggerheart/Portable-FoundryVTT-v13.348/App/resources/app/dist/packages/world.mjs:1:10727)","timestamp":"2026-03-09 13:53:52"}
{"level":"warn","message":"FoundryVTT | Attempting database repair for ..\\..\\Data\\Data\\modules\\the-void-unofficial\\packs\\ancestries","timestamp":"2026-03-09 13:53:52"}
{"level":"warn","message":"FoundryVTT | Repair of ..\\..\\Data\\Data\\modules\\the-void-unofficial\\packs\\ancestries complete. Attempting re-connection","timestamp":"2026-03-09 13:53:53"}
{"level":"info","message":"Connected to database \"the-void-unofficial.ancestries\"","timestamp":"2026-03-09 13:53:53"}
{"level":"info","message":"Launching World | Loading Package Data - 82%","timestamp":"2026-03-09 13:53:53"}
{"code":"LEVEL_DATABASE_NOT_OPEN","level":"error","message":"Failed to connect to database \"the-void-unofficial.communities\": Database failed to open","stack":"Error: Failed to connect to database \"the-void-unofficial.communities\": Database failed to open\n    at LevelDatabase.open (D:\\Juegos\\Foundry_daggerheart_git\\Foundry-daggerheart\\Portable-FoundryVTT-v13.348\\App\\resources\\app\\node_modules\\abstract-level\\abstract-level.js:159:43)\n    at async LevelDatabase.connect (file:///D:/Juegos/Foundry_daggerheart_git/Foundry-daggerheart/Portable-FoundryVTT-v13.348/App/resources/app/dist/database/backend/level-database.mjs:1:838)\n    at async Function._connect (file:///D:/Juegos/Foundry_daggerheart_git/Foundry-daggerheart/Portable-FoundryVTT-v13.348/App/resources/app/dist/database/backend/server-document.mjs:1:6341)\n    at async Function.connect (file:///D:/Juegos/Foundry_daggerheart_git/Foundry-daggerheart/Portable-FoundryVTT-v13.348/App/resources/app/dist/database/backend/server-document.mjs:1:5895)\n    at async World.updateActivePacks (file:///D:/Juegos/Foundry_daggerheart_git/Foundry-daggerheart/Portable-FoundryVTT-v13.348/App/resources/app/dist/packages/world.mjs:1:5420)\n    at async World.setup (file:///D:/Juegos/Foundry_daggerheart_git/Foundry-daggerheart/Portable-FoundryVTT-v13.348/App/resources/app/dist/packages/world.mjs:1:10727)","timestamp":"2026-03-09 13:53:53"}
{"level":"warn","message":"FoundryVTT | Attempting database repair for ..\\..\\Data\\Data\\modules\\the-void-unofficial\\packs\\communities","timestamp":"2026-03-09 13:53:53"}
{"level":"warn","message":"FoundryVTT | Repair of ..\\..\\Data\\Data\\modules\\the-void-unofficial\\packs\\communities complete. Attempting re-connection","timestamp":"2026-03-09 13:53:53"}
{"level":"info","message":"Connected to database \"the-void-unofficial.communities\"","timestamp":"2026-03-09 13:53:53"}
{"level":"info","message":"Launching World | Loading Package Data - 85%","timestamp":"2026-03-09 13:53:53"}
{"code":"LEVEL_DATABASE_NOT_OPEN","level":"error","message":"Failed to connect to database \"the-void-unofficial.domains\": Database failed to open","stack":"Error: Failed to connect to database \"the-void-unofficial.domains\": Database failed to open\n    at LevelDatabase.open (D:\\Juegos\\Foundry_daggerheart_git\\Foundry-daggerheart\\Portable-FoundryVTT-v13.348\\App\\resources\\app\\node_modules\\abstract-level\\abstract-level.js:159:43)\n    at async LevelDatabase.connect (file:///D:/Juegos/Foundry_daggerheart_git/Foundry-daggerheart/Portable-FoundryVTT-v13.348/App/resources/app/dist/database/backend/level-database.mjs:1:838)\n    at async Function._connect (file:///D:/Juegos/Foundry_daggerheart_git/Foundry-daggerheart/Portable-FoundryVTT-v13.348/App/resources/app/dist/database/backend/server-document.mjs:1:6341)\n    at async Function.connect (file:///D:/Juegos/Foundry_daggerheart_git/Foundry-daggerheart/Portable-FoundryVTT-v13.348/App/resources/app/dist/database/backend/server-document.mjs:1:5895)\n    at async World.updateActivePacks (file:///D:/Juegos/Foundry_daggerheart_git/Foundry-daggerheart/Portable-FoundryVTT-v13.348/App/resources/app/dist/packages/world.mjs:1:5420)\n    at async World.setup (file:///D:/Juegos/Foundry_daggerheart_git/Foundry-daggerheart/Portable-FoundryVTT-v13.348/App/resources/app/dist/packages/world.mjs:1:10727)","timestamp":"2026-03-09 13:53:53"}
{"level":"warn","message":"FoundryVTT | Attempting database repair for ..\\..\\Data\\Data\\modules\\the-void-unofficial\\packs\\domains","timestamp":"2026-03-09 13:53:53"}
{"level":"warn","message":"FoundryVTT | Repair of ..\\..\\Data\\Data\\modules\\the-void-unofficial\\packs\\domains complete. Attempting re-connection","timestamp":"2026-03-09 13:53:53"}
{"level":"info","message":"Connected to database \"the-void-unofficial.domains\"","timestamp":"2026-03-09 13:53:53"}
{"level":"info","message":"Launching World | Loading Package Data - 87%","timestamp":"2026-03-09 13:53:53"}
{"code":"LEVEL_DATABASE_NOT_OPEN","level":"error","message":"Failed to connect to database \"the-void-unofficial.transformations\": Database failed to open","stack":"Error: Failed to connect to database \"the-void-unofficial.transformations\": Database failed to open\n    at LevelDatabase.open (D:\\Juegos\\Foundry_daggerheart_git\\Foundry-daggerheart\\Portable-FoundryVTT-v13.348\\App\\resources\\app\\node_modules\\abstract-level\\abstract-level.js:159:43)\n    at async LevelDatabase.connect (file:///D:/Juegos/Foundry_daggerheart_git/Foundry-daggerheart/Portable-FoundryVTT-v13.348/App/resources/app/dist/database/backend/level-database.mjs:1:838)\n    at async Function._connect (file:///D:/Juegos/Foundry_daggerheart_git/Foundry-daggerheart/Portable-FoundryVTT-v13.348/App/resources/app/dist/database/backend/server-document.mjs:1:6341)\n    at async Function.connect (file:///D:/Juegos/Foundry_daggerheart_git/Foundry-daggerheart/Portable-FoundryVTT-v13.348/App/resources/app/dist/database/backend/server-document.mjs:1:5895)\n    at async World.updateActivePacks (file:///D:/Juegos/Foundry_daggerheart_git/Foundry-daggerheart/Portable-FoundryVTT-v13.348/App/resources/app/dist/packages/world.mjs:1:5420)\n    at async World.setup (file:///D:/Juegos/Foundry_daggerheart_git/Foundry-daggerheart/Portable-FoundryVTT-v13.348/App/resources/app/dist/packages/world.mjs:1:10727)","timestamp":"2026-03-09 13:53:53"}
{"level":"warn","message":"FoundryVTT | Attempting database repair for ..\\..\\Data\\Data\\modules\\the-void-unofficial\\packs\\transformations","timestamp":"2026-03-09 13:53:53"}
{"level":"warn","message":"FoundryVTT | Repair of ..\\..\\Data\\Data\\modules\\the-void-unofficial\\packs\\transformations complete. Attempting re-connection","timestamp":"2026-03-09 13:53:53"}
{"level":"info","message":"Connected to database \"the-void-unofficial.transformations\"","timestamp":"2026-03-09 13:53:54"}
{"level":"info","message":"Launching World | Loading Package Data - 90%","timestamp":"2026-03-09 13:53:54"}
{"code":"LEVEL_DATABASE_NOT_OPEN","level":"error","message":"Failed to connect to database \"the-void-unofficial.weapons\": Database failed to open","stack":"Error: Failed to connect to database \"the-void-unofficial.weapons\": Database failed to open\n    at LevelDatabase.open (D:\\Juegos\\Foundry_daggerheart_git\\Foundry-daggerheart\\Portable-FoundryVTT-v13.348\\App\\resources\\app\\node_modules\\abstract-level\\abstract-level.js:159:43)\n    at async LevelDatabase.connect (file:///D:/Juegos/Foundry_daggerheart_git/Foundry-daggerheart/Portable-FoundryVTT-v13.348/App/resources/app/dist/database/backend/level-database.mjs:1:838)\n    at async Function._connect (file:///D:/Juegos/Foundry_daggerheart_git/Foundry-daggerheart/Portable-FoundryVTT-v13.348/App/resources/app/dist/database/backend/server-document.mjs:1:6341)\n    at async Function.connect (file:///D:/Juegos/Foundry_daggerheart_git/Foundry-daggerheart/Portable-FoundryVTT-v13.348/App/resources/app/dist/database/backend/server-document.mjs:1:5895)\n    at async World.updateActivePacks (file:///D:/Juegos/Foundry_daggerheart_git/Foundry-daggerheart/Portable-FoundryVTT-v13.348/App/resources/app/dist/packages/world.mjs:1:5420)\n    at async World.setup (file:///D:/Juegos/Foundry_daggerheart_git/Foundry-daggerheart/Portable-FoundryVTT-v13.348/App/resources/app/dist/packages/world.mjs:1:10727)","timestamp":"2026-03-09 13:53:54"}
{"level":"warn","message":"FoundryVTT | Attempting database repair for ..\\..\\Data\\Data\\modules\\the-void-unofficial\\packs\\weapons","timestamp":"2026-03-09 13:53:54"}
{"level":"warn","message":"FoundryVTT | Repair of ..\\..\\Data\\Data\\modules\\the-void-unofficial\\packs\\weapons complete. Attempting re-connection","timestamp":"2026-03-09 13:53:54"}
{"level":"info","message":"Connected to database \"the-void-unofficial.weapons\"","timestamp":"2026-03-09 13:53:54"}
{"level":"info","message":"Launching World | Loading Package Data - 92%","timestamp":"2026-03-09 13:53:54"}
{"code":"LEVEL_DATABASE_NOT_OPEN","level":"error","message":"Failed to connect to database \"the-void-unofficial.macros\": Database failed to open","stack":"Error: Failed to connect to database \"the-void-unofficial.macros\": Database failed to open\n    at LevelDatabase.open (D:\\Juegos\\Foundry_daggerheart_git\\Foundry-daggerheart\\Portable-FoundryVTT-v13.348\\App\\resources\\app\\node_modules\\abstract-level\\abstract-level.js:159:43)\n    at async LevelDatabase.connect (file:///D:/Juegos/Foundry_daggerheart_git/Foundry-daggerheart/Portable-FoundryVTT-v13.348/App/resources/app/dist/database/backend/level-database.mjs:1:838)\n    at async Function._connect (file:///D:/Juegos/Foundry_daggerheart_git/Foundry-daggerheart/Portable-FoundryVTT-v13.348/App/resources/app/dist/database/backend/server-document.mjs:1:6341)\n    at async Function.connect (file:///D:/Juegos/Foundry_daggerheart_git/Foundry-daggerheart/Portable-FoundryVTT-v13.348/App/resources/app/dist/database/backend/server-document.mjs:1:5895)\n    at async World.updateActivePacks (file:///D:/Juegos/Foundry_daggerheart_git/Foundry-daggerheart/Portable-FoundryVTT-v13.348/App/resources/app/dist/packages/world.mjs:1:5420)\n    at async World.setup (file:///D:/Juegos/Foundry_daggerheart_git/Foundry-daggerheart/Portable-FoundryVTT-v13.348/App/resources/app/dist/packages/world.mjs:1:10727)","timestamp":"2026-03-09 13:53:54"}
{"level":"warn","message":"FoundryVTT | Attempting database repair for ..\\..\\Data\\Data\\modules\\the-void-unofficial\\packs\\macros","timestamp":"2026-03-09 13:53:54"}
{"level":"warn","message":"FoundryVTT | Repair of ..\\..\\Data\\Data\\modules\\the-void-unofficial\\packs\\macros complete. Attempting re-connection","timestamp":"2026-03-09 13:53:54"}
{"level":"info","message":"Connected to database \"the-void-unofficial.macros\"","timestamp":"2026-03-09 13:53:54"}
{"level":"info","message":"Launching World | Loading Package Data - 95%","timestamp":"2026-03-09 13:53:54"}
{"code":"LEVEL_DATABASE_NOT_OPEN","level":"error","message":"Failed to connect to database \"the-void-unofficial.adversaries--environments\": Database failed to open","stack":"Error: Failed to connect to database \"the-void-unofficial.adversaries--environments\": Database failed to open\n    at LevelDatabase.open (D:\\Juegos\\Foundry_daggerheart_git\\Foundry-daggerheart\\Portable-FoundryVTT-v13.348\\App\\resources\\app\\node_modules\\abstract-level\\abstract-level.js:159:43)\n    at async LevelDatabase.connect (file:///D:/Juegos/Foundry_daggerheart_git/Foundry-daggerheart/Portable-FoundryVTT-v13.348/App/resources/app/dist/database/backend/level-database.mjs:1:838)\n    at async Function._connect (file:///D:/Juegos/Foundry_daggerheart_git/Foundry-daggerheart/Portable-FoundryVTT-v13.348/App/resources/app/dist/database/backend/server-document.mjs:1:6341)\n    at async Function.connect (file:///D:/Juegos/Foundry_daggerheart_git/Foundry-daggerheart/Portable-FoundryVTT-v13.348/App/resources/app/dist/database/backend/server-document.mjs:1:5895)\n    at async World.updateActivePacks (file:///D:/Juegos/Foundry_daggerheart_git/Foundry-daggerheart/Portable-FoundryVTT-v13.348/App/resources/app/dist/packages/world.mjs:1:5420)\n    at async World.setup (file:///D:/Juegos/Foundry_daggerheart_git/Foundry-daggerheart/Portable-FoundryVTT-v13.348/App/resources/app/dist/packages/world.mjs:1:10727)","timestamp":"2026-03-09 13:53:54"}
{"level":"warn","message":"FoundryVTT | Attempting database repair for ..\\..\\Data\\Data\\modules\\the-void-unofficial\\packs\\adversaries--environments","timestamp":"2026-03-09 13:53:54"}
{"level":"warn","message":"FoundryVTT | Repair of ..\\..\\Data\\Data\\modules\\the-void-unofficial\\packs\\adversaries--environments complete. Attempting re-connection","timestamp":"2026-03-09 13:53:54"}
{"level":"info","message":"Connected to database \"the-void-unofficial.adversaries--environments\"","timestamp":"2026-03-09 13:53:54"}
{"level":"info","message":"Launching World | Loading Package Data - 97%","timestamp":"2026-03-09 13:53:54"}
{"level":"info","message":"Connected to database \"token-mold.adjectives\"","timestamp":"2026-03-09 13:53:54"}
{"level":"info","message":"Launching World | Loading Package Data - 100%","timestamp":"2026-03-09 13:53:55"}
{"level":"info","message":"Created 0 Folder documents with ids: []","timestamp":"2026-03-09 13:53:55"}
{"level":"info","message":"Launching World | Migrating Package Data - 3%","timestamp":"2026-03-09 13:53:55"}
{"level":"info","message":"Launching World | Migrating Package Data - 5%","timestamp":"2026-03-09 13:53:55"}
{"level":"info","message":"Launching World | Migrating Package Data - 8%","timestamp":"2026-03-09 13:53:55"}
{"level":"info","message":"Launching World | Migrating Package Data - 10%","timestamp":"2026-03-09 13:53:55"}
{"level":"info","message":"Launching World | Migrating Package Data - 13%","timestamp":"2026-03-09 13:53:55"}
{"level":"info","message":"Launching World | Migrating Package Data - 15%","timestamp":"2026-03-09 13:53:55"}
{"level":"info","message":"Launching World | Migrating Package Data - 18%","timestamp":"2026-03-09 13:53:55"}
{"level":"info","message":"Launching World | Migrating Package Data - 21%","timestamp":"2026-03-09 13:53:55"}
{"level":"info","message":"Launching World | Migrating Package Data - 23%","timestamp":"2026-03-09 13:53:55"}
{"level":"info","message":"Launching World | Migrating Package Data - 26%","timestamp":"2026-03-09 13:53:55"}
{"level":"info","message":"Launching World | Migrating Package Data - 28%","timestamp":"2026-03-09 13:53:55"}
{"level":"info","message":"Launching World | Migrating Package Data - 31%","timestamp":"2026-03-09 13:53:55"}
{"level":"info","message":"Launching World | Migrating Package Data - 33%","timestamp":"2026-03-09 13:53:55"}
{"level":"info","message":"Launching World | Migrating Package Data - 36%","timestamp":"2026-03-09 13:53:55"}
{"level":"info","message":"Launching World | Migrating Package Data - 38%","timestamp":"2026-03-09 13:53:55"}
{"level":"info","message":"Launching World | Migrating Package Data - 41%","timestamp":"2026-03-09 13:53:55"}
{"level":"info","message":"Launching World | Migrating Package Data - 44%","timestamp":"2026-03-09 13:53:55"}
{"level":"error","message":"An error occurred during the migration of Macro record [AksCh0ciaGx7BuyA] of database \"daggerheart-extra-content.macros\":\nError: Documents from a core version newer than the running version cannot be migrated\n    at Function._migrateRecord (file:///D:/Juegos/Foundry_daggerheart_git/Foundry-daggerheart/Portable-FoundryVTT-v13.348/App/resources/app/dist/database/backend/server-document.mjs:1:3713)\n    at Function._migrateDocuments (file:///D:/Juegos/Foundry_daggerheart_git/Foundry-daggerheart/Portable-FoundryVTT-v13.348/App/resources/app/dist/database/backend/server-document.mjs:1:2782)","timestamp":"2026-03-09 13:53:55"}
{"level":"error","message":"An error occurred during the migration of Macro record [Ek2uYtA3xm78MKEc] of database \"daggerheart-extra-content.macros\":\nError: Documents from a core version newer than the running version cannot be migrated\n    at Function._migrateRecord (file:///D:/Juegos/Foundry_daggerheart_git/Foundry-daggerheart/Portable-FoundryVTT-v13.348/App/resources/app/dist/database/backend/server-document.mjs:1:3713)\n    at Function._migrateDocuments (file:///D:/Juegos/Foundry_daggerheart_git/Foundry-daggerheart/Portable-FoundryVTT-v13.348/App/resources/app/dist/database/backend/server-document.mjs:1:2782)","timestamp":"2026-03-09 13:53:55"}
{"level":"error","message":"An error occurred during the migration of Macro record [FUXtgmbsROZ9EZ64] of database \"daggerheart-extra-content.macros\":\nError: Documents from a core version newer than the running version cannot be migrated\n    at Function._migrateRecord (file:///D:/Juegos/Foundry_daggerheart_git/Foundry-daggerheart/Portable-FoundryVTT-v13.348/App/resources/app/dist/database/backend/server-document.mjs:1:3713)\n    at Function._migrateDocuments (file:///D:/Juegos/Foundry_daggerheart_git/Foundry-daggerheart/Portable-FoundryVTT-v13.348/App/resources/app/dist/database/backend/server-document.mjs:1:2782)","timestamp":"2026-03-09 13:53:55"}
{"level":"error","message":"An error occurred during the migration of Macro record [KMIecMvorWDWynzv] of database \"daggerheart-extra-content.macros\":\nError: Documents from a core version newer than the running version cannot be migrated\n    at Function._migrateRecord (file:///D:/Juegos/Foundry_daggerheart_git/Foundry-daggerheart/Portable-FoundryVTT-v13.348/App/resources/app/dist/database/backend/server-document.mjs:1:3713)\n    at Function._migrateDocuments (file:///D:/Juegos/Foundry_daggerheart_git/Foundry-daggerheart/Portable-FoundryVTT-v13.348/App/resources/app/dist/database/backend/server-document.mjs:1:2782)","timestamp":"2026-03-09 13:53:55"}
{"level":"error","message":"An error occurred during the migration of Macro record [MrVaunevxMfD1jiI] of database \"daggerheart-extra-content.macros\":\nError: Documents from a core version newer than the running version cannot be migrated\n    at Function._migrateRecord (file:///D:/Juegos/Foundry_daggerheart_git/Foundry-daggerheart/Portable-FoundryVTT-v13.348/App/resources/app/dist/database/backend/server-document.mjs:1:3713)\n    at Function._migrateDocuments (file:///D:/Juegos/Foundry_daggerheart_git/Foundry-daggerheart/Portable-FoundryVTT-v13.348/App/resources/app/dist/database/backend/server-document.mjs:1:2782)","timestamp":"2026-03-09 13:53:55"}
{"level":"error","message":"An error occurred during the migration of Macro record [f4seowyhjSLdBpIw] of database \"daggerheart-extra-content.macros\":\nError: Documents from a core version newer than the running version cannot be migrated\n    at Function._migrateRecord (file:///D:/Juegos/Foundry_daggerheart_git/Foundry-daggerheart/Portable-FoundryVTT-v13.348/App/resources/app/dist/database/backend/server-document.mjs:1:3713)\n    at Function._migrateDocuments (file:///D:/Juegos/Foundry_daggerheart_git/Foundry-daggerheart/Portable-FoundryVTT-v13.348/App/resources/app/dist/database/backend/server-document.mjs:1:2782)","timestamp":"2026-03-09 13:53:55"}
{"level":"error","message":"An error occurred during the migration of Macro record [lCYBPohT8hPPOpeK] of database \"daggerheart-extra-content.macros\":\nError: Documents from a core version newer than the running version cannot be migrated\n    at Function._migrateRecord (file:///D:/Juegos/Foundry_daggerheart_git/Foundry-daggerheart/Portable-FoundryVTT-v13.348/App/resources/app/dist/database/backend/server-document.mjs:1:3713)\n    at Function._migrateDocuments (file:///D:/Juegos/Foundry_daggerheart_git/Foundry-daggerheart/Portable-FoundryVTT-v13.348/App/resources/app/dist/database/backend/server-document.mjs:1:2782)","timestamp":"2026-03-09 13:53:55"}
{"level":"error","message":"An error occurred during the migration of Macro record [mu2CD5fN0NvxcqYl] of database \"daggerheart-extra-content.macros\":\nError: Documents from a core version newer than the running version cannot be migrated\n    at Function._migrateRecord (file:///D:/Juegos/Foundry_daggerheart_git/Foundry-daggerheart/Portable-FoundryVTT-v13.348/App/resources/app/dist/database/backend/server-document.mjs:1:3713)\n    at Function._migrateDocuments (file:///D:/Juegos/Foundry_daggerheart_git/Foundry-daggerheart/Portable-FoundryVTT-v13.348/App/resources/app/dist/database/backend/server-document.mjs:1:2782)","timestamp":"2026-03-09 13:53:55"}
{"level":"error","message":"An error occurred during the migration of Macro record [zWi79s5QqaZnMMtX] of database \"daggerheart-extra-content.macros\":\nError: Documents from a core version newer than the running version cannot be migrated\n    at Function._migrateRecord (file:///D:/Juegos/Foundry_daggerheart_git/Foundry-daggerheart/Portable-FoundryVTT-v13.348/App/resources/app/dist/database/backend/server-document.mjs:1:3713)\n    at Function._migrateDocuments (file:///D:/Juegos/Foundry_daggerheart_git/Foundry-daggerheart/Portable-FoundryVTT-v13.348/App/resources/app/dist/database/backend/server-document.mjs:1:2782)","timestamp":"2026-03-09 13:53:55"}
{"level":"warn","message":"Database daggerheart-extra-content.macros was not fully migrated due to errors during migration.","timestamp":"2026-03-09 13:53:55"}
{"level":"info","message":"Launching World | Migrating Package Data - 46%","timestamp":"2026-03-09 13:53:55"}
{"level":"info","message":"Launching World | Migrating Package Data - 49%","timestamp":"2026-03-09 13:53:55"}
{"level":"info","message":"Launching World | Migrating Package Data - 51%","timestamp":"2026-03-09 13:53:55"}
{"level":"info","message":"Launching World | Migrating Package Data - 54%","timestamp":"2026-03-09 13:53:55"}
{"level":"info","message":"Launching World | Migrating Package Data - 56%","timestamp":"2026-03-09 13:53:55"}
{"level":"error","message":"An error occurred during the migration of Actor record [2owady11IfU1vset] of database \"daggerheart-extra-content.more-adversaries\":\nError: Documents from a core version newer than the running version cannot be migrated\n    at Function._migrateRecord (file:///D:/Juegos/Foundry_daggerheart_git/Foundry-daggerheart/Portable-FoundryVTT-v13.348/App/resources/app/dist/database/backend/server-document.mjs:1:3713)\n    at Function._migrateDocuments (file:///D:/Juegos/Foundry_daggerheart_git/Foundry-daggerheart/Portable-FoundryVTT-v13.348/App/resources/app/dist/database/backend/server-document.mjs:1:2782)","timestamp":"2026-03-09 13:53:55"}
{"level":"error","message":"An error occurred during the migration of Actor record [3wZn34orKgheuXnE] of database \"daggerheart-extra-content.more-adversaries\":\nError: Documents from a core version newer than the running version cannot be migrated\n    at Function._migrateRecord (file:///D:/Juegos/Foundry_daggerheart_git/Foundry-daggerheart/Portable-FoundryVTT-v13.348/App/resources/app/dist/database/backend/server-document.mjs:1:3713)\n    at Function._migrateDocuments (file:///D:/Juegos/Foundry_daggerheart_git/Foundry-daggerheart/Portable-FoundryVTT-v13.348/App/resources/app/dist/database/backend/server-document.mjs:1:2782)","timestamp":"2026-03-09 13:53:55"}
{"level":"error","message":"An error occurred during the migration of Actor record [4GkDrUgRyp9FHTAN] of database \"daggerheart-extra-content.more-adversaries\":\nError: Documents from a core version newer than the running version cannot be migrated\n    at Function._migrateRecord (file:///D:/Juegos/Foundry_daggerheart_git/Foundry-daggerheart/Portable-FoundryVTT-v13.348/App/resources/app/dist/database/backend/server-document.mjs:1:3713)\n    at Function._migrateDocuments (file:///D:/Juegos/Foundry_daggerheart_git/Foundry-daggerheart/Portable-FoundryVTT-v13.348/App/resources/app/dist/database/backend/server-document.mjs:1:2782)","timestamp":"2026-03-09 13:53:55"}
{"level":"error","message":"An error occurred during the migration of Actor record [6wxPxm4joQnoIjdX] of database \"daggerheart-extra-content.more-adversaries\":\nError: Documents from a core version newer than the running version cannot be migrated\n    at Function._migrateRecord (file:///D:/Juegos/Foundry_daggerheart_git/Foundry-daggerheart/Portable-FoundryVTT-v13.348/App/resources/app/dist/database/backend/server-document.mjs:1:3713)\n    at Function._migrateDocuments (file:///D:/Juegos/Foundry_daggerheart_git/Foundry-daggerheart/Portable-FoundryVTT-v13.348/App/resources/app/dist/database/backend/server-document.mjs:1:2782)","timestamp":"2026-03-09 13:53:55"}
{"level":"error","message":"An error occurred during the migration of Actor record [CBjyTRc9xNjmDAM4] of database \"daggerheart-extra-content.more-adversaries\":\nError: Documents from a core version newer than the running version cannot be migrated\n    at Function._migrateRecord (file:///D:/Juegos/Foundry_daggerheart_git/Foundry-daggerheart/Portable-FoundryVTT-v13.348/App/resources/app/dist/database/backend/server-document.mjs:1:3713)\n    at Function._migrateDocuments (file:///D:/Juegos/Foundry_daggerheart_git/Foundry-daggerheart/Portable-FoundryVTT-v13.348/App/resources/app/dist/database/backend/server-document.mjs:1:2782)","timestamp":"2026-03-09 13:53:55"}
{"level":"error","message":"An error occurred during the migration of Actor record [D2mYxxduZN4h55cD] of database \"daggerheart-extra-content.more-adversaries\":\nError: Documents from a core version newer than the running version cannot be migrated\n    at Function._migrateRecord (file:///D:/Juegos/Foundry_daggerheart_git/Foundry-daggerheart/Portable-FoundryVTT-v13.348/App/resources/app/dist/database/backend/server-document.mjs:1:3713)\n    at Function._migrateDocuments (file:///D:/Juegos/Foundry_daggerheart_git/Foundry-daggerheart/Portable-FoundryVTT-v13.348/App/resources/app/dist/database/backend/server-document.mjs:1:2782)","timestamp":"2026-03-09 13:53:55"}
{"level":"error","message":"An error occurred during the migration of Actor record [GZeCYbWDzYS2iCF9] of database \"daggerheart-extra-content.more-adversaries\":\nError: Documents from a core version newer than the running version cannot be migrated\n    at Function._migrateRecord (file:///D:/Juegos/Foundry_daggerheart_git/Foundry-daggerheart/Portable-FoundryVTT-v13.348/App/resources/app/dist/database/backend/server-document.mjs:1:3713)\n    at Function._migrateDocuments (file:///D:/Juegos/Foundry_daggerheart_git/Foundry-daggerheart/Portable-FoundryVTT-v13.348/App/resources/app/dist/database/backend/server-document.mjs:1:2782)","timestamp":"2026-03-09 13:53:55"}
{"level":"error","message":"An error occurred during the migration of Actor record [HFoDDFrRRoLOx6rS] of database \"daggerheart-extra-content.more-adversaries\":\nError: Documents from a core version newer than the running version cannot be migrated\n    at Function._migrateRecord (file:///D:/Juegos/Foundry_daggerheart_git/Foundry-daggerheart/Portable-FoundryVTT-v13.348/App/resources/app/dist/database/backend/server-document.mjs:1:3713)\n    at Function._migrateDocuments (file:///D:/Juegos/Foundry_daggerheart_git/Foundry-daggerheart/Portable-FoundryVTT-v13.348/App/resources/app/dist/database/backend/server-document.mjs:1:2782)","timestamp":"2026-03-09 13:53:55"}
{"level":"error","message":"An error occurred during the migration of Actor record [Je6XBGhfDKSY3DEk] of database \"daggerheart-extra-content.more-adversaries\":\nError: Documents from a core version newer than the running version cannot be migrated\n    at Function._migrateRecord (file:///D:/Juegos/Foundry_daggerheart_git/Foundry-daggerheart/Portable-FoundryVTT-v13.348/App/resources/app/dist/database/backend/server-document.mjs:1:3713)\n    at Function._migrateDocuments (file:///D:/Juegos/Foundry_daggerheart_git/Foundry-daggerheart/Portable-FoundryVTT-v13.348/App/resources/app/dist/database/backend/server-document.mjs:1:2782)","timestamp":"2026-03-09 13:53:55"}
{"level":"error","message":"An error occurred during the migration of Actor record [RIpmM1hiW9aRSlR5] of database \"daggerheart-extra-content.more-adversaries\":\nError: Documents from a core version newer than the running version cannot be migrated\n    at Function._migrateRecord (file:///D:/Juegos/Foundry_daggerheart_git/Foundry-daggerheart/Portable-FoundryVTT-v13.348/App/resources/app/dist/database/backend/server-document.mjs:1:3713)\n    at Function._migrateDocuments (file:///D:/Juegos/Foundry_daggerheart_git/Foundry-daggerheart/Portable-FoundryVTT-v13.348/App/resources/app/dist/database/backend/server-document.mjs:1:2782)","timestamp":"2026-03-09 13:53:55"}
{"level":"error","message":"An error occurred during the migration of Actor record [RlIaKDY410J1Braw] of database \"daggerheart-extra-content.more-adversaries\":\nError: Documents from a core version newer than the running version cannot be migrated\n    at Function._migrateRecord (file:///D:/Juegos/Foundry_daggerheart_git/Foundry-daggerheart/Portable-FoundryVTT-v13.348/App/resources/app/dist/database/backend/server-document.mjs:1:3713)\n    at Function._migrateDocuments (file:///D:/Juegos/Foundry_daggerheart_git/Foundry-daggerheart/Portable-FoundryVTT-v13.348/App/resources/app/dist/database/backend/server-document.mjs:1:2782)","timestamp":"2026-03-09 13:53:55"}
{"level":"error","message":"An error occurred during the migration of Actor record [Uu7RvfCQnjz6CNhI] of database \"daggerheart-extra-content.more-adversaries\":\nError: Documents from a core version newer than the running version cannot be migrated\n    at Function._migrateRecord (file:///D:/Juegos/Foundry_daggerheart_git/Foundry-daggerheart/Portable-FoundryVTT-v13.348/App/resources/app/dist/database/backend/server-document.mjs:1:3713)\n    at Function._migrateDocuments (file:///D:/Juegos/Foundry_daggerheart_git/Foundry-daggerheart/Portable-FoundryVTT-v13.348/App/resources/app/dist/database/backend/server-document.mjs:1:2782)","timestamp":"2026-03-09 13:53:55"}
{"level":"error","message":"An error occurred during the migration of Actor record [dz7P6qQlXyDH34fj] of database \"daggerheart-extra-content.more-adversaries\":\nError: Documents from a core version newer than the running version cannot be migrated\n    at Function._migrateRecord (file:///D:/Juegos/Foundry_daggerheart_git/Foundry-daggerheart/Portable-FoundryVTT-v13.348/App/resources/app/dist/database/backend/server-document.mjs:1:3713)\n    at Function._migrateDocuments (file:///D:/Juegos/Foundry_daggerheart_git/Foundry-daggerheart/Portable-FoundryVTT-v13.348/App/resources/app/dist/database/backend/server-document.mjs:1:2782)","timestamp":"2026-03-09 13:53:55"}
{"level":"error","message":"An error occurred during the migration of Actor record [eQ87jrVECayfpio3] of database \"daggerheart-extra-content.more-adversaries\":\nError: Documents from a core version newer than the running version cannot be migrated\n    at Function._migrateRecord (file:///D:/Juegos/Foundry_daggerheart_git/Foundry-daggerheart/Portable-FoundryVTT-v13.348/App/resources/app/dist/database/backend/server-document.mjs:1:3713)\n    at Function._migrateDocuments (file:///D:/Juegos/Foundry_daggerheart_git/Foundry-daggerheart/Portable-FoundryVTT-v13.348/App/resources/app/dist/database/backend/server-document.mjs:1:2782)","timestamp":"2026-03-09 13:53:55"}
{"level":"error","message":"An error occurred during the migration of Actor record [f7a0iCjxLOcnoOry] of database \"daggerheart-extra-content.more-adversaries\":\nError: Documents from a core version newer than the running version cannot be migrated\n    at Function._migrateRecord (file:///D:/Juegos/Foundry_daggerheart_git/Foundry-daggerheart/Portable-FoundryVTT-v13.348/App/resources/app/dist/database/backend/server-document.mjs:1:3713)\n    at Function._migrateDocuments (file:///D:/Juegos/Foundry_daggerheart_git/Foundry-daggerheart/Portable-FoundryVTT-v13.348/App/resources/app/dist/database/backend/server-document.mjs:1:2782)","timestamp":"2026-03-09 13:53:55"}
{"level":"error","message":"An error occurred during the migration of Actor record [j0ncG4oNxG6c7CoZ] of database \"daggerheart-extra-content.more-adversaries\":\nError: Documents from a core version newer than the running version cannot be migrated\n    at Function._migrateRecord (file:///D:/Juegos/Foundry_daggerheart_git/Foundry-daggerheart/Portable-FoundryVTT-v13.348/App/resources/app/dist/database/backend/server-document.mjs:1:3713)\n    at Function._migrateDocuments (file:///D:/Juegos/Foundry_daggerheart_git/Foundry-daggerheart/Portable-FoundryVTT-v13.348/App/resources/app/dist/database/backend/server-document.mjs:1:2782)","timestamp":"2026-03-09 13:53:55"}
{"level":"error","message":"An error occurred during the migration of Actor record [n7SBEHvb48tFamKO] of database \"daggerheart-extra-content.more-adversaries\":\nError: Documents from a core version newer than the running version cannot be migrated\n    at Function._migrateRecord (file:///D:/Juegos/Foundry_daggerheart_git/Foundry-daggerheart/Portable-FoundryVTT-v13.348/App/resources/app/dist/database/backend/server-document.mjs:1:3713)\n    at Function._migrateDocuments (file:///D:/Juegos/Foundry_daggerheart_git/Foundry-daggerheart/Portable-FoundryVTT-v13.348/App/resources/app/dist/database/backend/server-document.mjs:1:2782)","timestamp":"2026-03-09 13:53:55"}
{"level":"error","message":"An error occurred during the migration of Actor record [p7LYTbyuPUNisLQ5] of database \"daggerheart-extra-content.more-adversaries\":\nError: Documents from a core version newer than the running version cannot be migrated\n    at Function._migrateRecord (file:///D:/Juegos/Foundry_daggerheart_git/Foundry-daggerheart/Portable-FoundryVTT-v13.348/App/resources/app/dist/database/backend/server-document.mjs:1:3713)\n    at Function._migrateDocuments (file:///D:/Juegos/Foundry_daggerheart_git/Foundry-daggerheart/Portable-FoundryVTT-v13.348/App/resources/app/dist/database/backend/server-document.mjs:1:2782)","timestamp":"2026-03-09 13:53:55"}
{"level":"error","message":"An error occurred during the migration of Actor record [pCEWxOqd7C0B9DxO] of database \"daggerheart-extra-content.more-adversaries\":\nError: Documents from a core version newer than the running version cannot be migrated\n    at Function._migrateRecord (file:///D:/Juegos/Foundry_daggerheart_git/Foundry-daggerheart/Portable-FoundryVTT-v13.348/App/resources/app/dist/database/backend/server-document.mjs:1:3713)\n    at Function._migrateDocuments (file:///D:/Juegos/Foundry_daggerheart_git/Foundry-daggerheart/Portable-FoundryVTT-v13.348/App/resources/app/dist/database/backend/server-document.mjs:1:2782)","timestamp":"2026-03-09 13:53:55"}
{"level":"error","message":"An error occurred during the migration of Actor record [pCkMBn3zgF4WA1zz] of database \"daggerheart-extra-content.more-adversaries\":\nError: Documents from a core version newer than the running version cannot be migrated\n    at Function._migrateRecord (file:///D:/Juegos/Foundry_daggerheart_git/Foundry-daggerheart/Portable-FoundryVTT-v13.348/App/resources/app/dist/database/backend/server-document.mjs:1:3713)\n    at Function._migrateDocuments (file:///D:/Juegos/Foundry_daggerheart_git/Foundry-daggerheart/Portable-FoundryVTT-v13.348/App/resources/app/dist/database/backend/server-document.mjs:1:2782)","timestamp":"2026-03-09 13:53:55"}
{"level":"error","message":"An error occurred during the migration of Actor record [sEtsUW24RgFB83TQ] of database \"daggerheart-extra-content.more-adversaries\":\nError: Documents from a core version newer than the running version cannot be migrated\n    at Function._migrateRecord (file:///D:/Juegos/Foundry_daggerheart_git/Foundry-daggerheart/Portable-FoundryVTT-v13.348/App/resources/app/dist/database/backend/server-document.mjs:1:3713)\n    at Function._migrateDocuments (file:///D:/Juegos/Foundry_daggerheart_git/Foundry-daggerheart/Portable-FoundryVTT-v13.348/App/resources/app/dist/database/backend/server-document.mjs:1:2782)","timestamp":"2026-03-09 13:53:55"}
{"level":"error","message":"An error occurred during the migration of Actor record [sKqhR4Gzsc953DBq] of database \"daggerheart-extra-content.more-adversaries\":\nError: Documents from a core version newer than the running version cannot be migrated\n    at Function._migrateRecord (file:///D:/Juegos/Foundry_daggerheart_git/Foundry-daggerheart/Portable-FoundryVTT-v13.348/App/resources/app/dist/database/backend/server-document.mjs:1:3713)\n    at Function._migrateDocuments (file:///D:/Juegos/Foundry_daggerheart_git/Foundry-daggerheart/Portable-FoundryVTT-v13.348/App/resources/app/dist/database/backend/server-document.mjs:1:2782)","timestamp":"2026-03-09 13:53:55"}
{"level":"warn","message":"Database daggerheart-extra-content.more-adversaries was not fully migrated due to errors during migration.","timestamp":"2026-03-09 13:53:55"}
{"level":"info","message":"Launching World | Migrating Package Data - 59%","timestamp":"2026-03-09 13:53:55"}
{"level":"info","message":"Launching World | Migrating Package Data - 62%","timestamp":"2026-03-09 13:53:55"}
{"level":"info","message":"Launching World | Migrating Package Data - 64%","timestamp":"2026-03-09 13:53:55"}
{"level":"error","message":"An error occurred during the migration of Item record [04I86qVoEQ310sCR] of database \"daggerheart-extra-content.ancestry\":\nError: Documents from a core version newer than the running version cannot be migrated\n    at Function._migrateRecord (file:///D:/Juegos/Foundry_daggerheart_git/Foundry-daggerheart/Portable-FoundryVTT-v13.348/App/resources/app/dist/database/backend/server-document.mjs:1:3713)\n    at Function._migrateDocuments (file:///D:/Juegos/Foundry_daggerheart_git/Foundry-daggerheart/Portable-FoundryVTT-v13.348/App/resources/app/dist/database/backend/server-document.mjs:1:2782)","timestamp":"2026-03-09 13:53:55"}
{"level":"error","message":"An error occurred during the migration of Item record [2zyMaehKcKOEGM4E] of database \"daggerheart-extra-content.ancestry\":\nError: Documents from a core version newer than the running version cannot be migrated\n    at Function._migrateRecord (file:///D:/Juegos/Foundry_daggerheart_git/Foundry-daggerheart/Portable-FoundryVTT-v13.348/App/resources/app/dist/database/backend/server-document.mjs:1:3713)\n    at Function._migrateDocuments (file:///D:/Juegos/Foundry_daggerheart_git/Foundry-daggerheart/Portable-FoundryVTT-v13.348/App/resources/app/dist/database/backend/server-document.mjs:1:2782)","timestamp":"2026-03-09 13:53:55"}
{"level":"error","message":"An error occurred during the migration of Item record [Fc3hqveUPZNSVSk7] of database \"daggerheart-extra-content.ancestry\":\nError: Documents from a core version newer than the running version cannot be migrated\n    at Function._migrateRecord (file:///D:/Juegos/Foundry_daggerheart_git/Foundry-daggerheart/Portable-FoundryVTT-v13.348/App/resources/app/dist/database/backend/server-document.mjs:1:3713)\n    at Function._migrateDocuments (file:///D:/Juegos/Foundry_daggerheart_git/Foundry-daggerheart/Portable-FoundryVTT-v13.348/App/resources/app/dist/database/backend/server-document.mjs:1:2782)","timestamp":"2026-03-09 13:53:55"}
{"level":"error","message":"An error occurred during the migration of Item record [QbBbdOgrtxEIWQHB] of database \"daggerheart-extra-content.ancestry\":\nError: Documents from a core version newer than the running version cannot be migrated\n    at Function._migrateRecord (file:///D:/Juegos/Foundry_daggerheart_git/Foundry-daggerheart/Portable-FoundryVTT-v13.348/App/resources/app/dist/database/backend/server-document.mjs:1:3713)\n    at Function._migrateDocuments (file:///D:/Juegos/Foundry_daggerheart_git/Foundry-daggerheart/Portable-FoundryVTT-v13.348/App/resources/app/dist/database/backend/server-document.mjs:1:2782)","timestamp":"2026-03-09 13:53:55"}
{"level":"error","message":"An error occurred during the migration of Item record [WOHi9gvF8Ha10EnF] of database \"daggerheart-extra-content.ancestry\":\nError: Documents from a core version newer than the running version cannot be migrated\n    at Function._migrateRecord (file:///D:/Juegos/Foundry_daggerheart_git/Foundry-daggerheart/Portable-FoundryVTT-v13.348/App/resources/app/dist/database/backend/server-document.mjs:1:3713)\n    at Function._migrateDocuments (file:///D:/Juegos/Foundry_daggerheart_git/Foundry-daggerheart/Portable-FoundryVTT-v13.348/App/resources/app/dist/database/backend/server-document.mjs:1:2782)","timestamp":"2026-03-09 13:53:55"}
{"level":"error","message":"An error occurred during the migration of Item record [jP4n9wzq0wvfxULo] of database \"daggerheart-extra-content.ancestry\":\nError: Documents from a core version newer than the running version cannot be migrated\n    at Function._migrateRecord (file:///D:/Juegos/Foundry_daggerheart_git/Foundry-daggerheart/Portable-FoundryVTT-v13.348/App/resources/app/dist/database/backend/server-document.mjs:1:3713)\n    at Function._migrateDocuments (file:///D:/Juegos/Foundry_daggerheart_git/Foundry-daggerheart/Portable-FoundryVTT-v13.348/App/resources/app/dist/database/backend/server-document.mjs:1:2782)","timestamp":"2026-03-09 13:53:55"}
{"level":"error","message":"An error occurred during the migration of Item record [pjtNmhoBNxjrzRPk] of database \"daggerheart-extra-content.ancestry\":\nError: Documents from a core version newer than the running version cannot be migrated\n    at Function._migrateRecord (file:///D:/Juegos/Foundry_daggerheart_git/Foundry-daggerheart/Portable-FoundryVTT-v13.348/App/resources/app/dist/database/backend/server-document.mjs:1:3713)\n    at Function._migrateDocuments (file:///D:/Juegos/Foundry_daggerheart_git/Foundry-daggerheart/Portable-FoundryVTT-v13.348/App/resources/app/dist/database/backend/server-document.mjs:1:2782)","timestamp":"2026-03-09 13:53:55"}
{"level":"error","message":"An error occurred during the migration of Item record [vWfsYRjrKPUne2nZ] of database \"daggerheart-extra-content.ancestry\":\nError: Documents from a core version newer than the running version cannot be migrated\n    at Function._migrateRecord (file:///D:/Juegos/Foundry_daggerheart_git/Foundry-daggerheart/Portable-FoundryVTT-v13.348/App/resources/app/dist/database/backend/server-document.mjs:1:3713)\n    at Function._migrateDocuments (file:///D:/Juegos/Foundry_daggerheart_git/Foundry-daggerheart/Portable-FoundryVTT-v13.348/App/resources/app/dist/database/backend/server-document.mjs:1:2782)","timestamp":"2026-03-09 13:53:55"}
{"level":"error","message":"An error occurred during the migration of Item record [y4tOp4lUYpyC7YJW] of database \"daggerheart-extra-content.ancestry\":\nError: Documents from a core version newer than the running version cannot be migrated\n    at Function._migrateRecord (file:///D:/Juegos/Foundry_daggerheart_git/Foundry-daggerheart/Portable-FoundryVTT-v13.348/App/resources/app/dist/database/backend/server-document.mjs:1:3713)\n    at Function._migrateDocuments (file:///D:/Juegos/Foundry_daggerheart_git/Foundry-daggerheart/Portable-FoundryVTT-v13.348/App/resources/app/dist/database/backend/server-document.mjs:1:2782)","timestamp":"2026-03-09 13:53:55"}
{"level":"warn","message":"Database daggerheart-extra-content.ancestry was not fully migrated due to errors during migration.","timestamp":"2026-03-09 13:53:55"}
{"level":"info","message":"Launching World | Migrating Package Data - 67%","timestamp":"2026-03-09 13:53:55"}
{"level":"info","message":"Launching World | Migrating Package Data - 69%","timestamp":"2026-03-09 13:53:55"}
{"level":"error","message":"An error occurred during the migration of Item record [8D0NQR901j0Kx0zb] of database \"daggerheart-extra-content.classes\":\nError: Documents from a core version newer than the running version cannot be migrated\n    at Function._migrateRecord (file:///D:/Juegos/Foundry_daggerheart_git/Foundry-daggerheart/Portable-FoundryVTT-v13.348/App/resources/app/dist/database/backend/server-document.mjs:1:3713)\n    at Function._migrateDocuments (file:///D:/Juegos/Foundry_daggerheart_git/Foundry-daggerheart/Portable-FoundryVTT-v13.348/App/resources/app/dist/database/backend/server-document.mjs:1:2782)","timestamp":"2026-03-09 13:53:55"}
{"level":"error","message":"An error occurred during the migration of Item record [B90E3nk0uBeZpPw8] of database \"daggerheart-extra-content.classes\":\nError: Documents from a core version newer than the running version cannot be migrated\n    at Function._migrateRecord (file:///D:/Juegos/Foundry_daggerheart_git/Foundry-daggerheart/Portable-FoundryVTT-v13.348/App/resources/app/dist/database/backend/server-document.mjs:1:3713)\n    at Function._migrateDocuments (file:///D:/Juegos/Foundry_daggerheart_git/Foundry-daggerheart/Portable-FoundryVTT-v13.348/App/resources/app/dist/database/backend/server-document.mjs:1:2782)","timestamp":"2026-03-09 13:53:55"}
{"level":"error","message":"An error occurred during the migration of Item record [E5d3CnR98vEXt8QS] of database \"daggerheart-extra-content.classes\":\nError: Documents from a core version newer than the running version cannot be migrated\n    at Function._migrateRecord (file:///D:/Juegos/Foundry_daggerheart_git/Foundry-daggerheart/Portable-FoundryVTT-v13.348/App/resources/app/dist/database/backend/server-document.mjs:1:3713)\n    at Function._migrateDocuments (file:///D:/Juegos/Foundry_daggerheart_git/Foundry-daggerheart/Portable-FoundryVTT-v13.348/App/resources/app/dist/database/backend/server-document.mjs:1:2782)","timestamp":"2026-03-09 13:53:55"}
{"level":"error","message":"An error occurred during the migration of Item record [EcUepPeaFQz7tnme] of database \"daggerheart-extra-content.classes\":\nError: Documents from a core version newer than the running version cannot be migrated\n    at Function._migrateRecord (file:///D:/Juegos/Foundry_daggerheart_git/Foundry-daggerheart/Portable-FoundryVTT-v13.348/App/resources/app/dist/database/backend/server-document.mjs:1:3713)\n    at Function._migrateDocuments (file:///D:/Juegos/Foundry_daggerheart_git/Foundry-daggerheart/Portable-FoundryVTT-v13.348/App/resources/app/dist/database/backend/server-document.mjs:1:2782)","timestamp":"2026-03-09 13:53:55"}
{"level":"error","message":"An error occurred during the migration of Item record [MAT6l8tUvELiLK4L] of database \"daggerheart-extra-content.classes\":\nError: Documents from a core version newer than the running version cannot be migrated\n    at Function._migrateRecord (file:///D:/Juegos/Foundry_daggerheart_git/Foundry-daggerheart/Portable-FoundryVTT-v13.348/App/resources/app/dist/database/backend/server-document.mjs:1:3713)\n    at Function._migrateDocuments (file:///D:/Juegos/Foundry_daggerheart_git/Foundry-daggerheart/Portable-FoundryVTT-v13.348/App/resources/app/dist/database/backend/server-document.mjs:1:2782)","timestamp":"2026-03-09 13:53:55"}
{"level":"error","message":"An error occurred during the migration of Item record [N4mXcAWdpFYJdWZn] of database \"daggerheart-extra-content.classes\":\nError: Documents from a core version newer than the running version cannot be migrated\n    at Function._migrateRecord (file:///D:/Juegos/Foundry_daggerheart_git/Foundry-daggerheart/Portable-FoundryVTT-v13.348/App/resources/app/dist/database/backend/server-document.mjs:1:3713)\n    at Function._migrateDocuments (file:///D:/Juegos/Foundry_daggerheart_git/Foundry-daggerheart/Portable-FoundryVTT-v13.348/App/resources/app/dist/database/backend/server-document.mjs:1:2782)","timestamp":"2026-03-09 13:53:55"}
{"level":"error","message":"An error occurred during the migration of Item record [g01PAvRJsgiUHpnD] of database \"daggerheart-extra-content.classes\":\nError: Documents from a core version newer than the running version cannot be migrated\n    at Function._migrateRecord (file:///D:/Juegos/Foundry_daggerheart_git/Foundry-daggerheart/Portable-FoundryVTT-v13.348/App/resources/app/dist/database/backend/server-document.mjs:1:3713)\n    at Function._migrateDocuments (file:///D:/Juegos/Foundry_daggerheart_git/Foundry-daggerheart/Portable-FoundryVTT-v13.348/App/resources/app/dist/database/backend/server-document.mjs:1:2782)","timestamp":"2026-03-09 13:53:55"}
{"level":"error","message":"An error occurred during the migration of Item record [hXehaNaOdYzSJqxf] of database \"daggerheart-extra-content.classes\":\nError: Documents from a core version newer than the running version cannot be migrated\n    at Function._migrateRecord (file:///D:/Juegos/Foundry_daggerheart_git/Foundry-daggerheart/Portable-FoundryVTT-v13.348/App/resources/app/dist/database/backend/server-document.mjs:1:3713)\n    at Function._migrateDocuments (file:///D:/Juegos/Foundry_daggerheart_git/Foundry-daggerheart/Portable-FoundryVTT-v13.348/App/resources/app/dist/database/backend/server-document.mjs:1:2782)","timestamp":"2026-03-09 13:53:55"}
{"level":"error","message":"An error occurred during the migration of Item record [k4NTq8kIqQNNv9bl] of database \"daggerheart-extra-content.classes\":\nError: Documents from a core version newer than the running version cannot be migrated\n    at Function._migrateRecord (file:///D:/Juegos/Foundry_daggerheart_git/Foundry-daggerheart/Portable-FoundryVTT-v13.348/App/resources/app/dist/database/backend/server-document.mjs:1:3713)\n    at Function._migrateDocuments (file:///D:/Juegos/Foundry_daggerheart_git/Foundry-daggerheart/Portable-FoundryVTT-v13.348/App/resources/app/dist/database/backend/server-document.mjs:1:2782)","timestamp":"2026-03-09 13:53:55"}
{"level":"error","message":"An error occurred during the migration of Item record [m0xIb9uq6tlZdsoz] of database \"daggerheart-extra-content.classes\":\nError: Documents from a core version newer than the running version cannot be migrated\n    at Function._migrateRecord (file:///D:/Juegos/Foundry_daggerheart_git/Foundry-daggerheart/Portable-FoundryVTT-v13.348/App/resources/app/dist/database/backend/server-document.mjs:1:3713)\n    at Function._migrateDocuments (file:///D:/Juegos/Foundry_daggerheart_git/Foundry-daggerheart/Portable-FoundryVTT-v13.348/App/resources/app/dist/database/backend/server-document.mjs:1:2782)","timestamp":"2026-03-09 13:53:55"}
{"level":"error","message":"An error occurred during the migration of Item record [mYoYtle6DKA0UwQd] of database \"daggerheart-extra-content.classes\":\nError: Documents from a core version newer than the running version cannot be migrated\n    at Function._migrateRecord (file:///D:/Juegos/Foundry_daggerheart_git/Foundry-daggerheart/Portable-FoundryVTT-v13.348/App/resources/app/dist/database/backend/server-document.mjs:1:3713)\n    at Function._migrateDocuments (file:///D:/Juegos/Foundry_daggerheart_git/Foundry-daggerheart/Portable-FoundryVTT-v13.348/App/resources/app/dist/database/backend/server-document.mjs:1:2782)","timestamp":"2026-03-09 13:53:55"}
{"level":"error","message":"An error occurred during the migration of Item record [xGemeGMXhosaM22K] of database \"daggerheart-extra-content.classes\":\nError: Documents from a core version newer than the running version cannot be migrated\n    at Function._migrateRecord (file:///D:/Juegos/Foundry_daggerheart_git/Foundry-daggerheart/Portable-FoundryVTT-v13.348/App/resources/app/dist/database/backend/server-document.mjs:1:3713)\n    at Function._migrateDocuments (file:///D:/Juegos/Foundry_daggerheart_git/Foundry-daggerheart/Portable-FoundryVTT-v13.348/App/resources/app/dist/database/backend/server-document.mjs:1:2782)","timestamp":"2026-03-09 13:53:55"}
{"level":"error","message":"An error occurred during the migration of Item record [zzaKRTPuYEahfilp] of database \"daggerheart-extra-content.classes\":\nError: Documents from a core version newer than the running version cannot be migrated\n    at Function._migrateRecord (file:///D:/Juegos/Foundry_daggerheart_git/Foundry-daggerheart/Portable-FoundryVTT-v13.348/App/resources/app/dist/database/backend/server-document.mjs:1:3713)\n    at Function._migrateDocuments (file:///D:/Juegos/Foundry_daggerheart_git/Foundry-daggerheart/Portable-FoundryVTT-v13.348/App/resources/app/dist/database/backend/server-document.mjs:1:2782)","timestamp":"2026-03-09 13:53:55"}
{"level":"warn","message":"Database daggerheart-extra-content.classes was not fully migrated due to errors during migration.","timestamp":"2026-03-09 13:53:55"}
{"level":"info","message":"Launching World | Migrating Package Data - 72%","timestamp":"2026-03-09 13:53:55"}
{"level":"error","message":"An error occurred during the migration of Item record [0YAGrauVMvqpHUou] of database \"daggerheart-extra-content.subclasses\":\nError: Documents from a core version newer than the running version cannot be migrated\n    at Function._migrateRecord (file:///D:/Juegos/Foundry_daggerheart_git/Foundry-daggerheart/Portable-FoundryVTT-v13.348/App/resources/app/dist/database/backend/server-document.mjs:1:3713)\n    at Function._migrateDocuments (file:///D:/Juegos/Foundry_daggerheart_git/Foundry-daggerheart/Portable-FoundryVTT-v13.348/App/resources/app/dist/database/backend/server-document.mjs:1:2782)","timestamp":"2026-03-09 13:53:55"}
{"level":"error","message":"An error occurred during the migration of Item record [1vMdJBGISqJYzAA8] of database \"daggerheart-extra-content.subclasses\":\nError: Documents from a core version newer than the running version cannot be migrated\n    at Function._migrateRecord (file:///D:/Juegos/Foundry_daggerheart_git/Foundry-daggerheart/Portable-FoundryVTT-v13.348/App/resources/app/dist/database/backend/server-document.mjs:1:3713)\n    at Function._migrateDocuments (file:///D:/Juegos/Foundry_daggerheart_git/Foundry-daggerheart/Portable-FoundryVTT-v13.348/App/resources/app/dist/database/backend/server-document.mjs:1:2782)","timestamp":"2026-03-09 13:53:55"}
{"level":"error","message":"An error occurred during the migration of Item record [48oK5ke7KNhEoSBK] of database \"daggerheart-extra-content.subclasses\":\nError: Documents from a core version newer than the running version cannot be migrated\n    at Function._migrateRecord (file:///D:/Juegos/Foundry_daggerheart_git/Foundry-daggerheart/Portable-FoundryVTT-v13.348/App/resources/app/dist/database/backend/server-document.mjs:1:3713)\n    at Function._migrateDocuments (file:///D:/Juegos/Foundry_daggerheart_git/Foundry-daggerheart/Portable-FoundryVTT-v13.348/App/resources/app/dist/database/backend/server-document.mjs:1:2782)","timestamp":"2026-03-09 13:53:55"}
{"level":"error","message":"An error occurred during the migration of Item record [DeyoqbkHGP5Zm5bb] of database \"daggerheart-extra-content.subclasses\":\nError: Documents from a core version newer than the running version cannot be migrated\n    at Function._migrateRecord (file:///D:/Juegos/Foundry_daggerheart_git/Foundry-daggerheart/Portable-FoundryVTT-v13.348/App/resources/app/dist/database/backend/server-document.mjs:1:3713)\n    at Function._migrateDocuments (file:///D:/Juegos/Foundry_daggerheart_git/Foundry-daggerheart/Portable-FoundryVTT-v13.348/App/resources/app/dist/database/backend/server-document.mjs:1:2782)","timestamp":"2026-03-09 13:53:55"}
{"level":"error","message":"An error occurred during the migration of Item record [HQmOhlvOcO5GjiRG] of database \"daggerheart-extra-content.subclasses\":\nError: Documents from a core version newer than the running version cannot be migrated\n    at Function._migrateRecord (file:///D:/Juegos/Foundry_daggerheart_git/Foundry-daggerheart/Portable-FoundryVTT-v13.348/App/resources/app/dist/database/backend/server-document.mjs:1:3713)\n    at Function._migrateDocuments (file:///D:/Juegos/Foundry_daggerheart_git/Foundry-daggerheart/Portable-FoundryVTT-v13.348/App/resources/app/dist/database/backend/server-document.mjs:1:2782)","timestamp":"2026-03-09 13:53:55"}
{"level":"error","message":"An error occurred during the migration of Item record [LCqFlGKsObwYDIEm] of database \"daggerheart-extra-content.subclasses\":\nError: Documents from a core version newer than the running version cannot be migrated\n    at Function._migrateRecord (file:///D:/Juegos/Foundry_daggerheart_git/Foundry-daggerheart/Portable-FoundryVTT-v13.348/App/resources/app/dist/database/backend/server-document.mjs:1:3713)\n    at Function._migrateDocuments (file:///D:/Juegos/Foundry_daggerheart_git/Foundry-daggerheart/Portable-FoundryVTT-v13.348/App/resources/app/dist/database/backend/server-document.mjs:1:2782)","timestamp":"2026-03-09 13:53:55"}
{"level":"error","message":"An error occurred during the migration of Item record [ThjRka7o73hN3p0B] of database \"daggerheart-extra-content.subclasses\":\nError: Documents from a core version newer than the running version cannot be migrated\n    at Function._migrateRecord (file:///D:/Juegos/Foundry_daggerheart_git/Foundry-daggerheart/Portable-FoundryVTT-v13.348/App/resources/app/dist/database/backend/server-document.mjs:1:3713)\n    at Function._migrateDocuments (file:///D:/Juegos/Foundry_daggerheart_git/Foundry-daggerheart/Portable-FoundryVTT-v13.348/App/resources/app/dist/database/backend/server-document.mjs:1:2782)","timestamp":"2026-03-09 13:53:55"}
{"level":"error","message":"An error occurred during the migration of Item record [UOiFsix0pZrccp1y] of database \"daggerheart-extra-content.subclasses\":\nError: Documents from a core version newer than the running version cannot be migrated\n    at Function._migrateRecord (file:///D:/Juegos/Foundry_daggerheart_git/Foundry-daggerheart/Portable-FoundryVTT-v13.348/App/resources/app/dist/database/backend/server-document.mjs:1:3713)\n    at Function._migrateDocuments (file:///D:/Juegos/Foundry_daggerheart_git/Foundry-daggerheart/Portable-FoundryVTT-v13.348/App/resources/app/dist/database/backend/server-document.mjs:1:2782)","timestamp":"2026-03-09 13:53:55"}
{"level":"error","message":"An error occurred during the migration of Item record [YtPj46QA47slm76U] of database \"daggerheart-extra-content.subclasses\":\nError: Documents from a core version newer than the running version cannot be migrated\n    at Function._migrateRecord (file:///D:/Juegos/Foundry_daggerheart_git/Foundry-daggerheart/Portable-FoundryVTT-v13.348/App/resources/app/dist/database/backend/server-document.mjs:1:3713)\n    at Function._migrateDocuments (file:///D:/Juegos/Foundry_daggerheart_git/Foundry-daggerheart/Portable-FoundryVTT-v13.348/App/resources/app/dist/database/backend/server-document.mjs:1:2782)","timestamp":"2026-03-09 13:53:55"}
{"level":"error","message":"An error occurred during the migration of Item record [Z2oD6qtFjxzDYqWV] of database \"daggerheart-extra-content.subclasses\":\nError: Documents from a core version newer than the running version cannot be migrated\n    at Function._migrateRecord (file:///D:/Juegos/Foundry_daggerheart_git/Foundry-daggerheart/Portable-FoundryVTT-v13.348/App/resources/app/dist/database/backend/server-document.mjs:1:3713)\n    at Function._migrateDocuments (file:///D:/Juegos/Foundry_daggerheart_git/Foundry-daggerheart/Portable-FoundryVTT-v13.348/App/resources/app/dist/database/backend/server-document.mjs:1:2782)","timestamp":"2026-03-09 13:53:55"}
{"level":"error","message":"An error occurred during the migration of Item record [aKNaVPnQeDzCZl6w] of database \"daggerheart-extra-content.subclasses\":\nError: Documents from a core version newer than the running version cannot be migrated\n    at Function._migrateRecord (file:///D:/Juegos/Foundry_daggerheart_git/Foundry-daggerheart/Portable-FoundryVTT-v13.348/App/resources/app/dist/database/backend/server-document.mjs:1:3713)\n    at Function._migrateDocuments (file:///D:/Juegos/Foundry_daggerheart_git/Foundry-daggerheart/Portable-FoundryVTT-v13.348/App/resources/app/dist/database/backend/server-document.mjs:1:2782)","timestamp":"2026-03-09 13:53:55"}
{"level":"error","message":"An error occurred during the migration of Item record [bQMybQa340rpMCR8] of database \"daggerheart-extra-content.subclasses\":\nError: Documents from a core version newer than the running version cannot be migrated\n    at Function._migrateRecord (file:///D:/Juegos/Foundry_daggerheart_git/Foundry-daggerheart/Portable-FoundryVTT-v13.348/App/resources/app/dist/database/backend/server-document.mjs:1:3713)\n    at Function._migrateDocuments (file:///D:/Juegos/Foundry_daggerheart_git/Foundry-daggerheart/Portable-FoundryVTT-v13.348/App/resources/app/dist/database/backend/server-document.mjs:1:2782)","timestamp":"2026-03-09 13:53:55"}
{"level":"error","message":"An error occurred during the migration of Item record [eM46wwEPFHNI99sq] of database \"daggerheart-extra-content.subclasses\":\nError: Documents from a core version newer than the running version cannot be migrated\n    at Function._migrateRecord (file:///D:/Juegos/Foundry_daggerheart_git/Foundry-daggerheart/Portable-FoundryVTT-v13.348/App/resources/app/dist/database/backend/server-document.mjs:1:3713)\n    at Function._migrateDocuments (file:///D:/Juegos/Foundry_daggerheart_git/Foundry-daggerheart/Portable-FoundryVTT-v13.348/App/resources/app/dist/database/backend/server-document.mjs:1:2782)","timestamp":"2026-03-09 13:53:55"}
{"level":"error","message":"An error occurred during the migration of Item record [eQ8YQvNFJJnz9OqQ] of database \"daggerheart-extra-content.subclasses\":\nError: Documents from a core version newer than the running version cannot be migrated\n    at Function._migrateRecord (file:///D:/Juegos/Foundry_daggerheart_git/Foundry-daggerheart/Portable-FoundryVTT-v13.348/App/resources/app/dist/database/backend/server-document.mjs:1:3713)\n    at Function._migrateDocuments (file:///D:/Juegos/Foundry_daggerheart_git/Foundry-daggerheart/Portable-FoundryVTT-v13.348/App/resources/app/dist/database/backend/server-document.mjs:1:2782)","timestamp":"2026-03-09 13:53:55"}
{"level":"error","message":"An error occurred during the migration of Item record [hRIq3JkT9ZwZr5Qf] of database \"daggerheart-extra-content.subclasses\":\nError: Documents from a core version newer than the running version cannot be migrated\n    at Function._migrateRecord (file:///D:/Juegos/Foundry_daggerheart_git/Foundry-daggerheart/Portable-FoundryVTT-v13.348/App/resources/app/dist/database/backend/server-document.mjs:1:3713)\n    at Function._migrateDocuments (file:///D:/Juegos/Foundry_daggerheart_git/Foundry-daggerheart/Portable-FoundryVTT-v13.348/App/resources/app/dist/database/backend/server-document.mjs:1:2782)","timestamp":"2026-03-09 13:53:55"}
{"level":"error","message":"An error occurred during the migration of Item record [hZqlmZX7lIGN3auH] of database \"daggerheart-extra-content.subclasses\":\nError: Documents from a core version newer than the running version cannot be migrated\n    at Function._migrateRecord (file:///D:/Juegos/Foundry_daggerheart_git/Foundry-daggerheart/Portable-FoundryVTT-v13.348/App/resources/app/dist/database/backend/server-document.mjs:1:3713)\n    at Function._migrateDocuments (file:///D:/Juegos/Foundry_daggerheart_git/Foundry-daggerheart/Portable-FoundryVTT-v13.348/App/resources/app/dist/database/backend/server-document.mjs:1:2782)","timestamp":"2026-03-09 13:53:55"}
{"level":"error","message":"An error occurred during the migration of Item record [lwShv1Is6MN1zDor] of database \"daggerheart-extra-content.subclasses\":\nError: Documents from a core version newer than the running version cannot be migrated\n    at Function._migrateRecord (file:///D:/Juegos/Foundry_daggerheart_git/Foundry-daggerheart/Portable-FoundryVTT-v13.348/App/resources/app/dist/database/backend/server-document.mjs:1:3713)\n    at Function._migrateDocuments (file:///D:/Juegos/Foundry_daggerheart_git/Foundry-daggerheart/Portable-FoundryVTT-v13.348/App/resources/app/dist/database/backend/server-document.mjs:1:2782)","timestamp":"2026-03-09 13:53:55"}
{"level":"error","message":"An error occurred during the migration of Item record [oWFZxLUa6apOCBW6] of database \"daggerheart-extra-content.subclasses\":\nError: Documents from a core version newer than the running version cannot be migrated\n    at Function._migrateRecord (file:///D:/Juegos/Foundry_daggerheart_git/Foundry-daggerheart/Portable-FoundryVTT-v13.348/App/resources/app/dist/database/backend/server-document.mjs:1:3713)\n    at Function._migrateDocuments (file:///D:/Juegos/Foundry_daggerheart_git/Foundry-daggerheart/Portable-FoundryVTT-v13.348/App/resources/app/dist/database/backend/server-document.mjs:1:2782)","timestamp":"2026-03-09 13:53:55"}
{"level":"error","message":"An error occurred during the migration of Item record [uZZCmokDQbizjw1d] of database \"daggerheart-extra-content.subclasses\":\nError: Documents from a core version newer than the running version cannot be migrated\n    at Function._migrateRecord (file:///D:/Juegos/Foundry_daggerheart_git/Foundry-daggerheart/Portable-FoundryVTT-v13.348/App/resources/app/dist/database/backend/server-document.mjs:1:3713)\n    at Function._migrateDocuments (file:///D:/Juegos/Foundry_daggerheart_git/Foundry-daggerheart/Portable-FoundryVTT-v13.348/App/resources/app/dist/database/backend/server-document.mjs:1:2782)","timestamp":"2026-03-09 13:53:55"}
{"level":"error","message":"An error occurred during the migration of Item record [ytYGENKq8AtjYqTb] of database \"daggerheart-extra-content.subclasses\":\nError: Documents from a core version newer than the running version cannot be migrated\n    at Function._migrateRecord (file:///D:/Juegos/Foundry_daggerheart_git/Foundry-daggerheart/Portable-FoundryVTT-v13.348/App/resources/app/dist/database/backend/server-document.mjs:1:3713)\n    at Function._migrateDocuments (file:///D:/Juegos/Foundry_daggerheart_git/Foundry-daggerheart/Portable-FoundryVTT-v13.348/App/resources/app/dist/database/backend/server-document.mjs:1:2782)","timestamp":"2026-03-09 13:53:55"}
{"level":"warn","message":"Database daggerheart-extra-content.subclasses was not fully migrated due to errors during migration.","timestamp":"2026-03-09 13:53:55"}
{"level":"info","message":"Launching World | Migrating Package Data - 74%","timestamp":"2026-03-09 13:53:55"}
{"level":"error","message":"An error occurred during the migration of Item record [9X2envWaXGSWx82V] of database \"the-void-unofficial.classes\":\nError: Documents from a core version newer than the running version cannot be migrated\n    at Function._migrateRecord (file:///D:/Juegos/Foundry_daggerheart_git/Foundry-daggerheart/Portable-FoundryVTT-v13.348/App/resources/app/dist/database/backend/server-document.mjs:1:3713)\n    at Function._migrateDocuments (file:///D:/Juegos/Foundry_daggerheart_git/Foundry-daggerheart/Portable-FoundryVTT-v13.348/App/resources/app/dist/database/backend/server-document.mjs:1:2782)","timestamp":"2026-03-09 13:53:55"}
{"level":"error","message":"An error occurred during the migration of Item record [R0wYgWyPih4CpTE5] of database \"the-void-unofficial.classes\":\nError: Documents from a core version newer than the running version cannot be migrated\n    at Function._migrateRecord (file:///D:/Juegos/Foundry_daggerheart_git/Foundry-daggerheart/Portable-FoundryVTT-v13.348/App/resources/app/dist/database/backend/server-document.mjs:1:3713)\n    at Function._migrateDocuments (file:///D:/Juegos/Foundry_daggerheart_git/Foundry-daggerheart/Portable-FoundryVTT-v13.348/App/resources/app/dist/database/backend/server-document.mjs:1:2782)","timestamp":"2026-03-09 13:53:55"}
{"level":"error","message":"An error occurred during the migration of Item record [TGTBooD83OWXyQj1] of database \"the-void-unofficial.classes\":\nError: Documents from a core version newer than the running version cannot be migrated\n    at Function._migrateRecord (file:///D:/Juegos/Foundry_daggerheart_git/Foundry-daggerheart/Portable-FoundryVTT-v13.348/App/resources/app/dist/database/backend/server-document.mjs:1:3713)\n    at Function._migrateDocuments (file:///D:/Juegos/Foundry_daggerheart_git/Foundry-daggerheart/Portable-FoundryVTT-v13.348/App/resources/app/dist/database/backend/server-document.mjs:1:2782)","timestamp":"2026-03-09 13:53:55"}
{"level":"error","message":"An error occurred during the migration of Item record [gugHbXBWP24CFTJZ] of database \"the-void-unofficial.classes\":\nError: Documents from a core version newer than the running version cannot be migrated\n    at Function._migrateRecord (file:///D:/Juegos/Foundry_daggerheart_git/Foundry-daggerheart/Portable-FoundryVTT-v13.348/App/resources/app/dist/database/backend/server-document.mjs:1:3713)\n    at Function._migrateDocuments (file:///D:/Juegos/Foundry_daggerheart_git/Foundry-daggerheart/Portable-FoundryVTT-v13.348/App/resources/app/dist/database/backend/server-document.mjs:1:2782)","timestamp":"2026-03-09 13:53:55"}
{"level":"error","message":"An error occurred during the migration of Item record [m3CvI4nlskOu5jZS] of database \"the-void-unofficial.classes\":\nError: Documents from a core version newer than the running version cannot be migrated\n    at Function._migrateRecord (file:///D:/Juegos/Foundry_daggerheart_git/Foundry-daggerheart/Portable-FoundryVTT-v13.348/App/resources/app/dist/database/backend/server-document.mjs:1:3713)\n    at Function._migrateDocuments (file:///D:/Juegos/Foundry_daggerheart_git/Foundry-daggerheart/Portable-FoundryVTT-v13.348/App/resources/app/dist/database/backend/server-document.mjs:1:2782)","timestamp":"2026-03-09 13:53:55"}
{"level":"error","message":"An error occurred during the migration of Item record [otb0ThXWuqQzzWho] of database \"the-void-unofficial.classes\":\nError: Documents from a core version newer than the running version cannot be migrated\n    at Function._migrateRecord (file:///D:/Juegos/Foundry_daggerheart_git/Foundry-daggerheart/Portable-FoundryVTT-v13.348/App/resources/app/dist/database/backend/server-document.mjs:1:3713)\n    at Function._migrateDocuments (file:///D:/Juegos/Foundry_daggerheart_git/Foundry-daggerheart/Portable-FoundryVTT-v13.348/App/resources/app/dist/database/backend/server-document.mjs:1:2782)","timestamp":"2026-03-09 13:53:55"}
{"level":"error","message":"An error occurred during the migration of Item record [v5M0mxaTDJCyhAsR] of database \"the-void-unofficial.classes\":\nError: Documents from a core version newer than the running version cannot be migrated\n    at Function._migrateRecord (file:///D:/Juegos/Foundry_daggerheart_git/Foundry-daggerheart/Portable-FoundryVTT-v13.348/App/resources/app/dist/database/backend/server-document.mjs:1:3713)\n    at Function._migrateDocuments (file:///D:/Juegos/Foundry_daggerheart_git/Foundry-daggerheart/Portable-FoundryVTT-v13.348/App/resources/app/dist/database/backend/server-document.mjs:1:2782)","timestamp":"2026-03-09 13:53:55"}
{"level":"warn","message":"Database the-void-unofficial.classes was not fully migrated due to errors during migration.","timestamp":"2026-03-09 13:53:55"}
{"level":"info","message":"Launching World | Migrating Package Data - 77%","timestamp":"2026-03-09 13:53:55"}
{"level":"error","message":"An error occurred during the migration of Item record [1PPk39iarFpWylOi] of database \"the-void-unofficial.subclasses\":\nError: Documents from a core version newer than the running version cannot be migrated\n    at Function._migrateRecord (file:///D:/Juegos/Foundry_daggerheart_git/Foundry-daggerheart/Portable-FoundryVTT-v13.348/App/resources/app/dist/database/backend/server-document.mjs:1:3713)\n    at Function._migrateDocuments (file:///D:/Juegos/Foundry_daggerheart_git/Foundry-daggerheart/Portable-FoundryVTT-v13.348/App/resources/app/dist/database/backend/server-document.mjs:1:2782)","timestamp":"2026-03-09 13:53:55"}
{"level":"error","message":"An error occurred during the migration of Item record [4Jaekd41DdaPdWkw] of database \"the-void-unofficial.subclasses\":\nError: Documents from a core version newer than the running version cannot be migrated\n    at Function._migrateRecord (file:///D:/Juegos/Foundry_daggerheart_git/Foundry-daggerheart/Portable-FoundryVTT-v13.348/App/resources/app/dist/database/backend/server-document.mjs:1:3713)\n    at Function._migrateDocuments (file:///D:/Juegos/Foundry_daggerheart_git/Foundry-daggerheart/Portable-FoundryVTT-v13.348/App/resources/app/dist/database/backend/server-document.mjs:1:2782)","timestamp":"2026-03-09 13:53:55"}
{"level":"error","message":"An error occurred during the migration of Item record [8EGGJmnqPBs9CrO9] of database \"the-void-unofficial.subclasses\":\nError: Documents from a core version newer than the running version cannot be migrated\n    at Function._migrateRecord (file:///D:/Juegos/Foundry_daggerheart_git/Foundry-daggerheart/Portable-FoundryVTT-v13.348/App/resources/app/dist/database/backend/server-document.mjs:1:3713)\n    at Function._migrateDocuments (file:///D:/Juegos/Foundry_daggerheart_git/Foundry-daggerheart/Portable-FoundryVTT-v13.348/App/resources/app/dist/database/backend/server-document.mjs:1:2782)","timestamp":"2026-03-09 13:53:55"}
{"level":"error","message":"An error occurred during the migration of Item record [GXYbLE8fG6fmGvFE] of database \"the-void-unofficial.subclasses\":\nError: Documents from a core version newer than the running version cannot be migrated\n    at Function._migrateRecord (file:///D:/Juegos/Foundry_daggerheart_git/Foundry-daggerheart/Portable-FoundryVTT-v13.348/App/resources/app/dist/database/backend/server-document.mjs:1:3713)\n    at Function._migrateDocuments (file:///D:/Juegos/Foundry_daggerheart_git/Foundry-daggerheart/Portable-FoundryVTT-v13.348/App/resources/app/dist/database/backend/server-document.mjs:1:2782)","timestamp":"2026-03-09 13:53:55"}
{"level":"error","message":"An error occurred during the migration of Item record [H8iGhoEsLwbhmUjb] of database \"the-void-unofficial.subclasses\":\nError: Documents from a core version newer than the running version cannot be migrated\n    at Function._migrateRecord (file:///D:/Juegos/Foundry_daggerheart_git/Foundry-daggerheart/Portable-FoundryVTT-v13.348/App/resources/app/dist/database/backend/server-document.mjs:1:3713)\n    at Function._migrateDocuments (file:///D:/Juegos/Foundry_daggerheart_git/Foundry-daggerheart/Portable-FoundryVTT-v13.348/App/resources/app/dist/database/backend/server-document.mjs:1:2782)","timestamp":"2026-03-09 13:53:55"}
{"level":"error","message":"An error occurred during the migration of Item record [JIO4bvmWGH4tTXpQ] of database \"the-void-unofficial.subclasses\":\nError: Documents from a core version newer than the running version cannot be migrated\n    at Function._migrateRecord (file:///D:/Juegos/Foundry_daggerheart_git/Foundry-daggerheart/Portable-FoundryVTT-v13.348/App/resources/app/dist/database/backend/server-document.mjs:1:3713)\n    at Function._migrateDocuments (file:///D:/Juegos/Foundry_daggerheart_git/Foundry-daggerheart/Portable-FoundryVTT-v13.348/App/resources/app/dist/database/backend/server-document.mjs:1:2782)","timestamp":"2026-03-09 13:53:55"}
{"level":"error","message":"An error occurred during the migration of Item record [JWlQd6XSBB22ASBs] of database \"the-void-unofficial.subclasses\":\nError: Documents from a core version newer than the running version cannot be migrated\n    at Function._migrateRecord (file:///D:/Juegos/Foundry_daggerheart_git/Foundry-daggerheart/Portable-FoundryVTT-v13.348/App/resources/app/dist/database/backend/server-document.mjs:1:3713)\n    at Function._migrateDocuments (file:///D:/Juegos/Foundry_daggerheart_git/Foundry-daggerheart/Portable-FoundryVTT-v13.348/App/resources/app/dist/database/backend/server-document.mjs:1:2782)","timestamp":"2026-03-09 13:53:55"}
{"level":"error","message":"An error occurred during the migration of Item record [JiPSjjjWxSbnoQRe] of database \"the-void-unofficial.subclasses\":\nError: Documents from a core version newer than the running version cannot be migrated\n    at Function._migrateRecord (file:///D:/Juegos/Foundry_daggerheart_git/Foundry-daggerheart/Portable-FoundryVTT-v13.348/App/resources/app/dist/database/backend/server-document.mjs:1:3713)\n    at Function._migrateDocuments (file:///D:/Juegos/Foundry_daggerheart_git/Foundry-daggerheart/Portable-FoundryVTT-v13.348/App/resources/app/dist/database/backend/server-document.mjs:1:2782)","timestamp":"2026-03-09 13:53:55"}
{"level":"error","message":"An error occurred during the migration of Item record [XeSsopeDDreSRv5A] of database \"the-void-unofficial.subclasses\":\nError: Documents from a core version newer than the running version cannot be migrated\n    at Function._migrateRecord (file:///D:/Juegos/Foundry_daggerheart_git/Foundry-daggerheart/Portable-FoundryVTT-v13.348/App/resources/app/dist/database/backend/server-document.mjs:1:3713)\n    at Function._migrateDocuments (file:///D:/Juegos/Foundry_daggerheart_git/Foundry-daggerheart/Portable-FoundryVTT-v13.348/App/resources/app/dist/database/backend/server-document.mjs:1:2782)","timestamp":"2026-03-09 13:53:55"}
{"level":"error","message":"An error occurred during the migration of Item record [YN38IzjqW5paIy92] of database \"the-void-unofficial.subclasses\":\nError: Documents from a core version newer than the running version cannot be migrated\n    at Function._migrateRecord (file:///D:/Juegos/Foundry_daggerheart_git/Foundry-daggerheart/Portable-FoundryVTT-v13.348/App/resources/app/dist/database/backend/server-document.mjs:1:3713)\n    at Function._migrateDocuments (file:///D:/Juegos/Foundry_daggerheart_git/Foundry-daggerheart/Portable-FoundryVTT-v13.348/App/resources/app/dist/database/backend/server-document.mjs:1:2782)","timestamp":"2026-03-09 13:53:55"}
{"level":"error","message":"An error occurred during the migration of Item record [ZYdJamwMgRsiG733] of database \"the-void-unofficial.subclasses\":\nError: Documents from a core version newer than the running version cannot be migrated\n    at Function._migrateRecord (file:///D:/Juegos/Foundry_daggerheart_git/Foundry-daggerheart/Portable-FoundryVTT-v13.348/App/resources/app/dist/database/backend/server-document.mjs:1:3713)\n    at Function._migrateDocuments (file:///D:/Juegos/Foundry_daggerheart_git/Foundry-daggerheart/Portable-FoundryVTT-v13.348/App/resources/app/dist/database/backend/server-document.mjs:1:2782)","timestamp":"2026-03-09 13:53:55"}
{"level":"error","message":"An error occurred during the migration of Item record [aFtWBHgUBxsCptI2] of database \"the-void-unofficial.subclasses\":\nError: Documents from a core version newer than the running version cannot be migrated\n    at Function._migrateRecord (file:///D:/Juegos/Foundry_daggerheart_git/Foundry-daggerheart/Portable-FoundryVTT-v13.348/App/resources/app/dist/database/backend/server-document.mjs:1:3713)\n    at Function._migrateDocuments (file:///D:/Juegos/Foundry_daggerheart_git/Foundry-daggerheart/Portable-FoundryVTT-v13.348/App/resources/app/dist/database/backend/server-document.mjs:1:2782)","timestamp":"2026-03-09 13:53:55"}
{"level":"error","message":"An error occurred during the migration of Item record [h0PlfOo87vjMIR2n] of database \"the-void-unofficial.subclasses\":\nError: Documents from a core version newer than the running version cannot be migrated\n    at Function._migrateRecord (file:///D:/Juegos/Foundry_daggerheart_git/Foundry-daggerheart/Portable-FoundryVTT-v13.348/App/resources/app/dist/database/backend/server-document.mjs:1:3713)\n    at Function._migrateDocuments (file:///D:/Juegos/Foundry_daggerheart_git/Foundry-daggerheart/Portable-FoundryVTT-v13.348/App/resources/app/dist/database/backend/server-document.mjs:1:2782)","timestamp":"2026-03-09 13:53:55"}
{"level":"error","message":"An error occurred during the migration of Item record [h3bzYGrnwkKQBJ6d] of database \"the-void-unofficial.subclasses\":\nError: Documents from a core version newer than the running version cannot be migrated\n    at Function._migrateRecord (file:///D:/Juegos/Foundry_daggerheart_git/Foundry-daggerheart/Portable-FoundryVTT-v13.348/App/resources/app/dist/database/backend/server-document.mjs:1:3713)\n    at Function._migrateDocuments (file:///D:/Juegos/Foundry_daggerheart_git/Foundry-daggerheart/Portable-FoundryVTT-v13.348/App/resources/app/dist/database/backend/server-document.mjs:1:2782)","timestamp":"2026-03-09 13:53:55"}
{"level":"error","message":"An error occurred during the migration of Item record [mRNqGokQNZEK8GSP] of database \"the-void-unofficial.subclasses\":\nError: Documents from a core version newer than the running version cannot be migrated\n    at Function._migrateRecord (file:///D:/Juegos/Foundry_daggerheart_git/Foundry-daggerheart/Portable-FoundryVTT-v13.348/App/resources/app/dist/database/backend/server-document.mjs:1:3713)\n    at Function._migrateDocuments (file:///D:/Juegos/Foundry_daggerheart_git/Foundry-daggerheart/Portable-FoundryVTT-v13.348/App/resources/app/dist/database/backend/server-document.mjs:1:2782)","timestamp":"2026-03-09 13:53:55"}
{"level":"error","message":"An error occurred during the migration of Item record [sajwdoQ5JVzqeqsj] of database \"the-void-unofficial.subclasses\":\nError: Documents from a core version newer than the running version cannot be migrated\n    at Function._migrateRecord (file:///D:/Juegos/Foundry_daggerheart_git/Foundry-daggerheart/Portable-FoundryVTT-v13.348/App/resources/app/dist/database/backend/server-document.mjs:1:3713)\n    at Function._migrateDocuments (file:///D:/Juegos/Foundry_daggerheart_git/Foundry-daggerheart/Portable-FoundryVTT-v13.348/App/resources/app/dist/database/backend/server-document.mjs:1:2782)","timestamp":"2026-03-09 13:53:55"}
{"level":"error","message":"An error occurred during the migration of Item record [ulURXMXGHT33vnD9] of database \"the-void-unofficial.subclasses\":\nError: Documents from a core version newer than the running version cannot be migrated\n    at Function._migrateRecord (file:///D:/Juegos/Foundry_daggerheart_git/Foundry-daggerheart/Portable-FoundryVTT-v13.348/App/resources/app/dist/database/backend/server-document.mjs:1:3713)\n    at Function._migrateDocuments (file:///D:/Juegos/Foundry_daggerheart_git/Foundry-daggerheart/Portable-FoundryVTT-v13.348/App/resources/app/dist/database/backend/server-document.mjs:1:2782)","timestamp":"2026-03-09 13:53:55"}
{"level":"error","message":"An error occurred during the migration of Item record [zkpNSVJfpnR0InYL] of database \"the-void-unofficial.subclasses\":\nError: Documents from a core version newer than the running version cannot be migrated\n    at Function._migrateRecord (file:///D:/Juegos/Foundry_daggerheart_git/Foundry-daggerheart/Portable-FoundryVTT-v13.348/App/resources/app/dist/database/backend/server-document.mjs:1:3713)\n    at Function._migrateDocuments (file:///D:/Juegos/Foundry_daggerheart_git/Foundry-daggerheart/Portable-FoundryVTT-v13.348/App/resources/app/dist/database/backend/server-document.mjs:1:2782)","timestamp":"2026-03-09 13:53:55"}
{"level":"warn","message":"Database the-void-unofficial.subclasses was not fully migrated due to errors during migration.","timestamp":"2026-03-09 13:53:55"}
{"level":"info","message":"Launching World | Migrating Package Data - 79%","timestamp":"2026-03-09 13:53:55"}
{"level":"info","message":"Launching World | Migrating Package Data - 82%","timestamp":"2026-03-09 13:53:55"}
{"level":"info","message":"Launching World | Migrating Package Data - 85%","timestamp":"2026-03-09 13:53:55"}
{"level":"error","message":"An error occurred during the migration of Item record [0NoQWqYOiPdXdUhQ] of database \"the-void-unofficial.domains\":\nError: Documents from a core version newer than the running version cannot be migrated\n    at Function._migrateRecord (file:///D:/Juegos/Foundry_daggerheart_git/Foundry-daggerheart/Portable-FoundryVTT-v13.348/App/resources/app/dist/database/backend/server-document.mjs:1:3713)\n    at Function._migrateDocuments (file:///D:/Juegos/Foundry_daggerheart_git/Foundry-daggerheart/Portable-FoundryVTT-v13.348/App/resources/app/dist/database/backend/server-document.mjs:1:2782)","timestamp":"2026-03-09 13:53:55"}
{"level":"error","message":"An error occurred during the migration of Item record [176CHYdrz550TiEa] of database \"the-void-unofficial.domains\":\nError: Documents from a core version newer than the running version cannot be migrated\n    at Function._migrateRecord (file:///D:/Juegos/Foundry_daggerheart_git/Foundry-daggerheart/Portable-FoundryVTT-v13.348/App/resources/app/dist/database/backend/server-document.mjs:1:3713)\n    at Function._migrateDocuments (file:///D:/Juegos/Foundry_daggerheart_git/Foundry-daggerheart/Portable-FoundryVTT-v13.348/App/resources/app/dist/database/backend/server-document.mjs:1:2782)","timestamp":"2026-03-09 13:53:55"}
{"level":"error","message":"An error occurred during the migration of Item record [65NWcF4RSZgyJXFt] of database \"the-void-unofficial.domains\":\nError: Documents from a core version newer than the running version cannot be migrated\n    at Function._migrateRecord (file:///D:/Juegos/Foundry_daggerheart_git/Foundry-daggerheart/Portable-FoundryVTT-v13.348/App/resources/app/dist/database/backend/server-document.mjs:1:3713)\n    at Function._migrateDocuments (file:///D:/Juegos/Foundry_daggerheart_git/Foundry-daggerheart/Portable-FoundryVTT-v13.348/App/resources/app/dist/database/backend/server-document.mjs:1:2782)","timestamp":"2026-03-09 13:53:55"}
{"level":"error","message":"An error occurred during the migration of Item record [88xwPHpicN5uBo0f] of database \"the-void-unofficial.domains\":\nError: Documents from a core version newer than the running version cannot be migrated\n    at Function._migrateRecord (file:///D:/Juegos/Foundry_daggerheart_git/Foundry-daggerheart/Portable-FoundryVTT-v13.348/App/resources/app/dist/database/backend/server-document.mjs:1:3713)\n    at Function._migrateDocuments (file:///D:/Juegos/Foundry_daggerheart_git/Foundry-daggerheart/Portable-FoundryVTT-v13.348/App/resources/app/dist/database/backend/server-document.mjs:1:2782)","timestamp":"2026-03-09 13:53:55"}
{"level":"error","message":"An error occurred during the migration of Item record [9wxJJpH25cxmtx5W] of database \"the-void-unofficial.domains\":\nError: Documents from a core version newer than the running version cannot be migrated\n    at Function._migrateRecord (file:///D:/Juegos/Foundry_daggerheart_git/Foundry-daggerheart/Portable-FoundryVTT-v13.348/App/resources/app/dist/database/backend/server-document.mjs:1:3713)\n    at Function._migrateDocuments (file:///D:/Juegos/Foundry_daggerheart_git/Foundry-daggerheart/Portable-FoundryVTT-v13.348/App/resources/app/dist/database/backend/server-document.mjs:1:2782)","timestamp":"2026-03-09 13:53:55"}
{"level":"error","message":"An error occurred during the migration of Item record [BFkzJkWY4HejN4WR] of database \"the-void-unofficial.domains\":\nError: Documents from a core version newer than the running version cannot be migrated\n    at Function._migrateRecord (file:///D:/Juegos/Foundry_daggerheart_git/Foundry-daggerheart/Portable-FoundryVTT-v13.348/App/resources/app/dist/database/backend/server-document.mjs:1:3713)\n    at Function._migrateDocuments (file:///D:/Juegos/Foundry_daggerheart_git/Foundry-daggerheart/Portable-FoundryVTT-v13.348/App/resources/app/dist/database/backend/server-document.mjs:1:2782)","timestamp":"2026-03-09 13:53:55"}
{"level":"error","message":"An error occurred during the migration of Item record [BQF5xVKRVQdhGAf8] of database \"the-void-unofficial.domains\":\nError: Documents from a core version newer than the running version cannot be migrated\n    at Function._migrateRecord (file:///D:/Juegos/Foundry_daggerheart_git/Foundry-daggerheart/Portable-FoundryVTT-v13.348/App/resources/app/dist/database/backend/server-document.mjs:1:3713)\n    at Function._migrateDocuments (file:///D:/Juegos/Foundry_daggerheart_git/Foundry-daggerheart/Portable-FoundryVTT-v13.348/App/resources/app/dist/database/backend/server-document.mjs:1:2782)","timestamp":"2026-03-09 13:53:55"}
{"level":"error","message":"An error occurred during the migration of Item record [BctVkNUWYL5Eww2k] of database \"the-void-unofficial.domains\":\nError: Documents from a core version newer than the running version cannot be migrated\n    at Function._migrateRecord (file:///D:/Juegos/Foundry_daggerheart_git/Foundry-daggerheart/Portable-FoundryVTT-v13.348/App/resources/app/dist/database/backend/server-document.mjs:1:3713)\n    at Function._migrateDocuments (file:///D:/Juegos/Foundry_daggerheart_git/Foundry-daggerheart/Portable-FoundryVTT-v13.348/App/resources/app/dist/database/backend/server-document.mjs:1:2782)","timestamp":"2026-03-09 13:53:55"}
{"level":"error","message":"An error occurred during the migration of Item record [CQbmQH1Xqr1BjLWW] of database \"the-void-unofficial.domains\":\nError: Documents from a core version newer than the running version cannot be migrated\n    at Function._migrateRecord (file:///D:/Juegos/Foundry_daggerheart_git/Foundry-daggerheart/Portable-FoundryVTT-v13.348/App/resources/app/dist/database/backend/server-document.mjs:1:3713)\n    at Function._migrateDocuments (file:///D:/Juegos/Foundry_daggerheart_git/Foundry-daggerheart/Portable-FoundryVTT-v13.348/App/resources/app/dist/database/backend/server-document.mjs:1:2782)","timestamp":"2026-03-09 13:53:55"}
{"level":"error","message":"An error occurred during the migration of Item record [Du7UHRd0CweyuXil] of database \"the-void-unofficial.domains\":\nError: Documents from a core version newer than the running version cannot be migrated\n    at Function._migrateRecord (file:///D:/Juegos/Foundry_daggerheart_git/Foundry-daggerheart/Portable-FoundryVTT-v13.348/App/resources/app/dist/database/backend/server-document.mjs:1:3713)\n    at Function._migrateDocuments (file:///D:/Juegos/Foundry_daggerheart_git/Foundry-daggerheart/Portable-FoundryVTT-v13.348/App/resources/app/dist/database/backend/server-document.mjs:1:2782)","timestamp":"2026-03-09 13:53:55"}
{"level":"error","message":"An error occurred during the migration of Item record [LOPtjnPVjWQEzrZx] of database \"the-void-unofficial.domains\":\nError: Documents from a core version newer than the running version cannot be migrated\n    at Function._migrateRecord (file:///D:/Juegos/Foundry_daggerheart_git/Foundry-daggerheart/Portable-FoundryVTT-v13.348/App/resources/app/dist/database/backend/server-document.mjs:1:3713)\n    at Function._migrateDocuments (file:///D:/Juegos/Foundry_daggerheart_git/Foundry-daggerheart/Portable-FoundryVTT-v13.348/App/resources/app/dist/database/backend/server-document.mjs:1:2782)","timestamp":"2026-03-09 13:53:55"}
{"level":"error","message":"An error occurred during the migration of Item record [Q3RpYwdlDyCQPJHr] of database \"the-void-unofficial.domains\":\nError: Documents from a core version newer than the running version cannot be migrated\n    at Function._migrateRecord (file:///D:/Juegos/Foundry_daggerheart_git/Foundry-daggerheart/Portable-FoundryVTT-v13.348/App/resources/app/dist/database/backend/server-document.mjs:1:3713)\n    at Function._migrateDocuments (file:///D:/Juegos/Foundry_daggerheart_git/Foundry-daggerheart/Portable-FoundryVTT-v13.348/App/resources/app/dist/database/backend/server-document.mjs:1:2782)","timestamp":"2026-03-09 13:53:55"}
{"level":"error","message":"An error occurred during the migration of Item record [WAUpMdW2TD8KVusi] of database \"the-void-unofficial.domains\":\nError: Documents from a core version newer than the running version cannot be migrated\n    at Function._migrateRecord (file:///D:/Juegos/Foundry_daggerheart_git/Foundry-daggerheart/Portable-FoundryVTT-v13.348/App/resources/app/dist/database/backend/server-document.mjs:1:3713)\n    at Function._migrateDocuments (file:///D:/Juegos/Foundry_daggerheart_git/Foundry-daggerheart/Portable-FoundryVTT-v13.348/App/resources/app/dist/database/backend/server-document.mjs:1:2782)","timestamp":"2026-03-09 13:53:55"}
{"level":"error","message":"An error occurred during the migration of Item record [XGDsPevKx3P1mdpH] of database \"the-void-unofficial.domains\":\nError: Documents from a core version newer than the running version cannot be migrated\n    at Function._migrateRecord (file:///D:/Juegos/Foundry_daggerheart_git/Foundry-daggerheart/Portable-FoundryVTT-v13.348/App/resources/app/dist/database/backend/server-document.mjs:1:3713)\n    at Function._migrateDocuments (file:///D:/Juegos/Foundry_daggerheart_git/Foundry-daggerheart/Portable-FoundryVTT-v13.348/App/resources/app/dist/database/backend/server-document.mjs:1:2782)","timestamp":"2026-03-09 13:53:55"}
{"level":"error","message":"An error occurred during the migration of Item record [cOFRHlxyTtRlbumc] of database \"the-void-unofficial.domains\":\nError: Documents from a core version newer than the running version cannot be migrated\n    at Function._migrateRecord (file:///D:/Juegos/Foundry_daggerheart_git/Foundry-daggerheart/Portable-FoundryVTT-v13.348/App/resources/app/dist/database/backend/server-document.mjs:1:3713)\n    at Function._migrateDocuments (file:///D:/Juegos/Foundry_daggerheart_git/Foundry-daggerheart/Portable-FoundryVTT-v13.348/App/resources/app/dist/database/backend/server-document.mjs:1:2782)","timestamp":"2026-03-09 13:53:55"}
{"level":"error","message":"An error occurred during the migration of Item record [dVUQ7Rp9luM7Zekw] of database \"the-void-unofficial.domains\":\nError: Documents from a core version newer than the running version cannot be migrated\n    at Function._migrateRecord (file:///D:/Juegos/Foundry_daggerheart_git/Foundry-daggerheart/Portable-FoundryVTT-v13.348/App/resources/app/dist/database/backend/server-document.mjs:1:3713)\n    at Function._migrateDocuments (file:///D:/Juegos/Foundry_daggerheart_git/Foundry-daggerheart/Portable-FoundryVTT-v13.348/App/resources/app/dist/database/backend/server-document.mjs:1:2782)","timestamp":"2026-03-09 13:53:55"}
{"level":"error","message":"An error occurred during the migration of Item record [gSsxO2xiMxANuBIz] of database \"the-void-unofficial.domains\":\nError: Documents from a core version newer than the running version cannot be migrated\n    at Function._migrateRecord (file:///D:/Juegos/Foundry_daggerheart_git/Foundry-daggerheart/Portable-FoundryVTT-v13.348/App/resources/app/dist/database/backend/server-document.mjs:1:3713)\n    at Function._migrateDocuments (file:///D:/Juegos/Foundry_daggerheart_git/Foundry-daggerheart/Portable-FoundryVTT-v13.348/App/resources/app/dist/database/backend/server-document.mjs:1:2782)","timestamp":"2026-03-09 13:53:55"}
{"level":"error","message":"An error occurred during the migration of Item record [gaDhu9iAdChYFcm2] of database \"the-void-unofficial.domains\":\nError: Documents from a core version newer than the running version cannot be migrated\n    at Function._migrateRecord (file:///D:/Juegos/Foundry_daggerheart_git/Foundry-daggerheart/Portable-FoundryVTT-v13.348/App/resources/app/dist/database/backend/server-document.mjs:1:3713)\n    at Function._migrateDocuments (file:///D:/Juegos/Foundry_daggerheart_git/Foundry-daggerheart/Portable-FoundryVTT-v13.348/App/resources/app/dist/database/backend/server-document.mjs:1:2782)","timestamp":"2026-03-09 13:53:55"}
{"level":"error","message":"An error occurred during the migration of Item record [hmDOLwJEZlbuOKNT] of database \"the-void-unofficial.domains\":\nError: Documents from a core version newer than the running version cannot be migrated\n    at Function._migrateRecord (file:///D:/Juegos/Foundry_daggerheart_git/Foundry-daggerheart/Portable-FoundryVTT-v13.348/App/resources/app/dist/database/backend/server-document.mjs:1:3713)\n    at Function._migrateDocuments (file:///D:/Juegos/Foundry_daggerheart_git/Foundry-daggerheart/Portable-FoundryVTT-v13.348/App/resources/app/dist/database/backend/server-document.mjs:1:2782)","timestamp":"2026-03-09 13:53:55"}
{"level":"error","message":"An error occurred during the migration of Item record [lo8WVAuTWsAh6QBf] of database \"the-void-unofficial.domains\":\nError: Documents from a core version newer than the running version cannot be migrated\n    at Function._migrateRecord (file:///D:/Juegos/Foundry_daggerheart_git/Foundry-daggerheart/Portable-FoundryVTT-v13.348/App/resources/app/dist/database/backend/server-document.mjs:1:3713)\n    at Function._migrateDocuments (file:///D:/Juegos/Foundry_daggerheart_git/Foundry-daggerheart/Portable-FoundryVTT-v13.348/App/resources/app/dist/database/backend/server-document.mjs:1:2782)","timestamp":"2026-03-09 13:53:55"}
{"level":"error","message":"An error occurred during the migration of Item record [yGbgSMuL43quImEV] of database \"the-void-unofficial.domains\":\nError: Documents from a core version newer than the running version cannot be migrated\n    at Function._migrateRecord (file:///D:/Juegos/Foundry_daggerheart_git/Foundry-daggerheart/Portable-FoundryVTT-v13.348/App/resources/app/dist/database/backend/server-document.mjs:1:3713)\n    at Function._migrateDocuments (file:///D:/Juegos/Foundry_daggerheart_git/Foundry-daggerheart/Portable-FoundryVTT-v13.348/App/resources/app/dist/database/backend/server-document.mjs:1:2782)","timestamp":"2026-03-09 13:53:55"}
{"level":"warn","message":"Database the-void-unofficial.domains was not fully migrated due to errors during migration.","timestamp":"2026-03-09 13:53:55"}
{"level":"info","message":"Launching World | Migrating Package Data - 87%","timestamp":"2026-03-09 13:53:55"}
{"level":"info","message":"Launching World | Migrating Package Data - 90%","timestamp":"2026-03-09 13:53:55"}
{"level":"error","message":"An error occurred during the migration of Item record [cg2pnUEwJ7q4k28d] of database \"the-void-unofficial.weapons\":\nError: Documents from a core version newer than the running version cannot be migrated\n    at Function._migrateRecord (file:///D:/Juegos/Foundry_daggerheart_git/Foundry-daggerheart/Portable-FoundryVTT-v13.348/App/resources/app/dist/database/backend/server-document.mjs:1:3713)\n    at Function._migrateDocuments (file:///D:/Juegos/Foundry_daggerheart_git/Foundry-daggerheart/Portable-FoundryVTT-v13.348/App/resources/app/dist/database/backend/server-document.mjs:1:2782)","timestamp":"2026-03-09 13:53:55"}
{"level":"error","message":"An error occurred during the migration of Item record [lHFiIpH2lrBBaT4o] of database \"the-void-unofficial.weapons\":\nError: Documents from a core version newer than the running version cannot be migrated\n    at Function._migrateRecord (file:///D:/Juegos/Foundry_daggerheart_git/Foundry-daggerheart/Portable-FoundryVTT-v13.348/App/resources/app/dist/database/backend/server-document.mjs:1:3713)\n    at Function._migrateDocuments (file:///D:/Juegos/Foundry_daggerheart_git/Foundry-daggerheart/Portable-FoundryVTT-v13.348/App/resources/app/dist/database/backend/server-document.mjs:1:2782)","timestamp":"2026-03-09 13:53:55"}
{"level":"warn","message":"Database the-void-unofficial.weapons was not fully migrated due to errors during migration.","timestamp":"2026-03-09 13:53:55"}
{"level":"info","message":"Launching World | Migrating Package Data - 92%","timestamp":"2026-03-09 13:53:55"}
{"level":"info","message":"Launching World | Migrating Package Data - 95%","timestamp":"2026-03-09 13:53:55"}
{"level":"info","message":"Launching World | Migrating Package Data - 97%","timestamp":"2026-03-09 13:53:55"}
{"level":"info","message":"Launching World | Migrating Package Data - 100%","timestamp":"2026-03-09 13:53:55"}
{"level":"info","message":"Launching World | Complete","timestamp":"2026-03-09 13:53:55"}
{"ip":"::1","level":"info","message":"User authentication successful for user Gamemaster","session":"f5611f777b366c7db4c2608c","timestamp":"2026-03-09 13:54:05"}
{"level":"info","message":"Daggerheart update 1.8.0 is now available!","timestamp":"2026-03-09 13:54:07"}
{"level":"info","message":"Vended World data to User [sjVrMusZqwSBFvXT] in 804ms","timestamp":"2026-03-09 13:54:07"}
{"level":"info","message":"Created ChatMessage with id [UBr3z45zagw5pMqa]","timestamp":"2026-03-09 13:54:11"}
{"level":"info","message":"Toggling game pause status to false","timestamp":"2026-03-09 13:54:20"}
{"level":"error","message":"An error occurred during the migration of Macro record [AksCh0ciaGx7BuyA] of database \"daggerheart-extra-content.macros\":\nError: Documents from a core version newer than the running version cannot be migrated\n    at Function._migrateRecord (file:///D:/Juegos/Foundry_daggerheart_git/Foundry-daggerheart/Portable-FoundryVTT-v13.348/App/resources/app/dist/database/backend/server-document.mjs:1:3713)\n    at Function._migrateDocuments (file:///D:/Juegos/Foundry_daggerheart_git/Foundry-daggerheart/Portable-FoundryVTT-v13.348/App/resources/app/dist/database/backend/server-document.mjs:1:2782)","timestamp":"2026-03-09 13:55:12"}
{"level":"error","message":"An error occurred during the migration of Macro record [Ek2uYtA3xm78MKEc] of database \"daggerheart-extra-content.macros\":\nError: Documents from a core version newer than the running version cannot be migrated\n    at Function._migrateRecord (file:///D:/Juegos/Foundry_daggerheart_git/Foundry-daggerheart/Portable-FoundryVTT-v13.348/App/resources/app/dist/database/backend/server-document.mjs:1:3713)\n    at Function._migrateDocuments (file:///D:/Juegos/Foundry_daggerheart_git/Foundry-daggerheart/Portable-FoundryVTT-v13.348/App/resources/app/dist/database/backend/server-document.mjs:1:2782)","timestamp":"2026-03-09 13:55:12"}
{"level":"error","message":"An error occurred during the migration of Macro record [FUXtgmbsROZ9EZ64] of database \"daggerheart-extra-content.macros\":\nError: Documents from a core version newer than the running version cannot be migrated\n    at Function._migrateRecord (file:///D:/Juegos/Foundry_daggerheart_git/Foundry-daggerheart/Portable-FoundryVTT-v13.348/App/resources/app/dist/database/backend/server-document.mjs:1:3713)\n    at Function._migrateDocuments (file:///D:/Juegos/Foundry_daggerheart_git/Foundry-daggerheart/Portable-FoundryVTT-v13.348/App/resources/app/dist/database/backend/server-document.mjs:1:2782)","timestamp":"2026-03-09 13:55:12"}
{"level":"error","message":"An error occurred during the migration of Macro record [KMIecMvorWDWynzv] of database \"daggerheart-extra-content.macros\":\nError: Documents from a core version newer than the running version cannot be migrated\n    at Function._migrateRecord (file:///D:/Juegos/Foundry_daggerheart_git/Foundry-daggerheart/Portable-FoundryVTT-v13.348/App/resources/app/dist/database/backend/server-document.mjs:1:3713)\n    at Function._migrateDocuments (file:///D:/Juegos/Foundry_daggerheart_git/Foundry-daggerheart/Portable-FoundryVTT-v13.348/App/resources/app/dist/database/backend/server-document.mjs:1:2782)","timestamp":"2026-03-09 13:55:12"}
{"level":"error","message":"An error occurred during the migration of Macro record [MrVaunevxMfD1jiI] of database \"daggerheart-extra-content.macros\":\nError: Documents from a core version newer than the running version cannot be migrated\n    at Function._migrateRecord (file:///D:/Juegos/Foundry_daggerheart_git/Foundry-daggerheart/Portable-FoundryVTT-v13.348/App/resources/app/dist/database/backend/server-document.mjs:1:3713)\n    at Function._migrateDocuments (file:///D:/Juegos/Foundry_daggerheart_git/Foundry-daggerheart/Portable-FoundryVTT-v13.348/App/resources/app/dist/database/backend/server-document.mjs:1:2782)","timestamp":"2026-03-09 13:55:12"}
{"level":"error","message":"An error occurred during the migration of Macro record [f4seowyhjSLdBpIw] of database \"daggerheart-extra-content.macros\":\nError: Documents from a core version newer than the running version cannot be migrated\n    at Function._migrateRecord (file:///D:/Juegos/Foundry_daggerheart_git/Foundry-daggerheart/Portable-FoundryVTT-v13.348/App/resources/app/dist/database/backend/server-document.mjs:1:3713)\n    at Function._migrateDocuments (file:///D:/Juegos/Foundry_daggerheart_git/Foundry-daggerheart/Portable-FoundryVTT-v13.348/App/resources/app/dist/database/backend/server-document.mjs:1:2782)","timestamp":"2026-03-09 13:55:12"}
{"level":"error","message":"An error occurred during the migration of Macro record [lCYBPohT8hPPOpeK] of database \"daggerheart-extra-content.macros\":\nError: Documents from a core version newer than the running version cannot be migrated\n    at Function._migrateRecord (file:///D:/Juegos/Foundry_daggerheart_git/Foundry-daggerheart/Portable-FoundryVTT-v13.348/App/resources/app/dist/database/backend/server-document.mjs:1:3713)\n    at Function._migrateDocuments (file:///D:/Juegos/Foundry_daggerheart_git/Foundry-daggerheart/Portable-FoundryVTT-v13.348/App/resources/app/dist/database/backend/server-document.mjs:1:2782)","timestamp":"2026-03-09 13:55:12"}
{"level":"error","message":"An error occurred during the migration of Macro record [mu2CD5fN0NvxcqYl] of database \"daggerheart-extra-content.macros\":\nError: Documents from a core version newer than the running version cannot be migrated\n    at Function._migrateRecord (file:///D:/Juegos/Foundry_daggerheart_git/Foundry-daggerheart/Portable-FoundryVTT-v13.348/App/resources/app/dist/database/backend/server-document.mjs:1:3713)\n    at Function._migrateDocuments (file:///D:/Juegos/Foundry_daggerheart_git/Foundry-daggerheart/Portable-FoundryVTT-v13.348/App/resources/app/dist/database/backend/server-document.mjs:1:2782)","timestamp":"2026-03-09 13:55:12"}
{"level":"error","message":"An error occurred during the migration of Macro record [zWi79s5QqaZnMMtX] of database \"daggerheart-extra-content.macros\":\nError: Documents from a core version newer than the running version cannot be migrated\n    at Function._migrateRecord (file:///D:/Juegos/Foundry_daggerheart_git/Foundry-daggerheart/Portable-FoundryVTT-v13.348/App/resources/app/dist/database/backend/server-document.mjs:1:3713)\n    at Function._migrateDocuments (file:///D:/Juegos/Foundry_daggerheart_git/Foundry-daggerheart/Portable-FoundryVTT-v13.348/App/resources/app/dist/database/backend/server-document.mjs:1:2782)","timestamp":"2026-03-09 13:55:12"}
{"level":"warn","message":"Database daggerheart-extra-content.macros was not fully migrated due to errors during migration.","timestamp":"2026-03-09 13:55:12"}
{"level":"error","message":"An error occurred during the migration of Actor record [2owady11IfU1vset] of database \"daggerheart-extra-content.more-adversaries\":\nError: Documents from a core version newer than the running version cannot be migrated\n    at Function._migrateRecord (file:///D:/Juegos/Foundry_daggerheart_git/Foundry-daggerheart/Portable-FoundryVTT-v13.348/App/resources/app/dist/database/backend/server-document.mjs:1:3713)\n    at Function._migrateDocuments (file:///D:/Juegos/Foundry_daggerheart_git/Foundry-daggerheart/Portable-FoundryVTT-v13.348/App/resources/app/dist/database/backend/server-document.mjs:1:2782)","timestamp":"2026-03-09 13:55:12"}
{"level":"error","message":"An error occurred during the migration of Actor record [3wZn34orKgheuXnE] of database \"daggerheart-extra-content.more-adversaries\":\nError: Documents from a core version newer than the running version cannot be migrated\n    at Function._migrateRecord (file:///D:/Juegos/Foundry_daggerheart_git/Foundry-daggerheart/Portable-FoundryVTT-v13.348/App/resources/app/dist/database/backend/server-document.mjs:1:3713)\n    at Function._migrateDocuments (file:///D:/Juegos/Foundry_daggerheart_git/Foundry-daggerheart/Portable-FoundryVTT-v13.348/App/resources/app/dist/database/backend/server-document.mjs:1:2782)","timestamp":"2026-03-09 13:55:12"}
{"level":"error","message":"An error occurred during the migration of Actor record [4GkDrUgRyp9FHTAN] of database \"daggerheart-extra-content.more-adversaries\":\nError: Documents from a core version newer than the running version cannot be migrated\n    at Function._migrateRecord (file:///D:/Juegos/Foundry_daggerheart_git/Foundry-daggerheart/Portable-FoundryVTT-v13.348/App/resources/app/dist/database/backend/server-document.mjs:1:3713)\n    at Function._migrateDocuments (file:///D:/Juegos/Foundry_daggerheart_git/Foundry-daggerheart/Portable-FoundryVTT-v13.348/App/resources/app/dist/database/backend/server-document.mjs:1:2782)","timestamp":"2026-03-09 13:55:12"}
{"level":"error","message":"An error occurred during the migration of Actor record [6wxPxm4joQnoIjdX] of database \"daggerheart-extra-content.more-adversaries\":\nError: Documents from a core version newer than the running version cannot be migrated\n    at Function._migrateRecord (file:///D:/Juegos/Foundry_daggerheart_git/Foundry-daggerheart/Portable-FoundryVTT-v13.348/App/resources/app/dist/database/backend/server-document.mjs:1:3713)\n    at Function._migrateDocuments (file:///D:/Juegos/Foundry_daggerheart_git/Foundry-daggerheart/Portable-FoundryVTT-v13.348/App/resources/app/dist/database/backend/server-document.mjs:1:2782)","timestamp":"2026-03-09 13:55:12"}
{"level":"error","message":"An error occurred during the migration of Actor record [CBjyTRc9xNjmDAM4] of database \"daggerheart-extra-content.more-adversaries\":\nError: Documents from a core version newer than the running version cannot be migrated\n    at Function._migrateRecord (file:///D:/Juegos/Foundry_daggerheart_git/Foundry-daggerheart/Portable-FoundryVTT-v13.348/App/resources/app/dist/database/backend/server-document.mjs:1:3713)\n    at Function._migrateDocuments (file:///D:/Juegos/Foundry_daggerheart_git/Foundry-daggerheart/Portable-FoundryVTT-v13.348/App/resources/app/dist/database/backend/server-document.mjs:1:2782)","timestamp":"2026-03-09 13:55:12"}
{"level":"error","message":"An error occurred during the migration of Actor record [D2mYxxduZN4h55cD] of database \"daggerheart-extra-content.more-adversaries\":\nError: Documents from a core version newer than the running version cannot be migrated\n    at Function._migrateRecord (file:///D:/Juegos/Foundry_daggerheart_git/Foundry-daggerheart/Portable-FoundryVTT-v13.348/App/resources/app/dist/database/backend/server-document.mjs:1:3713)\n    at Function._migrateDocuments (file:///D:/Juegos/Foundry_daggerheart_git/Foundry-daggerheart/Portable-FoundryVTT-v13.348/App/resources/app/dist/database/backend/server-document.mjs:1:2782)","timestamp":"2026-03-09 13:55:12"}
{"level":"error","message":"An error occurred during the migration of Actor record [GZeCYbWDzYS2iCF9] of database \"daggerheart-extra-content.more-adversaries\":\nError: Documents from a core version newer than the running version cannot be migrated\n    at Function._migrateRecord (file:///D:/Juegos/Foundry_daggerheart_git/Foundry-daggerheart/Portable-FoundryVTT-v13.348/App/resources/app/dist/database/backend/server-document.mjs:1:3713)\n    at Function._migrateDocuments (file:///D:/Juegos/Foundry_daggerheart_git/Foundry-daggerheart/Portable-FoundryVTT-v13.348/App/resources/app/dist/database/backend/server-document.mjs:1:2782)","timestamp":"2026-03-09 13:55:12"}
{"level":"error","message":"An error occurred during the migration of Actor record [HFoDDFrRRoLOx6rS] of database \"daggerheart-extra-content.more-adversaries\":\nError: Documents from a core version newer than the running version cannot be migrated\n    at Function._migrateRecord (file:///D:/Juegos/Foundry_daggerheart_git/Foundry-daggerheart/Portable-FoundryVTT-v13.348/App/resources/app/dist/database/backend/server-document.mjs:1:3713)\n    at Function._migrateDocuments (file:///D:/Juegos/Foundry_daggerheart_git/Foundry-daggerheart/Portable-FoundryVTT-v13.348/App/resources/app/dist/database/backend/server-document.mjs:1:2782)","timestamp":"2026-03-09 13:55:12"}
{"level":"error","message":"An error occurred during the migration of Actor record [Je6XBGhfDKSY3DEk] of database \"daggerheart-extra-content.more-adversaries\":\nError: Documents from a core version newer than the running version cannot be migrated\n    at Function._migrateRecord (file:///D:/Juegos/Foundry_daggerheart_git/Foundry-daggerheart/Portable-FoundryVTT-v13.348/App/resources/app/dist/database/backend/server-document.mjs:1:3713)\n    at Function._migrateDocuments (file:///D:/Juegos/Foundry_daggerheart_git/Foundry-daggerheart/Portable-FoundryVTT-v13.348/App/resources/app/dist/database/backend/server-document.mjs:1:2782)","timestamp":"2026-03-09 13:55:12"}
{"level":"error","message":"An error occurred during the migration of Actor record [RIpmM1hiW9aRSlR5] of database \"daggerheart-extra-content.more-adversaries\":\nError: Documents from a core version newer than the running version cannot be migrated\n    at Function._migrateRecord (file:///D:/Juegos/Foundry_daggerheart_git/Foundry-daggerheart/Portable-FoundryVTT-v13.348/App/resources/app/dist/database/backend/server-document.mjs:1:3713)\n    at Function._migrateDocuments (file:///D:/Juegos/Foundry_daggerheart_git/Foundry-daggerheart/Portable-FoundryVTT-v13.348/App/resources/app/dist/database/backend/server-document.mjs:1:2782)","timestamp":"2026-03-09 13:55:12"}
{"level":"error","message":"An error occurred during the migration of Actor record [RlIaKDY410J1Braw] of database \"daggerheart-extra-content.more-adversaries\":\nError: Documents from a core version newer than the running version cannot be migrated\n    at Function._migrateRecord (file:///D:/Juegos/Foundry_daggerheart_git/Foundry-daggerheart/Portable-FoundryVTT-v13.348/App/resources/app/dist/database/backend/server-document.mjs:1:3713)\n    at Function._migrateDocuments (file:///D:/Juegos/Foundry_daggerheart_git/Foundry-daggerheart/Portable-FoundryVTT-v13.348/App/resources/app/dist/database/backend/server-document.mjs:1:2782)","timestamp":"2026-03-09 13:55:12"}
{"level":"error","message":"An error occurred during the migration of Actor record [Uu7RvfCQnjz6CNhI] of database \"daggerheart-extra-content.more-adversaries\":\nError: Documents from a core version newer than the running version cannot be migrated\n    at Function._migrateRecord (file:///D:/Juegos/Foundry_daggerheart_git/Foundry-daggerheart/Portable-FoundryVTT-v13.348/App/resources/app/dist/database/backend/server-document.mjs:1:3713)\n    at Function._migrateDocuments (file:///D:/Juegos/Foundry_daggerheart_git/Foundry-daggerheart/Portable-FoundryVTT-v13.348/App/resources/app/dist/database/backend/server-document.mjs:1:2782)","timestamp":"2026-03-09 13:55:12"}
{"level":"error","message":"An error occurred during the migration of Actor record [dz7P6qQlXyDH34fj] of database \"daggerheart-extra-content.more-adversaries\":\nError: Documents from a core version newer than the running version cannot be migrated\n    at Function._migrateRecord (file:///D:/Juegos/Foundry_daggerheart_git/Foundry-daggerheart/Portable-FoundryVTT-v13.348/App/resources/app/dist/database/backend/server-document.mjs:1:3713)\n    at Function._migrateDocuments (file:///D:/Juegos/Foundry_daggerheart_git/Foundry-daggerheart/Portable-FoundryVTT-v13.348/App/resources/app/dist/database/backend/server-document.mjs:1:2782)","timestamp":"2026-03-09 13:55:12"}
{"level":"error","message":"An error occurred during the migration of Actor record [eQ87jrVECayfpio3] of database \"daggerheart-extra-content.more-adversaries\":\nError: Documents from a core version newer than the running version cannot be migrated\n    at Function._migrateRecord (file:///D:/Juegos/Foundry_daggerheart_git/Foundry-daggerheart/Portable-FoundryVTT-v13.348/App/resources/app/dist/database/backend/server-document.mjs:1:3713)\n    at Function._migrateDocuments (file:///D:/Juegos/Foundry_daggerheart_git/Foundry-daggerheart/Portable-FoundryVTT-v13.348/App/resources/app/dist/database/backend/server-document.mjs:1:2782)","timestamp":"2026-03-09 13:55:12"}
{"level":"error","message":"An error occurred during the migration of Actor record [f7a0iCjxLOcnoOry] of database \"daggerheart-extra-content.more-adversaries\":\nError: Documents from a core version newer than the running version cannot be migrated\n    at Function._migrateRecord (file:///D:/Juegos/Foundry_daggerheart_git/Foundry-daggerheart/Portable-FoundryVTT-v13.348/App/resources/app/dist/database/backend/server-document.mjs:1:3713)\n    at Function._migrateDocuments (file:///D:/Juegos/Foundry_daggerheart_git/Foundry-daggerheart/Portable-FoundryVTT-v13.348/App/resources/app/dist/database/backend/server-document.mjs:1:2782)","timestamp":"2026-03-09 13:55:12"}
{"level":"error","message":"An error occurred during the migration of Actor record [j0ncG4oNxG6c7CoZ] of database \"daggerheart-extra-content.more-adversaries\":\nError: Documents from a core version newer than the running version cannot be migrated\n    at Function._migrateRecord (file:///D:/Juegos/Foundry_daggerheart_git/Foundry-daggerheart/Portable-FoundryVTT-v13.348/App/resources/app/dist/database/backend/server-document.mjs:1:3713)\n    at Function._migrateDocuments (file:///D:/Juegos/Foundry_daggerheart_git/Foundry-daggerheart/Portable-FoundryVTT-v13.348/App/resources/app/dist/database/backend/server-document.mjs:1:2782)","timestamp":"2026-03-09 13:55:12"}
{"level":"error","message":"An error occurred during the migration of Actor record [n7SBEHvb48tFamKO] of database \"daggerheart-extra-content.more-adversaries\":\nError: Documents from a core version newer than the running version cannot be migrated\n    at Function._migrateRecord (file:///D:/Juegos/Foundry_daggerheart_git/Foundry-daggerheart/Portable-FoundryVTT-v13.348/App/resources/app/dist/database/backend/server-document.mjs:1:3713)\n    at Function._migrateDocuments (file:///D:/Juegos/Foundry_daggerheart_git/Foundry-daggerheart/Portable-FoundryVTT-v13.348/App/resources/app/dist/database/backend/server-document.mjs:1:2782)","timestamp":"2026-03-09 13:55:12"}
{"level":"error","message":"An error occurred during the migration of Actor record [p7LYTbyuPUNisLQ5] of database \"daggerheart-extra-content.more-adversaries\":\nError: Documents from a core version newer than the running version cannot be migrated\n    at Function._migrateRecord (file:///D:/Juegos/Foundry_daggerheart_git/Foundry-daggerheart/Portable-FoundryVTT-v13.348/App/resources/app/dist/database/backend/server-document.mjs:1:3713)\n    at Function._migrateDocuments (file:///D:/Juegos/Foundry_daggerheart_git/Foundry-daggerheart/Portable-FoundryVTT-v13.348/App/resources/app/dist/database/backend/server-document.mjs:1:2782)","timestamp":"2026-03-09 13:55:12"}
{"level":"error","message":"An error occurred during the migration of Actor record [pCEWxOqd7C0B9DxO] of database \"daggerheart-extra-content.more-adversaries\":\nError: Documents from a core version newer than the running version cannot be migrated\n    at Function._migrateRecord (file:///D:/Juegos/Foundry_daggerheart_git/Foundry-daggerheart/Portable-FoundryVTT-v13.348/App/resources/app/dist/database/backend/server-document.mjs:1:3713)\n    at Function._migrateDocuments (file:///D:/Juegos/Foundry_daggerheart_git/Foundry-daggerheart/Portable-FoundryVTT-v13.348/App/resources/app/dist/database/backend/server-document.mjs:1:2782)","timestamp":"2026-03-09 13:55:12"}
{"level":"error","message":"An error occurred during the migration of Actor record [pCkMBn3zgF4WA1zz] of database \"daggerheart-extra-content.more-adversaries\":\nError: Documents from a core version newer than the running version cannot be migrated\n    at Function._migrateRecord (file:///D:/Juegos/Foundry_daggerheart_git/Foundry-daggerheart/Portable-FoundryVTT-v13.348/App/resources/app/dist/database/backend/server-document.mjs:1:3713)\n    at Function._migrateDocuments (file:///D:/Juegos/Foundry_daggerheart_git/Foundry-daggerheart/Portable-FoundryVTT-v13.348/App/resources/app/dist/database/backend/server-document.mjs:1:2782)","timestamp":"2026-03-09 13:55:12"}
{"level":"error","message":"An error occurred during the migration of Actor record [sEtsUW24RgFB83TQ] of database \"daggerheart-extra-content.more-adversaries\":\nError: Documents from a core version newer than the running version cannot be migrated\n    at Function._migrateRecord (file:///D:/Juegos/Foundry_daggerheart_git/Foundry-daggerheart/Portable-FoundryVTT-v13.348/App/resources/app/dist/database/backend/server-document.mjs:1:3713)\n    at Function._migrateDocuments (file:///D:/Juegos/Foundry_daggerheart_git/Foundry-daggerheart/Portable-FoundryVTT-v13.348/App/resources/app/dist/database/backend/server-document.mjs:1:2782)","timestamp":"2026-03-09 13:55:12"}
{"level":"error","message":"An error occurred during the migration of Actor record [sKqhR4Gzsc953DBq] of database \"daggerheart-extra-content.more-adversaries\":\nError: Documents from a core version newer than the running version cannot be migrated\n    at Function._migrateRecord (file:///D:/Juegos/Foundry_daggerheart_git/Foundry-daggerheart/Portable-FoundryVTT-v13.348/App/resources/app/dist/database/backend/server-document.mjs:1:3713)\n    at Function._migrateDocuments (file:///D:/Juegos/Foundry_daggerheart_git/Foundry-daggerheart/Portable-FoundryVTT-v13.348/App/resources/app/dist/database/backend/server-document.mjs:1:2782)","timestamp":"2026-03-09 13:55:12"}
{"level":"warn","message":"Database daggerheart-extra-content.more-adversaries was not fully migrated due to errors during migration.","timestamp":"2026-03-09 13:55:12"}
{"level":"error","message":"An error occurred during the migration of Item record [04I86qVoEQ310sCR] of database \"daggerheart-extra-content.ancestry\":\nError: Documents from a core version newer than the running version cannot be migrated\n    at Function._migrateRecord (file:///D:/Juegos/Foundry_daggerheart_git/Foundry-daggerheart/Portable-FoundryVTT-v13.348/App/resources/app/dist/database/backend/server-document.mjs:1:3713)\n    at Function._migrateDocuments (file:///D:/Juegos/Foundry_daggerheart_git/Foundry-daggerheart/Portable-FoundryVTT-v13.348/App/resources/app/dist/database/backend/server-document.mjs:1:2782)","timestamp":"2026-03-09 13:55:12"}
{"level":"error","message":"An error occurred during the migration of Item record [2zyMaehKcKOEGM4E] of database \"daggerheart-extra-content.ancestry\":\nError: Documents from a core version newer than the running version cannot be migrated\n    at Function._migrateRecord (file:///D:/Juegos/Foundry_daggerheart_git/Foundry-daggerheart/Portable-FoundryVTT-v13.348/App/resources/app/dist/database/backend/server-document.mjs:1:3713)\n    at Function._migrateDocuments (file:///D:/Juegos/Foundry_daggerheart_git/Foundry-daggerheart/Portable-FoundryVTT-v13.348/App/resources/app/dist/database/backend/server-document.mjs:1:2782)","timestamp":"2026-03-09 13:55:12"}
{"level":"error","message":"An error occurred during the migration of Item record [Fc3hqveUPZNSVSk7] of database \"daggerheart-extra-content.ancestry\":\nError: Documents from a core version newer than the running version cannot be migrated\n    at Function._migrateRecord (file:///D:/Juegos/Foundry_daggerheart_git/Foundry-daggerheart/Portable-FoundryVTT-v13.348/App/resources/app/dist/database/backend/server-document.mjs:1:3713)\n    at Function._migrateDocuments (file:///D:/Juegos/Foundry_daggerheart_git/Foundry-daggerheart/Portable-FoundryVTT-v13.348/App/resources/app/dist/database/backend/server-document.mjs:1:2782)","timestamp":"2026-03-09 13:55:12"}
{"level":"error","message":"An error occurred during the migration of Item record [QbBbdOgrtxEIWQHB] of database \"daggerheart-extra-content.ancestry\":\nError: Documents from a core version newer than the running version cannot be migrated\n    at Function._migrateRecord (file:///D:/Juegos/Foundry_daggerheart_git/Foundry-daggerheart/Portable-FoundryVTT-v13.348/App/resources/app/dist/database/backend/server-document.mjs:1:3713)\n    at Function._migrateDocuments (file:///D:/Juegos/Foundry_daggerheart_git/Foundry-daggerheart/Portable-FoundryVTT-v13.348/App/resources/app/dist/database/backend/server-document.mjs:1:2782)","timestamp":"2026-03-09 13:55:12"}
{"level":"error","message":"An error occurred during the migration of Item record [WOHi9gvF8Ha10EnF] of database \"daggerheart-extra-content.ancestry\":\nError: Documents from a core version newer than the running version cannot be migrated\n    at Function._migrateRecord (file:///D:/Juegos/Foundry_daggerheart_git/Foundry-daggerheart/Portable-FoundryVTT-v13.348/App/resources/app/dist/database/backend/server-document.mjs:1:3713)\n    at Function._migrateDocuments (file:///D:/Juegos/Foundry_daggerheart_git/Foundry-daggerheart/Portable-FoundryVTT-v13.348/App/resources/app/dist/database/backend/server-document.mjs:1:2782)","timestamp":"2026-03-09 13:55:12"}
{"level":"error","message":"An error occurred during the migration of Item record [jP4n9wzq0wvfxULo] of database \"daggerheart-extra-content.ancestry\":\nError: Documents from a core version newer than the running version cannot be migrated\n    at Function._migrateRecord (file:///D:/Juegos/Foundry_daggerheart_git/Foundry-daggerheart/Portable-FoundryVTT-v13.348/App/resources/app/dist/database/backend/server-document.mjs:1:3713)\n    at Function._migrateDocuments (file:///D:/Juegos/Foundry_daggerheart_git/Foundry-daggerheart/Portable-FoundryVTT-v13.348/App/resources/app/dist/database/backend/server-document.mjs:1:2782)","timestamp":"2026-03-09 13:55:12"}
{"level":"error","message":"An error occurred during the migration of Item record [pjtNmhoBNxjrzRPk] of database \"daggerheart-extra-content.ancestry\":\nError: Documents from a core version newer than the running version cannot be migrated\n    at Function._migrateRecord (file:///D:/Juegos/Foundry_daggerheart_git/Foundry-daggerheart/Portable-FoundryVTT-v13.348/App/resources/app/dist/database/backend/server-document.mjs:1:3713)\n    at Function._migrateDocuments (file:///D:/Juegos/Foundry_daggerheart_git/Foundry-daggerheart/Portable-FoundryVTT-v13.348/App/resources/app/dist/database/backend/server-document.mjs:1:2782)","timestamp":"2026-03-09 13:55:12"}
{"level":"error","message":"An error occurred during the migration of Item record [vWfsYRjrKPUne2nZ] of database \"daggerheart-extra-content.ancestry\":\nError: Documents from a core version newer than the running version cannot be migrated\n    at Function._migrateRecord (file:///D:/Juegos/Foundry_daggerheart_git/Foundry-daggerheart/Portable-FoundryVTT-v13.348/App/resources/app/dist/database/backend/server-document.mjs:1:3713)\n    at Function._migrateDocuments (file:///D:/Juegos/Foundry_daggerheart_git/Foundry-daggerheart/Portable-FoundryVTT-v13.348/App/resources/app/dist/database/backend/server-document.mjs:1:2782)","timestamp":"2026-03-09 13:55:12"}
{"level":"error","message":"An error occurred during the migration of Item record [y4tOp4lUYpyC7YJW] of database \"daggerheart-extra-content.ancestry\":\nError: Documents from a core version newer than the running version cannot be migrated\n    at Function._migrateRecord (file:///D:/Juegos/Foundry_daggerheart_git/Foundry-daggerheart/Portable-FoundryVTT-v13.348/App/resources/app/dist/database/backend/server-document.mjs:1:3713)\n    at Function._migrateDocuments (file:///D:/Juegos/Foundry_daggerheart_git/Foundry-daggerheart/Portable-FoundryVTT-v13.348/App/resources/app/dist/database/backend/server-document.mjs:1:2782)","timestamp":"2026-03-09 13:55:12"}
{"level":"warn","message":"Database daggerheart-extra-content.ancestry was not fully migrated due to errors during migration.","timestamp":"2026-03-09 13:55:12"}
{"level":"error","message":"An error occurred during the migration of Item record [8D0NQR901j0Kx0zb] of database \"daggerheart-extra-content.classes\":\nError: Documents from a core version newer than the running version cannot be migrated\n    at Function._migrateRecord (file:///D:/Juegos/Foundry_daggerheart_git/Foundry-daggerheart/Portable-FoundryVTT-v13.348/App/resources/app/dist/database/backend/server-document.mjs:1:3713)\n    at Function._migrateDocuments (file:///D:/Juegos/Foundry_daggerheart_git/Foundry-daggerheart/Portable-FoundryVTT-v13.348/App/resources/app/dist/database/backend/server-document.mjs:1:2782)","timestamp":"2026-03-09 13:55:12"}
{"level":"error","message":"An error occurred during the migration of Item record [B90E3nk0uBeZpPw8] of database \"daggerheart-extra-content.classes\":\nError: Documents from a core version newer than the running version cannot be migrated\n    at Function._migrateRecord (file:///D:/Juegos/Foundry_daggerheart_git/Foundry-daggerheart/Portable-FoundryVTT-v13.348/App/resources/app/dist/database/backend/server-document.mjs:1:3713)\n    at Function._migrateDocuments (file:///D:/Juegos/Foundry_daggerheart_git/Foundry-daggerheart/Portable-FoundryVTT-v13.348/App/resources/app/dist/database/backend/server-document.mjs:1:2782)","timestamp":"2026-03-09 13:55:12"}
{"level":"error","message":"An error occurred during the migration of Item record [E5d3CnR98vEXt8QS] of database \"daggerheart-extra-content.classes\":\nError: Documents from a core version newer than the running version cannot be migrated\n    at Function._migrateRecord (file:///D:/Juegos/Foundry_daggerheart_git/Foundry-daggerheart/Portable-FoundryVTT-v13.348/App/resources/app/dist/database/backend/server-document.mjs:1:3713)\n    at Function._migrateDocuments (file:///D:/Juegos/Foundry_daggerheart_git/Foundry-daggerheart/Portable-FoundryVTT-v13.348/App/resources/app/dist/database/backend/server-document.mjs:1:2782)","timestamp":"2026-03-09 13:55:12"}
{"level":"error","message":"An error occurred during the migration of Item record [EcUepPeaFQz7tnme] of database \"daggerheart-extra-content.classes\":\nError: Documents from a core version newer than the running version cannot be migrated\n    at Function._migrateRecord (file:///D:/Juegos/Foundry_daggerheart_git/Foundry-daggerheart/Portable-FoundryVTT-v13.348/App/resources/app/dist/database/backend/server-document.mjs:1:3713)\n    at Function._migrateDocuments (file:///D:/Juegos/Foundry_daggerheart_git/Foundry-daggerheart/Portable-FoundryVTT-v13.348/App/resources/app/dist/database/backend/server-document.mjs:1:2782)","timestamp":"2026-03-09 13:55:12"}
{"level":"error","message":"An error occurred during the migration of Item record [MAT6l8tUvELiLK4L] of database \"daggerheart-extra-content.classes\":\nError: Documents from a core version newer than the running version cannot be migrated\n    at Function._migrateRecord (file:///D:/Juegos/Foundry_daggerheart_git/Foundry-daggerheart/Portable-FoundryVTT-v13.348/App/resources/app/dist/database/backend/server-document.mjs:1:3713)\n    at Function._migrateDocuments (file:///D:/Juegos/Foundry_daggerheart_git/Foundry-daggerheart/Portable-FoundryVTT-v13.348/App/resources/app/dist/database/backend/server-document.mjs:1:2782)","timestamp":"2026-03-09 13:55:12"}
{"level":"error","message":"An error occurred during the migration of Item record [N4mXcAWdpFYJdWZn] of database \"daggerheart-extra-content.classes\":\nError: Documents from a core version newer than the running version cannot be migrated\n    at Function._migrateRecord (file:///D:/Juegos/Foundry_daggerheart_git/Foundry-daggerheart/Portable-FoundryVTT-v13.348/App/resources/app/dist/database/backend/server-document.mjs:1:3713)\n    at Function._migrateDocuments (file:///D:/Juegos/Foundry_daggerheart_git/Foundry-daggerheart/Portable-FoundryVTT-v13.348/App/resources/app/dist/database/backend/server-document.mjs:1:2782)","timestamp":"2026-03-09 13:55:12"}
{"level":"error","message":"An error occurred during the migration of Item record [g01PAvRJsgiUHpnD] of database \"daggerheart-extra-content.classes\":\nError: Documents from a core version newer than the running version cannot be migrated\n    at Function._migrateRecord (file:///D:/Juegos/Foundry_daggerheart_git/Foundry-daggerheart/Portable-FoundryVTT-v13.348/App/resources/app/dist/database/backend/server-document.mjs:1:3713)\n    at Function._migrateDocuments (file:///D:/Juegos/Foundry_daggerheart_git/Foundry-daggerheart/Portable-FoundryVTT-v13.348/App/resources/app/dist/database/backend/server-document.mjs:1:2782)","timestamp":"2026-03-09 13:55:12"}
{"level":"error","message":"An error occurred during the migration of Item record [hXehaNaOdYzSJqxf] of database \"daggerheart-extra-content.classes\":\nError: Documents from a core version newer than the running version cannot be migrated\n    at Function._migrateRecord (file:///D:/Juegos/Foundry_daggerheart_git/Foundry-daggerheart/Portable-FoundryVTT-v13.348/App/resources/app/dist/database/backend/server-document.mjs:1:3713)\n    at Function._migrateDocuments (file:///D:/Juegos/Foundry_daggerheart_git/Foundry-daggerheart/Portable-FoundryVTT-v13.348/App/resources/app/dist/database/backend/server-document.mjs:1:2782)","timestamp":"2026-03-09 13:55:12"}
{"level":"error","message":"An error occurred during the migration of Item record [k4NTq8kIqQNNv9bl] of database \"daggerheart-extra-content.classes\":\nError: Documents from a core version newer than the running version cannot be migrated\n    at Function._migrateRecord (file:///D:/Juegos/Foundry_daggerheart_git/Foundry-daggerheart/Portable-FoundryVTT-v13.348/App/resources/app/dist/database/backend/server-document.mjs:1:3713)\n    at Function._migrateDocuments (file:///D:/Juegos/Foundry_daggerheart_git/Foundry-daggerheart/Portable-FoundryVTT-v13.348/App/resources/app/dist/database/backend/server-document.mjs:1:2782)","timestamp":"2026-03-09 13:55:12"}
{"level":"error","message":"An error occurred during the migration of Item record [m0xIb9uq6tlZdsoz] of database \"daggerheart-extra-content.classes\":\nError: Documents from a core version newer than the running version cannot be migrated\n    at Function._migrateRecord (file:///D:/Juegos/Foundry_daggerheart_git/Foundry-daggerheart/Portable-FoundryVTT-v13.348/App/resources/app/dist/database/backend/server-document.mjs:1:3713)\n    at Function._migrateDocuments (file:///D:/Juegos/Foundry_daggerheart_git/Foundry-daggerheart/Portable-FoundryVTT-v13.348/App/resources/app/dist/database/backend/server-document.mjs:1:2782)","timestamp":"2026-03-09 13:55:12"}
{"level":"error","message":"An error occurred during the migration of Item record [mYoYtle6DKA0UwQd] of database \"daggerheart-extra-content.classes\":\nError: Documents from a core version newer than the running version cannot be migrated\n    at Function._migrateRecord (file:///D:/Juegos/Foundry_daggerheart_git/Foundry-daggerheart/Portable-FoundryVTT-v13.348/App/resources/app/dist/database/backend/server-document.mjs:1:3713)\n    at Function._migrateDocuments (file:///D:/Juegos/Foundry_daggerheart_git/Foundry-daggerheart/Portable-FoundryVTT-v13.348/App/resources/app/dist/database/backend/server-document.mjs:1:2782)","timestamp":"2026-03-09 13:55:12"}
{"level":"error","message":"An error occurred during the migration of Item record [xGemeGMXhosaM22K] of database \"daggerheart-extra-content.classes\":\nError: Documents from a core version newer than the running version cannot be migrated\n    at Function._migrateRecord (file:///D:/Juegos/Foundry_daggerheart_git/Foundry-daggerheart/Portable-FoundryVTT-v13.348/App/resources/app/dist/database/backend/server-document.mjs:1:3713)\n    at Function._migrateDocuments (file:///D:/Juegos/Foundry_daggerheart_git/Foundry-daggerheart/Portable-FoundryVTT-v13.348/App/resources/app/dist/database/backend/server-document.mjs:1:2782)","timestamp":"2026-03-09 13:55:12"}
{"level":"error","message":"An error occurred during the migration of Item record [zzaKRTPuYEahfilp] of database \"daggerheart-extra-content.classes\":\nError: Documents from a core version newer than the running version cannot be migrated\n    at Function._migrateRecord (file:///D:/Juegos/Foundry_daggerheart_git/Foundry-daggerheart/Portable-FoundryVTT-v13.348/App/resources/app/dist/database/backend/server-document.mjs:1:3713)\n    at Function._migrateDocuments (file:///D:/Juegos/Foundry_daggerheart_git/Foundry-daggerheart/Portable-FoundryVTT-v13.348/App/resources/app/dist/database/backend/server-document.mjs:1:2782)","timestamp":"2026-03-09 13:55:12"}
{"level":"warn","message":"Database daggerheart-extra-content.classes was not fully migrated due to errors during migration.","timestamp":"2026-03-09 13:55:12"}
{"level":"error","message":"An error occurred during the migration of Item record [0YAGrauVMvqpHUou] of database \"daggerheart-extra-content.subclasses\":\nError: Documents from a core version newer than the running version cannot be migrated\n    at Function._migrateRecord (file:///D:/Juegos/Foundry_daggerheart_git/Foundry-daggerheart/Portable-FoundryVTT-v13.348/App/resources/app/dist/database/backend/server-document.mjs:1:3713)\n    at Function._migrateDocuments (file:///D:/Juegos/Foundry_daggerheart_git/Foundry-daggerheart/Portable-FoundryVTT-v13.348/App/resources/app/dist/database/backend/server-document.mjs:1:2782)","timestamp":"2026-03-09 13:55:12"}
{"level":"error","message":"An error occurred during the migration of Item record [1vMdJBGISqJYzAA8] of database \"daggerheart-extra-content.subclasses\":\nError: Documents from a core version newer than the running version cannot be migrated\n    at Function._migrateRecord (file:///D:/Juegos/Foundry_daggerheart_git/Foundry-daggerheart/Portable-FoundryVTT-v13.348/App/resources/app/dist/database/backend/server-document.mjs:1:3713)\n    at Function._migrateDocuments (file:///D:/Juegos/Foundry_daggerheart_git/Foundry-daggerheart/Portable-FoundryVTT-v13.348/App/resources/app/dist/database/backend/server-document.mjs:1:2782)","timestamp":"2026-03-09 13:55:12"}
{"level":"error","message":"An error occurred during the migration of Item record [48oK5ke7KNhEoSBK] of database \"daggerheart-extra-content.subclasses\":\nError: Documents from a core version newer than the running version cannot be migrated\n    at Function._migrateRecord (file:///D:/Juegos/Foundry_daggerheart_git/Foundry-daggerheart/Portable-FoundryVTT-v13.348/App/resources/app/dist/database/backend/server-document.mjs:1:3713)\n    at Function._migrateDocuments (file:///D:/Juegos/Foundry_daggerheart_git/Foundry-daggerheart/Portable-FoundryVTT-v13.348/App/resources/app/dist/database/backend/server-document.mjs:1:2782)","timestamp":"2026-03-09 13:55:12"}
{"level":"error","message":"An error occurred during the migration of Item record [DeyoqbkHGP5Zm5bb] of database \"daggerheart-extra-content.subclasses\":\nError: Documents from a core version newer than the running version cannot be migrated\n    at Function._migrateRecord (file:///D:/Juegos/Foundry_daggerheart_git/Foundry-daggerheart/Portable-FoundryVTT-v13.348/App/resources/app/dist/database/backend/server-document.mjs:1:3713)\n    at Function._migrateDocuments (file:///D:/Juegos/Foundry_daggerheart_git/Foundry-daggerheart/Portable-FoundryVTT-v13.348/App/resources/app/dist/database/backend/server-document.mjs:1:2782)","timestamp":"2026-03-09 13:55:12"}
{"level":"error","message":"An error occurred during the migration of Item record [HQmOhlvOcO5GjiRG] of database \"daggerheart-extra-content.subclasses\":\nError: Documents from a core version newer than the running version cannot be migrated\n    at Function._migrateRecord (file:///D:/Juegos/Foundry_daggerheart_git/Foundry-daggerheart/Portable-FoundryVTT-v13.348/App/resources/app/dist/database/backend/server-document.mjs:1:3713)\n    at Function._migrateDocuments (file:///D:/Juegos/Foundry_daggerheart_git/Foundry-daggerheart/Portable-FoundryVTT-v13.348/App/resources/app/dist/database/backend/server-document.mjs:1:2782)","timestamp":"2026-03-09 13:55:12"}
{"level":"error","message":"An error occurred during the migration of Item record [LCqFlGKsObwYDIEm] of database \"daggerheart-extra-content.subclasses\":\nError: Documents from a core version newer than the running version cannot be migrated\n    at Function._migrateRecord (file:///D:/Juegos/Foundry_daggerheart_git/Foundry-daggerheart/Portable-FoundryVTT-v13.348/App/resources/app/dist/database/backend/server-document.mjs:1:3713)\n    at Function._migrateDocuments (file:///D:/Juegos/Foundry_daggerheart_git/Foundry-daggerheart/Portable-FoundryVTT-v13.348/App/resources/app/dist/database/backend/server-document.mjs:1:2782)","timestamp":"2026-03-09 13:55:12"}
{"level":"error","message":"An error occurred during the migration of Item record [ThjRka7o73hN3p0B] of database \"daggerheart-extra-content.subclasses\":\nError: Documents from a core version newer than the running version cannot be migrated\n    at Function._migrateRecord (file:///D:/Juegos/Foundry_daggerheart_git/Foundry-daggerheart/Portable-FoundryVTT-v13.348/App/resources/app/dist/database/backend/server-document.mjs:1:3713)\n    at Function._migrateDocuments (file:///D:/Juegos/Foundry_daggerheart_git/Foundry-daggerheart/Portable-FoundryVTT-v13.348/App/resources/app/dist/database/backend/server-document.mjs:1:2782)","timestamp":"2026-03-09 13:55:12"}
{"level":"error","message":"An error occurred during the migration of Item record [UOiFsix0pZrccp1y] of database \"daggerheart-extra-content.subclasses\":\nError: Documents from a core version newer than the running version cannot be migrated\n    at Function._migrateRecord (file:///D:/Juegos/Foundry_daggerheart_git/Foundry-daggerheart/Portable-FoundryVTT-v13.348/App/resources/app/dist/database/backend/server-document.mjs:1:3713)\n    at Function._migrateDocuments (file:///D:/Juegos/Foundry_daggerheart_git/Foundry-daggerheart/Portable-FoundryVTT-v13.348/App/resources/app/dist/database/backend/server-document.mjs:1:2782)","timestamp":"2026-03-09 13:55:12"}
{"level":"error","message":"An error occurred during the migration of Item record [YtPj46QA47slm76U] of database \"daggerheart-extra-content.subclasses\":\nError: Documents from a core version newer than the running version cannot be migrated\n    at Function._migrateRecord (file:///D:/Juegos/Foundry_daggerheart_git/Foundry-daggerheart/Portable-FoundryVTT-v13.348/App/resources/app/dist/database/backend/server-document.mjs:1:3713)\n    at Function._migrateDocuments (file:///D:/Juegos/Foundry_daggerheart_git/Foundry-daggerheart/Portable-FoundryVTT-v13.348/App/resources/app/dist/database/backend/server-document.mjs:1:2782)","timestamp":"2026-03-09 13:55:12"}
{"level":"error","message":"An error occurred during the migration of Item record [Z2oD6qtFjxzDYqWV] of database \"daggerheart-extra-content.subclasses\":\nError: Documents from a core version newer than the running version cannot be migrated\n    at Function._migrateRecord (file:///D:/Juegos/Foundry_daggerheart_git/Foundry-daggerheart/Portable-FoundryVTT-v13.348/App/resources/app/dist/database/backend/server-document.mjs:1:3713)\n    at Function._migrateDocuments (file:///D:/Juegos/Foundry_daggerheart_git/Foundry-daggerheart/Portable-FoundryVTT-v13.348/App/resources/app/dist/database/backend/server-document.mjs:1:2782)","timestamp":"2026-03-09 13:55:12"}
{"level":"error","message":"An error occurred during the migration of Item record [aKNaVPnQeDzCZl6w] of database \"daggerheart-extra-content.subclasses\":\nError: Documents from a core version newer than the running version cannot be migrated\n    at Function._migrateRecord (file:///D:/Juegos/Foundry_daggerheart_git/Foundry-daggerheart/Portable-FoundryVTT-v13.348/App/resources/app/dist/database/backend/server-document.mjs:1:3713)\n    at Function._migrateDocuments (file:///D:/Juegos/Foundry_daggerheart_git/Foundry-daggerheart/Portable-FoundryVTT-v13.348/App/resources/app/dist/database/backend/server-document.mjs:1:2782)","timestamp":"2026-03-09 13:55:12"}
{"level":"error","message":"An error occurred during the migration of Item record [bQMybQa340rpMCR8] of database \"daggerheart-extra-content.subclasses\":\nError: Documents from a core version newer than the running version cannot be migrated\n    at Function._migrateRecord (file:///D:/Juegos/Foundry_daggerheart_git/Foundry-daggerheart/Portable-FoundryVTT-v13.348/App/resources/app/dist/database/backend/server-document.mjs:1:3713)\n    at Function._migrateDocuments (file:///D:/Juegos/Foundry_daggerheart_git/Foundry-daggerheart/Portable-FoundryVTT-v13.348/App/resources/app/dist/database/backend/server-document.mjs:1:2782)","timestamp":"2026-03-09 13:55:12"}
{"level":"error","message":"An error occurred during the migration of Item record [eM46wwEPFHNI99sq] of database \"daggerheart-extra-content.subclasses\":\nError: Documents from a core version newer than the running version cannot be migrated\n    at Function._migrateRecord (file:///D:/Juegos/Foundry_daggerheart_git/Foundry-daggerheart/Portable-FoundryVTT-v13.348/App/resources/app/dist/database/backend/server-document.mjs:1:3713)\n    at Function._migrateDocuments (file:///D:/Juegos/Foundry_daggerheart_git/Foundry-daggerheart/Portable-FoundryVTT-v13.348/App/resources/app/dist/database/backend/server-document.mjs:1:2782)","timestamp":"2026-03-09 13:55:12"}
{"level":"error","message":"An error occurred during the migration of Item record [eQ8YQvNFJJnz9OqQ] of database \"daggerheart-extra-content.subclasses\":\nError: Documents from a core version newer than the running version cannot be migrated\n    at Function._migrateRecord (file:///D:/Juegos/Foundry_daggerheart_git/Foundry-daggerheart/Portable-FoundryVTT-v13.348/App/resources/app/dist/database/backend/server-document.mjs:1:3713)\n    at Function._migrateDocuments (file:///D:/Juegos/Foundry_daggerheart_git/Foundry-daggerheart/Portable-FoundryVTT-v13.348/App/resources/app/dist/database/backend/server-document.mjs:1:2782)","timestamp":"2026-03-09 13:55:12"}
{"level":"error","message":"An error occurred during the migration of Item record [hRIq3JkT9ZwZr5Qf] of database \"daggerheart-extra-content.subclasses\":\nError: Documents from a core version newer than the running version cannot be migrated\n    at Function._migrateRecord (file:///D:/Juegos/Foundry_daggerheart_git/Foundry-daggerheart/Portable-FoundryVTT-v13.348/App/resources/app/dist/database/backend/server-document.mjs:1:3713)\n    at Function._migrateDocuments (file:///D:/Juegos/Foundry_daggerheart_git/Foundry-daggerheart/Portable-FoundryVTT-v13.348/App/resources/app/dist/database/backend/server-document.mjs:1:2782)","timestamp":"2026-03-09 13:55:12"}
{"level":"error","message":"An error occurred during the migration of Item record [hZqlmZX7lIGN3auH] of database \"daggerheart-extra-content.subclasses\":\nError: Documents from a core version newer than the running version cannot be migrated\n    at Function._migrateRecord (file:///D:/Juegos/Foundry_daggerheart_git/Foundry-daggerheart/Portable-FoundryVTT-v13.348/App/resources/app/dist/database/backend/server-document.mjs:1:3713)\n    at Function._migrateDocuments (file:///D:/Juegos/Foundry_daggerheart_git/Foundry-daggerheart/Portable-FoundryVTT-v13.348/App/resources/app/dist/database/backend/server-document.mjs:1:2782)","timestamp":"2026-03-09 13:55:12"}
{"level":"error","message":"An error occurred during the migration of Item record [lwShv1Is6MN1zDor] of database \"daggerheart-extra-content.subclasses\":\nError: Documents from a core version newer than the running version cannot be migrated\n    at Function._migrateRecord (file:///D:/Juegos/Foundry_daggerheart_git/Foundry-daggerheart/Portable-FoundryVTT-v13.348/App/resources/app/dist/database/backend/server-document.mjs:1:3713)\n    at Function._migrateDocuments (file:///D:/Juegos/Foundry_daggerheart_git/Foundry-daggerheart/Portable-FoundryVTT-v13.348/App/resources/app/dist/database/backend/server-document.mjs:1:2782)","timestamp":"2026-03-09 13:55:12"}
{"level":"error","message":"An error occurred during the migration of Item record [oWFZxLUa6apOCBW6] of database \"daggerheart-extra-content.subclasses\":\nError: Documents from a core version newer than the running version cannot be migrated\n    at Function._migrateRecord (file:///D:/Juegos/Foundry_daggerheart_git/Foundry-daggerheart/Portable-FoundryVTT-v13.348/App/resources/app/dist/database/backend/server-document.mjs:1:3713)\n    at Function._migrateDocuments (file:///D:/Juegos/Foundry_daggerheart_git/Foundry-daggerheart/Portable-FoundryVTT-v13.348/App/resources/app/dist/database/backend/server-document.mjs:1:2782)","timestamp":"2026-03-09 13:55:12"}
{"level":"error","message":"An error occurred during the migration of Item record [uZZCmokDQbizjw1d] of database \"daggerheart-extra-content.subclasses\":\nError: Documents from a core version newer than the running version cannot be migrated\n    at Function._migrateRecord (file:///D:/Juegos/Foundry_daggerheart_git/Foundry-daggerheart/Portable-FoundryVTT-v13.348/App/resources/app/dist/database/backend/server-document.mjs:1:3713)\n    at Function._migrateDocuments (file:///D:/Juegos/Foundry_daggerheart_git/Foundry-daggerheart/Portable-FoundryVTT-v13.348/App/resources/app/dist/database/backend/server-document.mjs:1:2782)","timestamp":"2026-03-09 13:55:12"}
{"level":"error","message":"An error occurred during the migration of Item record [ytYGENKq8AtjYqTb] of database \"daggerheart-extra-content.subclasses\":\nError: Documents from a core version newer than the running version cannot be migrated\n    at Function._migrateRecord (file:///D:/Juegos/Foundry_daggerheart_git/Foundry-daggerheart/Portable-FoundryVTT-v13.348/App/resources/app/dist/database/backend/server-document.mjs:1:3713)\n    at Function._migrateDocuments (file:///D:/Juegos/Foundry_daggerheart_git/Foundry-daggerheart/Portable-FoundryVTT-v13.348/App/resources/app/dist/database/backend/server-document.mjs:1:2782)","timestamp":"2026-03-09 13:55:12"}
{"level":"warn","message":"Database daggerheart-extra-content.subclasses was not fully migrated due to errors during migration.","timestamp":"2026-03-09 13:55:12"}
{"level":"error","message":"An error occurred during the migration of Item record [9X2envWaXGSWx82V] of database \"the-void-unofficial.classes\":\nError: Documents from a core version newer than the running version cannot be migrated\n    at Function._migrateRecord (file:///D:/Juegos/Foundry_daggerheart_git/Foundry-daggerheart/Portable-FoundryVTT-v13.348/App/resources/app/dist/database/backend/server-document.mjs:1:3713)\n    at Function._migrateDocuments (file:///D:/Juegos/Foundry_daggerheart_git/Foundry-daggerheart/Portable-FoundryVTT-v13.348/App/resources/app/dist/database/backend/server-document.mjs:1:2782)","timestamp":"2026-03-09 13:55:12"}
{"level":"error","message":"An error occurred during the migration of Item record [R0wYgWyPih4CpTE5] of database \"the-void-unofficial.classes\":\nError: Documents from a core version newer than the running version cannot be migrated\n    at Function._migrateRecord (file:///D:/Juegos/Foundry_daggerheart_git/Foundry-daggerheart/Portable-FoundryVTT-v13.348/App/resources/app/dist/database/backend/server-document.mjs:1:3713)\n    at Function._migrateDocuments (file:///D:/Juegos/Foundry_daggerheart_git/Foundry-daggerheart/Portable-FoundryVTT-v13.348/App/resources/app/dist/database/backend/server-document.mjs:1:2782)","timestamp":"2026-03-09 13:55:12"}
{"level":"error","message":"An error occurred during the migration of Item record [TGTBooD83OWXyQj1] of database \"the-void-unofficial.classes\":\nError: Documents from a core version newer than the running version cannot be migrated\n    at Function._migrateRecord (file:///D:/Juegos/Foundry_daggerheart_git/Foundry-daggerheart/Portable-FoundryVTT-v13.348/App/resources/app/dist/database/backend/server-document.mjs:1:3713)\n    at Function._migrateDocuments (file:///D:/Juegos/Foundry_daggerheart_git/Foundry-daggerheart/Portable-FoundryVTT-v13.348/App/resources/app/dist/database/backend/server-document.mjs:1:2782)","timestamp":"2026-03-09 13:55:12"}
{"level":"error","message":"An error occurred during the migration of Item record [gugHbXBWP24CFTJZ] of database \"the-void-unofficial.classes\":\nError: Documents from a core version newer than the running version cannot be migrated\n    at Function._migrateRecord (file:///D:/Juegos/Foundry_daggerheart_git/Foundry-daggerheart/Portable-FoundryVTT-v13.348/App/resources/app/dist/database/backend/server-document.mjs:1:3713)\n    at Function._migrateDocuments (file:///D:/Juegos/Foundry_daggerheart_git/Foundry-daggerheart/Portable-FoundryVTT-v13.348/App/resources/app/dist/database/backend/server-document.mjs:1:2782)","timestamp":"2026-03-09 13:55:12"}
{"level":"error","message":"An error occurred during the migration of Item record [m3CvI4nlskOu5jZS] of database \"the-void-unofficial.classes\":\nError: Documents from a core version newer than the running version cannot be migrated\n    at Function._migrateRecord (file:///D:/Juegos/Foundry_daggerheart_git/Foundry-daggerheart/Portable-FoundryVTT-v13.348/App/resources/app/dist/database/backend/server-document.mjs:1:3713)\n    at Function._migrateDocuments (file:///D:/Juegos/Foundry_daggerheart_git/Foundry-daggerheart/Portable-FoundryVTT-v13.348/App/resources/app/dist/database/backend/server-document.mjs:1:2782)","timestamp":"2026-03-09 13:55:12"}
{"level":"error","message":"An error occurred during the migration of Item record [otb0ThXWuqQzzWho] of database \"the-void-unofficial.classes\":\nError: Documents from a core version newer than the running version cannot be migrated\n    at Function._migrateRecord (file:///D:/Juegos/Foundry_daggerheart_git/Foundry-daggerheart/Portable-FoundryVTT-v13.348/App/resources/app/dist/database/backend/server-document.mjs:1:3713)\n    at Function._migrateDocuments (file:///D:/Juegos/Foundry_daggerheart_git/Foundry-daggerheart/Portable-FoundryVTT-v13.348/App/resources/app/dist/database/backend/server-document.mjs:1:2782)","timestamp":"2026-03-09 13:55:12"}
{"level":"error","message":"An error occurred during the migration of Item record [v5M0mxaTDJCyhAsR] of database \"the-void-unofficial.classes\":\nError: Documents from a core version newer than the running version cannot be migrated\n    at Function._migrateRecord (file:///D:/Juegos/Foundry_daggerheart_git/Foundry-daggerheart/Portable-FoundryVTT-v13.348/App/resources/app/dist/database/backend/server-document.mjs:1:3713)\n    at Function._migrateDocuments (file:///D:/Juegos/Foundry_daggerheart_git/Foundry-daggerheart/Portable-FoundryVTT-v13.348/App/resources/app/dist/database/backend/server-document.mjs:1:2782)","timestamp":"2026-03-09 13:55:12"}
{"level":"warn","message":"Database the-void-unofficial.classes was not fully migrated due to errors during migration.","timestamp":"2026-03-09 13:55:12"}
{"level":"error","message":"An error occurred during the migration of Item record [1PPk39iarFpWylOi] of database \"the-void-unofficial.subclasses\":\nError: Documents from a core version newer than the running version cannot be migrated\n    at Function._migrateRecord (file:///D:/Juegos/Foundry_daggerheart_git/Foundry-daggerheart/Portable-FoundryVTT-v13.348/App/resources/app/dist/database/backend/server-document.mjs:1:3713)\n    at Function._migrateDocuments (file:///D:/Juegos/Foundry_daggerheart_git/Foundry-daggerheart/Portable-FoundryVTT-v13.348/App/resources/app/dist/database/backend/server-document.mjs:1:2782)","timestamp":"2026-03-09 13:55:12"}
{"level":"error","message":"An error occurred during the migration of Item record [4Jaekd41DdaPdWkw] of database \"the-void-unofficial.subclasses\":\nError: Documents from a core version newer than the running version cannot be migrated\n    at Function._migrateRecord (file:///D:/Juegos/Foundry_daggerheart_git/Foundry-daggerheart/Portable-FoundryVTT-v13.348/App/resources/app/dist/database/backend/server-document.mjs:1:3713)\n    at Function._migrateDocuments (file:///D:/Juegos/Foundry_daggerheart_git/Foundry-daggerheart/Portable-FoundryVTT-v13.348/App/resources/app/dist/database/backend/server-document.mjs:1:2782)","timestamp":"2026-03-09 13:55:12"}
{"level":"error","message":"An error occurred during the migration of Item record [8EGGJmnqPBs9CrO9] of database \"the-void-unofficial.subclasses\":\nError: Documents from a core version newer than the running version cannot be migrated\n    at Function._migrateRecord (file:///D:/Juegos/Foundry_daggerheart_git/Foundry-daggerheart/Portable-FoundryVTT-v13.348/App/resources/app/dist/database/backend/server-document.mjs:1:3713)\n    at Function._migrateDocuments (file:///D:/Juegos/Foundry_daggerheart_git/Foundry-daggerheart/Portable-FoundryVTT-v13.348/App/resources/app/dist/database/backend/server-document.mjs:1:2782)","timestamp":"2026-03-09 13:55:12"}
{"level":"error","message":"An error occurred during the migration of Item record [GXYbLE8fG6fmGvFE] of database \"the-void-unofficial.subclasses\":\nError: Documents from a core version newer than the running version cannot be migrated\n    at Function._migrateRecord (file:///D:/Juegos/Foundry_daggerheart_git/Foundry-daggerheart/Portable-FoundryVTT-v13.348/App/resources/app/dist/database/backend/server-document.mjs:1:3713)\n    at Function._migrateDocuments (file:///D:/Juegos/Foundry_daggerheart_git/Foundry-daggerheart/Portable-FoundryVTT-v13.348/App/resources/app/dist/database/backend/server-document.mjs:1:2782)","timestamp":"2026-03-09 13:55:12"}
{"level":"error","message":"An error occurred during the migration of Item record [H8iGhoEsLwbhmUjb] of database \"the-void-unofficial.subclasses\":\nError: Documents from a core version newer than the running version cannot be migrated\n    at Function._migrateRecord (file:///D:/Juegos/Foundry_daggerheart_git/Foundry-daggerheart/Portable-FoundryVTT-v13.348/App/resources/app/dist/database/backend/server-document.mjs:1:3713)\n    at Function._migrateDocuments (file:///D:/Juegos/Foundry_daggerheart_git/Foundry-daggerheart/Portable-FoundryVTT-v13.348/App/resources/app/dist/database/backend/server-document.mjs:1:2782)","timestamp":"2026-03-09 13:55:12"}
{"level":"error","message":"An error occurred during the migration of Item record [JIO4bvmWGH4tTXpQ] of database \"the-void-unofficial.subclasses\":\nError: Documents from a core version newer than the running version cannot be migrated\n    at Function._migrateRecord (file:///D:/Juegos/Foundry_daggerheart_git/Foundry-daggerheart/Portable-FoundryVTT-v13.348/App/resources/app/dist/database/backend/server-document.mjs:1:3713)\n    at Function._migrateDocuments (file:///D:/Juegos/Foundry_daggerheart_git/Foundry-daggerheart/Portable-FoundryVTT-v13.348/App/resources/app/dist/database/backend/server-document.mjs:1:2782)","timestamp":"2026-03-09 13:55:12"}
{"level":"error","message":"An error occurred during the migration of Item record [JWlQd6XSBB22ASBs] of database \"the-void-unofficial.subclasses\":\nError: Documents from a core version newer than the running version cannot be migrated\n    at Function._migrateRecord (file:///D:/Juegos/Foundry_daggerheart_git/Foundry-daggerheart/Portable-FoundryVTT-v13.348/App/resources/app/dist/database/backend/server-document.mjs:1:3713)\n    at Function._migrateDocuments (file:///D:/Juegos/Foundry_daggerheart_git/Foundry-daggerheart/Portable-FoundryVTT-v13.348/App/resources/app/dist/database/backend/server-document.mjs:1:2782)","timestamp":"2026-03-09 13:55:12"}
{"level":"error","message":"An error occurred during the migration of Item record [JiPSjjjWxSbnoQRe] of database \"the-void-unofficial.subclasses\":\nError: Documents from a core version newer than the running version cannot be migrated\n    at Function._migrateRecord (file:///D:/Juegos/Foundry_daggerheart_git/Foundry-daggerheart/Portable-FoundryVTT-v13.348/App/resources/app/dist/database/backend/server-document.mjs:1:3713)\n    at Function._migrateDocuments (file:///D:/Juegos/Foundry_daggerheart_git/Foundry-daggerheart/Portable-FoundryVTT-v13.348/App/resources/app/dist/database/backend/server-document.mjs:1:2782)","timestamp":"2026-03-09 13:55:12"}
{"level":"error","message":"An error occurred during the migration of Item record [XeSsopeDDreSRv5A] of database \"the-void-unofficial.subclasses\":\nError: Documents from a core version newer than the running version cannot be migrated\n    at Function._migrateRecord (file:///D:/Juegos/Foundry_daggerheart_git/Foundry-daggerheart/Portable-FoundryVTT-v13.348/App/resources/app/dist/database/backend/server-document.mjs:1:3713)\n    at Function._migrateDocuments (file:///D:/Juegos/Foundry_daggerheart_git/Foundry-daggerheart/Portable-FoundryVTT-v13.348/App/resources/app/dist/database/backend/server-document.mjs:1:2782)","timestamp":"2026-03-09 13:55:12"}
{"level":"error","message":"An error occurred during the migration of Item record [YN38IzjqW5paIy92] of database \"the-void-unofficial.subclasses\":\nError: Documents from a core version newer than the running version cannot be migrated\n    at Function._migrateRecord (file:///D:/Juegos/Foundry_daggerheart_git/Foundry-daggerheart/Portable-FoundryVTT-v13.348/App/resources/app/dist/database/backend/server-document.mjs:1:3713)\n    at Function._migrateDocuments (file:///D:/Juegos/Foundry_daggerheart_git/Foundry-daggerheart/Portable-FoundryVTT-v13.348/App/resources/app/dist/database/backend/server-document.mjs:1:2782)","timestamp":"2026-03-09 13:55:12"}
{"level":"error","message":"An error occurred during the migration of Item record [ZYdJamwMgRsiG733] of database \"the-void-unofficial.subclasses\":\nError: Documents from a core version newer than the running version cannot be migrated\n    at Function._migrateRecord (file:///D:/Juegos/Foundry_daggerheart_git/Foundry-daggerheart/Portable-FoundryVTT-v13.348/App/resources/app/dist/database/backend/server-document.mjs:1:3713)\n    at Function._migrateDocuments (file:///D:/Juegos/Foundry_daggerheart_git/Foundry-daggerheart/Portable-FoundryVTT-v13.348/App/resources/app/dist/database/backend/server-document.mjs:1:2782)","timestamp":"2026-03-09 13:55:12"}
{"level":"error","message":"An error occurred during the migration of Item record [aFtWBHgUBxsCptI2] of database \"the-void-unofficial.subclasses\":\nError: Documents from a core version newer than the running version cannot be migrated\n    at Function._migrateRecord (file:///D:/Juegos/Foundry_daggerheart_git/Foundry-daggerheart/Portable-FoundryVTT-v13.348/App/resources/app/dist/database/backend/server-document.mjs:1:3713)\n    at Function._migrateDocuments (file:///D:/Juegos/Foundry_daggerheart_git/Foundry-daggerheart/Portable-FoundryVTT-v13.348/App/resources/app/dist/database/backend/server-document.mjs:1:2782)","timestamp":"2026-03-09 13:55:12"}
{"level":"error","message":"An error occurred during the migration of Item record [h0PlfOo87vjMIR2n] of database \"the-void-unofficial.subclasses\":\nError: Documents from a core version newer than the running version cannot be migrated\n    at Function._migrateRecord (file:///D:/Juegos/Foundry_daggerheart_git/Foundry-daggerheart/Portable-FoundryVTT-v13.348/App/resources/app/dist/database/backend/server-document.mjs:1:3713)\n    at Function._migrateDocuments (file:///D:/Juegos/Foundry_daggerheart_git/Foundry-daggerheart/Portable-FoundryVTT-v13.348/App/resources/app/dist/database/backend/server-document.mjs:1:2782)","timestamp":"2026-03-09 13:55:12"}
{"level":"error","message":"An error occurred during the migration of Item record [h3bzYGrnwkKQBJ6d] of database \"the-void-unofficial.subclasses\":\nError: Documents from a core version newer than the running version cannot be migrated\n    at Function._migrateRecord (file:///D:/Juegos/Foundry_daggerheart_git/Foundry-daggerheart/Portable-FoundryVTT-v13.348/App/resources/app/dist/database/backend/server-document.mjs:1:3713)\n    at Function._migrateDocuments (file:///D:/Juegos/Foundry_daggerheart_git/Foundry-daggerheart/Portable-FoundryVTT-v13.348/App/resources/app/dist/database/backend/server-document.mjs:1:2782)","timestamp":"2026-03-09 13:55:12"}
{"level":"error","message":"An error occurred during the migration of Item record [mRNqGokQNZEK8GSP] of database \"the-void-unofficial.subclasses\":\nError: Documents from a core version newer than the running version cannot be migrated\n    at Function._migrateRecord (file:///D:/Juegos/Foundry_daggerheart_git/Foundry-daggerheart/Portable-FoundryVTT-v13.348/App/resources/app/dist/database/backend/server-document.mjs:1:3713)\n    at Function._migrateDocuments (file:///D:/Juegos/Foundry_daggerheart_git/Foundry-daggerheart/Portable-FoundryVTT-v13.348/App/resources/app/dist/database/backend/server-document.mjs:1:2782)","timestamp":"2026-03-09 13:55:12"}
{"level":"error","message":"An error occurred during the migration of Item record [sajwdoQ5JVzqeqsj] of database \"the-void-unofficial.subclasses\":\nError: Documents from a core version newer than the running version cannot be migrated\n    at Function._migrateRecord (file:///D:/Juegos/Foundry_daggerheart_git/Foundry-daggerheart/Portable-FoundryVTT-v13.348/App/resources/app/dist/database/backend/server-document.mjs:1:3713)\n    at Function._migrateDocuments (file:///D:/Juegos/Foundry_daggerheart_git/Foundry-daggerheart/Portable-FoundryVTT-v13.348/App/resources/app/dist/database/backend/server-document.mjs:1:2782)","timestamp":"2026-03-09 13:55:12"}
{"level":"error","message":"An error occurred during the migration of Item record [ulURXMXGHT33vnD9] of database \"the-void-unofficial.subclasses\":\nError: Documents from a core version newer than the running version cannot be migrated\n    at Function._migrateRecord (file:///D:/Juegos/Foundry_daggerheart_git/Foundry-daggerheart/Portable-FoundryVTT-v13.348/App/resources/app/dist/database/backend/server-document.mjs:1:3713)\n    at Function._migrateDocuments (file:///D:/Juegos/Foundry_daggerheart_git/Foundry-daggerheart/Portable-FoundryVTT-v13.348/App/resources/app/dist/database/backend/server-document.mjs:1:2782)","timestamp":"2026-03-09 13:55:12"}
{"level":"error","message":"An error occurred during the migration of Item record [zkpNSVJfpnR0InYL] of database \"the-void-unofficial.subclasses\":\nError: Documents from a core version newer than the running version cannot be migrated\n    at Function._migrateRecord (file:///D:/Juegos/Foundry_daggerheart_git/Foundry-daggerheart/Portable-FoundryVTT-v13.348/App/resources/app/dist/database/backend/server-document.mjs:1:3713)\n    at Function._migrateDocuments (file:///D:/Juegos/Foundry_daggerheart_git/Foundry-daggerheart/Portable-FoundryVTT-v13.348/App/resources/app/dist/database/backend/server-document.mjs:1:2782)","timestamp":"2026-03-09 13:55:12"}
{"level":"warn","message":"Database the-void-unofficial.subclasses was not fully migrated due to errors during migration.","timestamp":"2026-03-09 13:55:12"}
{"level":"error","message":"An error occurred during the migration of Item record [0NoQWqYOiPdXdUhQ] of database \"the-void-unofficial.domains\":\nError: Documents from a core version newer than the running version cannot be migrated\n    at Function._migrateRecord (file:///D:/Juegos/Foundry_daggerheart_git/Foundry-daggerheart/Portable-FoundryVTT-v13.348/App/resources/app/dist/database/backend/server-document.mjs:1:3713)\n    at Function._migrateDocuments (file:///D:/Juegos/Foundry_daggerheart_git/Foundry-daggerheart/Portable-FoundryVTT-v13.348/App/resources/app/dist/database/backend/server-document.mjs:1:2782)","timestamp":"2026-03-09 13:55:12"}
{"level":"error","message":"An error occurred during the migration of Item record [176CHYdrz550TiEa] of database \"the-void-unofficial.domains\":\nError: Documents from a core version newer than the running version cannot be migrated\n    at Function._migrateRecord (file:///D:/Juegos/Foundry_daggerheart_git/Foundry-daggerheart/Portable-FoundryVTT-v13.348/App/resources/app/dist/database/backend/server-document.mjs:1:3713)\n    at Function._migrateDocuments (file:///D:/Juegos/Foundry_daggerheart_git/Foundry-daggerheart/Portable-FoundryVTT-v13.348/App/resources/app/dist/database/backend/server-document.mjs:1:2782)","timestamp":"2026-03-09 13:55:12"}
{"level":"error","message":"An error occurred during the migration of Item record [65NWcF4RSZgyJXFt] of database \"the-void-unofficial.domains\":\nError: Documents from a core version newer than the running version cannot be migrated\n    at Function._migrateRecord (file:///D:/Juegos/Foundry_daggerheart_git/Foundry-daggerheart/Portable-FoundryVTT-v13.348/App/resources/app/dist/database/backend/server-document.mjs:1:3713)\n    at Function._migrateDocuments (file:///D:/Juegos/Foundry_daggerheart_git/Foundry-daggerheart/Portable-FoundryVTT-v13.348/App/resources/app/dist/database/backend/server-document.mjs:1:2782)","timestamp":"2026-03-09 13:55:12"}
{"level":"error","message":"An error occurred during the migration of Item record [88xwPHpicN5uBo0f] of database \"the-void-unofficial.domains\":\nError: Documents from a core version newer than the running version cannot be migrated\n    at Function._migrateRecord (file:///D:/Juegos/Foundry_daggerheart_git/Foundry-daggerheart/Portable-FoundryVTT-v13.348/App/resources/app/dist/database/backend/server-document.mjs:1:3713)\n    at Function._migrateDocuments (file:///D:/Juegos/Foundry_daggerheart_git/Foundry-daggerheart/Portable-FoundryVTT-v13.348/App/resources/app/dist/database/backend/server-document.mjs:1:2782)","timestamp":"2026-03-09 13:55:12"}
{"level":"error","message":"An error occurred during the migration of Item record [9wxJJpH25cxmtx5W] of database \"the-void-unofficial.domains\":\nError: Documents from a core version newer than the running version cannot be migrated\n    at Function._migrateRecord (file:///D:/Juegos/Foundry_daggerheart_git/Foundry-daggerheart/Portable-FoundryVTT-v13.348/App/resources/app/dist/database/backend/server-document.mjs:1:3713)\n    at Function._migrateDocuments (file:///D:/Juegos/Foundry_daggerheart_git/Foundry-daggerheart/Portable-FoundryVTT-v13.348/App/resources/app/dist/database/backend/server-document.mjs:1:2782)","timestamp":"2026-03-09 13:55:12"}
{"level":"error","message":"An error occurred during the migration of Item record [BFkzJkWY4HejN4WR] of database \"the-void-unofficial.domains\":\nError: Documents from a core version newer than the running version cannot be migrated\n    at Function._migrateRecord (file:///D:/Juegos/Foundry_daggerheart_git/Foundry-daggerheart/Portable-FoundryVTT-v13.348/App/resources/app/dist/database/backend/server-document.mjs:1:3713)\n    at Function._migrateDocuments (file:///D:/Juegos/Foundry_daggerheart_git/Foundry-daggerheart/Portable-FoundryVTT-v13.348/App/resources/app/dist/database/backend/server-document.mjs:1:2782)","timestamp":"2026-03-09 13:55:12"}
{"level":"error","message":"An error occurred during the migration of Item record [BQF5xVKRVQdhGAf8] of database \"the-void-unofficial.domains\":\nError: Documents from a core version newer than the running version cannot be migrated\n    at Function._migrateRecord (file:///D:/Juegos/Foundry_daggerheart_git/Foundry-daggerheart/Portable-FoundryVTT-v13.348/App/resources/app/dist/database/backend/server-document.mjs:1:3713)\n    at Function._migrateDocuments (file:///D:/Juegos/Foundry_daggerheart_git/Foundry-daggerheart/Portable-FoundryVTT-v13.348/App/resources/app/dist/database/backend/server-document.mjs:1:2782)","timestamp":"2026-03-09 13:55:12"}
{"level":"error","message":"An error occurred during the migration of Item record [BctVkNUWYL5Eww2k] of database \"the-void-unofficial.domains\":\nError: Documents from a core version newer than the running version cannot be migrated\n    at Function._migrateRecord (file:///D:/Juegos/Foundry_daggerheart_git/Foundry-daggerheart/Portable-FoundryVTT-v13.348/App/resources/app/dist/database/backend/server-document.mjs:1:3713)\n    at Function._migrateDocuments (file:///D:/Juegos/Foundry_daggerheart_git/Foundry-daggerheart/Portable-FoundryVTT-v13.348/App/resources/app/dist/database/backend/server-document.mjs:1:2782)","timestamp":"2026-03-09 13:55:12"}
{"level":"error","message":"An error occurred during the migration of Item record [CQbmQH1Xqr1BjLWW] of database \"the-void-unofficial.domains\":\nError: Documents from a core version newer than the running version cannot be migrated\n    at Function._migrateRecord (file:///D:/Juegos/Foundry_daggerheart_git/Foundry-daggerheart/Portable-FoundryVTT-v13.348/App/resources/app/dist/database/backend/server-document.mjs:1:3713)\n    at Function._migrateDocuments (file:///D:/Juegos/Foundry_daggerheart_git/Foundry-daggerheart/Portable-FoundryVTT-v13.348/App/resources/app/dist/database/backend/server-document.mjs:1:2782)","timestamp":"2026-03-09 13:55:12"}
{"level":"error","message":"An error occurred during the migration of Item record [Du7UHRd0CweyuXil] of database \"the-void-unofficial.domains\":\nError: Documents from a core version newer than the running version cannot be migrated\n    at Function._migrateRecord (file:///D:/Juegos/Foundry_daggerheart_git/Foundry-daggerheart/Portable-FoundryVTT-v13.348/App/resources/app/dist/database/backend/server-document.mjs:1:3713)\n    at Function._migrateDocuments (file:///D:/Juegos/Foundry_daggerheart_git/Foundry-daggerheart/Portable-FoundryVTT-v13.348/App/resources/app/dist/database/backend/server-document.mjs:1:2782)","timestamp":"2026-03-09 13:55:12"}
{"level":"error","message":"An error occurred during the migration of Item record [LOPtjnPVjWQEzrZx] of database \"the-void-unofficial.domains\":\nError: Documents from a core version newer than the running version cannot be migrated\n    at Function._migrateRecord (file:///D:/Juegos/Foundry_daggerheart_git/Foundry-daggerheart/Portable-FoundryVTT-v13.348/App/resources/app/dist/database/backend/server-document.mjs:1:3713)\n    at Function._migrateDocuments (file:///D:/Juegos/Foundry_daggerheart_git/Foundry-daggerheart/Portable-FoundryVTT-v13.348/App/resources/app/dist/database/backend/server-document.mjs:1:2782)","timestamp":"2026-03-09 13:55:12"}
{"level":"error","message":"An error occurred during the migration of Item record [Q3RpYwdlDyCQPJHr] of database \"the-void-unofficial.domains\":\nError: Documents from a core version newer than the running version cannot be migrated\n    at Function._migrateRecord (file:///D:/Juegos/Foundry_daggerheart_git/Foundry-daggerheart/Portable-FoundryVTT-v13.348/App/resources/app/dist/database/backend/server-document.mjs:1:3713)\n    at Function._migrateDocuments (file:///D:/Juegos/Foundry_daggerheart_git/Foundry-daggerheart/Portable-FoundryVTT-v13.348/App/resources/app/dist/database/backend/server-document.mjs:1:2782)","timestamp":"2026-03-09 13:55:12"}
{"level":"error","message":"An error occurred during the migration of Item record [WAUpMdW2TD8KVusi] of database \"the-void-unofficial.domains\":\nError: Documents from a core version newer than the running version cannot be migrated\n    at Function._migrateRecord (file:///D:/Juegos/Foundry_daggerheart_git/Foundry-daggerheart/Portable-FoundryVTT-v13.348/App/resources/app/dist/database/backend/server-document.mjs:1:3713)\n    at Function._migrateDocuments (file:///D:/Juegos/Foundry_daggerheart_git/Foundry-daggerheart/Portable-FoundryVTT-v13.348/App/resources/app/dist/database/backend/server-document.mjs:1:2782)","timestamp":"2026-03-09 13:55:12"}
{"level":"error","message":"An error occurred during the migration of Item record [XGDsPevKx3P1mdpH] of database \"the-void-unofficial.domains\":\nError: Documents from a core version newer than the running version cannot be migrated\n    at Function._migrateRecord (file:///D:/Juegos/Foundry_daggerheart_git/Foundry-daggerheart/Portable-FoundryVTT-v13.348/App/resources/app/dist/database/backend/server-document.mjs:1:3713)\n    at Function._migrateDocuments (file:///D:/Juegos/Foundry_daggerheart_git/Foundry-daggerheart/Portable-FoundryVTT-v13.348/App/resources/app/dist/database/backend/server-document.mjs:1:2782)","timestamp":"2026-03-09 13:55:12"}
{"level":"error","message":"An error occurred during the migration of Item record [cOFRHlxyTtRlbumc] of database \"the-void-unofficial.domains\":\nError: Documents from a core version newer than the running version cannot be migrated\n    at Function._migrateRecord (file:///D:/Juegos/Foundry_daggerheart_git/Foundry-daggerheart/Portable-FoundryVTT-v13.348/App/resources/app/dist/database/backend/server-document.mjs:1:3713)\n    at Function._migrateDocuments (file:///D:/Juegos/Foundry_daggerheart_git/Foundry-daggerheart/Portable-FoundryVTT-v13.348/App/resources/app/dist/database/backend/server-document.mjs:1:2782)","timestamp":"2026-03-09 13:55:12"}
{"level":"error","message":"An error occurred during the migration of Item record [dVUQ7Rp9luM7Zekw] of database \"the-void-unofficial.domains\":\nError: Documents from a core version newer than the running version cannot be migrated\n    at Function._migrateRecord (file:///D:/Juegos/Foundry_daggerheart_git/Foundry-daggerheart/Portable-FoundryVTT-v13.348/App/resources/app/dist/database/backend/server-document.mjs:1:3713)\n    at Function._migrateDocuments (file:///D:/Juegos/Foundry_daggerheart_git/Foundry-daggerheart/Portable-FoundryVTT-v13.348/App/resources/app/dist/database/backend/server-document.mjs:1:2782)","timestamp":"2026-03-09 13:55:12"}
{"level":"error","message":"An error occurred during the migration of Item record [gSsxO2xiMxANuBIz] of database \"the-void-unofficial.domains\":\nError: Documents from a core version newer than the running version cannot be migrated\n    at Function._migrateRecord (file:///D:/Juegos/Foundry_daggerheart_git/Foundry-daggerheart/Portable-FoundryVTT-v13.348/App/resources/app/dist/database/backend/server-document.mjs:1:3713)\n    at Function._migrateDocuments (file:///D:/Juegos/Foundry_daggerheart_git/Foundry-daggerheart/Portable-FoundryVTT-v13.348/App/resources/app/dist/database/backend/server-document.mjs:1:2782)","timestamp":"2026-03-09 13:55:12"}
{"level":"error","message":"An error occurred during the migration of Item record [gaDhu9iAdChYFcm2] of database \"the-void-unofficial.domains\":\nError: Documents from a core version newer than the running version cannot be migrated\n    at Function._migrateRecord (file:///D:/Juegos/Foundry_daggerheart_git/Foundry-daggerheart/Portable-FoundryVTT-v13.348/App/resources/app/dist/database/backend/server-document.mjs:1:3713)\n    at Function._migrateDocuments (file:///D:/Juegos/Foundry_daggerheart_git/Foundry-daggerheart/Portable-FoundryVTT-v13.348/App/resources/app/dist/database/backend/server-document.mjs:1:2782)","timestamp":"2026-03-09 13:55:12"}
{"level":"error","message":"An error occurred during the migration of Item record [hmDOLwJEZlbuOKNT] of database \"the-void-unofficial.domains\":\nError: Documents from a core version newer than the running version cannot be migrated\n    at Function._migrateRecord (file:///D:/Juegos/Foundry_daggerheart_git/Foundry-daggerheart/Portable-FoundryVTT-v13.348/App/resources/app/dist/database/backend/server-document.mjs:1:3713)\n    at Function._migrateDocuments (file:///D:/Juegos/Foundry_daggerheart_git/Foundry-daggerheart/Portable-FoundryVTT-v13.348/App/resources/app/dist/database/backend/server-document.mjs:1:2782)","timestamp":"2026-03-09 13:55:12"}
{"level":"error","message":"An error occurred during the migration of Item record [lo8WVAuTWsAh6QBf] of database \"the-void-unofficial.domains\":\nError: Documents from a core version newer than the running version cannot be migrated\n    at Function._migrateRecord (file:///D:/Juegos/Foundry_daggerheart_git/Foundry-daggerheart/Portable-FoundryVTT-v13.348/App/resources/app/dist/database/backend/server-document.mjs:1:3713)\n    at Function._migrateDocuments (file:///D:/Juegos/Foundry_daggerheart_git/Foundry-daggerheart/Portable-FoundryVTT-v13.348/App/resources/app/dist/database/backend/server-document.mjs:1:2782)","timestamp":"2026-03-09 13:55:12"}
{"level":"error","message":"An error occurred during the migration of Item record [yGbgSMuL43quImEV] of database \"the-void-unofficial.domains\":\nError: Documents from a core version newer than the running version cannot be migrated\n    at Function._migrateRecord (file:///D:/Juegos/Foundry_daggerheart_git/Foundry-daggerheart/Portable-FoundryVTT-v13.348/App/resources/app/dist/database/backend/server-document.mjs:1:3713)\n    at Function._migrateDocuments (file:///D:/Juegos/Foundry_daggerheart_git/Foundry-daggerheart/Portable-FoundryVTT-v13.348/App/resources/app/dist/database/backend/server-document.mjs:1:2782)","timestamp":"2026-03-09 13:55:12"}
{"level":"warn","message":"Database the-void-unofficial.domains was not fully migrated due to errors during migration.","timestamp":"2026-03-09 13:55:12"}
{"level":"error","message":"An error occurred during the migration of Item record [cg2pnUEwJ7q4k28d] of database \"the-void-unofficial.weapons\":\nError: Documents from a core version newer than the running version cannot be migrated\n    at Function._migrateRecord (file:///D:/Juegos/Foundry_daggerheart_git/Foundry-daggerheart/Portable-FoundryVTT-v13.348/App/resources/app/dist/database/backend/server-document.mjs:1:3713)\n    at Function._migrateDocuments (file:///D:/Juegos/Foundry_daggerheart_git/Foundry-daggerheart/Portable-FoundryVTT-v13.348/App/resources/app/dist/database/backend/server-document.mjs:1:2782)","timestamp":"2026-03-09 13:55:12"}
{"level":"error","message":"An error occurred during the migration of Item record [lHFiIpH2lrBBaT4o] of database \"the-void-unofficial.weapons\":\nError: Documents from a core version newer than the running version cannot be migrated\n    at Function._migrateRecord (file:///D:/Juegos/Foundry_daggerheart_git/Foundry-daggerheart/Portable-FoundryVTT-v13.348/App/resources/app/dist/database/backend/server-document.mjs:1:3713)\n    at Function._migrateDocuments (file:///D:/Juegos/Foundry_daggerheart_git/Foundry-daggerheart/Portable-FoundryVTT-v13.348/App/resources/app/dist/database/backend/server-document.mjs:1:2782)","timestamp":"2026-03-09 13:55:12"}
{"level":"warn","message":"Database the-void-unofficial.weapons was not fully migrated due to errors during migration.","timestamp":"2026-03-09 13:55:12"}
{"level":"info","message":"Daggerheart update 1.8.0 is now available!","timestamp":"2026-03-09 13:55:14"}
{"level":"info","message":"Vended World data to User [sjVrMusZqwSBFvXT] in 621ms","timestamp":"2026-03-09 13:55:14"}
{"level":"info","message":"Created JournalEntry with id [BsmowcHIWEcdqySR]","timestamp":"2026-03-09 13:55:16"}
{"level":"info","message":"Created ChatMessage with id [tbATiWJR4BuPxkaT]","timestamp":"2026-03-09 13:55:16"}
{"level":"info","message":"Applied sidegrade metadata updates to system daggerheart","timestamp":"2026-03-09 13:58:08"}
{"level":"info","message":"Downloading package - 0%","timestamp":"2026-03-09 13:58:08"}
{"level":"info","message":"Downloading package - 1%","timestamp":"2026-03-09 13:58:08"}
{"level":"info","message":"Downloading package - 2%","timestamp":"2026-03-09 13:58:08"}
{"level":"info","message":"Downloading package - 3%","timestamp":"2026-03-09 13:58:09"}
{"level":"info","message":"Downloading package - 4%","timestamp":"2026-03-09 13:58:09"}
{"level":"info","message":"Downloading package - 5%","timestamp":"2026-03-09 13:58:09"}
{"level":"info","message":"Downloading package - 6%","timestamp":"2026-03-09 13:58:09"}
{"level":"info","message":"Downloading package - 7%","timestamp":"2026-03-09 13:58:09"}
{"level":"info","message":"Downloading package - 8%","timestamp":"2026-03-09 13:58:09"}
{"level":"info","message":"Downloading package - 9%","timestamp":"2026-03-09 13:58:09"}
{"level":"info","message":"Downloading package - 10%","timestamp":"2026-03-09 13:58:09"}
{"level":"info","message":"Downloading package - 11%","timestamp":"2026-03-09 13:58:09"}
{"level":"info","message":"Downloading package - 12%","timestamp":"2026-03-09 13:58:09"}
{"level":"info","message":"Downloading package - 13%","timestamp":"2026-03-09 13:58:09"}
{"level":"info","message":"Downloading package - 14%","timestamp":"2026-03-09 13:58:09"}
{"level":"info","message":"Downloading package - 15%","timestamp":"2026-03-09 13:58:09"}
{"level":"info","message":"Downloading package - 16%","timestamp":"2026-03-09 13:58:09"}
{"level":"info","message":"Downloading package - 17%","timestamp":"2026-03-09 13:58:09"}
{"level":"info","message":"Downloading package - 18%","timestamp":"2026-03-09 13:58:09"}
{"level":"info","message":"Downloading package - 19%","timestamp":"2026-03-09 13:58:09"}
{"level":"info","message":"Downloading package - 20%","timestamp":"2026-03-09 13:58:09"}
{"level":"info","message":"Downloading package - 21%","timestamp":"2026-03-09 13:58:09"}
{"level":"info","message":"Downloading package - 22%","timestamp":"2026-03-09 13:58:09"}
{"level":"info","message":"Downloading package - 23%","timestamp":"2026-03-09 13:58:09"}
{"level":"info","message":"Downloading package - 24%","timestamp":"2026-03-09 13:58:09"}
{"level":"info","message":"Downloading package - 25%","timestamp":"2026-03-09 13:58:09"}
{"level":"info","message":"Downloading package - 26%","timestamp":"2026-03-09 13:58:09"}
{"level":"info","message":"Downloading package - 27%","timestamp":"2026-03-09 13:58:09"}
{"level":"info","message":"Downloading package - 28%","timestamp":"2026-03-09 13:58:09"}
{"level":"info","message":"Downloading package - 29%","timestamp":"2026-03-09 13:58:09"}
{"level":"info","message":"Downloading package - 30%","timestamp":"2026-03-09 13:58:09"}
{"level":"info","message":"Downloading package - 31%","timestamp":"2026-03-09 13:58:09"}
{"level":"info","message":"Downloading package - 32%","timestamp":"2026-03-09 13:58:09"}
{"level":"info","message":"Downloading package - 33%","timestamp":"2026-03-09 13:58:09"}
{"level":"info","message":"Downloading package - 34%","timestamp":"2026-03-09 13:58:09"}
{"level":"info","message":"Downloading package - 35%","timestamp":"2026-03-09 13:58:09"}
{"level":"info","message":"Downloading package - 36%","timestamp":"2026-03-09 13:58:09"}
{"level":"info","message":"Downloading package - 37%","timestamp":"2026-03-09 13:58:09"}
{"level":"info","message":"Downloading package - 38%","timestamp":"2026-03-09 13:58:09"}
{"level":"info","message":"Downloading package - 39%","timestamp":"2026-03-09 13:58:09"}
{"level":"info","message":"Downloading package - 40%","timestamp":"2026-03-09 13:58:09"}
{"level":"info","message":"Downloading package - 41%","timestamp":"2026-03-09 13:58:09"}
{"level":"info","message":"Downloading package - 42%","timestamp":"2026-03-09 13:58:09"}
{"level":"info","message":"Downloading package - 43%","timestamp":"2026-03-09 13:58:09"}
{"level":"info","message":"Downloading package - 44%","timestamp":"2026-03-09 13:58:09"}
{"level":"info","message":"Downloading package - 45%","timestamp":"2026-03-09 13:58:09"}
{"level":"info","message":"Downloading package - 46%","timestamp":"2026-03-09 13:58:09"}
{"level":"info","message":"Downloading package - 47%","timestamp":"2026-03-09 13:58:09"}
{"level":"info","message":"Downloading package - 48%","timestamp":"2026-03-09 13:58:09"}
{"level":"info","message":"Downloading package - 49%","timestamp":"2026-03-09 13:58:09"}
{"level":"info","message":"Downloading package - 50%","timestamp":"2026-03-09 13:58:10"}
{"level":"info","message":"Downloading package - 51%","timestamp":"2026-03-09 13:58:10"}
{"level":"info","message":"Downloading package - 52%","timestamp":"2026-03-09 13:58:10"}
{"level":"info","message":"Downloading package - 53%","timestamp":"2026-03-09 13:58:10"}
{"level":"info","message":"Downloading package - 54%","timestamp":"2026-03-09 13:58:10"}
{"level":"info","message":"Downloading package - 55%","timestamp":"2026-03-09 13:58:10"}
{"level":"info","message":"Downloading package - 56%","timestamp":"2026-03-09 13:58:10"}
{"level":"info","message":"Downloading package - 57%","timestamp":"2026-03-09 13:58:10"}
{"level":"info","message":"Downloading package - 58%","timestamp":"2026-03-09 13:58:10"}
{"level":"info","message":"Downloading package - 59%","timestamp":"2026-03-09 13:58:10"}
{"level":"info","message":"Downloading package - 60%","timestamp":"2026-03-09 13:58:10"}
{"level":"info","message":"Downloading package - 61%","timestamp":"2026-03-09 13:58:10"}
{"level":"info","message":"Downloading package - 62%","timestamp":"2026-03-09 13:58:10"}
{"level":"info","message":"Downloading package - 63%","timestamp":"2026-03-09 13:58:10"}
{"level":"info","message":"Downloading package - 64%","timestamp":"2026-03-09 13:58:10"}
{"level":"info","message":"Downloading package - 65%","timestamp":"2026-03-09 13:58:10"}
{"level":"info","message":"Downloading package - 66%","timestamp":"2026-03-09 13:58:10"}
{"level":"info","message":"Downloading package - 67%","timestamp":"2026-03-09 13:58:10"}
{"level":"info","message":"Downloading package - 68%","timestamp":"2026-03-09 13:58:10"}
{"level":"info","message":"Downloading package - 69%","timestamp":"2026-03-09 13:58:10"}
{"level":"info","message":"Downloading package - 70%","timestamp":"2026-03-09 13:58:10"}
{"level":"info","message":"Downloading package - 71%","timestamp":"2026-03-09 13:58:10"}
{"level":"info","message":"Downloading package - 72%","timestamp":"2026-03-09 13:58:10"}
{"level":"info","message":"Downloading package - 73%","timestamp":"2026-03-09 13:58:10"}
{"level":"info","message":"Downloading package - 74%","timestamp":"2026-03-09 13:58:10"}
{"level":"info","message":"Downloading package - 75%","timestamp":"2026-03-09 13:58:10"}
{"level":"info","message":"Downloading package - 76%","timestamp":"2026-03-09 13:58:10"}
{"level":"info","message":"Downloading package - 77%","timestamp":"2026-03-09 13:58:10"}
{"level":"info","message":"Downloading package - 78%","timestamp":"2026-03-09 13:58:10"}
{"level":"info","message":"Downloading package - 79%","timestamp":"2026-03-09 13:58:10"}
{"level":"info","message":"Downloading package - 80%","timestamp":"2026-03-09 13:58:10"}
{"level":"info","message":"Downloading package - 81%","timestamp":"2026-03-09 13:58:10"}
{"level":"info","message":"Downloading package - 82%","timestamp":"2026-03-09 13:58:10"}
{"level":"info","message":"Downloading package - 83%","timestamp":"2026-03-09 13:58:10"}
{"level":"info","message":"Downloading package - 84%","timestamp":"2026-03-09 13:58:10"}
{"level":"info","message":"Downloading package - 85%","timestamp":"2026-03-09 13:58:10"}
{"level":"info","message":"Downloading package - 86%","timestamp":"2026-03-09 13:58:10"}
{"level":"info","message":"Downloading package - 87%","timestamp":"2026-03-09 13:58:10"}
{"level":"info","message":"Downloading package - 88%","timestamp":"2026-03-09 13:58:10"}
{"level":"info","message":"Downloading package - 89%","timestamp":"2026-03-09 13:58:10"}
{"level":"info","message":"Downloading package - 90%","timestamp":"2026-03-09 13:58:10"}
{"level":"info","message":"Downloading package - 91%","timestamp":"2026-03-09 13:58:10"}
{"level":"info","message":"Downloading package - 92%","timestamp":"2026-03-09 13:58:10"}
{"level":"info","message":"Downloading package - 93%","timestamp":"2026-03-09 13:58:10"}
{"level":"info","message":"Downloading package - 94%","timestamp":"2026-03-09 13:58:10"}
{"level":"info","message":"Downloading package - 95%","timestamp":"2026-03-09 13:58:10"}
{"level":"info","message":"Downloading package - 96%","timestamp":"2026-03-09 13:58:11"}
{"level":"info","message":"Downloading package - 97%","timestamp":"2026-03-09 13:58:11"}
{"level":"info","message":"Downloading package - 98%","timestamp":"2026-03-09 13:58:11"}
{"level":"info","message":"Downloading package - 99%","timestamp":"2026-03-09 13:58:11"}
{"level":"info","message":"Downloading package - 100%","timestamp":"2026-03-09 13:58:11"}
{"level":"info","message":"Installing package - 0%","timestamp":"2026-03-09 13:58:11"}
{"level":"info","message":"Installing package - 1%","timestamp":"2026-03-09 13:58:11"}
{"level":"info","message":"Installing package - 2%","timestamp":"2026-03-09 13:58:11"}
{"level":"info","message":"Installing package - 3%","timestamp":"2026-03-09 13:58:11"}
{"level":"info","message":"Installing package - 4%","timestamp":"2026-03-09 13:58:11"}
{"level":"info","message":"Installing package - 5%","timestamp":"2026-03-09 13:58:11"}
{"level":"info","message":"Installing package - 6%","timestamp":"2026-03-09 13:58:11"}
{"level":"info","message":"Installing package - 7%","timestamp":"2026-03-09 13:58:11"}
{"level":"info","message":"Installing package - 8%","timestamp":"2026-03-09 13:58:11"}
{"level":"info","message":"Installing package - 9%","timestamp":"2026-03-09 13:58:11"}
{"level":"info","message":"Installing package - 10%","timestamp":"2026-03-09 13:58:11"}
{"level":"info","message":"Installing package - 11%","timestamp":"2026-03-09 13:58:11"}
{"level":"info","message":"Installing package - 12%","timestamp":"2026-03-09 13:58:11"}
{"level":"info","message":"Installing package - 13%","timestamp":"2026-03-09 13:58:11"}
{"level":"info","message":"Installing package - 14%","timestamp":"2026-03-09 13:58:11"}
{"level":"info","message":"Installing package - 15%","timestamp":"2026-03-09 13:58:11"}
{"level":"info","message":"Installing package - 16%","timestamp":"2026-03-09 13:58:11"}
{"level":"info","message":"Installing package - 17%","timestamp":"2026-03-09 13:58:11"}
{"level":"info","message":"Installing package - 18%","timestamp":"2026-03-09 13:58:11"}
{"level":"info","message":"Installing package - 19%","timestamp":"2026-03-09 13:58:11"}
{"level":"info","message":"Installing package - 20%","timestamp":"2026-03-09 13:58:11"}
{"level":"info","message":"Installing package - 21%","timestamp":"2026-03-09 13:58:11"}
{"level":"info","message":"Installing package - 22%","timestamp":"2026-03-09 13:58:11"}
{"level":"info","message":"Installing package - 23%","timestamp":"2026-03-09 13:58:11"}
{"level":"info","message":"Installing package - 24%","timestamp":"2026-03-09 13:58:11"}
{"level":"info","message":"Installing package - 25%","timestamp":"2026-03-09 13:58:11"}
{"level":"info","message":"Installing package - 26%","timestamp":"2026-03-09 13:58:11"}
{"level":"info","message":"Installing package - 27%","timestamp":"2026-03-09 13:58:11"}
{"level":"info","message":"Installing package - 28%","timestamp":"2026-03-09 13:58:11"}
{"level":"info","message":"Installing package - 29%","timestamp":"2026-03-09 13:58:11"}
{"level":"info","message":"Installing package - 30%","timestamp":"2026-03-09 13:58:11"}
{"level":"info","message":"Installing package - 31%","timestamp":"2026-03-09 13:58:11"}
{"level":"info","message":"Installing package - 32%","timestamp":"2026-03-09 13:58:11"}
{"level":"info","message":"Installing package - 33%","timestamp":"2026-03-09 13:58:11"}
{"level":"info","message":"Installing package - 34%","timestamp":"2026-03-09 13:58:11"}
{"level":"info","message":"Installing package - 35%","timestamp":"2026-03-09 13:58:11"}
{"level":"info","message":"Installing package - 36%","timestamp":"2026-03-09 13:58:12"}
{"level":"info","message":"Installing package - 37%","timestamp":"2026-03-09 13:58:12"}
{"level":"info","message":"Installing package - 38%","timestamp":"2026-03-09 13:58:12"}
{"level":"info","message":"Installing package - 39%","timestamp":"2026-03-09 13:58:12"}
{"level":"info","message":"Installing package - 40%","timestamp":"2026-03-09 13:58:12"}
{"level":"info","message":"Installing package - 41%","timestamp":"2026-03-09 13:58:12"}
{"level":"info","message":"Installing package - 42%","timestamp":"2026-03-09 13:58:12"}
{"level":"info","message":"Installing package - 43%","timestamp":"2026-03-09 13:58:12"}
{"level":"info","message":"Installing package - 44%","timestamp":"2026-03-09 13:58:12"}
{"level":"info","message":"Installing package - 45%","timestamp":"2026-03-09 13:58:12"}
{"level":"info","message":"Installing package - 46%","timestamp":"2026-03-09 13:58:12"}
{"level":"info","message":"Installing package - 47%","timestamp":"2026-03-09 13:58:12"}
{"level":"info","message":"Installing package - 48%","timestamp":"2026-03-09 13:58:12"}
{"level":"info","message":"Installing package - 49%","timestamp":"2026-03-09 13:58:12"}
{"level":"info","message":"Installing package - 50%","timestamp":"2026-03-09 13:58:12"}
{"level":"info","message":"Installing package - 51%","timestamp":"2026-03-09 13:58:12"}
{"level":"info","message":"Installing package - 52%","timestamp":"2026-03-09 13:58:12"}
{"level":"info","message":"Installing package - 53%","timestamp":"2026-03-09 13:58:12"}
{"level":"info","message":"Installing package - 54%","timestamp":"2026-03-09 13:58:12"}
{"level":"info","message":"Installing package - 55%","timestamp":"2026-03-09 13:58:12"}
{"level":"info","message":"Installing package - 56%","timestamp":"2026-03-09 13:58:12"}
{"level":"info","message":"Installing package - 57%","timestamp":"2026-03-09 13:58:12"}
{"level":"info","message":"Installing package - 58%","timestamp":"2026-03-09 13:58:12"}
{"level":"info","message":"Installing package - 59%","timestamp":"2026-03-09 13:58:12"}
{"level":"info","message":"Installing package - 60%","timestamp":"2026-03-09 13:58:12"}
{"level":"info","message":"Installing package - 61%","timestamp":"2026-03-09 13:58:12"}
{"level":"info","message":"Installing package - 62%","timestamp":"2026-03-09 13:58:12"}
{"level":"info","message":"Installing package - 63%","timestamp":"2026-03-09 13:58:12"}
{"level":"info","message":"Installing package - 64%","timestamp":"2026-03-09 13:58:12"}
{"level":"info","message":"Installing package - 65%","timestamp":"2026-03-09 13:58:12"}
{"level":"info","message":"Installing package - 66%","timestamp":"2026-03-09 13:58:12"}
{"level":"info","message":"Installing package - 67%","timestamp":"2026-03-09 13:58:12"}
{"level":"info","message":"Installing package - 68%","timestamp":"2026-03-09 13:58:12"}
{"level":"info","message":"Installing package - 69%","timestamp":"2026-03-09 13:58:12"}
{"level":"info","message":"Installing package - 70%","timestamp":"2026-03-09 13:58:12"}
{"level":"info","message":"Installing package - 71%","timestamp":"2026-03-09 13:58:12"}
{"level":"info","message":"Installing package - 72%","timestamp":"2026-03-09 13:58:12"}
{"level":"info","message":"Installing package - 73%","timestamp":"2026-03-09 13:58:12"}
{"level":"info","message":"Installing package - 74%","timestamp":"2026-03-09 13:58:12"}
{"level":"info","message":"Installing package - 75%","timestamp":"2026-03-09 13:58:12"}
{"level":"info","message":"Installing package - 76%","timestamp":"2026-03-09 13:58:12"}
{"level":"info","message":"Installing package - 77%","timestamp":"2026-03-09 13:58:12"}
{"level":"info","message":"Installing package - 78%","timestamp":"2026-03-09 13:58:12"}
{"level":"info","message":"Installing package - 79%","timestamp":"2026-03-09 13:58:12"}
{"level":"info","message":"Installing package - 80%","timestamp":"2026-03-09 13:58:12"}
{"level":"info","message":"Installing package - 81%","timestamp":"2026-03-09 13:58:12"}
{"level":"info","message":"Installing package - 82%","timestamp":"2026-03-09 13:58:12"}
{"level":"info","message":"Installing package - 83%","timestamp":"2026-03-09 13:58:12"}
{"level":"info","message":"Installing package - 84%","timestamp":"2026-03-09 13:58:12"}
{"level":"info","message":"Installing package - 85%","timestamp":"2026-03-09 13:58:12"}
{"level":"info","message":"Installing package - 86%","timestamp":"2026-03-09 13:58:12"}
{"level":"info","message":"Installing package - 87%","timestamp":"2026-03-09 13:58:12"}
{"level":"info","message":"Installing package - 88%","timestamp":"2026-03-09 13:58:12"}
{"level":"info","message":"Installing package - 89%","timestamp":"2026-03-09 13:58:12"}
{"level":"info","message":"Installing package - 90%","timestamp":"2026-03-09 13:58:12"}
{"level":"info","message":"Installing package - 91%","timestamp":"2026-03-09 13:58:12"}
{"level":"info","message":"Installing package - 92%","timestamp":"2026-03-09 13:58:12"}
{"level":"info","message":"Installing package - 93%","timestamp":"2026-03-09 13:58:12"}
{"level":"info","message":"Installing package - 94%","timestamp":"2026-03-09 13:58:12"}
{"level":"info","message":"Installing package - 95%","timestamp":"2026-03-09 13:58:12"}
{"level":"info","message":"Installing package - 96%","timestamp":"2026-03-09 13:58:12"}
{"level":"info","message":"Installing package - 97%","timestamp":"2026-03-09 13:58:12"}
{"level":"info","message":"Installing package - 98%","timestamp":"2026-03-09 13:58:12"}
{"level":"info","message":"Installing package - 99%","timestamp":"2026-03-09 13:58:12"}
{"level":"info","message":"Installing package - 100%","timestamp":"2026-03-09 13:58:12"}
{"level":"info","message":"Installed system daggerheart","timestamp":"2026-03-09 13:58:12"}
{"level":"info","message":"complete - 100%","timestamp":"2026-03-09 13:58:12"}
{"level":"info","message":"Writing backup for world 'fe-west-marches'.","timestamp":"2026-03-09 13:58:32"}
{"level":"info","message":"createBackup archive progress - 0%","timestamp":"2026-03-09 13:58:32"}
{"level":"info","message":"createBackup archive progress - 1%","timestamp":"2026-03-09 13:58:32"}
{"level":"info","message":"createBackup archive progress - 2%","timestamp":"2026-03-09 13:58:32"}
{"level":"info","message":"createBackup archive progress - 3%","timestamp":"2026-03-09 13:58:32"}
{"level":"info","message":"createBackup archive progress - 36%","timestamp":"2026-03-09 13:58:32"}
{"level":"info","message":"createBackup archive progress - 37%","timestamp":"2026-03-09 13:58:32"}
{"level":"info","message":"createBackup archive progress - 68%","timestamp":"2026-03-09 13:58:32"}
{"level":"info","message":"createBackup archive progress - 69%","timestamp":"2026-03-09 13:58:32"}
{"level":"info","message":"createBackup archive progress - 70%","timestamp":"2026-03-09 13:58:32"}
{"level":"info","message":"createBackup archive progress - 71%","timestamp":"2026-03-09 13:58:32"}
{"level":"info","message":"createBackup archive progress - 72%","timestamp":"2026-03-09 13:58:32"}
{"level":"info","message":"createBackup archive progress - 79%","timestamp":"2026-03-09 13:58:32"}
{"level":"info","message":"createBackup archive progress - 80%","timestamp":"2026-03-09 13:58:32"}
{"level":"info","message":"createBackup archive progress - 82%","timestamp":"2026-03-09 13:58:32"}
{"level":"info","message":"createBackup archive progress - 83%","timestamp":"2026-03-09 13:58:32"}
{"level":"info","message":"createBackup archive progress - 97%","timestamp":"2026-03-09 13:58:32"}
{"level":"info","message":"createBackup archive progress - 98%","timestamp":"2026-03-09 13:58:32"}
{"level":"info","message":"createBackup archive progress - 99%","timestamp":"2026-03-09 13:58:32"}
{"level":"info","message":"createBackup archive progress - 100%","timestamp":"2026-03-09 13:58:32"}
{"level":"info","message":"Wrote backup for world 'fe-west-marches' to '..\\..\\Data\\Backups\\worlds\\fe-west-marches\\world.fe-west-marches.2026-03-09.1773061112317.bak'. Wrote 482166 bytes.","timestamp":"2026-03-09 13:58:32"}
{"level":"info","message":"Connected to database \"actors\"","timestamp":"2026-03-09 13:58:32"}
{"level":"info","message":"Launching World | Loading World Data - 7%","timestamp":"2026-03-09 13:58:32"}
{"level":"info","message":"Connected to database \"cards\"","timestamp":"2026-03-09 13:58:32"}
{"level":"info","message":"Launching World | Loading World Data - 14%","timestamp":"2026-03-09 13:58:32"}
{"level":"info","message":"Connected to database \"messages\"","timestamp":"2026-03-09 13:58:32"}
{"level":"info","message":"Launching World | Loading World Data - 21%","timestamp":"2026-03-09 13:58:32"}
{"level":"info","message":"Connected to database \"combats\"","timestamp":"2026-03-09 13:58:33"}
{"level":"info","message":"Launching World | Loading World Data - 29%","timestamp":"2026-03-09 13:58:33"}
{"level":"info","message":"Connected to database \"fog\"","timestamp":"2026-03-09 13:58:33"}
{"level":"info","message":"Launching World | Loading World Data - 36%","timestamp":"2026-03-09 13:58:33"}
{"level":"info","message":"Connected to database \"folders\"","timestamp":"2026-03-09 13:58:33"}
{"level":"info","message":"Launching World | Loading World Data - 43%","timestamp":"2026-03-09 13:58:33"}
{"level":"info","message":"Connected to database \"items\"","timestamp":"2026-03-09 13:58:33"}
{"level":"info","message":"Launching World | Loading World Data - 50%","timestamp":"2026-03-09 13:58:33"}
{"level":"info","message":"Connected to database \"journal\"","timestamp":"2026-03-09 13:58:33"}
{"level":"info","message":"Launching World | Loading World Data - 57%","timestamp":"2026-03-09 13:58:33"}
{"level":"info","message":"Connected to database \"macros\"","timestamp":"2026-03-09 13:58:33"}
{"level":"info","message":"Launching World | Loading World Data - 64%","timestamp":"2026-03-09 13:58:33"}
{"level":"info","message":"Connected to database \"playlists\"","timestamp":"2026-03-09 13:58:33"}
{"level":"info","message":"Launching World | Loading World Data - 71%","timestamp":"2026-03-09 13:58:33"}
{"level":"info","message":"Connected to database \"tables\"","timestamp":"2026-03-09 13:58:33"}
{"level":"info","message":"Launching World | Loading World Data - 79%","timestamp":"2026-03-09 13:58:33"}
{"level":"info","message":"Connected to database \"scenes\"","timestamp":"2026-03-09 13:58:33"}
{"level":"info","message":"Launching World | Loading World Data - 86%","timestamp":"2026-03-09 13:58:33"}
{"level":"info","message":"Connected to database \"settings\"","timestamp":"2026-03-09 13:58:33"}
{"level":"info","message":"Launching World | Loading World Data - 93%","timestamp":"2026-03-09 13:58:33"}
{"level":"info","message":"Connected to database \"users\"","timestamp":"2026-03-09 13:58:33"}
{"level":"info","message":"Launching World | Loading World Data - 100%","timestamp":"2026-03-09 13:58:33"}
{"level":"info","message":"Launching World | Migrating World Data - 7%","timestamp":"2026-03-09 13:58:33"}
{"level":"info","message":"Launching World | Migrating World Data - 14%","timestamp":"2026-03-09 13:58:33"}
{"level":"info","message":"Launching World | Migrating World Data - 21%","timestamp":"2026-03-09 13:58:33"}
{"level":"info","message":"Launching World | Migrating World Data - 29%","timestamp":"2026-03-09 13:58:33"}
{"level":"info","message":"Launching World | Migrating World Data - 36%","timestamp":"2026-03-09 13:58:33"}
{"level":"info","message":"Launching World | Migrating World Data - 43%","timestamp":"2026-03-09 13:58:33"}
{"level":"info","message":"Launching World | Migrating World Data - 50%","timestamp":"2026-03-09 13:58:33"}
{"level":"info","message":"Launching World | Migrating World Data - 57%","timestamp":"2026-03-09 13:58:33"}
{"level":"info","message":"Launching World | Migrating World Data - 64%","timestamp":"2026-03-09 13:58:33"}
{"level":"info","message":"Launching World | Migrating World Data - 71%","timestamp":"2026-03-09 13:58:33"}
{"level":"info","message":"Launching World | Migrating World Data - 79%","timestamp":"2026-03-09 13:58:33"}
{"level":"info","message":"Launching World | Migrating World Data - 86%","timestamp":"2026-03-09 13:58:34"}
{"level":"info","message":"Launching World | Migrating World Data - 93%","timestamp":"2026-03-09 13:58:34"}
{"level":"info","message":"Launching World | Migrating World Data - 100%","timestamp":"2026-03-09 13:58:34"}
{"level":"info","message":"Connected to database \"world.homebrew-adversaries\"","timestamp":"2026-03-09 13:58:34"}
{"level":"info","message":"Launching World | Loading Package Data - 3%","timestamp":"2026-03-09 13:58:34"}
{"level":"info","message":"Connected to database \"world.homebrew-adversaries-features\"","timestamp":"2026-03-09 13:58:34"}
{"level":"info","message":"Launching World | Loading Package Data - 5%","timestamp":"2026-03-09 13:58:34"}
{"level":"info","message":"Connected to database \"daggerheart.classes\"","timestamp":"2026-03-09 13:58:34"}
{"level":"info","message":"Launching World | Loading Package Data - 8%","timestamp":"2026-03-09 13:58:34"}
{"level":"info","message":"Connected to database \"daggerheart.subclasses\"","timestamp":"2026-03-09 13:58:34"}
{"level":"info","message":"Launching World | Loading Package Data - 10%","timestamp":"2026-03-09 13:58:34"}
{"level":"info","message":"Connected to database \"daggerheart.domains\"","timestamp":"2026-03-09 13:58:34"}
{"level":"info","message":"Launching World | Loading Package Data - 13%","timestamp":"2026-03-09 13:58:34"}
{"level":"info","message":"Connected to database \"daggerheart.ancestries\"","timestamp":"2026-03-09 13:58:34"}
{"level":"info","message":"Launching World | Loading Package Data - 15%","timestamp":"2026-03-09 13:58:34"}
{"level":"info","message":"Connected to database \"daggerheart.communities\"","timestamp":"2026-03-09 13:58:34"}
{"level":"info","message":"Launching World | Loading Package Data - 18%","timestamp":"2026-03-09 13:58:34"}
{"level":"info","message":"Connected to database \"daggerheart.weapons\"","timestamp":"2026-03-09 13:58:34"}
{"level":"info","message":"Launching World | Loading Package Data - 20%","timestamp":"2026-03-09 13:58:34"}
{"level":"info","message":"Connected to database \"daggerheart.armors\"","timestamp":"2026-03-09 13:58:34"}
{"level":"info","message":"Launching World | Loading Package Data - 23%","timestamp":"2026-03-09 13:58:34"}
{"level":"info","message":"Connected to database \"daggerheart.consumables\"","timestamp":"2026-03-09 13:58:35"}
{"level":"info","message":"Launching World | Loading Package Data - 25%","timestamp":"2026-03-09 13:58:35"}
{"level":"info","message":"Connected to database \"daggerheart.loot\"","timestamp":"2026-03-09 13:58:35"}
{"level":"info","message":"Launching World | Loading Package Data - 28%","timestamp":"2026-03-09 13:58:35"}
{"level":"info","message":"Connected to database \"daggerheart.adversaries\"","timestamp":"2026-03-09 13:58:35"}
{"level":"info","message":"Launching World | Loading Package Data - 30%","timestamp":"2026-03-09 13:58:35"}
{"level":"info","message":"Connected to database \"daggerheart.environments\"","timestamp":"2026-03-09 13:58:35"}
{"level":"info","message":"Launching World | Loading Package Data - 33%","timestamp":"2026-03-09 13:58:35"}
{"level":"info","message":"Connected to database \"daggerheart.journals\"","timestamp":"2026-03-09 13:58:35"}
{"level":"info","message":"Launching World | Loading Package Data - 35%","timestamp":"2026-03-09 13:58:35"}
{"level":"info","message":"Connected to database \"daggerheart.rolltables\"","timestamp":"2026-03-09 13:58:35"}
{"level":"info","message":"Launching World | Loading Package Data - 38%","timestamp":"2026-03-09 13:58:35"}
{"level":"info","message":"Connected to database \"daggerheart.beastforms\"","timestamp":"2026-03-09 13:58:35"}
{"level":"info","message":"Launching World | Loading Package Data - 40%","timestamp":"2026-03-09 13:58:35"}
{"level":"info","message":"Connected to database \"art-for-daggerheart.art-for-dh-macros\"","timestamp":"2026-03-09 13:58:35"}
{"level":"info","message":"Launching World | Loading Package Data - 43%","timestamp":"2026-03-09 13:58:35"}
{"level":"info","message":"Connected to database \"daggerheart-extra-content.motherboard-items\"","timestamp":"2026-03-09 13:58:35"}
{"level":"info","message":"Launching World | Loading Package Data - 45%","timestamp":"2026-03-09 13:58:35"}
{"level":"info","message":"Connected to database \"daggerheart-extra-content.macros\"","timestamp":"2026-03-09 13:58:36"}
{"level":"info","message":"Launching World | Loading Package Data - 48%","timestamp":"2026-03-09 13:58:36"}
{"level":"info","message":"Connected to database \"daggerheart-extra-content.motherboard-tables\"","timestamp":"2026-03-09 13:58:36"}
{"level":"info","message":"Launching World | Loading Package Data - 50%","timestamp":"2026-03-09 13:58:36"}
{"level":"info","message":"Connected to database \"daggerheart-extra-content.adversaries-features\"","timestamp":"2026-03-09 13:58:36"}
{"level":"info","message":"Launching World | Loading Package Data - 53%","timestamp":"2026-03-09 13:58:36"}
{"level":"info","message":"Connected to database \"daggerheart-extra-content.useful-journals\"","timestamp":"2026-03-09 13:58:36"}
{"level":"info","message":"Launching World | Loading Package Data - 55%","timestamp":"2026-03-09 13:58:36"}
{"level":"info","message":"Connected to database \"daggerheart-extra-content.loot-and-consumable-tables\"","timestamp":"2026-03-09 13:58:36"}
{"level":"info","message":"Launching World | Loading Package Data - 57%","timestamp":"2026-03-09 13:58:36"}
{"level":"info","message":"Connected to database \"daggerheart-extra-content.more-adversaries\"","timestamp":"2026-03-09 13:58:36"}
{"level":"info","message":"Launching World | Loading Package Data - 60%","timestamp":"2026-03-09 13:58:36"}
{"level":"info","message":"Connected to database \"daggerheart-extra-content.more-items\"","timestamp":"2026-03-09 13:58:36"}
{"level":"info","message":"Launching World | Loading Package Data - 63%","timestamp":"2026-03-09 13:58:36"}
{"level":"info","message":"Connected to database \"daggerheart-extra-content.curses\"","timestamp":"2026-03-09 13:58:36"}
{"level":"info","message":"Launching World | Loading Package Data - 65%","timestamp":"2026-03-09 13:58:36"}
{"level":"info","message":"Connected to database \"daggerheart-extra-content.ancestry\"","timestamp":"2026-03-09 13:58:37"}
{"level":"info","message":"Launching World | Loading Package Data - 68%","timestamp":"2026-03-09 13:58:37"}
{"level":"info","message":"Connected to database \"daggerheart-extra-content.house-rules\"","timestamp":"2026-03-09 13:58:37"}
{"level":"info","message":"Launching World | Loading Package Data - 70%","timestamp":"2026-03-09 13:58:37"}
{"level":"info","message":"Connected to database \"daggerheart-extra-content.classes\"","timestamp":"2026-03-09 13:58:37"}
{"level":"info","message":"Launching World | Loading Package Data - 73%","timestamp":"2026-03-09 13:58:37"}
{"level":"info","message":"Connected to database \"daggerheart-extra-content.subclasses\"","timestamp":"2026-03-09 13:58:37"}
{"level":"info","message":"Launching World | Loading Package Data - 75%","timestamp":"2026-03-09 13:58:37"}
{"level":"info","message":"Connected to database \"the-void-unofficial.classes\"","timestamp":"2026-03-09 13:58:37"}
{"level":"info","message":"Launching World | Loading Package Data - 78%","timestamp":"2026-03-09 13:58:37"}
{"level":"info","message":"Connected to database \"the-void-unofficial.subclasses\"","timestamp":"2026-03-09 13:58:37"}
{"level":"info","message":"Launching World | Loading Package Data - 80%","timestamp":"2026-03-09 13:58:37"}
{"level":"info","message":"Connected to database \"the-void-unofficial.ancestries\"","timestamp":"2026-03-09 13:58:37"}
{"level":"info","message":"Launching World | Loading Package Data - 83%","timestamp":"2026-03-09 13:58:37"}
{"level":"info","message":"Connected to database \"the-void-unofficial.communities\"","timestamp":"2026-03-09 13:58:37"}
{"level":"info","message":"Launching World | Loading Package Data - 85%","timestamp":"2026-03-09 13:58:37"}
{"level":"info","message":"Connected to database \"the-void-unofficial.domains\"","timestamp":"2026-03-09 13:58:37"}
{"level":"info","message":"Launching World | Loading Package Data - 88%","timestamp":"2026-03-09 13:58:37"}
{"level":"info","message":"Connected to database \"the-void-unofficial.transformations\"","timestamp":"2026-03-09 13:58:37"}
{"level":"info","message":"Launching World | Loading Package Data - 90%","timestamp":"2026-03-09 13:58:37"}
{"level":"info","message":"Connected to database \"the-void-unofficial.weapons\"","timestamp":"2026-03-09 13:58:37"}
{"level":"info","message":"Launching World | Loading Package Data - 93%","timestamp":"2026-03-09 13:58:37"}
{"level":"info","message":"Connected to database \"the-void-unofficial.macros\"","timestamp":"2026-03-09 13:58:37"}
{"level":"info","message":"Launching World | Loading Package Data - 95%","timestamp":"2026-03-09 13:58:37"}
{"level":"info","message":"Connected to database \"the-void-unofficial.adversaries--environments\"","timestamp":"2026-03-09 13:58:38"}
{"level":"info","message":"Launching World | Loading Package Data - 98%","timestamp":"2026-03-09 13:58:38"}
{"level":"info","message":"Connected to database \"token-mold.adjectives\"","timestamp":"2026-03-09 13:58:38"}
{"level":"info","message":"Launching World | Loading Package Data - 100%","timestamp":"2026-03-09 13:58:38"}
{"level":"info","message":"Created 0 Folder documents with ids: []","timestamp":"2026-03-09 13:58:38"}
{"level":"info","message":"Launching World | Migrating Package Data - 3%","timestamp":"2026-03-09 13:58:38"}
{"level":"info","message":"Launching World | Migrating Package Data - 5%","timestamp":"2026-03-09 13:58:38"}
{"level":"info","message":"Launching World | Migrating Package Data - 8%","timestamp":"2026-03-09 13:58:38"}
{"level":"info","message":"Launching World | Migrating Package Data - 10%","timestamp":"2026-03-09 13:58:38"}
{"level":"info","message":"Launching World | Migrating Package Data - 13%","timestamp":"2026-03-09 13:58:38"}
{"level":"info","message":"Launching World | Migrating Package Data - 15%","timestamp":"2026-03-09 13:58:38"}
{"level":"info","message":"Launching World | Migrating Package Data - 18%","timestamp":"2026-03-09 13:58:38"}
{"level":"info","message":"Launching World | Migrating Package Data - 20%","timestamp":"2026-03-09 13:58:38"}
{"level":"info","message":"Launching World | Migrating Package Data - 23%","timestamp":"2026-03-09 13:58:38"}
{"level":"info","message":"Launching World | Migrating Package Data - 25%","timestamp":"2026-03-09 13:58:38"}
{"level":"info","message":"Launching World | Migrating Package Data - 28%","timestamp":"2026-03-09 13:58:38"}
{"level":"info","message":"Launching World | Migrating Package Data - 30%","timestamp":"2026-03-09 13:58:38"}
{"level":"info","message":"Launching World | Migrating Package Data - 33%","timestamp":"2026-03-09 13:58:38"}
{"level":"error","message":"An error occurred during the migration of JournalEntry record [uNs7ne9VCbbu5dcG] of database \"daggerheart.journals\":\nError: Documents from a core version newer than the running version cannot be migrated\n    at JournalEntryPage._migrateRecord (file:///D:/Juegos/Foundry_daggerheart_git/Foundry-daggerheart/Portable-FoundryVTT-v13.348/App/resources/app/dist/database/backend/server-document.mjs:1:3713)\n    at Function._migrateEmbeddedRecords (file:///D:/Juegos/Foundry_daggerheart_git/Foundry-daggerheart/Portable-FoundryVTT-v13.348/App/resources/app/dist/database/backend/server-document.mjs:1:4614)\n    at Function._migrateRecord (file:///D:/Juegos/Foundry_daggerheart_git/Foundry-daggerheart/Portable-FoundryVTT-v13.348/App/resources/app/dist/database/backend/server-document.mjs:1:4119)\n    at Function._migrateDocuments (file:///D:/Juegos/Foundry_daggerheart_git/Foundry-daggerheart/Portable-FoundryVTT-v13.348/App/resources/app/dist/database/backend/server-document.mjs:1:2782)","timestamp":"2026-03-09 13:58:38"}
{"level":"warn","message":"Database daggerheart.journals was not fully migrated due to errors during migration.","timestamp":"2026-03-09 13:58:38"}
{"level":"info","message":"Launching World | Migrating Package Data - 35%","timestamp":"2026-03-09 13:58:38"}
{"level":"error","message":"An error occurred during the migration of RollTable record [I5L1dlgxXTNrCCkL] of database \"daggerheart.rolltables\":\nError: Documents from a core version newer than the running version cannot be migrated\n    at TableResult._migrateRecord (file:///D:/Juegos/Foundry_daggerheart_git/Foundry-daggerheart/Portable-FoundryVTT-v13.348/App/resources/app/dist/database/backend/server-document.mjs:1:3713)\n    at Function._migrateEmbeddedRecords (file:///D:/Juegos/Foundry_daggerheart_git/Foundry-daggerheart/Portable-FoundryVTT-v13.348/App/resources/app/dist/database/backend/server-document.mjs:1:4614)\n    at Function._migrateRecord (file:///D:/Juegos/Foundry_daggerheart_git/Foundry-daggerheart/Portable-FoundryVTT-v13.348/App/resources/app/dist/database/backend/server-document.mjs:1:4119)\n    at Function._migrateDocuments (file:///D:/Juegos/Foundry_daggerheart_git/Foundry-daggerheart/Portable-FoundryVTT-v13.348/App/resources/app/dist/database/backend/server-document.mjs:1:2782)","timestamp":"2026-03-09 13:58:38"}
{"level":"error","message":"An error occurred during the migration of RollTable record [S61Shlt2I5CbLRjz] of database \"daggerheart.rolltables\":\nError: Documents from a core version newer than the running version cannot be migrated\n    at TableResult._migrateRecord (file:///D:/Juegos/Foundry_daggerheart_git/Foundry-daggerheart/Portable-FoundryVTT-v13.348/App/resources/app/dist/database/backend/server-document.mjs:1:3713)\n    at Function._migrateEmbeddedRecords (file:///D:/Juegos/Foundry_daggerheart_git/Foundry-daggerheart/Portable-FoundryVTT-v13.348/App/resources/app/dist/database/backend/server-document.mjs:1:4614)\n    at Function._migrateRecord (file:///D:/Juegos/Foundry_daggerheart_git/Foundry-daggerheart/Portable-FoundryVTT-v13.348/App/resources/app/dist/database/backend/server-document.mjs:1:4119)\n    at Function._migrateDocuments (file:///D:/Juegos/Foundry_daggerheart_git/Foundry-daggerheart/Portable-FoundryVTT-v13.348/App/resources/app/dist/database/backend/server-document.mjs:1:2782)","timestamp":"2026-03-09 13:58:38"}
{"level":"error","message":"An error occurred during the migration of RollTable record [tF04P02yVN1YDVel] of database \"daggerheart.rolltables\":\nError: Documents from a core version newer than the running version cannot be migrated\n    at TableResult._migrateRecord (file:///D:/Juegos/Foundry_daggerheart_git/Foundry-daggerheart/Portable-FoundryVTT-v13.348/App/resources/app/dist/database/backend/server-document.mjs:1:3713)\n    at Function._migrateEmbeddedRecords (file:///D:/Juegos/Foundry_daggerheart_git/Foundry-daggerheart/Portable-FoundryVTT-v13.348/App/resources/app/dist/database/backend/server-document.mjs:1:4614)\n    at Function._migrateRecord (file:///D:/Juegos/Foundry_daggerheart_git/Foundry-daggerheart/Portable-FoundryVTT-v13.348/App/resources/app/dist/database/backend/server-document.mjs:1:4119)\n    at Function._migrateDocuments (file:///D:/Juegos/Foundry_daggerheart_git/Foundry-daggerheart/Portable-FoundryVTT-v13.348/App/resources/app/dist/database/backend/server-document.mjs:1:2782)","timestamp":"2026-03-09 13:58:38"}
{"level":"warn","message":"Database daggerheart.rolltables was not fully migrated due to errors during migration.","timestamp":"2026-03-09 13:58:38"}
{"level":"info","message":"Launching World | Migrating Package Data - 38%","timestamp":"2026-03-09 13:58:38"}
{"level":"info","message":"Launching World | Migrating Package Data - 40%","timestamp":"2026-03-09 13:58:38"}
{"level":"info","message":"Launching World | Migrating Package Data - 43%","timestamp":"2026-03-09 13:58:38"}
{"level":"info","message":"Launching World | Migrating Package Data - 45%","timestamp":"2026-03-09 13:58:38"}
{"level":"error","message":"An error occurred during the migration of Macro record [AksCh0ciaGx7BuyA] of database \"daggerheart-extra-content.macros\":\nError: Documents from a core version newer than the running version cannot be migrated\n    at Function._migrateRecord (file:///D:/Juegos/Foundry_daggerheart_git/Foundry-daggerheart/Portable-FoundryVTT-v13.348/App/resources/app/dist/database/backend/server-document.mjs:1:3713)\n    at Function._migrateDocuments (file:///D:/Juegos/Foundry_daggerheart_git/Foundry-daggerheart/Portable-FoundryVTT-v13.348/App/resources/app/dist/database/backend/server-document.mjs:1:2782)","timestamp":"2026-03-09 13:58:38"}
{"level":"error","message":"An error occurred during the migration of Macro record [Ek2uYtA3xm78MKEc] of database \"daggerheart-extra-content.macros\":\nError: Documents from a core version newer than the running version cannot be migrated\n    at Function._migrateRecord (file:///D:/Juegos/Foundry_daggerheart_git/Foundry-daggerheart/Portable-FoundryVTT-v13.348/App/resources/app/dist/database/backend/server-document.mjs:1:3713)\n    at Function._migrateDocuments (file:///D:/Juegos/Foundry_daggerheart_git/Foundry-daggerheart/Portable-FoundryVTT-v13.348/App/resources/app/dist/database/backend/server-document.mjs:1:2782)","timestamp":"2026-03-09 13:58:38"}
{"level":"error","message":"An error occurred during the migration of Macro record [FUXtgmbsROZ9EZ64] of database \"daggerheart-extra-content.macros\":\nError: Documents from a core version newer than the running version cannot be migrated\n    at Function._migrateRecord (file:///D:/Juegos/Foundry_daggerheart_git/Foundry-daggerheart/Portable-FoundryVTT-v13.348/App/resources/app/dist/database/backend/server-document.mjs:1:3713)\n    at Function._migrateDocuments (file:///D:/Juegos/Foundry_daggerheart_git/Foundry-daggerheart/Portable-FoundryVTT-v13.348/App/resources/app/dist/database/backend/server-document.mjs:1:2782)","timestamp":"2026-03-09 13:58:38"}
{"level":"error","message":"An error occurred during the migration of Macro record [KMIecMvorWDWynzv] of database \"daggerheart-extra-content.macros\":\nError: Documents from a core version newer than the running version cannot be migrated\n    at Function._migrateRecord (file:///D:/Juegos/Foundry_daggerheart_git/Foundry-daggerheart/Portable-FoundryVTT-v13.348/App/resources/app/dist/database/backend/server-document.mjs:1:3713)\n    at Function._migrateDocuments (file:///D:/Juegos/Foundry_daggerheart_git/Foundry-daggerheart/Portable-FoundryVTT-v13.348/App/resources/app/dist/database/backend/server-document.mjs:1:2782)","timestamp":"2026-03-09 13:58:38"}
{"level":"error","message":"An error occurred during the migration of Macro record [MrVaunevxMfD1jiI] of database \"daggerheart-extra-content.macros\":\nError: Documents from a core version newer than the running version cannot be migrated\n    at Function._migrateRecord (file:///D:/Juegos/Foundry_daggerheart_git/Foundry-daggerheart/Portable-FoundryVTT-v13.348/App/resources/app/dist/database/backend/server-document.mjs:1:3713)\n    at Function._migrateDocuments (file:///D:/Juegos/Foundry_daggerheart_git/Foundry-daggerheart/Portable-FoundryVTT-v13.348/App/resources/app/dist/database/backend/server-document.mjs:1:2782)","timestamp":"2026-03-09 13:58:38"}
{"level":"error","message":"An error occurred during the migration of Macro record [f4seowyhjSLdBpIw] of database \"daggerheart-extra-content.macros\":\nError: Documents from a core version newer than the running version cannot be migrated\n    at Function._migrateRecord (file:///D:/Juegos/Foundry_daggerheart_git/Foundry-daggerheart/Portable-FoundryVTT-v13.348/App/resources/app/dist/database/backend/server-document.mjs:1:3713)\n    at Function._migrateDocuments (file:///D:/Juegos/Foundry_daggerheart_git/Foundry-daggerheart/Portable-FoundryVTT-v13.348/App/resources/app/dist/database/backend/server-document.mjs:1:2782)","timestamp":"2026-03-09 13:58:38"}
{"level":"error","message":"An error occurred during the migration of Macro record [lCYBPohT8hPPOpeK] of database \"daggerheart-extra-content.macros\":\nError: Documents from a core version newer than the running version cannot be migrated\n    at Function._migrateRecord (file:///D:/Juegos/Foundry_daggerheart_git/Foundry-daggerheart/Portable-FoundryVTT-v13.348/App/resources/app/dist/database/backend/server-document.mjs:1:3713)\n    at Function._migrateDocuments (file:///D:/Juegos/Foundry_daggerheart_git/Foundry-daggerheart/Portable-FoundryVTT-v13.348/App/resources/app/dist/database/backend/server-document.mjs:1:2782)","timestamp":"2026-03-09 13:58:38"}
{"level":"error","message":"An error occurred during the migration of Macro record [mu2CD5fN0NvxcqYl] of database \"daggerheart-extra-content.macros\":\nError: Documents from a core version newer than the running version cannot be migrated\n    at Function._migrateRecord (file:///D:/Juegos/Foundry_daggerheart_git/Foundry-daggerheart/Portable-FoundryVTT-v13.348/App/resources/app/dist/database/backend/server-document.mjs:1:3713)\n    at Function._migrateDocuments (file:///D:/Juegos/Foundry_daggerheart_git/Foundry-daggerheart/Portable-FoundryVTT-v13.348/App/resources/app/dist/database/backend/server-document.mjs:1:2782)","timestamp":"2026-03-09 13:58:38"}
{"level":"error","message":"An error occurred during the migration of Macro record [zWi79s5QqaZnMMtX] of database \"daggerheart-extra-content.macros\":\nError: Documents from a core version newer than the running version cannot be migrated\n    at Function._migrateRecord (file:///D:/Juegos/Foundry_daggerheart_git/Foundry-daggerheart/Portable-FoundryVTT-v13.348/App/resources/app/dist/database/backend/server-document.mjs:1:3713)\n    at Function._migrateDocuments (file:///D:/Juegos/Foundry_daggerheart_git/Foundry-daggerheart/Portable-FoundryVTT-v13.348/App/resources/app/dist/database/backend/server-document.mjs:1:2782)","timestamp":"2026-03-09 13:58:38"}
{"level":"warn","message":"Database daggerheart-extra-content.macros was not fully migrated due to errors during migration.","timestamp":"2026-03-09 13:58:38"}
{"level":"info","message":"Launching World | Migrating Package Data - 48%","timestamp":"2026-03-09 13:58:38"}
{"level":"info","message":"Launching World | Migrating Package Data - 50%","timestamp":"2026-03-09 13:58:38"}
{"level":"info","message":"Launching World | Migrating Package Data - 53%","timestamp":"2026-03-09 13:58:38"}
{"level":"info","message":"Launching World | Migrating Package Data - 55%","timestamp":"2026-03-09 13:58:38"}
{"level":"info","message":"Launching World | Migrating Package Data - 57%","timestamp":"2026-03-09 13:58:38"}
{"level":"error","message":"An error occurred during the migration of Actor record [2owady11IfU1vset] of database \"daggerheart-extra-content.more-adversaries\":\nError: Documents from a core version newer than the running version cannot be migrated\n    at Function._migrateRecord (file:///D:/Juegos/Foundry_daggerheart_git/Foundry-daggerheart/Portable-FoundryVTT-v13.348/App/resources/app/dist/database/backend/server-document.mjs:1:3713)\n    at Function._migrateDocuments (file:///D:/Juegos/Foundry_daggerheart_git/Foundry-daggerheart/Portable-FoundryVTT-v13.348/App/resources/app/dist/database/backend/server-document.mjs:1:2782)","timestamp":"2026-03-09 13:58:38"}
{"level":"error","message":"An error occurred during the migration of Actor record [3wZn34orKgheuXnE] of database \"daggerheart-extra-content.more-adversaries\":\nError: Documents from a core version newer than the running version cannot be migrated\n    at Function._migrateRecord (file:///D:/Juegos/Foundry_daggerheart_git/Foundry-daggerheart/Portable-FoundryVTT-v13.348/App/resources/app/dist/database/backend/server-document.mjs:1:3713)\n    at Function._migrateDocuments (file:///D:/Juegos/Foundry_daggerheart_git/Foundry-daggerheart/Portable-FoundryVTT-v13.348/App/resources/app/dist/database/backend/server-document.mjs:1:2782)","timestamp":"2026-03-09 13:58:38"}
{"level":"error","message":"An error occurred during the migration of Actor record [4GkDrUgRyp9FHTAN] of database \"daggerheart-extra-content.more-adversaries\":\nError: Documents from a core version newer than the running version cannot be migrated\n    at Function._migrateRecord (file:///D:/Juegos/Foundry_daggerheart_git/Foundry-daggerheart/Portable-FoundryVTT-v13.348/App/resources/app/dist/database/backend/server-document.mjs:1:3713)\n    at Function._migrateDocuments (file:///D:/Juegos/Foundry_daggerheart_git/Foundry-daggerheart/Portable-FoundryVTT-v13.348/App/resources/app/dist/database/backend/server-document.mjs:1:2782)","timestamp":"2026-03-09 13:58:38"}
{"level":"error","message":"An error occurred during the migration of Actor record [6wxPxm4joQnoIjdX] of database \"daggerheart-extra-content.more-adversaries\":\nError: Documents from a core version newer than the running version cannot be migrated\n    at Function._migrateRecord (file:///D:/Juegos/Foundry_daggerheart_git/Foundry-daggerheart/Portable-FoundryVTT-v13.348/App/resources/app/dist/database/backend/server-document.mjs:1:3713)\n    at Function._migrateDocuments (file:///D:/Juegos/Foundry_daggerheart_git/Foundry-daggerheart/Portable-FoundryVTT-v13.348/App/resources/app/dist/database/backend/server-document.mjs:1:2782)","timestamp":"2026-03-09 13:58:38"}
{"level":"error","message":"An error occurred during the migration of Actor record [CBjyTRc9xNjmDAM4] of database \"daggerheart-extra-content.more-adversaries\":\nError: Documents from a core version newer than the running version cannot be migrated\n    at Function._migrateRecord (file:///D:/Juegos/Foundry_daggerheart_git/Foundry-daggerheart/Portable-FoundryVTT-v13.348/App/resources/app/dist/database/backend/server-document.mjs:1:3713)\n    at Function._migrateDocuments (file:///D:/Juegos/Foundry_daggerheart_git/Foundry-daggerheart/Portable-FoundryVTT-v13.348/App/resources/app/dist/database/backend/server-document.mjs:1:2782)","timestamp":"2026-03-09 13:58:38"}
{"level":"error","message":"An error occurred during the migration of Actor record [D2mYxxduZN4h55cD] of database \"daggerheart-extra-content.more-adversaries\":\nError: Documents from a core version newer than the running version cannot be migrated\n    at Function._migrateRecord (file:///D:/Juegos/Foundry_daggerheart_git/Foundry-daggerheart/Portable-FoundryVTT-v13.348/App/resources/app/dist/database/backend/server-document.mjs:1:3713)\n    at Function._migrateDocuments (file:///D:/Juegos/Foundry_daggerheart_git/Foundry-daggerheart/Portable-FoundryVTT-v13.348/App/resources/app/dist/database/backend/server-document.mjs:1:2782)","timestamp":"2026-03-09 13:58:38"}
{"level":"error","message":"An error occurred during the migration of Actor record [GZeCYbWDzYS2iCF9] of database \"daggerheart-extra-content.more-adversaries\":\nError: Documents from a core version newer than the running version cannot be migrated\n    at Function._migrateRecord (file:///D:/Juegos/Foundry_daggerheart_git/Foundry-daggerheart/Portable-FoundryVTT-v13.348/App/resources/app/dist/database/backend/server-document.mjs:1:3713)\n    at Function._migrateDocuments (file:///D:/Juegos/Foundry_daggerheart_git/Foundry-daggerheart/Portable-FoundryVTT-v13.348/App/resources/app/dist/database/backend/server-document.mjs:1:2782)","timestamp":"2026-03-09 13:58:38"}
{"level":"error","message":"An error occurred during the migration of Actor record [HFoDDFrRRoLOx6rS] of database \"daggerheart-extra-content.more-adversaries\":\nError: Documents from a core version newer than the running version cannot be migrated\n    at Function._migrateRecord (file:///D:/Juegos/Foundry_daggerheart_git/Foundry-daggerheart/Portable-FoundryVTT-v13.348/App/resources/app/dist/database/backend/server-document.mjs:1:3713)\n    at Function._migrateDocuments (file:///D:/Juegos/Foundry_daggerheart_git/Foundry-daggerheart/Portable-FoundryVTT-v13.348/App/resources/app/dist/database/backend/server-document.mjs:1:2782)","timestamp":"2026-03-09 13:58:38"}
{"level":"error","message":"An error occurred during the migration of Actor record [Je6XBGhfDKSY3DEk] of database \"daggerheart-extra-content.more-adversaries\":\nError: Documents from a core version newer than the running version cannot be migrated\n    at Function._migrateRecord (file:///D:/Juegos/Foundry_daggerheart_git/Foundry-daggerheart/Portable-FoundryVTT-v13.348/App/resources/app/dist/database/backend/server-document.mjs:1:3713)\n    at Function._migrateDocuments (file:///D:/Juegos/Foundry_daggerheart_git/Foundry-daggerheart/Portable-FoundryVTT-v13.348/App/resources/app/dist/database/backend/server-document.mjs:1:2782)","timestamp":"2026-03-09 13:58:38"}
{"level":"error","message":"An error occurred during the migration of Actor record [RIpmM1hiW9aRSlR5] of database \"daggerheart-extra-content.more-adversaries\":\nError: Documents from a core version newer than the running version cannot be migrated\n    at Function._migrateRecord (file:///D:/Juegos/Foundry_daggerheart_git/Foundry-daggerheart/Portable-FoundryVTT-v13.348/App/resources/app/dist/database/backend/server-document.mjs:1:3713)\n    at Function._migrateDocuments (file:///D:/Juegos/Foundry_daggerheart_git/Foundry-daggerheart/Portable-FoundryVTT-v13.348/App/resources/app/dist/database/backend/server-document.mjs:1:2782)","timestamp":"2026-03-09 13:58:38"}
{"level":"error","message":"An error occurred during the migration of Actor record [RlIaKDY410J1Braw] of database \"daggerheart-extra-content.more-adversaries\":\nError: Documents from a core version newer than the running version cannot be migrated\n    at Function._migrateRecord (file:///D:/Juegos/Foundry_daggerheart_git/Foundry-daggerheart/Portable-FoundryVTT-v13.348/App/resources/app/dist/database/backend/server-document.mjs:1:3713)\n    at Function._migrateDocuments (file:///D:/Juegos/Foundry_daggerheart_git/Foundry-daggerheart/Portable-FoundryVTT-v13.348/App/resources/app/dist/database/backend/server-document.mjs:1:2782)","timestamp":"2026-03-09 13:58:38"}
{"level":"error","message":"An error occurred during the migration of Actor record [Uu7RvfCQnjz6CNhI] of database \"daggerheart-extra-content.more-adversaries\":\nError: Documents from a core version newer than the running version cannot be migrated\n    at Function._migrateRecord (file:///D:/Juegos/Foundry_daggerheart_git/Foundry-daggerheart/Portable-FoundryVTT-v13.348/App/resources/app/dist/database/backend/server-document.mjs:1:3713)\n    at Function._migrateDocuments (file:///D:/Juegos/Foundry_daggerheart_git/Foundry-daggerheart/Portable-FoundryVTT-v13.348/App/resources/app/dist/database/backend/server-document.mjs:1:2782)","timestamp":"2026-03-09 13:58:38"}
{"level":"error","message":"An error occurred during the migration of Actor record [dz7P6qQlXyDH34fj] of database \"daggerheart-extra-content.more-adversaries\":\nError: Documents from a core version newer than the running version cannot be migrated\n    at Function._migrateRecord (file:///D:/Juegos/Foundry_daggerheart_git/Foundry-daggerheart/Portable-FoundryVTT-v13.348/App/resources/app/dist/database/backend/server-document.mjs:1:3713)\n    at Function._migrateDocuments (file:///D:/Juegos/Foundry_daggerheart_git/Foundry-daggerheart/Portable-FoundryVTT-v13.348/App/resources/app/dist/database/backend/server-document.mjs:1:2782)","timestamp":"2026-03-09 13:58:38"}
{"level":"error","message":"An error occurred during the migration of Actor record [eQ87jrVECayfpio3] of database \"daggerheart-extra-content.more-adversaries\":\nError: Documents from a core version newer than the running version cannot be migrated\n    at Function._migrateRecord (file:///D:/Juegos/Foundry_daggerheart_git/Foundry-daggerheart/Portable-FoundryVTT-v13.348/App/resources/app/dist/database/backend/server-document.mjs:1:3713)\n    at Function._migrateDocuments (file:///D:/Juegos/Foundry_daggerheart_git/Foundry-daggerheart/Portable-FoundryVTT-v13.348/App/resources/app/dist/database/backend/server-document.mjs:1:2782)","timestamp":"2026-03-09 13:58:38"}
{"level":"error","message":"An error occurred during the migration of Actor record [f7a0iCjxLOcnoOry] of database \"daggerheart-extra-content.more-adversaries\":\nError: Documents from a core version newer than the running version cannot be migrated\n    at Function._migrateRecord (file:///D:/Juegos/Foundry_daggerheart_git/Foundry-daggerheart/Portable-FoundryVTT-v13.348/App/resources/app/dist/database/backend/server-document.mjs:1:3713)\n    at Function._migrateDocuments (file:///D:/Juegos/Foundry_daggerheart_git/Foundry-daggerheart/Portable-FoundryVTT-v13.348/App/resources/app/dist/database/backend/server-document.mjs:1:2782)","timestamp":"2026-03-09 13:58:38"}
{"level":"error","message":"An error occurred during the migration of Actor record [j0ncG4oNxG6c7CoZ] of database \"daggerheart-extra-content.more-adversaries\":\nError: Documents from a core version newer than the running version cannot be migrated\n    at Function._migrateRecord (file:///D:/Juegos/Foundry_daggerheart_git/Foundry-daggerheart/Portable-FoundryVTT-v13.348/App/resources/app/dist/database/backend/server-document.mjs:1:3713)\n    at Function._migrateDocuments (file:///D:/Juegos/Foundry_daggerheart_git/Foundry-daggerheart/Portable-FoundryVTT-v13.348/App/resources/app/dist/database/backend/server-document.mjs:1:2782)","timestamp":"2026-03-09 13:58:38"}
{"level":"error","message":"An error occurred during the migration of Actor record [n7SBEHvb48tFamKO] of database \"daggerheart-extra-content.more-adversaries\":\nError: Documents from a core version newer than the running version cannot be migrated\n    at Function._migrateRecord (file:///D:/Juegos/Foundry_daggerheart_git/Foundry-daggerheart/Portable-FoundryVTT-v13.348/App/resources/app/dist/database/backend/server-document.mjs:1:3713)\n    at Function._migrateDocuments (file:///D:/Juegos/Foundry_daggerheart_git/Foundry-daggerheart/Portable-FoundryVTT-v13.348/App/resources/app/dist/database/backend/server-document.mjs:1:2782)","timestamp":"2026-03-09 13:58:38"}
{"level":"error","message":"An error occurred during the migration of Actor record [p7LYTbyuPUNisLQ5] of database \"daggerheart-extra-content.more-adversaries\":\nError: Documents from a core version newer than the running version cannot be migrated\n    at Function._migrateRecord (file:///D:/Juegos/Foundry_daggerheart_git/Foundry-daggerheart/Portable-FoundryVTT-v13.348/App/resources/app/dist/database/backend/server-document.mjs:1:3713)\n    at Function._migrateDocuments (file:///D:/Juegos/Foundry_daggerheart_git/Foundry-daggerheart/Portable-FoundryVTT-v13.348/App/resources/app/dist/database/backend/server-document.mjs:1:2782)","timestamp":"2026-03-09 13:58:38"}
{"level":"error","message":"An error occurred during the migration of Actor record [pCEWxOqd7C0B9DxO] of database \"daggerheart-extra-content.more-adversaries\":\nError: Documents from a core version newer than the running version cannot be migrated\n    at Function._migrateRecord (file:///D:/Juegos/Foundry_daggerheart_git/Foundry-daggerheart/Portable-FoundryVTT-v13.348/App/resources/app/dist/database/backend/server-document.mjs:1:3713)\n    at Function._migrateDocuments (file:///D:/Juegos/Foundry_daggerheart_git/Foundry-daggerheart/Portable-FoundryVTT-v13.348/App/resources/app/dist/database/backend/server-document.mjs:1:2782)","timestamp":"2026-03-09 13:58:38"}
{"level":"error","message":"An error occurred during the migration of Actor record [pCkMBn3zgF4WA1zz] of database \"daggerheart-extra-content.more-adversaries\":\nError: Documents from a core version newer than the running version cannot be migrated\n    at Function._migrateRecord (file:///D:/Juegos/Foundry_daggerheart_git/Foundry-daggerheart/Portable-FoundryVTT-v13.348/App/resources/app/dist/database/backend/server-document.mjs:1:3713)\n    at Function._migrateDocuments (file:///D:/Juegos/Foundry_daggerheart_git/Foundry-daggerheart/Portable-FoundryVTT-v13.348/App/resources/app/dist/database/backend/server-document.mjs:1:2782)","timestamp":"2026-03-09 13:58:38"}
{"level":"error","message":"An error occurred during the migration of Actor record [sEtsUW24RgFB83TQ] of database \"daggerheart-extra-content.more-adversaries\":\nError: Documents from a core version newer than the running version cannot be migrated\n    at Function._migrateRecord (file:///D:/Juegos/Foundry_daggerheart_git/Foundry-daggerheart/Portable-FoundryVTT-v13.348/App/resources/app/dist/database/backend/server-document.mjs:1:3713)\n    at Function._migrateDocuments (file:///D:/Juegos/Foundry_daggerheart_git/Foundry-daggerheart/Portable-FoundryVTT-v13.348/App/resources/app/dist/database/backend/server-document.mjs:1:2782)","timestamp":"2026-03-09 13:58:38"}
{"level":"error","message":"An error occurred during the migration of Actor record [sKqhR4Gzsc953DBq] of database \"daggerheart-extra-content.more-adversaries\":\nError: Documents from a core version newer than the running version cannot be migrated\n    at Function._migrateRecord (file:///D:/Juegos/Foundry_daggerheart_git/Foundry-daggerheart/Portable-FoundryVTT-v13.348/App/resources/app/dist/database/backend/server-document.mjs:1:3713)\n    at Function._migrateDocuments (file:///D:/Juegos/Foundry_daggerheart_git/Foundry-daggerheart/Portable-FoundryVTT-v13.348/App/resources/app/dist/database/backend/server-document.mjs:1:2782)","timestamp":"2026-03-09 13:58:38"}
{"level":"warn","message":"Database daggerheart-extra-content.more-adversaries was not fully migrated due to errors during migration.","timestamp":"2026-03-09 13:58:38"}
{"level":"info","message":"Launching World | Migrating Package Data - 60%","timestamp":"2026-03-09 13:58:38"}
{"level":"info","message":"Launching World | Migrating Package Data - 63%","timestamp":"2026-03-09 13:58:38"}
{"level":"info","message":"Launching World | Migrating Package Data - 65%","timestamp":"2026-03-09 13:58:38"}
{"level":"error","message":"An error occurred during the migration of Item record [04I86qVoEQ310sCR] of database \"daggerheart-extra-content.ancestry\":\nError: Documents from a core version newer than the running version cannot be migrated\n    at Function._migrateRecord (file:///D:/Juegos/Foundry_daggerheart_git/Foundry-daggerheart/Portable-FoundryVTT-v13.348/App/resources/app/dist/database/backend/server-document.mjs:1:3713)\n    at Function._migrateDocuments (file:///D:/Juegos/Foundry_daggerheart_git/Foundry-daggerheart/Portable-FoundryVTT-v13.348/App/resources/app/dist/database/backend/server-document.mjs:1:2782)","timestamp":"2026-03-09 13:58:38"}
{"level":"error","message":"An error occurred during the migration of Item record [2zyMaehKcKOEGM4E] of database \"daggerheart-extra-content.ancestry\":\nError: Documents from a core version newer than the running version cannot be migrated\n    at Function._migrateRecord (file:///D:/Juegos/Foundry_daggerheart_git/Foundry-daggerheart/Portable-FoundryVTT-v13.348/App/resources/app/dist/database/backend/server-document.mjs:1:3713)\n    at Function._migrateDocuments (file:///D:/Juegos/Foundry_daggerheart_git/Foundry-daggerheart/Portable-FoundryVTT-v13.348/App/resources/app/dist/database/backend/server-document.mjs:1:2782)","timestamp":"2026-03-09 13:58:38"}
{"level":"error","message":"An error occurred during the migration of Item record [Fc3hqveUPZNSVSk7] of database \"daggerheart-extra-content.ancestry\":\nError: Documents from a core version newer than the running version cannot be migrated\n    at Function._migrateRecord (file:///D:/Juegos/Foundry_daggerheart_git/Foundry-daggerheart/Portable-FoundryVTT-v13.348/App/resources/app/dist/database/backend/server-document.mjs:1:3713)\n    at Function._migrateDocuments (file:///D:/Juegos/Foundry_daggerheart_git/Foundry-daggerheart/Portable-FoundryVTT-v13.348/App/resources/app/dist/database/backend/server-document.mjs:1:2782)","timestamp":"2026-03-09 13:58:38"}
{"level":"error","message":"An error occurred during the migration of Item record [QbBbdOgrtxEIWQHB] of database \"daggerheart-extra-content.ancestry\":\nError: Documents from a core version newer than the running version cannot be migrated\n    at Function._migrateRecord (file:///D:/Juegos/Foundry_daggerheart_git/Foundry-daggerheart/Portable-FoundryVTT-v13.348/App/resources/app/dist/database/backend/server-document.mjs:1:3713)\n    at Function._migrateDocuments (file:///D:/Juegos/Foundry_daggerheart_git/Foundry-daggerheart/Portable-FoundryVTT-v13.348/App/resources/app/dist/database/backend/server-document.mjs:1:2782)","timestamp":"2026-03-09 13:58:38"}
{"level":"error","message":"An error occurred during the migration of Item record [WOHi9gvF8Ha10EnF] of database \"daggerheart-extra-content.ancestry\":\nError: Documents from a core version newer than the running version cannot be migrated\n    at Function._migrateRecord (file:///D:/Juegos/Foundry_daggerheart_git/Foundry-daggerheart/Portable-FoundryVTT-v13.348/App/resources/app/dist/database/backend/server-document.mjs:1:3713)\n    at Function._migrateDocuments (file:///D:/Juegos/Foundry_daggerheart_git/Foundry-daggerheart/Portable-FoundryVTT-v13.348/App/resources/app/dist/database/backend/server-document.mjs:1:2782)","timestamp":"2026-03-09 13:58:38"}
{"level":"error","message":"An error occurred during the migration of Item record [jP4n9wzq0wvfxULo] of database \"daggerheart-extra-content.ancestry\":\nError: Documents from a core version newer than the running version cannot be migrated\n    at Function._migrateRecord (file:///D:/Juegos/Foundry_daggerheart_git/Foundry-daggerheart/Portable-FoundryVTT-v13.348/App/resources/app/dist/database/backend/server-document.mjs:1:3713)\n    at Function._migrateDocuments (file:///D:/Juegos/Foundry_daggerheart_git/Foundry-daggerheart/Portable-FoundryVTT-v13.348/App/resources/app/dist/database/backend/server-document.mjs:1:2782)","timestamp":"2026-03-09 13:58:38"}
{"level":"error","message":"An error occurred during the migration of Item record [pjtNmhoBNxjrzRPk] of database \"daggerheart-extra-content.ancestry\":\nError: Documents from a core version newer than the running version cannot be migrated\n    at Function._migrateRecord (file:///D:/Juegos/Foundry_daggerheart_git/Foundry-daggerheart/Portable-FoundryVTT-v13.348/App/resources/app/dist/database/backend/server-document.mjs:1:3713)\n    at Function._migrateDocuments (file:///D:/Juegos/Foundry_daggerheart_git/Foundry-daggerheart/Portable-FoundryVTT-v13.348/App/resources/app/dist/database/backend/server-document.mjs:1:2782)","timestamp":"2026-03-09 13:58:38"}
{"level":"error","message":"An error occurred during the migration of Item record [vWfsYRjrKPUne2nZ] of database \"daggerheart-extra-content.ancestry\":\nError: Documents from a core version newer than the running version cannot be migrated\n    at Function._migrateRecord (file:///D:/Juegos/Foundry_daggerheart_git/Foundry-daggerheart/Portable-FoundryVTT-v13.348/App/resources/app/dist/database/backend/server-document.mjs:1:3713)\n    at Function._migrateDocuments (file:///D:/Juegos/Foundry_daggerheart_git/Foundry-daggerheart/Portable-FoundryVTT-v13.348/App/resources/app/dist/database/backend/server-document.mjs:1:2782)","timestamp":"2026-03-09 13:58:38"}
{"level":"error","message":"An error occurred during the migration of Item record [y4tOp4lUYpyC7YJW] of database \"daggerheart-extra-content.ancestry\":\nError: Documents from a core version newer than the running version cannot be migrated\n    at Function._migrateRecord (file:///D:/Juegos/Foundry_daggerheart_git/Foundry-daggerheart/Portable-FoundryVTT-v13.348/App/resources/app/dist/database/backend/server-document.mjs:1:3713)\n    at Function._migrateDocuments (file:///D:/Juegos/Foundry_daggerheart_git/Foundry-daggerheart/Portable-FoundryVTT-v13.348/App/resources/app/dist/database/backend/server-document.mjs:1:2782)","timestamp":"2026-03-09 13:58:38"}
{"level":"warn","message":"Database daggerheart-extra-content.ancestry was not fully migrated due to errors during migration.","timestamp":"2026-03-09 13:58:38"}
{"level":"info","message":"Launching World | Migrating Package Data - 68%","timestamp":"2026-03-09 13:58:38"}
{"level":"info","message":"Launching World | Migrating Package Data - 70%","timestamp":"2026-03-09 13:58:38"}
{"level":"error","message":"An error occurred during the migration of Item record [8D0NQR901j0Kx0zb] of database \"daggerheart-extra-content.classes\":\nError: Documents from a core version newer than the running version cannot be migrated\n    at Function._migrateRecord (file:///D:/Juegos/Foundry_daggerheart_git/Foundry-daggerheart/Portable-FoundryVTT-v13.348/App/resources/app/dist/database/backend/server-document.mjs:1:3713)\n    at Function._migrateDocuments (file:///D:/Juegos/Foundry_daggerheart_git/Foundry-daggerheart/Portable-FoundryVTT-v13.348/App/resources/app/dist/database/backend/server-document.mjs:1:2782)","timestamp":"2026-03-09 13:58:38"}
{"level":"error","message":"An error occurred during the migration of Item record [B90E3nk0uBeZpPw8] of database \"daggerheart-extra-content.classes\":\nError: Documents from a core version newer than the running version cannot be migrated\n    at Function._migrateRecord (file:///D:/Juegos/Foundry_daggerheart_git/Foundry-daggerheart/Portable-FoundryVTT-v13.348/App/resources/app/dist/database/backend/server-document.mjs:1:3713)\n    at Function._migrateDocuments (file:///D:/Juegos/Foundry_daggerheart_git/Foundry-daggerheart/Portable-FoundryVTT-v13.348/App/resources/app/dist/database/backend/server-document.mjs:1:2782)","timestamp":"2026-03-09 13:58:38"}
{"level":"error","message":"An error occurred during the migration of Item record [E5d3CnR98vEXt8QS] of database \"daggerheart-extra-content.classes\":\nError: Documents from a core version newer than the running version cannot be migrated\n    at Function._migrateRecord (file:///D:/Juegos/Foundry_daggerheart_git/Foundry-daggerheart/Portable-FoundryVTT-v13.348/App/resources/app/dist/database/backend/server-document.mjs:1:3713)\n    at Function._migrateDocuments (file:///D:/Juegos/Foundry_daggerheart_git/Foundry-daggerheart/Portable-FoundryVTT-v13.348/App/resources/app/dist/database/backend/server-document.mjs:1:2782)","timestamp":"2026-03-09 13:58:38"}
{"level":"error","message":"An error occurred during the migration of Item record [EcUepPeaFQz7tnme] of database \"daggerheart-extra-content.classes\":\nError: Documents from a core version newer than the running version cannot be migrated\n    at Function._migrateRecord (file:///D:/Juegos/Foundry_daggerheart_git/Foundry-daggerheart/Portable-FoundryVTT-v13.348/App/resources/app/dist/database/backend/server-document.mjs:1:3713)\n    at Function._migrateDocuments (file:///D:/Juegos/Foundry_daggerheart_git/Foundry-daggerheart/Portable-FoundryVTT-v13.348/App/resources/app/dist/database/backend/server-document.mjs:1:2782)","timestamp":"2026-03-09 13:58:38"}
{"level":"error","message":"An error occurred during the migration of Item record [MAT6l8tUvELiLK4L] of database \"daggerheart-extra-content.classes\":\nError: Documents from a core version newer than the running version cannot be migrated\n    at Function._migrateRecord (file:///D:/Juegos/Foundry_daggerheart_git/Foundry-daggerheart/Portable-FoundryVTT-v13.348/App/resources/app/dist/database/backend/server-document.mjs:1:3713)\n    at Function._migrateDocuments (file:///D:/Juegos/Foundry_daggerheart_git/Foundry-daggerheart/Portable-FoundryVTT-v13.348/App/resources/app/dist/database/backend/server-document.mjs:1:2782)","timestamp":"2026-03-09 13:58:38"}
{"level":"error","message":"An error occurred during the migration of Item record [N4mXcAWdpFYJdWZn] of database \"daggerheart-extra-content.classes\":\nError: Documents from a core version newer than the running version cannot be migrated\n    at Function._migrateRecord (file:///D:/Juegos/Foundry_daggerheart_git/Foundry-daggerheart/Portable-FoundryVTT-v13.348/App/resources/app/dist/database/backend/server-document.mjs:1:3713)\n    at Function._migrateDocuments (file:///D:/Juegos/Foundry_daggerheart_git/Foundry-daggerheart/Portable-FoundryVTT-v13.348/App/resources/app/dist/database/backend/server-document.mjs:1:2782)","timestamp":"2026-03-09 13:58:38"}
{"level":"error","message":"An error occurred during the migration of Item record [g01PAvRJsgiUHpnD] of database \"daggerheart-extra-content.classes\":\nError: Documents from a core version newer than the running version cannot be migrated\n    at Function._migrateRecord (file:///D:/Juegos/Foundry_daggerheart_git/Foundry-daggerheart/Portable-FoundryVTT-v13.348/App/resources/app/dist/database/backend/server-document.mjs:1:3713)\n    at Function._migrateDocuments (file:///D:/Juegos/Foundry_daggerheart_git/Foundry-daggerheart/Portable-FoundryVTT-v13.348/App/resources/app/dist/database/backend/server-document.mjs:1:2782)","timestamp":"2026-03-09 13:58:38"}
{"level":"error","message":"An error occurred during the migration of Item record [hXehaNaOdYzSJqxf] of database \"daggerheart-extra-content.classes\":\nError: Documents from a core version newer than the running version cannot be migrated\n    at Function._migrateRecord (file:///D:/Juegos/Foundry_daggerheart_git/Foundry-daggerheart/Portable-FoundryVTT-v13.348/App/resources/app/dist/database/backend/server-document.mjs:1:3713)\n    at Function._migrateDocuments (file:///D:/Juegos/Foundry_daggerheart_git/Foundry-daggerheart/Portable-FoundryVTT-v13.348/App/resources/app/dist/database/backend/server-document.mjs:1:2782)","timestamp":"2026-03-09 13:58:38"}
{"level":"error","message":"An error occurred during the migration of Item record [k4NTq8kIqQNNv9bl] of database \"daggerheart-extra-content.classes\":\nError: Documents from a core version newer than the running version cannot be migrated\n    at Function._migrateRecord (file:///D:/Juegos/Foundry_daggerheart_git/Foundry-daggerheart/Portable-FoundryVTT-v13.348/App/resources/app/dist/database/backend/server-document.mjs:1:3713)\n    at Function._migrateDocuments (file:///D:/Juegos/Foundry_daggerheart_git/Foundry-daggerheart/Portable-FoundryVTT-v13.348/App/resources/app/dist/database/backend/server-document.mjs:1:2782)","timestamp":"2026-03-09 13:58:38"}
{"level":"error","message":"An error occurred during the migration of Item record [m0xIb9uq6tlZdsoz] of database \"daggerheart-extra-content.classes\":\nError: Documents from a core version newer than the running version cannot be migrated\n    at Function._migrateRecord (file:///D:/Juegos/Foundry_daggerheart_git/Foundry-daggerheart/Portable-FoundryVTT-v13.348/App/resources/app/dist/database/backend/server-document.mjs:1:3713)\n    at Function._migrateDocuments (file:///D:/Juegos/Foundry_daggerheart_git/Foundry-daggerheart/Portable-FoundryVTT-v13.348/App/resources/app/dist/database/backend/server-document.mjs:1:2782)","timestamp":"2026-03-09 13:58:38"}
{"level":"error","message":"An error occurred during the migration of Item record [mYoYtle6DKA0UwQd] of database \"daggerheart-extra-content.classes\":\nError: Documents from a core version newer than the running version cannot be migrated\n    at Function._migrateRecord (file:///D:/Juegos/Foundry_daggerheart_git/Foundry-daggerheart/Portable-FoundryVTT-v13.348/App/resources/app/dist/database/backend/server-document.mjs:1:3713)\n    at Function._migrateDocuments (file:///D:/Juegos/Foundry_daggerheart_git/Foundry-daggerheart/Portable-FoundryVTT-v13.348/App/resources/app/dist/database/backend/server-document.mjs:1:2782)","timestamp":"2026-03-09 13:58:38"}
{"level":"error","message":"An error occurred during the migration of Item record [xGemeGMXhosaM22K] of database \"daggerheart-extra-content.classes\":\nError: Documents from a core version newer than the running version cannot be migrated\n    at Function._migrateRecord (file:///D:/Juegos/Foundry_daggerheart_git/Foundry-daggerheart/Portable-FoundryVTT-v13.348/App/resources/app/dist/database/backend/server-document.mjs:1:3713)\n    at Function._migrateDocuments (file:///D:/Juegos/Foundry_daggerheart_git/Foundry-daggerheart/Portable-FoundryVTT-v13.348/App/resources/app/dist/database/backend/server-document.mjs:1:2782)","timestamp":"2026-03-09 13:58:38"}
{"level":"error","message":"An error occurred during the migration of Item record [zzaKRTPuYEahfilp] of database \"daggerheart-extra-content.classes\":\nError: Documents from a core version newer than the running version cannot be migrated\n    at Function._migrateRecord (file:///D:/Juegos/Foundry_daggerheart_git/Foundry-daggerheart/Portable-FoundryVTT-v13.348/App/resources/app/dist/database/backend/server-document.mjs:1:3713)\n    at Function._migrateDocuments (file:///D:/Juegos/Foundry_daggerheart_git/Foundry-daggerheart/Portable-FoundryVTT-v13.348/App/resources/app/dist/database/backend/server-document.mjs:1:2782)","timestamp":"2026-03-09 13:58:38"}
{"level":"warn","message":"Database daggerheart-extra-content.classes was not fully migrated due to errors during migration.","timestamp":"2026-03-09 13:58:38"}
{"level":"info","message":"Launching World | Migrating Package Data - 73%","timestamp":"2026-03-09 13:58:38"}
{"level":"error","message":"An error occurred during the migration of Item record [0YAGrauVMvqpHUou] of database \"daggerheart-extra-content.subclasses\":\nError: Documents from a core version newer than the running version cannot be migrated\n    at Function._migrateRecord (file:///D:/Juegos/Foundry_daggerheart_git/Foundry-daggerheart/Portable-FoundryVTT-v13.348/App/resources/app/dist/database/backend/server-document.mjs:1:3713)\n    at Function._migrateDocuments (file:///D:/Juegos/Foundry_daggerheart_git/Foundry-daggerheart/Portable-FoundryVTT-v13.348/App/resources/app/dist/database/backend/server-document.mjs:1:2782)","timestamp":"2026-03-09 13:58:38"}
{"level":"error","message":"An error occurred during the migration of Item record [1vMdJBGISqJYzAA8] of database \"daggerheart-extra-content.subclasses\":\nError: Documents from a core version newer than the running version cannot be migrated\n    at Function._migrateRecord (file:///D:/Juegos/Foundry_daggerheart_git/Foundry-daggerheart/Portable-FoundryVTT-v13.348/App/resources/app/dist/database/backend/server-document.mjs:1:3713)\n    at Function._migrateDocuments (file:///D:/Juegos/Foundry_daggerheart_git/Foundry-daggerheart/Portable-FoundryVTT-v13.348/App/resources/app/dist/database/backend/server-document.mjs:1:2782)","timestamp":"2026-03-09 13:58:38"}
{"level":"error","message":"An error occurred during the migration of Item record [48oK5ke7KNhEoSBK] of database \"daggerheart-extra-content.subclasses\":\nError: Documents from a core version newer than the running version cannot be migrated\n    at Function._migrateRecord (file:///D:/Juegos/Foundry_daggerheart_git/Foundry-daggerheart/Portable-FoundryVTT-v13.348/App/resources/app/dist/database/backend/server-document.mjs:1:3713)\n    at Function._migrateDocuments (file:///D:/Juegos/Foundry_daggerheart_git/Foundry-daggerheart/Portable-FoundryVTT-v13.348/App/resources/app/dist/database/backend/server-document.mjs:1:2782)","timestamp":"2026-03-09 13:58:38"}
{"level":"error","message":"An error occurred during the migration of Item record [DeyoqbkHGP5Zm5bb] of database \"daggerheart-extra-content.subclasses\":\nError: Documents from a core version newer than the running version cannot be migrated\n    at Function._migrateRecord (file:///D:/Juegos/Foundry_daggerheart_git/Foundry-daggerheart/Portable-FoundryVTT-v13.348/App/resources/app/dist/database/backend/server-document.mjs:1:3713)\n    at Function._migrateDocuments (file:///D:/Juegos/Foundry_daggerheart_git/Foundry-daggerheart/Portable-FoundryVTT-v13.348/App/resources/app/dist/database/backend/server-document.mjs:1:2782)","timestamp":"2026-03-09 13:58:38"}
{"level":"error","message":"An error occurred during the migration of Item record [HQmOhlvOcO5GjiRG] of database \"daggerheart-extra-content.subclasses\":\nError: Documents from a core version newer than the running version cannot be migrated\n    at Function._migrateRecord (file:///D:/Juegos/Foundry_daggerheart_git/Foundry-daggerheart/Portable-FoundryVTT-v13.348/App/resources/app/dist/database/backend/server-document.mjs:1:3713)\n    at Function._migrateDocuments (file:///D:/Juegos/Foundry_daggerheart_git/Foundry-daggerheart/Portable-FoundryVTT-v13.348/App/resources/app/dist/database/backend/server-document.mjs:1:2782)","timestamp":"2026-03-09 13:58:38"}
{"level":"error","message":"An error occurred during the migration of Item record [LCqFlGKsObwYDIEm] of database \"daggerheart-extra-content.subclasses\":\nError: Documents from a core version newer than the running version cannot be migrated\n    at Function._migrateRecord (file:///D:/Juegos/Foundry_daggerheart_git/Foundry-daggerheart/Portable-FoundryVTT-v13.348/App/resources/app/dist/database/backend/server-document.mjs:1:3713)\n    at Function._migrateDocuments (file:///D:/Juegos/Foundry_daggerheart_git/Foundry-daggerheart/Portable-FoundryVTT-v13.348/App/resources/app/dist/database/backend/server-document.mjs:1:2782)","timestamp":"2026-03-09 13:58:38"}
{"level":"error","message":"An error occurred during the migration of Item record [ThjRka7o73hN3p0B] of database \"daggerheart-extra-content.subclasses\":\nError: Documents from a core version newer than the running version cannot be migrated\n    at Function._migrateRecord (file:///D:/Juegos/Foundry_daggerheart_git/Foundry-daggerheart/Portable-FoundryVTT-v13.348/App/resources/app/dist/database/backend/server-document.mjs:1:3713)\n    at Function._migrateDocuments (file:///D:/Juegos/Foundry_daggerheart_git/Foundry-daggerheart/Portable-FoundryVTT-v13.348/App/resources/app/dist/database/backend/server-document.mjs:1:2782)","timestamp":"2026-03-09 13:58:38"}
{"level":"error","message":"An error occurred during the migration of Item record [UOiFsix0pZrccp1y] of database \"daggerheart-extra-content.subclasses\":\nError: Documents from a core version newer than the running version cannot be migrated\n    at Function._migrateRecord (file:///D:/Juegos/Foundry_daggerheart_git/Foundry-daggerheart/Portable-FoundryVTT-v13.348/App/resources/app/dist/database/backend/server-document.mjs:1:3713)\n    at Function._migrateDocuments (file:///D:/Juegos/Foundry_daggerheart_git/Foundry-daggerheart/Portable-FoundryVTT-v13.348/App/resources/app/dist/database/backend/server-document.mjs:1:2782)","timestamp":"2026-03-09 13:58:38"}
{"level":"error","message":"An error occurred during the migration of Item record [YtPj46QA47slm76U] of database \"daggerheart-extra-content.subclasses\":\nError: Documents from a core version newer than the running version cannot be migrated\n    at Function._migrateRecord (file:///D:/Juegos/Foundry_daggerheart_git/Foundry-daggerheart/Portable-FoundryVTT-v13.348/App/resources/app/dist/database/backend/server-document.mjs:1:3713)\n    at Function._migrateDocuments (file:///D:/Juegos/Foundry_daggerheart_git/Foundry-daggerheart/Portable-FoundryVTT-v13.348/App/resources/app/dist/database/backend/server-document.mjs:1:2782)","timestamp":"2026-03-09 13:58:38"}
{"level":"error","message":"An error occurred during the migration of Item record [Z2oD6qtFjxzDYqWV] of database \"daggerheart-extra-content.subclasses\":\nError: Documents from a core version newer than the running version cannot be migrated\n    at Function._migrateRecord (file:///D:/Juegos/Foundry_daggerheart_git/Foundry-daggerheart/Portable-FoundryVTT-v13.348/App/resources/app/dist/database/backend/server-document.mjs:1:3713)\n    at Function._migrateDocuments (file:///D:/Juegos/Foundry_daggerheart_git/Foundry-daggerheart/Portable-FoundryVTT-v13.348/App/resources/app/dist/database/backend/server-document.mjs:1:2782)","timestamp":"2026-03-09 13:58:38"}
{"level":"error","message":"An error occurred during the migration of Item record [aKNaVPnQeDzCZl6w] of database \"daggerheart-extra-content.subclasses\":\nError: Documents from a core version newer than the running version cannot be migrated\n    at Function._migrateRecord (file:///D:/Juegos/Foundry_daggerheart_git/Foundry-daggerheart/Portable-FoundryVTT-v13.348/App/resources/app/dist/database/backend/server-document.mjs:1:3713)\n    at Function._migrateDocuments (file:///D:/Juegos/Foundry_daggerheart_git/Foundry-daggerheart/Portable-FoundryVTT-v13.348/App/resources/app/dist/database/backend/server-document.mjs:1:2782)","timestamp":"2026-03-09 13:58:38"}
{"level":"error","message":"An error occurred during the migration of Item record [bQMybQa340rpMCR8] of database \"daggerheart-extra-content.subclasses\":\nError: Documents from a core version newer than the running version cannot be migrated\n    at Function._migrateRecord (file:///D:/Juegos/Foundry_daggerheart_git/Foundry-daggerheart/Portable-FoundryVTT-v13.348/App/resources/app/dist/database/backend/server-document.mjs:1:3713)\n    at Function._migrateDocuments (file:///D:/Juegos/Foundry_daggerheart_git/Foundry-daggerheart/Portable-FoundryVTT-v13.348/App/resources/app/dist/database/backend/server-document.mjs:1:2782)","timestamp":"2026-03-09 13:58:38"}
{"level":"error","message":"An error occurred during the migration of Item record [eM46wwEPFHNI99sq] of database \"daggerheart-extra-content.subclasses\":\nError: Documents from a core version newer than the running version cannot be migrated\n    at Function._migrateRecord (file:///D:/Juegos/Foundry_daggerheart_git/Foundry-daggerheart/Portable-FoundryVTT-v13.348/App/resources/app/dist/database/backend/server-document.mjs:1:3713)\n    at Function._migrateDocuments (file:///D:/Juegos/Foundry_daggerheart_git/Foundry-daggerheart/Portable-FoundryVTT-v13.348/App/resources/app/dist/database/backend/server-document.mjs:1:2782)","timestamp":"2026-03-09 13:58:38"}
{"level":"error","message":"An error occurred during the migration of Item record [eQ8YQvNFJJnz9OqQ] of database \"daggerheart-extra-content.subclasses\":\nError: Documents from a core version newer than the running version cannot be migrated\n    at Function._migrateRecord (file:///D:/Juegos/Foundry_daggerheart_git/Foundry-daggerheart/Portable-FoundryVTT-v13.348/App/resources/app/dist/database/backend/server-document.mjs:1:3713)\n    at Function._migrateDocuments (file:///D:/Juegos/Foundry_daggerheart_git/Foundry-daggerheart/Portable-FoundryVTT-v13.348/App/resources/app/dist/database/backend/server-document.mjs:1:2782)","timestamp":"2026-03-09 13:58:38"}
{"level":"error","message":"An error occurred during the migration of Item record [hRIq3JkT9ZwZr5Qf] of database \"daggerheart-extra-content.subclasses\":\nError: Documents from a core version newer than the running version cannot be migrated\n    at Function._migrateRecord (file:///D:/Juegos/Foundry_daggerheart_git/Foundry-daggerheart/Portable-FoundryVTT-v13.348/App/resources/app/dist/database/backend/server-document.mjs:1:3713)\n    at Function._migrateDocuments (file:///D:/Juegos/Foundry_daggerheart_git/Foundry-daggerheart/Portable-FoundryVTT-v13.348/App/resources/app/dist/database/backend/server-document.mjs:1:2782)","timestamp":"2026-03-09 13:58:38"}
{"level":"error","message":"An error occurred during the migration of Item record [hZqlmZX7lIGN3auH] of database \"daggerheart-extra-content.subclasses\":\nError: Documents from a core version newer than the running version cannot be migrated\n    at Function._migrateRecord (file:///D:/Juegos/Foundry_daggerheart_git/Foundry-daggerheart/Portable-FoundryVTT-v13.348/App/resources/app/dist/database/backend/server-document.mjs:1:3713)\n    at Function._migrateDocuments (file:///D:/Juegos/Foundry_daggerheart_git/Foundry-daggerheart/Portable-FoundryVTT-v13.348/App/resources/app/dist/database/backend/server-document.mjs:1:2782)","timestamp":"2026-03-09 13:58:38"}
{"level":"error","message":"An error occurred during the migration of Item record [lwShv1Is6MN1zDor] of database \"daggerheart-extra-content.subclasses\":\nError: Documents from a core version newer than the running version cannot be migrated\n    at Function._migrateRecord (file:///D:/Juegos/Foundry_daggerheart_git/Foundry-daggerheart/Portable-FoundryVTT-v13.348/App/resources/app/dist/database/backend/server-document.mjs:1:3713)\n    at Function._migrateDocuments (file:///D:/Juegos/Foundry_daggerheart_git/Foundry-daggerheart/Portable-FoundryVTT-v13.348/App/resources/app/dist/database/backend/server-document.mjs:1:2782)","timestamp":"2026-03-09 13:58:38"}
{"level":"error","message":"An error occurred during the migration of Item record [oWFZxLUa6apOCBW6] of database \"daggerheart-extra-content.subclasses\":\nError: Documents from a core version newer than the running version cannot be migrated\n    at Function._migrateRecord (file:///D:/Juegos/Foundry_daggerheart_git/Foundry-daggerheart/Portable-FoundryVTT-v13.348/App/resources/app/dist/database/backend/server-document.mjs:1:3713)\n    at Function._migrateDocuments (file:///D:/Juegos/Foundry_daggerheart_git/Foundry-daggerheart/Portable-FoundryVTT-v13.348/App/resources/app/dist/database/backend/server-document.mjs:1:2782)","timestamp":"2026-03-09 13:58:38"}
{"level":"error","message":"An error occurred during the migration of Item record [uZZCmokDQbizjw1d] of database \"daggerheart-extra-content.subclasses\":\nError: Documents from a core version newer than the running version cannot be migrated\n    at Function._migrateRecord (file:///D:/Juegos/Foundry_daggerheart_git/Foundry-daggerheart/Portable-FoundryVTT-v13.348/App/resources/app/dist/database/backend/server-document.mjs:1:3713)\n    at Function._migrateDocuments (file:///D:/Juegos/Foundry_daggerheart_git/Foundry-daggerheart/Portable-FoundryVTT-v13.348/App/resources/app/dist/database/backend/server-document.mjs:1:2782)","timestamp":"2026-03-09 13:58:38"}
{"level":"error","message":"An error occurred during the migration of Item record [ytYGENKq8AtjYqTb] of database \"daggerheart-extra-content.subclasses\":\nError: Documents from a core version newer than the running version cannot be migrated\n    at Function._migrateRecord (file:///D:/Juegos/Foundry_daggerheart_git/Foundry-daggerheart/Portable-FoundryVTT-v13.348/App/resources/app/dist/database/backend/server-document.mjs:1:3713)\n    at Function._migrateDocuments (file:///D:/Juegos/Foundry_daggerheart_git/Foundry-daggerheart/Portable-FoundryVTT-v13.348/App/resources/app/dist/database/backend/server-document.mjs:1:2782)","timestamp":"2026-03-09 13:58:38"}
{"level":"warn","message":"Database daggerheart-extra-content.subclasses was not fully migrated due to errors during migration.","timestamp":"2026-03-09 13:58:38"}
{"level":"info","message":"Launching World | Migrating Package Data - 75%","timestamp":"2026-03-09 13:58:38"}
{"level":"error","message":"An error occurred during the migration of Item record [9X2envWaXGSWx82V] of database \"the-void-unofficial.classes\":\nError: Documents from a core version newer than the running version cannot be migrated\n    at Function._migrateRecord (file:///D:/Juegos/Foundry_daggerheart_git/Foundry-daggerheart/Portable-FoundryVTT-v13.348/App/resources/app/dist/database/backend/server-document.mjs:1:3713)\n    at Function._migrateDocuments (file:///D:/Juegos/Foundry_daggerheart_git/Foundry-daggerheart/Portable-FoundryVTT-v13.348/App/resources/app/dist/database/backend/server-document.mjs:1:2782)","timestamp":"2026-03-09 13:58:38"}
{"level":"error","message":"An error occurred during the migration of Item record [R0wYgWyPih4CpTE5] of database \"the-void-unofficial.classes\":\nError: Documents from a core version newer than the running version cannot be migrated\n    at Function._migrateRecord (file:///D:/Juegos/Foundry_daggerheart_git/Foundry-daggerheart/Portable-FoundryVTT-v13.348/App/resources/app/dist/database/backend/server-document.mjs:1:3713)\n    at Function._migrateDocuments (file:///D:/Juegos/Foundry_daggerheart_git/Foundry-daggerheart/Portable-FoundryVTT-v13.348/App/resources/app/dist/database/backend/server-document.mjs:1:2782)","timestamp":"2026-03-09 13:58:38"}
{"level":"error","message":"An error occurred during the migration of Item record [TGTBooD83OWXyQj1] of database \"the-void-unofficial.classes\":\nError: Documents from a core version newer than the running version cannot be migrated\n    at Function._migrateRecord (file:///D:/Juegos/Foundry_daggerheart_git/Foundry-daggerheart/Portable-FoundryVTT-v13.348/App/resources/app/dist/database/backend/server-document.mjs:1:3713)\n    at Function._migrateDocuments (file:///D:/Juegos/Foundry_daggerheart_git/Foundry-daggerheart/Portable-FoundryVTT-v13.348/App/resources/app/dist/database/backend/server-document.mjs:1:2782)","timestamp":"2026-03-09 13:58:38"}
{"level":"error","message":"An error occurred during the migration of Item record [gugHbXBWP24CFTJZ] of database \"the-void-unofficial.classes\":\nError: Documents from a core version newer than the running version cannot be migrated\n    at Function._migrateRecord (file:///D:/Juegos/Foundry_daggerheart_git/Foundry-daggerheart/Portable-FoundryVTT-v13.348/App/resources/app/dist/database/backend/server-document.mjs:1:3713)\n    at Function._migrateDocuments (file:///D:/Juegos/Foundry_daggerheart_git/Foundry-daggerheart/Portable-FoundryVTT-v13.348/App/resources/app/dist/database/backend/server-document.mjs:1:2782)","timestamp":"2026-03-09 13:58:38"}
{"level":"error","message":"An error occurred during the migration of Item record [m3CvI4nlskOu5jZS] of database \"the-void-unofficial.classes\":\nError: Documents from a core version newer than the running version cannot be migrated\n    at Function._migrateRecord (file:///D:/Juegos/Foundry_daggerheart_git/Foundry-daggerheart/Portable-FoundryVTT-v13.348/App/resources/app/dist/database/backend/server-document.mjs:1:3713)\n    at Function._migrateDocuments (file:///D:/Juegos/Foundry_daggerheart_git/Foundry-daggerheart/Portable-FoundryVTT-v13.348/App/resources/app/dist/database/backend/server-document.mjs:1:2782)","timestamp":"2026-03-09 13:58:38"}
{"level":"error","message":"An error occurred during the migration of Item record [otb0ThXWuqQzzWho] of database \"the-void-unofficial.classes\":\nError: Documents from a core version newer than the running version cannot be migrated\n    at Function._migrateRecord (file:///D:/Juegos/Foundry_daggerheart_git/Foundry-daggerheart/Portable-FoundryVTT-v13.348/App/resources/app/dist/database/backend/server-document.mjs:1:3713)\n    at Function._migrateDocuments (file:///D:/Juegos/Foundry_daggerheart_git/Foundry-daggerheart/Portable-FoundryVTT-v13.348/App/resources/app/dist/database/backend/server-document.mjs:1:2782)","timestamp":"2026-03-09 13:58:38"}
{"level":"error","message":"An error occurred during the migration of Item record [v5M0mxaTDJCyhAsR] of database \"the-void-unofficial.classes\":\nError: Documents from a core version newer than the running version cannot be migrated\n    at Function._migrateRecord (file:///D:/Juegos/Foundry_daggerheart_git/Foundry-daggerheart/Portable-FoundryVTT-v13.348/App/resources/app/dist/database/backend/server-document.mjs:1:3713)\n    at Function._migrateDocuments (file:///D:/Juegos/Foundry_daggerheart_git/Foundry-daggerheart/Portable-FoundryVTT-v13.348/App/resources/app/dist/database/backend/server-document.mjs:1:2782)","timestamp":"2026-03-09 13:58:38"}
{"level":"warn","message":"Database the-void-unofficial.classes was not fully migrated due to errors during migration.","timestamp":"2026-03-09 13:58:38"}
{"level":"info","message":"Launching World | Migrating Package Data - 78%","timestamp":"2026-03-09 13:58:38"}
{"level":"error","message":"An error occurred during the migration of Item record [1PPk39iarFpWylOi] of database \"the-void-unofficial.subclasses\":\nError: Documents from a core version newer than the running version cannot be migrated\n    at Function._migrateRecord (file:///D:/Juegos/Foundry_daggerheart_git/Foundry-daggerheart/Portable-FoundryVTT-v13.348/App/resources/app/dist/database/backend/server-document.mjs:1:3713)\n    at Function._migrateDocuments (file:///D:/Juegos/Foundry_daggerheart_git/Foundry-daggerheart/Portable-FoundryVTT-v13.348/App/resources/app/dist/database/backend/server-document.mjs:1:2782)","timestamp":"2026-03-09 13:58:38"}
{"level":"error","message":"An error occurred during the migration of Item record [4Jaekd41DdaPdWkw] of database \"the-void-unofficial.subclasses\":\nError: Documents from a core version newer than the running version cannot be migrated\n    at Function._migrateRecord (file:///D:/Juegos/Foundry_daggerheart_git/Foundry-daggerheart/Portable-FoundryVTT-v13.348/App/resources/app/dist/database/backend/server-document.mjs:1:3713)\n    at Function._migrateDocuments (file:///D:/Juegos/Foundry_daggerheart_git/Foundry-daggerheart/Portable-FoundryVTT-v13.348/App/resources/app/dist/database/backend/server-document.mjs:1:2782)","timestamp":"2026-03-09 13:58:38"}
{"level":"error","message":"An error occurred during the migration of Item record [8EGGJmnqPBs9CrO9] of database \"the-void-unofficial.subclasses\":\nError: Documents from a core version newer than the running version cannot be migrated\n    at Function._migrateRecord (file:///D:/Juegos/Foundry_daggerheart_git/Foundry-daggerheart/Portable-FoundryVTT-v13.348/App/resources/app/dist/database/backend/server-document.mjs:1:3713)\n    at Function._migrateDocuments (file:///D:/Juegos/Foundry_daggerheart_git/Foundry-daggerheart/Portable-FoundryVTT-v13.348/App/resources/app/dist/database/backend/server-document.mjs:1:2782)","timestamp":"2026-03-09 13:58:38"}
{"level":"error","message":"An error occurred during the migration of Item record [GXYbLE8fG6fmGvFE] of database \"the-void-unofficial.subclasses\":\nError: Documents from a core version newer than the running version cannot be migrated\n    at Function._migrateRecord (file:///D:/Juegos/Foundry_daggerheart_git/Foundry-daggerheart/Portable-FoundryVTT-v13.348/App/resources/app/dist/database/backend/server-document.mjs:1:3713)\n    at Function._migrateDocuments (file:///D:/Juegos/Foundry_daggerheart_git/Foundry-daggerheart/Portable-FoundryVTT-v13.348/App/resources/app/dist/database/backend/server-document.mjs:1:2782)","timestamp":"2026-03-09 13:58:38"}
{"level":"error","message":"An error occurred during the migration of Item record [H8iGhoEsLwbhmUjb] of database \"the-void-unofficial.subclasses\":\nError: Documents from a core version newer than the running version cannot be migrated\n    at Function._migrateRecord (file:///D:/Juegos/Foundry_daggerheart_git/Foundry-daggerheart/Portable-FoundryVTT-v13.348/App/resources/app/dist/database/backend/server-document.mjs:1:3713)\n    at Function._migrateDocuments (file:///D:/Juegos/Foundry_daggerheart_git/Foundry-daggerheart/Portable-FoundryVTT-v13.348/App/resources/app/dist/database/backend/server-document.mjs:1:2782)","timestamp":"2026-03-09 13:58:38"}
{"level":"error","message":"An error occurred during the migration of Item record [JIO4bvmWGH4tTXpQ] of database \"the-void-unofficial.subclasses\":\nError: Documents from a core version newer than the running version cannot be migrated\n    at Function._migrateRecord (file:///D:/Juegos/Foundry_daggerheart_git/Foundry-daggerheart/Portable-FoundryVTT-v13.348/App/resources/app/dist/database/backend/server-document.mjs:1:3713)\n    at Function._migrateDocuments (file:///D:/Juegos/Foundry_daggerheart_git/Foundry-daggerheart/Portable-FoundryVTT-v13.348/App/resources/app/dist/database/backend/server-document.mjs:1:2782)","timestamp":"2026-03-09 13:58:38"}
{"level":"error","message":"An error occurred during the migration of Item record [JWlQd6XSBB22ASBs] of database \"the-void-unofficial.subclasses\":\nError: Documents from a core version newer than the running version cannot be migrated\n    at Function._migrateRecord (file:///D:/Juegos/Foundry_daggerheart_git/Foundry-daggerheart/Portable-FoundryVTT-v13.348/App/resources/app/dist/database/backend/server-document.mjs:1:3713)\n    at Function._migrateDocuments (file:///D:/Juegos/Foundry_daggerheart_git/Foundry-daggerheart/Portable-FoundryVTT-v13.348/App/resources/app/dist/database/backend/server-document.mjs:1:2782)","timestamp":"2026-03-09 13:58:38"}
{"level":"error","message":"An error occurred during the migration of Item record [JiPSjjjWxSbnoQRe] of database \"the-void-unofficial.subclasses\":\nError: Documents from a core version newer than the running version cannot be migrated\n    at Function._migrateRecord (file:///D:/Juegos/Foundry_daggerheart_git/Foundry-daggerheart/Portable-FoundryVTT-v13.348/App/resources/app/dist/database/backend/server-document.mjs:1:3713)\n    at Function._migrateDocuments (file:///D:/Juegos/Foundry_daggerheart_git/Foundry-daggerheart/Portable-FoundryVTT-v13.348/App/resources/app/dist/database/backend/server-document.mjs:1:2782)","timestamp":"2026-03-09 13:58:38"}
{"level":"error","message":"An error occurred during the migration of Item record [XeSsopeDDreSRv5A] of database \"the-void-unofficial.subclasses\":\nError: Documents from a core version newer than the running version cannot be migrated\n    at Function._migrateRecord (file:///D:/Juegos/Foundry_daggerheart_git/Foundry-daggerheart/Portable-FoundryVTT-v13.348/App/resources/app/dist/database/backend/server-document.mjs:1:3713)\n    at Function._migrateDocuments (file:///D:/Juegos/Foundry_daggerheart_git/Foundry-daggerheart/Portable-FoundryVTT-v13.348/App/resources/app/dist/database/backend/server-document.mjs:1:2782)","timestamp":"2026-03-09 13:58:38"}
{"level":"error","message":"An error occurred during the migration of Item record [YN38IzjqW5paIy92] of database \"the-void-unofficial.subclasses\":\nError: Documents from a core version newer than the running version cannot be migrated\n    at Function._migrateRecord (file:///D:/Juegos/Foundry_daggerheart_git/Foundry-daggerheart/Portable-FoundryVTT-v13.348/App/resources/app/dist/database/backend/server-document.mjs:1:3713)\n    at Function._migrateDocuments (file:///D:/Juegos/Foundry_daggerheart_git/Foundry-daggerheart/Portable-FoundryVTT-v13.348/App/resources/app/dist/database/backend/server-document.mjs:1:2782)","timestamp":"2026-03-09 13:58:38"}
{"level":"error","message":"An error occurred during the migration of Item record [ZYdJamwMgRsiG733] of database \"the-void-unofficial.subclasses\":\nError: Documents from a core version newer than the running version cannot be migrated\n    at Function._migrateRecord (file:///D:/Juegos/Foundry_daggerheart_git/Foundry-daggerheart/Portable-FoundryVTT-v13.348/App/resources/app/dist/database/backend/server-document.mjs:1:3713)\n    at Function._migrateDocuments (file:///D:/Juegos/Foundry_daggerheart_git/Foundry-daggerheart/Portable-FoundryVTT-v13.348/App/resources/app/dist/database/backend/server-document.mjs:1:2782)","timestamp":"2026-03-09 13:58:38"}
{"level":"error","message":"An error occurred during the migration of Item record [aFtWBHgUBxsCptI2] of database \"the-void-unofficial.subclasses\":\nError: Documents from a core version newer than the running version cannot be migrated\n    at Function._migrateRecord (file:///D:/Juegos/Foundry_daggerheart_git/Foundry-daggerheart/Portable-FoundryVTT-v13.348/App/resources/app/dist/database/backend/server-document.mjs:1:3713)\n    at Function._migrateDocuments (file:///D:/Juegos/Foundry_daggerheart_git/Foundry-daggerheart/Portable-FoundryVTT-v13.348/App/resources/app/dist/database/backend/server-document.mjs:1:2782)","timestamp":"2026-03-09 13:58:38"}
{"level":"error","message":"An error occurred during the migration of Item record [h0PlfOo87vjMIR2n] of database \"the-void-unofficial.subclasses\":\nError: Documents from a core version newer than the running version cannot be migrated\n    at Function._migrateRecord (file:///D:/Juegos/Foundry_daggerheart_git/Foundry-daggerheart/Portable-FoundryVTT-v13.348/App/resources/app/dist/database/backend/server-document.mjs:1:3713)\n    at Function._migrateDocuments (file:///D:/Juegos/Foundry_daggerheart_git/Foundry-daggerheart/Portable-FoundryVTT-v13.348/App/resources/app/dist/database/backend/server-document.mjs:1:2782)","timestamp":"2026-03-09 13:58:38"}
{"level":"error","message":"An error occurred during the migration of Item record [h3bzYGrnwkKQBJ6d] of database \"the-void-unofficial.subclasses\":\nError: Documents from a core version newer than the running version cannot be migrated\n    at Function._migrateRecord (file:///D:/Juegos/Foundry_daggerheart_git/Foundry-daggerheart/Portable-FoundryVTT-v13.348/App/resources/app/dist/database/backend/server-document.mjs:1:3713)\n    at Function._migrateDocuments (file:///D:/Juegos/Foundry_daggerheart_git/Foundry-daggerheart/Portable-FoundryVTT-v13.348/App/resources/app/dist/database/backend/server-document.mjs:1:2782)","timestamp":"2026-03-09 13:58:38"}
{"level":"error","message":"An error occurred during the migration of Item record [mRNqGokQNZEK8GSP] of database \"the-void-unofficial.subclasses\":\nError: Documents from a core version newer than the running version cannot be migrated\n    at Function._migrateRecord (file:///D:/Juegos/Foundry_daggerheart_git/Foundry-daggerheart/Portable-FoundryVTT-v13.348/App/resources/app/dist/database/backend/server-document.mjs:1:3713)\n    at Function._migrateDocuments (file:///D:/Juegos/Foundry_daggerheart_git/Foundry-daggerheart/Portable-FoundryVTT-v13.348/App/resources/app/dist/database/backend/server-document.mjs:1:2782)","timestamp":"2026-03-09 13:58:38"}
{"level":"error","message":"An error occurred during the migration of Item record [sajwdoQ5JVzqeqsj] of database \"the-void-unofficial.subclasses\":\nError: Documents from a core version newer than the running version cannot be migrated\n    at Function._migrateRecord (file:///D:/Juegos/Foundry_daggerheart_git/Foundry-daggerheart/Portable-FoundryVTT-v13.348/App/resources/app/dist/database/backend/server-document.mjs:1:3713)\n    at Function._migrateDocuments (file:///D:/Juegos/Foundry_daggerheart_git/Foundry-daggerheart/Portable-FoundryVTT-v13.348/App/resources/app/dist/database/backend/server-document.mjs:1:2782)","timestamp":"2026-03-09 13:58:38"}
{"level":"error","message":"An error occurred during the migration of Item record [ulURXMXGHT33vnD9] of database \"the-void-unofficial.subclasses\":\nError: Documents from a core version newer than the running version cannot be migrated\n    at Function._migrateRecord (file:///D:/Juegos/Foundry_daggerheart_git/Foundry-daggerheart/Portable-FoundryVTT-v13.348/App/resources/app/dist/database/backend/server-document.mjs:1:3713)\n    at Function._migrateDocuments (file:///D:/Juegos/Foundry_daggerheart_git/Foundry-daggerheart/Portable-FoundryVTT-v13.348/App/resources/app/dist/database/backend/server-document.mjs:1:2782)","timestamp":"2026-03-09 13:58:38"}
{"level":"error","message":"An error occurred during the migration of Item record [zkpNSVJfpnR0InYL] of database \"the-void-unofficial.subclasses\":\nError: Documents from a core version newer than the running version cannot be migrated\n    at Function._migrateRecord (file:///D:/Juegos/Foundry_daggerheart_git/Foundry-daggerheart/Portable-FoundryVTT-v13.348/App/resources/app/dist/database/backend/server-document.mjs:1:3713)\n    at Function._migrateDocuments (file:///D:/Juegos/Foundry_daggerheart_git/Foundry-daggerheart/Portable-FoundryVTT-v13.348/App/resources/app/dist/database/backend/server-document.mjs:1:2782)","timestamp":"2026-03-09 13:58:38"}
{"level":"warn","message":"Database the-void-unofficial.subclasses was not fully migrated due to errors during migration.","timestamp":"2026-03-09 13:58:38"}
{"level":"info","message":"Launching World | Migrating Package Data - 80%","timestamp":"2026-03-09 13:58:38"}
{"level":"info","message":"Launching World | Migrating Package Data - 83%","timestamp":"2026-03-09 13:58:38"}
{"level":"info","message":"Launching World | Migrating Package Data - 85%","timestamp":"2026-03-09 13:58:38"}
{"level":"error","message":"An error occurred during the migration of Item record [0NoQWqYOiPdXdUhQ] of database \"the-void-unofficial.domains\":\nError: Documents from a core version newer than the running version cannot be migrated\n    at Function._migrateRecord (file:///D:/Juegos/Foundry_daggerheart_git/Foundry-daggerheart/Portable-FoundryVTT-v13.348/App/resources/app/dist/database/backend/server-document.mjs:1:3713)\n    at Function._migrateDocuments (file:///D:/Juegos/Foundry_daggerheart_git/Foundry-daggerheart/Portable-FoundryVTT-v13.348/App/resources/app/dist/database/backend/server-document.mjs:1:2782)","timestamp":"2026-03-09 13:58:38"}
{"level":"error","message":"An error occurred during the migration of Item record [176CHYdrz550TiEa] of database \"the-void-unofficial.domains\":\nError: Documents from a core version newer than the running version cannot be migrated\n    at Function._migrateRecord (file:///D:/Juegos/Foundry_daggerheart_git/Foundry-daggerheart/Portable-FoundryVTT-v13.348/App/resources/app/dist/database/backend/server-document.mjs:1:3713)\n    at Function._migrateDocuments (file:///D:/Juegos/Foundry_daggerheart_git/Foundry-daggerheart/Portable-FoundryVTT-v13.348/App/resources/app/dist/database/backend/server-document.mjs:1:2782)","timestamp":"2026-03-09 13:58:38"}
{"level":"error","message":"An error occurred during the migration of Item record [65NWcF4RSZgyJXFt] of database \"the-void-unofficial.domains\":\nError: Documents from a core version newer than the running version cannot be migrated\n    at Function._migrateRecord (file:///D:/Juegos/Foundry_daggerheart_git/Foundry-daggerheart/Portable-FoundryVTT-v13.348/App/resources/app/dist/database/backend/server-document.mjs:1:3713)\n    at Function._migrateDocuments (file:///D:/Juegos/Foundry_daggerheart_git/Foundry-daggerheart/Portable-FoundryVTT-v13.348/App/resources/app/dist/database/backend/server-document.mjs:1:2782)","timestamp":"2026-03-09 13:58:38"}
{"level":"error","message":"An error occurred during the migration of Item record [88xwPHpicN5uBo0f] of database \"the-void-unofficial.domains\":\nError: Documents from a core version newer than the running version cannot be migrated\n    at Function._migrateRecord (file:///D:/Juegos/Foundry_daggerheart_git/Foundry-daggerheart/Portable-FoundryVTT-v13.348/App/resources/app/dist/database/backend/server-document.mjs:1:3713)\n    at Function._migrateDocuments (file:///D:/Juegos/Foundry_daggerheart_git/Foundry-daggerheart/Portable-FoundryVTT-v13.348/App/resources/app/dist/database/backend/server-document.mjs:1:2782)","timestamp":"2026-03-09 13:58:38"}
{"level":"error","message":"An error occurred during the migration of Item record [9wxJJpH25cxmtx5W] of database \"the-void-unofficial.domains\":\nError: Documents from a core version newer than the running version cannot be migrated\n    at Function._migrateRecord (file:///D:/Juegos/Foundry_daggerheart_git/Foundry-daggerheart/Portable-FoundryVTT-v13.348/App/resources/app/dist/database/backend/server-document.mjs:1:3713)\n    at Function._migrateDocuments (file:///D:/Juegos/Foundry_daggerheart_git/Foundry-daggerheart/Portable-FoundryVTT-v13.348/App/resources/app/dist/database/backend/server-document.mjs:1:2782)","timestamp":"2026-03-09 13:58:38"}
{"level":"error","message":"An error occurred during the migration of Item record [BFkzJkWY4HejN4WR] of database \"the-void-unofficial.domains\":\nError: Documents from a core version newer than the running version cannot be migrated\n    at Function._migrateRecord (file:///D:/Juegos/Foundry_daggerheart_git/Foundry-daggerheart/Portable-FoundryVTT-v13.348/App/resources/app/dist/database/backend/server-document.mjs:1:3713)\n    at Function._migrateDocuments (file:///D:/Juegos/Foundry_daggerheart_git/Foundry-daggerheart/Portable-FoundryVTT-v13.348/App/resources/app/dist/database/backend/server-document.mjs:1:2782)","timestamp":"2026-03-09 13:58:38"}
{"level":"error","message":"An error occurred during the migration of Item record [BQF5xVKRVQdhGAf8] of database \"the-void-unofficial.domains\":\nError: Documents from a core version newer than the running version cannot be migrated\n    at Function._migrateRecord (file:///D:/Juegos/Foundry_daggerheart_git/Foundry-daggerheart/Portable-FoundryVTT-v13.348/App/resources/app/dist/database/backend/server-document.mjs:1:3713)\n    at Function._migrateDocuments (file:///D:/Juegos/Foundry_daggerheart_git/Foundry-daggerheart/Portable-FoundryVTT-v13.348/App/resources/app/dist/database/backend/server-document.mjs:1:2782)","timestamp":"2026-03-09 13:58:38"}
{"level":"error","message":"An error occurred during the migration of Item record [BctVkNUWYL5Eww2k] of database \"the-void-unofficial.domains\":\nError: Documents from a core version newer than the running version cannot be migrated\n    at Function._migrateRecord (file:///D:/Juegos/Foundry_daggerheart_git/Foundry-daggerheart/Portable-FoundryVTT-v13.348/App/resources/app/dist/database/backend/server-document.mjs:1:3713)\n    at Function._migrateDocuments (file:///D:/Juegos/Foundry_daggerheart_git/Foundry-daggerheart/Portable-FoundryVTT-v13.348/App/resources/app/dist/database/backend/server-document.mjs:1:2782)","timestamp":"2026-03-09 13:58:38"}
{"level":"error","message":"An error occurred during the migration of Item record [CQbmQH1Xqr1BjLWW] of database \"the-void-unofficial.domains\":\nError: Documents from a core version newer than the running version cannot be migrated\n    at Function._migrateRecord (file:///D:/Juegos/Foundry_daggerheart_git/Foundry-daggerheart/Portable-FoundryVTT-v13.348/App/resources/app/dist/database/backend/server-document.mjs:1:3713)\n    at Function._migrateDocuments (file:///D:/Juegos/Foundry_daggerheart_git/Foundry-daggerheart/Portable-FoundryVTT-v13.348/App/resources/app/dist/database/backend/server-document.mjs:1:2782)","timestamp":"2026-03-09 13:58:38"}
{"level":"error","message":"An error occurred during the migration of Item record [Du7UHRd0CweyuXil] of database \"the-void-unofficial.domains\":\nError: Documents from a core version newer than the running version cannot be migrated\n    at Function._migrateRecord (file:///D:/Juegos/Foundry_daggerheart_git/Foundry-daggerheart/Portable-FoundryVTT-v13.348/App/resources/app/dist/database/backend/server-document.mjs:1:3713)\n    at Function._migrateDocuments (file:///D:/Juegos/Foundry_daggerheart_git/Foundry-daggerheart/Portable-FoundryVTT-v13.348/App/resources/app/dist/database/backend/server-document.mjs:1:2782)","timestamp":"2026-03-09 13:58:38"}
{"level":"error","message":"An error occurred during the migration of Item record [LOPtjnPVjWQEzrZx] of database \"the-void-unofficial.domains\":\nError: Documents from a core version newer than the running version cannot be migrated\n    at Function._migrateRecord (file:///D:/Juegos/Foundry_daggerheart_git/Foundry-daggerheart/Portable-FoundryVTT-v13.348/App/resources/app/dist/database/backend/server-document.mjs:1:3713)\n    at Function._migrateDocuments (file:///D:/Juegos/Foundry_daggerheart_git/Foundry-daggerheart/Portable-FoundryVTT-v13.348/App/resources/app/dist/database/backend/server-document.mjs:1:2782)","timestamp":"2026-03-09 13:58:38"}
{"level":"error","message":"An error occurred during the migration of Item record [Q3RpYwdlDyCQPJHr] of database \"the-void-unofficial.domains\":\nError: Documents from a core version newer than the running version cannot be migrated\n    at Function._migrateRecord (file:///D:/Juegos/Foundry_daggerheart_git/Foundry-daggerheart/Portable-FoundryVTT-v13.348/App/resources/app/dist/database/backend/server-document.mjs:1:3713)\n    at Function._migrateDocuments (file:///D:/Juegos/Foundry_daggerheart_git/Foundry-daggerheart/Portable-FoundryVTT-v13.348/App/resources/app/dist/database/backend/server-document.mjs:1:2782)","timestamp":"2026-03-09 13:58:38"}
{"level":"error","message":"An error occurred during the migration of Item record [WAUpMdW2TD8KVusi] of database \"the-void-unofficial.domains\":\nError: Documents from a core version newer than the running version cannot be migrated\n    at Function._migrateRecord (file:///D:/Juegos/Foundry_daggerheart_git/Foundry-daggerheart/Portable-FoundryVTT-v13.348/App/resources/app/dist/database/backend/server-document.mjs:1:3713)\n    at Function._migrateDocuments (file:///D:/Juegos/Foundry_daggerheart_git/Foundry-daggerheart/Portable-FoundryVTT-v13.348/App/resources/app/dist/database/backend/server-document.mjs:1:2782)","timestamp":"2026-03-09 13:58:38"}
{"level":"error","message":"An error occurred during the migration of Item record [XGDsPevKx3P1mdpH] of database \"the-void-unofficial.domains\":\nError: Documents from a core version newer than the running version cannot be migrated\n    at Function._migrateRecord (file:///D:/Juegos/Foundry_daggerheart_git/Foundry-daggerheart/Portable-FoundryVTT-v13.348/App/resources/app/dist/database/backend/server-document.mjs:1:3713)\n    at Function._migrateDocuments (file:///D:/Juegos/Foundry_daggerheart_git/Foundry-daggerheart/Portable-FoundryVTT-v13.348/App/resources/app/dist/database/backend/server-document.mjs:1:2782)","timestamp":"2026-03-09 13:58:38"}
{"level":"error","message":"An error occurred during the migration of Item record [cOFRHlxyTtRlbumc] of database \"the-void-unofficial.domains\":\nError: Documents from a core version newer than the running version cannot be migrated\n    at Function._migrateRecord (file:///D:/Juegos/Foundry_daggerheart_git/Foundry-daggerheart/Portable-FoundryVTT-v13.348/App/resources/app/dist/database/backend/server-document.mjs:1:3713)\n    at Function._migrateDocuments (file:///D:/Juegos/Foundry_daggerheart_git/Foundry-daggerheart/Portable-FoundryVTT-v13.348/App/resources/app/dist/database/backend/server-document.mjs:1:2782)","timestamp":"2026-03-09 13:58:38"}
{"level":"error","message":"An error occurred during the migration of Item record [dVUQ7Rp9luM7Zekw] of database \"the-void-unofficial.domains\":\nError: Documents from a core version newer than the running version cannot be migrated\n    at Function._migrateRecord (file:///D:/Juegos/Foundry_daggerheart_git/Foundry-daggerheart/Portable-FoundryVTT-v13.348/App/resources/app/dist/database/backend/server-document.mjs:1:3713)\n    at Function._migrateDocuments (file:///D:/Juegos/Foundry_daggerheart_git/Foundry-daggerheart/Portable-FoundryVTT-v13.348/App/resources/app/dist/database/backend/server-document.mjs:1:2782)","timestamp":"2026-03-09 13:58:38"}
{"level":"error","message":"An error occurred during the migration of Item record [gSsxO2xiMxANuBIz] of database \"the-void-unofficial.domains\":\nError: Documents from a core version newer than the running version cannot be migrated\n    at Function._migrateRecord (file:///D:/Juegos/Foundry_daggerheart_git/Foundry-daggerheart/Portable-FoundryVTT-v13.348/App/resources/app/dist/database/backend/server-document.mjs:1:3713)\n    at Function._migrateDocuments (file:///D:/Juegos/Foundry_daggerheart_git/Foundry-daggerheart/Portable-FoundryVTT-v13.348/App/resources/app/dist/database/backend/server-document.mjs:1:2782)","timestamp":"2026-03-09 13:58:38"}
{"level":"error","message":"An error occurred during the migration of Item record [gaDhu9iAdChYFcm2] of database \"the-void-unofficial.domains\":\nError: Documents from a core version newer than the running version cannot be migrated\n    at Function._migrateRecord (file:///D:/Juegos/Foundry_daggerheart_git/Foundry-daggerheart/Portable-FoundryVTT-v13.348/App/resources/app/dist/database/backend/server-document.mjs:1:3713)\n    at Function._migrateDocuments (file:///D:/Juegos/Foundry_daggerheart_git/Foundry-daggerheart/Portable-FoundryVTT-v13.348/App/resources/app/dist/database/backend/server-document.mjs:1:2782)","timestamp":"2026-03-09 13:58:38"}
{"level":"error","message":"An error occurred during the migration of Item record [hmDOLwJEZlbuOKNT] of database \"the-void-unofficial.domains\":\nError: Documents from a core version newer than the running version cannot be migrated\n    at Function._migrateRecord (file:///D:/Juegos/Foundry_daggerheart_git/Foundry-daggerheart/Portable-FoundryVTT-v13.348/App/resources/app/dist/database/backend/server-document.mjs:1:3713)\n    at Function._migrateDocuments (file:///D:/Juegos/Foundry_daggerheart_git/Foundry-daggerheart/Portable-FoundryVTT-v13.348/App/resources/app/dist/database/backend/server-document.mjs:1:2782)","timestamp":"2026-03-09 13:58:38"}
{"level":"error","message":"An error occurred during the migration of Item record [lo8WVAuTWsAh6QBf] of database \"the-void-unofficial.domains\":\nError: Documents from a core version newer than the running version cannot be migrated\n    at Function._migrateRecord (file:///D:/Juegos/Foundry_daggerheart_git/Foundry-daggerheart/Portable-FoundryVTT-v13.348/App/resources/app/dist/database/backend/server-document.mjs:1:3713)\n    at Function._migrateDocuments (file:///D:/Juegos/Foundry_daggerheart_git/Foundry-daggerheart/Portable-FoundryVTT-v13.348/App/resources/app/dist/database/backend/server-document.mjs:1:2782)","timestamp":"2026-03-09 13:58:38"}
{"level":"error","message":"An error occurred during the migration of Item record [yGbgSMuL43quImEV] of database \"the-void-unofficial.domains\":\nError: Documents from a core version newer than the running version cannot be migrated\n    at Function._migrateRecord (file:///D:/Juegos/Foundry_daggerheart_git/Foundry-daggerheart/Portable-FoundryVTT-v13.348/App/resources/app/dist/database/backend/server-document.mjs:1:3713)\n    at Function._migrateDocuments (file:///D:/Juegos/Foundry_daggerheart_git/Foundry-daggerheart/Portable-FoundryVTT-v13.348/App/resources/app/dist/database/backend/server-document.mjs:1:2782)","timestamp":"2026-03-09 13:58:38"}
{"level":"warn","message":"Database the-void-unofficial.domains was not fully migrated due to errors during migration.","timestamp":"2026-03-09 13:58:38"}
{"level":"info","message":"Launching World | Migrating Package Data - 88%","timestamp":"2026-03-09 13:58:38"}
{"level":"info","message":"Launching World | Migrating Package Data - 90%","timestamp":"2026-03-09 13:58:38"}
{"level":"error","message":"An error occurred during the migration of Item record [cg2pnUEwJ7q4k28d] of database \"the-void-unofficial.weapons\":\nError: Documents from a core version newer than the running version cannot be migrated\n    at Function._migrateRecord (file:///D:/Juegos/Foundry_daggerheart_git/Foundry-daggerheart/Portable-FoundryVTT-v13.348/App/resources/app/dist/database/backend/server-document.mjs:1:3713)\n    at Function._migrateDocuments (file:///D:/Juegos/Foundry_daggerheart_git/Foundry-daggerheart/Portable-FoundryVTT-v13.348/App/resources/app/dist/database/backend/server-document.mjs:1:2782)","timestamp":"2026-03-09 13:58:38"}
{"level":"error","message":"An error occurred during the migration of Item record [lHFiIpH2lrBBaT4o] of database \"the-void-unofficial.weapons\":\nError: Documents from a core version newer than the running version cannot be migrated\n    at Function._migrateRecord (file:///D:/Juegos/Foundry_daggerheart_git/Foundry-daggerheart/Portable-FoundryVTT-v13.348/App/resources/app/dist/database/backend/server-document.mjs:1:3713)\n    at Function._migrateDocuments (file:///D:/Juegos/Foundry_daggerheart_git/Foundry-daggerheart/Portable-FoundryVTT-v13.348/App/resources/app/dist/database/backend/server-document.mjs:1:2782)","timestamp":"2026-03-09 13:58:38"}
{"level":"warn","message":"Database the-void-unofficial.weapons was not fully migrated due to errors during migration.","timestamp":"2026-03-09 13:58:38"}
{"level":"info","message":"Launching World | Migrating Package Data - 93%","timestamp":"2026-03-09 13:58:38"}
{"level":"info","message":"Launching World | Migrating Package Data - 95%","timestamp":"2026-03-09 13:58:38"}
{"level":"info","message":"Launching World | Migrating Package Data - 98%","timestamp":"2026-03-09 13:58:38"}
{"level":"info","message":"Launching World | Migrating Package Data - 100%","timestamp":"2026-03-09 13:58:38"}
{"level":"info","message":"Migrating World fe-west-marches to upgraded daggerheart System version 1.8.0","timestamp":"2026-03-09 13:58:38"}
{"level":"info","message":"Migrating Actor documents to the latest game system data model","timestamp":"2026-03-09 13:58:38"}
{"level":"info","message":"Successfully migrated 23 Actor documents to the latest system data model.","timestamp":"2026-03-09 13:58:38"}
{"level":"info","message":"Migrating Cards documents to the latest game system data model","timestamp":"2026-03-09 13:58:38"}
{"level":"info","message":"Successfully migrated 0 Cards documents to the latest system data model.","timestamp":"2026-03-09 13:58:38"}
{"level":"info","message":"Migrating ChatMessage documents to the latest game system data model","timestamp":"2026-03-09 13:58:38"}
{"level":"info","message":"Successfully migrated 2 ChatMessage documents to the latest system data model.","timestamp":"2026-03-09 13:58:38"}
{"level":"info","message":"Migrating Combat documents to the latest game system data model","timestamp":"2026-03-09 13:58:38"}
{"level":"info","message":"Successfully migrated 1 Combat documents to the latest system data model.","timestamp":"2026-03-09 13:58:38"}
{"level":"info","message":"Migrating Item documents to the latest game system data model","timestamp":"2026-03-09 13:58:38"}
{"level":"info","message":"Successfully migrated 1 Item documents to the latest system data model.","timestamp":"2026-03-09 13:58:38"}
{"level":"info","message":"Migrating Scene documents to the latest game system data model","timestamp":"2026-03-09 13:58:38"}
{"level":"info","message":"Successfully migrated 4 Scene documents to the latest system data model.","timestamp":"2026-03-09 13:58:39"}
{"level":"info","message":"Migration of World fe-west-marches was successful to daggerheart System version 1.8.0","timestamp":"2026-03-09 13:58:39"}
{"level":"info","message":"Launching World | Complete","timestamp":"2026-03-09 13:58:39"}
{"ip":"::1","level":"info","message":"User authentication successful for user Gamemaster","session":"f5611f777b366c7db4c2608c","timestamp":"2026-03-09 13:59:25"}
{"level":"info","message":"No system update for Daggerheart is currently available.","timestamp":"2026-03-09 13:59:27"}
{"level":"info","message":"Vended World data to User [sjVrMusZqwSBFvXT] in 379ms","timestamp":"2026-03-09 13:59:27"}
{"level":"info","message":"Created ChatMessage with id [az6PEfmMpqJFbS5U]","timestamp":"2026-03-09 13:59:30"}
{"level":"info","message":"Created Setting with id [jwcTeyWsyrxnpxQz]","timestamp":"2026-03-09 13:59:38"}
{"level":"info","message":"Toggling game pause status to false","timestamp":"2026-03-09 14:00:11"}
{"level":"info","message":"Created Token with id [8BXnjCirKtwh4aPJ] in parent Scene [Xu5HbCrkGrO3llR2]","timestamp":"2026-03-09 14:02:52"}
{"level":"info","message":"Created Token with id [5P3DSLwVWvrXGKEy] in parent Scene [Xu5HbCrkGrO3llR2]","timestamp":"2026-03-09 14:02:54"}
{"level":"info","message":"Created Token with id [jzEkxOixprUUXbhW] in parent Scene [Xu5HbCrkGrO3llR2]","timestamp":"2026-03-09 14:02:55"}
{"level":"info","message":"Created Token with id [8YMo1lbdRbf6bD4w] in parent Scene [Xu5HbCrkGrO3llR2]","timestamp":"2026-03-09 14:02:56"}
{"level":"info","message":"Created client session 5c0f73825cc2a6170819ecba","timestamp":"2026-03-09 14:03:32"}
{"ip":"::1","level":"info","message":"User authentication successful for user Angela","session":"5c0f73825cc2a6170819ecba","timestamp":"2026-03-09 14:03:38"}
{"level":"info","message":"No system update for Daggerheart is currently available.","timestamp":"2026-03-09 14:03:41"}
{"level":"info","message":"Vended World data to User [v4GylcF9R5HWlPEE] in 842ms","timestamp":"2026-03-09 14:03:41"}
{"level":"info","message":"Created ChatMessage with id [Fwv2xnFW3UtrQLzo]","timestamp":"2026-03-09 14:03:42"}
{"level":"info","message":"Connected to database \"daggerheart-advmanager.custom-features\"","timestamp":"2026-03-09 14:04:54"}
{"level":"info","message":"Connected to database \"daggerheart-advmanager.all-features\"","timestamp":"2026-03-09 14:04:54"}
{"level":"warn","message":"Deleted 89 orphaned embedded documents from the daggerheart-advmanager.all-features database","timestamp":"2026-03-09 14:04:54"}
{"level":"info","message":"Connected to database \"daggerheart-advmanager.macros\"","timestamp":"2026-03-09 14:04:54"}
{"level":"info","message":"Connected to database \"daggerheart-advmanager.templates\"","timestamp":"2026-03-09 14:04:55"}
{"level":"info","message":"Connected to database \"daggerheart-quickrules.quickrules\"","timestamp":"2026-03-09 14:04:55"}
{"level":"info","message":"Connected to database \"daggerheart-quickrules.macros\"","timestamp":"2026-03-09 14:04:55"}
{"level":"info","message":"Connected to database \"daggerheart-store.general-items\"","timestamp":"2026-03-09 14:04:55"}
{"level":"info","message":"Connected to database \"daggerheart-store.macros\"","timestamp":"2026-03-09 14:04:55"}
{"level":"info","message":"Connected to database \"daggerheart-store.journals\"","timestamp":"2026-03-09 14:04:55"}
{"level":"info","message":"Connected to database \"forien-quest-log.macros-gm\"","timestamp":"2026-03-09 14:04:55"}
{"level":"info","message":"Connected to database \"forien-quest-log.macros-player\"","timestamp":"2026-03-09 14:04:55"}
{"level":"info","message":"Created 3 Folder documents with ids: [pHE1OSnksAwlDWju,PFKh7b3LctFS8KMW,lCwMZKW5xvSsMC7h]","timestamp":"2026-03-09 14:04:55"}
{"level":"error","message":"An error occurred during the migration of JournalEntry record [uNs7ne9VCbbu5dcG] of database \"daggerheart.journals\":\nError: Documents from a core version newer than the running version cannot be migrated\n    at JournalEntryPage._migrateRecord (file:///D:/Juegos/Foundry_daggerheart_git/Foundry-daggerheart/Portable-FoundryVTT-v13.348/App/resources/app/dist/database/backend/server-document.mjs:1:3713)\n    at Function._migrateEmbeddedRecords (file:///D:/Juegos/Foundry_daggerheart_git/Foundry-daggerheart/Portable-FoundryVTT-v13.348/App/resources/app/dist/database/backend/server-document.mjs:1:4614)\n    at Function._migrateRecord (file:///D:/Juegos/Foundry_daggerheart_git/Foundry-daggerheart/Portable-FoundryVTT-v13.348/App/resources/app/dist/database/backend/server-document.mjs:1:4119)\n    at Function._migrateDocuments (file:///D:/Juegos/Foundry_daggerheart_git/Foundry-daggerheart/Portable-FoundryVTT-v13.348/App/resources/app/dist/database/backend/server-document.mjs:1:2782)","timestamp":"2026-03-09 14:04:56"}
{"level":"warn","message":"Database daggerheart.journals was not fully migrated due to errors during migration.","timestamp":"2026-03-09 14:04:56"}
{"level":"error","message":"An error occurred during the migration of RollTable record [I5L1dlgxXTNrCCkL] of database \"daggerheart.rolltables\":\nError: Documents from a core version newer than the running version cannot be migrated\n    at TableResult._migrateRecord (file:///D:/Juegos/Foundry_daggerheart_git/Foundry-daggerheart/Portable-FoundryVTT-v13.348/App/resources/app/dist/database/backend/server-document.mjs:1:3713)\n    at Function._migrateEmbeddedRecords (file:///D:/Juegos/Foundry_daggerheart_git/Foundry-daggerheart/Portable-FoundryVTT-v13.348/App/resources/app/dist/database/backend/server-document.mjs:1:4614)\n    at Function._migrateRecord (file:///D:/Juegos/Foundry_daggerheart_git/Foundry-daggerheart/Portable-FoundryVTT-v13.348/App/resources/app/dist/database/backend/server-document.mjs:1:4119)\n    at Function._migrateDocuments (file:///D:/Juegos/Foundry_daggerheart_git/Foundry-daggerheart/Portable-FoundryVTT-v13.348/App/resources/app/dist/database/backend/server-document.mjs:1:2782)","timestamp":"2026-03-09 14:04:56"}
{"level":"error","message":"An error occurred during the migration of RollTable record [S61Shlt2I5CbLRjz] of database \"daggerheart.rolltables\":\nError: Documents from a core version newer than the running version cannot be migrated\n    at TableResult._migrateRecord (file:///D:/Juegos/Foundry_daggerheart_git/Foundry-daggerheart/Portable-FoundryVTT-v13.348/App/resources/app/dist/database/backend/server-document.mjs:1:3713)\n    at Function._migrateEmbeddedRecords (file:///D:/Juegos/Foundry_daggerheart_git/Foundry-daggerheart/Portable-FoundryVTT-v13.348/App/resources/app/dist/database/backend/server-document.mjs:1:4614)\n    at Function._migrateRecord (file:///D:/Juegos/Foundry_daggerheart_git/Foundry-daggerheart/Portable-FoundryVTT-v13.348/App/resources/app/dist/database/backend/server-document.mjs:1:4119)\n    at Function._migrateDocuments (file:///D:/Juegos/Foundry_daggerheart_git/Foundry-daggerheart/Portable-FoundryVTT-v13.348/App/resources/app/dist/database/backend/server-document.mjs:1:2782)","timestamp":"2026-03-09 14:04:56"}
{"level":"error","message":"An error occurred during the migration of RollTable record [tF04P02yVN1YDVel] of database \"daggerheart.rolltables\":\nError: Documents from a core version newer than the running version cannot be migrated\n    at TableResult._migrateRecord (file:///D:/Juegos/Foundry_daggerheart_git/Foundry-daggerheart/Portable-FoundryVTT-v13.348/App/resources/app/dist/database/backend/server-document.mjs:1:3713)\n    at Function._migrateEmbeddedRecords (file:///D:/Juegos/Foundry_daggerheart_git/Foundry-daggerheart/Portable-FoundryVTT-v13.348/App/resources/app/dist/database/backend/server-document.mjs:1:4614)\n    at Function._migrateRecord (file:///D:/Juegos/Foundry_daggerheart_git/Foundry-daggerheart/Portable-FoundryVTT-v13.348/App/resources/app/dist/database/backend/server-document.mjs:1:4119)\n    at Function._migrateDocuments (file:///D:/Juegos/Foundry_daggerheart_git/Foundry-daggerheart/Portable-FoundryVTT-v13.348/App/resources/app/dist/database/backend/server-document.mjs:1:2782)","timestamp":"2026-03-09 14:04:56"}
{"level":"warn","message":"Database daggerheart.rolltables was not fully migrated due to errors during migration.","timestamp":"2026-03-09 14:04:56"}
{"level":"error","message":"An error occurred during the migration of Macro record [AksCh0ciaGx7BuyA] of database \"daggerheart-extra-content.macros\":\nError: Documents from a core version newer than the running version cannot be migrated\n    at Function._migrateRecord (file:///D:/Juegos/Foundry_daggerheart_git/Foundry-daggerheart/Portable-FoundryVTT-v13.348/App/resources/app/dist/database/backend/server-document.mjs:1:3713)\n    at Function._migrateDocuments (file:///D:/Juegos/Foundry_daggerheart_git/Foundry-daggerheart/Portable-FoundryVTT-v13.348/App/resources/app/dist/database/backend/server-document.mjs:1:2782)","timestamp":"2026-03-09 14:04:56"}
{"level":"error","message":"An error occurred during the migration of Macro record [Ek2uYtA3xm78MKEc] of database \"daggerheart-extra-content.macros\":\nError: Documents from a core version newer than the running version cannot be migrated\n    at Function._migrateRecord (file:///D:/Juegos/Foundry_daggerheart_git/Foundry-daggerheart/Portable-FoundryVTT-v13.348/App/resources/app/dist/database/backend/server-document.mjs:1:3713)\n    at Function._migrateDocuments (file:///D:/Juegos/Foundry_daggerheart_git/Foundry-daggerheart/Portable-FoundryVTT-v13.348/App/resources/app/dist/database/backend/server-document.mjs:1:2782)","timestamp":"2026-03-09 14:04:56"}
{"level":"error","message":"An error occurred during the migration of Macro record [FUXtgmbsROZ9EZ64] of database \"daggerheart-extra-content.macros\":\nError: Documents from a core version newer than the running version cannot be migrated\n    at Function._migrateRecord (file:///D:/Juegos/Foundry_daggerheart_git/Foundry-daggerheart/Portable-FoundryVTT-v13.348/App/resources/app/dist/database/backend/server-document.mjs:1:3713)\n    at Function._migrateDocuments (file:///D:/Juegos/Foundry_daggerheart_git/Foundry-daggerheart/Portable-FoundryVTT-v13.348/App/resources/app/dist/database/backend/server-document.mjs:1:2782)","timestamp":"2026-03-09 14:04:56"}
{"level":"error","message":"An error occurred during the migration of Macro record [KMIecMvorWDWynzv] of database \"daggerheart-extra-content.macros\":\nError: Documents from a core version newer than the running version cannot be migrated\n    at Function._migrateRecord (file:///D:/Juegos/Foundry_daggerheart_git/Foundry-daggerheart/Portable-FoundryVTT-v13.348/App/resources/app/dist/database/backend/server-document.mjs:1:3713)\n    at Function._migrateDocuments (file:///D:/Juegos/Foundry_daggerheart_git/Foundry-daggerheart/Portable-FoundryVTT-v13.348/App/resources/app/dist/database/backend/server-document.mjs:1:2782)","timestamp":"2026-03-09 14:04:56"}
{"level":"error","message":"An error occurred during the migration of Macro record [MrVaunevxMfD1jiI] of database \"daggerheart-extra-content.macros\":\nError: Documents from a core version newer than the running version cannot be migrated\n    at Function._migrateRecord (file:///D:/Juegos/Foundry_daggerheart_git/Foundry-daggerheart/Portable-FoundryVTT-v13.348/App/resources/app/dist/database/backend/server-document.mjs:1:3713)\n    at Function._migrateDocuments (file:///D:/Juegos/Foundry_daggerheart_git/Foundry-daggerheart/Portable-FoundryVTT-v13.348/App/resources/app/dist/database/backend/server-document.mjs:1:2782)","timestamp":"2026-03-09 14:04:56"}
{"level":"error","message":"An error occurred during the migration of Macro record [f4seowyhjSLdBpIw] of database \"daggerheart-extra-content.macros\":\nError: Documents from a core version newer than the running version cannot be migrated\n    at Function._migrateRecord (file:///D:/Juegos/Foundry_daggerheart_git/Foundry-daggerheart/Portable-FoundryVTT-v13.348/App/resources/app/dist/database/backend/server-document.mjs:1:3713)\n    at Function._migrateDocuments (file:///D:/Juegos/Foundry_daggerheart_git/Foundry-daggerheart/Portable-FoundryVTT-v13.348/App/resources/app/dist/database/backend/server-document.mjs:1:2782)","timestamp":"2026-03-09 14:04:56"}
{"level":"error","message":"An error occurred during the migration of Macro record [lCYBPohT8hPPOpeK] of database \"daggerheart-extra-content.macros\":\nError: Documents from a core version newer than the running version cannot be migrated\n    at Function._migrateRecord (file:///D:/Juegos/Foundry_daggerheart_git/Foundry-daggerheart/Portable-FoundryVTT-v13.348/App/resources/app/dist/database/backend/server-document.mjs:1:3713)\n    at Function._migrateDocuments (file:///D:/Juegos/Foundry_daggerheart_git/Foundry-daggerheart/Portable-FoundryVTT-v13.348/App/resources/app/dist/database/backend/server-document.mjs:1:2782)","timestamp":"2026-03-09 14:04:56"}
{"level":"error","message":"An error occurred during the migration of Macro record [mu2CD5fN0NvxcqYl] of database \"daggerheart-extra-content.macros\":\nError: Documents from a core version newer than the running version cannot be migrated\n    at Function._migrateRecord (file:///D:/Juegos/Foundry_daggerheart_git/Foundry-daggerheart/Portable-FoundryVTT-v13.348/App/resources/app/dist/database/backend/server-document.mjs:1:3713)\n    at Function._migrateDocuments (file:///D:/Juegos/Foundry_daggerheart_git/Foundry-daggerheart/Portable-FoundryVTT-v13.348/App/resources/app/dist/database/backend/server-document.mjs:1:2782)","timestamp":"2026-03-09 14:04:56"}
{"level":"error","message":"An error occurred during the migration of Macro record [zWi79s5QqaZnMMtX] of database \"daggerheart-extra-content.macros\":\nError: Documents from a core version newer than the running version cannot be migrated\n    at Function._migrateRecord (file:///D:/Juegos/Foundry_daggerheart_git/Foundry-daggerheart/Portable-FoundryVTT-v13.348/App/resources/app/dist/database/backend/server-document.mjs:1:3713)\n    at Function._migrateDocuments (file:///D:/Juegos/Foundry_daggerheart_git/Foundry-daggerheart/Portable-FoundryVTT-v13.348/App/resources/app/dist/database/backend/server-document.mjs:1:2782)","timestamp":"2026-03-09 14:04:56"}
{"level":"warn","message":"Database daggerheart-extra-content.macros was not fully migrated due to errors during migration.","timestamp":"2026-03-09 14:04:56"}
{"level":"error","message":"An error occurred during the migration of Actor record [2owady11IfU1vset] of database \"daggerheart-extra-content.more-adversaries\":\nError: Documents from a core version newer than the running version cannot be migrated\n    at Function._migrateRecord (file:///D:/Juegos/Foundry_daggerheart_git/Foundry-daggerheart/Portable-FoundryVTT-v13.348/App/resources/app/dist/database/backend/server-document.mjs:1:3713)\n    at Function._migrateDocuments (file:///D:/Juegos/Foundry_daggerheart_git/Foundry-daggerheart/Portable-FoundryVTT-v13.348/App/resources/app/dist/database/backend/server-document.mjs:1:2782)","timestamp":"2026-03-09 14:04:56"}
{"level":"error","message":"An error occurred during the migration of Actor record [3wZn34orKgheuXnE] of database \"daggerheart-extra-content.more-adversaries\":\nError: Documents from a core version newer than the running version cannot be migrated\n    at Function._migrateRecord (file:///D:/Juegos/Foundry_daggerheart_git/Foundry-daggerheart/Portable-FoundryVTT-v13.348/App/resources/app/dist/database/backend/server-document.mjs:1:3713)\n    at Function._migrateDocuments (file:///D:/Juegos/Foundry_daggerheart_git/Foundry-daggerheart/Portable-FoundryVTT-v13.348/App/resources/app/dist/database/backend/server-document.mjs:1:2782)","timestamp":"2026-03-09 14:04:56"}
{"level":"error","message":"An error occurred during the migration of Actor record [4GkDrUgRyp9FHTAN] of database \"daggerheart-extra-content.more-adversaries\":\nError: Documents from a core version newer than the running version cannot be migrated\n    at Function._migrateRecord (file:///D:/Juegos/Foundry_daggerheart_git/Foundry-daggerheart/Portable-FoundryVTT-v13.348/App/resources/app/dist/database/backend/server-document.mjs:1:3713)\n    at Function._migrateDocuments (file:///D:/Juegos/Foundry_daggerheart_git/Foundry-daggerheart/Portable-FoundryVTT-v13.348/App/resources/app/dist/database/backend/server-document.mjs:1:2782)","timestamp":"2026-03-09 14:04:56"}
{"level":"error","message":"An error occurred during the migration of Actor record [6wxPxm4joQnoIjdX] of database \"daggerheart-extra-content.more-adversaries\":\nError: Documents from a core version newer than the running version cannot be migrated\n    at Function._migrateRecord (file:///D:/Juegos/Foundry_daggerheart_git/Foundry-daggerheart/Portable-FoundryVTT-v13.348/App/resources/app/dist/database/backend/server-document.mjs:1:3713)\n    at Function._migrateDocuments (file:///D:/Juegos/Foundry_daggerheart_git/Foundry-daggerheart/Portable-FoundryVTT-v13.348/App/resources/app/dist/database/backend/server-document.mjs:1:2782)","timestamp":"2026-03-09 14:04:56"}
{"level":"error","message":"An error occurred during the migration of Actor record [CBjyTRc9xNjmDAM4] of database \"daggerheart-extra-content.more-adversaries\":\nError: Documents from a core version newer than the running version cannot be migrated\n    at Function._migrateRecord (file:///D:/Juegos/Foundry_daggerheart_git/Foundry-daggerheart/Portable-FoundryVTT-v13.348/App/resources/app/dist/database/backend/server-document.mjs:1:3713)\n    at Function._migrateDocuments (file:///D:/Juegos/Foundry_daggerheart_git/Foundry-daggerheart/Portable-FoundryVTT-v13.348/App/resources/app/dist/database/backend/server-document.mjs:1:2782)","timestamp":"2026-03-09 14:04:56"}
{"level":"error","message":"An error occurred during the migration of Actor record [D2mYxxduZN4h55cD] of database \"daggerheart-extra-content.more-adversaries\":\nError: Documents from a core version newer than the running version cannot be migrated\n    at Function._migrateRecord (file:///D:/Juegos/Foundry_daggerheart_git/Foundry-daggerheart/Portable-FoundryVTT-v13.348/App/resources/app/dist/database/backend/server-document.mjs:1:3713)\n    at Function._migrateDocuments (file:///D:/Juegos/Foundry_daggerheart_git/Foundry-daggerheart/Portable-FoundryVTT-v13.348/App/resources/app/dist/database/backend/server-document.mjs:1:2782)","timestamp":"2026-03-09 14:04:56"}
{"level":"error","message":"An error occurred during the migration of Actor record [GZeCYbWDzYS2iCF9] of database \"daggerheart-extra-content.more-adversaries\":\nError: Documents from a core version newer than the running version cannot be migrated\n    at Function._migrateRecord (file:///D:/Juegos/Foundry_daggerheart_git/Foundry-daggerheart/Portable-FoundryVTT-v13.348/App/resources/app/dist/database/backend/server-document.mjs:1:3713)\n    at Function._migrateDocuments (file:///D:/Juegos/Foundry_daggerheart_git/Foundry-daggerheart/Portable-FoundryVTT-v13.348/App/resources/app/dist/database/backend/server-document.mjs:1:2782)","timestamp":"2026-03-09 14:04:56"}
{"level":"error","message":"An error occurred during the migration of Actor record [HFoDDFrRRoLOx6rS] of database \"daggerheart-extra-content.more-adversaries\":\nError: Documents from a core version newer than the running version cannot be migrated\n    at Function._migrateRecord (file:///D:/Juegos/Foundry_daggerheart_git/Foundry-daggerheart/Portable-FoundryVTT-v13.348/App/resources/app/dist/database/backend/server-document.mjs:1:3713)\n    at Function._migrateDocuments (file:///D:/Juegos/Foundry_daggerheart_git/Foundry-daggerheart/Portable-FoundryVTT-v13.348/App/resources/app/dist/database/backend/server-document.mjs:1:2782)","timestamp":"2026-03-09 14:04:56"}
{"level":"error","message":"An error occurred during the migration of Actor record [Je6XBGhfDKSY3DEk] of database \"daggerheart-extra-content.more-adversaries\":\nError: Documents from a core version newer than the running version cannot be migrated\n    at Function._migrateRecord (file:///D:/Juegos/Foundry_daggerheart_git/Foundry-daggerheart/Portable-FoundryVTT-v13.348/App/resources/app/dist/database/backend/server-document.mjs:1:3713)\n    at Function._migrateDocuments (file:///D:/Juegos/Foundry_daggerheart_git/Foundry-daggerheart/Portable-FoundryVTT-v13.348/App/resources/app/dist/database/backend/server-document.mjs:1:2782)","timestamp":"2026-03-09 14:04:56"}
{"level":"error","message":"An error occurred during the migration of Actor record [RIpmM1hiW9aRSlR5] of database \"daggerheart-extra-content.more-adversaries\":\nError: Documents from a core version newer than the running version cannot be migrated\n    at Function._migrateRecord (file:///D:/Juegos/Foundry_daggerheart_git/Foundry-daggerheart/Portable-FoundryVTT-v13.348/App/resources/app/dist/database/backend/server-document.mjs:1:3713)\n    at Function._migrateDocuments (file:///D:/Juegos/Foundry_daggerheart_git/Foundry-daggerheart/Portable-FoundryVTT-v13.348/App/resources/app/dist/database/backend/server-document.mjs:1:2782)","timestamp":"2026-03-09 14:04:56"}
{"level":"error","message":"An error occurred during the migration of Actor record [RlIaKDY410J1Braw] of database \"daggerheart-extra-content.more-adversaries\":\nError: Documents from a core version newer than the running version cannot be migrated\n    at Function._migrateRecord (file:///D:/Juegos/Foundry_daggerheart_git/Foundry-daggerheart/Portable-FoundryVTT-v13.348/App/resources/app/dist/database/backend/server-document.mjs:1:3713)\n    at Function._migrateDocuments (file:///D:/Juegos/Foundry_daggerheart_git/Foundry-daggerheart/Portable-FoundryVTT-v13.348/App/resources/app/dist/database/backend/server-document.mjs:1:2782)","timestamp":"2026-03-09 14:04:56"}
{"level":"error","message":"An error occurred during the migration of Actor record [Uu7RvfCQnjz6CNhI] of database \"daggerheart-extra-content.more-adversaries\":\nError: Documents from a core version newer than the running version cannot be migrated\n    at Function._migrateRecord (file:///D:/Juegos/Foundry_daggerheart_git/Foundry-daggerheart/Portable-FoundryVTT-v13.348/App/resources/app/dist/database/backend/server-document.mjs:1:3713)\n    at Function._migrateDocuments (file:///D:/Juegos/Foundry_daggerheart_git/Foundry-daggerheart/Portable-FoundryVTT-v13.348/App/resources/app/dist/database/backend/server-document.mjs:1:2782)","timestamp":"2026-03-09 14:04:56"}
{"level":"error","message":"An error occurred during the migration of Actor record [dz7P6qQlXyDH34fj] of database \"daggerheart-extra-content.more-adversaries\":\nError: Documents from a core version newer than the running version cannot be migrated\n    at Function._migrateRecord (file:///D:/Juegos/Foundry_daggerheart_git/Foundry-daggerheart/Portable-FoundryVTT-v13.348/App/resources/app/dist/database/backend/server-document.mjs:1:3713)\n    at Function._migrateDocuments (file:///D:/Juegos/Foundry_daggerheart_git/Foundry-daggerheart/Portable-FoundryVTT-v13.348/App/resources/app/dist/database/backend/server-document.mjs:1:2782)","timestamp":"2026-03-09 14:04:56"}
{"level":"error","message":"An error occurred during the migration of Actor record [eQ87jrVECayfpio3] of database \"daggerheart-extra-content.more-adversaries\":\nError: Documents from a core version newer than the running version cannot be migrated\n    at Function._migrateRecord (file:///D:/Juegos/Foundry_daggerheart_git/Foundry-daggerheart/Portable-FoundryVTT-v13.348/App/resources/app/dist/database/backend/server-document.mjs:1:3713)\n    at Function._migrateDocuments (file:///D:/Juegos/Foundry_daggerheart_git/Foundry-daggerheart/Portable-FoundryVTT-v13.348/App/resources/app/dist/database/backend/server-document.mjs:1:2782)","timestamp":"2026-03-09 14:04:56"}
{"level":"error","message":"An error occurred during the migration of Actor record [f7a0iCjxLOcnoOry] of database \"daggerheart-extra-content.more-adversaries\":\nError: Documents from a core version newer than the running version cannot be migrated\n    at Function._migrateRecord (file:///D:/Juegos/Foundry_daggerheart_git/Foundry-daggerheart/Portable-FoundryVTT-v13.348/App/resources/app/dist/database/backend/server-document.mjs:1:3713)\n    at Function._migrateDocuments (file:///D:/Juegos/Foundry_daggerheart_git/Foundry-daggerheart/Portable-FoundryVTT-v13.348/App/resources/app/dist/database/backend/server-document.mjs:1:2782)","timestamp":"2026-03-09 14:04:56"}
{"level":"error","message":"An error occurred during the migration of Actor record [j0ncG4oNxG6c7CoZ] of database \"daggerheart-extra-content.more-adversaries\":\nError: Documents from a core version newer than the running version cannot be migrated\n    at Function._migrateRecord (file:///D:/Juegos/Foundry_daggerheart_git/Foundry-daggerheart/Portable-FoundryVTT-v13.348/App/resources/app/dist/database/backend/server-document.mjs:1:3713)\n    at Function._migrateDocuments (file:///D:/Juegos/Foundry_daggerheart_git/Foundry-daggerheart/Portable-FoundryVTT-v13.348/App/resources/app/dist/database/backend/server-document.mjs:1:2782)","timestamp":"2026-03-09 14:04:56"}
{"level":"error","message":"An error occurred during the migration of Actor record [n7SBEHvb48tFamKO] of database \"daggerheart-extra-content.more-adversaries\":\nError: Documents from a core version newer than the running version cannot be migrated\n    at Function._migrateRecord (file:///D:/Juegos/Foundry_daggerheart_git/Foundry-daggerheart/Portable-FoundryVTT-v13.348/App/resources/app/dist/database/backend/server-document.mjs:1:3713)\n    at Function._migrateDocuments (file:///D:/Juegos/Foundry_daggerheart_git/Foundry-daggerheart/Portable-FoundryVTT-v13.348/App/resources/app/dist/database/backend/server-document.mjs:1:2782)","timestamp":"2026-03-09 14:04:56"}
{"level":"error","message":"An error occurred during the migration of Actor record [p7LYTbyuPUNisLQ5] of database \"daggerheart-extra-content.more-adversaries\":\nError: Documents from a core version newer than the running version cannot be migrated\n    at Function._migrateRecord (file:///D:/Juegos/Foundry_daggerheart_git/Foundry-daggerheart/Portable-FoundryVTT-v13.348/App/resources/app/dist/database/backend/server-document.mjs:1:3713)\n    at Function._migrateDocuments (file:///D:/Juegos/Foundry_daggerheart_git/Foundry-daggerheart/Portable-FoundryVTT-v13.348/App/resources/app/dist/database/backend/server-document.mjs:1:2782)","timestamp":"2026-03-09 14:04:56"}
{"level":"error","message":"An error occurred during the migration of Actor record [pCEWxOqd7C0B9DxO] of database \"daggerheart-extra-content.more-adversaries\":\nError: Documents from a core version newer than the running version cannot be migrated\n    at Function._migrateRecord (file:///D:/Juegos/Foundry_daggerheart_git/Foundry-daggerheart/Portable-FoundryVTT-v13.348/App/resources/app/dist/database/backend/server-document.mjs:1:3713)\n    at Function._migrateDocuments (file:///D:/Juegos/Foundry_daggerheart_git/Foundry-daggerheart/Portable-FoundryVTT-v13.348/App/resources/app/dist/database/backend/server-document.mjs:1:2782)","timestamp":"2026-03-09 14:04:56"}
{"level":"error","message":"An error occurred during the migration of Actor record [pCkMBn3zgF4WA1zz] of database \"daggerheart-extra-content.more-adversaries\":\nError: Documents from a core version newer than the running version cannot be migrated\n    at Function._migrateRecord (file:///D:/Juegos/Foundry_daggerheart_git/Foundry-daggerheart/Portable-FoundryVTT-v13.348/App/resources/app/dist/database/backend/server-document.mjs:1:3713)\n    at Function._migrateDocuments (file:///D:/Juegos/Foundry_daggerheart_git/Foundry-daggerheart/Portable-FoundryVTT-v13.348/App/resources/app/dist/database/backend/server-document.mjs:1:2782)","timestamp":"2026-03-09 14:04:56"}
{"level":"error","message":"An error occurred during the migration of Actor record [sEtsUW24RgFB83TQ] of database \"daggerheart-extra-content.more-adversaries\":\nError: Documents from a core version newer than the running version cannot be migrated\n    at Function._migrateRecord (file:///D:/Juegos/Foundry_daggerheart_git/Foundry-daggerheart/Portable-FoundryVTT-v13.348/App/resources/app/dist/database/backend/server-document.mjs:1:3713)\n    at Function._migrateDocuments (file:///D:/Juegos/Foundry_daggerheart_git/Foundry-daggerheart/Portable-FoundryVTT-v13.348/App/resources/app/dist/database/backend/server-document.mjs:1:2782)","timestamp":"2026-03-09 14:04:56"}
{"level":"error","message":"An error occurred during the migration of Actor record [sKqhR4Gzsc953DBq] of database \"daggerheart-extra-content.more-adversaries\":\nError: Documents from a core version newer than the running version cannot be migrated\n    at Function._migrateRecord (file:///D:/Juegos/Foundry_daggerheart_git/Foundry-daggerheart/Portable-FoundryVTT-v13.348/App/resources/app/dist/database/backend/server-document.mjs:1:3713)\n    at Function._migrateDocuments (file:///D:/Juegos/Foundry_daggerheart_git/Foundry-daggerheart/Portable-FoundryVTT-v13.348/App/resources/app/dist/database/backend/server-document.mjs:1:2782)","timestamp":"2026-03-09 14:04:56"}
{"level":"warn","message":"Database daggerheart-extra-content.more-adversaries was not fully migrated due to errors during migration.","timestamp":"2026-03-09 14:04:56"}
{"level":"error","message":"An error occurred during the migration of Item record [04I86qVoEQ310sCR] of database \"daggerheart-extra-content.ancestry\":\nError: Documents from a core version newer than the running version cannot be migrated\n    at Function._migrateRecord (file:///D:/Juegos/Foundry_daggerheart_git/Foundry-daggerheart/Portable-FoundryVTT-v13.348/App/resources/app/dist/database/backend/server-document.mjs:1:3713)\n    at Function._migrateDocuments (file:///D:/Juegos/Foundry_daggerheart_git/Foundry-daggerheart/Portable-FoundryVTT-v13.348/App/resources/app/dist/database/backend/server-document.mjs:1:2782)","timestamp":"2026-03-09 14:04:56"}
{"level":"error","message":"An error occurred during the migration of Item record [2zyMaehKcKOEGM4E] of database \"daggerheart-extra-content.ancestry\":\nError: Documents from a core version newer than the running version cannot be migrated\n    at Function._migrateRecord (file:///D:/Juegos/Foundry_daggerheart_git/Foundry-daggerheart/Portable-FoundryVTT-v13.348/App/resources/app/dist/database/backend/server-document.mjs:1:3713)\n    at Function._migrateDocuments (file:///D:/Juegos/Foundry_daggerheart_git/Foundry-daggerheart/Portable-FoundryVTT-v13.348/App/resources/app/dist/database/backend/server-document.mjs:1:2782)","timestamp":"2026-03-09 14:04:56"}
{"level":"error","message":"An error occurred during the migration of Item record [Fc3hqveUPZNSVSk7] of database \"daggerheart-extra-content.ancestry\":\nError: Documents from a core version newer than the running version cannot be migrated\n    at Function._migrateRecord (file:///D:/Juegos/Foundry_daggerheart_git/Foundry-daggerheart/Portable-FoundryVTT-v13.348/App/resources/app/dist/database/backend/server-document.mjs:1:3713)\n    at Function._migrateDocuments (file:///D:/Juegos/Foundry_daggerheart_git/Foundry-daggerheart/Portable-FoundryVTT-v13.348/App/resources/app/dist/database/backend/server-document.mjs:1:2782)","timestamp":"2026-03-09 14:04:56"}
{"level":"error","message":"An error occurred during the migration of Item record [QbBbdOgrtxEIWQHB] of database \"daggerheart-extra-content.ancestry\":\nError: Documents from a core version newer than the running version cannot be migrated\n    at Function._migrateRecord (file:///D:/Juegos/Foundry_daggerheart_git/Foundry-daggerheart/Portable-FoundryVTT-v13.348/App/resources/app/dist/database/backend/server-document.mjs:1:3713)\n    at Function._migrateDocuments (file:///D:/Juegos/Foundry_daggerheart_git/Foundry-daggerheart/Portable-FoundryVTT-v13.348/App/resources/app/dist/database/backend/server-document.mjs:1:2782)","timestamp":"2026-03-09 14:04:56"}
{"level":"error","message":"An error occurred during the migration of Item record [WOHi9gvF8Ha10EnF] of database \"daggerheart-extra-content.ancestry\":\nError: Documents from a core version newer than the running version cannot be migrated\n    at Function._migrateRecord (file:///D:/Juegos/Foundry_daggerheart_git/Foundry-daggerheart/Portable-FoundryVTT-v13.348/App/resources/app/dist/database/backend/server-document.mjs:1:3713)\n    at Function._migrateDocuments (file:///D:/Juegos/Foundry_daggerheart_git/Foundry-daggerheart/Portable-FoundryVTT-v13.348/App/resources/app/dist/database/backend/server-document.mjs:1:2782)","timestamp":"2026-03-09 14:04:56"}
{"level":"error","message":"An error occurred during the migration of Item record [jP4n9wzq0wvfxULo] of database \"daggerheart-extra-content.ancestry\":\nError: Documents from a core version newer than the running version cannot be migrated\n    at Function._migrateRecord (file:///D:/Juegos/Foundry_daggerheart_git/Foundry-daggerheart/Portable-FoundryVTT-v13.348/App/resources/app/dist/database/backend/server-document.mjs:1:3713)\n    at Function._migrateDocuments (file:///D:/Juegos/Foundry_daggerheart_git/Foundry-daggerheart/Portable-FoundryVTT-v13.348/App/resources/app/dist/database/backend/server-document.mjs:1:2782)","timestamp":"2026-03-09 14:04:56"}
{"level":"error","message":"An error occurred during the migration of Item record [pjtNmhoBNxjrzRPk] of database \"daggerheart-extra-content.ancestry\":\nError: Documents from a core version newer than the running version cannot be migrated\n    at Function._migrateRecord (file:///D:/Juegos/Foundry_daggerheart_git/Foundry-daggerheart/Portable-FoundryVTT-v13.348/App/resources/app/dist/database/backend/server-document.mjs:1:3713)\n    at Function._migrateDocuments (file:///D:/Juegos/Foundry_daggerheart_git/Foundry-daggerheart/Portable-FoundryVTT-v13.348/App/resources/app/dist/database/backend/server-document.mjs:1:2782)","timestamp":"2026-03-09 14:04:56"}
{"level":"error","message":"An error occurred during the migration of Item record [vWfsYRjrKPUne2nZ] of database \"daggerheart-extra-content.ancestry\":\nError: Documents from a core version newer than the running version cannot be migrated\n    at Function._migrateRecord (file:///D:/Juegos/Foundry_daggerheart_git/Foundry-daggerheart/Portable-FoundryVTT-v13.348/App/resources/app/dist/database/backend/server-document.mjs:1:3713)\n    at Function._migrateDocuments (file:///D:/Juegos/Foundry_daggerheart_git/Foundry-daggerheart/Portable-FoundryVTT-v13.348/App/resources/app/dist/database/backend/server-document.mjs:1:2782)","timestamp":"2026-03-09 14:04:56"}
{"level":"error","message":"An error occurred during the migration of Item record [y4tOp4lUYpyC7YJW] of database \"daggerheart-extra-content.ancestry\":\nError: Documents from a core version newer than the running version cannot be migrated\n    at Function._migrateRecord (file:///D:/Juegos/Foundry_daggerheart_git/Foundry-daggerheart/Portable-FoundryVTT-v13.348/App/resources/app/dist/database/backend/server-document.mjs:1:3713)\n    at Function._migrateDocuments (file:///D:/Juegos/Foundry_daggerheart_git/Foundry-daggerheart/Portable-FoundryVTT-v13.348/App/resources/app/dist/database/backend/server-document.mjs:1:2782)","timestamp":"2026-03-09 14:04:56"}
{"level":"warn","message":"Database daggerheart-extra-content.ancestry was not fully migrated due to errors during migration.","timestamp":"2026-03-09 14:04:56"}
{"level":"error","message":"An error occurred during the migration of Item record [8D0NQR901j0Kx0zb] of database \"daggerheart-extra-content.classes\":\nError: Documents from a core version newer than the running version cannot be migrated\n    at Function._migrateRecord (file:///D:/Juegos/Foundry_daggerheart_git/Foundry-daggerheart/Portable-FoundryVTT-v13.348/App/resources/app/dist/database/backend/server-document.mjs:1:3713)\n    at Function._migrateDocuments (file:///D:/Juegos/Foundry_daggerheart_git/Foundry-daggerheart/Portable-FoundryVTT-v13.348/App/resources/app/dist/database/backend/server-document.mjs:1:2782)","timestamp":"2026-03-09 14:04:56"}
{"level":"error","message":"An error occurred during the migration of Item record [B90E3nk0uBeZpPw8] of database \"daggerheart-extra-content.classes\":\nError: Documents from a core version newer than the running version cannot be migrated\n    at Function._migrateRecord (file:///D:/Juegos/Foundry_daggerheart_git/Foundry-daggerheart/Portable-FoundryVTT-v13.348/App/resources/app/dist/database/backend/server-document.mjs:1:3713)\n    at Function._migrateDocuments (file:///D:/Juegos/Foundry_daggerheart_git/Foundry-daggerheart/Portable-FoundryVTT-v13.348/App/resources/app/dist/database/backend/server-document.mjs:1:2782)","timestamp":"2026-03-09 14:04:56"}
{"level":"error","message":"An error occurred during the migration of Item record [E5d3CnR98vEXt8QS] of database \"daggerheart-extra-content.classes\":\nError: Documents from a core version newer than the running version cannot be migrated\n    at Function._migrateRecord (file:///D:/Juegos/Foundry_daggerheart_git/Foundry-daggerheart/Portable-FoundryVTT-v13.348/App/resources/app/dist/database/backend/server-document.mjs:1:3713)\n    at Function._migrateDocuments (file:///D:/Juegos/Foundry_daggerheart_git/Foundry-daggerheart/Portable-FoundryVTT-v13.348/App/resources/app/dist/database/backend/server-document.mjs:1:2782)","timestamp":"2026-03-09 14:04:56"}
{"level":"error","message":"An error occurred during the migration of Item record [EcUepPeaFQz7tnme] of database \"daggerheart-extra-content.classes\":\nError: Documents from a core version newer than the running version cannot be migrated\n    at Function._migrateRecord (file:///D:/Juegos/Foundry_daggerheart_git/Foundry-daggerheart/Portable-FoundryVTT-v13.348/App/resources/app/dist/database/backend/server-document.mjs:1:3713)\n    at Function._migrateDocuments (file:///D:/Juegos/Foundry_daggerheart_git/Foundry-daggerheart/Portable-FoundryVTT-v13.348/App/resources/app/dist/database/backend/server-document.mjs:1:2782)","timestamp":"2026-03-09 14:04:56"}
{"level":"error","message":"An error occurred during the migration of Item record [MAT6l8tUvELiLK4L] of database \"daggerheart-extra-content.classes\":\nError: Documents from a core version newer than the running version cannot be migrated\n    at Function._migrateRecord (file:///D:/Juegos/Foundry_daggerheart_git/Foundry-daggerheart/Portable-FoundryVTT-v13.348/App/resources/app/dist/database/backend/server-document.mjs:1:3713)\n    at Function._migrateDocuments (file:///D:/Juegos/Foundry_daggerheart_git/Foundry-daggerheart/Portable-FoundryVTT-v13.348/App/resources/app/dist/database/backend/server-document.mjs:1:2782)","timestamp":"2026-03-09 14:04:56"}
{"level":"error","message":"An error occurred during the migration of Item record [N4mXcAWdpFYJdWZn] of database \"daggerheart-extra-content.classes\":\nError: Documents from a core version newer than the running version cannot be migrated\n    at Function._migrateRecord (file:///D:/Juegos/Foundry_daggerheart_git/Foundry-daggerheart/Portable-FoundryVTT-v13.348/App/resources/app/dist/database/backend/server-document.mjs:1:3713)\n    at Function._migrateDocuments (file:///D:/Juegos/Foundry_daggerheart_git/Foundry-daggerheart/Portable-FoundryVTT-v13.348/App/resources/app/dist/database/backend/server-document.mjs:1:2782)","timestamp":"2026-03-09 14:04:56"}
{"level":"error","message":"An error occurred during the migration of Item record [g01PAvRJsgiUHpnD] of database \"daggerheart-extra-content.classes\":\nError: Documents from a core version newer than the running version cannot be migrated\n    at Function._migrateRecord (file:///D:/Juegos/Foundry_daggerheart_git/Foundry-daggerheart/Portable-FoundryVTT-v13.348/App/resources/app/dist/database/backend/server-document.mjs:1:3713)\n    at Function._migrateDocuments (file:///D:/Juegos/Foundry_daggerheart_git/Foundry-daggerheart/Portable-FoundryVTT-v13.348/App/resources/app/dist/database/backend/server-document.mjs:1:2782)","timestamp":"2026-03-09 14:04:56"}
{"level":"error","message":"An error occurred during the migration of Item record [hXehaNaOdYzSJqxf] of database \"daggerheart-extra-content.classes\":\nError: Documents from a core version newer than the running version cannot be migrated\n    at Function._migrateRecord (file:///D:/Juegos/Foundry_daggerheart_git/Foundry-daggerheart/Portable-FoundryVTT-v13.348/App/resources/app/dist/database/backend/server-document.mjs:1:3713)\n    at Function._migrateDocuments (file:///D:/Juegos/Foundry_daggerheart_git/Foundry-daggerheart/Portable-FoundryVTT-v13.348/App/resources/app/dist/database/backend/server-document.mjs:1:2782)","timestamp":"2026-03-09 14:04:56"}
{"level":"error","message":"An error occurred during the migration of Item record [k4NTq8kIqQNNv9bl] of database \"daggerheart-extra-content.classes\":\nError: Documents from a core version newer than the running version cannot be migrated\n    at Function._migrateRecord (file:///D:/Juegos/Foundry_daggerheart_git/Foundry-daggerheart/Portable-FoundryVTT-v13.348/App/resources/app/dist/database/backend/server-document.mjs:1:3713)\n    at Function._migrateDocuments (file:///D:/Juegos/Foundry_daggerheart_git/Foundry-daggerheart/Portable-FoundryVTT-v13.348/App/resources/app/dist/database/backend/server-document.mjs:1:2782)","timestamp":"2026-03-09 14:04:56"}
{"level":"error","message":"An error occurred during the migration of Item record [m0xIb9uq6tlZdsoz] of database \"daggerheart-extra-content.classes\":\nError: Documents from a core version newer than the running version cannot be migrated\n    at Function._migrateRecord (file:///D:/Juegos/Foundry_daggerheart_git/Foundry-daggerheart/Portable-FoundryVTT-v13.348/App/resources/app/dist/database/backend/server-document.mjs:1:3713)\n    at Function._migrateDocuments (file:///D:/Juegos/Foundry_daggerheart_git/Foundry-daggerheart/Portable-FoundryVTT-v13.348/App/resources/app/dist/database/backend/server-document.mjs:1:2782)","timestamp":"2026-03-09 14:04:56"}
{"level":"error","message":"An error occurred during the migration of Item record [mYoYtle6DKA0UwQd] of database \"daggerheart-extra-content.classes\":\nError: Documents from a core version newer than the running version cannot be migrated\n    at Function._migrateRecord (file:///D:/Juegos/Foundry_daggerheart_git/Foundry-daggerheart/Portable-FoundryVTT-v13.348/App/resources/app/dist/database/backend/server-document.mjs:1:3713)\n    at Function._migrateDocuments (file:///D:/Juegos/Foundry_daggerheart_git/Foundry-daggerheart/Portable-FoundryVTT-v13.348/App/resources/app/dist/database/backend/server-document.mjs:1:2782)","timestamp":"2026-03-09 14:04:56"}
{"level":"error","message":"An error occurred during the migration of Item record [xGemeGMXhosaM22K] of database \"daggerheart-extra-content.classes\":\nError: Documents from a core version newer than the running version cannot be migrated\n    at Function._migrateRecord (file:///D:/Juegos/Foundry_daggerheart_git/Foundry-daggerheart/Portable-FoundryVTT-v13.348/App/resources/app/dist/database/backend/server-document.mjs:1:3713)\n    at Function._migrateDocuments (file:///D:/Juegos/Foundry_daggerheart_git/Foundry-daggerheart/Portable-FoundryVTT-v13.348/App/resources/app/dist/database/backend/server-document.mjs:1:2782)","timestamp":"2026-03-09 14:04:56"}
{"level":"error","message":"An error occurred during the migration of Item record [zzaKRTPuYEahfilp] of database \"daggerheart-extra-content.classes\":\nError: Documents from a core version newer than the running version cannot be migrated\n    at Function._migrateRecord (file:///D:/Juegos/Foundry_daggerheart_git/Foundry-daggerheart/Portable-FoundryVTT-v13.348/App/resources/app/dist/database/backend/server-document.mjs:1:3713)\n    at Function._migrateDocuments (file:///D:/Juegos/Foundry_daggerheart_git/Foundry-daggerheart/Portable-FoundryVTT-v13.348/App/resources/app/dist/database/backend/server-document.mjs:1:2782)","timestamp":"2026-03-09 14:04:56"}
{"level":"warn","message":"Database daggerheart-extra-content.classes was not fully migrated due to errors during migration.","timestamp":"2026-03-09 14:04:56"}
{"level":"error","message":"An error occurred during the migration of Item record [0YAGrauVMvqpHUou] of database \"daggerheart-extra-content.subclasses\":\nError: Documents from a core version newer than the running version cannot be migrated\n    at Function._migrateRecord (file:///D:/Juegos/Foundry_daggerheart_git/Foundry-daggerheart/Portable-FoundryVTT-v13.348/App/resources/app/dist/database/backend/server-document.mjs:1:3713)\n    at Function._migrateDocuments (file:///D:/Juegos/Foundry_daggerheart_git/Foundry-daggerheart/Portable-FoundryVTT-v13.348/App/resources/app/dist/database/backend/server-document.mjs:1:2782)","timestamp":"2026-03-09 14:04:56"}
{"level":"error","message":"An error occurred during the migration of Item record [1vMdJBGISqJYzAA8] of database \"daggerheart-extra-content.subclasses\":\nError: Documents from a core version newer than the running version cannot be migrated\n    at Function._migrateRecord (file:///D:/Juegos/Foundry_daggerheart_git/Foundry-daggerheart/Portable-FoundryVTT-v13.348/App/resources/app/dist/database/backend/server-document.mjs:1:3713)\n    at Function._migrateDocuments (file:///D:/Juegos/Foundry_daggerheart_git/Foundry-daggerheart/Portable-FoundryVTT-v13.348/App/resources/app/dist/database/backend/server-document.mjs:1:2782)","timestamp":"2026-03-09 14:04:56"}
{"level":"error","message":"An error occurred during the migration of Item record [48oK5ke7KNhEoSBK] of database \"daggerheart-extra-content.subclasses\":\nError: Documents from a core version newer than the running version cannot be migrated\n    at Function._migrateRecord (file:///D:/Juegos/Foundry_daggerheart_git/Foundry-daggerheart/Portable-FoundryVTT-v13.348/App/resources/app/dist/database/backend/server-document.mjs:1:3713)\n    at Function._migrateDocuments (file:///D:/Juegos/Foundry_daggerheart_git/Foundry-daggerheart/Portable-FoundryVTT-v13.348/App/resources/app/dist/database/backend/server-document.mjs:1:2782)","timestamp":"2026-03-09 14:04:56"}
{"level":"error","message":"An error occurred during the migration of Item record [DeyoqbkHGP5Zm5bb] of database \"daggerheart-extra-content.subclasses\":\nError: Documents from a core version newer than the running version cannot be migrated\n    at Function._migrateRecord (file:///D:/Juegos/Foundry_daggerheart_git/Foundry-daggerheart/Portable-FoundryVTT-v13.348/App/resources/app/dist/database/backend/server-document.mjs:1:3713)\n    at Function._migrateDocuments (file:///D:/Juegos/Foundry_daggerheart_git/Foundry-daggerheart/Portable-FoundryVTT-v13.348/App/resources/app/dist/database/backend/server-document.mjs:1:2782)","timestamp":"2026-03-09 14:04:56"}
{"level":"error","message":"An error occurred during the migration of Item record [HQmOhlvOcO5GjiRG] of database \"daggerheart-extra-content.subclasses\":\nError: Documents from a core version newer than the running version cannot be migrated\n    at Function._migrateRecord (file:///D:/Juegos/Foundry_daggerheart_git/Foundry-daggerheart/Portable-FoundryVTT-v13.348/App/resources/app/dist/database/backend/server-document.mjs:1:3713)\n    at Function._migrateDocuments (file:///D:/Juegos/Foundry_daggerheart_git/Foundry-daggerheart/Portable-FoundryVTT-v13.348/App/resources/app/dist/database/backend/server-document.mjs:1:2782)","timestamp":"2026-03-09 14:04:56"}
{"level":"error","message":"An error occurred during the migration of Item record [LCqFlGKsObwYDIEm] of database \"daggerheart-extra-content.subclasses\":\nError: Documents from a core version newer than the running version cannot be migrated\n    at Function._migrateRecord (file:///D:/Juegos/Foundry_daggerheart_git/Foundry-daggerheart/Portable-FoundryVTT-v13.348/App/resources/app/dist/database/backend/server-document.mjs:1:3713)\n    at Function._migrateDocuments (file:///D:/Juegos/Foundry_daggerheart_git/Foundry-daggerheart/Portable-FoundryVTT-v13.348/App/resources/app/dist/database/backend/server-document.mjs:1:2782)","timestamp":"2026-03-09 14:04:56"}
{"level":"error","message":"An error occurred during the migration of Item record [ThjRka7o73hN3p0B] of database \"daggerheart-extra-content.subclasses\":\nError: Documents from a core version newer than the running version cannot be migrated\n    at Function._migrateRecord (file:///D:/Juegos/Foundry_daggerheart_git/Foundry-daggerheart/Portable-FoundryVTT-v13.348/App/resources/app/dist/database/backend/server-document.mjs:1:3713)\n    at Function._migrateDocuments (file:///D:/Juegos/Foundry_daggerheart_git/Foundry-daggerheart/Portable-FoundryVTT-v13.348/App/resources/app/dist/database/backend/server-document.mjs:1:2782)","timestamp":"2026-03-09 14:04:56"}
{"level":"error","message":"An error occurred during the migration of Item record [UOiFsix0pZrccp1y] of database \"daggerheart-extra-content.subclasses\":\nError: Documents from a core version newer than the running version cannot be migrated\n    at Function._migrateRecord (file:///D:/Juegos/Foundry_daggerheart_git/Foundry-daggerheart/Portable-FoundryVTT-v13.348/App/resources/app/dist/database/backend/server-document.mjs:1:3713)\n    at Function._migrateDocuments (file:///D:/Juegos/Foundry_daggerheart_git/Foundry-daggerheart/Portable-FoundryVTT-v13.348/App/resources/app/dist/database/backend/server-document.mjs:1:2782)","timestamp":"2026-03-09 14:04:56"}
{"level":"error","message":"An error occurred during the migration of Item record [YtPj46QA47slm76U] of database \"daggerheart-extra-content.subclasses\":\nError: Documents from a core version newer than the running version cannot be migrated\n    at Function._migrateRecord (file:///D:/Juegos/Foundry_daggerheart_git/Foundry-daggerheart/Portable-FoundryVTT-v13.348/App/resources/app/dist/database/backend/server-document.mjs:1:3713)\n    at Function._migrateDocuments (file:///D:/Juegos/Foundry_daggerheart_git/Foundry-daggerheart/Portable-FoundryVTT-v13.348/App/resources/app/dist/database/backend/server-document.mjs:1:2782)","timestamp":"2026-03-09 14:04:56"}
{"level":"error","message":"An error occurred during the migration of Item record [Z2oD6qtFjxzDYqWV] of database \"daggerheart-extra-content.subclasses\":\nError: Documents from a core version newer than the running version cannot be migrated\n    at Function._migrateRecord (file:///D:/Juegos/Foundry_daggerheart_git/Foundry-daggerheart/Portable-FoundryVTT-v13.348/App/resources/app/dist/database/backend/server-document.mjs:1:3713)\n    at Function._migrateDocuments (file:///D:/Juegos/Foundry_daggerheart_git/Foundry-daggerheart/Portable-FoundryVTT-v13.348/App/resources/app/dist/database/backend/server-document.mjs:1:2782)","timestamp":"2026-03-09 14:04:56"}
{"level":"error","message":"An error occurred during the migration of Item record [aKNaVPnQeDzCZl6w] of database \"daggerheart-extra-content.subclasses\":\nError: Documents from a core version newer than the running version cannot be migrated\n    at Function._migrateRecord (file:///D:/Juegos/Foundry_daggerheart_git/Foundry-daggerheart/Portable-FoundryVTT-v13.348/App/resources/app/dist/database/backend/server-document.mjs:1:3713)\n    at Function._migrateDocuments (file:///D:/Juegos/Foundry_daggerheart_git/Foundry-daggerheart/Portable-FoundryVTT-v13.348/App/resources/app/dist/database/backend/server-document.mjs:1:2782)","timestamp":"2026-03-09 14:04:56"}
{"level":"error","message":"An error occurred during the migration of Item record [bQMybQa340rpMCR8] of database \"daggerheart-extra-content.subclasses\":\nError: Documents from a core version newer than the running version cannot be migrated\n    at Function._migrateRecord (file:///D:/Juegos/Foundry_daggerheart_git/Foundry-daggerheart/Portable-FoundryVTT-v13.348/App/resources/app/dist/database/backend/server-document.mjs:1:3713)\n    at Function._migrateDocuments (file:///D:/Juegos/Foundry_daggerheart_git/Foundry-daggerheart/Portable-FoundryVTT-v13.348/App/resources/app/dist/database/backend/server-document.mjs:1:2782)","timestamp":"2026-03-09 14:04:56"}
{"level":"error","message":"An error occurred during the migration of Item record [eM46wwEPFHNI99sq] of database \"daggerheart-extra-content.subclasses\":\nError: Documents from a core version newer than the running version cannot be migrated\n    at Function._migrateRecord (file:///D:/Juegos/Foundry_daggerheart_git/Foundry-daggerheart/Portable-FoundryVTT-v13.348/App/resources/app/dist/database/backend/server-document.mjs:1:3713)\n    at Function._migrateDocuments (file:///D:/Juegos/Foundry_daggerheart_git/Foundry-daggerheart/Portable-FoundryVTT-v13.348/App/resources/app/dist/database/backend/server-document.mjs:1:2782)","timestamp":"2026-03-09 14:04:56"}
{"level":"error","message":"An error occurred during the migration of Item record [eQ8YQvNFJJnz9OqQ] of database \"daggerheart-extra-content.subclasses\":\nError: Documents from a core version newer than the running version cannot be migrated\n    at Function._migrateRecord (file:///D:/Juegos/Foundry_daggerheart_git/Foundry-daggerheart/Portable-FoundryVTT-v13.348/App/resources/app/dist/database/backend/server-document.mjs:1:3713)\n    at Function._migrateDocuments (file:///D:/Juegos/Foundry_daggerheart_git/Foundry-daggerheart/Portable-FoundryVTT-v13.348/App/resources/app/dist/database/backend/server-document.mjs:1:2782)","timestamp":"2026-03-09 14:04:56"}
{"level":"error","message":"An error occurred during the migration of Item record [hRIq3JkT9ZwZr5Qf] of database \"daggerheart-extra-content.subclasses\":\nError: Documents from a core version newer than the running version cannot be migrated\n    at Function._migrateRecord (file:///D:/Juegos/Foundry_daggerheart_git/Foundry-daggerheart/Portable-FoundryVTT-v13.348/App/resources/app/dist/database/backend/server-document.mjs:1:3713)\n    at Function._migrateDocuments (file:///D:/Juegos/Foundry_daggerheart_git/Foundry-daggerheart/Portable-FoundryVTT-v13.348/App/resources/app/dist/database/backend/server-document.mjs:1:2782)","timestamp":"2026-03-09 14:04:56"}
{"level":"error","message":"An error occurred during the migration of Item record [hZqlmZX7lIGN3auH] of database \"daggerheart-extra-content.subclasses\":\nError: Documents from a core version newer than the running version cannot be migrated\n    at Function._migrateRecord (file:///D:/Juegos/Foundry_daggerheart_git/Foundry-daggerheart/Portable-FoundryVTT-v13.348/App/resources/app/dist/database/backend/server-document.mjs:1:3713)\n    at Function._migrateDocuments (file:///D:/Juegos/Foundry_daggerheart_git/Foundry-daggerheart/Portable-FoundryVTT-v13.348/App/resources/app/dist/database/backend/server-document.mjs:1:2782)","timestamp":"2026-03-09 14:04:56"}
{"level":"error","message":"An error occurred during the migration of Item record [lwShv1Is6MN1zDor] of database \"daggerheart-extra-content.subclasses\":\nError: Documents from a core version newer than the running version cannot be migrated\n    at Function._migrateRecord (file:///D:/Juegos/Foundry_daggerheart_git/Foundry-daggerheart/Portable-FoundryVTT-v13.348/App/resources/app/dist/database/backend/server-document.mjs:1:3713)\n    at Function._migrateDocuments (file:///D:/Juegos/Foundry_daggerheart_git/Foundry-daggerheart/Portable-FoundryVTT-v13.348/App/resources/app/dist/database/backend/server-document.mjs:1:2782)","timestamp":"2026-03-09 14:04:56"}
{"level":"error","message":"An error occurred during the migration of Item record [oWFZxLUa6apOCBW6] of database \"daggerheart-extra-content.subclasses\":\nError: Documents from a core version newer than the running version cannot be migrated\n    at Function._migrateRecord (file:///D:/Juegos/Foundry_daggerheart_git/Foundry-daggerheart/Portable-FoundryVTT-v13.348/App/resources/app/dist/database/backend/server-document.mjs:1:3713)\n    at Function._migrateDocuments (file:///D:/Juegos/Foundry_daggerheart_git/Foundry-daggerheart/Portable-FoundryVTT-v13.348/App/resources/app/dist/database/backend/server-document.mjs:1:2782)","timestamp":"2026-03-09 14:04:56"}
{"level":"error","message":"An error occurred during the migration of Item record [uZZCmokDQbizjw1d] of database \"daggerheart-extra-content.subclasses\":\nError: Documents from a core version newer than the running version cannot be migrated\n    at Function._migrateRecord (file:///D:/Juegos/Foundry_daggerheart_git/Foundry-daggerheart/Portable-FoundryVTT-v13.348/App/resources/app/dist/database/backend/server-document.mjs:1:3713)\n    at Function._migrateDocuments (file:///D:/Juegos/Foundry_daggerheart_git/Foundry-daggerheart/Portable-FoundryVTT-v13.348/App/resources/app/dist/database/backend/server-document.mjs:1:2782)","timestamp":"2026-03-09 14:04:56"}
{"level":"error","message":"An error occurred during the migration of Item record [ytYGENKq8AtjYqTb] of database \"daggerheart-extra-content.subclasses\":\nError: Documents from a core version newer than the running version cannot be migrated\n    at Function._migrateRecord (file:///D:/Juegos/Foundry_daggerheart_git/Foundry-daggerheart/Portable-FoundryVTT-v13.348/App/resources/app/dist/database/backend/server-document.mjs:1:3713)\n    at Function._migrateDocuments (file:///D:/Juegos/Foundry_daggerheart_git/Foundry-daggerheart/Portable-FoundryVTT-v13.348/App/resources/app/dist/database/backend/server-document.mjs:1:2782)","timestamp":"2026-03-09 14:04:56"}
{"level":"warn","message":"Database daggerheart-extra-content.subclasses was not fully migrated due to errors during migration.","timestamp":"2026-03-09 14:04:56"}
{"level":"error","message":"An error occurred during the migration of Item record [9X2envWaXGSWx82V] of database \"the-void-unofficial.classes\":\nError: Documents from a core version newer than the running version cannot be migrated\n    at Function._migrateRecord (file:///D:/Juegos/Foundry_daggerheart_git/Foundry-daggerheart/Portable-FoundryVTT-v13.348/App/resources/app/dist/database/backend/server-document.mjs:1:3713)\n    at Function._migrateDocuments (file:///D:/Juegos/Foundry_daggerheart_git/Foundry-daggerheart/Portable-FoundryVTT-v13.348/App/resources/app/dist/database/backend/server-document.mjs:1:2782)","timestamp":"2026-03-09 14:04:56"}
{"level":"error","message":"An error occurred during the migration of Item record [R0wYgWyPih4CpTE5] of database \"the-void-unofficial.classes\":\nError: Documents from a core version newer than the running version cannot be migrated\n    at Function._migrateRecord (file:///D:/Juegos/Foundry_daggerheart_git/Foundry-daggerheart/Portable-FoundryVTT-v13.348/App/resources/app/dist/database/backend/server-document.mjs:1:3713)\n    at Function._migrateDocuments (file:///D:/Juegos/Foundry_daggerheart_git/Foundry-daggerheart/Portable-FoundryVTT-v13.348/App/resources/app/dist/database/backend/server-document.mjs:1:2782)","timestamp":"2026-03-09 14:04:56"}
{"level":"error","message":"An error occurred during the migration of Item record [TGTBooD83OWXyQj1] of database \"the-void-unofficial.classes\":\nError: Documents from a core version newer than the running version cannot be migrated\n    at Function._migrateRecord (file:///D:/Juegos/Foundry_daggerheart_git/Foundry-daggerheart/Portable-FoundryVTT-v13.348/App/resources/app/dist/database/backend/server-document.mjs:1:3713)\n    at Function._migrateDocuments (file:///D:/Juegos/Foundry_daggerheart_git/Foundry-daggerheart/Portable-FoundryVTT-v13.348/App/resources/app/dist/database/backend/server-document.mjs:1:2782)","timestamp":"2026-03-09 14:04:56"}
{"level":"error","message":"An error occurred during the migration of Item record [gugHbXBWP24CFTJZ] of database \"the-void-unofficial.classes\":\nError: Documents from a core version newer than the running version cannot be migrated\n    at Function._migrateRecord (file:///D:/Juegos/Foundry_daggerheart_git/Foundry-daggerheart/Portable-FoundryVTT-v13.348/App/resources/app/dist/database/backend/server-document.mjs:1:3713)\n    at Function._migrateDocuments (file:///D:/Juegos/Foundry_daggerheart_git/Foundry-daggerheart/Portable-FoundryVTT-v13.348/App/resources/app/dist/database/backend/server-document.mjs:1:2782)","timestamp":"2026-03-09 14:04:56"}
{"level":"error","message":"An error occurred during the migration of Item record [m3CvI4nlskOu5jZS] of database \"the-void-unofficial.classes\":\nError: Documents from a core version newer than the running version cannot be migrated\n    at Function._migrateRecord (file:///D:/Juegos/Foundry_daggerheart_git/Foundry-daggerheart/Portable-FoundryVTT-v13.348/App/resources/app/dist/database/backend/server-document.mjs:1:3713)\n    at Function._migrateDocuments (file:///D:/Juegos/Foundry_daggerheart_git/Foundry-daggerheart/Portable-FoundryVTT-v13.348/App/resources/app/dist/database/backend/server-document.mjs:1:2782)","timestamp":"2026-03-09 14:04:56"}
{"level":"error","message":"An error occurred during the migration of Item record [otb0ThXWuqQzzWho] of database \"the-void-unofficial.classes\":\nError: Documents from a core version newer than the running version cannot be migrated\n    at Function._migrateRecord (file:///D:/Juegos/Foundry_daggerheart_git/Foundry-daggerheart/Portable-FoundryVTT-v13.348/App/resources/app/dist/database/backend/server-document.mjs:1:3713)\n    at Function._migrateDocuments (file:///D:/Juegos/Foundry_daggerheart_git/Foundry-daggerheart/Portable-FoundryVTT-v13.348/App/resources/app/dist/database/backend/server-document.mjs:1:2782)","timestamp":"2026-03-09 14:04:56"}
{"level":"error","message":"An error occurred during the migration of Item record [v5M0mxaTDJCyhAsR] of database \"the-void-unofficial.classes\":\nError: Documents from a core version newer than the running version cannot be migrated\n    at Function._migrateRecord (file:///D:/Juegos/Foundry_daggerheart_git/Foundry-daggerheart/Portable-FoundryVTT-v13.348/App/resources/app/dist/database/backend/server-document.mjs:1:3713)\n    at Function._migrateDocuments (file:///D:/Juegos/Foundry_daggerheart_git/Foundry-daggerheart/Portable-FoundryVTT-v13.348/App/resources/app/dist/database/backend/server-document.mjs:1:2782)","timestamp":"2026-03-09 14:04:56"}
{"level":"warn","message":"Database the-void-unofficial.classes was not fully migrated due to errors during migration.","timestamp":"2026-03-09 14:04:56"}
{"level":"error","message":"An error occurred during the migration of Item record [1PPk39iarFpWylOi] of database \"the-void-unofficial.subclasses\":\nError: Documents from a core version newer than the running version cannot be migrated\n    at Function._migrateRecord (file:///D:/Juegos/Foundry_daggerheart_git/Foundry-daggerheart/Portable-FoundryVTT-v13.348/App/resources/app/dist/database/backend/server-document.mjs:1:3713)\n    at Function._migrateDocuments (file:///D:/Juegos/Foundry_daggerheart_git/Foundry-daggerheart/Portable-FoundryVTT-v13.348/App/resources/app/dist/database/backend/server-document.mjs:1:2782)","timestamp":"2026-03-09 14:04:56"}
{"level":"error","message":"An error occurred during the migration of Item record [4Jaekd41DdaPdWkw] of database \"the-void-unofficial.subclasses\":\nError: Documents from a core version newer than the running version cannot be migrated\n    at Function._migrateRecord (file:///D:/Juegos/Foundry_daggerheart_git/Foundry-daggerheart/Portable-FoundryVTT-v13.348/App/resources/app/dist/database/backend/server-document.mjs:1:3713)\n    at Function._migrateDocuments (file:///D:/Juegos/Foundry_daggerheart_git/Foundry-daggerheart/Portable-FoundryVTT-v13.348/App/resources/app/dist/database/backend/server-document.mjs:1:2782)","timestamp":"2026-03-09 14:04:56"}
{"level":"error","message":"An error occurred during the migration of Item record [8EGGJmnqPBs9CrO9] of database \"the-void-unofficial.subclasses\":\nError: Documents from a core version newer than the running version cannot be migrated\n    at Function._migrateRecord (file:///D:/Juegos/Foundry_daggerheart_git/Foundry-daggerheart/Portable-FoundryVTT-v13.348/App/resources/app/dist/database/backend/server-document.mjs:1:3713)\n    at Function._migrateDocuments (file:///D:/Juegos/Foundry_daggerheart_git/Foundry-daggerheart/Portable-FoundryVTT-v13.348/App/resources/app/dist/database/backend/server-document.mjs:1:2782)","timestamp":"2026-03-09 14:04:56"}
{"level":"error","message":"An error occurred during the migration of Item record [GXYbLE8fG6fmGvFE] of database \"the-void-unofficial.subclasses\":\nError: Documents from a core version newer than the running version cannot be migrated\n    at Function._migrateRecord (file:///D:/Juegos/Foundry_daggerheart_git/Foundry-daggerheart/Portable-FoundryVTT-v13.348/App/resources/app/dist/database/backend/server-document.mjs:1:3713)\n    at Function._migrateDocuments (file:///D:/Juegos/Foundry_daggerheart_git/Foundry-daggerheart/Portable-FoundryVTT-v13.348/App/resources/app/dist/database/backend/server-document.mjs:1:2782)","timestamp":"2026-03-09 14:04:56"}
{"level":"error","message":"An error occurred during the migration of Item record [H8iGhoEsLwbhmUjb] of database \"the-void-unofficial.subclasses\":\nError: Documents from a core version newer than the running version cannot be migrated\n    at Function._migrateRecord (file:///D:/Juegos/Foundry_daggerheart_git/Foundry-daggerheart/Portable-FoundryVTT-v13.348/App/resources/app/dist/database/backend/server-document.mjs:1:3713)\n    at Function._migrateDocuments (file:///D:/Juegos/Foundry_daggerheart_git/Foundry-daggerheart/Portable-FoundryVTT-v13.348/App/resources/app/dist/database/backend/server-document.mjs:1:2782)","timestamp":"2026-03-09 14:04:56"}
{"level":"error","message":"An error occurred during the migration of Item record [JIO4bvmWGH4tTXpQ] of database \"the-void-unofficial.subclasses\":\nError: Documents from a core version newer than the running version cannot be migrated\n    at Function._migrateRecord (file:///D:/Juegos/Foundry_daggerheart_git/Foundry-daggerheart/Portable-FoundryVTT-v13.348/App/resources/app/dist/database/backend/server-document.mjs:1:3713)\n    at Function._migrateDocuments (file:///D:/Juegos/Foundry_daggerheart_git/Foundry-daggerheart/Portable-FoundryVTT-v13.348/App/resources/app/dist/database/backend/server-document.mjs:1:2782)","timestamp":"2026-03-09 14:04:56"}
{"level":"error","message":"An error occurred during the migration of Item record [JWlQd6XSBB22ASBs] of database \"the-void-unofficial.subclasses\":\nError: Documents from a core version newer than the running version cannot be migrated\n    at Function._migrateRecord (file:///D:/Juegos/Foundry_daggerheart_git/Foundry-daggerheart/Portable-FoundryVTT-v13.348/App/resources/app/dist/database/backend/server-document.mjs:1:3713)\n    at Function._migrateDocuments (file:///D:/Juegos/Foundry_daggerheart_git/Foundry-daggerheart/Portable-FoundryVTT-v13.348/App/resources/app/dist/database/backend/server-document.mjs:1:2782)","timestamp":"2026-03-09 14:04:56"}
{"level":"error","message":"An error occurred during the migration of Item record [JiPSjjjWxSbnoQRe] of database \"the-void-unofficial.subclasses\":\nError: Documents from a core version newer than the running version cannot be migrated\n    at Function._migrateRecord (file:///D:/Juegos/Foundry_daggerheart_git/Foundry-daggerheart/Portable-FoundryVTT-v13.348/App/resources/app/dist/database/backend/server-document.mjs:1:3713)\n    at Function._migrateDocuments (file:///D:/Juegos/Foundry_daggerheart_git/Foundry-daggerheart/Portable-FoundryVTT-v13.348/App/resources/app/dist/database/backend/server-document.mjs:1:2782)","timestamp":"2026-03-09 14:04:56"}
{"level":"error","message":"An error occurred during the migration of Item record [XeSsopeDDreSRv5A] of database \"the-void-unofficial.subclasses\":\nError: Documents from a core version newer than the running version cannot be migrated\n    at Function._migrateRecord (file:///D:/Juegos/Foundry_daggerheart_git/Foundry-daggerheart/Portable-FoundryVTT-v13.348/App/resources/app/dist/database/backend/server-document.mjs:1:3713)\n    at Function._migrateDocuments (file:///D:/Juegos/Foundry_daggerheart_git/Foundry-daggerheart/Portable-FoundryVTT-v13.348/App/resources/app/dist/database/backend/server-document.mjs:1:2782)","timestamp":"2026-03-09 14:04:56"}
{"level":"error","message":"An error occurred during the migration of Item record [YN38IzjqW5paIy92] of database \"the-void-unofficial.subclasses\":\nError: Documents from a core version newer than the running version cannot be migrated\n    at Function._migrateRecord (file:///D:/Juegos/Foundry_daggerheart_git/Foundry-daggerheart/Portable-FoundryVTT-v13.348/App/resources/app/dist/database/backend/server-document.mjs:1:3713)\n    at Function._migrateDocuments (file:///D:/Juegos/Foundry_daggerheart_git/Foundry-daggerheart/Portable-FoundryVTT-v13.348/App/resources/app/dist/database/backend/server-document.mjs:1:2782)","timestamp":"2026-03-09 14:04:56"}
{"level":"error","message":"An error occurred during the migration of Item record [ZYdJamwMgRsiG733] of database \"the-void-unofficial.subclasses\":\nError: Documents from a core version newer than the running version cannot be migrated\n    at Function._migrateRecord (file:///D:/Juegos/Foundry_daggerheart_git/Foundry-daggerheart/Portable-FoundryVTT-v13.348/App/resources/app/dist/database/backend/server-document.mjs:1:3713)\n    at Function._migrateDocuments (file:///D:/Juegos/Foundry_daggerheart_git/Foundry-daggerheart/Portable-FoundryVTT-v13.348/App/resources/app/dist/database/backend/server-document.mjs:1:2782)","timestamp":"2026-03-09 14:04:56"}
{"level":"error","message":"An error occurred during the migration of Item record [aFtWBHgUBxsCptI2] of database \"the-void-unofficial.subclasses\":\nError: Documents from a core version newer than the running version cannot be migrated\n    at Function._migrateRecord (file:///D:/Juegos/Foundry_daggerheart_git/Foundry-daggerheart/Portable-FoundryVTT-v13.348/App/resources/app/dist/database/backend/server-document.mjs:1:3713)\n    at Function._migrateDocuments (file:///D:/Juegos/Foundry_daggerheart_git/Foundry-daggerheart/Portable-FoundryVTT-v13.348/App/resources/app/dist/database/backend/server-document.mjs:1:2782)","timestamp":"2026-03-09 14:04:56"}
{"level":"error","message":"An error occurred during the migration of Item record [h0PlfOo87vjMIR2n] of database \"the-void-unofficial.subclasses\":\nError: Documents from a core version newer than the running version cannot be migrated\n    at Function._migrateRecord (file:///D:/Juegos/Foundry_daggerheart_git/Foundry-daggerheart/Portable-FoundryVTT-v13.348/App/resources/app/dist/database/backend/server-document.mjs:1:3713)\n    at Function._migrateDocuments (file:///D:/Juegos/Foundry_daggerheart_git/Foundry-daggerheart/Portable-FoundryVTT-v13.348/App/resources/app/dist/database/backend/server-document.mjs:1:2782)","timestamp":"2026-03-09 14:04:56"}
{"level":"error","message":"An error occurred during the migration of Item record [h3bzYGrnwkKQBJ6d] of database \"the-void-unofficial.subclasses\":\nError: Documents from a core version newer than the running version cannot be migrated\n    at Function._migrateRecord (file:///D:/Juegos/Foundry_daggerheart_git/Foundry-daggerheart/Portable-FoundryVTT-v13.348/App/resources/app/dist/database/backend/server-document.mjs:1:3713)\n    at Function._migrateDocuments (file:///D:/Juegos/Foundry_daggerheart_git/Foundry-daggerheart/Portable-FoundryVTT-v13.348/App/resources/app/dist/database/backend/server-document.mjs:1:2782)","timestamp":"2026-03-09 14:04:56"}
{"level":"error","message":"An error occurred during the migration of Item record [mRNqGokQNZEK8GSP] of database \"the-void-unofficial.subclasses\":\nError: Documents from a core version newer than the running version cannot be migrated\n    at Function._migrateRecord (file:///D:/Juegos/Foundry_daggerheart_git/Foundry-daggerheart/Portable-FoundryVTT-v13.348/App/resources/app/dist/database/backend/server-document.mjs:1:3713)\n    at Function._migrateDocuments (file:///D:/Juegos/Foundry_daggerheart_git/Foundry-daggerheart/Portable-FoundryVTT-v13.348/App/resources/app/dist/database/backend/server-document.mjs:1:2782)","timestamp":"2026-03-09 14:04:56"}
{"level":"error","message":"An error occurred during the migration of Item record [sajwdoQ5JVzqeqsj] of database \"the-void-unofficial.subclasses\":\nError: Documents from a core version newer than the running version cannot be migrated\n    at Function._migrateRecord (file:///D:/Juegos/Foundry_daggerheart_git/Foundry-daggerheart/Portable-FoundryVTT-v13.348/App/resources/app/dist/database/backend/server-document.mjs:1:3713)\n    at Function._migrateDocuments (file:///D:/Juegos/Foundry_daggerheart_git/Foundry-daggerheart/Portable-FoundryVTT-v13.348/App/resources/app/dist/database/backend/server-document.mjs:1:2782)","timestamp":"2026-03-09 14:04:56"}
{"level":"error","message":"An error occurred during the migration of Item record [ulURXMXGHT33vnD9] of database \"the-void-unofficial.subclasses\":\nError: Documents from a core version newer than the running version cannot be migrated\n    at Function._migrateRecord (file:///D:/Juegos/Foundry_daggerheart_git/Foundry-daggerheart/Portable-FoundryVTT-v13.348/App/resources/app/dist/database/backend/server-document.mjs:1:3713)\n    at Function._migrateDocuments (file:///D:/Juegos/Foundry_daggerheart_git/Foundry-daggerheart/Portable-FoundryVTT-v13.348/App/resources/app/dist/database/backend/server-document.mjs:1:2782)","timestamp":"2026-03-09 14:04:56"}
{"level":"error","message":"An error occurred during the migration of Item record [zkpNSVJfpnR0InYL] of database \"the-void-unofficial.subclasses\":\nError: Documents from a core version newer than the running version cannot be migrated\n    at Function._migrateRecord (file:///D:/Juegos/Foundry_daggerheart_git/Foundry-daggerheart/Portable-FoundryVTT-v13.348/App/resources/app/dist/database/backend/server-document.mjs:1:3713)\n    at Function._migrateDocuments (file:///D:/Juegos/Foundry_daggerheart_git/Foundry-daggerheart/Portable-FoundryVTT-v13.348/App/resources/app/dist/database/backend/server-document.mjs:1:2782)","timestamp":"2026-03-09 14:04:56"}
{"level":"warn","message":"Database the-void-unofficial.subclasses was not fully migrated due to errors during migration.","timestamp":"2026-03-09 14:04:56"}
{"level":"error","message":"An error occurred during the migration of Item record [0NoQWqYOiPdXdUhQ] of database \"the-void-unofficial.domains\":\nError: Documents from a core version newer than the running version cannot be migrated\n    at Function._migrateRecord (file:///D:/Juegos/Foundry_daggerheart_git/Foundry-daggerheart/Portable-FoundryVTT-v13.348/App/resources/app/dist/database/backend/server-document.mjs:1:3713)\n    at Function._migrateDocuments (file:///D:/Juegos/Foundry_daggerheart_git/Foundry-daggerheart/Portable-FoundryVTT-v13.348/App/resources/app/dist/database/backend/server-document.mjs:1:2782)","timestamp":"2026-03-09 14:04:56"}
{"level":"error","message":"An error occurred during the migration of Item record [176CHYdrz550TiEa] of database \"the-void-unofficial.domains\":\nError: Documents from a core version newer than the running version cannot be migrated\n    at Function._migrateRecord (file:///D:/Juegos/Foundry_daggerheart_git/Foundry-daggerheart/Portable-FoundryVTT-v13.348/App/resources/app/dist/database/backend/server-document.mjs:1:3713)\n    at Function._migrateDocuments (file:///D:/Juegos/Foundry_daggerheart_git/Foundry-daggerheart/Portable-FoundryVTT-v13.348/App/resources/app/dist/database/backend/server-document.mjs:1:2782)","timestamp":"2026-03-09 14:04:56"}
{"level":"error","message":"An error occurred during the migration of Item record [65NWcF4RSZgyJXFt] of database \"the-void-unofficial.domains\":\nError: Documents from a core version newer than the running version cannot be migrated\n    at Function._migrateRecord (file:///D:/Juegos/Foundry_daggerheart_git/Foundry-daggerheart/Portable-FoundryVTT-v13.348/App/resources/app/dist/database/backend/server-document.mjs:1:3713)\n    at Function._migrateDocuments (file:///D:/Juegos/Foundry_daggerheart_git/Foundry-daggerheart/Portable-FoundryVTT-v13.348/App/resources/app/dist/database/backend/server-document.mjs:1:2782)","timestamp":"2026-03-09 14:04:56"}
{"level":"error","message":"An error occurred during the migration of Item record [88xwPHpicN5uBo0f] of database \"the-void-unofficial.domains\":\nError: Documents from a core version newer than the running version cannot be migrated\n    at Function._migrateRecord (file:///D:/Juegos/Foundry_daggerheart_git/Foundry-daggerheart/Portable-FoundryVTT-v13.348/App/resources/app/dist/database/backend/server-document.mjs:1:3713)\n    at Function._migrateDocuments (file:///D:/Juegos/Foundry_daggerheart_git/Foundry-daggerheart/Portable-FoundryVTT-v13.348/App/resources/app/dist/database/backend/server-document.mjs:1:2782)","timestamp":"2026-03-09 14:04:56"}
{"level":"error","message":"An error occurred during the migration of Item record [9wxJJpH25cxmtx5W] of database \"the-void-unofficial.domains\":\nError: Documents from a core version newer than the running version cannot be migrated\n    at Function._migrateRecord (file:///D:/Juegos/Foundry_daggerheart_git/Foundry-daggerheart/Portable-FoundryVTT-v13.348/App/resources/app/dist/database/backend/server-document.mjs:1:3713)\n    at Function._migrateDocuments (file:///D:/Juegos/Foundry_daggerheart_git/Foundry-daggerheart/Portable-FoundryVTT-v13.348/App/resources/app/dist/database/backend/server-document.mjs:1:2782)","timestamp":"2026-03-09 14:04:56"}
{"level":"error","message":"An error occurred during the migration of Item record [BFkzJkWY4HejN4WR] of database \"the-void-unofficial.domains\":\nError: Documents from a core version newer than the running version cannot be migrated\n    at Function._migrateRecord (file:///D:/Juegos/Foundry_daggerheart_git/Foundry-daggerheart/Portable-FoundryVTT-v13.348/App/resources/app/dist/database/backend/server-document.mjs:1:3713)\n    at Function._migrateDocuments (file:///D:/Juegos/Foundry_daggerheart_git/Foundry-daggerheart/Portable-FoundryVTT-v13.348/App/resources/app/dist/database/backend/server-document.mjs:1:2782)","timestamp":"2026-03-09 14:04:56"}
{"level":"error","message":"An error occurred during the migration of Item record [BQF5xVKRVQdhGAf8] of database \"the-void-unofficial.domains\":\nError: Documents from a core version newer than the running version cannot be migrated\n    at Function._migrateRecord (file:///D:/Juegos/Foundry_daggerheart_git/Foundry-daggerheart/Portable-FoundryVTT-v13.348/App/resources/app/dist/database/backend/server-document.mjs:1:3713)\n    at Function._migrateDocuments (file:///D:/Juegos/Foundry_daggerheart_git/Foundry-daggerheart/Portable-FoundryVTT-v13.348/App/resources/app/dist/database/backend/server-document.mjs:1:2782)","timestamp":"2026-03-09 14:04:56"}
{"level":"error","message":"An error occurred during the migration of Item record [BctVkNUWYL5Eww2k] of database \"the-void-unofficial.domains\":\nError: Documents from a core version newer than the running version cannot be migrated\n    at Function._migrateRecord (file:///D:/Juegos/Foundry_daggerheart_git/Foundry-daggerheart/Portable-FoundryVTT-v13.348/App/resources/app/dist/database/backend/server-document.mjs:1:3713)\n    at Function._migrateDocuments (file:///D:/Juegos/Foundry_daggerheart_git/Foundry-daggerheart/Portable-FoundryVTT-v13.348/App/resources/app/dist/database/backend/server-document.mjs:1:2782)","timestamp":"2026-03-09 14:04:56"}
{"level":"error","message":"An error occurred during the migration of Item record [CQbmQH1Xqr1BjLWW] of database \"the-void-unofficial.domains\":\nError: Documents from a core version newer than the running version cannot be migrated\n    at Function._migrateRecord (file:///D:/Juegos/Foundry_daggerheart_git/Foundry-daggerheart/Portable-FoundryVTT-v13.348/App/resources/app/dist/database/backend/server-document.mjs:1:3713)\n    at Function._migrateDocuments (file:///D:/Juegos/Foundry_daggerheart_git/Foundry-daggerheart/Portable-FoundryVTT-v13.348/App/resources/app/dist/database/backend/server-document.mjs:1:2782)","timestamp":"2026-03-09 14:04:56"}
{"level":"error","message":"An error occurred during the migration of Item record [Du7UHRd0CweyuXil] of database \"the-void-unofficial.domains\":\nError: Documents from a core version newer than the running version cannot be migrated\n    at Function._migrateRecord (file:///D:/Juegos/Foundry_daggerheart_git/Foundry-daggerheart/Portable-FoundryVTT-v13.348/App/resources/app/dist/database/backend/server-document.mjs:1:3713)\n    at Function._migrateDocuments (file:///D:/Juegos/Foundry_daggerheart_git/Foundry-daggerheart/Portable-FoundryVTT-v13.348/App/resources/app/dist/database/backend/server-document.mjs:1:2782)","timestamp":"2026-03-09 14:04:56"}
{"level":"error","message":"An error occurred during the migration of Item record [LOPtjnPVjWQEzrZx] of database \"the-void-unofficial.domains\":\nError: Documents from a core version newer than the running version cannot be migrated\n    at Function._migrateRecord (file:///D:/Juegos/Foundry_daggerheart_git/Foundry-daggerheart/Portable-FoundryVTT-v13.348/App/resources/app/dist/database/backend/server-document.mjs:1:3713)\n    at Function._migrateDocuments (file:///D:/Juegos/Foundry_daggerheart_git/Foundry-daggerheart/Portable-FoundryVTT-v13.348/App/resources/app/dist/database/backend/server-document.mjs:1:2782)","timestamp":"2026-03-09 14:04:56"}
{"level":"error","message":"An error occurred during the migration of Item record [Q3RpYwdlDyCQPJHr] of database \"the-void-unofficial.domains\":\nError: Documents from a core version newer than the running version cannot be migrated\n    at Function._migrateRecord (file:///D:/Juegos/Foundry_daggerheart_git/Foundry-daggerheart/Portable-FoundryVTT-v13.348/App/resources/app/dist/database/backend/server-document.mjs:1:3713)\n    at Function._migrateDocuments (file:///D:/Juegos/Foundry_daggerheart_git/Foundry-daggerheart/Portable-FoundryVTT-v13.348/App/resources/app/dist/database/backend/server-document.mjs:1:2782)","timestamp":"2026-03-09 14:04:56"}
{"level":"error","message":"An error occurred during the migration of Item record [WAUpMdW2TD8KVusi] of database \"the-void-unofficial.domains\":\nError: Documents from a core version newer than the running version cannot be migrated\n    at Function._migrateRecord (file:///D:/Juegos/Foundry_daggerheart_git/Foundry-daggerheart/Portable-FoundryVTT-v13.348/App/resources/app/dist/database/backend/server-document.mjs:1:3713)\n    at Function._migrateDocuments (file:///D:/Juegos/Foundry_daggerheart_git/Foundry-daggerheart/Portable-FoundryVTT-v13.348/App/resources/app/dist/database/backend/server-document.mjs:1:2782)","timestamp":"2026-03-09 14:04:56"}
{"level":"error","message":"An error occurred during the migration of Item record [XGDsPevKx3P1mdpH] of database \"the-void-unofficial.domains\":\nError: Documents from a core version newer than the running version cannot be migrated\n    at Function._migrateRecord (file:///D:/Juegos/Foundry_daggerheart_git/Foundry-daggerheart/Portable-FoundryVTT-v13.348/App/resources/app/dist/database/backend/server-document.mjs:1:3713)\n    at Function._migrateDocuments (file:///D:/Juegos/Foundry_daggerheart_git/Foundry-daggerheart/Portable-FoundryVTT-v13.348/App/resources/app/dist/database/backend/server-document.mjs:1:2782)","timestamp":"2026-03-09 14:04:56"}
{"level":"error","message":"An error occurred during the migration of Item record [cOFRHlxyTtRlbumc] of database \"the-void-unofficial.domains\":\nError: Documents from a core version newer than the running version cannot be migrated\n    at Function._migrateRecord (file:///D:/Juegos/Foundry_daggerheart_git/Foundry-daggerheart/Portable-FoundryVTT-v13.348/App/resources/app/dist/database/backend/server-document.mjs:1:3713)\n    at Function._migrateDocuments (file:///D:/Juegos/Foundry_daggerheart_git/Foundry-daggerheart/Portable-FoundryVTT-v13.348/App/resources/app/dist/database/backend/server-document.mjs:1:2782)","timestamp":"2026-03-09 14:04:56"}
{"level":"error","message":"An error occurred during the migration of Item record [dVUQ7Rp9luM7Zekw] of database \"the-void-unofficial.domains\":\nError: Documents from a core version newer than the running version cannot be migrated\n    at Function._migrateRecord (file:///D:/Juegos/Foundry_daggerheart_git/Foundry-daggerheart/Portable-FoundryVTT-v13.348/App/resources/app/dist/database/backend/server-document.mjs:1:3713)\n    at Function._migrateDocuments (file:///D:/Juegos/Foundry_daggerheart_git/Foundry-daggerheart/Portable-FoundryVTT-v13.348/App/resources/app/dist/database/backend/server-document.mjs:1:2782)","timestamp":"2026-03-09 14:04:56"}
{"level":"error","message":"An error occurred during the migration of Item record [gSsxO2xiMxANuBIz] of database \"the-void-unofficial.domains\":\nError: Documents from a core version newer than the running version cannot be migrated\n    at Function._migrateRecord (file:///D:/Juegos/Foundry_daggerheart_git/Foundry-daggerheart/Portable-FoundryVTT-v13.348/App/resources/app/dist/database/backend/server-document.mjs:1:3713)\n    at Function._migrateDocuments (file:///D:/Juegos/Foundry_daggerheart_git/Foundry-daggerheart/Portable-FoundryVTT-v13.348/App/resources/app/dist/database/backend/server-document.mjs:1:2782)","timestamp":"2026-03-09 14:04:56"}
{"level":"error","message":"An error occurred during the migration of Item record [gaDhu9iAdChYFcm2] of database \"the-void-unofficial.domains\":\nError: Documents from a core version newer than the running version cannot be migrated\n    at Function._migrateRecord (file:///D:/Juegos/Foundry_daggerheart_git/Foundry-daggerheart/Portable-FoundryVTT-v13.348/App/resources/app/dist/database/backend/server-document.mjs:1:3713)\n    at Function._migrateDocuments (file:///D:/Juegos/Foundry_daggerheart_git/Foundry-daggerheart/Portable-FoundryVTT-v13.348/App/resources/app/dist/database/backend/server-document.mjs:1:2782)","timestamp":"2026-03-09 14:04:56"}
{"level":"error","message":"An error occurred during the migration of Item record [hmDOLwJEZlbuOKNT] of database \"the-void-unofficial.domains\":\nError: Documents from a core version newer than the running version cannot be migrated\n    at Function._migrateRecord (file:///D:/Juegos/Foundry_daggerheart_git/Foundry-daggerheart/Portable-FoundryVTT-v13.348/App/resources/app/dist/database/backend/server-document.mjs:1:3713)\n    at Function._migrateDocuments (file:///D:/Juegos/Foundry_daggerheart_git/Foundry-daggerheart/Portable-FoundryVTT-v13.348/App/resources/app/dist/database/backend/server-document.mjs:1:2782)","timestamp":"2026-03-09 14:04:56"}
{"level":"error","message":"An error occurred during the migration of Item record [lo8WVAuTWsAh6QBf] of database \"the-void-unofficial.domains\":\nError: Documents from a core version newer than the running version cannot be migrated\n    at Function._migrateRecord (file:///D:/Juegos/Foundry_daggerheart_git/Foundry-daggerheart/Portable-FoundryVTT-v13.348/App/resources/app/dist/database/backend/server-document.mjs:1:3713)\n    at Function._migrateDocuments (file:///D:/Juegos/Foundry_daggerheart_git/Foundry-daggerheart/Portable-FoundryVTT-v13.348/App/resources/app/dist/database/backend/server-document.mjs:1:2782)","timestamp":"2026-03-09 14:04:56"}
{"level":"error","message":"An error occurred during the migration of Item record [yGbgSMuL43quImEV] of database \"the-void-unofficial.domains\":\nError: Documents from a core version newer than the running version cannot be migrated\n    at Function._migrateRecord (file:///D:/Juegos/Foundry_daggerheart_git/Foundry-daggerheart/Portable-FoundryVTT-v13.348/App/resources/app/dist/database/backend/server-document.mjs:1:3713)\n    at Function._migrateDocuments (file:///D:/Juegos/Foundry_daggerheart_git/Foundry-daggerheart/Portable-FoundryVTT-v13.348/App/resources/app/dist/database/backend/server-document.mjs:1:2782)","timestamp":"2026-03-09 14:04:56"}
{"level":"warn","message":"Database the-void-unofficial.domains was not fully migrated due to errors during migration.","timestamp":"2026-03-09 14:04:56"}
{"level":"error","message":"An error occurred during the migration of Item record [cg2pnUEwJ7q4k28d] of database \"the-void-unofficial.weapons\":\nError: Documents from a core version newer than the running version cannot be migrated\n    at Function._migrateRecord (file:///D:/Juegos/Foundry_daggerheart_git/Foundry-daggerheart/Portable-FoundryVTT-v13.348/App/resources/app/dist/database/backend/server-document.mjs:1:3713)\n    at Function._migrateDocuments (file:///D:/Juegos/Foundry_daggerheart_git/Foundry-daggerheart/Portable-FoundryVTT-v13.348/App/resources/app/dist/database/backend/server-document.mjs:1:2782)","timestamp":"2026-03-09 14:04:56"}
{"level":"error","message":"An error occurred during the migration of Item record [lHFiIpH2lrBBaT4o] of database \"the-void-unofficial.weapons\":\nError: Documents from a core version newer than the running version cannot be migrated\n    at Function._migrateRecord (file:///D:/Juegos/Foundry_daggerheart_git/Foundry-daggerheart/Portable-FoundryVTT-v13.348/App/resources/app/dist/database/backend/server-document.mjs:1:3713)\n    at Function._migrateDocuments (file:///D:/Juegos/Foundry_daggerheart_git/Foundry-daggerheart/Portable-FoundryVTT-v13.348/App/resources/app/dist/database/backend/server-document.mjs:1:2782)","timestamp":"2026-03-09 14:04:56"}
{"level":"warn","message":"Database the-void-unofficial.weapons was not fully migrated due to errors during migration.","timestamp":"2026-03-09 14:04:56"}
{"level":"error","message":"An error occurred during the migration of Item record [AzEJqUAnlfac2THg] of database \"daggerheart-advmanager.custom-features\":\nError: Documents from a core version newer than the running version cannot be migrated\n    at Function._migrateRecord (file:///D:/Juegos/Foundry_daggerheart_git/Foundry-daggerheart/Portable-FoundryVTT-v13.348/App/resources/app/dist/database/backend/server-document.mjs:1:3713)\n    at Function._migrateDocuments (file:///D:/Juegos/Foundry_daggerheart_git/Foundry-daggerheart/Portable-FoundryVTT-v13.348/App/resources/app/dist/database/backend/server-document.mjs:1:2782)","timestamp":"2026-03-09 14:04:56"}
{"level":"error","message":"An error occurred during the migration of Item record [BRwQHc8h2ejuuvTr] of database \"daggerheart-advmanager.custom-features\":\nError: Documents from a core version newer than the running version cannot be migrated\n    at Function._migrateRecord (file:///D:/Juegos/Foundry_daggerheart_git/Foundry-daggerheart/Portable-FoundryVTT-v13.348/App/resources/app/dist/database/backend/server-document.mjs:1:3713)\n    at Function._migrateDocuments (file:///D:/Juegos/Foundry_daggerheart_git/Foundry-daggerheart/Portable-FoundryVTT-v13.348/App/resources/app/dist/database/backend/server-document.mjs:1:2782)","timestamp":"2026-03-09 14:04:56"}
{"level":"error","message":"An error occurred during the migration of Item record [KGhnD2WbVvfefC7I] of database \"daggerheart-advmanager.custom-features\":\nError: Documents from a core version newer than the running version cannot be migrated\n    at Function._migrateRecord (file:///D:/Juegos/Foundry_daggerheart_git/Foundry-daggerheart/Portable-FoundryVTT-v13.348/App/resources/app/dist/database/backend/server-document.mjs:1:3713)\n    at Function._migrateDocuments (file:///D:/Juegos/Foundry_daggerheart_git/Foundry-daggerheart/Portable-FoundryVTT-v13.348/App/resources/app/dist/database/backend/server-document.mjs:1:2782)","timestamp":"2026-03-09 14:04:56"}
{"level":"error","message":"An error occurred during the migration of Item record [ezFzajFyZSDOTJFA] of database \"daggerheart-advmanager.custom-features\":\nError: Documents from a core version newer than the running version cannot be migrated\n    at Function._migrateRecord (file:///D:/Juegos/Foundry_daggerheart_git/Foundry-daggerheart/Portable-FoundryVTT-v13.348/App/resources/app/dist/database/backend/server-document.mjs:1:3713)\n    at Function._migrateDocuments (file:///D:/Juegos/Foundry_daggerheart_git/Foundry-daggerheart/Portable-FoundryVTT-v13.348/App/resources/app/dist/database/backend/server-document.mjs:1:2782)","timestamp":"2026-03-09 14:04:56"}
{"level":"error","message":"An error occurred during the migration of Item record [gQjpYzBmlC6CDYGY] of database \"daggerheart-advmanager.custom-features\":\nError: Documents from a core version newer than the running version cannot be migrated\n    at Function._migrateRecord (file:///D:/Juegos/Foundry_daggerheart_git/Foundry-daggerheart/Portable-FoundryVTT-v13.348/App/resources/app/dist/database/backend/server-document.mjs:1:3713)\n    at Function._migrateDocuments (file:///D:/Juegos/Foundry_daggerheart_git/Foundry-daggerheart/Portable-FoundryVTT-v13.348/App/resources/app/dist/database/backend/server-document.mjs:1:2782)","timestamp":"2026-03-09 14:04:56"}
{"level":"error","message":"An error occurred during the migration of Item record [gkyJsNVoE3kYJWoe] of database \"daggerheart-advmanager.custom-features\":\nError: Documents from a core version newer than the running version cannot be migrated\n    at Function._migrateRecord (file:///D:/Juegos/Foundry_daggerheart_git/Foundry-daggerheart/Portable-FoundryVTT-v13.348/App/resources/app/dist/database/backend/server-document.mjs:1:3713)\n    at Function._migrateDocuments (file:///D:/Juegos/Foundry_daggerheart_git/Foundry-daggerheart/Portable-FoundryVTT-v13.348/App/resources/app/dist/database/backend/server-document.mjs:1:2782)","timestamp":"2026-03-09 14:04:56"}
{"level":"error","message":"An error occurred during the migration of Item record [vPbGnIwlpM2I74BI] of database \"daggerheart-advmanager.custom-features\":\nError: Documents from a core version newer than the running version cannot be migrated\n    at Function._migrateRecord (file:///D:/Juegos/Foundry_daggerheart_git/Foundry-daggerheart/Portable-FoundryVTT-v13.348/App/resources/app/dist/database/backend/server-document.mjs:1:3713)\n    at Function._migrateDocuments (file:///D:/Juegos/Foundry_daggerheart_git/Foundry-daggerheart/Portable-FoundryVTT-v13.348/App/resources/app/dist/database/backend/server-document.mjs:1:2782)","timestamp":"2026-03-09 14:04:56"}
{"level":"error","message":"An error occurred during the migration of Item record [w55UDPWC0WIgXxWS] of database \"daggerheart-advmanager.custom-features\":\nError: Documents from a core version newer than the running version cannot be migrated\n    at Function._migrateRecord (file:///D:/Juegos/Foundry_daggerheart_git/Foundry-daggerheart/Portable-FoundryVTT-v13.348/App/resources/app/dist/database/backend/server-document.mjs:1:3713)\n    at Function._migrateDocuments (file:///D:/Juegos/Foundry_daggerheart_git/Foundry-daggerheart/Portable-FoundryVTT-v13.348/App/resources/app/dist/database/backend/server-document.mjs:1:2782)","timestamp":"2026-03-09 14:04:56"}
{"level":"warn","message":"Database daggerheart-advmanager.custom-features was not fully migrated due to errors during migration.","timestamp":"2026-03-09 14:04:56"}
{"level":"error","message":"An error occurred during the migration of Item record [0AK50fib0Vl6vzNE] of database \"daggerheart-advmanager.all-features\":\nError: Documents from a core version newer than the running version cannot be migrated\n    at Function._migrateRecord (file:///D:/Juegos/Foundry_daggerheart_git/Foundry-daggerheart/Portable-FoundryVTT-v13.348/App/resources/app/dist/database/backend/server-document.mjs:1:3713)\n    at Function._migrateDocuments (file:///D:/Juegos/Foundry_daggerheart_git/Foundry-daggerheart/Portable-FoundryVTT-v13.348/App/resources/app/dist/database/backend/server-document.mjs:1:2782)","timestamp":"2026-03-09 14:04:56"}
{"level":"error","message":"An error occurred during the migration of Item record [0EmQBc3EpEkh7ZNI] of database \"daggerheart-advmanager.all-features\":\nError: Documents from a core version newer than the running version cannot be migrated\n    at Function._migrateRecord (file:///D:/Juegos/Foundry_daggerheart_git/Foundry-daggerheart/Portable-FoundryVTT-v13.348/App/resources/app/dist/database/backend/server-document.mjs:1:3713)\n    at Function._migrateDocuments (file:///D:/Juegos/Foundry_daggerheart_git/Foundry-daggerheart/Portable-FoundryVTT-v13.348/App/resources/app/dist/database/backend/server-document.mjs:1:2782)","timestamp":"2026-03-09 14:04:56"}
{"level":"error","message":"An error occurred during the migration of Item record [0Jyuo4OsdMawZoTU] of database \"daggerheart-advmanager.all-features\":\nError: Documents from a core version newer than the running version cannot be migrated\n    at Function._migrateRecord (file:///D:/Juegos/Foundry_daggerheart_git/Foundry-daggerheart/Portable-FoundryVTT-v13.348/App/resources/app/dist/database/backend/server-document.mjs:1:3713)\n    at Function._migrateDocuments (file:///D:/Juegos/Foundry_daggerheart_git/Foundry-daggerheart/Portable-FoundryVTT-v13.348/App/resources/app/dist/database/backend/server-document.mjs:1:2782)","timestamp":"2026-03-09 14:04:56"}
{"level":"error","message":"An error occurred during the migration of Item record [0OGMVbqFxRVxsuTy] of database \"daggerheart-advmanager.all-features\":\nError: Documents from a core version newer than the running version cannot be migrated\n    at Function._migrateRecord (file:///D:/Juegos/Foundry_daggerheart_git/Foundry-daggerheart/Portable-FoundryVTT-v13.348/App/resources/app/dist/database/backend/server-document.mjs:1:3713)\n    at Function._migrateDocuments (file:///D:/Juegos/Foundry_daggerheart_git/Foundry-daggerheart/Portable-FoundryVTT-v13.348/App/resources/app/dist/database/backend/server-document.mjs:1:2782)","timestamp":"2026-03-09 14:04:56"}
{"level":"error","message":"An error occurred during the migration of Item record [0iw1UfatM6sVnQzw] of database \"daggerheart-advmanager.all-features\":\nError: Documents from a core version newer than the running version cannot be migrated\n    at Function._migrateRecord (file:///D:/Juegos/Foundry_daggerheart_git/Foundry-daggerheart/Portable-FoundryVTT-v13.348/App/resources/app/dist/database/backend/server-document.mjs:1:3713)\n    at Function._migrateDocuments (file:///D:/Juegos/Foundry_daggerheart_git/Foundry-daggerheart/Portable-FoundryVTT-v13.348/App/resources/app/dist/database/backend/server-document.mjs:1:2782)","timestamp":"2026-03-09 14:04:56"}
{"level":"error","message":"An error occurred during the migration of Item record [0t5Sxf68jP13Jvdb] of database \"daggerheart-advmanager.all-features\":\nError: Documents from a core version newer than the running version cannot be migrated\n    at Function._migrateRecord (file:///D:/Juegos/Foundry_daggerheart_git/Foundry-daggerheart/Portable-FoundryVTT-v13.348/App/resources/app/dist/database/backend/server-document.mjs:1:3713)\n    at Function._migrateDocuments (file:///D:/Juegos/Foundry_daggerheart_git/Foundry-daggerheart/Portable-FoundryVTT-v13.348/App/resources/app/dist/database/backend/server-document.mjs:1:2782)","timestamp":"2026-03-09 14:04:56"}
{"level":"error","message":"An error occurred during the migration of Item record [0xfUrz3PxiePxbuZ] of database \"daggerheart-advmanager.all-features\":\nError: Documents from a core version newer than the running version cannot be migrated\n    at Function._migrateRecord (file:///D:/Juegos/Foundry_daggerheart_git/Foundry-daggerheart/Portable-FoundryVTT-v13.348/App/resources/app/dist/database/backend/server-document.mjs:1:3713)\n    at Function._migrateDocuments (file:///D:/Juegos/Foundry_daggerheart_git/Foundry-daggerheart/Portable-FoundryVTT-v13.348/App/resources/app/dist/database/backend/server-document.mjs:1:2782)","timestamp":"2026-03-09 14:04:56"}
{"level":"error","message":"An error occurred during the migration of Item record [10is4ehby9gfstKp] of database \"daggerheart-advmanager.all-features\":\nError: Documents from a core version newer than the running version cannot be migrated\n    at Function._migrateRecord (file:///D:/Juegos/Foundry_daggerheart_git/Foundry-daggerheart/Portable-FoundryVTT-v13.348/App/resources/app/dist/database/backend/server-document.mjs:1:3713)\n    at Function._migrateDocuments (file:///D:/Juegos/Foundry_daggerheart_git/Foundry-daggerheart/Portable-FoundryVTT-v13.348/App/resources/app/dist/database/backend/server-document.mjs:1:2782)","timestamp":"2026-03-09 14:04:56"}
{"level":"error","message":"An error occurred during the migration of Item record [12GpBV70UVm4jiEq] of database \"daggerheart-advmanager.all-features\":\nError: Documents from a core version newer than the running version cannot be migrated\n    at Function._migrateRecord (file:///D:/Juegos/Foundry_daggerheart_git/Foundry-daggerheart/Portable-FoundryVTT-v13.348/App/resources/app/dist/database/backend/server-document.mjs:1:3713)\n    at Function._migrateDocuments (file:///D:/Juegos/Foundry_daggerheart_git/Foundry-daggerheart/Portable-FoundryVTT-v13.348/App/resources/app/dist/database/backend/server-document.mjs:1:2782)","timestamp":"2026-03-09 14:04:56"}
{"level":"error","message":"An error occurred during the migration of Item record [176El2KFqxUq1yFM] of database \"daggerheart-advmanager.all-features\":\nError: Documents from a core version newer than the running version cannot be migrated\n    at Function._migrateRecord (file:///D:/Juegos/Foundry_daggerheart_git/Foundry-daggerheart/Portable-FoundryVTT-v13.348/App/resources/app/dist/database/backend/server-document.mjs:1:3713)\n    at Function._migrateDocuments (file:///D:/Juegos/Foundry_daggerheart_git/Foundry-daggerheart/Portable-FoundryVTT-v13.348/App/resources/app/dist/database/backend/server-document.mjs:1:2782)","timestamp":"2026-03-09 14:04:56"}
{"level":"error","message":"An error occurred during the migration of Item record [19FO88Svnttnqsyh] of database \"daggerheart-advmanager.all-features\":\nError: Documents from a core version newer than the running version cannot be migrated\n    at Function._migrateRecord (file:///D:/Juegos/Foundry_daggerheart_git/Foundry-daggerheart/Portable-FoundryVTT-v13.348/App/resources/app/dist/database/backend/server-document.mjs:1:3713)\n    at Function._migrateDocuments (file:///D:/Juegos/Foundry_daggerheart_git/Foundry-daggerheart/Portable-FoundryVTT-v13.348/App/resources/app/dist/database/backend/server-document.mjs:1:2782)","timestamp":"2026-03-09 14:04:56"}
{"level":"error","message":"An error occurred during the migration of Item record [1FMtoS8Vd9rzaFVG] of database \"daggerheart-advmanager.all-features\":\nError: Documents from a core version newer than the running version cannot be migrated\n    at Function._migrateRecord (file:///D:/Juegos/Foundry_daggerheart_git/Foundry-daggerheart/Portable-FoundryVTT-v13.348/App/resources/app/dist/database/backend/server-document.mjs:1:3713)\n    at Function._migrateDocuments (file:///D:/Juegos/Foundry_daggerheart_git/Foundry-daggerheart/Portable-FoundryVTT-v13.348/App/resources/app/dist/database/backend/server-document.mjs:1:2782)","timestamp":"2026-03-09 14:04:56"}
{"level":"error","message":"An error occurred during the migration of Item record [1aNR0X2uLEfNyvLS] of database \"daggerheart-advmanager.all-features\":\nError: Documents from a core version newer than the running version cannot be migrated\n    at Function._migrateRecord (file:///D:/Juegos/Foundry_daggerheart_git/Foundry-daggerheart/Portable-FoundryVTT-v13.348/App/resources/app/dist/database/backend/server-document.mjs:1:3713)\n    at Function._migrateDocuments (file:///D:/Juegos/Foundry_daggerheart_git/Foundry-daggerheart/Portable-FoundryVTT-v13.348/App/resources/app/dist/database/backend/server-document.mjs:1:2782)","timestamp":"2026-03-09 14:04:56"}
{"level":"error","message":"An error occurred during the migration of Item record [24xBbSTxWXb9RsrI] of database \"daggerheart-advmanager.all-features\":\nError: Documents from a core version newer than the running version cannot be migrated\n    at Function._migrateRecord (file:///D:/Juegos/Foundry_daggerheart_git/Foundry-daggerheart/Portable-FoundryVTT-v13.348/App/resources/app/dist/database/backend/server-document.mjs:1:3713)\n    at Function._migrateDocuments (file:///D:/Juegos/Foundry_daggerheart_git/Foundry-daggerheart/Portable-FoundryVTT-v13.348/App/resources/app/dist/database/backend/server-document.mjs:1:2782)","timestamp":"2026-03-09 14:04:56"}
{"level":"error","message":"An error occurred during the migration of Item record [29zFfjY5HNUxW3mx] of database \"daggerheart-advmanager.all-features\":\nError: Documents from a core version newer than the running version cannot be migrated\n    at Function._migrateRecord (file:///D:/Juegos/Foundry_daggerheart_git/Foundry-daggerheart/Portable-FoundryVTT-v13.348/App/resources/app/dist/database/backend/server-document.mjs:1:3713)\n    at Function._migrateDocuments (file:///D:/Juegos/Foundry_daggerheart_git/Foundry-daggerheart/Portable-FoundryVTT-v13.348/App/resources/app/dist/database/backend/server-document.mjs:1:2782)","timestamp":"2026-03-09 14:04:56"}
{"level":"error","message":"An error occurred during the migration of Item record [2bJ0AcF6AbwTJRQX] of database \"daggerheart-advmanager.all-features\":\nError: Documents from a core version newer than the running version cannot be migrated\n    at Function._migrateRecord (file:///D:/Juegos/Foundry_daggerheart_git/Foundry-daggerheart/Portable-FoundryVTT-v13.348/App/resources/app/dist/database/backend/server-document.mjs:1:3713)\n    at Function._migrateDocuments (file:///D:/Juegos/Foundry_daggerheart_git/Foundry-daggerheart/Portable-FoundryVTT-v13.348/App/resources/app/dist/database/backend/server-document.mjs:1:2782)","timestamp":"2026-03-09 14:04:56"}
{"level":"error","message":"An error occurred during the migration of Item record [2mbKdvhv86laztg5] of database \"daggerheart-advmanager.all-features\":\nError: Documents from a core version newer than the running version cannot be migrated\n    at Function._migrateRecord (file:///D:/Juegos/Foundry_daggerheart_git/Foundry-daggerheart/Portable-FoundryVTT-v13.348/App/resources/app/dist/database/backend/server-document.mjs:1:3713)\n    at Function._migrateDocuments (file:///D:/Juegos/Foundry_daggerheart_git/Foundry-daggerheart/Portable-FoundryVTT-v13.348/App/resources/app/dist/database/backend/server-document.mjs:1:2782)","timestamp":"2026-03-09 14:04:56"}
{"level":"error","message":"An error occurred during the migration of Item record [2oGA8NNPjlHvG2w5] of database \"daggerheart-advmanager.all-features\":\nError: Documents from a core version newer than the running version cannot be migrated\n    at Function._migrateRecord (file:///D:/Juegos/Foundry_daggerheart_git/Foundry-daggerheart/Portable-FoundryVTT-v13.348/App/resources/app/dist/database/backend/server-document.mjs:1:3713)\n    at Function._migrateDocuments (file:///D:/Juegos/Foundry_daggerheart_git/Foundry-daggerheart/Portable-FoundryVTT-v13.348/App/resources/app/dist/database/backend/server-document.mjs:1:2782)","timestamp":"2026-03-09 14:04:56"}
{"level":"error","message":"An error occurred during the migration of Item record [3585rCbXTrgdV3b3] of database \"daggerheart-advmanager.all-features\":\nError: Documents from a core version newer than the running version cannot be migrated\n    at Function._migrateRecord (file:///D:/Juegos/Foundry_daggerheart_git/Foundry-daggerheart/Portable-FoundryVTT-v13.348/App/resources/app/dist/database/backend/server-document.mjs:1:3713)\n    at Function._migrateDocuments (file:///D:/Juegos/Foundry_daggerheart_git/Foundry-daggerheart/Portable-FoundryVTT-v13.348/App/resources/app/dist/database/backend/server-document.mjs:1:2782)","timestamp":"2026-03-09 14:04:56"}
{"level":"error","message":"An error occurred during the migration of Item record [3DcJxlfu8rDHyh9o] of database \"daggerheart-advmanager.all-features\":\nError: Documents from a core version newer than the running version cannot be migrated\n    at Function._migrateRecord (file:///D:/Juegos/Foundry_daggerheart_git/Foundry-daggerheart/Portable-FoundryVTT-v13.348/App/resources/app/dist/database/backend/server-document.mjs:1:3713)\n    at Function._migrateDocuments (file:///D:/Juegos/Foundry_daggerheart_git/Foundry-daggerheart/Portable-FoundryVTT-v13.348/App/resources/app/dist/database/backend/server-document.mjs:1:2782)","timestamp":"2026-03-09 14:04:56"}
{"level":"error","message":"An error occurred during the migration of Item record [3HE1tbCfnpKvfRT4] of database \"daggerheart-advmanager.all-features\":\nError: Documents from a core version newer than the running version cannot be migrated\n    at Function._migrateRecord (file:///D:/Juegos/Foundry_daggerheart_git/Foundry-daggerheart/Portable-FoundryVTT-v13.348/App/resources/app/dist/database/backend/server-document.mjs:1:3713)\n    at Function._migrateDocuments (file:///D:/Juegos/Foundry_daggerheart_git/Foundry-daggerheart/Portable-FoundryVTT-v13.348/App/resources/app/dist/database/backend/server-document.mjs:1:2782)","timestamp":"2026-03-09 14:04:56"}
{"level":"error","message":"An error occurred during the migration of Item record [3qIfh4e4Jmv1i4IA] of database \"daggerheart-advmanager.all-features\":\nError: Documents from a core version newer than the running version cannot be migrated\n    at Function._migrateRecord (file:///D:/Juegos/Foundry_daggerheart_git/Foundry-daggerheart/Portable-FoundryVTT-v13.348/App/resources/app/dist/database/backend/server-document.mjs:1:3713)\n    at Function._migrateDocuments (file:///D:/Juegos/Foundry_daggerheart_git/Foundry-daggerheart/Portable-FoundryVTT-v13.348/App/resources/app/dist/database/backend/server-document.mjs:1:2782)","timestamp":"2026-03-09 14:04:56"}
{"level":"error","message":"An error occurred during the migration of Item record [406aPWKMmrbhjNBp] of database \"daggerheart-advmanager.all-features\":\nError: Documents from a core version newer than the running version cannot be migrated\n    at Function._migrateRecord (file:///D:/Juegos/Foundry_daggerheart_git/Foundry-daggerheart/Portable-FoundryVTT-v13.348/App/resources/app/dist/database/backend/server-document.mjs:1:3713)\n    at Function._migrateDocuments (file:///D:/Juegos/Foundry_daggerheart_git/Foundry-daggerheart/Portable-FoundryVTT-v13.348/App/resources/app/dist/database/backend/server-document.mjs:1:2782)","timestamp":"2026-03-09 14:04:56"}
{"level":"error","message":"An error occurred during the migration of Item record [4Arev0XM1kfJor5X] of database \"daggerheart-advmanager.all-features\":\nError: Documents from a core version newer than the running version cannot be migrated\n    at Function._migrateRecord (file:///D:/Juegos/Foundry_daggerheart_git/Foundry-daggerheart/Portable-FoundryVTT-v13.348/App/resources/app/dist/database/backend/server-document.mjs:1:3713)\n    at Function._migrateDocuments (file:///D:/Juegos/Foundry_daggerheart_git/Foundry-daggerheart/Portable-FoundryVTT-v13.348/App/resources/app/dist/database/backend/server-document.mjs:1:2782)","timestamp":"2026-03-09 14:04:56"}
{"level":"error","message":"An error occurred during the migration of Item record [4NSLMimnOPIIkrp8] of database \"daggerheart-advmanager.all-features\":\nError: Documents from a core version newer than the running version cannot be migrated\n    at Function._migrateRecord (file:///D:/Juegos/Foundry_daggerheart_git/Foundry-daggerheart/Portable-FoundryVTT-v13.348/App/resources/app/dist/database/backend/server-document.mjs:1:3713)\n    at Function._migrateDocuments (file:///D:/Juegos/Foundry_daggerheart_git/Foundry-daggerheart/Portable-FoundryVTT-v13.348/App/resources/app/dist/database/backend/server-document.mjs:1:2782)","timestamp":"2026-03-09 14:04:56"}
{"level":"error","message":"An error occurred during the migration of Item record [4hQpJ37Lki92QPdP] of database \"daggerheart-advmanager.all-features\":\nError: Documents from a core version newer than the running version cannot be migrated\n    at Function._migrateRecord (file:///D:/Juegos/Foundry_daggerheart_git/Foundry-daggerheart/Portable-FoundryVTT-v13.348/App/resources/app/dist/database/backend/server-document.mjs:1:3713)\n    at Function._migrateDocuments (file:///D:/Juegos/Foundry_daggerheart_git/Foundry-daggerheart/Portable-FoundryVTT-v13.348/App/resources/app/dist/database/backend/server-document.mjs:1:2782)","timestamp":"2026-03-09 14:04:56"}
{"level":"error","message":"An error occurred during the migration of Item record [4olzwDGhly4yD6QP] of database \"daggerheart-advmanager.all-features\":\nError: Documents from a core version newer than the running version cannot be migrated\n    at Function._migrateRecord (file:///D:/Juegos/Foundry_daggerheart_git/Foundry-daggerheart/Portable-FoundryVTT-v13.348/App/resources/app/dist/database/backend/server-document.mjs:1:3713)\n    at Function._migrateDocuments (file:///D:/Juegos/Foundry_daggerheart_git/Foundry-daggerheart/Portable-FoundryVTT-v13.348/App/resources/app/dist/database/backend/server-document.mjs:1:2782)","timestamp":"2026-03-09 14:04:56"}
{"level":"error","message":"An error occurred during the migration of Item record [4pJEwefS6ck3yhTL] of database \"daggerheart-advmanager.all-features\":\nError: Documents from a core version newer than the running version cannot be migrated\n    at Function._migrateRecord (file:///D:/Juegos/Foundry_daggerheart_git/Foundry-daggerheart/Portable-FoundryVTT-v13.348/App/resources/app/dist/database/backend/server-document.mjs:1:3713)\n    at Function._migrateDocuments (file:///D:/Juegos/Foundry_daggerheart_git/Foundry-daggerheart/Portable-FoundryVTT-v13.348/App/resources/app/dist/database/backend/server-document.mjs:1:2782)","timestamp":"2026-03-09 14:04:56"}
{"level":"error","message":"An error occurred during the migration of Item record [562z3cCHaZpp7KQ3] of database \"daggerheart-advmanager.all-features\":\nError: Documents from a core version newer than the running version cannot be migrated\n    at Function._migrateRecord (file:///D:/Juegos/Foundry_daggerheart_git/Foundry-daggerheart/Portable-FoundryVTT-v13.348/App/resources/app/dist/database/backend/server-document.mjs:1:3713)\n    at Function._migrateDocuments (file:///D:/Juegos/Foundry_daggerheart_git/Foundry-daggerheart/Portable-FoundryVTT-v13.348/App/resources/app/dist/database/backend/server-document.mjs:1:2782)","timestamp":"2026-03-09 14:04:56"}
{"level":"error","message":"An error occurred during the migration of Item record [5A2g10P82BhefFnF] of database \"daggerheart-advmanager.all-features\":\nError: Documents from a core version newer than the running version cannot be migrated\n    at Function._migrateRecord (file:///D:/Juegos/Foundry_daggerheart_git/Foundry-daggerheart/Portable-FoundryVTT-v13.348/App/resources/app/dist/database/backend/server-document.mjs:1:3713)\n    at Function._migrateDocuments (file:///D:/Juegos/Foundry_daggerheart_git/Foundry-daggerheart/Portable-FoundryVTT-v13.348/App/resources/app/dist/database/backend/server-document.mjs:1:2782)","timestamp":"2026-03-09 14:04:56"}
{"level":"error","message":"An error occurred during the migration of Item record [5Aa9DYunwzMlj2z5] of database \"daggerheart-advmanager.all-features\":\nError: Documents from a core version newer than the running version cannot be migrated\n    at Function._migrateRecord (file:///D:/Juegos/Foundry_daggerheart_git/Foundry-daggerheart/Portable-FoundryVTT-v13.348/App/resources/app/dist/database/backend/server-document.mjs:1:3713)\n    at Function._migrateDocuments (file:///D:/Juegos/Foundry_daggerheart_git/Foundry-daggerheart/Portable-FoundryVTT-v13.348/App/resources/app/dist/database/backend/server-document.mjs:1:2782)","timestamp":"2026-03-09 14:04:56"}
{"level":"error","message":"An error occurred during the migration of Item record [5Bo8D9QzOB7nrkiJ] of database \"daggerheart-advmanager.all-features\":\nError: Documents from a core version newer than the running version cannot be migrated\n    at Function._migrateRecord (file:///D:/Juegos/Foundry_daggerheart_git/Foundry-daggerheart/Portable-FoundryVTT-v13.348/App/resources/app/dist/database/backend/server-document.mjs:1:3713)\n    at Function._migrateDocuments (file:///D:/Juegos/Foundry_daggerheart_git/Foundry-daggerheart/Portable-FoundryVTT-v13.348/App/resources/app/dist/database/backend/server-document.mjs:1:2782)","timestamp":"2026-03-09 14:04:56"}
{"level":"error","message":"An error occurred during the migration of Item record [5DLSEIAySr9PTQcB] of database \"daggerheart-advmanager.all-features\":\nError: Documents from a core version newer than the running version cannot be migrated\n    at Function._migrateRecord (file:///D:/Juegos/Foundry_daggerheart_git/Foundry-daggerheart/Portable-FoundryVTT-v13.348/App/resources/app/dist/database/backend/server-document.mjs:1:3713)\n    at Function._migrateDocuments (file:///D:/Juegos/Foundry_daggerheart_git/Foundry-daggerheart/Portable-FoundryVTT-v13.348/App/resources/app/dist/database/backend/server-document.mjs:1:2782)","timestamp":"2026-03-09 14:04:56"}
{"level":"error","message":"An error occurred during the migration of Item record [5Nq16tcUJeKgzAqM] of database \"daggerheart-advmanager.all-features\":\nError: Documents from a core version newer than the running version cannot be migrated\n    at Function._migrateRecord (file:///D:/Juegos/Foundry_daggerheart_git/Foundry-daggerheart/Portable-FoundryVTT-v13.348/App/resources/app/dist/database/backend/server-document.mjs:1:3713)\n    at Function._migrateDocuments (file:///D:/Juegos/Foundry_daggerheart_git/Foundry-daggerheart/Portable-FoundryVTT-v13.348/App/resources/app/dist/database/backend/server-document.mjs:1:2782)","timestamp":"2026-03-09 14:04:56"}
{"level":"error","message":"An error occurred during the migration of Item record [5Wn5atX8O21xrL5O] of database \"daggerheart-advmanager.all-features\":\nError: Documents from a core version newer than the running version cannot be migrated\n    at Function._migrateRecord (file:///D:/Juegos/Foundry_daggerheart_git/Foundry-daggerheart/Portable-FoundryVTT-v13.348/App/resources/app/dist/database/backend/server-document.mjs:1:3713)\n    at Function._migrateDocuments (file:///D:/Juegos/Foundry_daggerheart_git/Foundry-daggerheart/Portable-FoundryVTT-v13.348/App/resources/app/dist/database/backend/server-document.mjs:1:2782)","timestamp":"2026-03-09 14:04:56"}
{"level":"error","message":"An error occurred during the migration of Item record [5kQacWjp1K6I4iH3] of database \"daggerheart-advmanager.all-features\":\nError: Documents from a core version newer than the running version cannot be migrated\n    at Function._migrateRecord (file:///D:/Juegos/Foundry_daggerheart_git/Foundry-daggerheart/Portable-FoundryVTT-v13.348/App/resources/app/dist/database/backend/server-document.mjs:1:3713)\n    at Function._migrateDocuments (file:///D:/Juegos/Foundry_daggerheart_git/Foundry-daggerheart/Portable-FoundryVTT-v13.348/App/resources/app/dist/database/backend/server-document.mjs:1:2782)","timestamp":"2026-03-09 14:04:56"}
{"level":"error","message":"An error occurred during the migration of Item record [62OdgQgaYYjAsxhn] of database \"daggerheart-advmanager.all-features\":\nError: Documents from a core version newer than the running version cannot be migrated\n    at Function._migrateRecord (file:///D:/Juegos/Foundry_daggerheart_git/Foundry-daggerheart/Portable-FoundryVTT-v13.348/App/resources/app/dist/database/backend/server-document.mjs:1:3713)\n    at Function._migrateDocuments (file:///D:/Juegos/Foundry_daggerheart_git/Foundry-daggerheart/Portable-FoundryVTT-v13.348/App/resources/app/dist/database/backend/server-document.mjs:1:2782)","timestamp":"2026-03-09 14:04:56"}
{"level":"error","message":"An error occurred during the migration of Item record [68ygzbXuIM3CmG4T] of database \"daggerheart-advmanager.all-features\":\nError: Documents from a core version newer than the running version cannot be migrated\n    at Function._migrateRecord (file:///D:/Juegos/Foundry_daggerheart_git/Foundry-daggerheart/Portable-FoundryVTT-v13.348/App/resources/app/dist/database/backend/server-document.mjs:1:3713)\n    at Function._migrateDocuments (file:///D:/Juegos/Foundry_daggerheart_git/Foundry-daggerheart/Portable-FoundryVTT-v13.348/App/resources/app/dist/database/backend/server-document.mjs:1:2782)","timestamp":"2026-03-09 14:04:56"}
{"level":"error","message":"An error occurred during the migration of Item record [6Ucktuk60kx88Byq] of database \"daggerheart-advmanager.all-features\":\nError: Documents from a core version newer than the running version cannot be migrated\n    at Function._migrateRecord (file:///D:/Juegos/Foundry_daggerheart_git/Foundry-daggerheart/Portable-FoundryVTT-v13.348/App/resources/app/dist/database/backend/server-document.mjs:1:3713)\n    at Function._migrateDocuments (file:///D:/Juegos/Foundry_daggerheart_git/Foundry-daggerheart/Portable-FoundryVTT-v13.348/App/resources/app/dist/database/backend/server-document.mjs:1:2782)","timestamp":"2026-03-09 14:04:56"}
{"level":"error","message":"An error occurred during the migration of Item record [6VaGmmlJokFAnmYk] of database \"daggerheart-advmanager.all-features\":\nError: Documents from a core version newer than the running version cannot be migrated\n    at Function._migrateRecord (file:///D:/Juegos/Foundry_daggerheart_git/Foundry-daggerheart/Portable-FoundryVTT-v13.348/App/resources/app/dist/database/backend/server-document.mjs:1:3713)\n    at Function._migrateDocuments (file:///D:/Juegos/Foundry_daggerheart_git/Foundry-daggerheart/Portable-FoundryVTT-v13.348/App/resources/app/dist/database/backend/server-document.mjs:1:2782)","timestamp":"2026-03-09 14:04:56"}
{"level":"error","message":"An error occurred during the migration of Item record [6XReWqJ42M0bl0uV] of database \"daggerheart-advmanager.all-features\":\nError: Documents from a core version newer than the running version cannot be migrated\n    at Function._migrateRecord (file:///D:/Juegos/Foundry_daggerheart_git/Foundry-daggerheart/Portable-FoundryVTT-v13.348/App/resources/app/dist/database/backend/server-document.mjs:1:3713)\n    at Function._migrateDocuments (file:///D:/Juegos/Foundry_daggerheart_git/Foundry-daggerheart/Portable-FoundryVTT-v13.348/App/resources/app/dist/database/backend/server-document.mjs:1:2782)","timestamp":"2026-03-09 14:04:56"}
{"level":"error","message":"An error occurred during the migration of Item record [6oBI8EvpQ8UfzEDs] of database \"daggerheart-advmanager.all-features\":\nError: Documents from a core version newer than the running version cannot be migrated\n    at Function._migrateRecord (file:///D:/Juegos/Foundry_daggerheart_git/Foundry-daggerheart/Portable-FoundryVTT-v13.348/App/resources/app/dist/database/backend/server-document.mjs:1:3713)\n    at Function._migrateDocuments (file:///D:/Juegos/Foundry_daggerheart_git/Foundry-daggerheart/Portable-FoundryVTT-v13.348/App/resources/app/dist/database/backend/server-document.mjs:1:2782)","timestamp":"2026-03-09 14:04:56"}
{"level":"error","message":"An error occurred during the migration of Item record [76BVfHMtGBJ8OEV2] of database \"daggerheart-advmanager.all-features\":\nError: Documents from a core version newer than the running version cannot be migrated\n    at Function._migrateRecord (file:///D:/Juegos/Foundry_daggerheart_git/Foundry-daggerheart/Portable-FoundryVTT-v13.348/App/resources/app/dist/database/backend/server-document.mjs:1:3713)\n    at Function._migrateDocuments (file:///D:/Juegos/Foundry_daggerheart_git/Foundry-daggerheart/Portable-FoundryVTT-v13.348/App/resources/app/dist/database/backend/server-document.mjs:1:2782)","timestamp":"2026-03-09 14:04:56"}
{"level":"error","message":"An error occurred during the migration of Item record [77UOyCblaVbixMik] of database \"daggerheart-advmanager.all-features\":\nError: Documents from a core version newer than the running version cannot be migrated\n    at Function._migrateRecord (file:///D:/Juegos/Foundry_daggerheart_git/Foundry-daggerheart/Portable-FoundryVTT-v13.348/App/resources/app/dist/database/backend/server-document.mjs:1:3713)\n    at Function._migrateDocuments (file:///D:/Juegos/Foundry_daggerheart_git/Foundry-daggerheart/Portable-FoundryVTT-v13.348/App/resources/app/dist/database/backend/server-document.mjs:1:2782)","timestamp":"2026-03-09 14:04:56"}
{"level":"error","message":"An error occurred during the migration of Item record [7Bmb1SZ4YjUgiMVp] of database \"daggerheart-advmanager.all-features\":\nError: Documents from a core version newer than the running version cannot be migrated\n    at Function._migrateRecord (file:///D:/Juegos/Foundry_daggerheart_git/Foundry-daggerheart/Portable-FoundryVTT-v13.348/App/resources/app/dist/database/backend/server-document.mjs:1:3713)\n    at Function._migrateDocuments (file:///D:/Juegos/Foundry_daggerheart_git/Foundry-daggerheart/Portable-FoundryVTT-v13.348/App/resources/app/dist/database/backend/server-document.mjs:1:2782)","timestamp":"2026-03-09 14:04:56"}
{"level":"error","message":"An error occurred during the migration of Item record [7PtTEO8wWcVXZMhp] of database \"daggerheart-advmanager.all-features\":\nError: Documents from a core version newer than the running version cannot be migrated\n    at Function._migrateRecord (file:///D:/Juegos/Foundry_daggerheart_git/Foundry-daggerheart/Portable-FoundryVTT-v13.348/App/resources/app/dist/database/backend/server-document.mjs:1:3713)\n    at Function._migrateDocuments (file:///D:/Juegos/Foundry_daggerheart_git/Foundry-daggerheart/Portable-FoundryVTT-v13.348/App/resources/app/dist/database/backend/server-document.mjs:1:2782)","timestamp":"2026-03-09 14:04:56"}
{"level":"error","message":"An error occurred during the migration of Item record [83wz8VKmBOiBHMl7] of database \"daggerheart-advmanager.all-features\":\nError: Documents from a core version newer than the running version cannot be migrated\n    at Function._migrateRecord (file:///D:/Juegos/Foundry_daggerheart_git/Foundry-daggerheart/Portable-FoundryVTT-v13.348/App/resources/app/dist/database/backend/server-document.mjs:1:3713)\n    at Function._migrateDocuments (file:///D:/Juegos/Foundry_daggerheart_git/Foundry-daggerheart/Portable-FoundryVTT-v13.348/App/resources/app/dist/database/backend/server-document.mjs:1:2782)","timestamp":"2026-03-09 14:04:56"}
{"level":"error","message":"An error occurred during the migration of Item record [88lgDAkLmPOdbmUG] of database \"daggerheart-advmanager.all-features\":\nError: Documents from a core version newer than the running version cannot be migrated\n    at Function._migrateRecord (file:///D:/Juegos/Foundry_daggerheart_git/Foundry-daggerheart/Portable-FoundryVTT-v13.348/App/resources/app/dist/database/backend/server-document.mjs:1:3713)\n    at Function._migrateDocuments (file:///D:/Juegos/Foundry_daggerheart_git/Foundry-daggerheart/Portable-FoundryVTT-v13.348/App/resources/app/dist/database/backend/server-document.mjs:1:2782)","timestamp":"2026-03-09 14:04:56"}
{"level":"error","message":"An error occurred during the migration of Item record [8Hqoj2oRVfv0A1Fe] of database \"daggerheart-advmanager.all-features\":\nError: Documents from a core version newer than the running version cannot be migrated\n    at Function._migrateRecord (file:///D:/Juegos/Foundry_daggerheart_git/Foundry-daggerheart/Portable-FoundryVTT-v13.348/App/resources/app/dist/database/backend/server-document.mjs:1:3713)\n    at Function._migrateDocuments (file:///D:/Juegos/Foundry_daggerheart_git/Foundry-daggerheart/Portable-FoundryVTT-v13.348/App/resources/app/dist/database/backend/server-document.mjs:1:2782)","timestamp":"2026-03-09 14:04:56"}
{"level":"error","message":"An error occurred during the migration of Item record [8JG1MqucRal88FLZ] of database \"daggerheart-advmanager.all-features\":\nError: Documents from a core version newer than the running version cannot be migrated\n    at Function._migrateRecord (file:///D:/Juegos/Foundry_daggerheart_git/Foundry-daggerheart/Portable-FoundryVTT-v13.348/App/resources/app/dist/database/backend/server-document.mjs:1:3713)\n    at Function._migrateDocuments (file:///D:/Juegos/Foundry_daggerheart_git/Foundry-daggerheart/Portable-FoundryVTT-v13.348/App/resources/app/dist/database/backend/server-document.mjs:1:2782)","timestamp":"2026-03-09 14:04:56"}
{"level":"error","message":"An error occurred during the migration of Item record [8KyyQcyk5HbrepME] of database \"daggerheart-advmanager.all-features\":\nError: Documents from a core version newer than the running version cannot be migrated\n    at Function._migrateRecord (file:///D:/Juegos/Foundry_daggerheart_git/Foundry-daggerheart/Portable-FoundryVTT-v13.348/App/resources/app/dist/database/backend/server-document.mjs:1:3713)\n    at Function._migrateDocuments (file:///D:/Juegos/Foundry_daggerheart_git/Foundry-daggerheart/Portable-FoundryVTT-v13.348/App/resources/app/dist/database/backend/server-document.mjs:1:2782)","timestamp":"2026-03-09 14:04:56"}
{"level":"error","message":"An error occurred during the migration of Item record [8NUaQ11XOeNbnJDz] of database \"daggerheart-advmanager.all-features\":\nError: Documents from a core version newer than the running version cannot be migrated\n    at Function._migrateRecord (file:///D:/Juegos/Foundry_daggerheart_git/Foundry-daggerheart/Portable-FoundryVTT-v13.348/App/resources/app/dist/database/backend/server-document.mjs:1:3713)\n    at Function._migrateDocuments (file:///D:/Juegos/Foundry_daggerheart_git/Foundry-daggerheart/Portable-FoundryVTT-v13.348/App/resources/app/dist/database/backend/server-document.mjs:1:2782)","timestamp":"2026-03-09 14:04:56"}
{"level":"error","message":"An error occurred during the migration of Item record [8NoSGakQ20IMxARQ] of database \"daggerheart-advmanager.all-features\":\nError: Documents from a core version newer than the running version cannot be migrated\n    at Function._migrateRecord (file:///D:/Juegos/Foundry_daggerheart_git/Foundry-daggerheart/Portable-FoundryVTT-v13.348/App/resources/app/dist/database/backend/server-document.mjs:1:3713)\n    at Function._migrateDocuments (file:///D:/Juegos/Foundry_daggerheart_git/Foundry-daggerheart/Portable-FoundryVTT-v13.348/App/resources/app/dist/database/backend/server-document.mjs:1:2782)","timestamp":"2026-03-09 14:04:56"}
{"level":"error","message":"An error occurred during the migration of Item record [8dPjLpjHxqUMHfEk] of database \"daggerheart-advmanager.all-features\":\nError: Documents from a core version newer than the running version cannot be migrated\n    at Function._migrateRecord (file:///D:/Juegos/Foundry_daggerheart_git/Foundry-daggerheart/Portable-FoundryVTT-v13.348/App/resources/app/dist/database/backend/server-document.mjs:1:3713)\n    at Function._migrateDocuments (file:///D:/Juegos/Foundry_daggerheart_git/Foundry-daggerheart/Portable-FoundryVTT-v13.348/App/resources/app/dist/database/backend/server-document.mjs:1:2782)","timestamp":"2026-03-09 14:04:56"}
{"level":"error","message":"An error occurred during the migration of Item record [8eOeCqW6CVncI08c] of database \"daggerheart-advmanager.all-features\":\nError: Documents from a core version newer than the running version cannot be migrated\n    at Function._migrateRecord (file:///D:/Juegos/Foundry_daggerheart_git/Foundry-daggerheart/Portable-FoundryVTT-v13.348/App/resources/app/dist/database/backend/server-document.mjs:1:3713)\n    at Function._migrateDocuments (file:///D:/Juegos/Foundry_daggerheart_git/Foundry-daggerheart/Portable-FoundryVTT-v13.348/App/resources/app/dist/database/backend/server-document.mjs:1:2782)","timestamp":"2026-03-09 14:04:56"}
{"level":"error","message":"An error occurred during the migration of Item record [8mNZUVrM2oc5mvtK] of database \"daggerheart-advmanager.all-features\":\nError: Documents from a core version newer than the running version cannot be migrated\n    at Function._migrateRecord (file:///D:/Juegos/Foundry_daggerheart_git/Foundry-daggerheart/Portable-FoundryVTT-v13.348/App/resources/app/dist/database/backend/server-document.mjs:1:3713)\n    at Function._migrateDocuments (file:///D:/Juegos/Foundry_daggerheart_git/Foundry-daggerheart/Portable-FoundryVTT-v13.348/App/resources/app/dist/database/backend/server-document.mjs:1:2782)","timestamp":"2026-03-09 14:04:56"}
{"level":"error","message":"An error occurred during the migration of Item record [949DjUlAi775bSKM] of database \"daggerheart-advmanager.all-features\":\nError: Documents from a core version newer than the running version cannot be migrated\n    at Function._migrateRecord (file:///D:/Juegos/Foundry_daggerheart_git/Foundry-daggerheart/Portable-FoundryVTT-v13.348/App/resources/app/dist/database/backend/server-document.mjs:1:3713)\n    at Function._migrateDocuments (file:///D:/Juegos/Foundry_daggerheart_git/Foundry-daggerheart/Portable-FoundryVTT-v13.348/App/resources/app/dist/database/backend/server-document.mjs:1:2782)","timestamp":"2026-03-09 14:04:56"}
{"level":"error","message":"An error occurred during the migration of Item record [9GEqlrL3vNGe2L4P] of database \"daggerheart-advmanager.all-features\":\nError: Documents from a core version newer than the running version cannot be migrated\n    at Function._migrateRecord (file:///D:/Juegos/Foundry_daggerheart_git/Foundry-daggerheart/Portable-FoundryVTT-v13.348/App/resources/app/dist/database/backend/server-document.mjs:1:3713)\n    at Function._migrateDocuments (file:///D:/Juegos/Foundry_daggerheart_git/Foundry-daggerheart/Portable-FoundryVTT-v13.348/App/resources/app/dist/database/backend/server-document.mjs:1:2782)","timestamp":"2026-03-09 14:04:56"}
{"level":"error","message":"An error occurred during the migration of Item record [9OSxoPsy7JKpWKyG] of database \"daggerheart-advmanager.all-features\":\nError: Documents from a core version newer than the running version cannot be migrated\n    at Function._migrateRecord (file:///D:/Juegos/Foundry_daggerheart_git/Foundry-daggerheart/Portable-FoundryVTT-v13.348/App/resources/app/dist/database/backend/server-document.mjs:1:3713)\n    at Function._migrateDocuments (file:///D:/Juegos/Foundry_daggerheart_git/Foundry-daggerheart/Portable-FoundryVTT-v13.348/App/resources/app/dist/database/backend/server-document.mjs:1:2782)","timestamp":"2026-03-09 14:04:56"}
{"level":"error","message":"An error occurred during the migration of Item record [9TghFiZWTII2Zn83] of database \"daggerheart-advmanager.all-features\":\nError: Documents from a core version newer than the running version cannot be migrated\n    at Function._migrateRecord (file:///D:/Juegos/Foundry_daggerheart_git/Foundry-daggerheart/Portable-FoundryVTT-v13.348/App/resources/app/dist/database/backend/server-document.mjs:1:3713)\n    at Function._migrateDocuments (file:///D:/Juegos/Foundry_daggerheart_git/Foundry-daggerheart/Portable-FoundryVTT-v13.348/App/resources/app/dist/database/backend/server-document.mjs:1:2782)","timestamp":"2026-03-09 14:04:56"}
{"level":"error","message":"An error occurred during the migration of Item record [9U6tmPdFGyfi0Wzn] of database \"daggerheart-advmanager.all-features\":\nError: Documents from a core version newer than the running version cannot be migrated\n    at Function._migrateRecord (file:///D:/Juegos/Foundry_daggerheart_git/Foundry-daggerheart/Portable-FoundryVTT-v13.348/App/resources/app/dist/database/backend/server-document.mjs:1:3713)\n    at Function._migrateDocuments (file:///D:/Juegos/Foundry_daggerheart_git/Foundry-daggerheart/Portable-FoundryVTT-v13.348/App/resources/app/dist/database/backend/server-document.mjs:1:2782)","timestamp":"2026-03-09 14:04:56"}
{"level":"error","message":"An error occurred during the migration of Item record [9cHkzJ9LREHaasBK] of database \"daggerheart-advmanager.all-features\":\nError: Documents from a core version newer than the running version cannot be migrated\n    at Function._migrateRecord (file:///D:/Juegos/Foundry_daggerheart_git/Foundry-daggerheart/Portable-FoundryVTT-v13.348/App/resources/app/dist/database/backend/server-document.mjs:1:3713)\n    at Function._migrateDocuments (file:///D:/Juegos/Foundry_daggerheart_git/Foundry-daggerheart/Portable-FoundryVTT-v13.348/App/resources/app/dist/database/backend/server-document.mjs:1:2782)","timestamp":"2026-03-09 14:04:56"}
{"level":"error","message":"An error occurred during the migration of Item record [9cRJ11UAf3jf8iY2] of database \"daggerheart-advmanager.all-features\":\nError: Documents from a core version newer than the running version cannot be migrated\n    at Function._migrateRecord (file:///D:/Juegos/Foundry_daggerheart_git/Foundry-daggerheart/Portable-FoundryVTT-v13.348/App/resources/app/dist/database/backend/server-document.mjs:1:3713)\n    at Function._migrateDocuments (file:///D:/Juegos/Foundry_daggerheart_git/Foundry-daggerheart/Portable-FoundryVTT-v13.348/App/resources/app/dist/database/backend/server-document.mjs:1:2782)","timestamp":"2026-03-09 14:04:56"}
{"level":"error","message":"An error occurred during the migration of Item record [A4jMpjGhMKYHCVDd] of database \"daggerheart-advmanager.all-features\":\nError: Documents from a core version newer than the running version cannot be migrated\n    at Function._migrateRecord (file:///D:/Juegos/Foundry_daggerheart_git/Foundry-daggerheart/Portable-FoundryVTT-v13.348/App/resources/app/dist/database/backend/server-document.mjs:1:3713)\n    at Function._migrateDocuments (file:///D:/Juegos/Foundry_daggerheart_git/Foundry-daggerheart/Portable-FoundryVTT-v13.348/App/resources/app/dist/database/backend/server-document.mjs:1:2782)","timestamp":"2026-03-09 14:04:56"}
{"level":"error","message":"An error occurred during the migration of Item record [A8l8qQuz0p70ULBX] of database \"daggerheart-advmanager.all-features\":\nError: Documents from a core version newer than the running version cannot be migrated\n    at Function._migrateRecord (file:///D:/Juegos/Foundry_daggerheart_git/Foundry-daggerheart/Portable-FoundryVTT-v13.348/App/resources/app/dist/database/backend/server-document.mjs:1:3713)\n    at Function._migrateDocuments (file:///D:/Juegos/Foundry_daggerheart_git/Foundry-daggerheart/Portable-FoundryVTT-v13.348/App/resources/app/dist/database/backend/server-document.mjs:1:2782)","timestamp":"2026-03-09 14:04:56"}
{"level":"error","message":"An error occurred during the migration of Item record [AT6s6yBv4GbXysnF] of database \"daggerheart-advmanager.all-features\":\nError: Documents from a core version newer than the running version cannot be migrated\n    at Function._migrateRecord (file:///D:/Juegos/Foundry_daggerheart_git/Foundry-daggerheart/Portable-FoundryVTT-v13.348/App/resources/app/dist/database/backend/server-document.mjs:1:3713)\n    at Function._migrateDocuments (file:///D:/Juegos/Foundry_daggerheart_git/Foundry-daggerheart/Portable-FoundryVTT-v13.348/App/resources/app/dist/database/backend/server-document.mjs:1:2782)","timestamp":"2026-03-09 14:04:56"}
{"level":"error","message":"An error occurred during the migration of Item record [AgunZ6BLwweow8AY] of database \"daggerheart-advmanager.all-features\":\nError: Documents from a core version newer than the running version cannot be migrated\n    at Function._migrateRecord (file:///D:/Juegos/Foundry_daggerheart_git/Foundry-daggerheart/Portable-FoundryVTT-v13.348/App/resources/app/dist/database/backend/server-document.mjs:1:3713)\n    at Function._migrateDocuments (file:///D:/Juegos/Foundry_daggerheart_git/Foundry-daggerheart/Portable-FoundryVTT-v13.348/App/resources/app/dist/database/backend/server-document.mjs:1:2782)","timestamp":"2026-03-09 14:04:56"}
{"level":"error","message":"An error occurred during the migration of Item record [Ahyec3Khh0gXWP1o] of database \"daggerheart-advmanager.all-features\":\nError: Documents from a core version newer than the running version cannot be migrated\n    at Function._migrateRecord (file:///D:/Juegos/Foundry_daggerheart_git/Foundry-daggerheart/Portable-FoundryVTT-v13.348/App/resources/app/dist/database/backend/server-document.mjs:1:3713)\n    at Function._migrateDocuments (file:///D:/Juegos/Foundry_daggerheart_git/Foundry-daggerheart/Portable-FoundryVTT-v13.348/App/resources/app/dist/database/backend/server-document.mjs:1:2782)","timestamp":"2026-03-09 14:04:56"}
{"level":"error","message":"An error occurred during the migration of Item record [AjcWA2KGkV9hoOv3] of database \"daggerheart-advmanager.all-features\":\nError: Documents from a core version newer than the running version cannot be migrated\n    at Function._migrateRecord (file:///D:/Juegos/Foundry_daggerheart_git/Foundry-daggerheart/Portable-FoundryVTT-v13.348/App/resources/app/dist/database/backend/server-document.mjs:1:3713)\n    at Function._migrateDocuments (file:///D:/Juegos/Foundry_daggerheart_git/Foundry-daggerheart/Portable-FoundryVTT-v13.348/App/resources/app/dist/database/backend/server-document.mjs:1:2782)","timestamp":"2026-03-09 14:04:56"}
{"level":"error","message":"An error occurred during the migration of Item record [BSahqJ8grYTdJCiN] of database \"daggerheart-advmanager.all-features\":\nError: Documents from a core version newer than the running version cannot be migrated\n    at Function._migrateRecord (file:///D:/Juegos/Foundry_daggerheart_git/Foundry-daggerheart/Portable-FoundryVTT-v13.348/App/resources/app/dist/database/backend/server-document.mjs:1:3713)\n    at Function._migrateDocuments (file:///D:/Juegos/Foundry_daggerheart_git/Foundry-daggerheart/Portable-FoundryVTT-v13.348/App/resources/app/dist/database/backend/server-document.mjs:1:2782)","timestamp":"2026-03-09 14:04:56"}
{"level":"error","message":"An error occurred during the migration of Item record [BaBhdpaD21xSFMEm] of database \"daggerheart-advmanager.all-features\":\nError: Documents from a core version newer than the running version cannot be migrated\n    at Function._migrateRecord (file:///D:/Juegos/Foundry_daggerheart_git/Foundry-daggerheart/Portable-FoundryVTT-v13.348/App/resources/app/dist/database/backend/server-document.mjs:1:3713)\n    at Function._migrateDocuments (file:///D:/Juegos/Foundry_daggerheart_git/Foundry-daggerheart/Portable-FoundryVTT-v13.348/App/resources/app/dist/database/backend/server-document.mjs:1:2782)","timestamp":"2026-03-09 14:04:56"}
{"level":"error","message":"An error occurred during the migration of Item record [Bf0t7QI4Wqchz2Bl] of database \"daggerheart-advmanager.all-features\":\nError: Documents from a core version newer than the running version cannot be migrated\n    at Function._migrateRecord (file:///D:/Juegos/Foundry_daggerheart_git/Foundry-daggerheart/Portable-FoundryVTT-v13.348/App/resources/app/dist/database/backend/server-document.mjs:1:3713)\n    at Function._migrateDocuments (file:///D:/Juegos/Foundry_daggerheart_git/Foundry-daggerheart/Portable-FoundryVTT-v13.348/App/resources/app/dist/database/backend/server-document.mjs:1:2782)","timestamp":"2026-03-09 14:04:56"}
{"level":"error","message":"An error occurred during the migration of Item record [BiaYODbGyIj73bXl] of database \"daggerheart-advmanager.all-features\":\nError: Documents from a core version newer than the running version cannot be migrated\n    at Function._migrateRecord (file:///D:/Juegos/Foundry_daggerheart_git/Foundry-daggerheart/Portable-FoundryVTT-v13.348/App/resources/app/dist/database/backend/server-document.mjs:1:3713)\n    at Function._migrateDocuments (file:///D:/Juegos/Foundry_daggerheart_git/Foundry-daggerheart/Portable-FoundryVTT-v13.348/App/resources/app/dist/database/backend/server-document.mjs:1:2782)","timestamp":"2026-03-09 14:04:56"}
{"level":"error","message":"An error occurred during the migration of Item record [BmriIsvXE7kKBK81] of database \"daggerheart-advmanager.all-features\":\nError: Documents from a core version newer than the running version cannot be migrated\n    at Function._migrateRecord (file:///D:/Juegos/Foundry_daggerheart_git/Foundry-daggerheart/Portable-FoundryVTT-v13.348/App/resources/app/dist/database/backend/server-document.mjs:1:3713)\n    at Function._migrateDocuments (file:///D:/Juegos/Foundry_daggerheart_git/Foundry-daggerheart/Portable-FoundryVTT-v13.348/App/resources/app/dist/database/backend/server-document.mjs:1:2782)","timestamp":"2026-03-09 14:04:56"}
{"level":"error","message":"An error occurred during the migration of Item record [Bvweg1cAAfV9i3Wa] of database \"daggerheart-advmanager.all-features\":\nError: Documents from a core version newer than the running version cannot be migrated\n    at Function._migrateRecord (file:///D:/Juegos/Foundry_daggerheart_git/Foundry-daggerheart/Portable-FoundryVTT-v13.348/App/resources/app/dist/database/backend/server-document.mjs:1:3713)\n    at Function._migrateDocuments (file:///D:/Juegos/Foundry_daggerheart_git/Foundry-daggerheart/Portable-FoundryVTT-v13.348/App/resources/app/dist/database/backend/server-document.mjs:1:2782)","timestamp":"2026-03-09 14:04:56"}
{"level":"error","message":"An error occurred during the migration of Item record [BwtxrNVR8JoB1FEg] of database \"daggerheart-advmanager.all-features\":\nError: Documents from a core version newer than the running version cannot be migrated\n    at Function._migrateRecord (file:///D:/Juegos/Foundry_daggerheart_git/Foundry-daggerheart/Portable-FoundryVTT-v13.348/App/resources/app/dist/database/backend/server-document.mjs:1:3713)\n    at Function._migrateDocuments (file:///D:/Juegos/Foundry_daggerheart_git/Foundry-daggerheart/Portable-FoundryVTT-v13.348/App/resources/app/dist/database/backend/server-document.mjs:1:2782)","timestamp":"2026-03-09 14:04:56"}
{"level":"error","message":"An error occurred during the migration of Item record [C44UqjwP3GnLA61C] of database \"daggerheart-advmanager.all-features\":\nError: Documents from a core version newer than the running version cannot be migrated\n    at Function._migrateRecord (file:///D:/Juegos/Foundry_daggerheart_git/Foundry-daggerheart/Portable-FoundryVTT-v13.348/App/resources/app/dist/database/backend/server-document.mjs:1:3713)\n    at Function._migrateDocuments (file:///D:/Juegos/Foundry_daggerheart_git/Foundry-daggerheart/Portable-FoundryVTT-v13.348/App/resources/app/dist/database/backend/server-document.mjs:1:2782)","timestamp":"2026-03-09 14:04:56"}
{"level":"error","message":"An error occurred during the migration of Item record [C6mz0GH8GQi0Qij2] of database \"daggerheart-advmanager.all-features\":\nError: Documents from a core version newer than the running version cannot be migrated\n    at Function._migrateRecord (file:///D:/Juegos/Foundry_daggerheart_git/Foundry-daggerheart/Portable-FoundryVTT-v13.348/App/resources/app/dist/database/backend/server-document.mjs:1:3713)\n    at Function._migrateDocuments (file:///D:/Juegos/Foundry_daggerheart_git/Foundry-daggerheart/Portable-FoundryVTT-v13.348/App/resources/app/dist/database/backend/server-document.mjs:1:2782)","timestamp":"2026-03-09 14:04:56"}
{"level":"error","message":"An error occurred during the migration of Item record [CFf0wzPBcveZMxkI] of database \"daggerheart-advmanager.all-features\":\nError: Documents from a core version newer than the running version cannot be migrated\n    at Function._migrateRecord (file:///D:/Juegos/Foundry_daggerheart_git/Foundry-daggerheart/Portable-FoundryVTT-v13.348/App/resources/app/dist/database/backend/server-document.mjs:1:3713)\n    at Function._migrateDocuments (file:///D:/Juegos/Foundry_daggerheart_git/Foundry-daggerheart/Portable-FoundryVTT-v13.348/App/resources/app/dist/database/backend/server-document.mjs:1:2782)","timestamp":"2026-03-09 14:04:56"}
{"level":"error","message":"An error occurred during the migration of Item record [CJuzMbz3YsnPTQfm] of database \"daggerheart-advmanager.all-features\":\nError: Documents from a core version newer than the running version cannot be migrated\n    at Function._migrateRecord (file:///D:/Juegos/Foundry_daggerheart_git/Foundry-daggerheart/Portable-FoundryVTT-v13.348/App/resources/app/dist/database/backend/server-document.mjs:1:3713)\n    at Function._migrateDocuments (file:///D:/Juegos/Foundry_daggerheart_git/Foundry-daggerheart/Portable-FoundryVTT-v13.348/App/resources/app/dist/database/backend/server-document.mjs:1:2782)","timestamp":"2026-03-09 14:04:56"}
{"level":"error","message":"An error occurred during the migration of Item record [CLXxbWcfT4t82nlX] of database \"daggerheart-advmanager.all-features\":\nError: Documents from a core version newer than the running version cannot be migrated\n    at Function._migrateRecord (file:///D:/Juegos/Foundry_daggerheart_git/Foundry-daggerheart/Portable-FoundryVTT-v13.348/App/resources/app/dist/database/backend/server-document.mjs:1:3713)\n    at Function._migrateDocuments (file:///D:/Juegos/Foundry_daggerheart_git/Foundry-daggerheart/Portable-FoundryVTT-v13.348/App/resources/app/dist/database/backend/server-document.mjs:1:2782)","timestamp":"2026-03-09 14:04:56"}
{"level":"error","message":"An error occurred during the migration of Item record [Ca8jLrvuaUE2Dsyr] of database \"daggerheart-advmanager.all-features\":\nError: Documents from a core version newer than the running version cannot be migrated\n    at Function._migrateRecord (file:///D:/Juegos/Foundry_daggerheart_git/Foundry-daggerheart/Portable-FoundryVTT-v13.348/App/resources/app/dist/database/backend/server-document.mjs:1:3713)\n    at Function._migrateDocuments (file:///D:/Juegos/Foundry_daggerheart_git/Foundry-daggerheart/Portable-FoundryVTT-v13.348/App/resources/app/dist/database/backend/server-document.mjs:1:2782)","timestamp":"2026-03-09 14:04:56"}
{"level":"error","message":"An error occurred during the migration of Item record [Ce55qDQfDHsy0s1n] of database \"daggerheart-advmanager.all-features\":\nError: Documents from a core version newer than the running version cannot be migrated\n    at Function._migrateRecord (file:///D:/Juegos/Foundry_daggerheart_git/Foundry-daggerheart/Portable-FoundryVTT-v13.348/App/resources/app/dist/database/backend/server-document.mjs:1:3713)\n    at Function._migrateDocuments (file:///D:/Juegos/Foundry_daggerheart_git/Foundry-daggerheart/Portable-FoundryVTT-v13.348/App/resources/app/dist/database/backend/server-document.mjs:1:2782)","timestamp":"2026-03-09 14:04:56"}
{"level":"error","message":"An error occurred during the migration of Item record [ChFZZz7weuxwkCUk] of database \"daggerheart-advmanager.all-features\":\nError: Documents from a core version newer than the running version cannot be migrated\n    at Function._migrateRecord (file:///D:/Juegos/Foundry_daggerheart_git/Foundry-daggerheart/Portable-FoundryVTT-v13.348/App/resources/app/dist/database/backend/server-document.mjs:1:3713)\n    at Function._migrateDocuments (file:///D:/Juegos/Foundry_daggerheart_git/Foundry-daggerheart/Portable-FoundryVTT-v13.348/App/resources/app/dist/database/backend/server-document.mjs:1:2782)","timestamp":"2026-03-09 14:04:56"}
{"level":"error","message":"An error occurred during the migration of Item record [CywNTb4ViuSAcfnT] of database \"daggerheart-advmanager.all-features\":\nError: Documents from a core version newer than the running version cannot be migrated\n    at Function._migrateRecord (file:///D:/Juegos/Foundry_daggerheart_git/Foundry-daggerheart/Portable-FoundryVTT-v13.348/App/resources/app/dist/database/backend/server-document.mjs:1:3713)\n    at Function._migrateDocuments (file:///D:/Juegos/Foundry_daggerheart_git/Foundry-daggerheart/Portable-FoundryVTT-v13.348/App/resources/app/dist/database/backend/server-document.mjs:1:2782)","timestamp":"2026-03-09 14:04:56"}
{"level":"error","message":"An error occurred during the migration of Item record [D8Wi2OW8kNmvDn4H] of database \"daggerheart-advmanager.all-features\":\nError: Documents from a core version newer than the running version cannot be migrated\n    at Function._migrateRecord (file:///D:/Juegos/Foundry_daggerheart_git/Foundry-daggerheart/Portable-FoundryVTT-v13.348/App/resources/app/dist/database/backend/server-document.mjs:1:3713)\n    at Function._migrateDocuments (file:///D:/Juegos/Foundry_daggerheart_git/Foundry-daggerheart/Portable-FoundryVTT-v13.348/App/resources/app/dist/database/backend/server-document.mjs:1:2782)","timestamp":"2026-03-09 14:04:56"}
{"level":"error","message":"An error occurred during the migration of Item record [DDTQsNnKu42vsHYg] of database \"daggerheart-advmanager.all-features\":\nError: Documents from a core version newer than the running version cannot be migrated\n    at Function._migrateRecord (file:///D:/Juegos/Foundry_daggerheart_git/Foundry-daggerheart/Portable-FoundryVTT-v13.348/App/resources/app/dist/database/backend/server-document.mjs:1:3713)\n    at Function._migrateDocuments (file:///D:/Juegos/Foundry_daggerheart_git/Foundry-daggerheart/Portable-FoundryVTT-v13.348/App/resources/app/dist/database/backend/server-document.mjs:1:2782)","timestamp":"2026-03-09 14:04:56"}
{"level":"error","message":"An error occurred during the migration of Item record [DSNISnzu7zNvBjs7] of database \"daggerheart-advmanager.all-features\":\nError: Documents from a core version newer than the running version cannot be migrated\n    at Function._migrateRecord (file:///D:/Juegos/Foundry_daggerheart_git/Foundry-daggerheart/Portable-FoundryVTT-v13.348/App/resources/app/dist/database/backend/server-document.mjs:1:3713)\n    at Function._migrateDocuments (file:///D:/Juegos/Foundry_daggerheart_git/Foundry-daggerheart/Portable-FoundryVTT-v13.348/App/resources/app/dist/database/backend/server-document.mjs:1:2782)","timestamp":"2026-03-09 14:04:56"}
{"level":"error","message":"An error occurred during the migration of Item record [DlbnQRpI4RUeiG9O] of database \"daggerheart-advmanager.all-features\":\nError: Documents from a core version newer than the running version cannot be migrated\n    at Function._migrateRecord (file:///D:/Juegos/Foundry_daggerheart_git/Foundry-daggerheart/Portable-FoundryVTT-v13.348/App/resources/app/dist/database/backend/server-document.mjs:1:3713)\n    at Function._migrateDocuments (file:///D:/Juegos/Foundry_daggerheart_git/Foundry-daggerheart/Portable-FoundryVTT-v13.348/App/resources/app/dist/database/backend/server-document.mjs:1:2782)","timestamp":"2026-03-09 14:04:56"}
{"level":"error","message":"An error occurred during the migration of Item record [DuuZSh3fxtr4BihR] of database \"daggerheart-advmanager.all-features\":\nError: Documents from a core version newer than the running version cannot be migrated\n    at Function._migrateRecord (file:///D:/Juegos/Foundry_daggerheart_git/Foundry-daggerheart/Portable-FoundryVTT-v13.348/App/resources/app/dist/database/backend/server-document.mjs:1:3713)\n    at Function._migrateDocuments (file:///D:/Juegos/Foundry_daggerheart_git/Foundry-daggerheart/Portable-FoundryVTT-v13.348/App/resources/app/dist/database/backend/server-document.mjs:1:2782)","timestamp":"2026-03-09 14:04:56"}
{"level":"error","message":"An error occurred during the migration of Item record [DvhYIrlamdlQYIDL] of database \"daggerheart-advmanager.all-features\":\nError: Documents from a core version newer than the running version cannot be migrated\n    at Function._migrateRecord (file:///D:/Juegos/Foundry_daggerheart_git/Foundry-daggerheart/Portable-FoundryVTT-v13.348/App/resources/app/dist/database/backend/server-document.mjs:1:3713)\n    at Function._migrateDocuments (file:///D:/Juegos/Foundry_daggerheart_git/Foundry-daggerheart/Portable-FoundryVTT-v13.348/App/resources/app/dist/database/backend/server-document.mjs:1:2782)","timestamp":"2026-03-09 14:04:56"}
{"level":"error","message":"An error occurred during the migration of Item record [EYLAhAt4JTTeR4Q9] of database \"daggerheart-advmanager.all-features\":\nError: Documents from a core version newer than the running version cannot be migrated\n    at Function._migrateRecord (file:///D:/Juegos/Foundry_daggerheart_git/Foundry-daggerheart/Portable-FoundryVTT-v13.348/App/resources/app/dist/database/backend/server-document.mjs:1:3713)\n    at Function._migrateDocuments (file:///D:/Juegos/Foundry_daggerheart_git/Foundry-daggerheart/Portable-FoundryVTT-v13.348/App/resources/app/dist/database/backend/server-document.mjs:1:2782)","timestamp":"2026-03-09 14:04:56"}
{"level":"error","message":"An error occurred during the migration of Item record [Eb3SdcZlKWvsRgr9] of database \"daggerheart-advmanager.all-features\":\nError: Documents from a core version newer than the running version cannot be migrated\n    at Function._migrateRecord (file:///D:/Juegos/Foundry_daggerheart_git/Foundry-daggerheart/Portable-FoundryVTT-v13.348/App/resources/app/dist/database/backend/server-document.mjs:1:3713)\n    at Function._migrateDocuments (file:///D:/Juegos/Foundry_daggerheart_git/Foundry-daggerheart/Portable-FoundryVTT-v13.348/App/resources/app/dist/database/backend/server-document.mjs:1:2782)","timestamp":"2026-03-09 14:04:56"}
{"level":"error","message":"An error occurred during the migration of Item record [EfLz3YPmdSJuZItu] of database \"daggerheart-advmanager.all-features\":\nError: Documents from a core version newer than the running version cannot be migrated\n    at Function._migrateRecord (file:///D:/Juegos/Foundry_daggerheart_git/Foundry-daggerheart/Portable-FoundryVTT-v13.348/App/resources/app/dist/database/backend/server-document.mjs:1:3713)\n    at Function._migrateDocuments (file:///D:/Juegos/Foundry_daggerheart_git/Foundry-daggerheart/Portable-FoundryVTT-v13.348/App/resources/app/dist/database/backend/server-document.mjs:1:2782)","timestamp":"2026-03-09 14:04:56"}
{"level":"error","message":"An error occurred during the migration of Item record [EiG50bGChQTLgF7c] of database \"daggerheart-advmanager.all-features\":\nError: Documents from a core version newer than the running version cannot be migrated\n    at Function._migrateRecord (file:///D:/Juegos/Foundry_daggerheart_git/Foundry-daggerheart/Portable-FoundryVTT-v13.348/App/resources/app/dist/database/backend/server-document.mjs:1:3713)\n    at Function._migrateDocuments (file:///D:/Juegos/Foundry_daggerheart_git/Foundry-daggerheart/Portable-FoundryVTT-v13.348/App/resources/app/dist/database/backend/server-document.mjs:1:2782)","timestamp":"2026-03-09 14:04:56"}
{"level":"error","message":"An error occurred during the migration of Item record [FORpNy6bGvDCtAEI] of database \"daggerheart-advmanager.all-features\":\nError: Documents from a core version newer than the running version cannot be migrated\n    at Function._migrateRecord (file:///D:/Juegos/Foundry_daggerheart_git/Foundry-daggerheart/Portable-FoundryVTT-v13.348/App/resources/app/dist/database/backend/server-document.mjs:1:3713)\n    at Function._migrateDocuments (file:///D:/Juegos/Foundry_daggerheart_git/Foundry-daggerheart/Portable-FoundryVTT-v13.348/App/resources/app/dist/database/backend/server-document.mjs:1:2782)","timestamp":"2026-03-09 14:04:56"}
{"level":"error","message":"An error occurred during the migration of Item record [FR4vdL8UiGyGPq32] of database \"daggerheart-advmanager.all-features\":\nError: Documents from a core version newer than the running version cannot be migrated\n    at Function._migrateRecord (file:///D:/Juegos/Foundry_daggerheart_git/Foundry-daggerheart/Portable-FoundryVTT-v13.348/App/resources/app/dist/database/backend/server-document.mjs:1:3713)\n    at Function._migrateDocuments (file:///D:/Juegos/Foundry_daggerheart_git/Foundry-daggerheart/Portable-FoundryVTT-v13.348/App/resources/app/dist/database/backend/server-document.mjs:1:2782)","timestamp":"2026-03-09 14:04:56"}
{"level":"error","message":"An error occurred during the migration of Item record [FmGtWG71zRxhqHkr] of database \"daggerheart-advmanager.all-features\":\nError: Documents from a core version newer than the running version cannot be migrated\n    at Function._migrateRecord (file:///D:/Juegos/Foundry_daggerheart_git/Foundry-daggerheart/Portable-FoundryVTT-v13.348/App/resources/app/dist/database/backend/server-document.mjs:1:3713)\n    at Function._migrateDocuments (file:///D:/Juegos/Foundry_daggerheart_git/Foundry-daggerheart/Portable-FoundryVTT-v13.348/App/resources/app/dist/database/backend/server-document.mjs:1:2782)","timestamp":"2026-03-09 14:04:56"}
{"level":"error","message":"An error occurred during the migration of Item record [FrWjI9VYhNdGLVnd] of database \"daggerheart-advmanager.all-features\":\nError: Documents from a core version newer than the running version cannot be migrated\n    at Function._migrateRecord (file:///D:/Juegos/Foundry_daggerheart_git/Foundry-daggerheart/Portable-FoundryVTT-v13.348/App/resources/app/dist/database/backend/server-document.mjs:1:3713)\n    at Function._migrateDocuments (file:///D:/Juegos/Foundry_daggerheart_git/Foundry-daggerheart/Portable-FoundryVTT-v13.348/App/resources/app/dist/database/backend/server-document.mjs:1:2782)","timestamp":"2026-03-09 14:04:56"}
{"level":"error","message":"An error occurred during the migration of Item record [G4mkDsmuKczt65X8] of database \"daggerheart-advmanager.all-features\":\nError: Documents from a core version newer than the running version cannot be migrated\n    at Function._migrateRecord (file:///D:/Juegos/Foundry_daggerheart_git/Foundry-daggerheart/Portable-FoundryVTT-v13.348/App/resources/app/dist/database/backend/server-document.mjs:1:3713)\n    at Function._migrateDocuments (file:///D:/Juegos/Foundry_daggerheart_git/Foundry-daggerheart/Portable-FoundryVTT-v13.348/App/resources/app/dist/database/backend/server-document.mjs:1:2782)","timestamp":"2026-03-09 14:04:56"}
{"level":"error","message":"An error occurred during the migration of Item record [GJFmCG9HTx75Z21x] of database \"daggerheart-advmanager.all-features\":\nError: Documents from a core version newer than the running version cannot be migrated\n    at Function._migrateRecord (file:///D:/Juegos/Foundry_daggerheart_git/Foundry-daggerheart/Portable-FoundryVTT-v13.348/App/resources/app/dist/database/backend/server-document.mjs:1:3713)\n    at Function._migrateDocuments (file:///D:/Juegos/Foundry_daggerheart_git/Foundry-daggerheart/Portable-FoundryVTT-v13.348/App/resources/app/dist/database/backend/server-document.mjs:1:2782)","timestamp":"2026-03-09 14:04:56"}
{"level":"error","message":"An error occurred during the migration of Item record [GNTKscw6nXbg0EkJ] of database \"daggerheart-advmanager.all-features\":\nError: Documents from a core version newer than the running version cannot be migrated\n    at Function._migrateRecord (file:///D:/Juegos/Foundry_daggerheart_git/Foundry-daggerheart/Portable-FoundryVTT-v13.348/App/resources/app/dist/database/backend/server-document.mjs:1:3713)\n    at Function._migrateDocuments (file:///D:/Juegos/Foundry_daggerheart_git/Foundry-daggerheart/Portable-FoundryVTT-v13.348/App/resources/app/dist/database/backend/server-document.mjs:1:2782)","timestamp":"2026-03-09 14:04:56"}
{"level":"error","message":"An error occurred during the migration of Item record [GNrVMvFEbphs0UDM] of database \"daggerheart-advmanager.all-features\":\nError: Documents from a core version newer than the running version cannot be migrated\n    at Function._migrateRecord (file:///D:/Juegos/Foundry_daggerheart_git/Foundry-daggerheart/Portable-FoundryVTT-v13.348/App/resources/app/dist/database/backend/server-document.mjs:1:3713)\n    at Function._migrateDocuments (file:///D:/Juegos/Foundry_daggerheart_git/Foundry-daggerheart/Portable-FoundryVTT-v13.348/App/resources/app/dist/database/backend/server-document.mjs:1:2782)","timestamp":"2026-03-09 14:04:56"}
{"level":"error","message":"An error occurred during the migration of Item record [GghQ5jJ2eX3PhDKy] of database \"daggerheart-advmanager.all-features\":\nError: Documents from a core version newer than the running version cannot be migrated\n    at Function._migrateRecord (file:///D:/Juegos/Foundry_daggerheart_git/Foundry-daggerheart/Portable-FoundryVTT-v13.348/App/resources/app/dist/database/backend/server-document.mjs:1:3713)\n    at Function._migrateDocuments (file:///D:/Juegos/Foundry_daggerheart_git/Foundry-daggerheart/Portable-FoundryVTT-v13.348/App/resources/app/dist/database/backend/server-document.mjs:1:2782)","timestamp":"2026-03-09 14:04:56"}
{"level":"error","message":"An error occurred during the migration of Item record [H4tra0qytpib84F6] of database \"daggerheart-advmanager.all-features\":\nError: Documents from a core version newer than the running version cannot be migrated\n    at Function._migrateRecord (file:///D:/Juegos/Foundry_daggerheart_git/Foundry-daggerheart/Portable-FoundryVTT-v13.348/App/resources/app/dist/database/backend/server-document.mjs:1:3713)\n    at Function._migrateDocuments (file:///D:/Juegos/Foundry_daggerheart_git/Foundry-daggerheart/Portable-FoundryVTT-v13.348/App/resources/app/dist/database/backend/server-document.mjs:1:2782)","timestamp":"2026-03-09 14:04:56"}
{"level":"error","message":"An error occurred during the migration of Item record [HA4gz8V0DJOT4cpz] of database \"daggerheart-advmanager.all-features\":\nError: Documents from a core version newer than the running version cannot be migrated\n    at Function._migrateRecord (file:///D:/Juegos/Foundry_daggerheart_git/Foundry-daggerheart/Portable-FoundryVTT-v13.348/App/resources/app/dist/database/backend/server-document.mjs:1:3713)\n    at Function._migrateDocuments (file:///D:/Juegos/Foundry_daggerheart_git/Foundry-daggerheart/Portable-FoundryVTT-v13.348/App/resources/app/dist/database/backend/server-document.mjs:1:2782)","timestamp":"2026-03-09 14:04:56"}
{"level":"error","message":"An error occurred during the migration of Item record [HN0uAeAwA3sYU0nY] of database \"daggerheart-advmanager.all-features\":\nError: Documents from a core version newer than the running version cannot be migrated\n    at Function._migrateRecord (file:///D:/Juegos/Foundry_daggerheart_git/Foundry-daggerheart/Portable-FoundryVTT-v13.348/App/resources/app/dist/database/backend/server-document.mjs:1:3713)\n    at Function._migrateDocuments (file:///D:/Juegos/Foundry_daggerheart_git/Foundry-daggerheart/Portable-FoundryVTT-v13.348/App/resources/app/dist/database/backend/server-document.mjs:1:2782)","timestamp":"2026-03-09 14:04:56"}
{"level":"error","message":"An error occurred during the migration of Item record [HQcQly4NPJC3fQbQ] of database \"daggerheart-advmanager.all-features\":\nError: Documents from a core version newer than the running version cannot be migrated\n    at Function._migrateRecord (file:///D:/Juegos/Foundry_daggerheart_git/Foundry-daggerheart/Portable-FoundryVTT-v13.348/App/resources/app/dist/database/backend/server-document.mjs:1:3713)\n    at Function._migrateDocuments (file:///D:/Juegos/Foundry_daggerheart_git/Foundry-daggerheart/Portable-FoundryVTT-v13.348/App/resources/app/dist/database/backend/server-document.mjs:1:2782)","timestamp":"2026-03-09 14:04:56"}
{"level":"error","message":"An error occurred during the migration of Item record [HTNKdhK0iCeWWuUh] of database \"daggerheart-advmanager.all-features\":\nError: Documents from a core version newer than the running version cannot be migrated\n    at Function._migrateRecord (file:///D:/Juegos/Foundry_daggerheart_git/Foundry-daggerheart/Portable-FoundryVTT-v13.348/App/resources/app/dist/database/backend/server-document.mjs:1:3713)\n    at Function._migrateDocuments (file:///D:/Juegos/Foundry_daggerheart_git/Foundry-daggerheart/Portable-FoundryVTT-v13.348/App/resources/app/dist/database/backend/server-document.mjs:1:2782)","timestamp":"2026-03-09 14:04:56"}
{"level":"error","message":"An error occurred during the migration of Item record [HyWGU4ZQTNdcI8s9] of database \"daggerheart-advmanager.all-features\":\nError: Documents from a core version newer than the running version cannot be migrated\n    at Function._migrateRecord (file:///D:/Juegos/Foundry_daggerheart_git/Foundry-daggerheart/Portable-FoundryVTT-v13.348/App/resources/app/dist/database/backend/server-document.mjs:1:3713)\n    at Function._migrateDocuments (file:///D:/Juegos/Foundry_daggerheart_git/Foundry-daggerheart/Portable-FoundryVTT-v13.348/App/resources/app/dist/database/backend/server-document.mjs:1:2782)","timestamp":"2026-03-09 14:04:56"}
{"level":"error","message":"An error occurred during the migration of Item record [Hz9D5O2DWG22rVG2] of database \"daggerheart-advmanager.all-features\":\nError: Documents from a core version newer than the running version cannot be migrated\n    at Function._migrateRecord (file:///D:/Juegos/Foundry_daggerheart_git/Foundry-daggerheart/Portable-FoundryVTT-v13.348/App/resources/app/dist/database/backend/server-document.mjs:1:3713)\n    at Function._migrateDocuments (file:///D:/Juegos/Foundry_daggerheart_git/Foundry-daggerheart/Portable-FoundryVTT-v13.348/App/resources/app/dist/database/backend/server-document.mjs:1:2782)","timestamp":"2026-03-09 14:04:56"}
{"level":"error","message":"An error occurred during the migration of Item record [IFtD8oU8DaEzcAmu] of database \"daggerheart-advmanager.all-features\":\nError: Documents from a core version newer than the running version cannot be migrated\n    at Function._migrateRecord (file:///D:/Juegos/Foundry_daggerheart_git/Foundry-daggerheart/Portable-FoundryVTT-v13.348/App/resources/app/dist/database/backend/server-document.mjs:1:3713)\n    at Function._migrateDocuments (file:///D:/Juegos/Foundry_daggerheart_git/Foundry-daggerheart/Portable-FoundryVTT-v13.348/App/resources/app/dist/database/backend/server-document.mjs:1:2782)","timestamp":"2026-03-09 14:04:56"}
{"level":"error","message":"An error occurred during the migration of Item record [IYJCEFC9JM5uviiN] of database \"daggerheart-advmanager.all-features\":\nError: Documents from a core version newer than the running version cannot be migrated\n    at Function._migrateRecord (file:///D:/Juegos/Foundry_daggerheart_git/Foundry-daggerheart/Portable-FoundryVTT-v13.348/App/resources/app/dist/database/backend/server-document.mjs:1:3713)\n    at Function._migrateDocuments (file:///D:/Juegos/Foundry_daggerheart_git/Foundry-daggerheart/Portable-FoundryVTT-v13.348/App/resources/app/dist/database/backend/server-document.mjs:1:2782)","timestamp":"2026-03-09 14:04:56"}
{"level":"error","message":"An error occurred during the migration of Item record [IjOJqeKtRFod3ofR] of database \"daggerheart-advmanager.all-features\":\nError: Documents from a core version newer than the running version cannot be migrated\n    at Function._migrateRecord (file:///D:/Juegos/Foundry_daggerheart_git/Foundry-daggerheart/Portable-FoundryVTT-v13.348/App/resources/app/dist/database/backend/server-document.mjs:1:3713)\n    at Function._migrateDocuments (file:///D:/Juegos/Foundry_daggerheart_git/Foundry-daggerheart/Portable-FoundryVTT-v13.348/App/resources/app/dist/database/backend/server-document.mjs:1:2782)","timestamp":"2026-03-09 14:04:56"}
{"level":"error","message":"An error occurred during the migration of Item record [Inc9849Bd7O8h2ll] of database \"daggerheart-advmanager.all-features\":\nError: Documents from a core version newer than the running version cannot be migrated\n    at Function._migrateRecord (file:///D:/Juegos/Foundry_daggerheart_git/Foundry-daggerheart/Portable-FoundryVTT-v13.348/App/resources/app/dist/database/backend/server-document.mjs:1:3713)\n    at Function._migrateDocuments (file:///D:/Juegos/Foundry_daggerheart_git/Foundry-daggerheart/Portable-FoundryVTT-v13.348/App/resources/app/dist/database/backend/server-document.mjs:1:2782)","timestamp":"2026-03-09 14:04:56"}
{"level":"error","message":"An error occurred during the migration of Item record [IriWO9YWo9qD1vxn] of database \"daggerheart-advmanager.all-features\":\nError: Documents from a core version newer than the running version cannot be migrated\n    at Function._migrateRecord (file:///D:/Juegos/Foundry_daggerheart_git/Foundry-daggerheart/Portable-FoundryVTT-v13.348/App/resources/app/dist/database/backend/server-document.mjs:1:3713)\n    at Function._migrateDocuments (file:///D:/Juegos/Foundry_daggerheart_git/Foundry-daggerheart/Portable-FoundryVTT-v13.348/App/resources/app/dist/database/backend/server-document.mjs:1:2782)","timestamp":"2026-03-09 14:04:56"}
{"level":"error","message":"An error occurred during the migration of Item record [JLUfmaK7Wqee2M0u] of database \"daggerheart-advmanager.all-features\":\nError: Documents from a core version newer than the running version cannot be migrated\n    at Function._migrateRecord (file:///D:/Juegos/Foundry_daggerheart_git/Foundry-daggerheart/Portable-FoundryVTT-v13.348/App/resources/app/dist/database/backend/server-document.mjs:1:3713)\n    at Function._migrateDocuments (file:///D:/Juegos/Foundry_daggerheart_git/Foundry-daggerheart/Portable-FoundryVTT-v13.348/App/resources/app/dist/database/backend/server-document.mjs:1:2782)","timestamp":"2026-03-09 14:04:56"}
{"level":"error","message":"An error occurred during the migration of Item record [JObc4qwn6PmBIrpy] of database \"daggerheart-advmanager.all-features\":\nError: Documents from a core version newer than the running version cannot be migrated\n    at Function._migrateRecord (file:///D:/Juegos/Foundry_daggerheart_git/Foundry-daggerheart/Portable-FoundryVTT-v13.348/App/resources/app/dist/database/backend/server-document.mjs:1:3713)\n    at Function._migrateDocuments (file:///D:/Juegos/Foundry_daggerheart_git/Foundry-daggerheart/Portable-FoundryVTT-v13.348/App/resources/app/dist/database/backend/server-document.mjs:1:2782)","timestamp":"2026-03-09 14:04:56"}
{"level":"error","message":"An error occurred during the migration of Item record [Jr9PImf6ms7cS5EU] of database \"daggerheart-advmanager.all-features\":\nError: Documents from a core version newer than the running version cannot be migrated\n    at Function._migrateRecord (file:///D:/Juegos/Foundry_daggerheart_git/Foundry-daggerheart/Portable-FoundryVTT-v13.348/App/resources/app/dist/database/backend/server-document.mjs:1:3713)\n    at Function._migrateDocuments (file:///D:/Juegos/Foundry_daggerheart_git/Foundry-daggerheart/Portable-FoundryVTT-v13.348/App/resources/app/dist/database/backend/server-document.mjs:1:2782)","timestamp":"2026-03-09 14:04:56"}
{"level":"error","message":"An error occurred during the migration of Item record [JwczfcpvB1juJaHV] of database \"daggerheart-advmanager.all-features\":\nError: Documents from a core version newer than the running version cannot be migrated\n    at Function._migrateRecord (file:///D:/Juegos/Foundry_daggerheart_git/Foundry-daggerheart/Portable-FoundryVTT-v13.348/App/resources/app/dist/database/backend/server-document.mjs:1:3713)\n    at Function._migrateDocuments (file:///D:/Juegos/Foundry_daggerheart_git/Foundry-daggerheart/Portable-FoundryVTT-v13.348/App/resources/app/dist/database/backend/server-document.mjs:1:2782)","timestamp":"2026-03-09 14:04:56"}
{"level":"error","message":"An error occurred during the migration of Item record [K2SSmqUQ5jIwGI6U] of database \"daggerheart-advmanager.all-features\":\nError: Documents from a core version newer than the running version cannot be migrated\n    at Function._migrateRecord (file:///D:/Juegos/Foundry_daggerheart_git/Foundry-daggerheart/Portable-FoundryVTT-v13.348/App/resources/app/dist/database/backend/server-document.mjs:1:3713)\n    at Function._migrateDocuments (file:///D:/Juegos/Foundry_daggerheart_git/Foundry-daggerheart/Portable-FoundryVTT-v13.348/App/resources/app/dist/database/backend/server-document.mjs:1:2782)","timestamp":"2026-03-09 14:04:56"}
{"level":"error","message":"An error occurred during the migration of Item record [K3ElebyffPdaIdQf] of database \"daggerheart-advmanager.all-features\":\nError: Documents from a core version newer than the running version cannot be migrated\n    at Function._migrateRecord (file:///D:/Juegos/Foundry_daggerheart_git/Foundry-daggerheart/Portable-FoundryVTT-v13.348/App/resources/app/dist/database/backend/server-document.mjs:1:3713)\n    at Function._migrateDocuments (file:///D:/Juegos/Foundry_daggerheart_git/Foundry-daggerheart/Portable-FoundryVTT-v13.348/App/resources/app/dist/database/backend/server-document.mjs:1:2782)","timestamp":"2026-03-09 14:04:56"}
{"level":"error","message":"An error occurred during the migration of Item record [KH6Mzivm2m28T8ts] of database \"daggerheart-advmanager.all-features\":\nError: Documents from a core version newer than the running version cannot be migrated\n    at Function._migrateRecord (file:///D:/Juegos/Foundry_daggerheart_git/Foundry-daggerheart/Portable-FoundryVTT-v13.348/App/resources/app/dist/database/backend/server-document.mjs:1:3713)\n    at Function._migrateDocuments (file:///D:/Juegos/Foundry_daggerheart_git/Foundry-daggerheart/Portable-FoundryVTT-v13.348/App/resources/app/dist/database/backend/server-document.mjs:1:2782)","timestamp":"2026-03-09 14:04:56"}
{"level":"error","message":"An error occurred during the migration of Item record [KJPFWbi36MIefyjR] of database \"daggerheart-advmanager.all-features\":\nError: Documents from a core version newer than the running version cannot be migrated\n    at Function._migrateRecord (file:///D:/Juegos/Foundry_daggerheart_git/Foundry-daggerheart/Portable-FoundryVTT-v13.348/App/resources/app/dist/database/backend/server-document.mjs:1:3713)\n    at Function._migrateDocuments (file:///D:/Juegos/Foundry_daggerheart_git/Foundry-daggerheart/Portable-FoundryVTT-v13.348/App/resources/app/dist/database/backend/server-document.mjs:1:2782)","timestamp":"2026-03-09 14:04:56"}
{"level":"error","message":"An error occurred during the migration of Item record [KTDDS4CZqmxIYCoH] of database \"daggerheart-advmanager.all-features\":\nError: Documents from a core version newer than the running version cannot be migrated\n    at Function._migrateRecord (file:///D:/Juegos/Foundry_daggerheart_git/Foundry-daggerheart/Portable-FoundryVTT-v13.348/App/resources/app/dist/database/backend/server-document.mjs:1:3713)\n    at Function._migrateDocuments (file:///D:/Juegos/Foundry_daggerheart_git/Foundry-daggerheart/Portable-FoundryVTT-v13.348/App/resources/app/dist/database/backend/server-document.mjs:1:2782)","timestamp":"2026-03-09 14:04:56"}
{"level":"error","message":"An error occurred during the migration of Item record [KUA99WA7YfEk21gd] of database \"daggerheart-advmanager.all-features\":\nError: Documents from a core version newer than the running version cannot be migrated\n    at Function._migrateRecord (file:///D:/Juegos/Foundry_daggerheart_git/Foundry-daggerheart/Portable-FoundryVTT-v13.348/App/resources/app/dist/database/backend/server-document.mjs:1:3713)\n    at Function._migrateDocuments (file:///D:/Juegos/Foundry_daggerheart_git/Foundry-daggerheart/Portable-FoundryVTT-v13.348/App/resources/app/dist/database/backend/server-document.mjs:1:2782)","timestamp":"2026-03-09 14:04:56"}
{"level":"error","message":"An error occurred during the migration of Item record [KVgGMyMUVhiYJvDT] of database \"daggerheart-advmanager.all-features\":\nError: Documents from a core version newer than the running version cannot be migrated\n    at Function._migrateRecord (file:///D:/Juegos/Foundry_daggerheart_git/Foundry-daggerheart/Portable-FoundryVTT-v13.348/App/resources/app/dist/database/backend/server-document.mjs:1:3713)\n    at Function._migrateDocuments (file:///D:/Juegos/Foundry_daggerheart_git/Foundry-daggerheart/Portable-FoundryVTT-v13.348/App/resources/app/dist/database/backend/server-document.mjs:1:2782)","timestamp":"2026-03-09 14:04:56"}
{"level":"error","message":"An error occurred during the migration of Item record [L7JWC1TlHszrcpvn] of database \"daggerheart-advmanager.all-features\":\nError: Documents from a core version newer than the running version cannot be migrated\n    at Function._migrateRecord (file:///D:/Juegos/Foundry_daggerheart_git/Foundry-daggerheart/Portable-FoundryVTT-v13.348/App/resources/app/dist/database/backend/server-document.mjs:1:3713)\n    at Function._migrateDocuments (file:///D:/Juegos/Foundry_daggerheart_git/Foundry-daggerheart/Portable-FoundryVTT-v13.348/App/resources/app/dist/database/backend/server-document.mjs:1:2782)","timestamp":"2026-03-09 14:04:56"}
{"level":"error","message":"An error occurred during the migration of Item record [LBT50tDrhewxCAFA] of database \"daggerheart-advmanager.all-features\":\nError: Documents from a core version newer than the running version cannot be migrated\n    at Function._migrateRecord (file:///D:/Juegos/Foundry_daggerheart_git/Foundry-daggerheart/Portable-FoundryVTT-v13.348/App/resources/app/dist/database/backend/server-document.mjs:1:3713)\n    at Function._migrateDocuments (file:///D:/Juegos/Foundry_daggerheart_git/Foundry-daggerheart/Portable-FoundryVTT-v13.348/App/resources/app/dist/database/backend/server-document.mjs:1:2782)","timestamp":"2026-03-09 14:04:56"}
{"level":"error","message":"An error occurred during the migration of Item record [LDiZWatHByUznWgL] of database \"daggerheart-advmanager.all-features\":\nError: Documents from a core version newer than the running version cannot be migrated\n    at Function._migrateRecord (file:///D:/Juegos/Foundry_daggerheart_git/Foundry-daggerheart/Portable-FoundryVTT-v13.348/App/resources/app/dist/database/backend/server-document.mjs:1:3713)\n    at Function._migrateDocuments (file:///D:/Juegos/Foundry_daggerheart_git/Foundry-daggerheart/Portable-FoundryVTT-v13.348/App/resources/app/dist/database/backend/server-document.mjs:1:2782)","timestamp":"2026-03-09 14:04:56"}
{"level":"error","message":"An error occurred during the migration of Item record [LSyhI4XZG9fKTlS6] of database \"daggerheart-advmanager.all-features\":\nError: Documents from a core version newer than the running version cannot be migrated\n    at Function._migrateRecord (file:///D:/Juegos/Foundry_daggerheart_git/Foundry-daggerheart/Portable-FoundryVTT-v13.348/App/resources/app/dist/database/backend/server-document.mjs:1:3713)\n    at Function._migrateDocuments (file:///D:/Juegos/Foundry_daggerheart_git/Foundry-daggerheart/Portable-FoundryVTT-v13.348/App/resources/app/dist/database/backend/server-document.mjs:1:2782)","timestamp":"2026-03-09 14:04:56"}
{"level":"error","message":"An error occurred during the migration of Item record [LYjzSBji1jLNYRnI] of database \"daggerheart-advmanager.all-features\":\nError: Documents from a core version newer than the running version cannot be migrated\n    at Function._migrateRecord (file:///D:/Juegos/Foundry_daggerheart_git/Foundry-daggerheart/Portable-FoundryVTT-v13.348/App/resources/app/dist/database/backend/server-document.mjs:1:3713)\n    at Function._migrateDocuments (file:///D:/Juegos/Foundry_daggerheart_git/Foundry-daggerheart/Portable-FoundryVTT-v13.348/App/resources/app/dist/database/backend/server-document.mjs:1:2782)","timestamp":"2026-03-09 14:04:56"}
{"level":"error","message":"An error occurred during the migration of Item record [LeeDoNltRVygrQtQ] of database \"daggerheart-advmanager.all-features\":\nError: Documents from a core version newer than the running version cannot be migrated\n    at Function._migrateRecord (file:///D:/Juegos/Foundry_daggerheart_git/Foundry-daggerheart/Portable-FoundryVTT-v13.348/App/resources/app/dist/database/backend/server-document.mjs:1:3713)\n    at Function._migrateDocuments (file:///D:/Juegos/Foundry_daggerheart_git/Foundry-daggerheart/Portable-FoundryVTT-v13.348/App/resources/app/dist/database/backend/server-document.mjs:1:2782)","timestamp":"2026-03-09 14:04:56"}
{"level":"error","message":"An error occurred during the migration of Item record [Lp8CQlp4tPoKWdcd] of database \"daggerheart-advmanager.all-features\":\nError: Documents from a core version newer than the running version cannot be migrated\n    at Function._migrateRecord (file:///D:/Juegos/Foundry_daggerheart_git/Foundry-daggerheart/Portable-FoundryVTT-v13.348/App/resources/app/dist/database/backend/server-document.mjs:1:3713)\n    at Function._migrateDocuments (file:///D:/Juegos/Foundry_daggerheart_git/Foundry-daggerheart/Portable-FoundryVTT-v13.348/App/resources/app/dist/database/backend/server-document.mjs:1:2782)","timestamp":"2026-03-09 14:04:56"}
{"level":"error","message":"An error occurred during the migration of Item record [LqfPaCEiio4KPNg4] of database \"daggerheart-advmanager.all-features\":\nError: Documents from a core version newer than the running version cannot be migrated\n    at Function._migrateRecord (file:///D:/Juegos/Foundry_daggerheart_git/Foundry-daggerheart/Portable-FoundryVTT-v13.348/App/resources/app/dist/database/backend/server-document.mjs:1:3713)\n    at Function._migrateDocuments (file:///D:/Juegos/Foundry_daggerheart_git/Foundry-daggerheart/Portable-FoundryVTT-v13.348/App/resources/app/dist/database/backend/server-document.mjs:1:2782)","timestamp":"2026-03-09 14:04:56"}
{"level":"error","message":"An error occurred during the migration of Item record [M2VLSywKnYtMdI0U] of database \"daggerheart-advmanager.all-features\":\nError: Documents from a core version newer than the running version cannot be migrated\n    at Function._migrateRecord (file:///D:/Juegos/Foundry_daggerheart_git/Foundry-daggerheart/Portable-FoundryVTT-v13.348/App/resources/app/dist/database/backend/server-document.mjs:1:3713)\n    at Function._migrateDocuments (file:///D:/Juegos/Foundry_daggerheart_git/Foundry-daggerheart/Portable-FoundryVTT-v13.348/App/resources/app/dist/database/backend/server-document.mjs:1:2782)","timestamp":"2026-03-09 14:04:56"}
{"level":"error","message":"An error occurred during the migration of Item record [M3lTyBdXmegdWil1] of database \"daggerheart-advmanager.all-features\":\nError: Documents from a core version newer than the running version cannot be migrated\n    at Function._migrateRecord (file:///D:/Juegos/Foundry_daggerheart_git/Foundry-daggerheart/Portable-FoundryVTT-v13.348/App/resources/app/dist/database/backend/server-document.mjs:1:3713)\n    at Function._migrateDocuments (file:///D:/Juegos/Foundry_daggerheart_git/Foundry-daggerheart/Portable-FoundryVTT-v13.348/App/resources/app/dist/database/backend/server-document.mjs:1:2782)","timestamp":"2026-03-09 14:04:56"}
{"level":"error","message":"An error occurred during the migration of Item record [MAPHNK47kkdiVrN4] of database \"daggerheart-advmanager.all-features\":\nError: Documents from a core version newer than the running version cannot be migrated\n    at Function._migrateRecord (file:///D:/Juegos/Foundry_daggerheart_git/Foundry-daggerheart/Portable-FoundryVTT-v13.348/App/resources/app/dist/database/backend/server-document.mjs:1:3713)\n    at Function._migrateDocuments (file:///D:/Juegos/Foundry_daggerheart_git/Foundry-daggerheart/Portable-FoundryVTT-v13.348/App/resources/app/dist/database/backend/server-document.mjs:1:2782)","timestamp":"2026-03-09 14:04:56"}
{"level":"error","message":"An error occurred during the migration of Item record [MRMD4PmJzDBA2kIc] of database \"daggerheart-advmanager.all-features\":\nError: Documents from a core version newer than the running version cannot be migrated\n    at Function._migrateRecord (file:///D:/Juegos/Foundry_daggerheart_git/Foundry-daggerheart/Portable-FoundryVTT-v13.348/App/resources/app/dist/database/backend/server-document.mjs:1:3713)\n    at Function._migrateDocuments (file:///D:/Juegos/Foundry_daggerheart_git/Foundry-daggerheart/Portable-FoundryVTT-v13.348/App/resources/app/dist/database/backend/server-document.mjs:1:2782)","timestamp":"2026-03-09 14:04:56"}
{"level":"error","message":"An error occurred during the migration of Item record [MciXB5KQ2vj9KisJ] of database \"daggerheart-advmanager.all-features\":\nError: Documents from a core version newer than the running version cannot be migrated\n    at Function._migrateRecord (file:///D:/Juegos/Foundry_daggerheart_git/Foundry-daggerheart/Portable-FoundryVTT-v13.348/App/resources/app/dist/database/backend/server-document.mjs:1:3713)\n    at Function._migrateDocuments (file:///D:/Juegos/Foundry_daggerheart_git/Foundry-daggerheart/Portable-FoundryVTT-v13.348/App/resources/app/dist/database/backend/server-document.mjs:1:2782)","timestamp":"2026-03-09 14:04:56"}
{"level":"error","message":"An error occurred during the migration of Item record [MhFFQDGJvLENH5eu] of database \"daggerheart-advmanager.all-features\":\nError: Documents from a core version newer than the running version cannot be migrated\n    at Function._migrateRecord (file:///D:/Juegos/Foundry_daggerheart_git/Foundry-daggerheart/Portable-FoundryVTT-v13.348/App/resources/app/dist/database/backend/server-document.mjs:1:3713)\n    at Function._migrateDocuments (file:///D:/Juegos/Foundry_daggerheart_git/Foundry-daggerheart/Portable-FoundryVTT-v13.348/App/resources/app/dist/database/backend/server-document.mjs:1:2782)","timestamp":"2026-03-09 14:04:56"}
{"level":"error","message":"An error occurred during the migration of Item record [N0maY7RMhXgT0llq] of database \"daggerheart-advmanager.all-features\":\nError: Documents from a core version newer than the running version cannot be migrated\n    at Function._migrateRecord (file:///D:/Juegos/Foundry_daggerheart_git/Foundry-daggerheart/Portable-FoundryVTT-v13.348/App/resources/app/dist/database/backend/server-document.mjs:1:3713)\n    at Function._migrateDocuments (file:///D:/Juegos/Foundry_daggerheart_git/Foundry-daggerheart/Portable-FoundryVTT-v13.348/App/resources/app/dist/database/backend/server-document.mjs:1:2782)","timestamp":"2026-03-09 14:04:56"}
{"level":"error","message":"An error occurred during the migration of Item record [NGMK3zX9mPktlGLL] of database \"daggerheart-advmanager.all-features\":\nError: Documents from a core version newer than the running version cannot be migrated\n    at Function._migrateRecord (file:///D:/Juegos/Foundry_daggerheart_git/Foundry-daggerheart/Portable-FoundryVTT-v13.348/App/resources/app/dist/database/backend/server-document.mjs:1:3713)\n    at Function._migrateDocuments (file:///D:/Juegos/Foundry_daggerheart_git/Foundry-daggerheart/Portable-FoundryVTT-v13.348/App/resources/app/dist/database/backend/server-document.mjs:1:2782)","timestamp":"2026-03-09 14:04:56"}
{"level":"error","message":"An error occurred during the migration of Item record [NQJBXQiucgk77Cl9] of database \"daggerheart-advmanager.all-features\":\nError: Documents from a core version newer than the running version cannot be migrated\n    at Function._migrateRecord (file:///D:/Juegos/Foundry_daggerheart_git/Foundry-daggerheart/Portable-FoundryVTT-v13.348/App/resources/app/dist/database/backend/server-document.mjs:1:3713)\n    at Function._migrateDocuments (file:///D:/Juegos/Foundry_daggerheart_git/Foundry-daggerheart/Portable-FoundryVTT-v13.348/App/resources/app/dist/database/backend/server-document.mjs:1:2782)","timestamp":"2026-03-09 14:04:56"}
{"level":"error","message":"An error occurred during the migration of Item record [NSAHmbNa9D0lmC8W] of database \"daggerheart-advmanager.all-features\":\nError: Documents from a core version newer than the running version cannot be migrated\n    at Function._migrateRecord (file:///D:/Juegos/Foundry_daggerheart_git/Foundry-daggerheart/Portable-FoundryVTT-v13.348/App/resources/app/dist/database/backend/server-document.mjs:1:3713)\n    at Function._migrateDocuments (file:///D:/Juegos/Foundry_daggerheart_git/Foundry-daggerheart/Portable-FoundryVTT-v13.348/App/resources/app/dist/database/backend/server-document.mjs:1:2782)","timestamp":"2026-03-09 14:04:56"}
{"level":"error","message":"An error occurred during the migration of Item record [NffXAnPbZ5UGmSyV] of database \"daggerheart-advmanager.all-features\":\nError: Documents from a core version newer than the running version cannot be migrated\n    at Function._migrateRecord (file:///D:/Juegos/Foundry_daggerheart_git/Foundry-daggerheart/Portable-FoundryVTT-v13.348/App/resources/app/dist/database/backend/server-document.mjs:1:3713)\n    at Function._migrateDocuments (file:///D:/Juegos/Foundry_daggerheart_git/Foundry-daggerheart/Portable-FoundryVTT-v13.348/App/resources/app/dist/database/backend/server-document.mjs:1:2782)","timestamp":"2026-03-09 14:04:56"}
{"level":"error","message":"An error occurred during the migration of Item record [Nh28tVfbeYRJSGVN] of database \"daggerheart-advmanager.all-features\":\nError: Documents from a core version newer than the running version cannot be migrated\n    at Function._migrateRecord (file:///D:/Juegos/Foundry_daggerheart_git/Foundry-daggerheart/Portable-FoundryVTT-v13.348/App/resources/app/dist/database/backend/server-document.mjs:1:3713)\n    at Function._migrateDocuments (file:///D:/Juegos/Foundry_daggerheart_git/Foundry-daggerheart/Portable-FoundryVTT-v13.348/App/resources/app/dist/database/backend/server-document.mjs:1:2782)","timestamp":"2026-03-09 14:04:56"}
{"level":"error","message":"An error occurred during the migration of Item record [NoEuTQWFDglKVdLr] of database \"daggerheart-advmanager.all-features\":\nError: Documents from a core version newer than the running version cannot be migrated\n    at Function._migrateRecord (file:///D:/Juegos/Foundry_daggerheart_git/Foundry-daggerheart/Portable-FoundryVTT-v13.348/App/resources/app/dist/database/backend/server-document.mjs:1:3713)\n    at Function._migrateDocuments (file:///D:/Juegos/Foundry_daggerheart_git/Foundry-daggerheart/Portable-FoundryVTT-v13.348/App/resources/app/dist/database/backend/server-document.mjs:1:2782)","timestamp":"2026-03-09 14:04:56"}
{"level":"error","message":"An error occurred during the migration of Item record [Np5QtiF5dLJEHanU] of database \"daggerheart-advmanager.all-features\":\nError: Documents from a core version newer than the running version cannot be migrated\n    at Function._migrateRecord (file:///D:/Juegos/Foundry_daggerheart_git/Foundry-daggerheart/Portable-FoundryVTT-v13.348/App/resources/app/dist/database/backend/server-document.mjs:1:3713)\n    at Function._migrateDocuments (file:///D:/Juegos/Foundry_daggerheart_git/Foundry-daggerheart/Portable-FoundryVTT-v13.348/App/resources/app/dist/database/backend/server-document.mjs:1:2782)","timestamp":"2026-03-09 14:04:56"}
{"level":"error","message":"An error occurred during the migration of Item record [NrYsn8N8fR6CwqFW] of database \"daggerheart-advmanager.all-features\":\nError: Documents from a core version newer than the running version cannot be migrated\n    at Function._migrateRecord (file:///D:/Juegos/Foundry_daggerheart_git/Foundry-daggerheart/Portable-FoundryVTT-v13.348/App/resources/app/dist/database/backend/server-document.mjs:1:3713)\n    at Function._migrateDocuments (file:///D:/Juegos/Foundry_daggerheart_git/Foundry-daggerheart/Portable-FoundryVTT-v13.348/App/resources/app/dist/database/backend/server-document.mjs:1:2782)","timestamp":"2026-03-09 14:04:56"}
{"level":"error","message":"An error occurred during the migration of Item record [NsmJvAxFlKRw63k1] of database \"daggerheart-advmanager.all-features\":\nError: Documents from a core version newer than the running version cannot be migrated\n    at Function._migrateRecord (file:///D:/Juegos/Foundry_daggerheart_git/Foundry-daggerheart/Portable-FoundryVTT-v13.348/App/resources/app/dist/database/backend/server-document.mjs:1:3713)\n    at Function._migrateDocuments (file:///D:/Juegos/Foundry_daggerheart_git/Foundry-daggerheart/Portable-FoundryVTT-v13.348/App/resources/app/dist/database/backend/server-document.mjs:1:2782)","timestamp":"2026-03-09 14:04:56"}
{"level":"error","message":"An error occurred during the migration of Item record [NteZhAkmou04vpPf] of database \"daggerheart-advmanager.all-features\":\nError: Documents from a core version newer than the running version cannot be migrated\n    at Function._migrateRecord (file:///D:/Juegos/Foundry_daggerheart_git/Foundry-daggerheart/Portable-FoundryVTT-v13.348/App/resources/app/dist/database/backend/server-document.mjs:1:3713)\n    at Function._migrateDocuments (file:///D:/Juegos/Foundry_daggerheart_git/Foundry-daggerheart/Portable-FoundryVTT-v13.348/App/resources/app/dist/database/backend/server-document.mjs:1:2782)","timestamp":"2026-03-09 14:04:56"}
{"level":"error","message":"An error occurred during the migration of Item record [NwUZPWPgLY7b2hYm] of database \"daggerheart-advmanager.all-features\":\nError: Documents from a core version newer than the running version cannot be migrated\n    at Function._migrateRecord (file:///D:/Juegos/Foundry_daggerheart_git/Foundry-daggerheart/Portable-FoundryVTT-v13.348/App/resources/app/dist/database/backend/server-document.mjs:1:3713)\n    at Function._migrateDocuments (file:///D:/Juegos/Foundry_daggerheart_git/Foundry-daggerheart/Portable-FoundryVTT-v13.348/App/resources/app/dist/database/backend/server-document.mjs:1:2782)","timestamp":"2026-03-09 14:04:56"}
{"level":"error","message":"An error occurred during the migration of Item record [O608Y5XKO92Ao54h] of database \"daggerheart-advmanager.all-features\":\nError: Documents from a core version newer than the running version cannot be migrated\n    at Function._migrateRecord (file:///D:/Juegos/Foundry_daggerheart_git/Foundry-daggerheart/Portable-FoundryVTT-v13.348/App/resources/app/dist/database/backend/server-document.mjs:1:3713)\n    at Function._migrateDocuments (file:///D:/Juegos/Foundry_daggerheart_git/Foundry-daggerheart/Portable-FoundryVTT-v13.348/App/resources/app/dist/database/backend/server-document.mjs:1:2782)","timestamp":"2026-03-09 14:04:56"}
{"level":"error","message":"An error occurred during the migration of Item record [OKWBl8rnXFbrSHxN] of database \"daggerheart-advmanager.all-features\":\nError: Documents from a core version newer than the running version cannot be migrated\n    at Function._migrateRecord (file:///D:/Juegos/Foundry_daggerheart_git/Foundry-daggerheart/Portable-FoundryVTT-v13.348/App/resources/app/dist/database/backend/server-document.mjs:1:3713)\n    at Function._migrateDocuments (file:///D:/Juegos/Foundry_daggerheart_git/Foundry-daggerheart/Portable-FoundryVTT-v13.348/App/resources/app/dist/database/backend/server-document.mjs:1:2782)","timestamp":"2026-03-09 14:04:56"}
{"level":"error","message":"An error occurred during the migration of Item record [OYjmWkcNxXGElJPo] of database \"daggerheart-advmanager.all-features\":\nError: Documents from a core version newer than the running version cannot be migrated\n    at Function._migrateRecord (file:///D:/Juegos/Foundry_daggerheart_git/Foundry-daggerheart/Portable-FoundryVTT-v13.348/App/resources/app/dist/database/backend/server-document.mjs:1:3713)\n    at Function._migrateDocuments (file:///D:/Juegos/Foundry_daggerheart_git/Foundry-daggerheart/Portable-FoundryVTT-v13.348/App/resources/app/dist/database/backend/server-document.mjs:1:2782)","timestamp":"2026-03-09 14:04:56"}
{"level":"error","message":"An error occurred during the migration of Item record [PGk6TLwKxDcKkelc] of database \"daggerheart-advmanager.all-features\":\nError: Documents from a core version newer than the running version cannot be migrated\n    at Function._migrateRecord (file:///D:/Juegos/Foundry_daggerheart_git/Foundry-daggerheart/Portable-FoundryVTT-v13.348/App/resources/app/dist/database/backend/server-document.mjs:1:3713)\n    at Function._migrateDocuments (file:///D:/Juegos/Foundry_daggerheart_git/Foundry-daggerheart/Portable-FoundryVTT-v13.348/App/resources/app/dist/database/backend/server-document.mjs:1:2782)","timestamp":"2026-03-09 14:04:56"}
{"level":"error","message":"An error occurred during the migration of Item record [PIaCSLpBmqS2G74a] of database \"daggerheart-advmanager.all-features\":\nError: Documents from a core version newer than the running version cannot be migrated\n    at Function._migrateRecord (file:///D:/Juegos/Foundry_daggerheart_git/Foundry-daggerheart/Portable-FoundryVTT-v13.348/App/resources/app/dist/database/backend/server-document.mjs:1:3713)\n    at Function._migrateDocuments (file:///D:/Juegos/Foundry_daggerheart_git/Foundry-daggerheart/Portable-FoundryVTT-v13.348/App/resources/app/dist/database/backend/server-document.mjs:1:2782)","timestamp":"2026-03-09 14:04:56"}
{"level":"error","message":"An error occurred during the migration of Item record [PQjxCVt8nd9Zj5RD] of database \"daggerheart-advmanager.all-features\":\nError: Documents from a core version newer than the running version cannot be migrated\n    at Function._migrateRecord (file:///D:/Juegos/Foundry_daggerheart_git/Foundry-daggerheart/Portable-FoundryVTT-v13.348/App/resources/app/dist/database/backend/server-document.mjs:1:3713)\n    at Function._migrateDocuments (file:///D:/Juegos/Foundry_daggerheart_git/Foundry-daggerheart/Portable-FoundryVTT-v13.348/App/resources/app/dist/database/backend/server-document.mjs:1:2782)","timestamp":"2026-03-09 14:04:56"}
{"level":"error","message":"An error occurred during the migration of Item record [PxOujdjjYXuKIbqz] of database \"daggerheart-advmanager.all-features\":\nError: Documents from a core version newer than the running version cannot be migrated\n    at Function._migrateRecord (file:///D:/Juegos/Foundry_daggerheart_git/Foundry-daggerheart/Portable-FoundryVTT-v13.348/App/resources/app/dist/database/backend/server-document.mjs:1:3713)\n    at Function._migrateDocuments (file:///D:/Juegos/Foundry_daggerheart_git/Foundry-daggerheart/Portable-FoundryVTT-v13.348/App/resources/app/dist/database/backend/server-document.mjs:1:2782)","timestamp":"2026-03-09 14:04:56"}
{"level":"error","message":"An error occurred during the migration of Item record [QMxhfHs8m6Mm639M] of database \"daggerheart-advmanager.all-features\":\nError: Documents from a core version newer than the running version cannot be migrated\n    at Function._migrateRecord (file:///D:/Juegos/Foundry_daggerheart_git/Foundry-daggerheart/Portable-FoundryVTT-v13.348/App/resources/app/dist/database/backend/server-document.mjs:1:3713)\n    at Function._migrateDocuments (file:///D:/Juegos/Foundry_daggerheart_git/Foundry-daggerheart/Portable-FoundryVTT-v13.348/App/resources/app/dist/database/backend/server-document.mjs:1:2782)","timestamp":"2026-03-09 14:04:56"}
{"level":"error","message":"An error occurred during the migration of Item record [QS2eYsMPr7VTmgZy] of database \"daggerheart-advmanager.all-features\":\nError: Documents from a core version newer than the running version cannot be migrated\n    at Function._migrateRecord (file:///D:/Juegos/Foundry_daggerheart_git/Foundry-daggerheart/Portable-FoundryVTT-v13.348/App/resources/app/dist/database/backend/server-document.mjs:1:3713)\n    at Function._migrateDocuments (file:///D:/Juegos/Foundry_daggerheart_git/Foundry-daggerheart/Portable-FoundryVTT-v13.348/App/resources/app/dist/database/backend/server-document.mjs:1:2782)","timestamp":"2026-03-09 14:04:56"}
{"level":"error","message":"An error occurred during the migration of Item record [QWqea6rpV3mHo2td] of database \"daggerheart-advmanager.all-features\":\nError: Documents from a core version newer than the running version cannot be migrated\n    at Function._migrateRecord (file:///D:/Juegos/Foundry_daggerheart_git/Foundry-daggerheart/Portable-FoundryVTT-v13.348/App/resources/app/dist/database/backend/server-document.mjs:1:3713)\n    at Function._migrateDocuments (file:///D:/Juegos/Foundry_daggerheart_git/Foundry-daggerheart/Portable-FoundryVTT-v13.348/App/resources/app/dist/database/backend/server-document.mjs:1:2782)","timestamp":"2026-03-09 14:04:56"}
{"level":"error","message":"An error occurred during the migration of Item record [Qn8mprQ5PHRVdYy0] of database \"daggerheart-advmanager.all-features\":\nError: Documents from a core version newer than the running version cannot be migrated\n    at Function._migrateRecord (file:///D:/Juegos/Foundry_daggerheart_git/Foundry-daggerheart/Portable-FoundryVTT-v13.348/App/resources/app/dist/database/backend/server-document.mjs:1:3713)\n    at Function._migrateDocuments (file:///D:/Juegos/Foundry_daggerheart_git/Foundry-daggerheart/Portable-FoundryVTT-v13.348/App/resources/app/dist/database/backend/server-document.mjs:1:2782)","timestamp":"2026-03-09 14:04:56"}
{"level":"error","message":"An error occurred during the migration of Item record [Qo3zgaAVZ0Q9ogWC] of database \"daggerheart-advmanager.all-features\":\nError: Documents from a core version newer than the running version cannot be migrated\n    at Function._migrateRecord (file:///D:/Juegos/Foundry_daggerheart_git/Foundry-daggerheart/Portable-FoundryVTT-v13.348/App/resources/app/dist/database/backend/server-document.mjs:1:3713)\n    at Function._migrateDocuments (file:///D:/Juegos/Foundry_daggerheart_git/Foundry-daggerheart/Portable-FoundryVTT-v13.348/App/resources/app/dist/database/backend/server-document.mjs:1:2782)","timestamp":"2026-03-09 14:04:56"}
{"level":"error","message":"An error occurred during the migration of Item record [QqQWvkwV8gSkZlUk] of database \"daggerheart-advmanager.all-features\":\nError: Documents from a core version newer than the running version cannot be migrated\n    at Function._migrateRecord (file:///D:/Juegos/Foundry_daggerheart_git/Foundry-daggerheart/Portable-FoundryVTT-v13.348/App/resources/app/dist/database/backend/server-document.mjs:1:3713)\n    at Function._migrateDocuments (file:///D:/Juegos/Foundry_daggerheart_git/Foundry-daggerheart/Portable-FoundryVTT-v13.348/App/resources/app/dist/database/backend/server-document.mjs:1:2782)","timestamp":"2026-03-09 14:04:56"}
{"level":"error","message":"An error occurred during the migration of Item record [R9luM6E7eGW4IEjA] of database \"daggerheart-advmanager.all-features\":\nError: Documents from a core version newer than the running version cannot be migrated\n    at Function._migrateRecord (file:///D:/Juegos/Foundry_daggerheart_git/Foundry-daggerheart/Portable-FoundryVTT-v13.348/App/resources/app/dist/database/backend/server-document.mjs:1:3713)\n    at Function._migrateDocuments (file:///D:/Juegos/Foundry_daggerheart_git/Foundry-daggerheart/Portable-FoundryVTT-v13.348/App/resources/app/dist/database/backend/server-document.mjs:1:2782)","timestamp":"2026-03-09 14:04:56"}
{"level":"error","message":"An error occurred during the migration of Item record [RYJtnqL9omMM48DE] of database \"daggerheart-advmanager.all-features\":\nError: Documents from a core version newer than the running version cannot be migrated\n    at Function._migrateRecord (file:///D:/Juegos/Foundry_daggerheart_git/Foundry-daggerheart/Portable-FoundryVTT-v13.348/App/resources/app/dist/database/backend/server-document.mjs:1:3713)\n    at Function._migrateDocuments (file:///D:/Juegos/Foundry_daggerheart_git/Foundry-daggerheart/Portable-FoundryVTT-v13.348/App/resources/app/dist/database/backend/server-document.mjs:1:2782)","timestamp":"2026-03-09 14:04:56"}
{"level":"error","message":"An error occurred during the migration of Item record [Rwuy2ARba4AWhCZe] of database \"daggerheart-advmanager.all-features\":\nError: Documents from a core version newer than the running version cannot be migrated\n    at Function._migrateRecord (file:///D:/Juegos/Foundry_daggerheart_git/Foundry-daggerheart/Portable-FoundryVTT-v13.348/App/resources/app/dist/database/backend/server-document.mjs:1:3713)\n    at Function._migrateDocuments (file:///D:/Juegos/Foundry_daggerheart_git/Foundry-daggerheart/Portable-FoundryVTT-v13.348/App/resources/app/dist/database/backend/server-document.mjs:1:2782)","timestamp":"2026-03-09 14:04:56"}
{"level":"error","message":"An error occurred during the migration of Item record [SR3Or0X8X8x0j1m8] of database \"daggerheart-advmanager.all-features\":\nError: Documents from a core version newer than the running version cannot be migrated\n    at Function._migrateRecord (file:///D:/Juegos/Foundry_daggerheart_git/Foundry-daggerheart/Portable-FoundryVTT-v13.348/App/resources/app/dist/database/backend/server-document.mjs:1:3713)\n    at Function._migrateDocuments (file:///D:/Juegos/Foundry_daggerheart_git/Foundry-daggerheart/Portable-FoundryVTT-v13.348/App/resources/app/dist/database/backend/server-document.mjs:1:2782)","timestamp":"2026-03-09 14:04:56"}
{"level":"error","message":"An error occurred during the migration of Item record [SSOA8cBFcDyZzsqR] of database \"daggerheart-advmanager.all-features\":\nError: Documents from a core version newer than the running version cannot be migrated\n    at Function._migrateRecord (file:///D:/Juegos/Foundry_daggerheart_git/Foundry-daggerheart/Portable-FoundryVTT-v13.348/App/resources/app/dist/database/backend/server-document.mjs:1:3713)\n    at Function._migrateDocuments (file:///D:/Juegos/Foundry_daggerheart_git/Foundry-daggerheart/Portable-FoundryVTT-v13.348/App/resources/app/dist/database/backend/server-document.mjs:1:2782)","timestamp":"2026-03-09 14:04:56"}
{"level":"error","message":"An error occurred during the migration of Item record [SawmAlEMgmuJJCEL] of database \"daggerheart-advmanager.all-features\":\nError: Documents from a core version newer than the running version cannot be migrated\n    at Function._migrateRecord (file:///D:/Juegos/Foundry_daggerheart_git/Foundry-daggerheart/Portable-FoundryVTT-v13.348/App/resources/app/dist/database/backend/server-document.mjs:1:3713)\n    at Function._migrateDocuments (file:///D:/Juegos/Foundry_daggerheart_git/Foundry-daggerheart/Portable-FoundryVTT-v13.348/App/resources/app/dist/database/backend/server-document.mjs:1:2782)","timestamp":"2026-03-09 14:04:56"}
{"level":"error","message":"An error occurred during the migration of Item record [SjWpbVsLb44B4upj] of database \"daggerheart-advmanager.all-features\":\nError: Documents from a core version newer than the running version cannot be migrated\n    at Function._migrateRecord (file:///D:/Juegos/Foundry_daggerheart_git/Foundry-daggerheart/Portable-FoundryVTT-v13.348/App/resources/app/dist/database/backend/server-document.mjs:1:3713)\n    at Function._migrateDocuments (file:///D:/Juegos/Foundry_daggerheart_git/Foundry-daggerheart/Portable-FoundryVTT-v13.348/App/resources/app/dist/database/backend/server-document.mjs:1:2782)","timestamp":"2026-03-09 14:04:56"}
{"level":"error","message":"An error occurred during the migration of Item record [SwMrQ16YtV3HHBAP] of database \"daggerheart-advmanager.all-features\":\nError: Documents from a core version newer than the running version cannot be migrated\n    at Function._migrateRecord (file:///D:/Juegos/Foundry_daggerheart_git/Foundry-daggerheart/Portable-FoundryVTT-v13.348/App/resources/app/dist/database/backend/server-document.mjs:1:3713)\n    at Function._migrateDocuments (file:///D:/Juegos/Foundry_daggerheart_git/Foundry-daggerheart/Portable-FoundryVTT-v13.348/App/resources/app/dist/database/backend/server-document.mjs:1:2782)","timestamp":"2026-03-09 14:04:56"}
{"level":"error","message":"An error occurred during the migration of Item record [SyI1hOtoibKA9EdE] of database \"daggerheart-advmanager.all-features\":\nError: Documents from a core version newer than the running version cannot be migrated\n    at Function._migrateRecord (file:///D:/Juegos/Foundry_daggerheart_git/Foundry-daggerheart/Portable-FoundryVTT-v13.348/App/resources/app/dist/database/backend/server-document.mjs:1:3713)\n    at Function._migrateDocuments (file:///D:/Juegos/Foundry_daggerheart_git/Foundry-daggerheart/Portable-FoundryVTT-v13.348/App/resources/app/dist/database/backend/server-document.mjs:1:2782)","timestamp":"2026-03-09 14:04:56"}
{"level":"error","message":"An error occurred during the migration of Item record [T1wz6GtDpFWKlx8f] of database \"daggerheart-advmanager.all-features\":\nError: Documents from a core version newer than the running version cannot be migrated\n    at Function._migrateRecord (file:///D:/Juegos/Foundry_daggerheart_git/Foundry-daggerheart/Portable-FoundryVTT-v13.348/App/resources/app/dist/database/backend/server-document.mjs:1:3713)\n    at Function._migrateDocuments (file:///D:/Juegos/Foundry_daggerheart_git/Foundry-daggerheart/Portable-FoundryVTT-v13.348/App/resources/app/dist/database/backend/server-document.mjs:1:2782)","timestamp":"2026-03-09 14:04:56"}
{"level":"error","message":"An error occurred during the migration of Item record [TIzlqv60zLWAs93b] of database \"daggerheart-advmanager.all-features\":\nError: Documents from a core version newer than the running version cannot be migrated\n    at Function._migrateRecord (file:///D:/Juegos/Foundry_daggerheart_git/Foundry-daggerheart/Portable-FoundryVTT-v13.348/App/resources/app/dist/database/backend/server-document.mjs:1:3713)\n    at Function._migrateDocuments (file:///D:/Juegos/Foundry_daggerheart_git/Foundry-daggerheart/Portable-FoundryVTT-v13.348/App/resources/app/dist/database/backend/server-document.mjs:1:2782)","timestamp":"2026-03-09 14:04:56"}
{"level":"error","message":"An error occurred during the migration of Item record [TQlbZQE26MQkVqH8] of database \"daggerheart-advmanager.all-features\":\nError: Documents from a core version newer than the running version cannot be migrated\n    at Function._migrateRecord (file:///D:/Juegos/Foundry_daggerheart_git/Foundry-daggerheart/Portable-FoundryVTT-v13.348/App/resources/app/dist/database/backend/server-document.mjs:1:3713)\n    at Function._migrateDocuments (file:///D:/Juegos/Foundry_daggerheart_git/Foundry-daggerheart/Portable-FoundryVTT-v13.348/App/resources/app/dist/database/backend/server-document.mjs:1:2782)","timestamp":"2026-03-09 14:04:56"}
{"level":"error","message":"An error occurred during the migration of Item record [TfQY8OXn5mJELtDc] of database \"daggerheart-advmanager.all-features\":\nError: Documents from a core version newer than the running version cannot be migrated\n    at Function._migrateRecord (file:///D:/Juegos/Foundry_daggerheart_git/Foundry-daggerheart/Portable-FoundryVTT-v13.348/App/resources/app/dist/database/backend/server-document.mjs:1:3713)\n    at Function._migrateDocuments (file:///D:/Juegos/Foundry_daggerheart_git/Foundry-daggerheart/Portable-FoundryVTT-v13.348/App/resources/app/dist/database/backend/server-document.mjs:1:2782)","timestamp":"2026-03-09 14:04:56"}
{"level":"error","message":"An error occurred during the migration of Item record [TujvZlwAeAUJFMVM] of database \"daggerheart-advmanager.all-features\":\nError: Documents from a core version newer than the running version cannot be migrated\n    at Function._migrateRecord (file:///D:/Juegos/Foundry_daggerheart_git/Foundry-daggerheart/Portable-FoundryVTT-v13.348/App/resources/app/dist/database/backend/server-document.mjs:1:3713)\n    at Function._migrateDocuments (file:///D:/Juegos/Foundry_daggerheart_git/Foundry-daggerheart/Portable-FoundryVTT-v13.348/App/resources/app/dist/database/backend/server-document.mjs:1:2782)","timestamp":"2026-03-09 14:04:56"}
{"level":"error","message":"An error occurred during the migration of Item record [UJQTIp3MrDLgEvwd] of database \"daggerheart-advmanager.all-features\":\nError: Documents from a core version newer than the running version cannot be migrated\n    at Function._migrateRecord (file:///D:/Juegos/Foundry_daggerheart_git/Foundry-daggerheart/Portable-FoundryVTT-v13.348/App/resources/app/dist/database/backend/server-document.mjs:1:3713)\n    at Function._migrateDocuments (file:///D:/Juegos/Foundry_daggerheart_git/Foundry-daggerheart/Portable-FoundryVTT-v13.348/App/resources/app/dist/database/backend/server-document.mjs:1:2782)","timestamp":"2026-03-09 14:04:56"}
{"level":"error","message":"An error occurred during the migration of Item record [UPpNFgIcMGiiV4jC] of database \"daggerheart-advmanager.all-features\":\nError: Documents from a core version newer than the running version cannot be migrated\n    at Function._migrateRecord (file:///D:/Juegos/Foundry_daggerheart_git/Foundry-daggerheart/Portable-FoundryVTT-v13.348/App/resources/app/dist/database/backend/server-document.mjs:1:3713)\n    at Function._migrateDocuments (file:///D:/Juegos/Foundry_daggerheart_git/Foundry-daggerheart/Portable-FoundryVTT-v13.348/App/resources/app/dist/database/backend/server-document.mjs:1:2782)","timestamp":"2026-03-09 14:04:56"}
{"level":"error","message":"An error occurred during the migration of Item record [UVkpThvMCrFA3eNc] of database \"daggerheart-advmanager.all-features\":\nError: Documents from a core version newer than the running version cannot be migrated\n    at Function._migrateRecord (file:///D:/Juegos/Foundry_daggerheart_git/Foundry-daggerheart/Portable-FoundryVTT-v13.348/App/resources/app/dist/database/backend/server-document.mjs:1:3713)\n    at Function._migrateDocuments (file:///D:/Juegos/Foundry_daggerheart_git/Foundry-daggerheart/Portable-FoundryVTT-v13.348/App/resources/app/dist/database/backend/server-document.mjs:1:2782)","timestamp":"2026-03-09 14:04:56"}
{"level":"error","message":"An error occurred during the migration of Item record [UhDxt4Dam9ETyls2] of database \"daggerheart-advmanager.all-features\":\nError: Documents from a core version newer than the running version cannot be migrated\n    at Function._migrateRecord (file:///D:/Juegos/Foundry_daggerheart_git/Foundry-daggerheart/Portable-FoundryVTT-v13.348/App/resources/app/dist/database/backend/server-document.mjs:1:3713)\n    at Function._migrateDocuments (file:///D:/Juegos/Foundry_daggerheart_git/Foundry-daggerheart/Portable-FoundryVTT-v13.348/App/resources/app/dist/database/backend/server-document.mjs:1:2782)","timestamp":"2026-03-09 14:04:56"}
{"level":"error","message":"An error occurred during the migration of Item record [VH6hKc7cX5n1XV7l] of database \"daggerheart-advmanager.all-features\":\nError: Documents from a core version newer than the running version cannot be migrated\n    at Function._migrateRecord (file:///D:/Juegos/Foundry_daggerheart_git/Foundry-daggerheart/Portable-FoundryVTT-v13.348/App/resources/app/dist/database/backend/server-document.mjs:1:3713)\n    at Function._migrateDocuments (file:///D:/Juegos/Foundry_daggerheart_git/Foundry-daggerheart/Portable-FoundryVTT-v13.348/App/resources/app/dist/database/backend/server-document.mjs:1:2782)","timestamp":"2026-03-09 14:04:56"}
{"level":"error","message":"An error occurred during the migration of Item record [VY87drMq8hSfZoFp] of database \"daggerheart-advmanager.all-features\":\nError: Documents from a core version newer than the running version cannot be migrated\n    at Function._migrateRecord (file:///D:/Juegos/Foundry_daggerheart_git/Foundry-daggerheart/Portable-FoundryVTT-v13.348/App/resources/app/dist/database/backend/server-document.mjs:1:3713)\n    at Function._migrateDocuments (file:///D:/Juegos/Foundry_daggerheart_git/Foundry-daggerheart/Portable-FoundryVTT-v13.348/App/resources/app/dist/database/backend/server-document.mjs:1:2782)","timestamp":"2026-03-09 14:04:56"}
{"level":"error","message":"An error occurred during the migration of Item record [VftDdm61VmdcC1YB] of database \"daggerheart-advmanager.all-features\":\nError: Documents from a core version newer than the running version cannot be migrated\n    at Function._migrateRecord (file:///D:/Juegos/Foundry_daggerheart_git/Foundry-daggerheart/Portable-FoundryVTT-v13.348/App/resources/app/dist/database/backend/server-document.mjs:1:3713)\n    at Function._migrateDocuments (file:///D:/Juegos/Foundry_daggerheart_git/Foundry-daggerheart/Portable-FoundryVTT-v13.348/App/resources/app/dist/database/backend/server-document.mjs:1:2782)","timestamp":"2026-03-09 14:04:56"}
{"level":"error","message":"An error occurred during the migration of Item record [ViWXQSULfBNRBXfM] of database \"daggerheart-advmanager.all-features\":\nError: Documents from a core version newer than the running version cannot be migrated\n    at Function._migrateRecord (file:///D:/Juegos/Foundry_daggerheart_git/Foundry-daggerheart/Portable-FoundryVTT-v13.348/App/resources/app/dist/database/backend/server-document.mjs:1:3713)\n    at Function._migrateDocuments (file:///D:/Juegos/Foundry_daggerheart_git/Foundry-daggerheart/Portable-FoundryVTT-v13.348/App/resources/app/dist/database/backend/server-document.mjs:1:2782)","timestamp":"2026-03-09 14:04:56"}
{"level":"error","message":"An error occurred during the migration of Item record [WlLco8K5KkBqf5TK] of database \"daggerheart-advmanager.all-features\":\nError: Documents from a core version newer than the running version cannot be migrated\n    at Function._migrateRecord (file:///D:/Juegos/Foundry_daggerheart_git/Foundry-daggerheart/Portable-FoundryVTT-v13.348/App/resources/app/dist/database/backend/server-document.mjs:1:3713)\n    at Function._migrateDocuments (file:///D:/Juegos/Foundry_daggerheart_git/Foundry-daggerheart/Portable-FoundryVTT-v13.348/App/resources/app/dist/database/backend/server-document.mjs:1:2782)","timestamp":"2026-03-09 14:04:56"}
{"level":"error","message":"An error occurred during the migration of Item record [WmZsQ4Q4o8HUAd4M] of database \"daggerheart-advmanager.all-features\":\nError: Documents from a core version newer than the running version cannot be migrated\n    at Function._migrateRecord (file:///D:/Juegos/Foundry_daggerheart_git/Foundry-daggerheart/Portable-FoundryVTT-v13.348/App/resources/app/dist/database/backend/server-document.mjs:1:3713)\n    at Function._migrateDocuments (file:///D:/Juegos/Foundry_daggerheart_git/Foundry-daggerheart/Portable-FoundryVTT-v13.348/App/resources/app/dist/database/backend/server-document.mjs:1:2782)","timestamp":"2026-03-09 14:04:56"}
{"level":"error","message":"An error occurred during the migration of Item record [XCOWW7Ls3FL4UUb8] of database \"daggerheart-advmanager.all-features\":\nError: Documents from a core version newer than the running version cannot be migrated\n    at Function._migrateRecord (file:///D:/Juegos/Foundry_daggerheart_git/Foundry-daggerheart/Portable-FoundryVTT-v13.348/App/resources/app/dist/database/backend/server-document.mjs:1:3713)\n    at Function._migrateDocuments (file:///D:/Juegos/Foundry_daggerheart_git/Foundry-daggerheart/Portable-FoundryVTT-v13.348/App/resources/app/dist/database/backend/server-document.mjs:1:2782)","timestamp":"2026-03-09 14:04:56"}
{"level":"error","message":"An error occurred during the migration of Item record [XEeR8EAWfOxTI03O] of database \"daggerheart-advmanager.all-features\":\nError: Documents from a core version newer than the running version cannot be migrated\n    at Function._migrateRecord (file:///D:/Juegos/Foundry_daggerheart_git/Foundry-daggerheart/Portable-FoundryVTT-v13.348/App/resources/app/dist/database/backend/server-document.mjs:1:3713)\n    at Function._migrateDocuments (file:///D:/Juegos/Foundry_daggerheart_git/Foundry-daggerheart/Portable-FoundryVTT-v13.348/App/resources/app/dist/database/backend/server-document.mjs:1:2782)","timestamp":"2026-03-09 14:04:56"}
{"level":"error","message":"An error occurred during the migration of Item record [XcMddHa3mP13hU07] of database \"daggerheart-advmanager.all-features\":\nError: Documents from a core version newer than the running version cannot be migrated\n    at Function._migrateRecord (file:///D:/Juegos/Foundry_daggerheart_git/Foundry-daggerheart/Portable-FoundryVTT-v13.348/App/resources/app/dist/database/backend/server-document.mjs:1:3713)\n    at Function._migrateDocuments (file:///D:/Juegos/Foundry_daggerheart_git/Foundry-daggerheart/Portable-FoundryVTT-v13.348/App/resources/app/dist/database/backend/server-document.mjs:1:2782)","timestamp":"2026-03-09 14:04:56"}
{"level":"error","message":"An error occurred during the migration of Item record [Xprt8jqJCSf0y8wF] of database \"daggerheart-advmanager.all-features\":\nError: Documents from a core version newer than the running version cannot be migrated\n    at Function._migrateRecord (file:///D:/Juegos/Foundry_daggerheart_git/Foundry-daggerheart/Portable-FoundryVTT-v13.348/App/resources/app/dist/database/backend/server-document.mjs:1:3713)\n    at Function._migrateDocuments (file:///D:/Juegos/Foundry_daggerheart_git/Foundry-daggerheart/Portable-FoundryVTT-v13.348/App/resources/app/dist/database/backend/server-document.mjs:1:2782)","timestamp":"2026-03-09 14:04:56"}
{"level":"error","message":"An error occurred during the migration of Item record [Xs0d9nchfBahliin] of database \"daggerheart-advmanager.all-features\":\nError: Documents from a core version newer than the running version cannot be migrated\n    at Function._migrateRecord (file:///D:/Juegos/Foundry_daggerheart_git/Foundry-daggerheart/Portable-FoundryVTT-v13.348/App/resources/app/dist/database/backend/server-document.mjs:1:3713)\n    at Function._migrateDocuments (file:///D:/Juegos/Foundry_daggerheart_git/Foundry-daggerheart/Portable-FoundryVTT-v13.348/App/resources/app/dist/database/backend/server-document.mjs:1:2782)","timestamp":"2026-03-09 14:04:56"}
{"level":"error","message":"An error occurred during the migration of Item record [Xw0jfPIx2PS9ZJfz] of database \"daggerheart-advmanager.all-features\":\nError: Documents from a core version newer than the running version cannot be migrated\n    at Function._migrateRecord (file:///D:/Juegos/Foundry_daggerheart_git/Foundry-daggerheart/Portable-FoundryVTT-v13.348/App/resources/app/dist/database/backend/server-document.mjs:1:3713)\n    at Function._migrateDocuments (file:///D:/Juegos/Foundry_daggerheart_git/Foundry-daggerheart/Portable-FoundryVTT-v13.348/App/resources/app/dist/database/backend/server-document.mjs:1:2782)","timestamp":"2026-03-09 14:04:56"}
{"level":"error","message":"An error occurred during the migration of Item record [Y7d77okdWKTJH56z] of database \"daggerheart-advmanager.all-features\":\nError: Documents from a core version newer than the running version cannot be migrated\n    at Function._migrateRecord (file:///D:/Juegos/Foundry_daggerheart_git/Foundry-daggerheart/Portable-FoundryVTT-v13.348/App/resources/app/dist/database/backend/server-document.mjs:1:3713)\n    at Function._migrateDocuments (file:///D:/Juegos/Foundry_daggerheart_git/Foundry-daggerheart/Portable-FoundryVTT-v13.348/App/resources/app/dist/database/backend/server-document.mjs:1:2782)","timestamp":"2026-03-09 14:04:56"}
{"level":"error","message":"An error occurred during the migration of Item record [YImO1FWkzvk1Ht7h] of database \"daggerheart-advmanager.all-features\":\nError: Documents from a core version newer than the running version cannot be migrated\n    at Function._migrateRecord (file:///D:/Juegos/Foundry_daggerheart_git/Foundry-daggerheart/Portable-FoundryVTT-v13.348/App/resources/app/dist/database/backend/server-document.mjs:1:3713)\n    at Function._migrateDocuments (file:///D:/Juegos/Foundry_daggerheart_git/Foundry-daggerheart/Portable-FoundryVTT-v13.348/App/resources/app/dist/database/backend/server-document.mjs:1:2782)","timestamp":"2026-03-09 14:04:56"}
{"level":"error","message":"An error occurred during the migration of Item record [YK33JfKLRukCYafo] of database \"daggerheart-advmanager.all-features\":\nError: Documents from a core version newer than the running version cannot be migrated\n    at Function._migrateRecord (file:///D:/Juegos/Foundry_daggerheart_git/Foundry-daggerheart/Portable-FoundryVTT-v13.348/App/resources/app/dist/database/backend/server-document.mjs:1:3713)\n    at Function._migrateDocuments (file:///D:/Juegos/Foundry_daggerheart_git/Foundry-daggerheart/Portable-FoundryVTT-v13.348/App/resources/app/dist/database/backend/server-document.mjs:1:2782)","timestamp":"2026-03-09 14:04:56"}
{"level":"error","message":"An error occurred during the migration of Item record [YP0SXr9h1DwFpx7Y] of database \"daggerheart-advmanager.all-features\":\nError: Documents from a core version newer than the running version cannot be migrated\n    at Function._migrateRecord (file:///D:/Juegos/Foundry_daggerheart_git/Foundry-daggerheart/Portable-FoundryVTT-v13.348/App/resources/app/dist/database/backend/server-document.mjs:1:3713)\n    at Function._migrateDocuments (file:///D:/Juegos/Foundry_daggerheart_git/Foundry-daggerheart/Portable-FoundryVTT-v13.348/App/resources/app/dist/database/backend/server-document.mjs:1:2782)","timestamp":"2026-03-09 14:04:56"}
{"level":"error","message":"An error occurred during the migration of Item record [YpkpKgxAvp8TYVPF] of database \"daggerheart-advmanager.all-features\":\nError: Documents from a core version newer than the running version cannot be migrated\n    at Function._migrateRecord (file:///D:/Juegos/Foundry_daggerheart_git/Foundry-daggerheart/Portable-FoundryVTT-v13.348/App/resources/app/dist/database/backend/server-document.mjs:1:3713)\n    at Function._migrateDocuments (file:///D:/Juegos/Foundry_daggerheart_git/Foundry-daggerheart/Portable-FoundryVTT-v13.348/App/resources/app/dist/database/backend/server-document.mjs:1:2782)","timestamp":"2026-03-09 14:04:56"}
{"level":"error","message":"An error occurred during the migration of Item record [Yywd7YxNv8ZjFThL] of database \"daggerheart-advmanager.all-features\":\nError: Documents from a core version newer than the running version cannot be migrated\n    at Function._migrateRecord (file:///D:/Juegos/Foundry_daggerheart_git/Foundry-daggerheart/Portable-FoundryVTT-v13.348/App/resources/app/dist/database/backend/server-document.mjs:1:3713)\n    at Function._migrateDocuments (file:///D:/Juegos/Foundry_daggerheart_git/Foundry-daggerheart/Portable-FoundryVTT-v13.348/App/resources/app/dist/database/backend/server-document.mjs:1:2782)","timestamp":"2026-03-09 14:04:56"}
{"level":"error","message":"An error occurred during the migration of Item record [Z4kAG5HHasClhjUC] of database \"daggerheart-advmanager.all-features\":\nError: Documents from a core version newer than the running version cannot be migrated\n    at Function._migrateRecord (file:///D:/Juegos/Foundry_daggerheart_git/Foundry-daggerheart/Portable-FoundryVTT-v13.348/App/resources/app/dist/database/backend/server-document.mjs:1:3713)\n    at Function._migrateDocuments (file:///D:/Juegos/Foundry_daggerheart_git/Foundry-daggerheart/Portable-FoundryVTT-v13.348/App/resources/app/dist/database/backend/server-document.mjs:1:2782)","timestamp":"2026-03-09 14:04:56"}
{"level":"error","message":"An error occurred during the migration of Item record [ZHDkYNAftc1hcCL4] of database \"daggerheart-advmanager.all-features\":\nError: Documents from a core version newer than the running version cannot be migrated\n    at Function._migrateRecord (file:///D:/Juegos/Foundry_daggerheart_git/Foundry-daggerheart/Portable-FoundryVTT-v13.348/App/resources/app/dist/database/backend/server-document.mjs:1:3713)\n    at Function._migrateDocuments (file:///D:/Juegos/Foundry_daggerheart_git/Foundry-daggerheart/Portable-FoundryVTT-v13.348/App/resources/app/dist/database/backend/server-document.mjs:1:2782)","timestamp":"2026-03-09 14:04:56"}
{"level":"error","message":"An error occurred during the migration of Item record [ZbmDs7F3WACFu2nw] of database \"daggerheart-advmanager.all-features\":\nError: Documents from a core version newer than the running version cannot be migrated\n    at Function._migrateRecord (file:///D:/Juegos/Foundry_daggerheart_git/Foundry-daggerheart/Portable-FoundryVTT-v13.348/App/resources/app/dist/database/backend/server-document.mjs:1:3713)\n    at Function._migrateDocuments (file:///D:/Juegos/Foundry_daggerheart_git/Foundry-daggerheart/Portable-FoundryVTT-v13.348/App/resources/app/dist/database/backend/server-document.mjs:1:2782)","timestamp":"2026-03-09 14:04:56"}
{"level":"error","message":"An error occurred during the migration of Item record [ZyaN32fFPiOj0xZo] of database \"daggerheart-advmanager.all-features\":\nError: Documents from a core version newer than the running version cannot be migrated\n    at Function._migrateRecord (file:///D:/Juegos/Foundry_daggerheart_git/Foundry-daggerheart/Portable-FoundryVTT-v13.348/App/resources/app/dist/database/backend/server-document.mjs:1:3713)\n    at Function._migrateDocuments (file:///D:/Juegos/Foundry_daggerheart_git/Foundry-daggerheart/Portable-FoundryVTT-v13.348/App/resources/app/dist/database/backend/server-document.mjs:1:2782)","timestamp":"2026-03-09 14:04:56"}
{"level":"error","message":"An error occurred during the migration of Item record [a02Tqh9X23jGYRol] of database \"daggerheart-advmanager.all-features\":\nError: Documents from a core version newer than the running version cannot be migrated\n    at Function._migrateRecord (file:///D:/Juegos/Foundry_daggerheart_git/Foundry-daggerheart/Portable-FoundryVTT-v13.348/App/resources/app/dist/database/backend/server-document.mjs:1:3713)\n    at Function._migrateDocuments (file:///D:/Juegos/Foundry_daggerheart_git/Foundry-daggerheart/Portable-FoundryVTT-v13.348/App/resources/app/dist/database/backend/server-document.mjs:1:2782)","timestamp":"2026-03-09 14:04:56"}
{"level":"error","message":"An error occurred during the migration of Item record [a5HTZx4usdLknyBY] of database \"daggerheart-advmanager.all-features\":\nError: Documents from a core version newer than the running version cannot be migrated\n    at Function._migrateRecord (file:///D:/Juegos/Foundry_daggerheart_git/Foundry-daggerheart/Portable-FoundryVTT-v13.348/App/resources/app/dist/database/backend/server-document.mjs:1:3713)\n    at Function._migrateDocuments (file:///D:/Juegos/Foundry_daggerheart_git/Foundry-daggerheart/Portable-FoundryVTT-v13.348/App/resources/app/dist/database/backend/server-document.mjs:1:2782)","timestamp":"2026-03-09 14:04:56"}
{"level":"error","message":"An error occurred during the migration of Item record [aDAqDRIrnQnPj4AM] of database \"daggerheart-advmanager.all-features\":\nError: Documents from a core version newer than the running version cannot be migrated\n    at Function._migrateRecord (file:///D:/Juegos/Foundry_daggerheart_git/Foundry-daggerheart/Portable-FoundryVTT-v13.348/App/resources/app/dist/database/backend/server-document.mjs:1:3713)\n    at Function._migrateDocuments (file:///D:/Juegos/Foundry_daggerheart_git/Foundry-daggerheart/Portable-FoundryVTT-v13.348/App/resources/app/dist/database/backend/server-document.mjs:1:2782)","timestamp":"2026-03-09 14:04:56"}
{"level":"error","message":"An error occurred during the migration of Item record [aL7rfL8jo3F92C9A] of database \"daggerheart-advmanager.all-features\":\nError: Documents from a core version newer than the running version cannot be migrated\n    at Function._migrateRecord (file:///D:/Juegos/Foundry_daggerheart_git/Foundry-daggerheart/Portable-FoundryVTT-v13.348/App/resources/app/dist/database/backend/server-document.mjs:1:3713)\n    at Function._migrateDocuments (file:///D:/Juegos/Foundry_daggerheart_git/Foundry-daggerheart/Portable-FoundryVTT-v13.348/App/resources/app/dist/database/backend/server-document.mjs:1:2782)","timestamp":"2026-03-09 14:04:56"}
{"level":"error","message":"An error occurred during the migration of Item record [aQQK937dKkHdq2GG] of database \"daggerheart-advmanager.all-features\":\nError: Documents from a core version newer than the running version cannot be migrated\n    at Function._migrateRecord (file:///D:/Juegos/Foundry_daggerheart_git/Foundry-daggerheart/Portable-FoundryVTT-v13.348/App/resources/app/dist/database/backend/server-document.mjs:1:3713)\n    at Function._migrateDocuments (file:///D:/Juegos/Foundry_daggerheart_git/Foundry-daggerheart/Portable-FoundryVTT-v13.348/App/resources/app/dist/database/backend/server-document.mjs:1:2782)","timestamp":"2026-03-09 14:04:56"}
{"level":"error","message":"An error occurred during the migration of Item record [aZ8XRmXrxP9y4GCd] of database \"daggerheart-advmanager.all-features\":\nError: Documents from a core version newer than the running version cannot be migrated\n    at Function._migrateRecord (file:///D:/Juegos/Foundry_daggerheart_git/Foundry-daggerheart/Portable-FoundryVTT-v13.348/App/resources/app/dist/database/backend/server-document.mjs:1:3713)\n    at Function._migrateDocuments (file:///D:/Juegos/Foundry_daggerheart_git/Foundry-daggerheart/Portable-FoundryVTT-v13.348/App/resources/app/dist/database/backend/server-document.mjs:1:2782)","timestamp":"2026-03-09 14:04:56"}
{"level":"error","message":"An error occurred during the migration of Item record [abTomCXG9fInS3P4] of database \"daggerheart-advmanager.all-features\":\nError: Documents from a core version newer than the running version cannot be migrated\n    at Function._migrateRecord (file:///D:/Juegos/Foundry_daggerheart_git/Foundry-daggerheart/Portable-FoundryVTT-v13.348/App/resources/app/dist/database/backend/server-document.mjs:1:3713)\n    at Function._migrateDocuments (file:///D:/Juegos/Foundry_daggerheart_git/Foundry-daggerheart/Portable-FoundryVTT-v13.348/App/resources/app/dist/database/backend/server-document.mjs:1:2782)","timestamp":"2026-03-09 14:04:56"}
{"level":"error","message":"An error occurred during the migration of Item record [akojrQERL1jY8zMI] of database \"daggerheart-advmanager.all-features\":\nError: Documents from a core version newer than the running version cannot be migrated\n    at Function._migrateRecord (file:///D:/Juegos/Foundry_daggerheart_git/Foundry-daggerheart/Portable-FoundryVTT-v13.348/App/resources/app/dist/database/backend/server-document.mjs:1:3713)\n    at Function._migrateDocuments (file:///D:/Juegos/Foundry_daggerheart_git/Foundry-daggerheart/Portable-FoundryVTT-v13.348/App/resources/app/dist/database/backend/server-document.mjs:1:2782)","timestamp":"2026-03-09 14:04:56"}
{"level":"error","message":"An error occurred during the migration of Item record [arIDdrChB89kdGwI] of database \"daggerheart-advmanager.all-features\":\nError: Documents from a core version newer than the running version cannot be migrated\n    at Function._migrateRecord (file:///D:/Juegos/Foundry_daggerheart_git/Foundry-daggerheart/Portable-FoundryVTT-v13.348/App/resources/app/dist/database/backend/server-document.mjs:1:3713)\n    at Function._migrateDocuments (file:///D:/Juegos/Foundry_daggerheart_git/Foundry-daggerheart/Portable-FoundryVTT-v13.348/App/resources/app/dist/database/backend/server-document.mjs:1:2782)","timestamp":"2026-03-09 14:04:56"}
{"level":"error","message":"An error occurred during the migration of Item record [bACRFnDpqdkyitpu] of database \"daggerheart-advmanager.all-features\":\nError: Documents from a core version newer than the running version cannot be migrated\n    at Function._migrateRecord (file:///D:/Juegos/Foundry_daggerheart_git/Foundry-daggerheart/Portable-FoundryVTT-v13.348/App/resources/app/dist/database/backend/server-document.mjs:1:3713)\n    at Function._migrateDocuments (file:///D:/Juegos/Foundry_daggerheart_git/Foundry-daggerheart/Portable-FoundryVTT-v13.348/App/resources/app/dist/database/backend/server-document.mjs:1:2782)","timestamp":"2026-03-09 14:04:56"}
{"level":"error","message":"An error occurred during the migration of Item record [bE6lz2727B8Op2yj] of database \"daggerheart-advmanager.all-features\":\nError: Documents from a core version newer than the running version cannot be migrated\n    at Function._migrateRecord (file:///D:/Juegos/Foundry_daggerheart_git/Foundry-daggerheart/Portable-FoundryVTT-v13.348/App/resources/app/dist/database/backend/server-document.mjs:1:3713)\n    at Function._migrateDocuments (file:///D:/Juegos/Foundry_daggerheart_git/Foundry-daggerheart/Portable-FoundryVTT-v13.348/App/resources/app/dist/database/backend/server-document.mjs:1:2782)","timestamp":"2026-03-09 14:04:56"}
{"level":"error","message":"An error occurred during the migration of Item record [bgrewYD4c2ZCDYf3] of database \"daggerheart-advmanager.all-features\":\nError: Documents from a core version newer than the running version cannot be migrated\n    at Function._migrateRecord (file:///D:/Juegos/Foundry_daggerheart_git/Foundry-daggerheart/Portable-FoundryVTT-v13.348/App/resources/app/dist/database/backend/server-document.mjs:1:3713)\n    at Function._migrateDocuments (file:///D:/Juegos/Foundry_daggerheart_git/Foundry-daggerheart/Portable-FoundryVTT-v13.348/App/resources/app/dist/database/backend/server-document.mjs:1:2782)","timestamp":"2026-03-09 14:04:56"}
{"level":"error","message":"An error occurred during the migration of Item record [brrkYIhJgP551Tfx] of database \"daggerheart-advmanager.all-features\":\nError: Documents from a core version newer than the running version cannot be migrated\n    at Function._migrateRecord (file:///D:/Juegos/Foundry_daggerheart_git/Foundry-daggerheart/Portable-FoundryVTT-v13.348/App/resources/app/dist/database/backend/server-document.mjs:1:3713)\n    at Function._migrateDocuments (file:///D:/Juegos/Foundry_daggerheart_git/Foundry-daggerheart/Portable-FoundryVTT-v13.348/App/resources/app/dist/database/backend/server-document.mjs:1:2782)","timestamp":"2026-03-09 14:04:56"}
{"level":"error","message":"An error occurred during the migration of Item record [bs2D7tD0ZwvB8K9q] of database \"daggerheart-advmanager.all-features\":\nError: Documents from a core version newer than the running version cannot be migrated\n    at Function._migrateRecord (file:///D:/Juegos/Foundry_daggerheart_git/Foundry-daggerheart/Portable-FoundryVTT-v13.348/App/resources/app/dist/database/backend/server-document.mjs:1:3713)\n    at Function._migrateDocuments (file:///D:/Juegos/Foundry_daggerheart_git/Foundry-daggerheart/Portable-FoundryVTT-v13.348/App/resources/app/dist/database/backend/server-document.mjs:1:2782)","timestamp":"2026-03-09 14:04:56"}
{"level":"error","message":"An error occurred during the migration of Item record [cAcUflsHKS2OKaUU] of database \"daggerheart-advmanager.all-features\":\nError: Documents from a core version newer than the running version cannot be migrated\n    at Function._migrateRecord (file:///D:/Juegos/Foundry_daggerheart_git/Foundry-daggerheart/Portable-FoundryVTT-v13.348/App/resources/app/dist/database/backend/server-document.mjs:1:3713)\n    at Function._migrateDocuments (file:///D:/Juegos/Foundry_daggerheart_git/Foundry-daggerheart/Portable-FoundryVTT-v13.348/App/resources/app/dist/database/backend/server-document.mjs:1:2782)","timestamp":"2026-03-09 14:04:56"}
{"level":"error","message":"An error occurred during the migration of Item record [cP5zM3MPwSgkQPjA] of database \"daggerheart-advmanager.all-features\":\nError: Documents from a core version newer than the running version cannot be migrated\n    at Function._migrateRecord (file:///D:/Juegos/Foundry_daggerheart_git/Foundry-daggerheart/Portable-FoundryVTT-v13.348/App/resources/app/dist/database/backend/server-document.mjs:1:3713)\n    at Function._migrateDocuments (file:///D:/Juegos/Foundry_daggerheart_git/Foundry-daggerheart/Portable-FoundryVTT-v13.348/App/resources/app/dist/database/backend/server-document.mjs:1:2782)","timestamp":"2026-03-09 14:04:56"}
{"level":"error","message":"An error occurred during the migration of Item record [ccl119Jq61irqmIF] of database \"daggerheart-advmanager.all-features\":\nError: Documents from a core version newer than the running version cannot be migrated\n    at Function._migrateRecord (file:///D:/Juegos/Foundry_daggerheart_git/Foundry-daggerheart/Portable-FoundryVTT-v13.348/App/resources/app/dist/database/backend/server-document.mjs:1:3713)\n    at Function._migrateDocuments (file:///D:/Juegos/Foundry_daggerheart_git/Foundry-daggerheart/Portable-FoundryVTT-v13.348/App/resources/app/dist/database/backend/server-document.mjs:1:2782)","timestamp":"2026-03-09 14:04:56"}
{"level":"error","message":"An error occurred during the migration of Item record [clYMvzlwcLRbUxl4] of database \"daggerheart-advmanager.all-features\":\nError: Documents from a core version newer than the running version cannot be migrated\n    at Function._migrateRecord (file:///D:/Juegos/Foundry_daggerheart_git/Foundry-daggerheart/Portable-FoundryVTT-v13.348/App/resources/app/dist/database/backend/server-document.mjs:1:3713)\n    at Function._migrateDocuments (file:///D:/Juegos/Foundry_daggerheart_git/Foundry-daggerheart/Portable-FoundryVTT-v13.348/App/resources/app/dist/database/backend/server-document.mjs:1:2782)","timestamp":"2026-03-09 14:04:56"}
{"level":"error","message":"An error occurred during the migration of Item record [cnQ3VhITJ7LijijV] of database \"daggerheart-advmanager.all-features\":\nError: Documents from a core version newer than the running version cannot be migrated\n    at Function._migrateRecord (file:///D:/Juegos/Foundry_daggerheart_git/Foundry-daggerheart/Portable-FoundryVTT-v13.348/App/resources/app/dist/database/backend/server-document.mjs:1:3713)\n    at Function._migrateDocuments (file:///D:/Juegos/Foundry_daggerheart_git/Foundry-daggerheart/Portable-FoundryVTT-v13.348/App/resources/app/dist/database/backend/server-document.mjs:1:2782)","timestamp":"2026-03-09 14:04:56"}
{"level":"error","message":"An error occurred during the migration of Item record [d4HRThkuYCpwEE7g] of database \"daggerheart-advmanager.all-features\":\nError: Documents from a core version newer than the running version cannot be migrated\n    at Function._migrateRecord (file:///D:/Juegos/Foundry_daggerheart_git/Foundry-daggerheart/Portable-FoundryVTT-v13.348/App/resources/app/dist/database/backend/server-document.mjs:1:3713)\n    at Function._migrateDocuments (file:///D:/Juegos/Foundry_daggerheart_git/Foundry-daggerheart/Portable-FoundryVTT-v13.348/App/resources/app/dist/database/backend/server-document.mjs:1:2782)","timestamp":"2026-03-09 14:04:56"}
{"level":"error","message":"An error occurred during the migration of Item record [d9Zvym6AojnwTCcf] of database \"daggerheart-advmanager.all-features\":\nError: Documents from a core version newer than the running version cannot be migrated\n    at Function._migrateRecord (file:///D:/Juegos/Foundry_daggerheart_git/Foundry-daggerheart/Portable-FoundryVTT-v13.348/App/resources/app/dist/database/backend/server-document.mjs:1:3713)\n    at Function._migrateDocuments (file:///D:/Juegos/Foundry_daggerheart_git/Foundry-daggerheart/Portable-FoundryVTT-v13.348/App/resources/app/dist/database/backend/server-document.mjs:1:2782)","timestamp":"2026-03-09 14:04:56"}
{"level":"error","message":"An error occurred during the migration of Item record [dDPvjKEZcjhzMiac] of database \"daggerheart-advmanager.all-features\":\nError: Documents from a core version newer than the running version cannot be migrated\n    at Function._migrateRecord (file:///D:/Juegos/Foundry_daggerheart_git/Foundry-daggerheart/Portable-FoundryVTT-v13.348/App/resources/app/dist/database/backend/server-document.mjs:1:3713)\n    at Function._migrateDocuments (file:///D:/Juegos/Foundry_daggerheart_git/Foundry-daggerheart/Portable-FoundryVTT-v13.348/App/resources/app/dist/database/backend/server-document.mjs:1:2782)","timestamp":"2026-03-09 14:04:56"}
{"level":"error","message":"An error occurred during the migration of Item record [dVvW0vD86NIOmGAc] of database \"daggerheart-advmanager.all-features\":\nError: Documents from a core version newer than the running version cannot be migrated\n    at Function._migrateRecord (file:///D:/Juegos/Foundry_daggerheart_git/Foundry-daggerheart/Portable-FoundryVTT-v13.348/App/resources/app/dist/database/backend/server-document.mjs:1:3713)\n    at Function._migrateDocuments (file:///D:/Juegos/Foundry_daggerheart_git/Foundry-daggerheart/Portable-FoundryVTT-v13.348/App/resources/app/dist/database/backend/server-document.mjs:1:2782)","timestamp":"2026-03-09 14:04:56"}
{"level":"error","message":"An error occurred during the migration of Item record [dcUmPpUQi4XR48PT] of database \"daggerheart-advmanager.all-features\":\nError: Documents from a core version newer than the running version cannot be migrated\n    at Function._migrateRecord (file:///D:/Juegos/Foundry_daggerheart_git/Foundry-daggerheart/Portable-FoundryVTT-v13.348/App/resources/app/dist/database/backend/server-document.mjs:1:3713)\n    at Function._migrateDocuments (file:///D:/Juegos/Foundry_daggerheart_git/Foundry-daggerheart/Portable-FoundryVTT-v13.348/App/resources/app/dist/database/backend/server-document.mjs:1:2782)","timestamp":"2026-03-09 14:04:56"}
{"level":"error","message":"An error occurred during the migration of Item record [ddHQUXB51rFbu2vF] of database \"daggerheart-advmanager.all-features\":\nError: Documents from a core version newer than the running version cannot be migrated\n    at Function._migrateRecord (file:///D:/Juegos/Foundry_daggerheart_git/Foundry-daggerheart/Portable-FoundryVTT-v13.348/App/resources/app/dist/database/backend/server-document.mjs:1:3713)\n    at Function._migrateDocuments (file:///D:/Juegos/Foundry_daggerheart_git/Foundry-daggerheart/Portable-FoundryVTT-v13.348/App/resources/app/dist/database/backend/server-document.mjs:1:2782)","timestamp":"2026-03-09 14:04:56"}
{"level":"error","message":"An error occurred during the migration of Item record [dhtdnXcW4Ph23XDm] of database \"daggerheart-advmanager.all-features\":\nError: Documents from a core version newer than the running version cannot be migrated\n    at Function._migrateRecord (file:///D:/Juegos/Foundry_daggerheart_git/Foundry-daggerheart/Portable-FoundryVTT-v13.348/App/resources/app/dist/database/backend/server-document.mjs:1:3713)\n    at Function._migrateDocuments (file:///D:/Juegos/Foundry_daggerheart_git/Foundry-daggerheart/Portable-FoundryVTT-v13.348/App/resources/app/dist/database/backend/server-document.mjs:1:2782)","timestamp":"2026-03-09 14:04:56"}
{"level":"error","message":"An error occurred during the migration of Item record [doUVWLLoCZ6VZd5V] of database \"daggerheart-advmanager.all-features\":\nError: Documents from a core version newer than the running version cannot be migrated\n    at Function._migrateRecord (file:///D:/Juegos/Foundry_daggerheart_git/Foundry-daggerheart/Portable-FoundryVTT-v13.348/App/resources/app/dist/database/backend/server-document.mjs:1:3713)\n    at Function._migrateDocuments (file:///D:/Juegos/Foundry_daggerheart_git/Foundry-daggerheart/Portable-FoundryVTT-v13.348/App/resources/app/dist/database/backend/server-document.mjs:1:2782)","timestamp":"2026-03-09 14:04:56"}
{"level":"error","message":"An error occurred during the migration of Item record [e6iLnjUsuhFmZRSz] of database \"daggerheart-advmanager.all-features\":\nError: Documents from a core version newer than the running version cannot be migrated\n    at Function._migrateRecord (file:///D:/Juegos/Foundry_daggerheart_git/Foundry-daggerheart/Portable-FoundryVTT-v13.348/App/resources/app/dist/database/backend/server-document.mjs:1:3713)\n    at Function._migrateDocuments (file:///D:/Juegos/Foundry_daggerheart_git/Foundry-daggerheart/Portable-FoundryVTT-v13.348/App/resources/app/dist/database/backend/server-document.mjs:1:2782)","timestamp":"2026-03-09 14:04:56"}
{"level":"error","message":"An error occurred during the migration of Item record [e7iDOHwseCokb48I] of database \"daggerheart-advmanager.all-features\":\nError: Documents from a core version newer than the running version cannot be migrated\n    at Function._migrateRecord (file:///D:/Juegos/Foundry_daggerheart_git/Foundry-daggerheart/Portable-FoundryVTT-v13.348/App/resources/app/dist/database/backend/server-document.mjs:1:3713)\n    at Function._migrateDocuments (file:///D:/Juegos/Foundry_daggerheart_git/Foundry-daggerheart/Portable-FoundryVTT-v13.348/App/resources/app/dist/database/backend/server-document.mjs:1:2782)","timestamp":"2026-03-09 14:04:56"}
{"level":"error","message":"An error occurred during the migration of Item record [eBDqph4kRlLOmpy1] of database \"daggerheart-advmanager.all-features\":\nError: Documents from a core version newer than the running version cannot be migrated\n    at Function._migrateRecord (file:///D:/Juegos/Foundry_daggerheart_git/Foundry-daggerheart/Portable-FoundryVTT-v13.348/App/resources/app/dist/database/backend/server-document.mjs:1:3713)\n    at Function._migrateDocuments (file:///D:/Juegos/Foundry_daggerheart_git/Foundry-daggerheart/Portable-FoundryVTT-v13.348/App/resources/app/dist/database/backend/server-document.mjs:1:2782)","timestamp":"2026-03-09 14:04:56"}
{"level":"error","message":"An error occurred during the migration of Item record [eGhCJFxVySS8R9RZ] of database \"daggerheart-advmanager.all-features\":\nError: Documents from a core version newer than the running version cannot be migrated\n    at Function._migrateRecord (file:///D:/Juegos/Foundry_daggerheart_git/Foundry-daggerheart/Portable-FoundryVTT-v13.348/App/resources/app/dist/database/backend/server-document.mjs:1:3713)\n    at Function._migrateDocuments (file:///D:/Juegos/Foundry_daggerheart_git/Foundry-daggerheart/Portable-FoundryVTT-v13.348/App/resources/app/dist/database/backend/server-document.mjs:1:2782)","timestamp":"2026-03-09 14:04:56"}
{"level":"error","message":"An error occurred during the migration of Item record [eclelg67Y3ulikIu] of database \"daggerheart-advmanager.all-features\":\nError: Documents from a core version newer than the running version cannot be migrated\n    at Function._migrateRecord (file:///D:/Juegos/Foundry_daggerheart_git/Foundry-daggerheart/Portable-FoundryVTT-v13.348/App/resources/app/dist/database/backend/server-document.mjs:1:3713)\n    at Function._migrateDocuments (file:///D:/Juegos/Foundry_daggerheart_git/Foundry-daggerheart/Portable-FoundryVTT-v13.348/App/resources/app/dist/database/backend/server-document.mjs:1:2782)","timestamp":"2026-03-09 14:04:56"}
{"level":"error","message":"An error occurred during the migration of Item record [eg8ujOkCWWQbu6of] of database \"daggerheart-advmanager.all-features\":\nError: Documents from a core version newer than the running version cannot be migrated\n    at Function._migrateRecord (file:///D:/Juegos/Foundry_daggerheart_git/Foundry-daggerheart/Portable-FoundryVTT-v13.348/App/resources/app/dist/database/backend/server-document.mjs:1:3713)\n    at Function._migrateDocuments (file:///D:/Juegos/Foundry_daggerheart_git/Foundry-daggerheart/Portable-FoundryVTT-v13.348/App/resources/app/dist/database/backend/server-document.mjs:1:2782)","timestamp":"2026-03-09 14:04:56"}
{"level":"error","message":"An error occurred during the migration of Item record [fBDmgAc3Qv6flld9] of database \"daggerheart-advmanager.all-features\":\nError: Documents from a core version newer than the running version cannot be migrated\n    at Function._migrateRecord (file:///D:/Juegos/Foundry_daggerheart_git/Foundry-daggerheart/Portable-FoundryVTT-v13.348/App/resources/app/dist/database/backend/server-document.mjs:1:3713)\n    at Function._migrateDocuments (file:///D:/Juegos/Foundry_daggerheart_git/Foundry-daggerheart/Portable-FoundryVTT-v13.348/App/resources/app/dist/database/backend/server-document.mjs:1:2782)","timestamp":"2026-03-09 14:04:56"}
{"level":"error","message":"An error occurred during the migration of Item record [fNGc73cwA7O5W7oZ] of database \"daggerheart-advmanager.all-features\":\nError: Documents from a core version newer than the running version cannot be migrated\n    at Function._migrateRecord (file:///D:/Juegos/Foundry_daggerheart_git/Foundry-daggerheart/Portable-FoundryVTT-v13.348/App/resources/app/dist/database/backend/server-document.mjs:1:3713)\n    at Function._migrateDocuments (file:///D:/Juegos/Foundry_daggerheart_git/Foundry-daggerheart/Portable-FoundryVTT-v13.348/App/resources/app/dist/database/backend/server-document.mjs:1:2782)","timestamp":"2026-03-09 14:04:56"}
{"level":"error","message":"An error occurred during the migration of Item record [fNnjAGqz2phMzKLR] of database \"daggerheart-advmanager.all-features\":\nError: Documents from a core version newer than the running version cannot be migrated\n    at Function._migrateRecord (file:///D:/Juegos/Foundry_daggerheart_git/Foundry-daggerheart/Portable-FoundryVTT-v13.348/App/resources/app/dist/database/backend/server-document.mjs:1:3713)\n    at Function._migrateDocuments (file:///D:/Juegos/Foundry_daggerheart_git/Foundry-daggerheart/Portable-FoundryVTT-v13.348/App/resources/app/dist/database/backend/server-document.mjs:1:2782)","timestamp":"2026-03-09 14:04:56"}
{"level":"error","message":"An error occurred during the migration of Item record [fWxVsQymqfydDa57] of database \"daggerheart-advmanager.all-features\":\nError: Documents from a core version newer than the running version cannot be migrated\n    at Function._migrateRecord (file:///D:/Juegos/Foundry_daggerheart_git/Foundry-daggerheart/Portable-FoundryVTT-v13.348/App/resources/app/dist/database/backend/server-document.mjs:1:3713)\n    at Function._migrateDocuments (file:///D:/Juegos/Foundry_daggerheart_git/Foundry-daggerheart/Portable-FoundryVTT-v13.348/App/resources/app/dist/database/backend/server-document.mjs:1:2782)","timestamp":"2026-03-09 14:04:56"}
{"level":"error","message":"An error occurred during the migration of Item record [fXsIsoXM0ih1zTa0] of database \"daggerheart-advmanager.all-features\":\nError: Documents from a core version newer than the running version cannot be migrated\n    at Function._migrateRecord (file:///D:/Juegos/Foundry_daggerheart_git/Foundry-daggerheart/Portable-FoundryVTT-v13.348/App/resources/app/dist/database/backend/server-document.mjs:1:3713)\n    at Function._migrateDocuments (file:///D:/Juegos/Foundry_daggerheart_git/Foundry-daggerheart/Portable-FoundryVTT-v13.348/App/resources/app/dist/database/backend/server-document.mjs:1:2782)","timestamp":"2026-03-09 14:04:56"}
{"level":"error","message":"An error occurred during the migration of Item record [fZF7mS1mfQhEQVHv] of database \"daggerheart-advmanager.all-features\":\nError: Documents from a core version newer than the running version cannot be migrated\n    at Function._migrateRecord (file:///D:/Juegos/Foundry_daggerheart_git/Foundry-daggerheart/Portable-FoundryVTT-v13.348/App/resources/app/dist/database/backend/server-document.mjs:1:3713)\n    at Function._migrateDocuments (file:///D:/Juegos/Foundry_daggerheart_git/Foundry-daggerheart/Portable-FoundryVTT-v13.348/App/resources/app/dist/database/backend/server-document.mjs:1:2782)","timestamp":"2026-03-09 14:04:56"}
{"level":"error","message":"An error occurred during the migration of Item record [fZxegsH4PwWFAMmk] of database \"daggerheart-advmanager.all-features\":\nError: Documents from a core version newer than the running version cannot be migrated\n    at Function._migrateRecord (file:///D:/Juegos/Foundry_daggerheart_git/Foundry-daggerheart/Portable-FoundryVTT-v13.348/App/resources/app/dist/database/backend/server-document.mjs:1:3713)\n    at Function._migrateDocuments (file:///D:/Juegos/Foundry_daggerheart_git/Foundry-daggerheart/Portable-FoundryVTT-v13.348/App/resources/app/dist/database/backend/server-document.mjs:1:2782)","timestamp":"2026-03-09 14:04:56"}
{"level":"error","message":"An error occurred during the migration of Item record [fl0B6qAv5sAuORVQ] of database \"daggerheart-advmanager.all-features\":\nError: Documents from a core version newer than the running version cannot be migrated\n    at Function._migrateRecord (file:///D:/Juegos/Foundry_daggerheart_git/Foundry-daggerheart/Portable-FoundryVTT-v13.348/App/resources/app/dist/database/backend/server-document.mjs:1:3713)\n    at Function._migrateDocuments (file:///D:/Juegos/Foundry_daggerheart_git/Foundry-daggerheart/Portable-FoundryVTT-v13.348/App/resources/app/dist/database/backend/server-document.mjs:1:2782)","timestamp":"2026-03-09 14:04:56"}
{"level":"error","message":"An error occurred during the migration of Item record [fntbFsINvUTL98qU] of database \"daggerheart-advmanager.all-features\":\nError: Documents from a core version newer than the running version cannot be migrated\n    at Function._migrateRecord (file:///D:/Juegos/Foundry_daggerheart_git/Foundry-daggerheart/Portable-FoundryVTT-v13.348/App/resources/app/dist/database/backend/server-document.mjs:1:3713)\n    at Function._migrateDocuments (file:///D:/Juegos/Foundry_daggerheart_git/Foundry-daggerheart/Portable-FoundryVTT-v13.348/App/resources/app/dist/database/backend/server-document.mjs:1:2782)","timestamp":"2026-03-09 14:04:56"}
{"level":"error","message":"An error occurred during the migration of Item record [g0W4rI9DNzoqfvSM] of database \"daggerheart-advmanager.all-features\":\nError: Documents from a core version newer than the running version cannot be migrated\n    at Function._migrateRecord (file:///D:/Juegos/Foundry_daggerheart_git/Foundry-daggerheart/Portable-FoundryVTT-v13.348/App/resources/app/dist/database/backend/server-document.mjs:1:3713)\n    at Function._migrateDocuments (file:///D:/Juegos/Foundry_daggerheart_git/Foundry-daggerheart/Portable-FoundryVTT-v13.348/App/resources/app/dist/database/backend/server-document.mjs:1:2782)","timestamp":"2026-03-09 14:04:56"}
{"level":"error","message":"An error occurred during the migration of Item record [gCeuvYGq0jmpBLhU] of database \"daggerheart-advmanager.all-features\":\nError: Documents from a core version newer than the running version cannot be migrated\n    at Function._migrateRecord (file:///D:/Juegos/Foundry_daggerheart_git/Foundry-daggerheart/Portable-FoundryVTT-v13.348/App/resources/app/dist/database/backend/server-document.mjs:1:3713)\n    at Function._migrateDocuments (file:///D:/Juegos/Foundry_daggerheart_git/Foundry-daggerheart/Portable-FoundryVTT-v13.348/App/resources/app/dist/database/backend/server-document.mjs:1:2782)","timestamp":"2026-03-09 14:04:56"}
{"level":"error","message":"An error occurred during the migration of Item record [gFqn3jVlpgyRkiYv] of database \"daggerheart-advmanager.all-features\":\nError: Documents from a core version newer than the running version cannot be migrated\n    at Function._migrateRecord (file:///D:/Juegos/Foundry_daggerheart_git/Foundry-daggerheart/Portable-FoundryVTT-v13.348/App/resources/app/dist/database/backend/server-document.mjs:1:3713)\n    at Function._migrateDocuments (file:///D:/Juegos/Foundry_daggerheart_git/Foundry-daggerheart/Portable-FoundryVTT-v13.348/App/resources/app/dist/database/backend/server-document.mjs:1:2782)","timestamp":"2026-03-09 14:04:56"}
{"level":"error","message":"An error occurred during the migration of Item record [gLXM5C7pRfiTpIfx] of database \"daggerheart-advmanager.all-features\":\nError: Documents from a core version newer than the running version cannot be migrated\n    at Function._migrateRecord (file:///D:/Juegos/Foundry_daggerheart_git/Foundry-daggerheart/Portable-FoundryVTT-v13.348/App/resources/app/dist/database/backend/server-document.mjs:1:3713)\n    at Function._migrateDocuments (file:///D:/Juegos/Foundry_daggerheart_git/Foundry-daggerheart/Portable-FoundryVTT-v13.348/App/resources/app/dist/database/backend/server-document.mjs:1:2782)","timestamp":"2026-03-09 14:04:56"}
{"level":"error","message":"An error occurred during the migration of Item record [gPihWhVbh9JDaY0m] of database \"daggerheart-advmanager.all-features\":\nError: Documents from a core version newer than the running version cannot be migrated\n    at Function._migrateRecord (file:///D:/Juegos/Foundry_daggerheart_git/Foundry-daggerheart/Portable-FoundryVTT-v13.348/App/resources/app/dist/database/backend/server-document.mjs:1:3713)\n    at Function._migrateDocuments (file:///D:/Juegos/Foundry_daggerheart_git/Foundry-daggerheart/Portable-FoundryVTT-v13.348/App/resources/app/dist/database/backend/server-document.mjs:1:2782)","timestamp":"2026-03-09 14:04:56"}
{"level":"error","message":"An error occurred during the migration of Item record [gR3ZpP8Iub0gLSLg] of database \"daggerheart-advmanager.all-features\":\nError: Documents from a core version newer than the running version cannot be migrated\n    at Function._migrateRecord (file:///D:/Juegos/Foundry_daggerheart_git/Foundry-daggerheart/Portable-FoundryVTT-v13.348/App/resources/app/dist/database/backend/server-document.mjs:1:3713)\n    at Function._migrateDocuments (file:///D:/Juegos/Foundry_daggerheart_git/Foundry-daggerheart/Portable-FoundryVTT-v13.348/App/resources/app/dist/database/backend/server-document.mjs:1:2782)","timestamp":"2026-03-09 14:04:56"}
{"level":"error","message":"An error occurred during the migration of Item record [gf64Psrl9cS179RK] of database \"daggerheart-advmanager.all-features\":\nError: Documents from a core version newer than the running version cannot be migrated\n    at Function._migrateRecord (file:///D:/Juegos/Foundry_daggerheart_git/Foundry-daggerheart/Portable-FoundryVTT-v13.348/App/resources/app/dist/database/backend/server-document.mjs:1:3713)\n    at Function._migrateDocuments (file:///D:/Juegos/Foundry_daggerheart_git/Foundry-daggerheart/Portable-FoundryVTT-v13.348/App/resources/app/dist/database/backend/server-document.mjs:1:2782)","timestamp":"2026-03-09 14:04:56"}
{"level":"error","message":"An error occurred during the migration of Item record [gh0aJzFel78iNbfE] of database \"daggerheart-advmanager.all-features\":\nError: Documents from a core version newer than the running version cannot be migrated\n    at Function._migrateRecord (file:///D:/Juegos/Foundry_daggerheart_git/Foundry-daggerheart/Portable-FoundryVTT-v13.348/App/resources/app/dist/database/backend/server-document.mjs:1:3713)\n    at Function._migrateDocuments (file:///D:/Juegos/Foundry_daggerheart_git/Foundry-daggerheart/Portable-FoundryVTT-v13.348/App/resources/app/dist/database/backend/server-document.mjs:1:2782)","timestamp":"2026-03-09 14:04:56"}
{"level":"error","message":"An error occurred during the migration of Item record [gusaTpDO9pShSJwz] of database \"daggerheart-advmanager.all-features\":\nError: Documents from a core version newer than the running version cannot be migrated\n    at Function._migrateRecord (file:///D:/Juegos/Foundry_daggerheart_git/Foundry-daggerheart/Portable-FoundryVTT-v13.348/App/resources/app/dist/database/backend/server-document.mjs:1:3713)\n    at Function._migrateDocuments (file:///D:/Juegos/Foundry_daggerheart_git/Foundry-daggerheart/Portable-FoundryVTT-v13.348/App/resources/app/dist/database/backend/server-document.mjs:1:2782)","timestamp":"2026-03-09 14:04:56"}
{"level":"error","message":"An error occurred during the migration of Item record [hKG2QYlmJDFZa69z] of database \"daggerheart-advmanager.all-features\":\nError: Documents from a core version newer than the running version cannot be migrated\n    at Function._migrateRecord (file:///D:/Juegos/Foundry_daggerheart_git/Foundry-daggerheart/Portable-FoundryVTT-v13.348/App/resources/app/dist/database/backend/server-document.mjs:1:3713)\n    at Function._migrateDocuments (file:///D:/Juegos/Foundry_daggerheart_git/Foundry-daggerheart/Portable-FoundryVTT-v13.348/App/resources/app/dist/database/backend/server-document.mjs:1:2782)","timestamp":"2026-03-09 14:04:56"}
{"level":"error","message":"An error occurred during the migration of Item record [hM1MOrmmTrKfhK7l] of database \"daggerheart-advmanager.all-features\":\nError: Documents from a core version newer than the running version cannot be migrated\n    at Function._migrateRecord (file:///D:/Juegos/Foundry_daggerheart_git/Foundry-daggerheart/Portable-FoundryVTT-v13.348/App/resources/app/dist/database/backend/server-document.mjs:1:3713)\n    at Function._migrateDocuments (file:///D:/Juegos/Foundry_daggerheart_git/Foundry-daggerheart/Portable-FoundryVTT-v13.348/App/resources/app/dist/database/backend/server-document.mjs:1:2782)","timestamp":"2026-03-09 14:04:56"}
{"level":"error","message":"An error occurred during the migration of Item record [hMpkz28I0HPhcHUU] of database \"daggerheart-advmanager.all-features\":\nError: Documents from a core version newer than the running version cannot be migrated\n    at Function._migrateRecord (file:///D:/Juegos/Foundry_daggerheart_git/Foundry-daggerheart/Portable-FoundryVTT-v13.348/App/resources/app/dist/database/backend/server-document.mjs:1:3713)\n    at Function._migrateDocuments (file:///D:/Juegos/Foundry_daggerheart_git/Foundry-daggerheart/Portable-FoundryVTT-v13.348/App/resources/app/dist/database/backend/server-document.mjs:1:2782)","timestamp":"2026-03-09 14:04:56"}
{"level":"error","message":"An error occurred during the migration of Item record [hOeJ06yxkPYTj1po] of database \"daggerheart-advmanager.all-features\":\nError: Documents from a core version newer than the running version cannot be migrated\n    at Function._migrateRecord (file:///D:/Juegos/Foundry_daggerheart_git/Foundry-daggerheart/Portable-FoundryVTT-v13.348/App/resources/app/dist/database/backend/server-document.mjs:1:3713)\n    at Function._migrateDocuments (file:///D:/Juegos/Foundry_daggerheart_git/Foundry-daggerheart/Portable-FoundryVTT-v13.348/App/resources/app/dist/database/backend/server-document.mjs:1:2782)","timestamp":"2026-03-09 14:04:56"}
{"level":"error","message":"An error occurred during the migration of Item record [i8Vhph3SvNRPr49V] of database \"daggerheart-advmanager.all-features\":\nError: Documents from a core version newer than the running version cannot be migrated\n    at Function._migrateRecord (file:///D:/Juegos/Foundry_daggerheart_git/Foundry-daggerheart/Portable-FoundryVTT-v13.348/App/resources/app/dist/database/backend/server-document.mjs:1:3713)\n    at Function._migrateDocuments (file:///D:/Juegos/Foundry_daggerheart_git/Foundry-daggerheart/Portable-FoundryVTT-v13.348/App/resources/app/dist/database/backend/server-document.mjs:1:2782)","timestamp":"2026-03-09 14:04:56"}
{"level":"error","message":"An error occurred during the migration of Item record [i9b8SoCwVMCglEKm] of database \"daggerheart-advmanager.all-features\":\nError: Documents from a core version newer than the running version cannot be migrated\n    at Function._migrateRecord (file:///D:/Juegos/Foundry_daggerheart_git/Foundry-daggerheart/Portable-FoundryVTT-v13.348/App/resources/app/dist/database/backend/server-document.mjs:1:3713)\n    at Function._migrateDocuments (file:///D:/Juegos/Foundry_daggerheart_git/Foundry-daggerheart/Portable-FoundryVTT-v13.348/App/resources/app/dist/database/backend/server-document.mjs:1:2782)","timestamp":"2026-03-09 14:04:56"}
{"level":"error","message":"An error occurred during the migration of Item record [iPXQRT4h4n81Bh7I] of database \"daggerheart-advmanager.all-features\":\nError: Documents from a core version newer than the running version cannot be migrated\n    at Function._migrateRecord (file:///D:/Juegos/Foundry_daggerheart_git/Foundry-daggerheart/Portable-FoundryVTT-v13.348/App/resources/app/dist/database/backend/server-document.mjs:1:3713)\n    at Function._migrateDocuments (file:///D:/Juegos/Foundry_daggerheart_git/Foundry-daggerheart/Portable-FoundryVTT-v13.348/App/resources/app/dist/database/backend/server-document.mjs:1:2782)","timestamp":"2026-03-09 14:04:56"}
{"level":"error","message":"An error occurred during the migration of Item record [iQDK2vi2RTODNWml] of database \"daggerheart-advmanager.all-features\":\nError: Documents from a core version newer than the running version cannot be migrated\n    at Function._migrateRecord (file:///D:/Juegos/Foundry_daggerheart_git/Foundry-daggerheart/Portable-FoundryVTT-v13.348/App/resources/app/dist/database/backend/server-document.mjs:1:3713)\n    at Function._migrateDocuments (file:///D:/Juegos/Foundry_daggerheart_git/Foundry-daggerheart/Portable-FoundryVTT-v13.348/App/resources/app/dist/database/backend/server-document.mjs:1:2782)","timestamp":"2026-03-09 14:04:56"}
{"level":"error","message":"An error occurred during the migration of Item record [ikf0g1KKSYD0iQjr] of database \"daggerheart-advmanager.all-features\":\nError: Documents from a core version newer than the running version cannot be migrated\n    at Function._migrateRecord (file:///D:/Juegos/Foundry_daggerheart_git/Foundry-daggerheart/Portable-FoundryVTT-v13.348/App/resources/app/dist/database/backend/server-document.mjs:1:3713)\n    at Function._migrateDocuments (file:///D:/Juegos/Foundry_daggerheart_git/Foundry-daggerheart/Portable-FoundryVTT-v13.348/App/resources/app/dist/database/backend/server-document.mjs:1:2782)","timestamp":"2026-03-09 14:04:56"}
{"level":"error","message":"An error occurred during the migration of Item record [in90hvqxZOufLv9m] of database \"daggerheart-advmanager.all-features\":\nError: Documents from a core version newer than the running version cannot be migrated\n    at Function._migrateRecord (file:///D:/Juegos/Foundry_daggerheart_git/Foundry-daggerheart/Portable-FoundryVTT-v13.348/App/resources/app/dist/database/backend/server-document.mjs:1:3713)\n    at Function._migrateDocuments (file:///D:/Juegos/Foundry_daggerheart_git/Foundry-daggerheart/Portable-FoundryVTT-v13.348/App/resources/app/dist/database/backend/server-document.mjs:1:2782)","timestamp":"2026-03-09 14:04:56"}
{"level":"error","message":"An error occurred during the migration of Item record [iy1jrE2auArIBaKZ] of database \"daggerheart-advmanager.all-features\":\nError: Documents from a core version newer than the running version cannot be migrated\n    at Function._migrateRecord (file:///D:/Juegos/Foundry_daggerheart_git/Foundry-daggerheart/Portable-FoundryVTT-v13.348/App/resources/app/dist/database/backend/server-document.mjs:1:3713)\n    at Function._migrateDocuments (file:///D:/Juegos/Foundry_daggerheart_git/Foundry-daggerheart/Portable-FoundryVTT-v13.348/App/resources/app/dist/database/backend/server-document.mjs:1:2782)","timestamp":"2026-03-09 14:04:56"}
{"level":"error","message":"An error occurred during the migration of Item record [jNXUr672iH7fwcPt] of database \"daggerheart-advmanager.all-features\":\nError: Documents from a core version newer than the running version cannot be migrated\n    at Function._migrateRecord (file:///D:/Juegos/Foundry_daggerheart_git/Foundry-daggerheart/Portable-FoundryVTT-v13.348/App/resources/app/dist/database/backend/server-document.mjs:1:3713)\n    at Function._migrateDocuments (file:///D:/Juegos/Foundry_daggerheart_git/Foundry-daggerheart/Portable-FoundryVTT-v13.348/App/resources/app/dist/database/backend/server-document.mjs:1:2782)","timestamp":"2026-03-09 14:04:56"}
{"level":"error","message":"An error occurred during the migration of Item record [jX0cJGc4QppabzMs] of database \"daggerheart-advmanager.all-features\":\nError: Documents from a core version newer than the running version cannot be migrated\n    at Function._migrateRecord (file:///D:/Juegos/Foundry_daggerheart_git/Foundry-daggerheart/Portable-FoundryVTT-v13.348/App/resources/app/dist/database/backend/server-document.mjs:1:3713)\n    at Function._migrateDocuments (file:///D:/Juegos/Foundry_daggerheart_git/Foundry-daggerheart/Portable-FoundryVTT-v13.348/App/resources/app/dist/database/backend/server-document.mjs:1:2782)","timestamp":"2026-03-09 14:04:56"}
{"level":"error","message":"An error occurred during the migration of Item record [juEfXrLsNDjVqnRR] of database \"daggerheart-advmanager.all-features\":\nError: Documents from a core version newer than the running version cannot be migrated\n    at Function._migrateRecord (file:///D:/Juegos/Foundry_daggerheart_git/Foundry-daggerheart/Portable-FoundryVTT-v13.348/App/resources/app/dist/database/backend/server-document.mjs:1:3713)\n    at Function._migrateDocuments (file:///D:/Juegos/Foundry_daggerheart_git/Foundry-daggerheart/Portable-FoundryVTT-v13.348/App/resources/app/dist/database/backend/server-document.mjs:1:2782)","timestamp":"2026-03-09 14:04:56"}
{"level":"error","message":"An error occurred during the migration of Item record [jzaDqjn3t5M9tT2A] of database \"daggerheart-advmanager.all-features\":\nError: Documents from a core version newer than the running version cannot be migrated\n    at Function._migrateRecord (file:///D:/Juegos/Foundry_daggerheart_git/Foundry-daggerheart/Portable-FoundryVTT-v13.348/App/resources/app/dist/database/backend/server-document.mjs:1:3713)\n    at Function._migrateDocuments (file:///D:/Juegos/Foundry_daggerheart_git/Foundry-daggerheart/Portable-FoundryVTT-v13.348/App/resources/app/dist/database/backend/server-document.mjs:1:2782)","timestamp":"2026-03-09 14:04:56"}
{"level":"error","message":"An error occurred during the migration of Item record [k4HDpl5pRWyEIdSm] of database \"daggerheart-advmanager.all-features\":\nError: Documents from a core version newer than the running version cannot be migrated\n    at Function._migrateRecord (file:///D:/Juegos/Foundry_daggerheart_git/Foundry-daggerheart/Portable-FoundryVTT-v13.348/App/resources/app/dist/database/backend/server-document.mjs:1:3713)\n    at Function._migrateDocuments (file:///D:/Juegos/Foundry_daggerheart_git/Foundry-daggerheart/Portable-FoundryVTT-v13.348/App/resources/app/dist/database/backend/server-document.mjs:1:2782)","timestamp":"2026-03-09 14:04:56"}
{"level":"error","message":"An error occurred during the migration of Item record [k5fJhYvSFpsdNaiH] of database \"daggerheart-advmanager.all-features\":\nError: Documents from a core version newer than the running version cannot be migrated\n    at Function._migrateRecord (file:///D:/Juegos/Foundry_daggerheart_git/Foundry-daggerheart/Portable-FoundryVTT-v13.348/App/resources/app/dist/database/backend/server-document.mjs:1:3713)\n    at Function._migrateDocuments (file:///D:/Juegos/Foundry_daggerheart_git/Foundry-daggerheart/Portable-FoundryVTT-v13.348/App/resources/app/dist/database/backend/server-document.mjs:1:2782)","timestamp":"2026-03-09 14:04:56"}
{"level":"error","message":"An error occurred during the migration of Item record [kGwT9B2itR66oRAZ] of database \"daggerheart-advmanager.all-features\":\nError: Documents from a core version newer than the running version cannot be migrated\n    at Function._migrateRecord (file:///D:/Juegos/Foundry_daggerheart_git/Foundry-daggerheart/Portable-FoundryVTT-v13.348/App/resources/app/dist/database/backend/server-document.mjs:1:3713)\n    at Function._migrateDocuments (file:///D:/Juegos/Foundry_daggerheart_git/Foundry-daggerheart/Portable-FoundryVTT-v13.348/App/resources/app/dist/database/backend/server-document.mjs:1:2782)","timestamp":"2026-03-09 14:04:56"}
{"level":"error","message":"An error occurred during the migration of Item record [kcUnr8Zp8McKBZQw] of database \"daggerheart-advmanager.all-features\":\nError: Documents from a core version newer than the running version cannot be migrated\n    at Function._migrateRecord (file:///D:/Juegos/Foundry_daggerheart_git/Foundry-daggerheart/Portable-FoundryVTT-v13.348/App/resources/app/dist/database/backend/server-document.mjs:1:3713)\n    at Function._migrateDocuments (file:///D:/Juegos/Foundry_daggerheart_git/Foundry-daggerheart/Portable-FoundryVTT-v13.348/App/resources/app/dist/database/backend/server-document.mjs:1:2782)","timestamp":"2026-03-09 14:04:56"}
{"level":"error","message":"An error occurred during the migration of Item record [koWGsFdFQlEYUqsl] of database \"daggerheart-advmanager.all-features\":\nError: Documents from a core version newer than the running version cannot be migrated\n    at Function._migrateRecord (file:///D:/Juegos/Foundry_daggerheart_git/Foundry-daggerheart/Portable-FoundryVTT-v13.348/App/resources/app/dist/database/backend/server-document.mjs:1:3713)\n    at Function._migrateDocuments (file:///D:/Juegos/Foundry_daggerheart_git/Foundry-daggerheart/Portable-FoundryVTT-v13.348/App/resources/app/dist/database/backend/server-document.mjs:1:2782)","timestamp":"2026-03-09 14:04:56"}
{"level":"error","message":"An error occurred during the migration of Item record [ksCYHDqnECVQZTTM] of database \"daggerheart-advmanager.all-features\":\nError: Documents from a core version newer than the running version cannot be migrated\n    at Function._migrateRecord (file:///D:/Juegos/Foundry_daggerheart_git/Foundry-daggerheart/Portable-FoundryVTT-v13.348/App/resources/app/dist/database/backend/server-document.mjs:1:3713)\n    at Function._migrateDocuments (file:///D:/Juegos/Foundry_daggerheart_git/Foundry-daggerheart/Portable-FoundryVTT-v13.348/App/resources/app/dist/database/backend/server-document.mjs:1:2782)","timestamp":"2026-03-09 14:04:56"}
{"level":"error","message":"An error occurred during the migration of Item record [lRutOJkihFT1xml0] of database \"daggerheart-advmanager.all-features\":\nError: Documents from a core version newer than the running version cannot be migrated\n    at Function._migrateRecord (file:///D:/Juegos/Foundry_daggerheart_git/Foundry-daggerheart/Portable-FoundryVTT-v13.348/App/resources/app/dist/database/backend/server-document.mjs:1:3713)\n    at Function._migrateDocuments (file:///D:/Juegos/Foundry_daggerheart_git/Foundry-daggerheart/Portable-FoundryVTT-v13.348/App/resources/app/dist/database/backend/server-document.mjs:1:2782)","timestamp":"2026-03-09 14:04:56"}
{"level":"error","message":"An error occurred during the migration of Item record [lXq4zWI25A3TPtkx] of database \"daggerheart-advmanager.all-features\":\nError: Documents from a core version newer than the running version cannot be migrated\n    at Function._migrateRecord (file:///D:/Juegos/Foundry_daggerheart_git/Foundry-daggerheart/Portable-FoundryVTT-v13.348/App/resources/app/dist/database/backend/server-document.mjs:1:3713)\n    at Function._migrateDocuments (file:///D:/Juegos/Foundry_daggerheart_git/Foundry-daggerheart/Portable-FoundryVTT-v13.348/App/resources/app/dist/database/backend/server-document.mjs:1:2782)","timestamp":"2026-03-09 14:04:56"}
{"level":"error","message":"An error occurred during the migration of Item record [ltkwRe2xyfh0Uetm] of database \"daggerheart-advmanager.all-features\":\nError: Documents from a core version newer than the running version cannot be migrated\n    at Function._migrateRecord (file:///D:/Juegos/Foundry_daggerheart_git/Foundry-daggerheart/Portable-FoundryVTT-v13.348/App/resources/app/dist/database/backend/server-document.mjs:1:3713)\n    at Function._migrateDocuments (file:///D:/Juegos/Foundry_daggerheart_git/Foundry-daggerheart/Portable-FoundryVTT-v13.348/App/resources/app/dist/database/backend/server-document.mjs:1:2782)","timestamp":"2026-03-09 14:04:56"}
{"level":"error","message":"An error occurred during the migration of Item record [lxRpOwwYQ6QGjqar] of database \"daggerheart-advmanager.all-features\":\nError: Documents from a core version newer than the running version cannot be migrated\n    at Function._migrateRecord (file:///D:/Juegos/Foundry_daggerheart_git/Foundry-daggerheart/Portable-FoundryVTT-v13.348/App/resources/app/dist/database/backend/server-document.mjs:1:3713)\n    at Function._migrateDocuments (file:///D:/Juegos/Foundry_daggerheart_git/Foundry-daggerheart/Portable-FoundryVTT-v13.348/App/resources/app/dist/database/backend/server-document.mjs:1:2782)","timestamp":"2026-03-09 14:04:56"}
{"level":"error","message":"An error occurred during the migration of Item record [m00QvcC8dJ9mbXEb] of database \"daggerheart-advmanager.all-features\":\nError: Documents from a core version newer than the running version cannot be migrated\n    at Function._migrateRecord (file:///D:/Juegos/Foundry_daggerheart_git/Foundry-daggerheart/Portable-FoundryVTT-v13.348/App/resources/app/dist/database/backend/server-document.mjs:1:3713)\n    at Function._migrateDocuments (file:///D:/Juegos/Foundry_daggerheart_git/Foundry-daggerheart/Portable-FoundryVTT-v13.348/App/resources/app/dist/database/backend/server-document.mjs:1:2782)","timestamp":"2026-03-09 14:04:56"}
{"level":"error","message":"An error occurred during the migration of Item record [m99KoyMaC64s6EYd] of database \"daggerheart-advmanager.all-features\":\nError: Documents from a core version newer than the running version cannot be migrated\n    at Function._migrateRecord (file:///D:/Juegos/Foundry_daggerheart_git/Foundry-daggerheart/Portable-FoundryVTT-v13.348/App/resources/app/dist/database/backend/server-document.mjs:1:3713)\n    at Function._migrateDocuments (file:///D:/Juegos/Foundry_daggerheart_git/Foundry-daggerheart/Portable-FoundryVTT-v13.348/App/resources/app/dist/database/backend/server-document.mjs:1:2782)","timestamp":"2026-03-09 14:04:56"}
{"level":"error","message":"An error occurred during the migration of Item record [mFWmKqImd40naYSA] of database \"daggerheart-advmanager.all-features\":\nError: Documents from a core version newer than the running version cannot be migrated\n    at Function._migrateRecord (file:///D:/Juegos/Foundry_daggerheart_git/Foundry-daggerheart/Portable-FoundryVTT-v13.348/App/resources/app/dist/database/backend/server-document.mjs:1:3713)\n    at Function._migrateDocuments (file:///D:/Juegos/Foundry_daggerheart_git/Foundry-daggerheart/Portable-FoundryVTT-v13.348/App/resources/app/dist/database/backend/server-document.mjs:1:2782)","timestamp":"2026-03-09 14:04:56"}
{"level":"error","message":"An error occurred during the migration of Item record [mGtJmahSaPbB2AaM] of database \"daggerheart-advmanager.all-features\":\nError: Documents from a core version newer than the running version cannot be migrated\n    at Function._migrateRecord (file:///D:/Juegos/Foundry_daggerheart_git/Foundry-daggerheart/Portable-FoundryVTT-v13.348/App/resources/app/dist/database/backend/server-document.mjs:1:3713)\n    at Function._migrateDocuments (file:///D:/Juegos/Foundry_daggerheart_git/Foundry-daggerheart/Portable-FoundryVTT-v13.348/App/resources/app/dist/database/backend/server-document.mjs:1:2782)","timestamp":"2026-03-09 14:04:56"}
{"level":"error","message":"An error occurred during the migration of Item record [mQ56zoCdDp18hvjK] of database \"daggerheart-advmanager.all-features\":\nError: Documents from a core version newer than the running version cannot be migrated\n    at Function._migrateRecord (file:///D:/Juegos/Foundry_daggerheart_git/Foundry-daggerheart/Portable-FoundryVTT-v13.348/App/resources/app/dist/database/backend/server-document.mjs:1:3713)\n    at Function._migrateDocuments (file:///D:/Juegos/Foundry_daggerheart_git/Foundry-daggerheart/Portable-FoundryVTT-v13.348/App/resources/app/dist/database/backend/server-document.mjs:1:2782)","timestamp":"2026-03-09 14:04:56"}
{"level":"error","message":"An error occurred during the migration of Item record [mWtAzAOapXCKBJxO] of database \"daggerheart-advmanager.all-features\":\nError: Documents from a core version newer than the running version cannot be migrated\n    at Function._migrateRecord (file:///D:/Juegos/Foundry_daggerheart_git/Foundry-daggerheart/Portable-FoundryVTT-v13.348/App/resources/app/dist/database/backend/server-document.mjs:1:3713)\n    at Function._migrateDocuments (file:///D:/Juegos/Foundry_daggerheart_git/Foundry-daggerheart/Portable-FoundryVTT-v13.348/App/resources/app/dist/database/backend/server-document.mjs:1:2782)","timestamp":"2026-03-09 14:04:56"}
{"level":"error","message":"An error occurred during the migration of Item record [mkDnjMKqCa7drwbR] of database \"daggerheart-advmanager.all-features\":\nError: Documents from a core version newer than the running version cannot be migrated\n    at Function._migrateRecord (file:///D:/Juegos/Foundry_daggerheart_git/Foundry-daggerheart/Portable-FoundryVTT-v13.348/App/resources/app/dist/database/backend/server-document.mjs:1:3713)\n    at Function._migrateDocuments (file:///D:/Juegos/Foundry_daggerheart_git/Foundry-daggerheart/Portable-FoundryVTT-v13.348/App/resources/app/dist/database/backend/server-document.mjs:1:2782)","timestamp":"2026-03-09 14:04:56"}
{"level":"error","message":"An error occurred during the migration of Item record [n1629bKajFbG2PLN] of database \"daggerheart-advmanager.all-features\":\nError: Documents from a core version newer than the running version cannot be migrated\n    at Function._migrateRecord (file:///D:/Juegos/Foundry_daggerheart_git/Foundry-daggerheart/Portable-FoundryVTT-v13.348/App/resources/app/dist/database/backend/server-document.mjs:1:3713)\n    at Function._migrateDocuments (file:///D:/Juegos/Foundry_daggerheart_git/Foundry-daggerheart/Portable-FoundryVTT-v13.348/App/resources/app/dist/database/backend/server-document.mjs:1:2782)","timestamp":"2026-03-09 14:04:56"}
{"level":"error","message":"An error occurred during the migration of Item record [nBcK7CFtAsfG7aGs] of database \"daggerheart-advmanager.all-features\":\nError: Documents from a core version newer than the running version cannot be migrated\n    at Function._migrateRecord (file:///D:/Juegos/Foundry_daggerheart_git/Foundry-daggerheart/Portable-FoundryVTT-v13.348/App/resources/app/dist/database/backend/server-document.mjs:1:3713)\n    at Function._migrateDocuments (file:///D:/Juegos/Foundry_daggerheart_git/Foundry-daggerheart/Portable-FoundryVTT-v13.348/App/resources/app/dist/database/backend/server-document.mjs:1:2782)","timestamp":"2026-03-09 14:04:56"}
{"level":"error","message":"An error occurred during the migration of Item record [nMCW6PEoX2eRM4Kv] of database \"daggerheart-advmanager.all-features\":\nError: Documents from a core version newer than the running version cannot be migrated\n    at Function._migrateRecord (file:///D:/Juegos/Foundry_daggerheart_git/Foundry-daggerheart/Portable-FoundryVTT-v13.348/App/resources/app/dist/database/backend/server-document.mjs:1:3713)\n    at Function._migrateDocuments (file:///D:/Juegos/Foundry_daggerheart_git/Foundry-daggerheart/Portable-FoundryVTT-v13.348/App/resources/app/dist/database/backend/server-document.mjs:1:2782)","timestamp":"2026-03-09 14:04:56"}
{"level":"error","message":"An error occurred during the migration of Item record [nNrOVOMMdUF9foTV] of database \"daggerheart-advmanager.all-features\":\nError: Documents from a core version newer than the running version cannot be migrated\n    at Function._migrateRecord (file:///D:/Juegos/Foundry_daggerheart_git/Foundry-daggerheart/Portable-FoundryVTT-v13.348/App/resources/app/dist/database/backend/server-document.mjs:1:3713)\n    at Function._migrateDocuments (file:///D:/Juegos/Foundry_daggerheart_git/Foundry-daggerheart/Portable-FoundryVTT-v13.348/App/resources/app/dist/database/backend/server-document.mjs:1:2782)","timestamp":"2026-03-09 14:04:56"}
{"level":"error","message":"An error occurred during the migration of Item record [npuozcrnG4NlMW7o] of database \"daggerheart-advmanager.all-features\":\nError: Documents from a core version newer than the running version cannot be migrated\n    at Function._migrateRecord (file:///D:/Juegos/Foundry_daggerheart_git/Foundry-daggerheart/Portable-FoundryVTT-v13.348/App/resources/app/dist/database/backend/server-document.mjs:1:3713)\n    at Function._migrateDocuments (file:///D:/Juegos/Foundry_daggerheart_git/Foundry-daggerheart/Portable-FoundryVTT-v13.348/App/resources/app/dist/database/backend/server-document.mjs:1:2782)","timestamp":"2026-03-09 14:04:56"}
{"level":"error","message":"An error occurred during the migration of Item record [oEoaKpYB08MeCjgy] of database \"daggerheart-advmanager.all-features\":\nError: Documents from a core version newer than the running version cannot be migrated\n    at Function._migrateRecord (file:///D:/Juegos/Foundry_daggerheart_git/Foundry-daggerheart/Portable-FoundryVTT-v13.348/App/resources/app/dist/database/backend/server-document.mjs:1:3713)\n    at Function._migrateDocuments (file:///D:/Juegos/Foundry_daggerheart_git/Foundry-daggerheart/Portable-FoundryVTT-v13.348/App/resources/app/dist/database/backend/server-document.mjs:1:2782)","timestamp":"2026-03-09 14:04:56"}
{"level":"error","message":"An error occurred during the migration of Item record [oFyrKOsHBZIHrKmH] of database \"daggerheart-advmanager.all-features\":\nError: Documents from a core version newer than the running version cannot be migrated\n    at Function._migrateRecord (file:///D:/Juegos/Foundry_daggerheart_git/Foundry-daggerheart/Portable-FoundryVTT-v13.348/App/resources/app/dist/database/backend/server-document.mjs:1:3713)\n    at Function._migrateDocuments (file:///D:/Juegos/Foundry_daggerheart_git/Foundry-daggerheart/Portable-FoundryVTT-v13.348/App/resources/app/dist/database/backend/server-document.mjs:1:2782)","timestamp":"2026-03-09 14:04:56"}
{"level":"error","message":"An error occurred during the migration of Item record [obSvj2RfANOWqNOP] of database \"daggerheart-advmanager.all-features\":\nError: Documents from a core version newer than the running version cannot be migrated\n    at Function._migrateRecord (file:///D:/Juegos/Foundry_daggerheart_git/Foundry-daggerheart/Portable-FoundryVTT-v13.348/App/resources/app/dist/database/backend/server-document.mjs:1:3713)\n    at Function._migrateDocuments (file:///D:/Juegos/Foundry_daggerheart_git/Foundry-daggerheart/Portable-FoundryVTT-v13.348/App/resources/app/dist/database/backend/server-document.mjs:1:2782)","timestamp":"2026-03-09 14:04:56"}
{"level":"error","message":"An error occurred during the migration of Item record [oczRaehpbBNQpseZ] of database \"daggerheart-advmanager.all-features\":\nError: Documents from a core version newer than the running version cannot be migrated\n    at Function._migrateRecord (file:///D:/Juegos/Foundry_daggerheart_git/Foundry-daggerheart/Portable-FoundryVTT-v13.348/App/resources/app/dist/database/backend/server-document.mjs:1:3713)\n    at Function._migrateDocuments (file:///D:/Juegos/Foundry_daggerheart_git/Foundry-daggerheart/Portable-FoundryVTT-v13.348/App/resources/app/dist/database/backend/server-document.mjs:1:2782)","timestamp":"2026-03-09 14:04:56"}
{"level":"error","message":"An error occurred during the migration of Item record [ogkUbK3yAUbewwL8] of database \"daggerheart-advmanager.all-features\":\nError: Documents from a core version newer than the running version cannot be migrated\n    at Function._migrateRecord (file:///D:/Juegos/Foundry_daggerheart_git/Foundry-daggerheart/Portable-FoundryVTT-v13.348/App/resources/app/dist/database/backend/server-document.mjs:1:3713)\n    at Function._migrateDocuments (file:///D:/Juegos/Foundry_daggerheart_git/Foundry-daggerheart/Portable-FoundryVTT-v13.348/App/resources/app/dist/database/backend/server-document.mjs:1:2782)","timestamp":"2026-03-09 14:04:56"}
{"level":"error","message":"An error occurred during the migration of Item record [omJF3PILTUiJMQ97] of database \"daggerheart-advmanager.all-features\":\nError: Documents from a core version newer than the running version cannot be migrated\n    at Function._migrateRecord (file:///D:/Juegos/Foundry_daggerheart_git/Foundry-daggerheart/Portable-FoundryVTT-v13.348/App/resources/app/dist/database/backend/server-document.mjs:1:3713)\n    at Function._migrateDocuments (file:///D:/Juegos/Foundry_daggerheart_git/Foundry-daggerheart/Portable-FoundryVTT-v13.348/App/resources/app/dist/database/backend/server-document.mjs:1:2782)","timestamp":"2026-03-09 14:04:56"}
{"level":"error","message":"An error occurred during the migration of Item record [ooH4o8wc6ZjLBdTw] of database \"daggerheart-advmanager.all-features\":\nError: Documents from a core version newer than the running version cannot be migrated\n    at Function._migrateRecord (file:///D:/Juegos/Foundry_daggerheart_git/Foundry-daggerheart/Portable-FoundryVTT-v13.348/App/resources/app/dist/database/backend/server-document.mjs:1:3713)\n    at Function._migrateDocuments (file:///D:/Juegos/Foundry_daggerheart_git/Foundry-daggerheart/Portable-FoundryVTT-v13.348/App/resources/app/dist/database/backend/server-document.mjs:1:2782)","timestamp":"2026-03-09 14:04:56"}
{"level":"error","message":"An error occurred during the migration of Item record [orshs0iQifPNQ38e] of database \"daggerheart-advmanager.all-features\":\nError: Documents from a core version newer than the running version cannot be migrated\n    at Function._migrateRecord (file:///D:/Juegos/Foundry_daggerheart_git/Foundry-daggerheart/Portable-FoundryVTT-v13.348/App/resources/app/dist/database/backend/server-document.mjs:1:3713)\n    at Function._migrateDocuments (file:///D:/Juegos/Foundry_daggerheart_git/Foundry-daggerheart/Portable-FoundryVTT-v13.348/App/resources/app/dist/database/backend/server-document.mjs:1:2782)","timestamp":"2026-03-09 14:04:56"}
{"level":"error","message":"An error occurred during the migration of Item record [ox22QEHaz3LTDVen] of database \"daggerheart-advmanager.all-features\":\nError: Documents from a core version newer than the running version cannot be migrated\n    at Function._migrateRecord (file:///D:/Juegos/Foundry_daggerheart_git/Foundry-daggerheart/Portable-FoundryVTT-v13.348/App/resources/app/dist/database/backend/server-document.mjs:1:3713)\n    at Function._migrateDocuments (file:///D:/Juegos/Foundry_daggerheart_git/Foundry-daggerheart/Portable-FoundryVTT-v13.348/App/resources/app/dist/database/backend/server-document.mjs:1:2782)","timestamp":"2026-03-09 14:04:56"}
{"level":"error","message":"An error occurred during the migration of Item record [oy50VR6kJ4DhM6GR] of database \"daggerheart-advmanager.all-features\":\nError: Documents from a core version newer than the running version cannot be migrated\n    at Function._migrateRecord (file:///D:/Juegos/Foundry_daggerheart_git/Foundry-daggerheart/Portable-FoundryVTT-v13.348/App/resources/app/dist/database/backend/server-document.mjs:1:3713)\n    at Function._migrateDocuments (file:///D:/Juegos/Foundry_daggerheart_git/Foundry-daggerheart/Portable-FoundryVTT-v13.348/App/resources/app/dist/database/backend/server-document.mjs:1:2782)","timestamp":"2026-03-09 14:04:56"}
{"level":"error","message":"An error occurred during the migration of Item record [pJb745b2dGAREyay] of database \"daggerheart-advmanager.all-features\":\nError: Documents from a core version newer than the running version cannot be migrated\n    at Function._migrateRecord (file:///D:/Juegos/Foundry_daggerheart_git/Foundry-daggerheart/Portable-FoundryVTT-v13.348/App/resources/app/dist/database/backend/server-document.mjs:1:3713)\n    at Function._migrateDocuments (file:///D:/Juegos/Foundry_daggerheart_git/Foundry-daggerheart/Portable-FoundryVTT-v13.348/App/resources/app/dist/database/backend/server-document.mjs:1:2782)","timestamp":"2026-03-09 14:04:56"}
{"level":"error","message":"An error occurred during the migration of Item record [pWAq3oWsoGw9jAhl] of database \"daggerheart-advmanager.all-features\":\nError: Documents from a core version newer than the running version cannot be migrated\n    at Function._migrateRecord (file:///D:/Juegos/Foundry_daggerheart_git/Foundry-daggerheart/Portable-FoundryVTT-v13.348/App/resources/app/dist/database/backend/server-document.mjs:1:3713)\n    at Function._migrateDocuments (file:///D:/Juegos/Foundry_daggerheart_git/Foundry-daggerheart/Portable-FoundryVTT-v13.348/App/resources/app/dist/database/backend/server-document.mjs:1:2782)","timestamp":"2026-03-09 14:04:56"}
{"level":"error","message":"An error occurred during the migration of Item record [pYxaB35lzPerOWUG] of database \"daggerheart-advmanager.all-features\":\nError: Documents from a core version newer than the running version cannot be migrated\n    at Function._migrateRecord (file:///D:/Juegos/Foundry_daggerheart_git/Foundry-daggerheart/Portable-FoundryVTT-v13.348/App/resources/app/dist/database/backend/server-document.mjs:1:3713)\n    at Function._migrateDocuments (file:///D:/Juegos/Foundry_daggerheart_git/Foundry-daggerheart/Portable-FoundryVTT-v13.348/App/resources/app/dist/database/backend/server-document.mjs:1:2782)","timestamp":"2026-03-09 14:04:56"}
{"level":"error","message":"An error occurred during the migration of Item record [pfVEe8gaHNRGDgo2] of database \"daggerheart-advmanager.all-features\":\nError: Documents from a core version newer than the running version cannot be migrated\n    at Function._migrateRecord (file:///D:/Juegos/Foundry_daggerheart_git/Foundry-daggerheart/Portable-FoundryVTT-v13.348/App/resources/app/dist/database/backend/server-document.mjs:1:3713)\n    at Function._migrateDocuments (file:///D:/Juegos/Foundry_daggerheart_git/Foundry-daggerheart/Portable-FoundryVTT-v13.348/App/resources/app/dist/database/backend/server-document.mjs:1:2782)","timestamp":"2026-03-09 14:04:56"}
{"level":"error","message":"An error occurred during the migration of Item record [pq9kNZbPuzQ8dAde] of database \"daggerheart-advmanager.all-features\":\nError: Documents from a core version newer than the running version cannot be migrated\n    at Function._migrateRecord (file:///D:/Juegos/Foundry_daggerheart_git/Foundry-daggerheart/Portable-FoundryVTT-v13.348/App/resources/app/dist/database/backend/server-document.mjs:1:3713)\n    at Function._migrateDocuments (file:///D:/Juegos/Foundry_daggerheart_git/Foundry-daggerheart/Portable-FoundryVTT-v13.348/App/resources/app/dist/database/backend/server-document.mjs:1:2782)","timestamp":"2026-03-09 14:04:56"}
{"level":"error","message":"An error occurred during the migration of Item record [qBhXHO4oSh7zAcSF] of database \"daggerheart-advmanager.all-features\":\nError: Documents from a core version newer than the running version cannot be migrated\n    at Function._migrateRecord (file:///D:/Juegos/Foundry_daggerheart_git/Foundry-daggerheart/Portable-FoundryVTT-v13.348/App/resources/app/dist/database/backend/server-document.mjs:1:3713)\n    at Function._migrateDocuments (file:///D:/Juegos/Foundry_daggerheart_git/Foundry-daggerheart/Portable-FoundryVTT-v13.348/App/resources/app/dist/database/backend/server-document.mjs:1:2782)","timestamp":"2026-03-09 14:04:56"}
{"level":"error","message":"An error occurred during the migration of Item record [qDfnNyQNC3JLic7I] of database \"daggerheart-advmanager.all-features\":\nError: Documents from a core version newer than the running version cannot be migrated\n    at Function._migrateRecord (file:///D:/Juegos/Foundry_daggerheart_git/Foundry-daggerheart/Portable-FoundryVTT-v13.348/App/resources/app/dist/database/backend/server-document.mjs:1:3713)\n    at Function._migrateDocuments (file:///D:/Juegos/Foundry_daggerheart_git/Foundry-daggerheart/Portable-FoundryVTT-v13.348/App/resources/app/dist/database/backend/server-document.mjs:1:2782)","timestamp":"2026-03-09 14:04:56"}
{"level":"error","message":"An error occurred during the migration of Item record [qSXw25tq4Qc42eqN] of database \"daggerheart-advmanager.all-features\":\nError: Documents from a core version newer than the running version cannot be migrated\n    at Function._migrateRecord (file:///D:/Juegos/Foundry_daggerheart_git/Foundry-daggerheart/Portable-FoundryVTT-v13.348/App/resources/app/dist/database/backend/server-document.mjs:1:3713)\n    at Function._migrateDocuments (file:///D:/Juegos/Foundry_daggerheart_git/Foundry-daggerheart/Portable-FoundryVTT-v13.348/App/resources/app/dist/database/backend/server-document.mjs:1:2782)","timestamp":"2026-03-09 14:04:56"}
{"level":"error","message":"An error occurred during the migration of Item record [qXZ4s6YSPga5mGkg] of database \"daggerheart-advmanager.all-features\":\nError: Documents from a core version newer than the running version cannot be migrated\n    at Function._migrateRecord (file:///D:/Juegos/Foundry_daggerheart_git/Foundry-daggerheart/Portable-FoundryVTT-v13.348/App/resources/app/dist/database/backend/server-document.mjs:1:3713)\n    at Function._migrateDocuments (file:///D:/Juegos/Foundry_daggerheart_git/Foundry-daggerheart/Portable-FoundryVTT-v13.348/App/resources/app/dist/database/backend/server-document.mjs:1:2782)","timestamp":"2026-03-09 14:04:56"}
{"level":"error","message":"An error occurred during the migration of Item record [qa1Pc2iiVk39HlFM] of database \"daggerheart-advmanager.all-features\":\nError: Documents from a core version newer than the running version cannot be migrated\n    at Function._migrateRecord (file:///D:/Juegos/Foundry_daggerheart_git/Foundry-daggerheart/Portable-FoundryVTT-v13.348/App/resources/app/dist/database/backend/server-document.mjs:1:3713)\n    at Function._migrateDocuments (file:///D:/Juegos/Foundry_daggerheart_git/Foundry-daggerheart/Portable-FoundryVTT-v13.348/App/resources/app/dist/database/backend/server-document.mjs:1:2782)","timestamp":"2026-03-09 14:04:56"}
{"level":"error","message":"An error occurred during the migration of Item record [qkWReWxkXhU9FY8t] of database \"daggerheart-advmanager.all-features\":\nError: Documents from a core version newer than the running version cannot be migrated\n    at Function._migrateRecord (file:///D:/Juegos/Foundry_daggerheart_git/Foundry-daggerheart/Portable-FoundryVTT-v13.348/App/resources/app/dist/database/backend/server-document.mjs:1:3713)\n    at Function._migrateDocuments (file:///D:/Juegos/Foundry_daggerheart_git/Foundry-daggerheart/Portable-FoundryVTT-v13.348/App/resources/app/dist/database/backend/server-document.mjs:1:2782)","timestamp":"2026-03-09 14:04:56"}
{"level":"error","message":"An error occurred during the migration of Item record [qmP0skYccLJRV087] of database \"daggerheart-advmanager.all-features\":\nError: Documents from a core version newer than the running version cannot be migrated\n    at Function._migrateRecord (file:///D:/Juegos/Foundry_daggerheart_git/Foundry-daggerheart/Portable-FoundryVTT-v13.348/App/resources/app/dist/database/backend/server-document.mjs:1:3713)\n    at Function._migrateDocuments (file:///D:/Juegos/Foundry_daggerheart_git/Foundry-daggerheart/Portable-FoundryVTT-v13.348/App/resources/app/dist/database/backend/server-document.mjs:1:2782)","timestamp":"2026-03-09 14:04:56"}
{"level":"error","message":"An error occurred during the migration of Item record [qpnlpw5ZRKrNV9kT] of database \"daggerheart-advmanager.all-features\":\nError: Documents from a core version newer than the running version cannot be migrated\n    at Function._migrateRecord (file:///D:/Juegos/Foundry_daggerheart_git/Foundry-daggerheart/Portable-FoundryVTT-v13.348/App/resources/app/dist/database/backend/server-document.mjs:1:3713)\n    at Function._migrateDocuments (file:///D:/Juegos/Foundry_daggerheart_git/Foundry-daggerheart/Portable-FoundryVTT-v13.348/App/resources/app/dist/database/backend/server-document.mjs:1:2782)","timestamp":"2026-03-09 14:04:56"}
{"level":"error","message":"An error occurred during the migration of Item record [r2uq7B0xfHfJSXyY] of database \"daggerheart-advmanager.all-features\":\nError: Documents from a core version newer than the running version cannot be migrated\n    at Function._migrateRecord (file:///D:/Juegos/Foundry_daggerheart_git/Foundry-daggerheart/Portable-FoundryVTT-v13.348/App/resources/app/dist/database/backend/server-document.mjs:1:3713)\n    at Function._migrateDocuments (file:///D:/Juegos/Foundry_daggerheart_git/Foundry-daggerheart/Portable-FoundryVTT-v13.348/App/resources/app/dist/database/backend/server-document.mjs:1:2782)","timestamp":"2026-03-09 14:04:56"}
{"level":"error","message":"An error occurred during the migration of Item record [r5JmGgZrDffj6BUH] of database \"daggerheart-advmanager.all-features\":\nError: Documents from a core version newer than the running version cannot be migrated\n    at Function._migrateRecord (file:///D:/Juegos/Foundry_daggerheart_git/Foundry-daggerheart/Portable-FoundryVTT-v13.348/App/resources/app/dist/database/backend/server-document.mjs:1:3713)\n    at Function._migrateDocuments (file:///D:/Juegos/Foundry_daggerheart_git/Foundry-daggerheart/Portable-FoundryVTT-v13.348/App/resources/app/dist/database/backend/server-document.mjs:1:2782)","timestamp":"2026-03-09 14:04:56"}
{"level":"error","message":"An error occurred during the migration of Item record [rEIm62NBoNsFiMdt] of database \"daggerheart-advmanager.all-features\":\nError: Documents from a core version newer than the running version cannot be migrated\n    at Function._migrateRecord (file:///D:/Juegos/Foundry_daggerheart_git/Foundry-daggerheart/Portable-FoundryVTT-v13.348/App/resources/app/dist/database/backend/server-document.mjs:1:3713)\n    at Function._migrateDocuments (file:///D:/Juegos/Foundry_daggerheart_git/Foundry-daggerheart/Portable-FoundryVTT-v13.348/App/resources/app/dist/database/backend/server-document.mjs:1:2782)","timestamp":"2026-03-09 14:04:56"}
{"level":"error","message":"An error occurred during the migration of Item record [rGDPUCFwRcRDFaAg] of database \"daggerheart-advmanager.all-features\":\nError: Documents from a core version newer than the running version cannot be migrated\n    at Function._migrateRecord (file:///D:/Juegos/Foundry_daggerheart_git/Foundry-daggerheart/Portable-FoundryVTT-v13.348/App/resources/app/dist/database/backend/server-document.mjs:1:3713)\n    at Function._migrateDocuments (file:///D:/Juegos/Foundry_daggerheart_git/Foundry-daggerheart/Portable-FoundryVTT-v13.348/App/resources/app/dist/database/backend/server-document.mjs:1:2782)","timestamp":"2026-03-09 14:04:56"}
{"level":"error","message":"An error occurred during the migration of Item record [rd8liCMd2gd6GR2d] of database \"daggerheart-advmanager.all-features\":\nError: Documents from a core version newer than the running version cannot be migrated\n    at Function._migrateRecord (file:///D:/Juegos/Foundry_daggerheart_git/Foundry-daggerheart/Portable-FoundryVTT-v13.348/App/resources/app/dist/database/backend/server-document.mjs:1:3713)\n    at Function._migrateDocuments (file:///D:/Juegos/Foundry_daggerheart_git/Foundry-daggerheart/Portable-FoundryVTT-v13.348/App/resources/app/dist/database/backend/server-document.mjs:1:2782)","timestamp":"2026-03-09 14:04:56"}
{"level":"error","message":"An error occurred during the migration of Item record [rsdOYm56xlVX3LRi] of database \"daggerheart-advmanager.all-features\":\nError: Documents from a core version newer than the running version cannot be migrated\n    at Function._migrateRecord (file:///D:/Juegos/Foundry_daggerheart_git/Foundry-daggerheart/Portable-FoundryVTT-v13.348/App/resources/app/dist/database/backend/server-document.mjs:1:3713)\n    at Function._migrateDocuments (file:///D:/Juegos/Foundry_daggerheart_git/Foundry-daggerheart/Portable-FoundryVTT-v13.348/App/resources/app/dist/database/backend/server-document.mjs:1:2782)","timestamp":"2026-03-09 14:04:56"}
{"level":"error","message":"An error occurred during the migration of Item record [runzB6NtYYf3FEdR] of database \"daggerheart-advmanager.all-features\":\nError: Documents from a core version newer than the running version cannot be migrated\n    at Function._migrateRecord (file:///D:/Juegos/Foundry_daggerheart_git/Foundry-daggerheart/Portable-FoundryVTT-v13.348/App/resources/app/dist/database/backend/server-document.mjs:1:3713)\n    at Function._migrateDocuments (file:///D:/Juegos/Foundry_daggerheart_git/Foundry-daggerheart/Portable-FoundryVTT-v13.348/App/resources/app/dist/database/backend/server-document.mjs:1:2782)","timestamp":"2026-03-09 14:04:56"}
{"level":"error","message":"An error occurred during the migration of Item record [s5bETPGLtfbALOHw] of database \"daggerheart-advmanager.all-features\":\nError: Documents from a core version newer than the running version cannot be migrated\n    at Function._migrateRecord (file:///D:/Juegos/Foundry_daggerheart_git/Foundry-daggerheart/Portable-FoundryVTT-v13.348/App/resources/app/dist/database/backend/server-document.mjs:1:3713)\n    at Function._migrateDocuments (file:///D:/Juegos/Foundry_daggerheart_git/Foundry-daggerheart/Portable-FoundryVTT-v13.348/App/resources/app/dist/database/backend/server-document.mjs:1:2782)","timestamp":"2026-03-09 14:04:56"}
{"level":"error","message":"An error occurred during the migration of Item record [sKgzYgJgTY4JRCf4] of database \"daggerheart-advmanager.all-features\":\nError: Documents from a core version newer than the running version cannot be migrated\n    at Function._migrateRecord (file:///D:/Juegos/Foundry_daggerheart_git/Foundry-daggerheart/Portable-FoundryVTT-v13.348/App/resources/app/dist/database/backend/server-document.mjs:1:3713)\n    at Function._migrateDocuments (file:///D:/Juegos/Foundry_daggerheart_git/Foundry-daggerheart/Portable-FoundryVTT-v13.348/App/resources/app/dist/database/backend/server-document.mjs:1:2782)","timestamp":"2026-03-09 14:04:56"}
{"level":"error","message":"An error occurred during the migration of Item record [sW4FjqSDhPYKpjUl] of database \"daggerheart-advmanager.all-features\":\nError: Documents from a core version newer than the running version cannot be migrated\n    at Function._migrateRecord (file:///D:/Juegos/Foundry_daggerheart_git/Foundry-daggerheart/Portable-FoundryVTT-v13.348/App/resources/app/dist/database/backend/server-document.mjs:1:3713)\n    at Function._migrateDocuments (file:///D:/Juegos/Foundry_daggerheart_git/Foundry-daggerheart/Portable-FoundryVTT-v13.348/App/resources/app/dist/database/backend/server-document.mjs:1:2782)","timestamp":"2026-03-09 14:04:56"}
{"level":"error","message":"An error occurred during the migration of Item record [sZi3vGbEW838cJBX] of database \"daggerheart-advmanager.all-features\":\nError: Documents from a core version newer than the running version cannot be migrated\n    at Function._migrateRecord (file:///D:/Juegos/Foundry_daggerheart_git/Foundry-daggerheart/Portable-FoundryVTT-v13.348/App/resources/app/dist/database/backend/server-document.mjs:1:3713)\n    at Function._migrateDocuments (file:///D:/Juegos/Foundry_daggerheart_git/Foundry-daggerheart/Portable-FoundryVTT-v13.348/App/resources/app/dist/database/backend/server-document.mjs:1:2782)","timestamp":"2026-03-09 14:04:56"}
{"level":"error","message":"An error occurred during the migration of Item record [sbfWojYCVLkvGzgn] of database \"daggerheart-advmanager.all-features\":\nError: Documents from a core version newer than the running version cannot be migrated\n    at Function._migrateRecord (file:///D:/Juegos/Foundry_daggerheart_git/Foundry-daggerheart/Portable-FoundryVTT-v13.348/App/resources/app/dist/database/backend/server-document.mjs:1:3713)\n    at Function._migrateDocuments (file:///D:/Juegos/Foundry_daggerheart_git/Foundry-daggerheart/Portable-FoundryVTT-v13.348/App/resources/app/dist/database/backend/server-document.mjs:1:2782)","timestamp":"2026-03-09 14:04:56"}
{"level":"error","message":"An error occurred during the migration of Item record [sqZDRKSfhVpVYn7r] of database \"daggerheart-advmanager.all-features\":\nError: Documents from a core version newer than the running version cannot be migrated\n    at Function._migrateRecord (file:///D:/Juegos/Foundry_daggerheart_git/Foundry-daggerheart/Portable-FoundryVTT-v13.348/App/resources/app/dist/database/backend/server-document.mjs:1:3713)\n    at Function._migrateDocuments (file:///D:/Juegos/Foundry_daggerheart_git/Foundry-daggerheart/Portable-FoundryVTT-v13.348/App/resources/app/dist/database/backend/server-document.mjs:1:2782)","timestamp":"2026-03-09 14:04:56"}
{"level":"error","message":"An error occurred during the migration of Item record [tKLctkCQqfJLIw3x] of database \"daggerheart-advmanager.all-features\":\nError: Documents from a core version newer than the running version cannot be migrated\n    at Function._migrateRecord (file:///D:/Juegos/Foundry_daggerheart_git/Foundry-daggerheart/Portable-FoundryVTT-v13.348/App/resources/app/dist/database/backend/server-document.mjs:1:3713)\n    at Function._migrateDocuments (file:///D:/Juegos/Foundry_daggerheart_git/Foundry-daggerheart/Portable-FoundryVTT-v13.348/App/resources/app/dist/database/backend/server-document.mjs:1:2782)","timestamp":"2026-03-09 14:04:56"}
{"level":"error","message":"An error occurred during the migration of Item record [taxLtwW7RuS3JSNm] of database \"daggerheart-advmanager.all-features\":\nError: Documents from a core version newer than the running version cannot be migrated\n    at Function._migrateRecord (file:///D:/Juegos/Foundry_daggerheart_git/Foundry-daggerheart/Portable-FoundryVTT-v13.348/App/resources/app/dist/database/backend/server-document.mjs:1:3713)\n    at Function._migrateDocuments (file:///D:/Juegos/Foundry_daggerheart_git/Foundry-daggerheart/Portable-FoundryVTT-v13.348/App/resources/app/dist/database/backend/server-document.mjs:1:2782)","timestamp":"2026-03-09 14:04:56"}
{"level":"error","message":"An error occurred during the migration of Item record [tpH2A2rYhrYOugLi] of database \"daggerheart-advmanager.all-features\":\nError: Documents from a core version newer than the running version cannot be migrated\n    at Function._migrateRecord (file:///D:/Juegos/Foundry_daggerheart_git/Foundry-daggerheart/Portable-FoundryVTT-v13.348/App/resources/app/dist/database/backend/server-document.mjs:1:3713)\n    at Function._migrateDocuments (file:///D:/Juegos/Foundry_daggerheart_git/Foundry-daggerheart/Portable-FoundryVTT-v13.348/App/resources/app/dist/database/backend/server-document.mjs:1:2782)","timestamp":"2026-03-09 14:04:56"}
{"level":"error","message":"An error occurred during the migration of Item record [uLzHdmKIxrK3WD48] of database \"daggerheart-advmanager.all-features\":\nError: Documents from a core version newer than the running version cannot be migrated\n    at Function._migrateRecord (file:///D:/Juegos/Foundry_daggerheart_git/Foundry-daggerheart/Portable-FoundryVTT-v13.348/App/resources/app/dist/database/backend/server-document.mjs:1:3713)\n    at Function._migrateDocuments (file:///D:/Juegos/Foundry_daggerheart_git/Foundry-daggerheart/Portable-FoundryVTT-v13.348/App/resources/app/dist/database/backend/server-document.mjs:1:2782)","timestamp":"2026-03-09 14:04:56"}
{"level":"error","message":"An error occurred during the migration of Item record [uYj7yzRYgNFBYsXg] of database \"daggerheart-advmanager.all-features\":\nError: Documents from a core version newer than the running version cannot be migrated\n    at Function._migrateRecord (file:///D:/Juegos/Foundry_daggerheart_git/Foundry-daggerheart/Portable-FoundryVTT-v13.348/App/resources/app/dist/database/backend/server-document.mjs:1:3713)\n    at Function._migrateDocuments (file:///D:/Juegos/Foundry_daggerheart_git/Foundry-daggerheart/Portable-FoundryVTT-v13.348/App/resources/app/dist/database/backend/server-document.mjs:1:2782)","timestamp":"2026-03-09 14:04:56"}
{"level":"error","message":"An error occurred during the migration of Item record [ufkpJTJLPGXQhlcu] of database \"daggerheart-advmanager.all-features\":\nError: Documents from a core version newer than the running version cannot be migrated\n    at Function._migrateRecord (file:///D:/Juegos/Foundry_daggerheart_git/Foundry-daggerheart/Portable-FoundryVTT-v13.348/App/resources/app/dist/database/backend/server-document.mjs:1:3713)\n    at Function._migrateDocuments (file:///D:/Juegos/Foundry_daggerheart_git/Foundry-daggerheart/Portable-FoundryVTT-v13.348/App/resources/app/dist/database/backend/server-document.mjs:1:2782)","timestamp":"2026-03-09 14:04:56"}
{"level":"error","message":"An error occurred during the migration of Item record [uo98NaOIGLvT1YdJ] of database \"daggerheart-advmanager.all-features\":\nError: Documents from a core version newer than the running version cannot be migrated\n    at Function._migrateRecord (file:///D:/Juegos/Foundry_daggerheart_git/Foundry-daggerheart/Portable-FoundryVTT-v13.348/App/resources/app/dist/database/backend/server-document.mjs:1:3713)\n    at Function._migrateDocuments (file:///D:/Juegos/Foundry_daggerheart_git/Foundry-daggerheart/Portable-FoundryVTT-v13.348/App/resources/app/dist/database/backend/server-document.mjs:1:2782)","timestamp":"2026-03-09 14:04:56"}
{"level":"error","message":"An error occurred during the migration of Item record [uwgVNAoEC1TddhD4] of database \"daggerheart-advmanager.all-features\":\nError: Documents from a core version newer than the running version cannot be migrated\n    at Function._migrateRecord (file:///D:/Juegos/Foundry_daggerheart_git/Foundry-daggerheart/Portable-FoundryVTT-v13.348/App/resources/app/dist/database/backend/server-document.mjs:1:3713)\n    at Function._migrateDocuments (file:///D:/Juegos/Foundry_daggerheart_git/Foundry-daggerheart/Portable-FoundryVTT-v13.348/App/resources/app/dist/database/backend/server-document.mjs:1:2782)","timestamp":"2026-03-09 14:04:56"}
{"level":"error","message":"An error occurred during the migration of Item record [v623As8QWrgUOkYM] of database \"daggerheart-advmanager.all-features\":\nError: Documents from a core version newer than the running version cannot be migrated\n    at Function._migrateRecord (file:///D:/Juegos/Foundry_daggerheart_git/Foundry-daggerheart/Portable-FoundryVTT-v13.348/App/resources/app/dist/database/backend/server-document.mjs:1:3713)\n    at Function._migrateDocuments (file:///D:/Juegos/Foundry_daggerheart_git/Foundry-daggerheart/Portable-FoundryVTT-v13.348/App/resources/app/dist/database/backend/server-document.mjs:1:2782)","timestamp":"2026-03-09 14:04:56"}
{"level":"error","message":"An error occurred during the migration of Item record [vS6mb7t5gt6TX1zR] of database \"daggerheart-advmanager.all-features\":\nError: Documents from a core version newer than the running version cannot be migrated\n    at Function._migrateRecord (file:///D:/Juegos/Foundry_daggerheart_git/Foundry-daggerheart/Portable-FoundryVTT-v13.348/App/resources/app/dist/database/backend/server-document.mjs:1:3713)\n    at Function._migrateDocuments (file:///D:/Juegos/Foundry_daggerheart_git/Foundry-daggerheart/Portable-FoundryVTT-v13.348/App/resources/app/dist/database/backend/server-document.mjs:1:2782)","timestamp":"2026-03-09 14:04:56"}
{"level":"error","message":"An error occurred during the migration of Item record [vSb2cgaONvY0E2Rl] of database \"daggerheart-advmanager.all-features\":\nError: Documents from a core version newer than the running version cannot be migrated\n    at Function._migrateRecord (file:///D:/Juegos/Foundry_daggerheart_git/Foundry-daggerheart/Portable-FoundryVTT-v13.348/App/resources/app/dist/database/backend/server-document.mjs:1:3713)\n    at Function._migrateDocuments (file:///D:/Juegos/Foundry_daggerheart_git/Foundry-daggerheart/Portable-FoundryVTT-v13.348/App/resources/app/dist/database/backend/server-document.mjs:1:2782)","timestamp":"2026-03-09 14:04:56"}
{"level":"error","message":"An error occurred during the migration of Item record [vTyg8KalzPCiAz0g] of database \"daggerheart-advmanager.all-features\":\nError: Documents from a core version newer than the running version cannot be migrated\n    at Function._migrateRecord (file:///D:/Juegos/Foundry_daggerheart_git/Foundry-daggerheart/Portable-FoundryVTT-v13.348/App/resources/app/dist/database/backend/server-document.mjs:1:3713)\n    at Function._migrateDocuments (file:///D:/Juegos/Foundry_daggerheart_git/Foundry-daggerheart/Portable-FoundryVTT-v13.348/App/resources/app/dist/database/backend/server-document.mjs:1:2782)","timestamp":"2026-03-09 14:04:56"}
{"level":"error","message":"An error occurred during the migration of Item record [vUZ6aCQBacfj2bUs] of database \"daggerheart-advmanager.all-features\":\nError: Documents from a core version newer than the running version cannot be migrated\n    at Function._migrateRecord (file:///D:/Juegos/Foundry_daggerheart_git/Foundry-daggerheart/Portable-FoundryVTT-v13.348/App/resources/app/dist/database/backend/server-document.mjs:1:3713)\n    at Function._migrateDocuments (file:///D:/Juegos/Foundry_daggerheart_git/Foundry-daggerheart/Portable-FoundryVTT-v13.348/App/resources/app/dist/database/backend/server-document.mjs:1:2782)","timestamp":"2026-03-09 14:04:56"}
{"level":"error","message":"An error occurred during the migration of Item record [vdiF1JMBAavl4wb8] of database \"daggerheart-advmanager.all-features\":\nError: Documents from a core version newer than the running version cannot be migrated\n    at Function._migrateRecord (file:///D:/Juegos/Foundry_daggerheart_git/Foundry-daggerheart/Portable-FoundryVTT-v13.348/App/resources/app/dist/database/backend/server-document.mjs:1:3713)\n    at Function._migrateDocuments (file:///D:/Juegos/Foundry_daggerheart_git/Foundry-daggerheart/Portable-FoundryVTT-v13.348/App/resources/app/dist/database/backend/server-document.mjs:1:2782)","timestamp":"2026-03-09 14:04:56"}
{"level":"error","message":"An error occurred during the migration of Item record [vj5zJ73MGha7jrjy] of database \"daggerheart-advmanager.all-features\":\nError: Documents from a core version newer than the running version cannot be migrated\n    at Function._migrateRecord (file:///D:/Juegos/Foundry_daggerheart_git/Foundry-daggerheart/Portable-FoundryVTT-v13.348/App/resources/app/dist/database/backend/server-document.mjs:1:3713)\n    at Function._migrateDocuments (file:///D:/Juegos/Foundry_daggerheart_git/Foundry-daggerheart/Portable-FoundryVTT-v13.348/App/resources/app/dist/database/backend/server-document.mjs:1:2782)","timestamp":"2026-03-09 14:04:56"}
{"level":"error","message":"An error occurred during the migration of Item record [vkEAi6zDKxzDhZQ5] of database \"daggerheart-advmanager.all-features\":\nError: Documents from a core version newer than the running version cannot be migrated\n    at Function._migrateRecord (file:///D:/Juegos/Foundry_daggerheart_git/Foundry-daggerheart/Portable-FoundryVTT-v13.348/App/resources/app/dist/database/backend/server-document.mjs:1:3713)\n    at Function._migrateDocuments (file:///D:/Juegos/Foundry_daggerheart_git/Foundry-daggerheart/Portable-FoundryVTT-v13.348/App/resources/app/dist/database/backend/server-document.mjs:1:2782)","timestamp":"2026-03-09 14:04:56"}
{"level":"error","message":"An error occurred during the migration of Item record [vwZVHKLuvT2sGdnP] of database \"daggerheart-advmanager.all-features\":\nError: Documents from a core version newer than the running version cannot be migrated\n    at Function._migrateRecord (file:///D:/Juegos/Foundry_daggerheart_git/Foundry-daggerheart/Portable-FoundryVTT-v13.348/App/resources/app/dist/database/backend/server-document.mjs:1:3713)\n    at Function._migrateDocuments (file:///D:/Juegos/Foundry_daggerheart_git/Foundry-daggerheart/Portable-FoundryVTT-v13.348/App/resources/app/dist/database/backend/server-document.mjs:1:2782)","timestamp":"2026-03-09 14:04:56"}
{"level":"error","message":"An error occurred during the migration of Item record [wANwbKkav24ber2R] of database \"daggerheart-advmanager.all-features\":\nError: Documents from a core version newer than the running version cannot be migrated\n    at Function._migrateRecord (file:///D:/Juegos/Foundry_daggerheart_git/Foundry-daggerheart/Portable-FoundryVTT-v13.348/App/resources/app/dist/database/backend/server-document.mjs:1:3713)\n    at Function._migrateDocuments (file:///D:/Juegos/Foundry_daggerheart_git/Foundry-daggerheart/Portable-FoundryVTT-v13.348/App/resources/app/dist/database/backend/server-document.mjs:1:2782)","timestamp":"2026-03-09 14:04:56"}
{"level":"error","message":"An error occurred during the migration of Item record [wPBNSB0YZsh1vNuo] of database \"daggerheart-advmanager.all-features\":\nError: Documents from a core version newer than the running version cannot be migrated\n    at Function._migrateRecord (file:///D:/Juegos/Foundry_daggerheart_git/Foundry-daggerheart/Portable-FoundryVTT-v13.348/App/resources/app/dist/database/backend/server-document.mjs:1:3713)\n    at Function._migrateDocuments (file:///D:/Juegos/Foundry_daggerheart_git/Foundry-daggerheart/Portable-FoundryVTT-v13.348/App/resources/app/dist/database/backend/server-document.mjs:1:2782)","timestamp":"2026-03-09 14:04:56"}
{"level":"error","message":"An error occurred during the migration of Item record [wQvpN48lbFAnijfp] of database \"daggerheart-advmanager.all-features\":\nError: Documents from a core version newer than the running version cannot be migrated\n    at Function._migrateRecord (file:///D:/Juegos/Foundry_daggerheart_git/Foundry-daggerheart/Portable-FoundryVTT-v13.348/App/resources/app/dist/database/backend/server-document.mjs:1:3713)\n    at Function._migrateDocuments (file:///D:/Juegos/Foundry_daggerheart_git/Foundry-daggerheart/Portable-FoundryVTT-v13.348/App/resources/app/dist/database/backend/server-document.mjs:1:2782)","timestamp":"2026-03-09 14:04:56"}
{"level":"error","message":"An error occurred during the migration of Item record [wgYNteKVA3vpW0y6] of database \"daggerheart-advmanager.all-features\":\nError: Documents from a core version newer than the running version cannot be migrated\n    at Function._migrateRecord (file:///D:/Juegos/Foundry_daggerheart_git/Foundry-daggerheart/Portable-FoundryVTT-v13.348/App/resources/app/dist/database/backend/server-document.mjs:1:3713)\n    at Function._migrateDocuments (file:///D:/Juegos/Foundry_daggerheart_git/Foundry-daggerheart/Portable-FoundryVTT-v13.348/App/resources/app/dist/database/backend/server-document.mjs:1:2782)","timestamp":"2026-03-09 14:04:56"}
{"level":"error","message":"An error occurred during the migration of Item record [wlbXPEkeQZP1wFFO] of database \"daggerheart-advmanager.all-features\":\nError: Documents from a core version newer than the running version cannot be migrated\n    at Function._migrateRecord (file:///D:/Juegos/Foundry_daggerheart_git/Foundry-daggerheart/Portable-FoundryVTT-v13.348/App/resources/app/dist/database/backend/server-document.mjs:1:3713)\n    at Function._migrateDocuments (file:///D:/Juegos/Foundry_daggerheart_git/Foundry-daggerheart/Portable-FoundryVTT-v13.348/App/resources/app/dist/database/backend/server-document.mjs:1:2782)","timestamp":"2026-03-09 14:04:56"}
{"level":"error","message":"An error occurred during the migration of Item record [wyMwGkmQznFqrGIr] of database \"daggerheart-advmanager.all-features\":\nError: Documents from a core version newer than the running version cannot be migrated\n    at Function._migrateRecord (file:///D:/Juegos/Foundry_daggerheart_git/Foundry-daggerheart/Portable-FoundryVTT-v13.348/App/resources/app/dist/database/backend/server-document.mjs:1:3713)\n    at Function._migrateDocuments (file:///D:/Juegos/Foundry_daggerheart_git/Foundry-daggerheart/Portable-FoundryVTT-v13.348/App/resources/app/dist/database/backend/server-document.mjs:1:2782)","timestamp":"2026-03-09 14:04:56"}
{"level":"error","message":"An error occurred during the migration of Item record [xYeKuvDRenybIvBj] of database \"daggerheart-advmanager.all-features\":\nError: Documents from a core version newer than the running version cannot be migrated\n    at Function._migrateRecord (file:///D:/Juegos/Foundry_daggerheart_git/Foundry-daggerheart/Portable-FoundryVTT-v13.348/App/resources/app/dist/database/backend/server-document.mjs:1:3713)\n    at Function._migrateDocuments (file:///D:/Juegos/Foundry_daggerheart_git/Foundry-daggerheart/Portable-FoundryVTT-v13.348/App/resources/app/dist/database/backend/server-document.mjs:1:2782)","timestamp":"2026-03-09 14:04:56"}
{"level":"error","message":"An error occurred during the migration of Item record [xliBptGTFRuJjoOB] of database \"daggerheart-advmanager.all-features\":\nError: Documents from a core version newer than the running version cannot be migrated\n    at Function._migrateRecord (file:///D:/Juegos/Foundry_daggerheart_git/Foundry-daggerheart/Portable-FoundryVTT-v13.348/App/resources/app/dist/database/backend/server-document.mjs:1:3713)\n    at Function._migrateDocuments (file:///D:/Juegos/Foundry_daggerheart_git/Foundry-daggerheart/Portable-FoundryVTT-v13.348/App/resources/app/dist/database/backend/server-document.mjs:1:2782)","timestamp":"2026-03-09 14:04:56"}
{"level":"error","message":"An error occurred during the migration of Item record [xlsl1GVOoGf5hreC] of database \"daggerheart-advmanager.all-features\":\nError: Documents from a core version newer than the running version cannot be migrated\n    at Function._migrateRecord (file:///D:/Juegos/Foundry_daggerheart_git/Foundry-daggerheart/Portable-FoundryVTT-v13.348/App/resources/app/dist/database/backend/server-document.mjs:1:3713)\n    at Function._migrateDocuments (file:///D:/Juegos/Foundry_daggerheart_git/Foundry-daggerheart/Portable-FoundryVTT-v13.348/App/resources/app/dist/database/backend/server-document.mjs:1:2782)","timestamp":"2026-03-09 14:04:56"}
{"level":"error","message":"An error occurred during the migration of Item record [y0xtu60lwTLX2IX3] of database \"daggerheart-advmanager.all-features\":\nError: Documents from a core version newer than the running version cannot be migrated\n    at Function._migrateRecord (file:///D:/Juegos/Foundry_daggerheart_git/Foundry-daggerheart/Portable-FoundryVTT-v13.348/App/resources/app/dist/database/backend/server-document.mjs:1:3713)\n    at Function._migrateDocuments (file:///D:/Juegos/Foundry_daggerheart_git/Foundry-daggerheart/Portable-FoundryVTT-v13.348/App/resources/app/dist/database/backend/server-document.mjs:1:2782)","timestamp":"2026-03-09 14:04:56"}
{"level":"error","message":"An error occurred during the migration of Item record [y100L4NlcX9ttNnw] of database \"daggerheart-advmanager.all-features\":\nError: Documents from a core version newer than the running version cannot be migrated\n    at Function._migrateRecord (file:///D:/Juegos/Foundry_daggerheart_git/Foundry-daggerheart/Portable-FoundryVTT-v13.348/App/resources/app/dist/database/backend/server-document.mjs:1:3713)\n    at Function._migrateDocuments (file:///D:/Juegos/Foundry_daggerheart_git/Foundry-daggerheart/Portable-FoundryVTT-v13.348/App/resources/app/dist/database/backend/server-document.mjs:1:2782)","timestamp":"2026-03-09 14:04:56"}
{"level":"error","message":"An error occurred during the migration of Item record [y2xZkEcgJVWMz9I5] of database \"daggerheart-advmanager.all-features\":\nError: Documents from a core version newer than the running version cannot be migrated\n    at Function._migrateRecord (file:///D:/Juegos/Foundry_daggerheart_git/Foundry-daggerheart/Portable-FoundryVTT-v13.348/App/resources/app/dist/database/backend/server-document.mjs:1:3713)\n    at Function._migrateDocuments (file:///D:/Juegos/Foundry_daggerheart_git/Foundry-daggerheart/Portable-FoundryVTT-v13.348/App/resources/app/dist/database/backend/server-document.mjs:1:2782)","timestamp":"2026-03-09 14:04:56"}
{"level":"error","message":"An error occurred during the migration of Item record [y5m7bOKUQej3kTIB] of database \"daggerheart-advmanager.all-features\":\nError: Documents from a core version newer than the running version cannot be migrated\n    at Function._migrateRecord (file:///D:/Juegos/Foundry_daggerheart_git/Foundry-daggerheart/Portable-FoundryVTT-v13.348/App/resources/app/dist/database/backend/server-document.mjs:1:3713)\n    at Function._migrateDocuments (file:///D:/Juegos/Foundry_daggerheart_git/Foundry-daggerheart/Portable-FoundryVTT-v13.348/App/resources/app/dist/database/backend/server-document.mjs:1:2782)","timestamp":"2026-03-09 14:04:56"}
{"level":"error","message":"An error occurred during the migration of Item record [y7i3Slv6fNce5rRG] of database \"daggerheart-advmanager.all-features\":\nError: Documents from a core version newer than the running version cannot be migrated\n    at Function._migrateRecord (file:///D:/Juegos/Foundry_daggerheart_git/Foundry-daggerheart/Portable-FoundryVTT-v13.348/App/resources/app/dist/database/backend/server-document.mjs:1:3713)\n    at Function._migrateDocuments (file:///D:/Juegos/Foundry_daggerheart_git/Foundry-daggerheart/Portable-FoundryVTT-v13.348/App/resources/app/dist/database/backend/server-document.mjs:1:2782)","timestamp":"2026-03-09 14:04:56"}
{"level":"error","message":"An error occurred during the migration of Item record [yHl59Ia39TPi8Kq3] of database \"daggerheart-advmanager.all-features\":\nError: Documents from a core version newer than the running version cannot be migrated\n    at Function._migrateRecord (file:///D:/Juegos/Foundry_daggerheart_git/Foundry-daggerheart/Portable-FoundryVTT-v13.348/App/resources/app/dist/database/backend/server-document.mjs:1:3713)\n    at Function._migrateDocuments (file:///D:/Juegos/Foundry_daggerheart_git/Foundry-daggerheart/Portable-FoundryVTT-v13.348/App/resources/app/dist/database/backend/server-document.mjs:1:2782)","timestamp":"2026-03-09 14:04:56"}
{"level":"error","message":"An error occurred during the migration of Item record [yKC7UMSc81TywWWF] of database \"daggerheart-advmanager.all-features\":\nError: Documents from a core version newer than the running version cannot be migrated\n    at Function._migrateRecord (file:///D:/Juegos/Foundry_daggerheart_git/Foundry-daggerheart/Portable-FoundryVTT-v13.348/App/resources/app/dist/database/backend/server-document.mjs:1:3713)\n    at Function._migrateDocuments (file:///D:/Juegos/Foundry_daggerheart_git/Foundry-daggerheart/Portable-FoundryVTT-v13.348/App/resources/app/dist/database/backend/server-document.mjs:1:2782)","timestamp":"2026-03-09 14:04:56"}
{"level":"error","message":"An error occurred during the migration of Item record [yORw3XEYOQphhuub] of database \"daggerheart-advmanager.all-features\":\nError: Documents from a core version newer than the running version cannot be migrated\n    at Function._migrateRecord (file:///D:/Juegos/Foundry_daggerheart_git/Foundry-daggerheart/Portable-FoundryVTT-v13.348/App/resources/app/dist/database/backend/server-document.mjs:1:3713)\n    at Function._migrateDocuments (file:///D:/Juegos/Foundry_daggerheart_git/Foundry-daggerheart/Portable-FoundryVTT-v13.348/App/resources/app/dist/database/backend/server-document.mjs:1:2782)","timestamp":"2026-03-09 14:04:56"}
{"level":"error","message":"An error occurred during the migration of Item record [yTI5cuYKCoBh98v9] of database \"daggerheart-advmanager.all-features\":\nError: Documents from a core version newer than the running version cannot be migrated\n    at Function._migrateRecord (file:///D:/Juegos/Foundry_daggerheart_git/Foundry-daggerheart/Portable-FoundryVTT-v13.348/App/resources/app/dist/database/backend/server-document.mjs:1:3713)\n    at Function._migrateDocuments (file:///D:/Juegos/Foundry_daggerheart_git/Foundry-daggerheart/Portable-FoundryVTT-v13.348/App/resources/app/dist/database/backend/server-document.mjs:1:2782)","timestamp":"2026-03-09 14:04:56"}
{"level":"error","message":"An error occurred during the migration of Item record [ya5a3bF5MyAo7xMV] of database \"daggerheart-advmanager.all-features\":\nError: Documents from a core version newer than the running version cannot be migrated\n    at Function._migrateRecord (file:///D:/Juegos/Foundry_daggerheart_git/Foundry-daggerheart/Portable-FoundryVTT-v13.348/App/resources/app/dist/database/backend/server-document.mjs:1:3713)\n    at Function._migrateDocuments (file:///D:/Juegos/Foundry_daggerheart_git/Foundry-daggerheart/Portable-FoundryVTT-v13.348/App/resources/app/dist/database/backend/server-document.mjs:1:2782)","timestamp":"2026-03-09 14:04:56"}
{"level":"error","message":"An error occurred during the migration of Item record [yntz0YUQmS1GlJoF] of database \"daggerheart-advmanager.all-features\":\nError: Documents from a core version newer than the running version cannot be migrated\n    at Function._migrateRecord (file:///D:/Juegos/Foundry_daggerheart_git/Foundry-daggerheart/Portable-FoundryVTT-v13.348/App/resources/app/dist/database/backend/server-document.mjs:1:3713)\n    at Function._migrateDocuments (file:///D:/Juegos/Foundry_daggerheart_git/Foundry-daggerheart/Portable-FoundryVTT-v13.348/App/resources/app/dist/database/backend/server-document.mjs:1:2782)","timestamp":"2026-03-09 14:04:56"}
{"level":"error","message":"An error occurred during the migration of Item record [ypqURBoYBr93eg5k] of database \"daggerheart-advmanager.all-features\":\nError: Documents from a core version newer than the running version cannot be migrated\n    at Function._migrateRecord (file:///D:/Juegos/Foundry_daggerheart_git/Foundry-daggerheart/Portable-FoundryVTT-v13.348/App/resources/app/dist/database/backend/server-document.mjs:1:3713)\n    at Function._migrateDocuments (file:///D:/Juegos/Foundry_daggerheart_git/Foundry-daggerheart/Portable-FoundryVTT-v13.348/App/resources/app/dist/database/backend/server-document.mjs:1:2782)","timestamp":"2026-03-09 14:04:56"}
{"level":"error","message":"An error occurred during the migration of Item record [yuV859tJtojxEev0] of database \"daggerheart-advmanager.all-features\":\nError: Documents from a core version newer than the running version cannot be migrated\n    at Function._migrateRecord (file:///D:/Juegos/Foundry_daggerheart_git/Foundry-daggerheart/Portable-FoundryVTT-v13.348/App/resources/app/dist/database/backend/server-document.mjs:1:3713)\n    at Function._migrateDocuments (file:///D:/Juegos/Foundry_daggerheart_git/Foundry-daggerheart/Portable-FoundryVTT-v13.348/App/resources/app/dist/database/backend/server-document.mjs:1:2782)","timestamp":"2026-03-09 14:04:56"}
{"level":"error","message":"An error occurred during the migration of Item record [z9ZnafwI1iHo5WsB] of database \"daggerheart-advmanager.all-features\":\nError: Documents from a core version newer than the running version cannot be migrated\n    at Function._migrateRecord (file:///D:/Juegos/Foundry_daggerheart_git/Foundry-daggerheart/Portable-FoundryVTT-v13.348/App/resources/app/dist/database/backend/server-document.mjs:1:3713)\n    at Function._migrateDocuments (file:///D:/Juegos/Foundry_daggerheart_git/Foundry-daggerheart/Portable-FoundryVTT-v13.348/App/resources/app/dist/database/backend/server-document.mjs:1:2782)","timestamp":"2026-03-09 14:04:56"}
{"level":"error","message":"An error occurred during the migration of Item record [zOvWtr3bdBwgXFBX] of database \"daggerheart-advmanager.all-features\":\nError: Documents from a core version newer than the running version cannot be migrated\n    at Function._migrateRecord (file:///D:/Juegos/Foundry_daggerheart_git/Foundry-daggerheart/Portable-FoundryVTT-v13.348/App/resources/app/dist/database/backend/server-document.mjs:1:3713)\n    at Function._migrateDocuments (file:///D:/Juegos/Foundry_daggerheart_git/Foundry-daggerheart/Portable-FoundryVTT-v13.348/App/resources/app/dist/database/backend/server-document.mjs:1:2782)","timestamp":"2026-03-09 14:04:56"}
{"level":"error","message":"An error occurred during the migration of Item record [zOyoRZPEigvqqp8B] of database \"daggerheart-advmanager.all-features\":\nError: Documents from a core version newer than the running version cannot be migrated\n    at Function._migrateRecord (file:///D:/Juegos/Foundry_daggerheart_git/Foundry-daggerheart/Portable-FoundryVTT-v13.348/App/resources/app/dist/database/backend/server-document.mjs:1:3713)\n    at Function._migrateDocuments (file:///D:/Juegos/Foundry_daggerheart_git/Foundry-daggerheart/Portable-FoundryVTT-v13.348/App/resources/app/dist/database/backend/server-document.mjs:1:2782)","timestamp":"2026-03-09 14:04:56"}
{"level":"error","message":"An error occurred during the migration of Item record [zR572rxBBpODLqHe] of database \"daggerheart-advmanager.all-features\":\nError: Documents from a core version newer than the running version cannot be migrated\n    at Function._migrateRecord (file:///D:/Juegos/Foundry_daggerheart_git/Foundry-daggerheart/Portable-FoundryVTT-v13.348/App/resources/app/dist/database/backend/server-document.mjs:1:3713)\n    at Function._migrateDocuments (file:///D:/Juegos/Foundry_daggerheart_git/Foundry-daggerheart/Portable-FoundryVTT-v13.348/App/resources/app/dist/database/backend/server-document.mjs:1:2782)","timestamp":"2026-03-09 14:04:56"}
{"level":"error","message":"An error occurred during the migration of Item record [zRn71SyKnysT8s7I] of database \"daggerheart-advmanager.all-features\":\nError: Documents from a core version newer than the running version cannot be migrated\n    at Function._migrateRecord (file:///D:/Juegos/Foundry_daggerheart_git/Foundry-daggerheart/Portable-FoundryVTT-v13.348/App/resources/app/dist/database/backend/server-document.mjs:1:3713)\n    at Function._migrateDocuments (file:///D:/Juegos/Foundry_daggerheart_git/Foundry-daggerheart/Portable-FoundryVTT-v13.348/App/resources/app/dist/database/backend/server-document.mjs:1:2782)","timestamp":"2026-03-09 14:04:56"}
{"level":"error","message":"An error occurred during the migration of Item record [zTD3MulSIc6dWNqn] of database \"daggerheart-advmanager.all-features\":\nError: Documents from a core version newer than the running version cannot be migrated\n    at Function._migrateRecord (file:///D:/Juegos/Foundry_daggerheart_git/Foundry-daggerheart/Portable-FoundryVTT-v13.348/App/resources/app/dist/database/backend/server-document.mjs:1:3713)\n    at Function._migrateDocuments (file:///D:/Juegos/Foundry_daggerheart_git/Foundry-daggerheart/Portable-FoundryVTT-v13.348/App/resources/app/dist/database/backend/server-document.mjs:1:2782)","timestamp":"2026-03-09 14:04:56"}
{"level":"error","message":"An error occurred during the migration of Item record [zZt7IqhVI6bsi6ml] of database \"daggerheart-advmanager.all-features\":\nError: Documents from a core version newer than the running version cannot be migrated\n    at Function._migrateRecord (file:///D:/Juegos/Foundry_daggerheart_git/Foundry-daggerheart/Portable-FoundryVTT-v13.348/App/resources/app/dist/database/backend/server-document.mjs:1:3713)\n    at Function._migrateDocuments (file:///D:/Juegos/Foundry_daggerheart_git/Foundry-daggerheart/Portable-FoundryVTT-v13.348/App/resources/app/dist/database/backend/server-document.mjs:1:2782)","timestamp":"2026-03-09 14:04:56"}
{"level":"error","message":"An error occurred during the migration of Item record [zh1b56CINKMb7gv9] of database \"daggerheart-advmanager.all-features\":\nError: Documents from a core version newer than the running version cannot be migrated\n    at Function._migrateRecord (file:///D:/Juegos/Foundry_daggerheart_git/Foundry-daggerheart/Portable-FoundryVTT-v13.348/App/resources/app/dist/database/backend/server-document.mjs:1:3713)\n    at Function._migrateDocuments (file:///D:/Juegos/Foundry_daggerheart_git/Foundry-daggerheart/Portable-FoundryVTT-v13.348/App/resources/app/dist/database/backend/server-document.mjs:1:2782)","timestamp":"2026-03-09 14:04:56"}
{"level":"error","message":"An error occurred during the migration of Item record [zknpuH5Fx2xXEFpE] of database \"daggerheart-advmanager.all-features\":\nError: Documents from a core version newer than the running version cannot be migrated\n    at Function._migrateRecord (file:///D:/Juegos/Foundry_daggerheart_git/Foundry-daggerheart/Portable-FoundryVTT-v13.348/App/resources/app/dist/database/backend/server-document.mjs:1:3713)\n    at Function._migrateDocuments (file:///D:/Juegos/Foundry_daggerheart_git/Foundry-daggerheart/Portable-FoundryVTT-v13.348/App/resources/app/dist/database/backend/server-document.mjs:1:2782)","timestamp":"2026-03-09 14:04:56"}
{"level":"error","message":"An error occurred during the migration of Item record [zlDJGBI9X8CJg2d5] of database \"daggerheart-advmanager.all-features\":\nError: Documents from a core version newer than the running version cannot be migrated\n    at Function._migrateRecord (file:///D:/Juegos/Foundry_daggerheart_git/Foundry-daggerheart/Portable-FoundryVTT-v13.348/App/resources/app/dist/database/backend/server-document.mjs:1:3713)\n    at Function._migrateDocuments (file:///D:/Juegos/Foundry_daggerheart_git/Foundry-daggerheart/Portable-FoundryVTT-v13.348/App/resources/app/dist/database/backend/server-document.mjs:1:2782)","timestamp":"2026-03-09 14:04:56"}
{"level":"warn","message":"Database daggerheart-advmanager.all-features was not fully migrated due to errors during migration.","timestamp":"2026-03-09 14:04:56"}
{"level":"error","message":"An error occurred during the migration of Macro record [WbRm9MnIxX51Svky] of database \"daggerheart-advmanager.macros\":\nError: Documents from a core version newer than the running version cannot be migrated\n    at Function._migrateRecord (file:///D:/Juegos/Foundry_daggerheart_git/Foundry-daggerheart/Portable-FoundryVTT-v13.348/App/resources/app/dist/database/backend/server-document.mjs:1:3713)\n    at Function._migrateDocuments (file:///D:/Juegos/Foundry_daggerheart_git/Foundry-daggerheart/Portable-FoundryVTT-v13.348/App/resources/app/dist/database/backend/server-document.mjs:1:2782)","timestamp":"2026-03-09 14:04:56"}
{"level":"error","message":"An error occurred during the migration of Macro record [X5uzGSPS5UfmB8rd] of database \"daggerheart-advmanager.macros\":\nError: Documents from a core version newer than the running version cannot be migrated\n    at Function._migrateRecord (file:///D:/Juegos/Foundry_daggerheart_git/Foundry-daggerheart/Portable-FoundryVTT-v13.348/App/resources/app/dist/database/backend/server-document.mjs:1:3713)\n    at Function._migrateDocuments (file:///D:/Juegos/Foundry_daggerheart_git/Foundry-daggerheart/Portable-FoundryVTT-v13.348/App/resources/app/dist/database/backend/server-document.mjs:1:2782)","timestamp":"2026-03-09 14:04:56"}
{"level":"error","message":"An error occurred during the migration of Macro record [mELB8HfT2k7k3YwQ] of database \"daggerheart-advmanager.macros\":\nError: Documents from a core version newer than the running version cannot be migrated\n    at Function._migrateRecord (file:///D:/Juegos/Foundry_daggerheart_git/Foundry-daggerheart/Portable-FoundryVTT-v13.348/App/resources/app/dist/database/backend/server-document.mjs:1:3713)\n    at Function._migrateDocuments (file:///D:/Juegos/Foundry_daggerheart_git/Foundry-daggerheart/Portable-FoundryVTT-v13.348/App/resources/app/dist/database/backend/server-document.mjs:1:2782)","timestamp":"2026-03-09 14:04:56"}
{"level":"error","message":"An error occurred during the migration of Macro record [tx5BOb4uDCCj7fEO] of database \"daggerheart-advmanager.macros\":\nError: Documents from a core version newer than the running version cannot be migrated\n    at Function._migrateRecord (file:///D:/Juegos/Foundry_daggerheart_git/Foundry-daggerheart/Portable-FoundryVTT-v13.348/App/resources/app/dist/database/backend/server-document.mjs:1:3713)\n    at Function._migrateDocuments (file:///D:/Juegos/Foundry_daggerheart_git/Foundry-daggerheart/Portable-FoundryVTT-v13.348/App/resources/app/dist/database/backend/server-document.mjs:1:2782)","timestamp":"2026-03-09 14:04:56"}
{"level":"error","message":"An error occurred during the migration of Macro record [uvAlpxWSA3uVepDq] of database \"daggerheart-advmanager.macros\":\nError: Documents from a core version newer than the running version cannot be migrated\n    at Function._migrateRecord (file:///D:/Juegos/Foundry_daggerheart_git/Foundry-daggerheart/Portable-FoundryVTT-v13.348/App/resources/app/dist/database/backend/server-document.mjs:1:3713)\n    at Function._migrateDocuments (file:///D:/Juegos/Foundry_daggerheart_git/Foundry-daggerheart/Portable-FoundryVTT-v13.348/App/resources/app/dist/database/backend/server-document.mjs:1:2782)","timestamp":"2026-03-09 14:04:56"}
{"level":"warn","message":"Database daggerheart-advmanager.macros was not fully migrated due to errors during migration.","timestamp":"2026-03-09 14:04:56"}
{"level":"error","message":"An error occurred during the migration of Actor record [3QuaJOFf07f1Gpnb] of database \"daggerheart-advmanager.templates\":\nError: Documents from a core version newer than the running version cannot be migrated\n    at Function._migrateRecord (file:///D:/Juegos/Foundry_daggerheart_git/Foundry-daggerheart/Portable-FoundryVTT-v13.348/App/resources/app/dist/database/backend/server-document.mjs:1:3713)\n    at Function._migrateDocuments (file:///D:/Juegos/Foundry_daggerheart_git/Foundry-daggerheart/Portable-FoundryVTT-v13.348/App/resources/app/dist/database/backend/server-document.mjs:1:2782)","timestamp":"2026-03-09 14:04:56"}
{"level":"error","message":"An error occurred during the migration of Actor record [7cG2Zzf72jPSPRW0] of database \"daggerheart-advmanager.templates\":\nError: Documents from a core version newer than the running version cannot be migrated\n    at Function._migrateRecord (file:///D:/Juegos/Foundry_daggerheart_git/Foundry-daggerheart/Portable-FoundryVTT-v13.348/App/resources/app/dist/database/backend/server-document.mjs:1:3713)\n    at Function._migrateDocuments (file:///D:/Juegos/Foundry_daggerheart_git/Foundry-daggerheart/Portable-FoundryVTT-v13.348/App/resources/app/dist/database/backend/server-document.mjs:1:2782)","timestamp":"2026-03-09 14:04:56"}
{"level":"error","message":"An error occurred during the migration of Actor record [JRAT3njXd89IVgd2] of database \"daggerheart-advmanager.templates\":\nError: Documents from a core version newer than the running version cannot be migrated\n    at Function._migrateRecord (file:///D:/Juegos/Foundry_daggerheart_git/Foundry-daggerheart/Portable-FoundryVTT-v13.348/App/resources/app/dist/database/backend/server-document.mjs:1:3713)\n    at Function._migrateDocuments (file:///D:/Juegos/Foundry_daggerheart_git/Foundry-daggerheart/Portable-FoundryVTT-v13.348/App/resources/app/dist/database/backend/server-document.mjs:1:2782)","timestamp":"2026-03-09 14:04:56"}
{"level":"error","message":"An error occurred during the migration of Actor record [UcCs67D4Bdynvz0K] of database \"daggerheart-advmanager.templates\":\nError: Documents from a core version newer than the running version cannot be migrated\n    at Function._migrateRecord (file:///D:/Juegos/Foundry_daggerheart_git/Foundry-daggerheart/Portable-FoundryVTT-v13.348/App/resources/app/dist/database/backend/server-document.mjs:1:3713)\n    at Function._migrateDocuments (file:///D:/Juegos/Foundry_daggerheart_git/Foundry-daggerheart/Portable-FoundryVTT-v13.348/App/resources/app/dist/database/backend/server-document.mjs:1:2782)","timestamp":"2026-03-09 14:04:56"}
{"level":"error","message":"An error occurred during the migration of Actor record [XCRpdycNjpNsYZgL] of database \"daggerheart-advmanager.templates\":\nError: Documents from a core version newer than the running version cannot be migrated\n    at Function._migrateRecord (file:///D:/Juegos/Foundry_daggerheart_git/Foundry-daggerheart/Portable-FoundryVTT-v13.348/App/resources/app/dist/database/backend/server-document.mjs:1:3713)\n    at Function._migrateDocuments (file:///D:/Juegos/Foundry_daggerheart_git/Foundry-daggerheart/Portable-FoundryVTT-v13.348/App/resources/app/dist/database/backend/server-document.mjs:1:2782)","timestamp":"2026-03-09 14:04:56"}
{"level":"error","message":"An error occurred during the migration of Actor record [imvP9Fn4CyNGbpr0] of database \"daggerheart-advmanager.templates\":\nError: Documents from a core version newer than the running version cannot be migrated\n    at Function._migrateRecord (file:///D:/Juegos/Foundry_daggerheart_git/Foundry-daggerheart/Portable-FoundryVTT-v13.348/App/resources/app/dist/database/backend/server-document.mjs:1:3713)\n    at Function._migrateDocuments (file:///D:/Juegos/Foundry_daggerheart_git/Foundry-daggerheart/Portable-FoundryVTT-v13.348/App/resources/app/dist/database/backend/server-document.mjs:1:2782)","timestamp":"2026-03-09 14:04:56"}
{"level":"error","message":"An error occurred during the migration of Actor record [nncDKO2OaTh8mJE2] of database \"daggerheart-advmanager.templates\":\nError: Documents from a core version newer than the running version cannot be migrated\n    at Function._migrateRecord (file:///D:/Juegos/Foundry_daggerheart_git/Foundry-daggerheart/Portable-FoundryVTT-v13.348/App/resources/app/dist/database/backend/server-document.mjs:1:3713)\n    at Function._migrateDocuments (file:///D:/Juegos/Foundry_daggerheart_git/Foundry-daggerheart/Portable-FoundryVTT-v13.348/App/resources/app/dist/database/backend/server-document.mjs:1:2782)","timestamp":"2026-03-09 14:04:56"}
{"level":"error","message":"An error occurred during the migration of Actor record [os0kYaAWk16oKuEQ] of database \"daggerheart-advmanager.templates\":\nError: Documents from a core version newer than the running version cannot be migrated\n    at Function._migrateRecord (file:///D:/Juegos/Foundry_daggerheart_git/Foundry-daggerheart/Portable-FoundryVTT-v13.348/App/resources/app/dist/database/backend/server-document.mjs:1:3713)\n    at Function._migrateDocuments (file:///D:/Juegos/Foundry_daggerheart_git/Foundry-daggerheart/Portable-FoundryVTT-v13.348/App/resources/app/dist/database/backend/server-document.mjs:1:2782)","timestamp":"2026-03-09 14:04:56"}
{"level":"error","message":"An error occurred during the migration of Actor record [svn5cSZDB2K7xKUb] of database \"daggerheart-advmanager.templates\":\nError: Documents from a core version newer than the running version cannot be migrated\n    at Function._migrateRecord (file:///D:/Juegos/Foundry_daggerheart_git/Foundry-daggerheart/Portable-FoundryVTT-v13.348/App/resources/app/dist/database/backend/server-document.mjs:1:3713)\n    at Function._migrateDocuments (file:///D:/Juegos/Foundry_daggerheart_git/Foundry-daggerheart/Portable-FoundryVTT-v13.348/App/resources/app/dist/database/backend/server-document.mjs:1:2782)","timestamp":"2026-03-09 14:04:56"}
{"level":"error","message":"An error occurred during the migration of Actor record [yMO82g01P4RVB92T] of database \"daggerheart-advmanager.templates\":\nError: Documents from a core version newer than the running version cannot be migrated\n    at Function._migrateRecord (file:///D:/Juegos/Foundry_daggerheart_git/Foundry-daggerheart/Portable-FoundryVTT-v13.348/App/resources/app/dist/database/backend/server-document.mjs:1:3713)\n    at Function._migrateDocuments (file:///D:/Juegos/Foundry_daggerheart_git/Foundry-daggerheart/Portable-FoundryVTT-v13.348/App/resources/app/dist/database/backend/server-document.mjs:1:2782)","timestamp":"2026-03-09 14:04:56"}
{"level":"warn","message":"Database daggerheart-advmanager.templates was not fully migrated due to errors during migration.","timestamp":"2026-03-09 14:04:56"}
{"level":"error","message":"An error occurred during the migration of JournalEntry record [0HoIamgOonkR18O4] of database \"daggerheart-quickrules.quickrules\":\nError: Documents from a core version newer than the running version cannot be migrated\n    at Function._migrateRecord (file:///D:/Juegos/Foundry_daggerheart_git/Foundry-daggerheart/Portable-FoundryVTT-v13.348/App/resources/app/dist/database/backend/server-document.mjs:1:3713)\n    at Function._migrateDocuments (file:///D:/Juegos/Foundry_daggerheart_git/Foundry-daggerheart/Portable-FoundryVTT-v13.348/App/resources/app/dist/database/backend/server-document.mjs:1:2782)","timestamp":"2026-03-09 14:04:56"}
{"level":"warn","message":"Database daggerheart-quickrules.quickrules was not fully migrated due to errors during migration.","timestamp":"2026-03-09 14:04:56"}
{"level":"error","message":"An error occurred during the migration of Macro record [086BACDhwjoSfMJT] of database \"daggerheart-quickrules.macros\":\nError: Documents from a core version newer than the running version cannot be migrated\n    at Function._migrateRecord (file:///D:/Juegos/Foundry_daggerheart_git/Foundry-daggerheart/Portable-FoundryVTT-v13.348/App/resources/app/dist/database/backend/server-document.mjs:1:3713)\n    at Function._migrateDocuments (file:///D:/Juegos/Foundry_daggerheart_git/Foundry-daggerheart/Portable-FoundryVTT-v13.348/App/resources/app/dist/database/backend/server-document.mjs:1:2782)","timestamp":"2026-03-09 14:04:56"}
{"level":"error","message":"An error occurred during the migration of Macro record [C7DfAjaPcDZcyZPb] of database \"daggerheart-quickrules.macros\":\nError: Documents from a core version newer than the running version cannot be migrated\n    at Function._migrateRecord (file:///D:/Juegos/Foundry_daggerheart_git/Foundry-daggerheart/Portable-FoundryVTT-v13.348/App/resources/app/dist/database/backend/server-document.mjs:1:3713)\n    at Function._migrateDocuments (file:///D:/Juegos/Foundry_daggerheart_git/Foundry-daggerheart/Portable-FoundryVTT-v13.348/App/resources/app/dist/database/backend/server-document.mjs:1:2782)","timestamp":"2026-03-09 14:04:56"}
{"level":"error","message":"An error occurred during the migration of Macro record [U7DIFavJ2nzUNPTF] of database \"daggerheart-quickrules.macros\":\nError: Documents from a core version newer than the running version cannot be migrated\n    at Function._migrateRecord (file:///D:/Juegos/Foundry_daggerheart_git/Foundry-daggerheart/Portable-FoundryVTT-v13.348/App/resources/app/dist/database/backend/server-document.mjs:1:3713)\n    at Function._migrateDocuments (file:///D:/Juegos/Foundry_daggerheart_git/Foundry-daggerheart/Portable-FoundryVTT-v13.348/App/resources/app/dist/database/backend/server-document.mjs:1:2782)","timestamp":"2026-03-09 14:04:56"}
{"level":"warn","message":"Database daggerheart-quickrules.macros was not fully migrated due to errors during migration.","timestamp":"2026-03-09 14:04:56"}
{"level":"error","message":"An error occurred during the migration of Item record [2hblPS6kI8KWiHqn] of database \"daggerheart-store.general-items\":\nError: Documents from a core version newer than the running version cannot be migrated\n    at Function._migrateRecord (file:///D:/Juegos/Foundry_daggerheart_git/Foundry-daggerheart/Portable-FoundryVTT-v13.348/App/resources/app/dist/database/backend/server-document.mjs:1:3713)\n    at Function._migrateDocuments (file:///D:/Juegos/Foundry_daggerheart_git/Foundry-daggerheart/Portable-FoundryVTT-v13.348/App/resources/app/dist/database/backend/server-document.mjs:1:2782)","timestamp":"2026-03-09 14:04:56"}
{"level":"error","message":"An error occurred during the migration of Item record [6pfBxfn5I3zW8Y9u] of database \"daggerheart-store.general-items\":\nError: Documents from a core version newer than the running version cannot be migrated\n    at Function._migrateRecord (file:///D:/Juegos/Foundry_daggerheart_git/Foundry-daggerheart/Portable-FoundryVTT-v13.348/App/resources/app/dist/database/backend/server-document.mjs:1:3713)\n    at Function._migrateDocuments (file:///D:/Juegos/Foundry_daggerheart_git/Foundry-daggerheart/Portable-FoundryVTT-v13.348/App/resources/app/dist/database/backend/server-document.mjs:1:2782)","timestamp":"2026-03-09 14:04:56"}
{"level":"error","message":"An error occurred during the migration of Item record [8Avrvxq6eoVpZdc3] of database \"daggerheart-store.general-items\":\nError: Documents from a core version newer than the running version cannot be migrated\n    at Function._migrateRecord (file:///D:/Juegos/Foundry_daggerheart_git/Foundry-daggerheart/Portable-FoundryVTT-v13.348/App/resources/app/dist/database/backend/server-document.mjs:1:3713)\n    at Function._migrateDocuments (file:///D:/Juegos/Foundry_daggerheart_git/Foundry-daggerheart/Portable-FoundryVTT-v13.348/App/resources/app/dist/database/backend/server-document.mjs:1:2782)","timestamp":"2026-03-09 14:04:56"}
{"level":"error","message":"An error occurred during the migration of Item record [DQ47HttEtNn2dPPM] of database \"daggerheart-store.general-items\":\nError: Documents from a core version newer than the running version cannot be migrated\n    at Function._migrateRecord (file:///D:/Juegos/Foundry_daggerheart_git/Foundry-daggerheart/Portable-FoundryVTT-v13.348/App/resources/app/dist/database/backend/server-document.mjs:1:3713)\n    at Function._migrateDocuments (file:///D:/Juegos/Foundry_daggerheart_git/Foundry-daggerheart/Portable-FoundryVTT-v13.348/App/resources/app/dist/database/backend/server-document.mjs:1:2782)","timestamp":"2026-03-09 14:04:56"}
{"level":"error","message":"An error occurred during the migration of Item record [ENxbZvy8uqHBJkZj] of database \"daggerheart-store.general-items\":\nError: Documents from a core version newer than the running version cannot be migrated\n    at Function._migrateRecord (file:///D:/Juegos/Foundry_daggerheart_git/Foundry-daggerheart/Portable-FoundryVTT-v13.348/App/resources/app/dist/database/backend/server-document.mjs:1:3713)\n    at Function._migrateDocuments (file:///D:/Juegos/Foundry_daggerheart_git/Foundry-daggerheart/Portable-FoundryVTT-v13.348/App/resources/app/dist/database/backend/server-document.mjs:1:2782)","timestamp":"2026-03-09 14:04:56"}
{"level":"error","message":"An error occurred during the migration of Item record [GZDZMCcmNUwwMdNQ] of database \"daggerheart-store.general-items\":\nError: Documents from a core version newer than the running version cannot be migrated\n    at Function._migrateRecord (file:///D:/Juegos/Foundry_daggerheart_git/Foundry-daggerheart/Portable-FoundryVTT-v13.348/App/resources/app/dist/database/backend/server-document.mjs:1:3713)\n    at Function._migrateDocuments (file:///D:/Juegos/Foundry_daggerheart_git/Foundry-daggerheart/Portable-FoundryVTT-v13.348/App/resources/app/dist/database/backend/server-document.mjs:1:2782)","timestamp":"2026-03-09 14:04:56"}
{"level":"error","message":"An error occurred during the migration of Item record [IdDRgCvBwBKnJ3fq] of database \"daggerheart-store.general-items\":\nError: Documents from a core version newer than the running version cannot be migrated\n    at Function._migrateRecord (file:///D:/Juegos/Foundry_daggerheart_git/Foundry-daggerheart/Portable-FoundryVTT-v13.348/App/resources/app/dist/database/backend/server-document.mjs:1:3713)\n    at Function._migrateDocuments (file:///D:/Juegos/Foundry_daggerheart_git/Foundry-daggerheart/Portable-FoundryVTT-v13.348/App/resources/app/dist/database/backend/server-document.mjs:1:2782)","timestamp":"2026-03-09 14:04:56"}
{"level":"error","message":"An error occurred during the migration of Item record [KDf6jWtCRuDgDBY7] of database \"daggerheart-store.general-items\":\nError: Documents from a core version newer than the running version cannot be migrated\n    at Function._migrateRecord (file:///D:/Juegos/Foundry_daggerheart_git/Foundry-daggerheart/Portable-FoundryVTT-v13.348/App/resources/app/dist/database/backend/server-document.mjs:1:3713)\n    at Function._migrateDocuments (file:///D:/Juegos/Foundry_daggerheart_git/Foundry-daggerheart/Portable-FoundryVTT-v13.348/App/resources/app/dist/database/backend/server-document.mjs:1:2782)","timestamp":"2026-03-09 14:04:56"}
{"level":"error","message":"An error occurred during the migration of Item record [KNVjlKNSVodaxgNi] of database \"daggerheart-store.general-items\":\nError: Documents from a core version newer than the running version cannot be migrated\n    at Function._migrateRecord (file:///D:/Juegos/Foundry_daggerheart_git/Foundry-daggerheart/Portable-FoundryVTT-v13.348/App/resources/app/dist/database/backend/server-document.mjs:1:3713)\n    at Function._migrateDocuments (file:///D:/Juegos/Foundry_daggerheart_git/Foundry-daggerheart/Portable-FoundryVTT-v13.348/App/resources/app/dist/database/backend/server-document.mjs:1:2782)","timestamp":"2026-03-09 14:04:56"}
{"level":"error","message":"An error occurred during the migration of Item record [MTIQMFKmS3XAnCfG] of database \"daggerheart-store.general-items\":\nError: Documents from a core version newer than the running version cannot be migrated\n    at Function._migrateRecord (file:///D:/Juegos/Foundry_daggerheart_git/Foundry-daggerheart/Portable-FoundryVTT-v13.348/App/resources/app/dist/database/backend/server-document.mjs:1:3713)\n    at Function._migrateDocuments (file:///D:/Juegos/Foundry_daggerheart_git/Foundry-daggerheart/Portable-FoundryVTT-v13.348/App/resources/app/dist/database/backend/server-document.mjs:1:2782)","timestamp":"2026-03-09 14:04:56"}
{"level":"error","message":"An error occurred during the migration of Item record [N7akjlJrCivDOSTa] of database \"daggerheart-store.general-items\":\nError: Documents from a core version newer than the running version cannot be migrated\n    at Function._migrateRecord (file:///D:/Juegos/Foundry_daggerheart_git/Foundry-daggerheart/Portable-FoundryVTT-v13.348/App/resources/app/dist/database/backend/server-document.mjs:1:3713)\n    at Function._migrateDocuments (file:///D:/Juegos/Foundry_daggerheart_git/Foundry-daggerheart/Portable-FoundryVTT-v13.348/App/resources/app/dist/database/backend/server-document.mjs:1:2782)","timestamp":"2026-03-09 14:04:56"}
{"level":"error","message":"An error occurred during the migration of Item record [NWk9KxMIsem9i9ST] of database \"daggerheart-store.general-items\":\nError: Documents from a core version newer than the running version cannot be migrated\n    at Function._migrateRecord (file:///D:/Juegos/Foundry_daggerheart_git/Foundry-daggerheart/Portable-FoundryVTT-v13.348/App/resources/app/dist/database/backend/server-document.mjs:1:3713)\n    at Function._migrateDocuments (file:///D:/Juegos/Foundry_daggerheart_git/Foundry-daggerheart/Portable-FoundryVTT-v13.348/App/resources/app/dist/database/backend/server-document.mjs:1:2782)","timestamp":"2026-03-09 14:04:56"}
{"level":"error","message":"An error occurred during the migration of Item record [QdcEZZpiy4JaMHZl] of database \"daggerheart-store.general-items\":\nError: Documents from a core version newer than the running version cannot be migrated\n    at Function._migrateRecord (file:///D:/Juegos/Foundry_daggerheart_git/Foundry-daggerheart/Portable-FoundryVTT-v13.348/App/resources/app/dist/database/backend/server-document.mjs:1:3713)\n    at Function._migrateDocuments (file:///D:/Juegos/Foundry_daggerheart_git/Foundry-daggerheart/Portable-FoundryVTT-v13.348/App/resources/app/dist/database/backend/server-document.mjs:1:2782)","timestamp":"2026-03-09 14:04:56"}
{"level":"error","message":"An error occurred during the migration of Item record [Ucx76Xza00mjIELy] of database \"daggerheart-store.general-items\":\nError: Documents from a core version newer than the running version cannot be migrated\n    at Function._migrateRecord (file:///D:/Juegos/Foundry_daggerheart_git/Foundry-daggerheart/Portable-FoundryVTT-v13.348/App/resources/app/dist/database/backend/server-document.mjs:1:3713)\n    at Function._migrateDocuments (file:///D:/Juegos/Foundry_daggerheart_git/Foundry-daggerheart/Portable-FoundryVTT-v13.348/App/resources/app/dist/database/backend/server-document.mjs:1:2782)","timestamp":"2026-03-09 14:04:56"}
{"level":"error","message":"An error occurred during the migration of Item record [Ul2qrgi3xXTStsmj] of database \"daggerheart-store.general-items\":\nError: Documents from a core version newer than the running version cannot be migrated\n    at Function._migrateRecord (file:///D:/Juegos/Foundry_daggerheart_git/Foundry-daggerheart/Portable-FoundryVTT-v13.348/App/resources/app/dist/database/backend/server-document.mjs:1:3713)\n    at Function._migrateDocuments (file:///D:/Juegos/Foundry_daggerheart_git/Foundry-daggerheart/Portable-FoundryVTT-v13.348/App/resources/app/dist/database/backend/server-document.mjs:1:2782)","timestamp":"2026-03-09 14:04:56"}
{"level":"error","message":"An error occurred during the migration of Item record [V1a8Ce4oOc2Awn3U] of database \"daggerheart-store.general-items\":\nError: Documents from a core version newer than the running version cannot be migrated\n    at Function._migrateRecord (file:///D:/Juegos/Foundry_daggerheart_git/Foundry-daggerheart/Portable-FoundryVTT-v13.348/App/resources/app/dist/database/backend/server-document.mjs:1:3713)\n    at Function._migrateDocuments (file:///D:/Juegos/Foundry_daggerheart_git/Foundry-daggerheart/Portable-FoundryVTT-v13.348/App/resources/app/dist/database/backend/server-document.mjs:1:2782)","timestamp":"2026-03-09 14:04:56"}
{"level":"error","message":"An error occurred during the migration of Item record [VaO9Trmbd379EIAo] of database \"daggerheart-store.general-items\":\nError: Documents from a core version newer than the running version cannot be migrated\n    at Function._migrateRecord (file:///D:/Juegos/Foundry_daggerheart_git/Foundry-daggerheart/Portable-FoundryVTT-v13.348/App/resources/app/dist/database/backend/server-document.mjs:1:3713)\n    at Function._migrateDocuments (file:///D:/Juegos/Foundry_daggerheart_git/Foundry-daggerheart/Portable-FoundryVTT-v13.348/App/resources/app/dist/database/backend/server-document.mjs:1:2782)","timestamp":"2026-03-09 14:04:56"}
{"level":"error","message":"An error occurred during the migration of Item record [ZYgoaymIkWI7dQmA] of database \"daggerheart-store.general-items\":\nError: Documents from a core version newer than the running version cannot be migrated\n    at Function._migrateRecord (file:///D:/Juegos/Foundry_daggerheart_git/Foundry-daggerheart/Portable-FoundryVTT-v13.348/App/resources/app/dist/database/backend/server-document.mjs:1:3713)\n    at Function._migrateDocuments (file:///D:/Juegos/Foundry_daggerheart_git/Foundry-daggerheart/Portable-FoundryVTT-v13.348/App/resources/app/dist/database/backend/server-document.mjs:1:2782)","timestamp":"2026-03-09 14:04:56"}
{"level":"error","message":"An error occurred during the migration of Item record [cyOu8zJdwHO6dkDs] of database \"daggerheart-store.general-items\":\nError: Documents from a core version newer than the running version cannot be migrated\n    at Function._migrateRecord (file:///D:/Juegos/Foundry_daggerheart_git/Foundry-daggerheart/Portable-FoundryVTT-v13.348/App/resources/app/dist/database/backend/server-document.mjs:1:3713)\n    at Function._migrateDocuments (file:///D:/Juegos/Foundry_daggerheart_git/Foundry-daggerheart/Portable-FoundryVTT-v13.348/App/resources/app/dist/database/backend/server-document.mjs:1:2782)","timestamp":"2026-03-09 14:04:56"}
{"level":"error","message":"An error occurred during the migration of Item record [dOO0MiljFRQ4R6uq] of database \"daggerheart-store.general-items\":\nError: Documents from a core version newer than the running version cannot be migrated\n    at Function._migrateRecord (file:///D:/Juegos/Foundry_daggerheart_git/Foundry-daggerheart/Portable-FoundryVTT-v13.348/App/resources/app/dist/database/backend/server-document.mjs:1:3713)\n    at Function._migrateDocuments (file:///D:/Juegos/Foundry_daggerheart_git/Foundry-daggerheart/Portable-FoundryVTT-v13.348/App/resources/app/dist/database/backend/server-document.mjs:1:2782)","timestamp":"2026-03-09 14:04:56"}
{"level":"error","message":"An error occurred during the migration of Item record [jteolML5GNTbw4S7] of database \"daggerheart-store.general-items\":\nError: Documents from a core version newer than the running version cannot be migrated\n    at Function._migrateRecord (file:///D:/Juegos/Foundry_daggerheart_git/Foundry-daggerheart/Portable-FoundryVTT-v13.348/App/resources/app/dist/database/backend/server-document.mjs:1:3713)\n    at Function._migrateDocuments (file:///D:/Juegos/Foundry_daggerheart_git/Foundry-daggerheart/Portable-FoundryVTT-v13.348/App/resources/app/dist/database/backend/server-document.mjs:1:2782)","timestamp":"2026-03-09 14:04:56"}
{"level":"error","message":"An error occurred during the migration of Item record [kHzMNenhB3rX55Ux] of database \"daggerheart-store.general-items\":\nError: Documents from a core version newer than the running version cannot be migrated\n    at Function._migrateRecord (file:///D:/Juegos/Foundry_daggerheart_git/Foundry-daggerheart/Portable-FoundryVTT-v13.348/App/resources/app/dist/database/backend/server-document.mjs:1:3713)\n    at Function._migrateDocuments (file:///D:/Juegos/Foundry_daggerheart_git/Foundry-daggerheart/Portable-FoundryVTT-v13.348/App/resources/app/dist/database/backend/server-document.mjs:1:2782)","timestamp":"2026-03-09 14:04:56"}
{"level":"error","message":"An error occurred during the migration of Item record [pFgpjOHQJH7Hb1G1] of database \"daggerheart-store.general-items\":\nError: Documents from a core version newer than the running version cannot be migrated\n    at Function._migrateRecord (file:///D:/Juegos/Foundry_daggerheart_git/Foundry-daggerheart/Portable-FoundryVTT-v13.348/App/resources/app/dist/database/backend/server-document.mjs:1:3713)\n    at Function._migrateDocuments (file:///D:/Juegos/Foundry_daggerheart_git/Foundry-daggerheart/Portable-FoundryVTT-v13.348/App/resources/app/dist/database/backend/server-document.mjs:1:2782)","timestamp":"2026-03-09 14:04:56"}
{"level":"error","message":"An error occurred during the migration of Item record [pMpRp5mHb0ciEGgo] of database \"daggerheart-store.general-items\":\nError: Documents from a core version newer than the running version cannot be migrated\n    at Function._migrateRecord (file:///D:/Juegos/Foundry_daggerheart_git/Foundry-daggerheart/Portable-FoundryVTT-v13.348/App/resources/app/dist/database/backend/server-document.mjs:1:3713)\n    at Function._migrateDocuments (file:///D:/Juegos/Foundry_daggerheart_git/Foundry-daggerheart/Portable-FoundryVTT-v13.348/App/resources/app/dist/database/backend/server-document.mjs:1:2782)","timestamp":"2026-03-09 14:04:56"}
{"level":"error","message":"An error occurred during the migration of Item record [q0V5Jx1Mv2ourVtA] of database \"daggerheart-store.general-items\":\nError: Documents from a core version newer than the running version cannot be migrated\n    at Function._migrateRecord (file:///D:/Juegos/Foundry_daggerheart_git/Foundry-daggerheart/Portable-FoundryVTT-v13.348/App/resources/app/dist/database/backend/server-document.mjs:1:3713)\n    at Function._migrateDocuments (file:///D:/Juegos/Foundry_daggerheart_git/Foundry-daggerheart/Portable-FoundryVTT-v13.348/App/resources/app/dist/database/backend/server-document.mjs:1:2782)","timestamp":"2026-03-09 14:04:56"}
{"level":"error","message":"An error occurred during the migration of Item record [qzkICUNH2P5owsIu] of database \"daggerheart-store.general-items\":\nError: Documents from a core version newer than the running version cannot be migrated\n    at Function._migrateRecord (file:///D:/Juegos/Foundry_daggerheart_git/Foundry-daggerheart/Portable-FoundryVTT-v13.348/App/resources/app/dist/database/backend/server-document.mjs:1:3713)\n    at Function._migrateDocuments (file:///D:/Juegos/Foundry_daggerheart_git/Foundry-daggerheart/Portable-FoundryVTT-v13.348/App/resources/app/dist/database/backend/server-document.mjs:1:2782)","timestamp":"2026-03-09 14:04:56"}
{"level":"error","message":"An error occurred during the migration of Item record [sXcYxL89czvFCeKf] of database \"daggerheart-store.general-items\":\nError: Documents from a core version newer than the running version cannot be migrated\n    at Function._migrateRecord (file:///D:/Juegos/Foundry_daggerheart_git/Foundry-daggerheart/Portable-FoundryVTT-v13.348/App/resources/app/dist/database/backend/server-document.mjs:1:3713)\n    at Function._migrateDocuments (file:///D:/Juegos/Foundry_daggerheart_git/Foundry-daggerheart/Portable-FoundryVTT-v13.348/App/resources/app/dist/database/backend/server-document.mjs:1:2782)","timestamp":"2026-03-09 14:04:56"}
{"level":"error","message":"An error occurred during the migration of Item record [xFxOWUUaaBCzsqNk] of database \"daggerheart-store.general-items\":\nError: Documents from a core version newer than the running version cannot be migrated\n    at Function._migrateRecord (file:///D:/Juegos/Foundry_daggerheart_git/Foundry-daggerheart/Portable-FoundryVTT-v13.348/App/resources/app/dist/database/backend/server-document.mjs:1:3713)\n    at Function._migrateDocuments (file:///D:/Juegos/Foundry_daggerheart_git/Foundry-daggerheart/Portable-FoundryVTT-v13.348/App/resources/app/dist/database/backend/server-document.mjs:1:2782)","timestamp":"2026-03-09 14:04:56"}
{"level":"error","message":"An error occurred during the migration of Item record [zleEYOAwnJCAoTek] of database \"daggerheart-store.general-items\":\nError: Documents from a core version newer than the running version cannot be migrated\n    at Function._migrateRecord (file:///D:/Juegos/Foundry_daggerheart_git/Foundry-daggerheart/Portable-FoundryVTT-v13.348/App/resources/app/dist/database/backend/server-document.mjs:1:3713)\n    at Function._migrateDocuments (file:///D:/Juegos/Foundry_daggerheart_git/Foundry-daggerheart/Portable-FoundryVTT-v13.348/App/resources/app/dist/database/backend/server-document.mjs:1:2782)","timestamp":"2026-03-09 14:04:56"}
{"level":"warn","message":"Database daggerheart-store.general-items was not fully migrated due to errors during migration.","timestamp":"2026-03-09 14:04:56"}
{"level":"error","message":"An error occurred during the migration of Macro record [d3GkUwZzrxbSv2VF] of database \"daggerheart-store.macros\":\nError: Documents from a core version newer than the running version cannot be migrated\n    at Function._migrateRecord (file:///D:/Juegos/Foundry_daggerheart_git/Foundry-daggerheart/Portable-FoundryVTT-v13.348/App/resources/app/dist/database/backend/server-document.mjs:1:3713)\n    at Function._migrateDocuments (file:///D:/Juegos/Foundry_daggerheart_git/Foundry-daggerheart/Portable-FoundryVTT-v13.348/App/resources/app/dist/database/backend/server-document.mjs:1:2782)","timestamp":"2026-03-09 14:04:56"}
{"level":"error","message":"An error occurred during the migration of Macro record [lWDmGeMZEFxKcsPa] of database \"daggerheart-store.macros\":\nError: Documents from a core version newer than the running version cannot be migrated\n    at Function._migrateRecord (file:///D:/Juegos/Foundry_daggerheart_git/Foundry-daggerheart/Portable-FoundryVTT-v13.348/App/resources/app/dist/database/backend/server-document.mjs:1:3713)\n    at Function._migrateDocuments (file:///D:/Juegos/Foundry_daggerheart_git/Foundry-daggerheart/Portable-FoundryVTT-v13.348/App/resources/app/dist/database/backend/server-document.mjs:1:2782)","timestamp":"2026-03-09 14:04:56"}
{"level":"warn","message":"Database daggerheart-store.macros was not fully migrated due to errors during migration.","timestamp":"2026-03-09 14:04:56"}
{"level":"error","message":"An error occurred during the migration of JournalEntry record [5Zo1xf1V8L77XM2W] of database \"daggerheart-store.journals\":\nError: Documents from a core version newer than the running version cannot be migrated\n    at Function._migrateRecord (file:///D:/Juegos/Foundry_daggerheart_git/Foundry-daggerheart/Portable-FoundryVTT-v13.348/App/resources/app/dist/database/backend/server-document.mjs:1:3713)\n    at Function._migrateDocuments (file:///D:/Juegos/Foundry_daggerheart_git/Foundry-daggerheart/Portable-FoundryVTT-v13.348/App/resources/app/dist/database/backend/server-document.mjs:1:2782)","timestamp":"2026-03-09 14:04:56"}
{"level":"error","message":"An error occurred during the migration of JournalEntry record [VJ0KNEngG9B5HWmL] of database \"daggerheart-store.journals\":\nError: Documents from a core version newer than the running version cannot be migrated\n    at Function._migrateRecord (file:///D:/Juegos/Foundry_daggerheart_git/Foundry-daggerheart/Portable-FoundryVTT-v13.348/App/resources/app/dist/database/backend/server-document.mjs:1:3713)\n    at Function._migrateDocuments (file:///D:/Juegos/Foundry_daggerheart_git/Foundry-daggerheart/Portable-FoundryVTT-v13.348/App/resources/app/dist/database/backend/server-document.mjs:1:2782)","timestamp":"2026-03-09 14:04:56"}
{"level":"error","message":"An error occurred during the migration of JournalEntry record [fIXCeXWeDbAu3uFg] of database \"daggerheart-store.journals\":\nError: Documents from a core version newer than the running version cannot be migrated\n    at Function._migrateRecord (file:///D:/Juegos/Foundry_daggerheart_git/Foundry-daggerheart/Portable-FoundryVTT-v13.348/App/resources/app/dist/database/backend/server-document.mjs:1:3713)\n    at Function._migrateDocuments (file:///D:/Juegos/Foundry_daggerheart_git/Foundry-daggerheart/Portable-FoundryVTT-v13.348/App/resources/app/dist/database/backend/server-document.mjs:1:2782)","timestamp":"2026-03-09 14:04:56"}
{"level":"warn","message":"Database daggerheart-store.journals was not fully migrated due to errors during migration.","timestamp":"2026-03-09 14:04:56"}
{"level":"info","message":"Migrated Macro record [3zlgPO8hvQEGxreF] of database \"forien-quest-log.macros-gm\".","timestamp":"2026-03-09 14:04:56"}
{"level":"info","message":"Migrated Macro record [4iwIOXVyRJG0I3U9] of database \"forien-quest-log.macros-gm\".","timestamp":"2026-03-09 14:04:56"}
{"level":"info","message":"Migrated Macro record [LubbMc37l4Q6E6Rc] of database \"forien-quest-log.macros-gm\".","timestamp":"2026-03-09 14:04:56"}
{"level":"info","message":"Migrated Macro record [PPaazW9CFQg2zTYo] of database \"forien-quest-log.macros-gm\".","timestamp":"2026-03-09 14:04:56"}
{"level":"info","message":"Migrated Macro record [Xcm48ES1vyez2Tsx] of database \"forien-quest-log.macros-gm\".","timestamp":"2026-03-09 14:04:56"}
{"level":"info","message":"Migrated Macro record [Y7IbCvfOkqKNzZtE] of database \"forien-quest-log.macros-gm\".","timestamp":"2026-03-09 14:04:56"}
{"level":"info","message":"Migrated Macro record [a5OXk20XJUo47Krj] of database \"forien-quest-log.macros-gm\".","timestamp":"2026-03-09 14:04:56"}
{"level":"info","message":"Migrated Macro record [fNUAJr0SaTRdyKd9] of database \"forien-quest-log.macros-gm\".","timestamp":"2026-03-09 14:04:56"}
{"level":"info","message":"Migrated Macro record [lxglbIWnirUmf6fX] of database \"forien-quest-log.macros-gm\".","timestamp":"2026-03-09 14:04:56"}
{"level":"info","message":"Persisting migrated Macro record [3zlgPO8hvQEGxreF] of database \"forien-quest-log.macros-gm\".","timestamp":"2026-03-09 14:04:56"}
{"level":"info","message":"Persisting migrated Macro record [4iwIOXVyRJG0I3U9] of database \"forien-quest-log.macros-gm\".","timestamp":"2026-03-09 14:04:56"}
{"level":"info","message":"Persisting migrated Macro record [LubbMc37l4Q6E6Rc] of database \"forien-quest-log.macros-gm\".","timestamp":"2026-03-09 14:04:56"}
{"level":"info","message":"Persisting migrated Macro record [PPaazW9CFQg2zTYo] of database \"forien-quest-log.macros-gm\".","timestamp":"2026-03-09 14:04:56"}
{"level":"info","message":"Persisting migrated Macro record [Xcm48ES1vyez2Tsx] of database \"forien-quest-log.macros-gm\".","timestamp":"2026-03-09 14:04:56"}
{"level":"info","message":"Persisting migrated Macro record [Y7IbCvfOkqKNzZtE] of database \"forien-quest-log.macros-gm\".","timestamp":"2026-03-09 14:04:56"}
{"level":"info","message":"Persisting migrated Macro record [a5OXk20XJUo47Krj] of database \"forien-quest-log.macros-gm\".","timestamp":"2026-03-09 14:04:56"}
{"level":"info","message":"Persisting migrated Macro record [fNUAJr0SaTRdyKd9] of database \"forien-quest-log.macros-gm\".","timestamp":"2026-03-09 14:04:56"}
{"level":"info","message":"Persisting migrated Macro record [lxglbIWnirUmf6fX] of database \"forien-quest-log.macros-gm\".","timestamp":"2026-03-09 14:04:56"}
{"level":"info","message":"Completed migration of database \"forien-quest-log.macros-gm.\"","timestamp":"2026-03-09 14:04:56"}
{"level":"info","message":"Migrated Macro record [03i1Qj8atS4zqJh0] of database \"forien-quest-log.macros-player\".","timestamp":"2026-03-09 14:04:56"}
{"level":"info","message":"Migrated Macro record [DycgxgyiO738kHNb] of database \"forien-quest-log.macros-player\".","timestamp":"2026-03-09 14:04:56"}
{"level":"info","message":"Migrated Macro record [PUmh7HIMnMNqCht4] of database \"forien-quest-log.macros-player\".","timestamp":"2026-03-09 14:04:56"}
{"level":"info","message":"Persisting migrated Macro record [03i1Qj8atS4zqJh0] of database \"forien-quest-log.macros-player\".","timestamp":"2026-03-09 14:04:56"}
{"level":"info","message":"Persisting migrated Macro record [DycgxgyiO738kHNb] of database \"forien-quest-log.macros-player\".","timestamp":"2026-03-09 14:04:56"}
{"level":"info","message":"Persisting migrated Macro record [PUmh7HIMnMNqCht4] of database \"forien-quest-log.macros-player\".","timestamp":"2026-03-09 14:04:56"}
{"level":"info","message":"Completed migration of database \"forien-quest-log.macros-player.\"","timestamp":"2026-03-09 14:04:56"}
{"level":"info","message":"No system update for Daggerheart is currently available.","timestamp":"2026-03-09 14:04:56"}
{"level":"info","message":"Vended World data to User [sjVrMusZqwSBFvXT] in 509ms","timestamp":"2026-03-09 14:04:56"}
{"level":"info","message":"Created Setting with id [OiYTd8XKAOV0pyXy]","timestamp":"2026-03-09 14:04:58"}
{"level":"info","message":"Created Folder with id [8CUlrk7MvB7eYzBP]","timestamp":"2026-03-09 14:04:58"}
{"level":"info","message":"Created ChatMessage with id [7Kt137ruIdz7TvRw]","timestamp":"2026-03-09 14:04:59"}
{"level":"info","message":"Deleted 5 ChatMessage documents with ids: [UBr3z45zagw5pMqa,tbATiWJR4BuPxkaT,az6PEfmMpqJFbS5U,Fwv2xnFW3UtrQLzo,7Kt137ruIdz7TvRw]","timestamp":"2026-03-09 14:06:13"}
{"level":"info","message":"Created Folder with id [GyC3jpnolf4jtK24]","timestamp":"2026-03-09 14:06:38"}
{"level":"info","message":"Created Folder with id [611L0gCULa6DOnIT]","timestamp":"2026-03-09 14:06:46"}
{"level":"info","message":"Deleted Token with id [ndFLUmr9XtPtDrTc] in parent Scene [Yqxyw4nFncHCHwoT]","timestamp":"2026-03-09 14:07:51"}
{"level":"info","message":"Created Setting with id [FKhon3RPUPMYoxSn]","timestamp":"2026-03-09 14:08:58"}
{"level":"info","message":"Created Setting with id [FhYIN2LvvoGXiF1H]","timestamp":"2026-03-09 14:08:58"}
{"level":"info","message":"Created Setting with id [kq0XrRFNv80VhCFR]","timestamp":"2026-03-09 14:08:58"}
{"level":"info","message":"Created Setting with id [NM5FroiQPWhlXkcA]","timestamp":"2026-03-09 14:08:58"}
{"level":"info","message":"Created Setting with id [crzvTpZrB75LtowT]","timestamp":"2026-03-09 14:08:58"}
{"level":"info","message":"Created Setting with id [FlCWcUbdnvHmbgwf]","timestamp":"2026-03-09 14:08:58"}
{"level":"info","message":"Created Setting with id [JvsOWtXUTBy7o5yF]","timestamp":"2026-03-09 14:08:58"}
{"level":"info","message":"Created Setting with id [py0hfglyvpsoD69W]","timestamp":"2026-03-09 14:08:58"}
{"level":"info","message":"Created Setting with id [CG88iTPu8GM9gEC9]","timestamp":"2026-03-09 14:08:58"}
{"level":"info","message":"Created Setting with id [ZSOqbM8qAqZ95Sfr]","timestamp":"2026-03-09 14:08:58"}
{"level":"info","message":"Created Setting with id [AV7CvdfZAmT2LMTk]","timestamp":"2026-03-09 14:08:58"}
{"level":"info","message":"Created Setting with id [Tw5d1NUAi1tpIveR]","timestamp":"2026-03-09 14:08:58"}
{"level":"info","message":"No system update for Daggerheart is currently available.","timestamp":"2026-03-09 14:09:00"}
{"level":"info","message":"Vended World data to User [sjVrMusZqwSBFvXT] in 800ms","timestamp":"2026-03-09 14:09:00"}
{"level":"info","message":"Created ChatMessage with id [kFYPwS07RkVCPOKu]","timestamp":"2026-03-09 14:09:02"}
{"level":"info","message":"Deleted ChatMessage with id [kFYPwS07RkVCPOKu]","timestamp":"2026-03-09 14:09:11"}
{"level":"info","message":"Created client session 125abcd121b386cd1e9f7b24","timestamp":"2026-03-09 14:09:24"}
{"ip":"::ffff:172.25.112.1","level":"info","message":"User authentication successful for user Juanjo","session":"125abcd121b386cd1e9f7b24","timestamp":"2026-03-09 14:09:28"}
{"level":"info","message":"No system update for Daggerheart is currently available.","timestamp":"2026-03-09 14:09:30"}
{"level":"info","message":"Vended World data to User [tbPfLYIkcfydMgjn] in 443ms","timestamp":"2026-03-09 14:09:30"}
{"level":"info","message":"Created ChatMessage with id [vtE8nX6Vimcdh4hB]","timestamp":"2026-03-09 14:09:51"}
{"level":"debug","message":"Starting edit session for user 'sjVrMusZqwSBFvXT' and instance 'JournalEntry.Ydh4RBwISPMbzCHX.JournalEntryPage.p2luJrHzdx9FmnaE#text.content'.","timestamp":"2026-03-09 14:10:51"}
{"level":"debug","message":"Broadcasting autosave update for instance 'JournalEntry.Ydh4RBwISPMbzCHX.JournalEntryPage.p2luJrHzdx9FmnaE#text.content'.","timestamp":"2026-03-09 14:11:52"}
{"level":"debug","message":"Broadcasting autosave update for instance 'JournalEntry.Ydh4RBwISPMbzCHX.JournalEntryPage.p2luJrHzdx9FmnaE#text.content'.","timestamp":"2026-03-09 14:12:52"}
{"level":"info","message":"Created Item with id [0rh9FfzHW293Ufnk]","timestamp":"2026-03-09 14:14:03"}
{"level":"debug","message":"Broadcasting autosave update for instance 'JournalEntry.Ydh4RBwISPMbzCHX.JournalEntryPage.p2luJrHzdx9FmnaE#text.content'.","timestamp":"2026-03-09 14:21:52"}
{"level":"debug","message":"Broadcasting autosave update for instance 'JournalEntry.Ydh4RBwISPMbzCHX.JournalEntryPage.p2luJrHzdx9FmnaE#text.content'.","timestamp":"2026-03-09 14:22:52"}
{"level":"debug","message":"Broadcasting autosave update for instance 'JournalEntry.Ydh4RBwISPMbzCHX.JournalEntryPage.p2luJrHzdx9FmnaE#text.content'.","timestamp":"2026-03-09 14:23:52"}
{"level":"debug","message":"Retiring user 'sjVrMusZqwSBFvXT' from editing session for instance 'JournalEntry.Ydh4RBwISPMbzCHX.JournalEntryPage.p2luJrHzdx9FmnaE#text.content'.","timestamp":"2026-03-09 14:24:50"}
{"level":"debug","message":"Instance 'JournalEntry.Ydh4RBwISPMbzCHX.JournalEntryPage.p2luJrHzdx9FmnaE#text.content' has no more active editors, cleaning up.","timestamp":"2026-03-09 14:24:50"}
{"level":"info","message":"Created Item with id [0rh9FfzHW293Ufnk] in parent Actor [Sz3Tz5M8ytNhlKx7]","timestamp":"2026-03-09 14:24:59"}
{"level":"info","message":"Deleted Item with id [0rh9FfzHW293Ufnk] in parent Actor [Sz3Tz5M8ytNhlKx7]","timestamp":"2026-03-09 14:25:06"}
{"level":"debug","message":"Starting edit session for user 'sjVrMusZqwSBFvXT' and instance 'JournalEntry.Ydh4RBwISPMbzCHX.JournalEntryPage.Mwie2QrYUog90dMq#text.content'.","timestamp":"2026-03-09 14:25:24"}
{"level":"debug","message":"Retiring user 'sjVrMusZqwSBFvXT' from editing session for instance 'JournalEntry.Ydh4RBwISPMbzCHX.JournalEntryPage.Mwie2QrYUog90dMq#text.content'.","timestamp":"2026-03-09 14:26:23"}
{"level":"debug","message":"Instance 'JournalEntry.Ydh4RBwISPMbzCHX.JournalEntryPage.Mwie2QrYUog90dMq#text.content' has no more active editors, cleaning up.","timestamp":"2026-03-09 14:26:23"}
{"level":"debug","message":"Starting edit session for user 'sjVrMusZqwSBFvXT' and instance 'JournalEntry.Ydh4RBwISPMbzCHX.JournalEntryPage.Mwie2QrYUog90dMq#text.content'.","timestamp":"2026-03-09 14:26:24"}
{"level":"debug","message":"Retiring user 'sjVrMusZqwSBFvXT' from editing session for instance 'JournalEntry.Ydh4RBwISPMbzCHX.JournalEntryPage.Mwie2QrYUog90dMq#text.content'.","timestamp":"2026-03-09 14:26:48"}
{"level":"debug","message":"Instance 'JournalEntry.Ydh4RBwISPMbzCHX.JournalEntryPage.Mwie2QrYUog90dMq#text.content' has no more active editors, cleaning up.","timestamp":"2026-03-09 14:26:48"}
{"level":"debug","message":"Starting edit session for user 'sjVrMusZqwSBFvXT' and instance 'JournalEntry.Ydh4RBwISPMbzCHX.JournalEntryPage.soqlmjZAx1Ccj0sO#text.content'.","timestamp":"2026-03-09 14:27:02"}
{"level":"debug","message":"Retiring user 'sjVrMusZqwSBFvXT' from editing session for instance 'JournalEntry.Ydh4RBwISPMbzCHX.JournalEntryPage.soqlmjZAx1Ccj0sO#text.content'.","timestamp":"2026-03-09 14:27:06"}
{"level":"debug","message":"Instance 'JournalEntry.Ydh4RBwISPMbzCHX.JournalEntryPage.soqlmjZAx1Ccj0sO#text.content' has no more active editors, cleaning up.","timestamp":"2026-03-09 14:27:06"}
{"level":"debug","message":"Starting edit session for user 'sjVrMusZqwSBFvXT' and instance 'JournalEntry.Ydh4RBwISPMbzCHX.JournalEntryPage.Mwie2QrYUog90dMq#text.content'.","timestamp":"2026-03-09 14:27:10"}
{"level":"debug","message":"Broadcasting autosave update for instance 'JournalEntry.Ydh4RBwISPMbzCHX.JournalEntryPage.Mwie2QrYUog90dMq#text.content'.","timestamp":"2026-03-09 14:28:10"}
{"level":"debug","message":"Retiring user 'sjVrMusZqwSBFvXT' from editing session for instance 'JournalEntry.Ydh4RBwISPMbzCHX.JournalEntryPage.Mwie2QrYUog90dMq#text.content'.","timestamp":"2026-03-09 14:28:52"}
{"level":"debug","message":"Instance 'JournalEntry.Ydh4RBwISPMbzCHX.JournalEntryPage.Mwie2QrYUog90dMq#text.content' has no more active editors, cleaning up.","timestamp":"2026-03-09 14:28:52"}
{"level":"debug","message":"Starting edit session for user 'sjVrMusZqwSBFvXT' and instance 'JournalEntry.Ydh4RBwISPMbzCHX.JournalEntryPage.Mwie2QrYUog90dMq#text.content'.","timestamp":"2026-03-09 14:28:58"}
{"level":"debug","message":"Retiring user 'sjVrMusZqwSBFvXT' from editing session for instance 'JournalEntry.Ydh4RBwISPMbzCHX.JournalEntryPage.Mwie2QrYUog90dMq#text.content'.","timestamp":"2026-03-09 14:29:20"}
{"level":"debug","message":"Instance 'JournalEntry.Ydh4RBwISPMbzCHX.JournalEntryPage.Mwie2QrYUog90dMq#text.content' has no more active editors, cleaning up.","timestamp":"2026-03-09 14:29:20"}
{"level":"debug","message":"Starting edit session for user 'sjVrMusZqwSBFvXT' and instance 'JournalEntry.Ydh4RBwISPMbzCHX.JournalEntryPage.soqlmjZAx1Ccj0sO#text.content'.","timestamp":"2026-03-09 14:29:23"}
{"level":"debug","message":"Broadcasting autosave update for instance 'JournalEntry.Ydh4RBwISPMbzCHX.JournalEntryPage.soqlmjZAx1Ccj0sO#text.content'.","timestamp":"2026-03-09 14:30:23"}
{"level":"debug","message":"Broadcasting autosave update for instance 'JournalEntry.Ydh4RBwISPMbzCHX.JournalEntryPage.soqlmjZAx1Ccj0sO#text.content'.","timestamp":"2026-03-09 14:31:23"}
{"level":"debug","message":"Broadcasting autosave update for instance 'JournalEntry.Ydh4RBwISPMbzCHX.JournalEntryPage.soqlmjZAx1Ccj0sO#text.content'.","timestamp":"2026-03-09 14:32:23"}
{"level":"debug","message":"Broadcasting autosave update for instance 'JournalEntry.Ydh4RBwISPMbzCHX.JournalEntryPage.soqlmjZAx1Ccj0sO#text.content'.","timestamp":"2026-03-09 14:33:23"}
{"level":"debug","message":"Broadcasting autosave update for instance 'JournalEntry.Ydh4RBwISPMbzCHX.JournalEntryPage.soqlmjZAx1Ccj0sO#text.content'.","timestamp":"2026-03-09 14:34:23"}
{"level":"debug","message":"Broadcasting autosave update for instance 'JournalEntry.Ydh4RBwISPMbzCHX.JournalEntryPage.soqlmjZAx1Ccj0sO#text.content'.","timestamp":"2026-03-09 14:35:23"}
{"level":"debug","message":"Broadcasting autosave update for instance 'JournalEntry.Ydh4RBwISPMbzCHX.JournalEntryPage.soqlmjZAx1Ccj0sO#text.content'.","timestamp":"2026-03-09 14:36:23"}
{"level":"debug","message":"Retiring user 'sjVrMusZqwSBFvXT' from editing session for instance 'JournalEntry.Ydh4RBwISPMbzCHX.JournalEntryPage.soqlmjZAx1Ccj0sO#text.content'.","timestamp":"2026-03-09 14:37:01"}
{"level":"debug","message":"Instance 'JournalEntry.Ydh4RBwISPMbzCHX.JournalEntryPage.soqlmjZAx1Ccj0sO#text.content' has no more active editors, cleaning up.","timestamp":"2026-03-09 14:37:01"}
{"level":"debug","message":"Starting edit session for user 'sjVrMusZqwSBFvXT' and instance 'JournalEntry.Ydh4RBwISPMbzCHX.JournalEntryPage.dW0ADG5zODSVqhAA#text.content'.","timestamp":"2026-03-09 14:37:05"}
{"level":"debug","message":"Broadcasting autosave update for instance 'JournalEntry.Ydh4RBwISPMbzCHX.JournalEntryPage.dW0ADG5zODSVqhAA#text.content'.","timestamp":"2026-03-09 14:38:05"}
{"level":"debug","message":"Broadcasting autosave update for instance 'JournalEntry.Ydh4RBwISPMbzCHX.JournalEntryPage.dW0ADG5zODSVqhAA#text.content'.","timestamp":"2026-03-09 14:39:05"}
{"level":"debug","message":"Broadcasting autosave update for instance 'JournalEntry.Ydh4RBwISPMbzCHX.JournalEntryPage.dW0ADG5zODSVqhAA#text.content'.","timestamp":"2026-03-09 14:40:05"}
{"level":"debug","message":"Broadcasting autosave update for instance 'JournalEntry.Ydh4RBwISPMbzCHX.JournalEntryPage.dW0ADG5zODSVqhAA#text.content'.","timestamp":"2026-03-09 14:41:05"}
{"level":"info","message":"Created ChatMessage with id [UGxjYm8cWxoKhsIO]","timestamp":"2026-03-09 14:44:24"}
{"level":"info","message":"Created ChatMessage with id [vDjKpMzpSp9OaC69]","timestamp":"2026-03-09 14:44:56"}
{"level":"info","message":"Deleted 3 ChatMessage documents with ids: [vtE8nX6Vimcdh4hB,UGxjYm8cWxoKhsIO,vDjKpMzpSp9OaC69]","timestamp":"2026-03-09 14:45:01"}
{"level":"debug","message":"Retiring user 'sjVrMusZqwSBFvXT' from editing session for instance 'JournalEntry.Ydh4RBwISPMbzCHX.JournalEntryPage.dW0ADG5zODSVqhAA#text.content'.","timestamp":"2026-03-09 14:46:32"}
{"level":"debug","message":"Instance 'JournalEntry.Ydh4RBwISPMbzCHX.JournalEntryPage.dW0ADG5zODSVqhAA#text.content' has no more active editors, cleaning up.","timestamp":"2026-03-09 14:46:32"}
{"level":"debug","message":"Starting edit session for user 'sjVrMusZqwSBFvXT' and instance 'JournalEntry.Ydh4RBwISPMbzCHX.JournalEntryPage.dW0ADG5zODSVqhAA#text.content'.","timestamp":"2026-03-09 14:46:39"}
{"level":"debug","message":"Retiring user 'sjVrMusZqwSBFvXT' from editing session for instance 'JournalEntry.Ydh4RBwISPMbzCHX.JournalEntryPage.dW0ADG5zODSVqhAA#text.content'.","timestamp":"2026-03-09 14:47:12"}
{"level":"debug","message":"Instance 'JournalEntry.Ydh4RBwISPMbzCHX.JournalEntryPage.dW0ADG5zODSVqhAA#text.content' has no more active editors, cleaning up.","timestamp":"2026-03-09 14:47:12"}
{"level":"info","message":"Created Drawing with id [JW9TQp7eqHFBz4Qq] in parent Scene [B4pe0cfcAfQL78h6]","timestamp":"2026-03-09 14:47:37"}
{"level":"info","message":"Created Drawing with id [7zvlc1ZuTbcCWy6V] in parent Scene [B4pe0cfcAfQL78h6]","timestamp":"2026-03-09 14:48:00"}
{"level":"info","message":"Deleted Drawing with id [7zvlc1ZuTbcCWy6V] in parent Scene [B4pe0cfcAfQL78h6]","timestamp":"2026-03-09 14:48:02"}
{"level":"info","message":"Created Token with id [fJYpgNVO6DiJ2he3] in parent Scene [B4pe0cfcAfQL78h6]","timestamp":"2026-03-09 14:48:10"}
{"level":"info","message":"Created Token with id [ePtBZ0YnHel2k5qU] in parent Scene [B4pe0cfcAfQL78h6]","timestamp":"2026-03-09 14:48:11"}
{"level":"info","message":"Created Token with id [ceQcJnqcJ1ESn78V] in parent Scene [B4pe0cfcAfQL78h6]","timestamp":"2026-03-09 14:48:12"}
{"level":"info","message":"Created Token with id [JpjzvRCXhsQSVQMP] in parent Scene [B4pe0cfcAfQL78h6]","timestamp":"2026-03-09 14:48:13"}
{"level":"info","message":"Created Drawing with id [kzxLrFXENAs2ktRE] in parent Scene [Yqxyw4nFncHCHwoT]","timestamp":"2026-03-09 14:56:33"}
{"level":"info","message":"Deleted Drawing with id [kzxLrFXENAs2ktRE] in parent Scene [Yqxyw4nFncHCHwoT]","timestamp":"2026-03-09 14:56:33"}
{"level":"info","message":"Created Drawing with id [3CS6eA0XnPCEOT4w] in parent Scene [Yqxyw4nFncHCHwoT]","timestamp":"2026-03-09 14:56:36"}
{"level":"info","message":"Created JournalEntryPage with id [d8TiTa9GVXqzNUkq] in parent JournalEntry [Ydh4RBwISPMbzCHX]","timestamp":"2026-03-09 15:35:41"}
{"level":"debug","message":"Starting edit session for user 'sjVrMusZqwSBFvXT' and instance 'JournalEntry.Ydh4RBwISPMbzCHX.JournalEntryPage.d8TiTa9GVXqzNUkq#text.content'.","timestamp":"2026-03-09 15:35:41"}
{"level":"debug","message":"Retiring user 'sjVrMusZqwSBFvXT' from editing session for instance 'JournalEntry.Ydh4RBwISPMbzCHX.JournalEntryPage.d8TiTa9GVXqzNUkq#text.content'.","timestamp":"2026-03-09 15:35:42"}
{"level":"debug","message":"Instance 'JournalEntry.Ydh4RBwISPMbzCHX.JournalEntryPage.d8TiTa9GVXqzNUkq#text.content' has no more active editors, cleaning up.","timestamp":"2026-03-09 15:35:42"}
{"level":"debug","message":"Starting edit session for user 'sjVrMusZqwSBFvXT' and instance 'JournalEntry.Ydh4RBwISPMbzCHX.JournalEntryPage.d8TiTa9GVXqzNUkq#text.content'.","timestamp":"2026-03-09 15:35:42"}
{"level":"debug","message":"Broadcasting autosave update for instance 'JournalEntry.Ydh4RBwISPMbzCHX.JournalEntryPage.d8TiTa9GVXqzNUkq#text.content'.","timestamp":"2026-03-09 15:36:42"}
{"level":"debug","message":"Broadcasting autosave update for instance 'JournalEntry.Ydh4RBwISPMbzCHX.JournalEntryPage.d8TiTa9GVXqzNUkq#text.content'.","timestamp":"2026-03-09 15:37:42"}
{"level":"debug","message":"Broadcasting autosave update for instance 'JournalEntry.Ydh4RBwISPMbzCHX.JournalEntryPage.d8TiTa9GVXqzNUkq#text.content'.","timestamp":"2026-03-09 15:40:42"}
{"level":"info","message":"Created ChatMessage with id [KOFc4GswGqjcTSyq]","timestamp":"2026-03-09 15:40:45"}
{"level":"info","message":"Created ChatMessage with id [cDMnlCDg6zrNWH2R]","timestamp":"2026-03-09 15:41:10"}
{"level":"info","message":"Created ChatMessage with id [1FEKrsQ383In4ce3]","timestamp":"2026-03-09 15:41:14"}
{"level":"info","message":"Created ChatMessage with id [0yIdZ35KMi05oPPp]","timestamp":"2026-03-09 15:41:21"}
{"level":"debug","message":"Broadcasting autosave update for instance 'JournalEntry.Ydh4RBwISPMbzCHX.JournalEntryPage.d8TiTa9GVXqzNUkq#text.content'.","timestamp":"2026-03-09 15:41:42"}
{"level":"info","message":"Created ChatMessage with id [AMrOFACmZOGjO5BD]","timestamp":"2026-03-09 15:42:37"}
{"level":"debug","message":"Broadcasting autosave update for instance 'JournalEntry.Ydh4RBwISPMbzCHX.JournalEntryPage.d8TiTa9GVXqzNUkq#text.content'.","timestamp":"2026-03-09 15:42:42"}
{"level":"info","message":"Created ChatMessage with id [cwcIboeDy57NHpmA]","timestamp":"2026-03-09 15:43:23"}
{"level":"info","message":"Created ChatMessage with id [mDer1WvVTqIADxgz]","timestamp":"2026-03-09 15:43:26"}
{"level":"debug","message":"Broadcasting autosave update for instance 'JournalEntry.Ydh4RBwISPMbzCHX.JournalEntryPage.d8TiTa9GVXqzNUkq#text.content'.","timestamp":"2026-03-09 15:43:42"}
{"level":"debug","message":"Retiring user 'sjVrMusZqwSBFvXT' from editing session for instance 'JournalEntry.Ydh4RBwISPMbzCHX.JournalEntryPage.d8TiTa9GVXqzNUkq#text.content'.","timestamp":"2026-03-09 15:44:21"}
{"level":"debug","message":"Instance 'JournalEntry.Ydh4RBwISPMbzCHX.JournalEntryPage.d8TiTa9GVXqzNUkq#text.content' has no more active editors, cleaning up.","timestamp":"2026-03-09 15:44:21"}
{"level":"info","message":"Shutting down Foundry Virtual Tabletop server","timestamp":"2026-03-09 15:44:23"}
{"level":"info","message":"Shut-down success. Goodbye!","timestamp":"2026-03-09 15:44:23"}
