{"level":"info","message":"Running on Node.js - Version 20.18.3","timestamp":"2026-03-12 19:01:03"}
{"level":"info","message":"Foundry Virtual Tabletop - Version 13 Build 348","timestamp":"2026-03-12 19:01:03"}
{"level":"info","message":"User Data Directory - \"../../Data\"","timestamp":"2026-03-12 19:01:03"}
{"level":"info","message":"Application Options:\n{\n  \"compressStatic\": true,\n  \"fullscreen\": false,\n  \"hostname\": null,\n  \"language\": \"en.core\",\n  \"localHostname\": null,\n  \"port\": 30000,\n  \"proxyPort\": null,\n  \"proxySSL\": false,\n  \"routePrefix\": null,\n  \"updateChannel\": \"stable\",\n  \"upnp\": true,\n  \"awsConfig\": null,\n  \"compressSocket\": true,\n  \"cssTheme\": \"dark\",\n  \"deleteNEDB\": false,\n  \"hotReload\": false,\n  \"passwordSalt\": null,\n  \"sslCert\": null,\n  \"sslKey\": null,\n  \"world\": \"fe-west-marches\",\n  \"serviceConfig\": null,\n  \"telemetry\": true,\n  \"adminPassword\": null,\n  \"noBackups\": false\n}","timestamp":"2026-03-12 19:01:03"}
{"level":"info","message":"Software license verification succeeded","timestamp":"2026-03-12 19:01:03"}
{"level":"info","message":"Requesting UPnP port forwarding to destination port 30000","timestamp":"2026-03-12 19:01:03"}
{"level":"info","message":"Running Electron application with version 34.4.0 using Chromium 132.0.6834.210","timestamp":"2026-03-12 19:01:03"}
{"level":"info","message":"Connected to database \"actors\"","timestamp":"2026-03-12 19:01:05"}
{"level":"info","message":"Launching World | Loading World Data - 7%","timestamp":"2026-03-12 19:01:05"}
{"level":"info","message":"Connected to database \"cards\"","timestamp":"2026-03-12 19:01:05"}
{"level":"info","message":"Launching World | Loading World Data - 14%","timestamp":"2026-03-12 19:01:05"}
{"level":"info","message":"Connected to database \"messages\"","timestamp":"2026-03-12 19:01:06"}
{"level":"info","message":"Launching World | Loading World Data - 21%","timestamp":"2026-03-12 19:01:06"}
{"level":"info","message":"Connected to database \"combats\"","timestamp":"2026-03-12 19:01:06"}
{"level":"info","message":"Launching World | Loading World Data - 29%","timestamp":"2026-03-12 19:01:06"}
{"level":"info","message":"Connected to database \"fog\"","timestamp":"2026-03-12 19:01:06"}
{"level":"info","message":"Launching World | Loading World Data - 36%","timestamp":"2026-03-12 19:01:06"}
{"level":"info","message":"Connected to database \"folders\"","timestamp":"2026-03-12 19:01:07"}
{"level":"info","message":"Launching World | Loading World Data - 43%","timestamp":"2026-03-12 19:01:07"}
{"level":"info","message":"Connected to database \"items\"","timestamp":"2026-03-12 19:01:07"}
{"level":"info","message":"Launching World | Loading World Data - 50%","timestamp":"2026-03-12 19:01:07"}
{"level":"info","message":"Connected to database \"journal\"","timestamp":"2026-03-12 19:01:07"}
{"level":"info","message":"Launching World | Loading World Data - 57%","timestamp":"2026-03-12 19:01:07"}
{"level":"info","message":"Connected to database \"macros\"","timestamp":"2026-03-12 19:01:07"}
{"level":"info","message":"Launching World | Loading World Data - 64%","timestamp":"2026-03-12 19:01:07"}
{"level":"info","message":"Connected to database \"playlists\"","timestamp":"2026-03-12 19:01:07"}
{"level":"info","message":"Launching World | Loading World Data - 71%","timestamp":"2026-03-12 19:01:07"}
{"level":"info","message":"Connected to database \"tables\"","timestamp":"2026-03-12 19:01:08"}
{"level":"info","message":"Launching World | Loading World Data - 79%","timestamp":"2026-03-12 19:01:08"}
{"level":"info","message":"Connected to database \"scenes\"","timestamp":"2026-03-12 19:01:08"}
{"level":"info","message":"Launching World | Loading World Data - 86%","timestamp":"2026-03-12 19:01:08"}
{"level":"info","message":"Connected to database \"settings\"","timestamp":"2026-03-12 19:01:09"}
{"level":"info","message":"Launching World | Loading World Data - 93%","timestamp":"2026-03-12 19:01:09"}
{"level":"info","message":"Connected to database \"users\"","timestamp":"2026-03-12 19:01:09"}
{"level":"info","message":"Launching World | Loading World Data - 100%","timestamp":"2026-03-12 19:01:09"}
{"level":"info","message":"Launching World | Migrating World Data - 7%","timestamp":"2026-03-12 19:01:09"}
{"level":"info","message":"Launching World | Migrating World Data - 14%","timestamp":"2026-03-12 19:01:09"}
{"level":"info","message":"Launching World | Migrating World Data - 21%","timestamp":"2026-03-12 19:01:09"}
{"level":"info","message":"Launching World | Migrating World Data - 29%","timestamp":"2026-03-12 19:01:09"}
{"level":"info","message":"Launching World | Migrating World Data - 36%","timestamp":"2026-03-12 19:01:09"}
{"level":"info","message":"Launching World | Migrating World Data - 43%","timestamp":"2026-03-12 19:01:09"}
{"level":"info","message":"Launching World | Migrating World Data - 50%","timestamp":"2026-03-12 19:01:09"}
{"level":"info","message":"Launching World | Migrating World Data - 57%","timestamp":"2026-03-12 19:01:09"}
{"level":"info","message":"Launching World | Migrating World Data - 64%","timestamp":"2026-03-12 19:01:09"}
{"level":"info","message":"Launching World | Migrating World Data - 71%","timestamp":"2026-03-12 19:01:09"}
{"level":"info","message":"Launching World | Migrating World Data - 79%","timestamp":"2026-03-12 19:01:09"}
{"level":"info","message":"Launching World | Migrating World Data - 86%","timestamp":"2026-03-12 19:01:09"}
{"level":"info","message":"Launching World | Migrating World Data - 93%","timestamp":"2026-03-12 19:01:09"}
{"level":"info","message":"Launching World | Migrating World Data - 100%","timestamp":"2026-03-12 19:01:09"}
{"level":"info","message":"Connected to database \"world.homebrew-adversaries\"","timestamp":"2026-03-12 19:01:09"}
{"level":"info","message":"Launching World | Loading Package Data - 2%","timestamp":"2026-03-12 19:01:09"}
{"level":"info","message":"Connected to database \"world.homebrew-adversaries-features\"","timestamp":"2026-03-12 19:01:09"}
{"level":"info","message":"Launching World | Loading Package Data - 4%","timestamp":"2026-03-12 19:01:09"}
{"level":"info","message":"Connected to database \"daggerheart.classes\"","timestamp":"2026-03-12 19:01:09"}
{"level":"info","message":"Launching World | Loading Package Data - 6%","timestamp":"2026-03-12 19:01:09"}
{"level":"info","message":"Connected to database \"daggerheart.subclasses\"","timestamp":"2026-03-12 19:01:10"}
{"level":"info","message":"Launching World | Loading Package Data - 8%","timestamp":"2026-03-12 19:01:10"}
{"level":"info","message":"Connected to database \"daggerheart.domains\"","timestamp":"2026-03-12 19:01:10"}
{"level":"info","message":"Launching World | Loading Package Data - 10%","timestamp":"2026-03-12 19:01:10"}
{"level":"info","message":"Connected to database \"daggerheart.ancestries\"","timestamp":"2026-03-12 19:01:10"}
{"level":"info","message":"Launching World | Loading Package Data - 12%","timestamp":"2026-03-12 19:01:10"}
{"level":"info","message":"Connected to database \"daggerheart.communities\"","timestamp":"2026-03-12 19:01:10"}
{"level":"info","message":"Launching World | Loading Package Data - 14%","timestamp":"2026-03-12 19:01:10"}
{"level":"info","message":"Connected to database \"daggerheart.weapons\"","timestamp":"2026-03-12 19:01:10"}
{"level":"info","message":"Launching World | Loading Package Data - 16%","timestamp":"2026-03-12 19:01:10"}
{"level":"info","message":"Connected to database \"daggerheart.armors\"","timestamp":"2026-03-12 19:01:10"}
{"level":"info","message":"Launching World | Loading Package Data - 18%","timestamp":"2026-03-12 19:01:10"}
{"level":"info","message":"Connected to database \"daggerheart.consumables\"","timestamp":"2026-03-12 19:01:11"}
{"level":"info","message":"Launching World | Loading Package Data - 20%","timestamp":"2026-03-12 19:01:11"}
{"level":"info","message":"Connected to database \"daggerheart.loot\"","timestamp":"2026-03-12 19:01:11"}
{"level":"info","message":"Launching World | Loading Package Data - 22%","timestamp":"2026-03-12 19:01:11"}
{"level":"info","message":"Connected to database \"daggerheart.adversaries\"","timestamp":"2026-03-12 19:01:11"}
{"level":"info","message":"Launching World | Loading Package Data - 24%","timestamp":"2026-03-12 19:01:11"}
{"level":"info","message":"Connected to database \"daggerheart.environments\"","timestamp":"2026-03-12 19:01:11"}
{"level":"info","message":"Launching World | Loading Package Data - 25%","timestamp":"2026-03-12 19:01:11"}
{"level":"info","message":"Connected to database \"daggerheart.journals\"","timestamp":"2026-03-12 19:01:12"}
{"level":"info","message":"Launching World | Loading Package Data - 27%","timestamp":"2026-03-12 19:01:12"}
{"level":"info","message":"Connected to database \"daggerheart.rolltables\"","timestamp":"2026-03-12 19:01:12"}
{"level":"info","message":"Launching World | Loading Package Data - 29%","timestamp":"2026-03-12 19:01:12"}
{"level":"info","message":"Connected to database \"daggerheart.beastforms\"","timestamp":"2026-03-12 19:01:12"}
{"level":"info","message":"Launching World | Loading Package Data - 31%","timestamp":"2026-03-12 19:01:12"}
{"level":"info","message":"Connected to database \"art-for-daggerheart.art-for-dh-macros\"","timestamp":"2026-03-12 19:01:12"}
{"level":"info","message":"Launching World | Loading Package Data - 33%","timestamp":"2026-03-12 19:01:12"}
{"level":"info","message":"Connected to database \"daggerheart-advmanager.custom-features\"","timestamp":"2026-03-12 19:01:12"}
{"level":"info","message":"Launching World | Loading Package Data - 35%","timestamp":"2026-03-12 19:01:12"}
{"level":"info","message":"Connected to database \"daggerheart-advmanager.all-features\"","timestamp":"2026-03-12 19:01:12"}
{"level":"info","message":"Launching World | Loading Package Data - 37%","timestamp":"2026-03-12 19:01:12"}
{"level":"info","message":"Connected to database \"daggerheart-advmanager.macros\"","timestamp":"2026-03-12 19:01:13"}
{"level":"info","message":"Launching World | Loading Package Data - 39%","timestamp":"2026-03-12 19:01:13"}
{"level":"info","message":"Connected to database \"daggerheart-advmanager.templates\"","timestamp":"2026-03-12 19:01:13"}
{"level":"info","message":"Launching World | Loading Package Data - 41%","timestamp":"2026-03-12 19:01:13"}
{"level":"info","message":"Connected to database \"daggerheart-extra-content.motherboard-items\"","timestamp":"2026-03-12 19:01:13"}
{"level":"info","message":"Launching World | Loading Package Data - 43%","timestamp":"2026-03-12 19:01:13"}
{"level":"info","message":"Connected to database \"daggerheart-extra-content.macros\"","timestamp":"2026-03-12 19:01:13"}
{"level":"info","message":"Launching World | Loading Package Data - 45%","timestamp":"2026-03-12 19:01:13"}
{"level":"info","message":"Connected to database \"daggerheart-extra-content.motherboard-tables\"","timestamp":"2026-03-12 19:01:13"}
{"level":"info","message":"Launching World | Loading Package Data - 47%","timestamp":"2026-03-12 19:01:13"}
{"level":"info","message":"Connected to database \"daggerheart-extra-content.adversaries-features\"","timestamp":"2026-03-12 19:01:13"}
{"level":"info","message":"Launching World | Loading Package Data - 49%","timestamp":"2026-03-12 19:01:13"}
{"level":"info","message":"Connected to database \"daggerheart-extra-content.useful-journals\"","timestamp":"2026-03-12 19:01:14"}
{"level":"info","message":"Launching World | Loading Package Data - 51%","timestamp":"2026-03-12 19:01:14"}
{"level":"info","message":"Connected to database \"daggerheart-extra-content.loot-and-consumable-tables\"","timestamp":"2026-03-12 19:01:14"}
{"level":"info","message":"Launching World | Loading Package Data - 53%","timestamp":"2026-03-12 19:01:14"}
{"level":"info","message":"Connected to database \"daggerheart-extra-content.more-adversaries\"","timestamp":"2026-03-12 19:01:14"}
{"level":"info","message":"Launching World | Loading Package Data - 55%","timestamp":"2026-03-12 19:01:14"}
{"level":"info","message":"Connected to database \"daggerheart-extra-content.more-items\"","timestamp":"2026-03-12 19:01:14"}
{"level":"info","message":"Launching World | Loading Package Data - 57%","timestamp":"2026-03-12 19:01:14"}
{"level":"info","message":"Connected to database \"daggerheart-extra-content.curses\"","timestamp":"2026-03-12 19:01:14"}
{"level":"info","message":"Launching World | Loading Package Data - 59%","timestamp":"2026-03-12 19:01:14"}
{"level":"info","message":"Connected to database \"daggerheart-extra-content.ancestry\"","timestamp":"2026-03-12 19:01:15"}
{"level":"info","message":"Launching World | Loading Package Data - 61%","timestamp":"2026-03-12 19:01:15"}
{"level":"info","message":"Connected to database \"daggerheart-extra-content.house-rules\"","timestamp":"2026-03-12 19:01:15"}
{"level":"info","message":"Launching World | Loading Package Data - 63%","timestamp":"2026-03-12 19:01:15"}
{"level":"info","message":"Connected to database \"daggerheart-extra-content.classes\"","timestamp":"2026-03-12 19:01:15"}
{"level":"info","message":"Launching World | Loading Package Data - 65%","timestamp":"2026-03-12 19:01:15"}
{"level":"info","message":"Connected to database \"daggerheart-extra-content.subclasses\"","timestamp":"2026-03-12 19:01:15"}
{"level":"info","message":"Launching World | Loading Package Data - 67%","timestamp":"2026-03-12 19:01:15"}
{"level":"info","message":"Connected to database \"daggerheart-quickrules.quickrules\"","timestamp":"2026-03-12 19:01:15"}
{"level":"info","message":"Launching World | Loading Package Data - 69%","timestamp":"2026-03-12 19:01:15"}
{"level":"info","message":"Connected to database \"daggerheart-quickrules.macros\"","timestamp":"2026-03-12 19:01:15"}
{"level":"info","message":"Launching World | Loading Package Data - 71%","timestamp":"2026-03-12 19:01:15"}
{"level":"info","message":"Connected to database \"daggerheart-store.general-items\"","timestamp":"2026-03-12 19:01:16"}
{"level":"info","message":"Launching World | Loading Package Data - 73%","timestamp":"2026-03-12 19:01:16"}
{"level":"info","message":"Connected to database \"daggerheart-store.macros\"","timestamp":"2026-03-12 19:01:16"}
{"level":"info","message":"Launching World | Loading Package Data - 75%","timestamp":"2026-03-12 19:01:16"}
{"level":"info","message":"Connected to database \"daggerheart-store.journals\"","timestamp":"2026-03-12 19:01:16"}
{"level":"info","message":"Launching World | Loading Package Data - 76%","timestamp":"2026-03-12 19:01:16"}
{"level":"info","message":"Connected to database \"forien-quest-log.macros-gm\"","timestamp":"2026-03-12 19:01:16"}
{"level":"info","message":"Launching World | Loading Package Data - 78%","timestamp":"2026-03-12 19:01:16"}
{"level":"info","message":"Connected to database \"forien-quest-log.macros-player\"","timestamp":"2026-03-12 19:01:16"}
{"level":"info","message":"Launching World | Loading Package Data - 80%","timestamp":"2026-03-12 19:01:16"}
{"level":"info","message":"Connected to database \"the-void-unofficial.classes\"","timestamp":"2026-03-12 19:01:16"}
{"level":"info","message":"Launching World | Loading Package Data - 82%","timestamp":"2026-03-12 19:01:16"}
{"level":"info","message":"Connected to database \"the-void-unofficial.subclasses\"","timestamp":"2026-03-12 19:01:16"}
{"level":"info","message":"Launching World | Loading Package Data - 84%","timestamp":"2026-03-12 19:01:16"}
{"level":"info","message":"Connected to database \"the-void-unofficial.ancestries\"","timestamp":"2026-03-12 19:01:17"}
{"level":"info","message":"Launching World | Loading Package Data - 86%","timestamp":"2026-03-12 19:01:17"}
{"level":"info","message":"Connected to database \"the-void-unofficial.communities\"","timestamp":"2026-03-12 19:01:17"}
{"level":"info","message":"Launching World | Loading Package Data - 88%","timestamp":"2026-03-12 19:01:17"}
{"level":"info","message":"Connected to database \"the-void-unofficial.domains\"","timestamp":"2026-03-12 19:01:17"}
{"level":"info","message":"Launching World | Loading Package Data - 90%","timestamp":"2026-03-12 19:01:17"}
{"level":"info","message":"Connected to database \"the-void-unofficial.transformations\"","timestamp":"2026-03-12 19:01:17"}
{"level":"info","message":"Launching World | Loading Package Data - 92%","timestamp":"2026-03-12 19:01:17"}
{"level":"info","message":"Connected to database \"the-void-unofficial.weapons\"","timestamp":"2026-03-12 19:01:17"}
{"level":"info","message":"Launching World | Loading Package Data - 94%","timestamp":"2026-03-12 19:01:17"}
{"level":"info","message":"Connected to database \"the-void-unofficial.macros\"","timestamp":"2026-03-12 19:01:18"}
{"level":"info","message":"Launching World | Loading Package Data - 96%","timestamp":"2026-03-12 19:01:18"}
{"level":"info","message":"Connected to database \"the-void-unofficial.adversaries--environments\"","timestamp":"2026-03-12 19:01:18"}
{"level":"info","message":"Launching World | Loading Package Data - 98%","timestamp":"2026-03-12 19:01:18"}
{"level":"info","message":"Connected to database \"token-mold.adjectives\"","timestamp":"2026-03-12 19:01:18"}
{"level":"info","message":"Launching World | Loading Package Data - 100%","timestamp":"2026-03-12 19:01:18"}
{"level":"info","message":"Created 0 Folder documents with ids: []","timestamp":"2026-03-12 19:01:18"}
{"level":"info","message":"Launching World | Migrating Package Data - 2%","timestamp":"2026-03-12 19:01:18"}
{"level":"info","message":"Launching World | Migrating Package Data - 4%","timestamp":"2026-03-12 19:01:18"}
{"level":"info","message":"Launching World | Migrating Package Data - 6%","timestamp":"2026-03-12 19:01:18"}
{"level":"info","message":"Launching World | Migrating Package Data - 8%","timestamp":"2026-03-12 19:01:18"}
{"level":"info","message":"Launching World | Migrating Package Data - 10%","timestamp":"2026-03-12 19:01:18"}
{"level":"info","message":"Launching World | Migrating Package Data - 12%","timestamp":"2026-03-12 19:01:18"}
{"level":"info","message":"Launching World | Migrating Package Data - 14%","timestamp":"2026-03-12 19:01:18"}
{"level":"info","message":"Launching World | Migrating Package Data - 16%","timestamp":"2026-03-12 19:01:18"}
{"level":"info","message":"Launching World | Migrating Package Data - 18%","timestamp":"2026-03-12 19:01:18"}
{"level":"info","message":"Launching World | Migrating Package Data - 20%","timestamp":"2026-03-12 19:01:18"}
{"level":"info","message":"Launching World | Migrating Package Data - 22%","timestamp":"2026-03-12 19:01:18"}
{"level":"info","message":"Launching World | Migrating Package Data - 24%","timestamp":"2026-03-12 19:01:18"}
{"level":"info","message":"Launching World | Migrating Package Data - 25%","timestamp":"2026-03-12 19:01:18"}
{"level":"error","message":"An error occurred during the migration of JournalEntry record [uNs7ne9VCbbu5dcG] of database \"daggerheart.journals\":\nError: Documents from a core version newer than the running version cannot be migrated\n    at JournalEntryPage._migrateRecord (file:///D:/Juegos/Foundry_daggerheart_git/Foundry-daggerheart/Portable-FoundryVTT-v13.348/App/resources/app/dist/database/backend/server-document.mjs:1:3713)\n    at Function._migrateEmbeddedRecords (file:///D:/Juegos/Foundry_daggerheart_git/Foundry-daggerheart/Portable-FoundryVTT-v13.348/App/resources/app/dist/database/backend/server-document.mjs:1:4614)\n    at Function._migrateRecord (file:///D:/Juegos/Foundry_daggerheart_git/Foundry-daggerheart/Portable-FoundryVTT-v13.348/App/resources/app/dist/database/backend/server-document.mjs:1:4119)\n    at Function._migrateDocuments (file:///D:/Juegos/Foundry_daggerheart_git/Foundry-daggerheart/Portable-FoundryVTT-v13.348/App/resources/app/dist/database/backend/server-document.mjs:1:2782)","timestamp":"2026-03-12 19:01:18"}
{"level":"warn","message":"Database daggerheart.journals was not fully migrated due to errors during migration.","timestamp":"2026-03-12 19:01:18"}
{"level":"info","message":"Launching World | Migrating Package Data - 27%","timestamp":"2026-03-12 19:01:18"}
{"level":"error","message":"An error occurred during the migration of RollTable record [I5L1dlgxXTNrCCkL] of database \"daggerheart.rolltables\":\nError: Documents from a core version newer than the running version cannot be migrated\n    at TableResult._migrateRecord (file:///D:/Juegos/Foundry_daggerheart_git/Foundry-daggerheart/Portable-FoundryVTT-v13.348/App/resources/app/dist/database/backend/server-document.mjs:1:3713)\n    at Function._migrateEmbeddedRecords (file:///D:/Juegos/Foundry_daggerheart_git/Foundry-daggerheart/Portable-FoundryVTT-v13.348/App/resources/app/dist/database/backend/server-document.mjs:1:4614)\n    at Function._migrateRecord (file:///D:/Juegos/Foundry_daggerheart_git/Foundry-daggerheart/Portable-FoundryVTT-v13.348/App/resources/app/dist/database/backend/server-document.mjs:1:4119)\n    at Function._migrateDocuments (file:///D:/Juegos/Foundry_daggerheart_git/Foundry-daggerheart/Portable-FoundryVTT-v13.348/App/resources/app/dist/database/backend/server-document.mjs:1:2782)","timestamp":"2026-03-12 19:01:18"}
{"level":"error","message":"An error occurred during the migration of RollTable record [S61Shlt2I5CbLRjz] of database \"daggerheart.rolltables\":\nError: Documents from a core version newer than the running version cannot be migrated\n    at TableResult._migrateRecord (file:///D:/Juegos/Foundry_daggerheart_git/Foundry-daggerheart/Portable-FoundryVTT-v13.348/App/resources/app/dist/database/backend/server-document.mjs:1:3713)\n    at Function._migrateEmbeddedRecords (file:///D:/Juegos/Foundry_daggerheart_git/Foundry-daggerheart/Portable-FoundryVTT-v13.348/App/resources/app/dist/database/backend/server-document.mjs:1:4614)\n    at Function._migrateRecord (file:///D:/Juegos/Foundry_daggerheart_git/Foundry-daggerheart/Portable-FoundryVTT-v13.348/App/resources/app/dist/database/backend/server-document.mjs:1:4119)\n    at Function._migrateDocuments (file:///D:/Juegos/Foundry_daggerheart_git/Foundry-daggerheart/Portable-FoundryVTT-v13.348/App/resources/app/dist/database/backend/server-document.mjs:1:2782)","timestamp":"2026-03-12 19:01:18"}
{"level":"error","message":"An error occurred during the migration of RollTable record [tF04P02yVN1YDVel] of database \"daggerheart.rolltables\":\nError: Documents from a core version newer than the running version cannot be migrated\n    at TableResult._migrateRecord (file:///D:/Juegos/Foundry_daggerheart_git/Foundry-daggerheart/Portable-FoundryVTT-v13.348/App/resources/app/dist/database/backend/server-document.mjs:1:3713)\n    at Function._migrateEmbeddedRecords (file:///D:/Juegos/Foundry_daggerheart_git/Foundry-daggerheart/Portable-FoundryVTT-v13.348/App/resources/app/dist/database/backend/server-document.mjs:1:4614)\n    at Function._migrateRecord (file:///D:/Juegos/Foundry_daggerheart_git/Foundry-daggerheart/Portable-FoundryVTT-v13.348/App/resources/app/dist/database/backend/server-document.mjs:1:4119)\n    at Function._migrateDocuments (file:///D:/Juegos/Foundry_daggerheart_git/Foundry-daggerheart/Portable-FoundryVTT-v13.348/App/resources/app/dist/database/backend/server-document.mjs:1:2782)","timestamp":"2026-03-12 19:01:18"}
{"level":"warn","message":"Database daggerheart.rolltables was not fully migrated due to errors during migration.","timestamp":"2026-03-12 19:01:18"}
{"level":"info","message":"Launching World | Migrating Package Data - 29%","timestamp":"2026-03-12 19:01:18"}
{"level":"info","message":"Launching World | Migrating Package Data - 31%","timestamp":"2026-03-12 19:01:18"}
{"level":"info","message":"Launching World | Migrating Package Data - 33%","timestamp":"2026-03-12 19:01:18"}
{"level":"error","message":"An error occurred during the migration of Item record [AzEJqUAnlfac2THg] of database \"daggerheart-advmanager.custom-features\":\nError: Documents from a core version newer than the running version cannot be migrated\n    at Function._migrateRecord (file:///D:/Juegos/Foundry_daggerheart_git/Foundry-daggerheart/Portable-FoundryVTT-v13.348/App/resources/app/dist/database/backend/server-document.mjs:1:3713)\n    at Function._migrateDocuments (file:///D:/Juegos/Foundry_daggerheart_git/Foundry-daggerheart/Portable-FoundryVTT-v13.348/App/resources/app/dist/database/backend/server-document.mjs:1:2782)","timestamp":"2026-03-12 19:01:18"}
{"level":"error","message":"An error occurred during the migration of Item record [BRwQHc8h2ejuuvTr] of database \"daggerheart-advmanager.custom-features\":\nError: Documents from a core version newer than the running version cannot be migrated\n    at Function._migrateRecord (file:///D:/Juegos/Foundry_daggerheart_git/Foundry-daggerheart/Portable-FoundryVTT-v13.348/App/resources/app/dist/database/backend/server-document.mjs:1:3713)\n    at Function._migrateDocuments (file:///D:/Juegos/Foundry_daggerheart_git/Foundry-daggerheart/Portable-FoundryVTT-v13.348/App/resources/app/dist/database/backend/server-document.mjs:1:2782)","timestamp":"2026-03-12 19:01:18"}
{"level":"error","message":"An error occurred during the migration of Item record [KGhnD2WbVvfefC7I] of database \"daggerheart-advmanager.custom-features\":\nError: Documents from a core version newer than the running version cannot be migrated\n    at Function._migrateRecord (file:///D:/Juegos/Foundry_daggerheart_git/Foundry-daggerheart/Portable-FoundryVTT-v13.348/App/resources/app/dist/database/backend/server-document.mjs:1:3713)\n    at Function._migrateDocuments (file:///D:/Juegos/Foundry_daggerheart_git/Foundry-daggerheart/Portable-FoundryVTT-v13.348/App/resources/app/dist/database/backend/server-document.mjs:1:2782)","timestamp":"2026-03-12 19:01:18"}
{"level":"error","message":"An error occurred during the migration of Item record [ezFzajFyZSDOTJFA] of database \"daggerheart-advmanager.custom-features\":\nError: Documents from a core version newer than the running version cannot be migrated\n    at Function._migrateRecord (file:///D:/Juegos/Foundry_daggerheart_git/Foundry-daggerheart/Portable-FoundryVTT-v13.348/App/resources/app/dist/database/backend/server-document.mjs:1:3713)\n    at Function._migrateDocuments (file:///D:/Juegos/Foundry_daggerheart_git/Foundry-daggerheart/Portable-FoundryVTT-v13.348/App/resources/app/dist/database/backend/server-document.mjs:1:2782)","timestamp":"2026-03-12 19:01:18"}
{"level":"error","message":"An error occurred during the migration of Item record [gQjpYzBmlC6CDYGY] of database \"daggerheart-advmanager.custom-features\":\nError: Documents from a core version newer than the running version cannot be migrated\n    at Function._migrateRecord (file:///D:/Juegos/Foundry_daggerheart_git/Foundry-daggerheart/Portable-FoundryVTT-v13.348/App/resources/app/dist/database/backend/server-document.mjs:1:3713)\n    at Function._migrateDocuments (file:///D:/Juegos/Foundry_daggerheart_git/Foundry-daggerheart/Portable-FoundryVTT-v13.348/App/resources/app/dist/database/backend/server-document.mjs:1:2782)","timestamp":"2026-03-12 19:01:18"}
{"level":"error","message":"An error occurred during the migration of Item record [gkyJsNVoE3kYJWoe] of database \"daggerheart-advmanager.custom-features\":\nError: Documents from a core version newer than the running version cannot be migrated\n    at Function._migrateRecord (file:///D:/Juegos/Foundry_daggerheart_git/Foundry-daggerheart/Portable-FoundryVTT-v13.348/App/resources/app/dist/database/backend/server-document.mjs:1:3713)\n    at Function._migrateDocuments (file:///D:/Juegos/Foundry_daggerheart_git/Foundry-daggerheart/Portable-FoundryVTT-v13.348/App/resources/app/dist/database/backend/server-document.mjs:1:2782)","timestamp":"2026-03-12 19:01:18"}
{"level":"error","message":"An error occurred during the migration of Item record [vPbGnIwlpM2I74BI] of database \"daggerheart-advmanager.custom-features\":\nError: Documents from a core version newer than the running version cannot be migrated\n    at Function._migrateRecord (file:///D:/Juegos/Foundry_daggerheart_git/Foundry-daggerheart/Portable-FoundryVTT-v13.348/App/resources/app/dist/database/backend/server-document.mjs:1:3713)\n    at Function._migrateDocuments (file:///D:/Juegos/Foundry_daggerheart_git/Foundry-daggerheart/Portable-FoundryVTT-v13.348/App/resources/app/dist/database/backend/server-document.mjs:1:2782)","timestamp":"2026-03-12 19:01:18"}
{"level":"error","message":"An error occurred during the migration of Item record [w55UDPWC0WIgXxWS] of database \"daggerheart-advmanager.custom-features\":\nError: Documents from a core version newer than the running version cannot be migrated\n    at Function._migrateRecord (file:///D:/Juegos/Foundry_daggerheart_git/Foundry-daggerheart/Portable-FoundryVTT-v13.348/App/resources/app/dist/database/backend/server-document.mjs:1:3713)\n    at Function._migrateDocuments (file:///D:/Juegos/Foundry_daggerheart_git/Foundry-daggerheart/Portable-FoundryVTT-v13.348/App/resources/app/dist/database/backend/server-document.mjs:1:2782)","timestamp":"2026-03-12 19:01:18"}
{"level":"warn","message":"Database daggerheart-advmanager.custom-features was not fully migrated due to errors during migration.","timestamp":"2026-03-12 19:01:18"}
{"level":"info","message":"Launching World | Migrating Package Data - 35%","timestamp":"2026-03-12 19:01:18"}
{"level":"error","message":"An error occurred during the migration of Item record [0AK50fib0Vl6vzNE] of database \"daggerheart-advmanager.all-features\":\nError: Documents from a core version newer than the running version cannot be migrated\n    at Function._migrateRecord (file:///D:/Juegos/Foundry_daggerheart_git/Foundry-daggerheart/Portable-FoundryVTT-v13.348/App/resources/app/dist/database/backend/server-document.mjs:1:3713)\n    at Function._migrateDocuments (file:///D:/Juegos/Foundry_daggerheart_git/Foundry-daggerheart/Portable-FoundryVTT-v13.348/App/resources/app/dist/database/backend/server-document.mjs:1:2782)","timestamp":"2026-03-12 19:01:18"}
{"level":"error","message":"An error occurred during the migration of Item record [0EmQBc3EpEkh7ZNI] of database \"daggerheart-advmanager.all-features\":\nError: Documents from a core version newer than the running version cannot be migrated\n    at Function._migrateRecord (file:///D:/Juegos/Foundry_daggerheart_git/Foundry-daggerheart/Portable-FoundryVTT-v13.348/App/resources/app/dist/database/backend/server-document.mjs:1:3713)\n    at Function._migrateDocuments (file:///D:/Juegos/Foundry_daggerheart_git/Foundry-daggerheart/Portable-FoundryVTT-v13.348/App/resources/app/dist/database/backend/server-document.mjs:1:2782)","timestamp":"2026-03-12 19:01:18"}
{"level":"error","message":"An error occurred during the migration of Item record [0Jyuo4OsdMawZoTU] of database \"daggerheart-advmanager.all-features\":\nError: Documents from a core version newer than the running version cannot be migrated\n    at Function._migrateRecord (file:///D:/Juegos/Foundry_daggerheart_git/Foundry-daggerheart/Portable-FoundryVTT-v13.348/App/resources/app/dist/database/backend/server-document.mjs:1:3713)\n    at Function._migrateDocuments (file:///D:/Juegos/Foundry_daggerheart_git/Foundry-daggerheart/Portable-FoundryVTT-v13.348/App/resources/app/dist/database/backend/server-document.mjs:1:2782)","timestamp":"2026-03-12 19:01:18"}
{"level":"error","message":"An error occurred during the migration of Item record [0OGMVbqFxRVxsuTy] of database \"daggerheart-advmanager.all-features\":\nError: Documents from a core version newer than the running version cannot be migrated\n    at Function._migrateRecord (file:///D:/Juegos/Foundry_daggerheart_git/Foundry-daggerheart/Portable-FoundryVTT-v13.348/App/resources/app/dist/database/backend/server-document.mjs:1:3713)\n    at Function._migrateDocuments (file:///D:/Juegos/Foundry_daggerheart_git/Foundry-daggerheart/Portable-FoundryVTT-v13.348/App/resources/app/dist/database/backend/server-document.mjs:1:2782)","timestamp":"2026-03-12 19:01:18"}
{"level":"error","message":"An error occurred during the migration of Item record [0iw1UfatM6sVnQzw] of database \"daggerheart-advmanager.all-features\":\nError: Documents from a core version newer than the running version cannot be migrated\n    at Function._migrateRecord (file:///D:/Juegos/Foundry_daggerheart_git/Foundry-daggerheart/Portable-FoundryVTT-v13.348/App/resources/app/dist/database/backend/server-document.mjs:1:3713)\n    at Function._migrateDocuments (file:///D:/Juegos/Foundry_daggerheart_git/Foundry-daggerheart/Portable-FoundryVTT-v13.348/App/resources/app/dist/database/backend/server-document.mjs:1:2782)","timestamp":"2026-03-12 19:01:18"}
{"level":"error","message":"An error occurred during the migration of Item record [0t5Sxf68jP13Jvdb] of database \"daggerheart-advmanager.all-features\":\nError: Documents from a core version newer than the running version cannot be migrated\n    at Function._migrateRecord (file:///D:/Juegos/Foundry_daggerheart_git/Foundry-daggerheart/Portable-FoundryVTT-v13.348/App/resources/app/dist/database/backend/server-document.mjs:1:3713)\n    at Function._migrateDocuments (file:///D:/Juegos/Foundry_daggerheart_git/Foundry-daggerheart/Portable-FoundryVTT-v13.348/App/resources/app/dist/database/backend/server-document.mjs:1:2782)","timestamp":"2026-03-12 19:01:18"}
{"level":"error","message":"An error occurred during the migration of Item record [0xfUrz3PxiePxbuZ] of database \"daggerheart-advmanager.all-features\":\nError: Documents from a core version newer than the running version cannot be migrated\n    at Function._migrateRecord (file:///D:/Juegos/Foundry_daggerheart_git/Foundry-daggerheart/Portable-FoundryVTT-v13.348/App/resources/app/dist/database/backend/server-document.mjs:1:3713)\n    at Function._migrateDocuments (file:///D:/Juegos/Foundry_daggerheart_git/Foundry-daggerheart/Portable-FoundryVTT-v13.348/App/resources/app/dist/database/backend/server-document.mjs:1:2782)","timestamp":"2026-03-12 19:01:18"}
{"level":"error","message":"An error occurred during the migration of Item record [10is4ehby9gfstKp] of database \"daggerheart-advmanager.all-features\":\nError: Documents from a core version newer than the running version cannot be migrated\n    at Function._migrateRecord (file:///D:/Juegos/Foundry_daggerheart_git/Foundry-daggerheart/Portable-FoundryVTT-v13.348/App/resources/app/dist/database/backend/server-document.mjs:1:3713)\n    at Function._migrateDocuments (file:///D:/Juegos/Foundry_daggerheart_git/Foundry-daggerheart/Portable-FoundryVTT-v13.348/App/resources/app/dist/database/backend/server-document.mjs:1:2782)","timestamp":"2026-03-12 19:01:18"}
{"level":"error","message":"An error occurred during the migration of Item record [12GpBV70UVm4jiEq] of database \"daggerheart-advmanager.all-features\":\nError: Documents from a core version newer than the running version cannot be migrated\n    at Function._migrateRecord (file:///D:/Juegos/Foundry_daggerheart_git/Foundry-daggerheart/Portable-FoundryVTT-v13.348/App/resources/app/dist/database/backend/server-document.mjs:1:3713)\n    at Function._migrateDocuments (file:///D:/Juegos/Foundry_daggerheart_git/Foundry-daggerheart/Portable-FoundryVTT-v13.348/App/resources/app/dist/database/backend/server-document.mjs:1:2782)","timestamp":"2026-03-12 19:01:18"}
{"level":"error","message":"An error occurred during the migration of Item record [176El2KFqxUq1yFM] of database \"daggerheart-advmanager.all-features\":\nError: Documents from a core version newer than the running version cannot be migrated\n    at Function._migrateRecord (file:///D:/Juegos/Foundry_daggerheart_git/Foundry-daggerheart/Portable-FoundryVTT-v13.348/App/resources/app/dist/database/backend/server-document.mjs:1:3713)\n    at Function._migrateDocuments (file:///D:/Juegos/Foundry_daggerheart_git/Foundry-daggerheart/Portable-FoundryVTT-v13.348/App/resources/app/dist/database/backend/server-document.mjs:1:2782)","timestamp":"2026-03-12 19:01:18"}
{"level":"error","message":"An error occurred during the migration of Item record [19FO88Svnttnqsyh] of database \"daggerheart-advmanager.all-features\":\nError: Documents from a core version newer than the running version cannot be migrated\n    at Function._migrateRecord (file:///D:/Juegos/Foundry_daggerheart_git/Foundry-daggerheart/Portable-FoundryVTT-v13.348/App/resources/app/dist/database/backend/server-document.mjs:1:3713)\n    at Function._migrateDocuments (file:///D:/Juegos/Foundry_daggerheart_git/Foundry-daggerheart/Portable-FoundryVTT-v13.348/App/resources/app/dist/database/backend/server-document.mjs:1:2782)","timestamp":"2026-03-12 19:01:18"}
{"level":"error","message":"An error occurred during the migration of Item record [1FMtoS8Vd9rzaFVG] of database \"daggerheart-advmanager.all-features\":\nError: Documents from a core version newer than the running version cannot be migrated\n    at Function._migrateRecord (file:///D:/Juegos/Foundry_daggerheart_git/Foundry-daggerheart/Portable-FoundryVTT-v13.348/App/resources/app/dist/database/backend/server-document.mjs:1:3713)\n    at Function._migrateDocuments (file:///D:/Juegos/Foundry_daggerheart_git/Foundry-daggerheart/Portable-FoundryVTT-v13.348/App/resources/app/dist/database/backend/server-document.mjs:1:2782)","timestamp":"2026-03-12 19:01:18"}
{"level":"error","message":"An error occurred during the migration of Item record [1aNR0X2uLEfNyvLS] of database \"daggerheart-advmanager.all-features\":\nError: Documents from a core version newer than the running version cannot be migrated\n    at Function._migrateRecord (file:///D:/Juegos/Foundry_daggerheart_git/Foundry-daggerheart/Portable-FoundryVTT-v13.348/App/resources/app/dist/database/backend/server-document.mjs:1:3713)\n    at Function._migrateDocuments (file:///D:/Juegos/Foundry_daggerheart_git/Foundry-daggerheart/Portable-FoundryVTT-v13.348/App/resources/app/dist/database/backend/server-document.mjs:1:2782)","timestamp":"2026-03-12 19:01:18"}
{"level":"error","message":"An error occurred during the migration of Item record [24xBbSTxWXb9RsrI] of database \"daggerheart-advmanager.all-features\":\nError: Documents from a core version newer than the running version cannot be migrated\n    at Function._migrateRecord (file:///D:/Juegos/Foundry_daggerheart_git/Foundry-daggerheart/Portable-FoundryVTT-v13.348/App/resources/app/dist/database/backend/server-document.mjs:1:3713)\n    at Function._migrateDocuments (file:///D:/Juegos/Foundry_daggerheart_git/Foundry-daggerheart/Portable-FoundryVTT-v13.348/App/resources/app/dist/database/backend/server-document.mjs:1:2782)","timestamp":"2026-03-12 19:01:18"}
{"level":"error","message":"An error occurred during the migration of Item record [29zFfjY5HNUxW3mx] of database \"daggerheart-advmanager.all-features\":\nError: Documents from a core version newer than the running version cannot be migrated\n    at Function._migrateRecord (file:///D:/Juegos/Foundry_daggerheart_git/Foundry-daggerheart/Portable-FoundryVTT-v13.348/App/resources/app/dist/database/backend/server-document.mjs:1:3713)\n    at Function._migrateDocuments (file:///D:/Juegos/Foundry_daggerheart_git/Foundry-daggerheart/Portable-FoundryVTT-v13.348/App/resources/app/dist/database/backend/server-document.mjs:1:2782)","timestamp":"2026-03-12 19:01:18"}
{"level":"error","message":"An error occurred during the migration of Item record [2bJ0AcF6AbwTJRQX] of database \"daggerheart-advmanager.all-features\":\nError: Documents from a core version newer than the running version cannot be migrated\n    at Function._migrateRecord (file:///D:/Juegos/Foundry_daggerheart_git/Foundry-daggerheart/Portable-FoundryVTT-v13.348/App/resources/app/dist/database/backend/server-document.mjs:1:3713)\n    at Function._migrateDocuments (file:///D:/Juegos/Foundry_daggerheart_git/Foundry-daggerheart/Portable-FoundryVTT-v13.348/App/resources/app/dist/database/backend/server-document.mjs:1:2782)","timestamp":"2026-03-12 19:01:18"}
{"level":"error","message":"An error occurred during the migration of Item record [2mbKdvhv86laztg5] of database \"daggerheart-advmanager.all-features\":\nError: Documents from a core version newer than the running version cannot be migrated\n    at Function._migrateRecord (file:///D:/Juegos/Foundry_daggerheart_git/Foundry-daggerheart/Portable-FoundryVTT-v13.348/App/resources/app/dist/database/backend/server-document.mjs:1:3713)\n    at Function._migrateDocuments (file:///D:/Juegos/Foundry_daggerheart_git/Foundry-daggerheart/Portable-FoundryVTT-v13.348/App/resources/app/dist/database/backend/server-document.mjs:1:2782)","timestamp":"2026-03-12 19:01:18"}
{"level":"error","message":"An error occurred during the migration of Item record [2oGA8NNPjlHvG2w5] of database \"daggerheart-advmanager.all-features\":\nError: Documents from a core version newer than the running version cannot be migrated\n    at Function._migrateRecord (file:///D:/Juegos/Foundry_daggerheart_git/Foundry-daggerheart/Portable-FoundryVTT-v13.348/App/resources/app/dist/database/backend/server-document.mjs:1:3713)\n    at Function._migrateDocuments (file:///D:/Juegos/Foundry_daggerheart_git/Foundry-daggerheart/Portable-FoundryVTT-v13.348/App/resources/app/dist/database/backend/server-document.mjs:1:2782)","timestamp":"2026-03-12 19:01:18"}
{"level":"error","message":"An error occurred during the migration of Item record [3585rCbXTrgdV3b3] of database \"daggerheart-advmanager.all-features\":\nError: Documents from a core version newer than the running version cannot be migrated\n    at Function._migrateRecord (file:///D:/Juegos/Foundry_daggerheart_git/Foundry-daggerheart/Portable-FoundryVTT-v13.348/App/resources/app/dist/database/backend/server-document.mjs:1:3713)\n    at Function._migrateDocuments (file:///D:/Juegos/Foundry_daggerheart_git/Foundry-daggerheart/Portable-FoundryVTT-v13.348/App/resources/app/dist/database/backend/server-document.mjs:1:2782)","timestamp":"2026-03-12 19:01:18"}
{"level":"error","message":"An error occurred during the migration of Item record [3DcJxlfu8rDHyh9o] of database \"daggerheart-advmanager.all-features\":\nError: Documents from a core version newer than the running version cannot be migrated\n    at Function._migrateRecord (file:///D:/Juegos/Foundry_daggerheart_git/Foundry-daggerheart/Portable-FoundryVTT-v13.348/App/resources/app/dist/database/backend/server-document.mjs:1:3713)\n    at Function._migrateDocuments (file:///D:/Juegos/Foundry_daggerheart_git/Foundry-daggerheart/Portable-FoundryVTT-v13.348/App/resources/app/dist/database/backend/server-document.mjs:1:2782)","timestamp":"2026-03-12 19:01:18"}
{"level":"error","message":"An error occurred during the migration of Item record [3HE1tbCfnpKvfRT4] of database \"daggerheart-advmanager.all-features\":\nError: Documents from a core version newer than the running version cannot be migrated\n    at Function._migrateRecord (file:///D:/Juegos/Foundry_daggerheart_git/Foundry-daggerheart/Portable-FoundryVTT-v13.348/App/resources/app/dist/database/backend/server-document.mjs:1:3713)\n    at Function._migrateDocuments (file:///D:/Juegos/Foundry_daggerheart_git/Foundry-daggerheart/Portable-FoundryVTT-v13.348/App/resources/app/dist/database/backend/server-document.mjs:1:2782)","timestamp":"2026-03-12 19:01:18"}
{"level":"error","message":"An error occurred during the migration of Item record [3qIfh4e4Jmv1i4IA] of database \"daggerheart-advmanager.all-features\":\nError: Documents from a core version newer than the running version cannot be migrated\n    at Function._migrateRecord (file:///D:/Juegos/Foundry_daggerheart_git/Foundry-daggerheart/Portable-FoundryVTT-v13.348/App/resources/app/dist/database/backend/server-document.mjs:1:3713)\n    at Function._migrateDocuments (file:///D:/Juegos/Foundry_daggerheart_git/Foundry-daggerheart/Portable-FoundryVTT-v13.348/App/resources/app/dist/database/backend/server-document.mjs:1:2782)","timestamp":"2026-03-12 19:01:18"}
{"level":"error","message":"An error occurred during the migration of Item record [406aPWKMmrbhjNBp] of database \"daggerheart-advmanager.all-features\":\nError: Documents from a core version newer than the running version cannot be migrated\n    at Function._migrateRecord (file:///D:/Juegos/Foundry_daggerheart_git/Foundry-daggerheart/Portable-FoundryVTT-v13.348/App/resources/app/dist/database/backend/server-document.mjs:1:3713)\n    at Function._migrateDocuments (file:///D:/Juegos/Foundry_daggerheart_git/Foundry-daggerheart/Portable-FoundryVTT-v13.348/App/resources/app/dist/database/backend/server-document.mjs:1:2782)","timestamp":"2026-03-12 19:01:18"}
{"level":"error","message":"An error occurred during the migration of Item record [4Arev0XM1kfJor5X] of database \"daggerheart-advmanager.all-features\":\nError: Documents from a core version newer than the running version cannot be migrated\n    at Function._migrateRecord (file:///D:/Juegos/Foundry_daggerheart_git/Foundry-daggerheart/Portable-FoundryVTT-v13.348/App/resources/app/dist/database/backend/server-document.mjs:1:3713)\n    at Function._migrateDocuments (file:///D:/Juegos/Foundry_daggerheart_git/Foundry-daggerheart/Portable-FoundryVTT-v13.348/App/resources/app/dist/database/backend/server-document.mjs:1:2782)","timestamp":"2026-03-12 19:01:18"}
{"level":"error","message":"An error occurred during the migration of Item record [4NSLMimnOPIIkrp8] of database \"daggerheart-advmanager.all-features\":\nError: Documents from a core version newer than the running version cannot be migrated\n    at Function._migrateRecord (file:///D:/Juegos/Foundry_daggerheart_git/Foundry-daggerheart/Portable-FoundryVTT-v13.348/App/resources/app/dist/database/backend/server-document.mjs:1:3713)\n    at Function._migrateDocuments (file:///D:/Juegos/Foundry_daggerheart_git/Foundry-daggerheart/Portable-FoundryVTT-v13.348/App/resources/app/dist/database/backend/server-document.mjs:1:2782)","timestamp":"2026-03-12 19:01:18"}
{"level":"error","message":"An error occurred during the migration of Item record [4hQpJ37Lki92QPdP] of database \"daggerheart-advmanager.all-features\":\nError: Documents from a core version newer than the running version cannot be migrated\n    at Function._migrateRecord (file:///D:/Juegos/Foundry_daggerheart_git/Foundry-daggerheart/Portable-FoundryVTT-v13.348/App/resources/app/dist/database/backend/server-document.mjs:1:3713)\n    at Function._migrateDocuments (file:///D:/Juegos/Foundry_daggerheart_git/Foundry-daggerheart/Portable-FoundryVTT-v13.348/App/resources/app/dist/database/backend/server-document.mjs:1:2782)","timestamp":"2026-03-12 19:01:18"}
{"level":"error","message":"An error occurred during the migration of Item record [4olzwDGhly4yD6QP] of database \"daggerheart-advmanager.all-features\":\nError: Documents from a core version newer than the running version cannot be migrated\n    at Function._migrateRecord (file:///D:/Juegos/Foundry_daggerheart_git/Foundry-daggerheart/Portable-FoundryVTT-v13.348/App/resources/app/dist/database/backend/server-document.mjs:1:3713)\n    at Function._migrateDocuments (file:///D:/Juegos/Foundry_daggerheart_git/Foundry-daggerheart/Portable-FoundryVTT-v13.348/App/resources/app/dist/database/backend/server-document.mjs:1:2782)","timestamp":"2026-03-12 19:01:18"}
{"level":"error","message":"An error occurred during the migration of Item record [4pJEwefS6ck3yhTL] of database \"daggerheart-advmanager.all-features\":\nError: Documents from a core version newer than the running version cannot be migrated\n    at Function._migrateRecord (file:///D:/Juegos/Foundry_daggerheart_git/Foundry-daggerheart/Portable-FoundryVTT-v13.348/App/resources/app/dist/database/backend/server-document.mjs:1:3713)\n    at Function._migrateDocuments (file:///D:/Juegos/Foundry_daggerheart_git/Foundry-daggerheart/Portable-FoundryVTT-v13.348/App/resources/app/dist/database/backend/server-document.mjs:1:2782)","timestamp":"2026-03-12 19:01:18"}
{"level":"error","message":"An error occurred during the migration of Item record [562z3cCHaZpp7KQ3] of database \"daggerheart-advmanager.all-features\":\nError: Documents from a core version newer than the running version cannot be migrated\n    at Function._migrateRecord (file:///D:/Juegos/Foundry_daggerheart_git/Foundry-daggerheart/Portable-FoundryVTT-v13.348/App/resources/app/dist/database/backend/server-document.mjs:1:3713)\n    at Function._migrateDocuments (file:///D:/Juegos/Foundry_daggerheart_git/Foundry-daggerheart/Portable-FoundryVTT-v13.348/App/resources/app/dist/database/backend/server-document.mjs:1:2782)","timestamp":"2026-03-12 19:01:18"}
{"level":"error","message":"An error occurred during the migration of Item record [5A2g10P82BhefFnF] of database \"daggerheart-advmanager.all-features\":\nError: Documents from a core version newer than the running version cannot be migrated\n    at Function._migrateRecord (file:///D:/Juegos/Foundry_daggerheart_git/Foundry-daggerheart/Portable-FoundryVTT-v13.348/App/resources/app/dist/database/backend/server-document.mjs:1:3713)\n    at Function._migrateDocuments (file:///D:/Juegos/Foundry_daggerheart_git/Foundry-daggerheart/Portable-FoundryVTT-v13.348/App/resources/app/dist/database/backend/server-document.mjs:1:2782)","timestamp":"2026-03-12 19:01:18"}
{"level":"error","message":"An error occurred during the migration of Item record [5Aa9DYunwzMlj2z5] of database \"daggerheart-advmanager.all-features\":\nError: Documents from a core version newer than the running version cannot be migrated\n    at Function._migrateRecord (file:///D:/Juegos/Foundry_daggerheart_git/Foundry-daggerheart/Portable-FoundryVTT-v13.348/App/resources/app/dist/database/backend/server-document.mjs:1:3713)\n    at Function._migrateDocuments (file:///D:/Juegos/Foundry_daggerheart_git/Foundry-daggerheart/Portable-FoundryVTT-v13.348/App/resources/app/dist/database/backend/server-document.mjs:1:2782)","timestamp":"2026-03-12 19:01:18"}
{"level":"error","message":"An error occurred during the migration of Item record [5Bo8D9QzOB7nrkiJ] of database \"daggerheart-advmanager.all-features\":\nError: Documents from a core version newer than the running version cannot be migrated\n    at Function._migrateRecord (file:///D:/Juegos/Foundry_daggerheart_git/Foundry-daggerheart/Portable-FoundryVTT-v13.348/App/resources/app/dist/database/backend/server-document.mjs:1:3713)\n    at Function._migrateDocuments (file:///D:/Juegos/Foundry_daggerheart_git/Foundry-daggerheart/Portable-FoundryVTT-v13.348/App/resources/app/dist/database/backend/server-document.mjs:1:2782)","timestamp":"2026-03-12 19:01:18"}
{"level":"error","message":"An error occurred during the migration of Item record [5DLSEIAySr9PTQcB] of database \"daggerheart-advmanager.all-features\":\nError: Documents from a core version newer than the running version cannot be migrated\n    at Function._migrateRecord (file:///D:/Juegos/Foundry_daggerheart_git/Foundry-daggerheart/Portable-FoundryVTT-v13.348/App/resources/app/dist/database/backend/server-document.mjs:1:3713)\n    at Function._migrateDocuments (file:///D:/Juegos/Foundry_daggerheart_git/Foundry-daggerheart/Portable-FoundryVTT-v13.348/App/resources/app/dist/database/backend/server-document.mjs:1:2782)","timestamp":"2026-03-12 19:01:18"}
{"level":"error","message":"An error occurred during the migration of Item record [5Nq16tcUJeKgzAqM] of database \"daggerheart-advmanager.all-features\":\nError: Documents from a core version newer than the running version cannot be migrated\n    at Function._migrateRecord (file:///D:/Juegos/Foundry_daggerheart_git/Foundry-daggerheart/Portable-FoundryVTT-v13.348/App/resources/app/dist/database/backend/server-document.mjs:1:3713)\n    at Function._migrateDocuments (file:///D:/Juegos/Foundry_daggerheart_git/Foundry-daggerheart/Portable-FoundryVTT-v13.348/App/resources/app/dist/database/backend/server-document.mjs:1:2782)","timestamp":"2026-03-12 19:01:18"}
{"level":"error","message":"An error occurred during the migration of Item record [5Wn5atX8O21xrL5O] of database \"daggerheart-advmanager.all-features\":\nError: Documents from a core version newer than the running version cannot be migrated\n    at Function._migrateRecord (file:///D:/Juegos/Foundry_daggerheart_git/Foundry-daggerheart/Portable-FoundryVTT-v13.348/App/resources/app/dist/database/backend/server-document.mjs:1:3713)\n    at Function._migrateDocuments (file:///D:/Juegos/Foundry_daggerheart_git/Foundry-daggerheart/Portable-FoundryVTT-v13.348/App/resources/app/dist/database/backend/server-document.mjs:1:2782)","timestamp":"2026-03-12 19:01:18"}
{"level":"error","message":"An error occurred during the migration of Item record [5kQacWjp1K6I4iH3] of database \"daggerheart-advmanager.all-features\":\nError: Documents from a core version newer than the running version cannot be migrated\n    at Function._migrateRecord (file:///D:/Juegos/Foundry_daggerheart_git/Foundry-daggerheart/Portable-FoundryVTT-v13.348/App/resources/app/dist/database/backend/server-document.mjs:1:3713)\n    at Function._migrateDocuments (file:///D:/Juegos/Foundry_daggerheart_git/Foundry-daggerheart/Portable-FoundryVTT-v13.348/App/resources/app/dist/database/backend/server-document.mjs:1:2782)","timestamp":"2026-03-12 19:01:18"}
{"level":"error","message":"An error occurred during the migration of Item record [62OdgQgaYYjAsxhn] of database \"daggerheart-advmanager.all-features\":\nError: Documents from a core version newer than the running version cannot be migrated\n    at Function._migrateRecord (file:///D:/Juegos/Foundry_daggerheart_git/Foundry-daggerheart/Portable-FoundryVTT-v13.348/App/resources/app/dist/database/backend/server-document.mjs:1:3713)\n    at Function._migrateDocuments (file:///D:/Juegos/Foundry_daggerheart_git/Foundry-daggerheart/Portable-FoundryVTT-v13.348/App/resources/app/dist/database/backend/server-document.mjs:1:2782)","timestamp":"2026-03-12 19:01:18"}
{"level":"error","message":"An error occurred during the migration of Item record [68ygzbXuIM3CmG4T] of database \"daggerheart-advmanager.all-features\":\nError: Documents from a core version newer than the running version cannot be migrated\n    at Function._migrateRecord (file:///D:/Juegos/Foundry_daggerheart_git/Foundry-daggerheart/Portable-FoundryVTT-v13.348/App/resources/app/dist/database/backend/server-document.mjs:1:3713)\n    at Function._migrateDocuments (file:///D:/Juegos/Foundry_daggerheart_git/Foundry-daggerheart/Portable-FoundryVTT-v13.348/App/resources/app/dist/database/backend/server-document.mjs:1:2782)","timestamp":"2026-03-12 19:01:18"}
{"level":"error","message":"An error occurred during the migration of Item record [6Ucktuk60kx88Byq] of database \"daggerheart-advmanager.all-features\":\nError: Documents from a core version newer than the running version cannot be migrated\n    at Function._migrateRecord (file:///D:/Juegos/Foundry_daggerheart_git/Foundry-daggerheart/Portable-FoundryVTT-v13.348/App/resources/app/dist/database/backend/server-document.mjs:1:3713)\n    at Function._migrateDocuments (file:///D:/Juegos/Foundry_daggerheart_git/Foundry-daggerheart/Portable-FoundryVTT-v13.348/App/resources/app/dist/database/backend/server-document.mjs:1:2782)","timestamp":"2026-03-12 19:01:18"}
{"level":"error","message":"An error occurred during the migration of Item record [6VaGmmlJokFAnmYk] of database \"daggerheart-advmanager.all-features\":\nError: Documents from a core version newer than the running version cannot be migrated\n    at Function._migrateRecord (file:///D:/Juegos/Foundry_daggerheart_git/Foundry-daggerheart/Portable-FoundryVTT-v13.348/App/resources/app/dist/database/backend/server-document.mjs:1:3713)\n    at Function._migrateDocuments (file:///D:/Juegos/Foundry_daggerheart_git/Foundry-daggerheart/Portable-FoundryVTT-v13.348/App/resources/app/dist/database/backend/server-document.mjs:1:2782)","timestamp":"2026-03-12 19:01:18"}
{"level":"error","message":"An error occurred during the migration of Item record [6XReWqJ42M0bl0uV] of database \"daggerheart-advmanager.all-features\":\nError: Documents from a core version newer than the running version cannot be migrated\n    at Function._migrateRecord (file:///D:/Juegos/Foundry_daggerheart_git/Foundry-daggerheart/Portable-FoundryVTT-v13.348/App/resources/app/dist/database/backend/server-document.mjs:1:3713)\n    at Function._migrateDocuments (file:///D:/Juegos/Foundry_daggerheart_git/Foundry-daggerheart/Portable-FoundryVTT-v13.348/App/resources/app/dist/database/backend/server-document.mjs:1:2782)","timestamp":"2026-03-12 19:01:18"}
{"level":"error","message":"An error occurred during the migration of Item record [6oBI8EvpQ8UfzEDs] of database \"daggerheart-advmanager.all-features\":\nError: Documents from a core version newer than the running version cannot be migrated\n    at Function._migrateRecord (file:///D:/Juegos/Foundry_daggerheart_git/Foundry-daggerheart/Portable-FoundryVTT-v13.348/App/resources/app/dist/database/backend/server-document.mjs:1:3713)\n    at Function._migrateDocuments (file:///D:/Juegos/Foundry_daggerheart_git/Foundry-daggerheart/Portable-FoundryVTT-v13.348/App/resources/app/dist/database/backend/server-document.mjs:1:2782)","timestamp":"2026-03-12 19:01:18"}
{"level":"error","message":"An error occurred during the migration of Item record [76BVfHMtGBJ8OEV2] of database \"daggerheart-advmanager.all-features\":\nError: Documents from a core version newer than the running version cannot be migrated\n    at Function._migrateRecord (file:///D:/Juegos/Foundry_daggerheart_git/Foundry-daggerheart/Portable-FoundryVTT-v13.348/App/resources/app/dist/database/backend/server-document.mjs:1:3713)\n    at Function._migrateDocuments (file:///D:/Juegos/Foundry_daggerheart_git/Foundry-daggerheart/Portable-FoundryVTT-v13.348/App/resources/app/dist/database/backend/server-document.mjs:1:2782)","timestamp":"2026-03-12 19:01:18"}
{"level":"error","message":"An error occurred during the migration of Item record [77UOyCblaVbixMik] of database \"daggerheart-advmanager.all-features\":\nError: Documents from a core version newer than the running version cannot be migrated\n    at Function._migrateRecord (file:///D:/Juegos/Foundry_daggerheart_git/Foundry-daggerheart/Portable-FoundryVTT-v13.348/App/resources/app/dist/database/backend/server-document.mjs:1:3713)\n    at Function._migrateDocuments (file:///D:/Juegos/Foundry_daggerheart_git/Foundry-daggerheart/Portable-FoundryVTT-v13.348/App/resources/app/dist/database/backend/server-document.mjs:1:2782)","timestamp":"2026-03-12 19:01:18"}
{"level":"error","message":"An error occurred during the migration of Item record [7Bmb1SZ4YjUgiMVp] of database \"daggerheart-advmanager.all-features\":\nError: Documents from a core version newer than the running version cannot be migrated\n    at Function._migrateRecord (file:///D:/Juegos/Foundry_daggerheart_git/Foundry-daggerheart/Portable-FoundryVTT-v13.348/App/resources/app/dist/database/backend/server-document.mjs:1:3713)\n    at Function._migrateDocuments (file:///D:/Juegos/Foundry_daggerheart_git/Foundry-daggerheart/Portable-FoundryVTT-v13.348/App/resources/app/dist/database/backend/server-document.mjs:1:2782)","timestamp":"2026-03-12 19:01:18"}
{"level":"error","message":"An error occurred during the migration of Item record [7PtTEO8wWcVXZMhp] of database \"daggerheart-advmanager.all-features\":\nError: Documents from a core version newer than the running version cannot be migrated\n    at Function._migrateRecord (file:///D:/Juegos/Foundry_daggerheart_git/Foundry-daggerheart/Portable-FoundryVTT-v13.348/App/resources/app/dist/database/backend/server-document.mjs:1:3713)\n    at Function._migrateDocuments (file:///D:/Juegos/Foundry_daggerheart_git/Foundry-daggerheart/Portable-FoundryVTT-v13.348/App/resources/app/dist/database/backend/server-document.mjs:1:2782)","timestamp":"2026-03-12 19:01:18"}
{"level":"error","message":"An error occurred during the migration of Item record [83wz8VKmBOiBHMl7] of database \"daggerheart-advmanager.all-features\":\nError: Documents from a core version newer than the running version cannot be migrated\n    at Function._migrateRecord (file:///D:/Juegos/Foundry_daggerheart_git/Foundry-daggerheart/Portable-FoundryVTT-v13.348/App/resources/app/dist/database/backend/server-document.mjs:1:3713)\n    at Function._migrateDocuments (file:///D:/Juegos/Foundry_daggerheart_git/Foundry-daggerheart/Portable-FoundryVTT-v13.348/App/resources/app/dist/database/backend/server-document.mjs:1:2782)","timestamp":"2026-03-12 19:01:18"}
{"level":"error","message":"An error occurred during the migration of Item record [88lgDAkLmPOdbmUG] of database \"daggerheart-advmanager.all-features\":\nError: Documents from a core version newer than the running version cannot be migrated\n    at Function._migrateRecord (file:///D:/Juegos/Foundry_daggerheart_git/Foundry-daggerheart/Portable-FoundryVTT-v13.348/App/resources/app/dist/database/backend/server-document.mjs:1:3713)\n    at Function._migrateDocuments (file:///D:/Juegos/Foundry_daggerheart_git/Foundry-daggerheart/Portable-FoundryVTT-v13.348/App/resources/app/dist/database/backend/server-document.mjs:1:2782)","timestamp":"2026-03-12 19:01:18"}
{"level":"error","message":"An error occurred during the migration of Item record [8Hqoj2oRVfv0A1Fe] of database \"daggerheart-advmanager.all-features\":\nError: Documents from a core version newer than the running version cannot be migrated\n    at Function._migrateRecord (file:///D:/Juegos/Foundry_daggerheart_git/Foundry-daggerheart/Portable-FoundryVTT-v13.348/App/resources/app/dist/database/backend/server-document.mjs:1:3713)\n    at Function._migrateDocuments (file:///D:/Juegos/Foundry_daggerheart_git/Foundry-daggerheart/Portable-FoundryVTT-v13.348/App/resources/app/dist/database/backend/server-document.mjs:1:2782)","timestamp":"2026-03-12 19:01:18"}
{"level":"error","message":"An error occurred during the migration of Item record [8JG1MqucRal88FLZ] of database \"daggerheart-advmanager.all-features\":\nError: Documents from a core version newer than the running version cannot be migrated\n    at Function._migrateRecord (file:///D:/Juegos/Foundry_daggerheart_git/Foundry-daggerheart/Portable-FoundryVTT-v13.348/App/resources/app/dist/database/backend/server-document.mjs:1:3713)\n    at Function._migrateDocuments (file:///D:/Juegos/Foundry_daggerheart_git/Foundry-daggerheart/Portable-FoundryVTT-v13.348/App/resources/app/dist/database/backend/server-document.mjs:1:2782)","timestamp":"2026-03-12 19:01:18"}
{"level":"error","message":"An error occurred during the migration of Item record [8KyyQcyk5HbrepME] of database \"daggerheart-advmanager.all-features\":\nError: Documents from a core version newer than the running version cannot be migrated\n    at Function._migrateRecord (file:///D:/Juegos/Foundry_daggerheart_git/Foundry-daggerheart/Portable-FoundryVTT-v13.348/App/resources/app/dist/database/backend/server-document.mjs:1:3713)\n    at Function._migrateDocuments (file:///D:/Juegos/Foundry_daggerheart_git/Foundry-daggerheart/Portable-FoundryVTT-v13.348/App/resources/app/dist/database/backend/server-document.mjs:1:2782)","timestamp":"2026-03-12 19:01:18"}
{"level":"error","message":"An error occurred during the migration of Item record [8NUaQ11XOeNbnJDz] of database \"daggerheart-advmanager.all-features\":\nError: Documents from a core version newer than the running version cannot be migrated\n    at Function._migrateRecord (file:///D:/Juegos/Foundry_daggerheart_git/Foundry-daggerheart/Portable-FoundryVTT-v13.348/App/resources/app/dist/database/backend/server-document.mjs:1:3713)\n    at Function._migrateDocuments (file:///D:/Juegos/Foundry_daggerheart_git/Foundry-daggerheart/Portable-FoundryVTT-v13.348/App/resources/app/dist/database/backend/server-document.mjs:1:2782)","timestamp":"2026-03-12 19:01:18"}
{"level":"error","message":"An error occurred during the migration of Item record [8NoSGakQ20IMxARQ] of database \"daggerheart-advmanager.all-features\":\nError: Documents from a core version newer than the running version cannot be migrated\n    at Function._migrateRecord (file:///D:/Juegos/Foundry_daggerheart_git/Foundry-daggerheart/Portable-FoundryVTT-v13.348/App/resources/app/dist/database/backend/server-document.mjs:1:3713)\n    at Function._migrateDocuments (file:///D:/Juegos/Foundry_daggerheart_git/Foundry-daggerheart/Portable-FoundryVTT-v13.348/App/resources/app/dist/database/backend/server-document.mjs:1:2782)","timestamp":"2026-03-12 19:01:18"}
{"level":"error","message":"An error occurred during the migration of Item record [8dPjLpjHxqUMHfEk] of database \"daggerheart-advmanager.all-features\":\nError: Documents from a core version newer than the running version cannot be migrated\n    at Function._migrateRecord (file:///D:/Juegos/Foundry_daggerheart_git/Foundry-daggerheart/Portable-FoundryVTT-v13.348/App/resources/app/dist/database/backend/server-document.mjs:1:3713)\n    at Function._migrateDocuments (file:///D:/Juegos/Foundry_daggerheart_git/Foundry-daggerheart/Portable-FoundryVTT-v13.348/App/resources/app/dist/database/backend/server-document.mjs:1:2782)","timestamp":"2026-03-12 19:01:18"}
{"level":"error","message":"An error occurred during the migration of Item record [8eOeCqW6CVncI08c] of database \"daggerheart-advmanager.all-features\":\nError: Documents from a core version newer than the running version cannot be migrated\n    at Function._migrateRecord (file:///D:/Juegos/Foundry_daggerheart_git/Foundry-daggerheart/Portable-FoundryVTT-v13.348/App/resources/app/dist/database/backend/server-document.mjs:1:3713)\n    at Function._migrateDocuments (file:///D:/Juegos/Foundry_daggerheart_git/Foundry-daggerheart/Portable-FoundryVTT-v13.348/App/resources/app/dist/database/backend/server-document.mjs:1:2782)","timestamp":"2026-03-12 19:01:18"}
{"level":"error","message":"An error occurred during the migration of Item record [8mNZUVrM2oc5mvtK] of database \"daggerheart-advmanager.all-features\":\nError: Documents from a core version newer than the running version cannot be migrated\n    at Function._migrateRecord (file:///D:/Juegos/Foundry_daggerheart_git/Foundry-daggerheart/Portable-FoundryVTT-v13.348/App/resources/app/dist/database/backend/server-document.mjs:1:3713)\n    at Function._migrateDocuments (file:///D:/Juegos/Foundry_daggerheart_git/Foundry-daggerheart/Portable-FoundryVTT-v13.348/App/resources/app/dist/database/backend/server-document.mjs:1:2782)","timestamp":"2026-03-12 19:01:18"}
{"level":"error","message":"An error occurred during the migration of Item record [949DjUlAi775bSKM] of database \"daggerheart-advmanager.all-features\":\nError: Documents from a core version newer than the running version cannot be migrated\n    at Function._migrateRecord (file:///D:/Juegos/Foundry_daggerheart_git/Foundry-daggerheart/Portable-FoundryVTT-v13.348/App/resources/app/dist/database/backend/server-document.mjs:1:3713)\n    at Function._migrateDocuments (file:///D:/Juegos/Foundry_daggerheart_git/Foundry-daggerheart/Portable-FoundryVTT-v13.348/App/resources/app/dist/database/backend/server-document.mjs:1:2782)","timestamp":"2026-03-12 19:01:18"}
{"level":"error","message":"An error occurred during the migration of Item record [9GEqlrL3vNGe2L4P] of database \"daggerheart-advmanager.all-features\":\nError: Documents from a core version newer than the running version cannot be migrated\n    at Function._migrateRecord (file:///D:/Juegos/Foundry_daggerheart_git/Foundry-daggerheart/Portable-FoundryVTT-v13.348/App/resources/app/dist/database/backend/server-document.mjs:1:3713)\n    at Function._migrateDocuments (file:///D:/Juegos/Foundry_daggerheart_git/Foundry-daggerheart/Portable-FoundryVTT-v13.348/App/resources/app/dist/database/backend/server-document.mjs:1:2782)","timestamp":"2026-03-12 19:01:18"}
{"level":"error","message":"An error occurred during the migration of Item record [9OSxoPsy7JKpWKyG] of database \"daggerheart-advmanager.all-features\":\nError: Documents from a core version newer than the running version cannot be migrated\n    at Function._migrateRecord (file:///D:/Juegos/Foundry_daggerheart_git/Foundry-daggerheart/Portable-FoundryVTT-v13.348/App/resources/app/dist/database/backend/server-document.mjs:1:3713)\n    at Function._migrateDocuments (file:///D:/Juegos/Foundry_daggerheart_git/Foundry-daggerheart/Portable-FoundryVTT-v13.348/App/resources/app/dist/database/backend/server-document.mjs:1:2782)","timestamp":"2026-03-12 19:01:18"}
{"level":"error","message":"An error occurred during the migration of Item record [9TghFiZWTII2Zn83] of database \"daggerheart-advmanager.all-features\":\nError: Documents from a core version newer than the running version cannot be migrated\n    at Function._migrateRecord (file:///D:/Juegos/Foundry_daggerheart_git/Foundry-daggerheart/Portable-FoundryVTT-v13.348/App/resources/app/dist/database/backend/server-document.mjs:1:3713)\n    at Function._migrateDocuments (file:///D:/Juegos/Foundry_daggerheart_git/Foundry-daggerheart/Portable-FoundryVTT-v13.348/App/resources/app/dist/database/backend/server-document.mjs:1:2782)","timestamp":"2026-03-12 19:01:18"}
{"level":"error","message":"An error occurred during the migration of Item record [9U6tmPdFGyfi0Wzn] of database \"daggerheart-advmanager.all-features\":\nError: Documents from a core version newer than the running version cannot be migrated\n    at Function._migrateRecord (file:///D:/Juegos/Foundry_daggerheart_git/Foundry-daggerheart/Portable-FoundryVTT-v13.348/App/resources/app/dist/database/backend/server-document.mjs:1:3713)\n    at Function._migrateDocuments (file:///D:/Juegos/Foundry_daggerheart_git/Foundry-daggerheart/Portable-FoundryVTT-v13.348/App/resources/app/dist/database/backend/server-document.mjs:1:2782)","timestamp":"2026-03-12 19:01:18"}
{"level":"error","message":"An error occurred during the migration of Item record [9cHkzJ9LREHaasBK] of database \"daggerheart-advmanager.all-features\":\nError: Documents from a core version newer than the running version cannot be migrated\n    at Function._migrateRecord (file:///D:/Juegos/Foundry_daggerheart_git/Foundry-daggerheart/Portable-FoundryVTT-v13.348/App/resources/app/dist/database/backend/server-document.mjs:1:3713)\n    at Function._migrateDocuments (file:///D:/Juegos/Foundry_daggerheart_git/Foundry-daggerheart/Portable-FoundryVTT-v13.348/App/resources/app/dist/database/backend/server-document.mjs:1:2782)","timestamp":"2026-03-12 19:01:18"}
{"level":"error","message":"An error occurred during the migration of Item record [9cRJ11UAf3jf8iY2] of database \"daggerheart-advmanager.all-features\":\nError: Documents from a core version newer than the running version cannot be migrated\n    at Function._migrateRecord (file:///D:/Juegos/Foundry_daggerheart_git/Foundry-daggerheart/Portable-FoundryVTT-v13.348/App/resources/app/dist/database/backend/server-document.mjs:1:3713)\n    at Function._migrateDocuments (file:///D:/Juegos/Foundry_daggerheart_git/Foundry-daggerheart/Portable-FoundryVTT-v13.348/App/resources/app/dist/database/backend/server-document.mjs:1:2782)","timestamp":"2026-03-12 19:01:18"}
{"level":"error","message":"An error occurred during the migration of Item record [A4jMpjGhMKYHCVDd] of database \"daggerheart-advmanager.all-features\":\nError: Documents from a core version newer than the running version cannot be migrated\n    at Function._migrateRecord (file:///D:/Juegos/Foundry_daggerheart_git/Foundry-daggerheart/Portable-FoundryVTT-v13.348/App/resources/app/dist/database/backend/server-document.mjs:1:3713)\n    at Function._migrateDocuments (file:///D:/Juegos/Foundry_daggerheart_git/Foundry-daggerheart/Portable-FoundryVTT-v13.348/App/resources/app/dist/database/backend/server-document.mjs:1:2782)","timestamp":"2026-03-12 19:01:18"}
{"level":"error","message":"An error occurred during the migration of Item record [A8l8qQuz0p70ULBX] of database \"daggerheart-advmanager.all-features\":\nError: Documents from a core version newer than the running version cannot be migrated\n    at Function._migrateRecord (file:///D:/Juegos/Foundry_daggerheart_git/Foundry-daggerheart/Portable-FoundryVTT-v13.348/App/resources/app/dist/database/backend/server-document.mjs:1:3713)\n    at Function._migrateDocuments (file:///D:/Juegos/Foundry_daggerheart_git/Foundry-daggerheart/Portable-FoundryVTT-v13.348/App/resources/app/dist/database/backend/server-document.mjs:1:2782)","timestamp":"2026-03-12 19:01:18"}
{"level":"error","message":"An error occurred during the migration of Item record [AT6s6yBv4GbXysnF] of database \"daggerheart-advmanager.all-features\":\nError: Documents from a core version newer than the running version cannot be migrated\n    at Function._migrateRecord (file:///D:/Juegos/Foundry_daggerheart_git/Foundry-daggerheart/Portable-FoundryVTT-v13.348/App/resources/app/dist/database/backend/server-document.mjs:1:3713)\n    at Function._migrateDocuments (file:///D:/Juegos/Foundry_daggerheart_git/Foundry-daggerheart/Portable-FoundryVTT-v13.348/App/resources/app/dist/database/backend/server-document.mjs:1:2782)","timestamp":"2026-03-12 19:01:18"}
{"level":"error","message":"An error occurred during the migration of Item record [AgunZ6BLwweow8AY] of database \"daggerheart-advmanager.all-features\":\nError: Documents from a core version newer than the running version cannot be migrated\n    at Function._migrateRecord (file:///D:/Juegos/Foundry_daggerheart_git/Foundry-daggerheart/Portable-FoundryVTT-v13.348/App/resources/app/dist/database/backend/server-document.mjs:1:3713)\n    at Function._migrateDocuments (file:///D:/Juegos/Foundry_daggerheart_git/Foundry-daggerheart/Portable-FoundryVTT-v13.348/App/resources/app/dist/database/backend/server-document.mjs:1:2782)","timestamp":"2026-03-12 19:01:18"}
{"level":"error","message":"An error occurred during the migration of Item record [Ahyec3Khh0gXWP1o] of database \"daggerheart-advmanager.all-features\":\nError: Documents from a core version newer than the running version cannot be migrated\n    at Function._migrateRecord (file:///D:/Juegos/Foundry_daggerheart_git/Foundry-daggerheart/Portable-FoundryVTT-v13.348/App/resources/app/dist/database/backend/server-document.mjs:1:3713)\n    at Function._migrateDocuments (file:///D:/Juegos/Foundry_daggerheart_git/Foundry-daggerheart/Portable-FoundryVTT-v13.348/App/resources/app/dist/database/backend/server-document.mjs:1:2782)","timestamp":"2026-03-12 19:01:18"}
{"level":"error","message":"An error occurred during the migration of Item record [AjcWA2KGkV9hoOv3] of database \"daggerheart-advmanager.all-features\":\nError: Documents from a core version newer than the running version cannot be migrated\n    at Function._migrateRecord (file:///D:/Juegos/Foundry_daggerheart_git/Foundry-daggerheart/Portable-FoundryVTT-v13.348/App/resources/app/dist/database/backend/server-document.mjs:1:3713)\n    at Function._migrateDocuments (file:///D:/Juegos/Foundry_daggerheart_git/Foundry-daggerheart/Portable-FoundryVTT-v13.348/App/resources/app/dist/database/backend/server-document.mjs:1:2782)","timestamp":"2026-03-12 19:01:18"}
{"level":"error","message":"An error occurred during the migration of Item record [BSahqJ8grYTdJCiN] of database \"daggerheart-advmanager.all-features\":\nError: Documents from a core version newer than the running version cannot be migrated\n    at Function._migrateRecord (file:///D:/Juegos/Foundry_daggerheart_git/Foundry-daggerheart/Portable-FoundryVTT-v13.348/App/resources/app/dist/database/backend/server-document.mjs:1:3713)\n    at Function._migrateDocuments (file:///D:/Juegos/Foundry_daggerheart_git/Foundry-daggerheart/Portable-FoundryVTT-v13.348/App/resources/app/dist/database/backend/server-document.mjs:1:2782)","timestamp":"2026-03-12 19:01:18"}
{"level":"error","message":"An error occurred during the migration of Item record [BaBhdpaD21xSFMEm] of database \"daggerheart-advmanager.all-features\":\nError: Documents from a core version newer than the running version cannot be migrated\n    at Function._migrateRecord (file:///D:/Juegos/Foundry_daggerheart_git/Foundry-daggerheart/Portable-FoundryVTT-v13.348/App/resources/app/dist/database/backend/server-document.mjs:1:3713)\n    at Function._migrateDocuments (file:///D:/Juegos/Foundry_daggerheart_git/Foundry-daggerheart/Portable-FoundryVTT-v13.348/App/resources/app/dist/database/backend/server-document.mjs:1:2782)","timestamp":"2026-03-12 19:01:18"}
{"level":"error","message":"An error occurred during the migration of Item record [Bf0t7QI4Wqchz2Bl] of database \"daggerheart-advmanager.all-features\":\nError: Documents from a core version newer than the running version cannot be migrated\n    at Function._migrateRecord (file:///D:/Juegos/Foundry_daggerheart_git/Foundry-daggerheart/Portable-FoundryVTT-v13.348/App/resources/app/dist/database/backend/server-document.mjs:1:3713)\n    at Function._migrateDocuments (file:///D:/Juegos/Foundry_daggerheart_git/Foundry-daggerheart/Portable-FoundryVTT-v13.348/App/resources/app/dist/database/backend/server-document.mjs:1:2782)","timestamp":"2026-03-12 19:01:18"}
{"level":"error","message":"An error occurred during the migration of Item record [BiaYODbGyIj73bXl] of database \"daggerheart-advmanager.all-features\":\nError: Documents from a core version newer than the running version cannot be migrated\n    at Function._migrateRecord (file:///D:/Juegos/Foundry_daggerheart_git/Foundry-daggerheart/Portable-FoundryVTT-v13.348/App/resources/app/dist/database/backend/server-document.mjs:1:3713)\n    at Function._migrateDocuments (file:///D:/Juegos/Foundry_daggerheart_git/Foundry-daggerheart/Portable-FoundryVTT-v13.348/App/resources/app/dist/database/backend/server-document.mjs:1:2782)","timestamp":"2026-03-12 19:01:18"}
{"level":"error","message":"An error occurred during the migration of Item record [BmriIsvXE7kKBK81] of database \"daggerheart-advmanager.all-features\":\nError: Documents from a core version newer than the running version cannot be migrated\n    at Function._migrateRecord (file:///D:/Juegos/Foundry_daggerheart_git/Foundry-daggerheart/Portable-FoundryVTT-v13.348/App/resources/app/dist/database/backend/server-document.mjs:1:3713)\n    at Function._migrateDocuments (file:///D:/Juegos/Foundry_daggerheart_git/Foundry-daggerheart/Portable-FoundryVTT-v13.348/App/resources/app/dist/database/backend/server-document.mjs:1:2782)","timestamp":"2026-03-12 19:01:18"}
{"level":"error","message":"An error occurred during the migration of Item record [Bvweg1cAAfV9i3Wa] of database \"daggerheart-advmanager.all-features\":\nError: Documents from a core version newer than the running version cannot be migrated\n    at Function._migrateRecord (file:///D:/Juegos/Foundry_daggerheart_git/Foundry-daggerheart/Portable-FoundryVTT-v13.348/App/resources/app/dist/database/backend/server-document.mjs:1:3713)\n    at Function._migrateDocuments (file:///D:/Juegos/Foundry_daggerheart_git/Foundry-daggerheart/Portable-FoundryVTT-v13.348/App/resources/app/dist/database/backend/server-document.mjs:1:2782)","timestamp":"2026-03-12 19:01:18"}
{"level":"error","message":"An error occurred during the migration of Item record [BwtxrNVR8JoB1FEg] of database \"daggerheart-advmanager.all-features\":\nError: Documents from a core version newer than the running version cannot be migrated\n    at Function._migrateRecord (file:///D:/Juegos/Foundry_daggerheart_git/Foundry-daggerheart/Portable-FoundryVTT-v13.348/App/resources/app/dist/database/backend/server-document.mjs:1:3713)\n    at Function._migrateDocuments (file:///D:/Juegos/Foundry_daggerheart_git/Foundry-daggerheart/Portable-FoundryVTT-v13.348/App/resources/app/dist/database/backend/server-document.mjs:1:2782)","timestamp":"2026-03-12 19:01:18"}
{"level":"error","message":"An error occurred during the migration of Item record [C44UqjwP3GnLA61C] of database \"daggerheart-advmanager.all-features\":\nError: Documents from a core version newer than the running version cannot be migrated\n    at Function._migrateRecord (file:///D:/Juegos/Foundry_daggerheart_git/Foundry-daggerheart/Portable-FoundryVTT-v13.348/App/resources/app/dist/database/backend/server-document.mjs:1:3713)\n    at Function._migrateDocuments (file:///D:/Juegos/Foundry_daggerheart_git/Foundry-daggerheart/Portable-FoundryVTT-v13.348/App/resources/app/dist/database/backend/server-document.mjs:1:2782)","timestamp":"2026-03-12 19:01:18"}
{"level":"error","message":"An error occurred during the migration of Item record [C6mz0GH8GQi0Qij2] of database \"daggerheart-advmanager.all-features\":\nError: Documents from a core version newer than the running version cannot be migrated\n    at Function._migrateRecord (file:///D:/Juegos/Foundry_daggerheart_git/Foundry-daggerheart/Portable-FoundryVTT-v13.348/App/resources/app/dist/database/backend/server-document.mjs:1:3713)\n    at Function._migrateDocuments (file:///D:/Juegos/Foundry_daggerheart_git/Foundry-daggerheart/Portable-FoundryVTT-v13.348/App/resources/app/dist/database/backend/server-document.mjs:1:2782)","timestamp":"2026-03-12 19:01:18"}
{"level":"error","message":"An error occurred during the migration of Item record [CFf0wzPBcveZMxkI] of database \"daggerheart-advmanager.all-features\":\nError: Documents from a core version newer than the running version cannot be migrated\n    at Function._migrateRecord (file:///D:/Juegos/Foundry_daggerheart_git/Foundry-daggerheart/Portable-FoundryVTT-v13.348/App/resources/app/dist/database/backend/server-document.mjs:1:3713)\n    at Function._migrateDocuments (file:///D:/Juegos/Foundry_daggerheart_git/Foundry-daggerheart/Portable-FoundryVTT-v13.348/App/resources/app/dist/database/backend/server-document.mjs:1:2782)","timestamp":"2026-03-12 19:01:18"}
{"level":"error","message":"An error occurred during the migration of Item record [CJuzMbz3YsnPTQfm] of database \"daggerheart-advmanager.all-features\":\nError: Documents from a core version newer than the running version cannot be migrated\n    at Function._migrateRecord (file:///D:/Juegos/Foundry_daggerheart_git/Foundry-daggerheart/Portable-FoundryVTT-v13.348/App/resources/app/dist/database/backend/server-document.mjs:1:3713)\n    at Function._migrateDocuments (file:///D:/Juegos/Foundry_daggerheart_git/Foundry-daggerheart/Portable-FoundryVTT-v13.348/App/resources/app/dist/database/backend/server-document.mjs:1:2782)","timestamp":"2026-03-12 19:01:18"}
{"level":"error","message":"An error occurred during the migration of Item record [CLXxbWcfT4t82nlX] of database \"daggerheart-advmanager.all-features\":\nError: Documents from a core version newer than the running version cannot be migrated\n    at Function._migrateRecord (file:///D:/Juegos/Foundry_daggerheart_git/Foundry-daggerheart/Portable-FoundryVTT-v13.348/App/resources/app/dist/database/backend/server-document.mjs:1:3713)\n    at Function._migrateDocuments (file:///D:/Juegos/Foundry_daggerheart_git/Foundry-daggerheart/Portable-FoundryVTT-v13.348/App/resources/app/dist/database/backend/server-document.mjs:1:2782)","timestamp":"2026-03-12 19:01:18"}
{"level":"error","message":"An error occurred during the migration of Item record [Ca8jLrvuaUE2Dsyr] of database \"daggerheart-advmanager.all-features\":\nError: Documents from a core version newer than the running version cannot be migrated\n    at Function._migrateRecord (file:///D:/Juegos/Foundry_daggerheart_git/Foundry-daggerheart/Portable-FoundryVTT-v13.348/App/resources/app/dist/database/backend/server-document.mjs:1:3713)\n    at Function._migrateDocuments (file:///D:/Juegos/Foundry_daggerheart_git/Foundry-daggerheart/Portable-FoundryVTT-v13.348/App/resources/app/dist/database/backend/server-document.mjs:1:2782)","timestamp":"2026-03-12 19:01:18"}
{"level":"error","message":"An error occurred during the migration of Item record [Ce55qDQfDHsy0s1n] of database \"daggerheart-advmanager.all-features\":\nError: Documents from a core version newer than the running version cannot be migrated\n    at Function._migrateRecord (file:///D:/Juegos/Foundry_daggerheart_git/Foundry-daggerheart/Portable-FoundryVTT-v13.348/App/resources/app/dist/database/backend/server-document.mjs:1:3713)\n    at Function._migrateDocuments (file:///D:/Juegos/Foundry_daggerheart_git/Foundry-daggerheart/Portable-FoundryVTT-v13.348/App/resources/app/dist/database/backend/server-document.mjs:1:2782)","timestamp":"2026-03-12 19:01:18"}
{"level":"error","message":"An error occurred during the migration of Item record [ChFZZz7weuxwkCUk] of database \"daggerheart-advmanager.all-features\":\nError: Documents from a core version newer than the running version cannot be migrated\n    at Function._migrateRecord (file:///D:/Juegos/Foundry_daggerheart_git/Foundry-daggerheart/Portable-FoundryVTT-v13.348/App/resources/app/dist/database/backend/server-document.mjs:1:3713)\n    at Function._migrateDocuments (file:///D:/Juegos/Foundry_daggerheart_git/Foundry-daggerheart/Portable-FoundryVTT-v13.348/App/resources/app/dist/database/backend/server-document.mjs:1:2782)","timestamp":"2026-03-12 19:01:18"}
{"level":"error","message":"An error occurred during the migration of Item record [CywNTb4ViuSAcfnT] of database \"daggerheart-advmanager.all-features\":\nError: Documents from a core version newer than the running version cannot be migrated\n    at Function._migrateRecord (file:///D:/Juegos/Foundry_daggerheart_git/Foundry-daggerheart/Portable-FoundryVTT-v13.348/App/resources/app/dist/database/backend/server-document.mjs:1:3713)\n    at Function._migrateDocuments (file:///D:/Juegos/Foundry_daggerheart_git/Foundry-daggerheart/Portable-FoundryVTT-v13.348/App/resources/app/dist/database/backend/server-document.mjs:1:2782)","timestamp":"2026-03-12 19:01:18"}
{"level":"error","message":"An error occurred during the migration of Item record [D8Wi2OW8kNmvDn4H] of database \"daggerheart-advmanager.all-features\":\nError: Documents from a core version newer than the running version cannot be migrated\n    at Function._migrateRecord (file:///D:/Juegos/Foundry_daggerheart_git/Foundry-daggerheart/Portable-FoundryVTT-v13.348/App/resources/app/dist/database/backend/server-document.mjs:1:3713)\n    at Function._migrateDocuments (file:///D:/Juegos/Foundry_daggerheart_git/Foundry-daggerheart/Portable-FoundryVTT-v13.348/App/resources/app/dist/database/backend/server-document.mjs:1:2782)","timestamp":"2026-03-12 19:01:18"}
{"level":"error","message":"An error occurred during the migration of Item record [DDTQsNnKu42vsHYg] of database \"daggerheart-advmanager.all-features\":\nError: Documents from a core version newer than the running version cannot be migrated\n    at Function._migrateRecord (file:///D:/Juegos/Foundry_daggerheart_git/Foundry-daggerheart/Portable-FoundryVTT-v13.348/App/resources/app/dist/database/backend/server-document.mjs:1:3713)\n    at Function._migrateDocuments (file:///D:/Juegos/Foundry_daggerheart_git/Foundry-daggerheart/Portable-FoundryVTT-v13.348/App/resources/app/dist/database/backend/server-document.mjs:1:2782)","timestamp":"2026-03-12 19:01:18"}
{"level":"error","message":"An error occurred during the migration of Item record [DSNISnzu7zNvBjs7] of database \"daggerheart-advmanager.all-features\":\nError: Documents from a core version newer than the running version cannot be migrated\n    at Function._migrateRecord (file:///D:/Juegos/Foundry_daggerheart_git/Foundry-daggerheart/Portable-FoundryVTT-v13.348/App/resources/app/dist/database/backend/server-document.mjs:1:3713)\n    at Function._migrateDocuments (file:///D:/Juegos/Foundry_daggerheart_git/Foundry-daggerheart/Portable-FoundryVTT-v13.348/App/resources/app/dist/database/backend/server-document.mjs:1:2782)","timestamp":"2026-03-12 19:01:18"}
{"level":"error","message":"An error occurred during the migration of Item record [DlbnQRpI4RUeiG9O] of database \"daggerheart-advmanager.all-features\":\nError: Documents from a core version newer than the running version cannot be migrated\n    at Function._migrateRecord (file:///D:/Juegos/Foundry_daggerheart_git/Foundry-daggerheart/Portable-FoundryVTT-v13.348/App/resources/app/dist/database/backend/server-document.mjs:1:3713)\n    at Function._migrateDocuments (file:///D:/Juegos/Foundry_daggerheart_git/Foundry-daggerheart/Portable-FoundryVTT-v13.348/App/resources/app/dist/database/backend/server-document.mjs:1:2782)","timestamp":"2026-03-12 19:01:18"}
{"level":"error","message":"An error occurred during the migration of Item record [DuuZSh3fxtr4BihR] of database \"daggerheart-advmanager.all-features\":\nError: Documents from a core version newer than the running version cannot be migrated\n    at Function._migrateRecord (file:///D:/Juegos/Foundry_daggerheart_git/Foundry-daggerheart/Portable-FoundryVTT-v13.348/App/resources/app/dist/database/backend/server-document.mjs:1:3713)\n    at Function._migrateDocuments (file:///D:/Juegos/Foundry_daggerheart_git/Foundry-daggerheart/Portable-FoundryVTT-v13.348/App/resources/app/dist/database/backend/server-document.mjs:1:2782)","timestamp":"2026-03-12 19:01:18"}
{"level":"error","message":"An error occurred during the migration of Item record [DvhYIrlamdlQYIDL] of database \"daggerheart-advmanager.all-features\":\nError: Documents from a core version newer than the running version cannot be migrated\n    at Function._migrateRecord (file:///D:/Juegos/Foundry_daggerheart_git/Foundry-daggerheart/Portable-FoundryVTT-v13.348/App/resources/app/dist/database/backend/server-document.mjs:1:3713)\n    at Function._migrateDocuments (file:///D:/Juegos/Foundry_daggerheart_git/Foundry-daggerheart/Portable-FoundryVTT-v13.348/App/resources/app/dist/database/backend/server-document.mjs:1:2782)","timestamp":"2026-03-12 19:01:18"}
{"level":"error","message":"An error occurred during the migration of Item record [EYLAhAt4JTTeR4Q9] of database \"daggerheart-advmanager.all-features\":\nError: Documents from a core version newer than the running version cannot be migrated\n    at Function._migrateRecord (file:///D:/Juegos/Foundry_daggerheart_git/Foundry-daggerheart/Portable-FoundryVTT-v13.348/App/resources/app/dist/database/backend/server-document.mjs:1:3713)\n    at Function._migrateDocuments (file:///D:/Juegos/Foundry_daggerheart_git/Foundry-daggerheart/Portable-FoundryVTT-v13.348/App/resources/app/dist/database/backend/server-document.mjs:1:2782)","timestamp":"2026-03-12 19:01:18"}
{"level":"error","message":"An error occurred during the migration of Item record [Eb3SdcZlKWvsRgr9] of database \"daggerheart-advmanager.all-features\":\nError: Documents from a core version newer than the running version cannot be migrated\n    at Function._migrateRecord (file:///D:/Juegos/Foundry_daggerheart_git/Foundry-daggerheart/Portable-FoundryVTT-v13.348/App/resources/app/dist/database/backend/server-document.mjs:1:3713)\n    at Function._migrateDocuments (file:///D:/Juegos/Foundry_daggerheart_git/Foundry-daggerheart/Portable-FoundryVTT-v13.348/App/resources/app/dist/database/backend/server-document.mjs:1:2782)","timestamp":"2026-03-12 19:01:18"}
{"level":"error","message":"An error occurred during the migration of Item record [EfLz3YPmdSJuZItu] of database \"daggerheart-advmanager.all-features\":\nError: Documents from a core version newer than the running version cannot be migrated\n    at Function._migrateRecord (file:///D:/Juegos/Foundry_daggerheart_git/Foundry-daggerheart/Portable-FoundryVTT-v13.348/App/resources/app/dist/database/backend/server-document.mjs:1:3713)\n    at Function._migrateDocuments (file:///D:/Juegos/Foundry_daggerheart_git/Foundry-daggerheart/Portable-FoundryVTT-v13.348/App/resources/app/dist/database/backend/server-document.mjs:1:2782)","timestamp":"2026-03-12 19:01:18"}
{"level":"error","message":"An error occurred during the migration of Item record [EiG50bGChQTLgF7c] of database \"daggerheart-advmanager.all-features\":\nError: Documents from a core version newer than the running version cannot be migrated\n    at Function._migrateRecord (file:///D:/Juegos/Foundry_daggerheart_git/Foundry-daggerheart/Portable-FoundryVTT-v13.348/App/resources/app/dist/database/backend/server-document.mjs:1:3713)\n    at Function._migrateDocuments (file:///D:/Juegos/Foundry_daggerheart_git/Foundry-daggerheart/Portable-FoundryVTT-v13.348/App/resources/app/dist/database/backend/server-document.mjs:1:2782)","timestamp":"2026-03-12 19:01:18"}
{"level":"error","message":"An error occurred during the migration of Item record [FORpNy6bGvDCtAEI] of database \"daggerheart-advmanager.all-features\":\nError: Documents from a core version newer than the running version cannot be migrated\n    at Function._migrateRecord (file:///D:/Juegos/Foundry_daggerheart_git/Foundry-daggerheart/Portable-FoundryVTT-v13.348/App/resources/app/dist/database/backend/server-document.mjs:1:3713)\n    at Function._migrateDocuments (file:///D:/Juegos/Foundry_daggerheart_git/Foundry-daggerheart/Portable-FoundryVTT-v13.348/App/resources/app/dist/database/backend/server-document.mjs:1:2782)","timestamp":"2026-03-12 19:01:18"}
{"level":"error","message":"An error occurred during the migration of Item record [FR4vdL8UiGyGPq32] of database \"daggerheart-advmanager.all-features\":\nError: Documents from a core version newer than the running version cannot be migrated\n    at Function._migrateRecord (file:///D:/Juegos/Foundry_daggerheart_git/Foundry-daggerheart/Portable-FoundryVTT-v13.348/App/resources/app/dist/database/backend/server-document.mjs:1:3713)\n    at Function._migrateDocuments (file:///D:/Juegos/Foundry_daggerheart_git/Foundry-daggerheart/Portable-FoundryVTT-v13.348/App/resources/app/dist/database/backend/server-document.mjs:1:2782)","timestamp":"2026-03-12 19:01:18"}
{"level":"error","message":"An error occurred during the migration of Item record [FmGtWG71zRxhqHkr] of database \"daggerheart-advmanager.all-features\":\nError: Documents from a core version newer than the running version cannot be migrated\n    at Function._migrateRecord (file:///D:/Juegos/Foundry_daggerheart_git/Foundry-daggerheart/Portable-FoundryVTT-v13.348/App/resources/app/dist/database/backend/server-document.mjs:1:3713)\n    at Function._migrateDocuments (file:///D:/Juegos/Foundry_daggerheart_git/Foundry-daggerheart/Portable-FoundryVTT-v13.348/App/resources/app/dist/database/backend/server-document.mjs:1:2782)","timestamp":"2026-03-12 19:01:18"}
{"level":"error","message":"An error occurred during the migration of Item record [FrWjI9VYhNdGLVnd] of database \"daggerheart-advmanager.all-features\":\nError: Documents from a core version newer than the running version cannot be migrated\n    at Function._migrateRecord (file:///D:/Juegos/Foundry_daggerheart_git/Foundry-daggerheart/Portable-FoundryVTT-v13.348/App/resources/app/dist/database/backend/server-document.mjs:1:3713)\n    at Function._migrateDocuments (file:///D:/Juegos/Foundry_daggerheart_git/Foundry-daggerheart/Portable-FoundryVTT-v13.348/App/resources/app/dist/database/backend/server-document.mjs:1:2782)","timestamp":"2026-03-12 19:01:18"}
{"level":"error","message":"An error occurred during the migration of Item record [G4mkDsmuKczt65X8] of database \"daggerheart-advmanager.all-features\":\nError: Documents from a core version newer than the running version cannot be migrated\n    at Function._migrateRecord (file:///D:/Juegos/Foundry_daggerheart_git/Foundry-daggerheart/Portable-FoundryVTT-v13.348/App/resources/app/dist/database/backend/server-document.mjs:1:3713)\n    at Function._migrateDocuments (file:///D:/Juegos/Foundry_daggerheart_git/Foundry-daggerheart/Portable-FoundryVTT-v13.348/App/resources/app/dist/database/backend/server-document.mjs:1:2782)","timestamp":"2026-03-12 19:01:18"}
{"level":"error","message":"An error occurred during the migration of Item record [GJFmCG9HTx75Z21x] of database \"daggerheart-advmanager.all-features\":\nError: Documents from a core version newer than the running version cannot be migrated\n    at Function._migrateRecord (file:///D:/Juegos/Foundry_daggerheart_git/Foundry-daggerheart/Portable-FoundryVTT-v13.348/App/resources/app/dist/database/backend/server-document.mjs:1:3713)\n    at Function._migrateDocuments (file:///D:/Juegos/Foundry_daggerheart_git/Foundry-daggerheart/Portable-FoundryVTT-v13.348/App/resources/app/dist/database/backend/server-document.mjs:1:2782)","timestamp":"2026-03-12 19:01:18"}
{"level":"error","message":"An error occurred during the migration of Item record [GNTKscw6nXbg0EkJ] of database \"daggerheart-advmanager.all-features\":\nError: Documents from a core version newer than the running version cannot be migrated\n    at Function._migrateRecord (file:///D:/Juegos/Foundry_daggerheart_git/Foundry-daggerheart/Portable-FoundryVTT-v13.348/App/resources/app/dist/database/backend/server-document.mjs:1:3713)\n    at Function._migrateDocuments (file:///D:/Juegos/Foundry_daggerheart_git/Foundry-daggerheart/Portable-FoundryVTT-v13.348/App/resources/app/dist/database/backend/server-document.mjs:1:2782)","timestamp":"2026-03-12 19:01:18"}
{"level":"error","message":"An error occurred during the migration of Item record [GNrVMvFEbphs0UDM] of database \"daggerheart-advmanager.all-features\":\nError: Documents from a core version newer than the running version cannot be migrated\n    at Function._migrateRecord (file:///D:/Juegos/Foundry_daggerheart_git/Foundry-daggerheart/Portable-FoundryVTT-v13.348/App/resources/app/dist/database/backend/server-document.mjs:1:3713)\n    at Function._migrateDocuments (file:///D:/Juegos/Foundry_daggerheart_git/Foundry-daggerheart/Portable-FoundryVTT-v13.348/App/resources/app/dist/database/backend/server-document.mjs:1:2782)","timestamp":"2026-03-12 19:01:18"}
{"level":"error","message":"An error occurred during the migration of Item record [GghQ5jJ2eX3PhDKy] of database \"daggerheart-advmanager.all-features\":\nError: Documents from a core version newer than the running version cannot be migrated\n    at Function._migrateRecord (file:///D:/Juegos/Foundry_daggerheart_git/Foundry-daggerheart/Portable-FoundryVTT-v13.348/App/resources/app/dist/database/backend/server-document.mjs:1:3713)\n    at Function._migrateDocuments (file:///D:/Juegos/Foundry_daggerheart_git/Foundry-daggerheart/Portable-FoundryVTT-v13.348/App/resources/app/dist/database/backend/server-document.mjs:1:2782)","timestamp":"2026-03-12 19:01:18"}
{"level":"error","message":"An error occurred during the migration of Item record [H4tra0qytpib84F6] of database \"daggerheart-advmanager.all-features\":\nError: Documents from a core version newer than the running version cannot be migrated\n    at Function._migrateRecord (file:///D:/Juegos/Foundry_daggerheart_git/Foundry-daggerheart/Portable-FoundryVTT-v13.348/App/resources/app/dist/database/backend/server-document.mjs:1:3713)\n    at Function._migrateDocuments (file:///D:/Juegos/Foundry_daggerheart_git/Foundry-daggerheart/Portable-FoundryVTT-v13.348/App/resources/app/dist/database/backend/server-document.mjs:1:2782)","timestamp":"2026-03-12 19:01:18"}
{"level":"error","message":"An error occurred during the migration of Item record [HA4gz8V0DJOT4cpz] of database \"daggerheart-advmanager.all-features\":\nError: Documents from a core version newer than the running version cannot be migrated\n    at Function._migrateRecord (file:///D:/Juegos/Foundry_daggerheart_git/Foundry-daggerheart/Portable-FoundryVTT-v13.348/App/resources/app/dist/database/backend/server-document.mjs:1:3713)\n    at Function._migrateDocuments (file:///D:/Juegos/Foundry_daggerheart_git/Foundry-daggerheart/Portable-FoundryVTT-v13.348/App/resources/app/dist/database/backend/server-document.mjs:1:2782)","timestamp":"2026-03-12 19:01:18"}
{"level":"error","message":"An error occurred during the migration of Item record [HN0uAeAwA3sYU0nY] of database \"daggerheart-advmanager.all-features\":\nError: Documents from a core version newer than the running version cannot be migrated\n    at Function._migrateRecord (file:///D:/Juegos/Foundry_daggerheart_git/Foundry-daggerheart/Portable-FoundryVTT-v13.348/App/resources/app/dist/database/backend/server-document.mjs:1:3713)\n    at Function._migrateDocuments (file:///D:/Juegos/Foundry_daggerheart_git/Foundry-daggerheart/Portable-FoundryVTT-v13.348/App/resources/app/dist/database/backend/server-document.mjs:1:2782)","timestamp":"2026-03-12 19:01:18"}
{"level":"error","message":"An error occurred during the migration of Item record [HQcQly4NPJC3fQbQ] of database \"daggerheart-advmanager.all-features\":\nError: Documents from a core version newer than the running version cannot be migrated\n    at Function._migrateRecord (file:///D:/Juegos/Foundry_daggerheart_git/Foundry-daggerheart/Portable-FoundryVTT-v13.348/App/resources/app/dist/database/backend/server-document.mjs:1:3713)\n    at Function._migrateDocuments (file:///D:/Juegos/Foundry_daggerheart_git/Foundry-daggerheart/Portable-FoundryVTT-v13.348/App/resources/app/dist/database/backend/server-document.mjs:1:2782)","timestamp":"2026-03-12 19:01:18"}
{"level":"error","message":"An error occurred during the migration of Item record [HTNKdhK0iCeWWuUh] of database \"daggerheart-advmanager.all-features\":\nError: Documents from a core version newer than the running version cannot be migrated\n    at Function._migrateRecord (file:///D:/Juegos/Foundry_daggerheart_git/Foundry-daggerheart/Portable-FoundryVTT-v13.348/App/resources/app/dist/database/backend/server-document.mjs:1:3713)\n    at Function._migrateDocuments (file:///D:/Juegos/Foundry_daggerheart_git/Foundry-daggerheart/Portable-FoundryVTT-v13.348/App/resources/app/dist/database/backend/server-document.mjs:1:2782)","timestamp":"2026-03-12 19:01:18"}
{"level":"error","message":"An error occurred during the migration of Item record [HyWGU4ZQTNdcI8s9] of database \"daggerheart-advmanager.all-features\":\nError: Documents from a core version newer than the running version cannot be migrated\n    at Function._migrateRecord (file:///D:/Juegos/Foundry_daggerheart_git/Foundry-daggerheart/Portable-FoundryVTT-v13.348/App/resources/app/dist/database/backend/server-document.mjs:1:3713)\n    at Function._migrateDocuments (file:///D:/Juegos/Foundry_daggerheart_git/Foundry-daggerheart/Portable-FoundryVTT-v13.348/App/resources/app/dist/database/backend/server-document.mjs:1:2782)","timestamp":"2026-03-12 19:01:18"}
{"level":"error","message":"An error occurred during the migration of Item record [Hz9D5O2DWG22rVG2] of database \"daggerheart-advmanager.all-features\":\nError: Documents from a core version newer than the running version cannot be migrated\n    at Function._migrateRecord (file:///D:/Juegos/Foundry_daggerheart_git/Foundry-daggerheart/Portable-FoundryVTT-v13.348/App/resources/app/dist/database/backend/server-document.mjs:1:3713)\n    at Function._migrateDocuments (file:///D:/Juegos/Foundry_daggerheart_git/Foundry-daggerheart/Portable-FoundryVTT-v13.348/App/resources/app/dist/database/backend/server-document.mjs:1:2782)","timestamp":"2026-03-12 19:01:18"}
{"level":"error","message":"An error occurred during the migration of Item record [IFtD8oU8DaEzcAmu] of database \"daggerheart-advmanager.all-features\":\nError: Documents from a core version newer than the running version cannot be migrated\n    at Function._migrateRecord (file:///D:/Juegos/Foundry_daggerheart_git/Foundry-daggerheart/Portable-FoundryVTT-v13.348/App/resources/app/dist/database/backend/server-document.mjs:1:3713)\n    at Function._migrateDocuments (file:///D:/Juegos/Foundry_daggerheart_git/Foundry-daggerheart/Portable-FoundryVTT-v13.348/App/resources/app/dist/database/backend/server-document.mjs:1:2782)","timestamp":"2026-03-12 19:01:18"}
{"level":"error","message":"An error occurred during the migration of Item record [IYJCEFC9JM5uviiN] of database \"daggerheart-advmanager.all-features\":\nError: Documents from a core version newer than the running version cannot be migrated\n    at Function._migrateRecord (file:///D:/Juegos/Foundry_daggerheart_git/Foundry-daggerheart/Portable-FoundryVTT-v13.348/App/resources/app/dist/database/backend/server-document.mjs:1:3713)\n    at Function._migrateDocuments (file:///D:/Juegos/Foundry_daggerheart_git/Foundry-daggerheart/Portable-FoundryVTT-v13.348/App/resources/app/dist/database/backend/server-document.mjs:1:2782)","timestamp":"2026-03-12 19:01:18"}
{"level":"error","message":"An error occurred during the migration of Item record [IjOJqeKtRFod3ofR] of database \"daggerheart-advmanager.all-features\":\nError: Documents from a core version newer than the running version cannot be migrated\n    at Function._migrateRecord (file:///D:/Juegos/Foundry_daggerheart_git/Foundry-daggerheart/Portable-FoundryVTT-v13.348/App/resources/app/dist/database/backend/server-document.mjs:1:3713)\n    at Function._migrateDocuments (file:///D:/Juegos/Foundry_daggerheart_git/Foundry-daggerheart/Portable-FoundryVTT-v13.348/App/resources/app/dist/database/backend/server-document.mjs:1:2782)","timestamp":"2026-03-12 19:01:18"}
{"level":"error","message":"An error occurred during the migration of Item record [Inc9849Bd7O8h2ll] of database \"daggerheart-advmanager.all-features\":\nError: Documents from a core version newer than the running version cannot be migrated\n    at Function._migrateRecord (file:///D:/Juegos/Foundry_daggerheart_git/Foundry-daggerheart/Portable-FoundryVTT-v13.348/App/resources/app/dist/database/backend/server-document.mjs:1:3713)\n    at Function._migrateDocuments (file:///D:/Juegos/Foundry_daggerheart_git/Foundry-daggerheart/Portable-FoundryVTT-v13.348/App/resources/app/dist/database/backend/server-document.mjs:1:2782)","timestamp":"2026-03-12 19:01:18"}
{"level":"error","message":"An error occurred during the migration of Item record [IriWO9YWo9qD1vxn] of database \"daggerheart-advmanager.all-features\":\nError: Documents from a core version newer than the running version cannot be migrated\n    at Function._migrateRecord (file:///D:/Juegos/Foundry_daggerheart_git/Foundry-daggerheart/Portable-FoundryVTT-v13.348/App/resources/app/dist/database/backend/server-document.mjs:1:3713)\n    at Function._migrateDocuments (file:///D:/Juegos/Foundry_daggerheart_git/Foundry-daggerheart/Portable-FoundryVTT-v13.348/App/resources/app/dist/database/backend/server-document.mjs:1:2782)","timestamp":"2026-03-12 19:01:18"}
{"level":"error","message":"An error occurred during the migration of Item record [JLUfmaK7Wqee2M0u] of database \"daggerheart-advmanager.all-features\":\nError: Documents from a core version newer than the running version cannot be migrated\n    at Function._migrateRecord (file:///D:/Juegos/Foundry_daggerheart_git/Foundry-daggerheart/Portable-FoundryVTT-v13.348/App/resources/app/dist/database/backend/server-document.mjs:1:3713)\n    at Function._migrateDocuments (file:///D:/Juegos/Foundry_daggerheart_git/Foundry-daggerheart/Portable-FoundryVTT-v13.348/App/resources/app/dist/database/backend/server-document.mjs:1:2782)","timestamp":"2026-03-12 19:01:18"}
{"level":"error","message":"An error occurred during the migration of Item record [JObc4qwn6PmBIrpy] of database \"daggerheart-advmanager.all-features\":\nError: Documents from a core version newer than the running version cannot be migrated\n    at Function._migrateRecord (file:///D:/Juegos/Foundry_daggerheart_git/Foundry-daggerheart/Portable-FoundryVTT-v13.348/App/resources/app/dist/database/backend/server-document.mjs:1:3713)\n    at Function._migrateDocuments (file:///D:/Juegos/Foundry_daggerheart_git/Foundry-daggerheart/Portable-FoundryVTT-v13.348/App/resources/app/dist/database/backend/server-document.mjs:1:2782)","timestamp":"2026-03-12 19:01:18"}
{"level":"error","message":"An error occurred during the migration of Item record [Jr9PImf6ms7cS5EU] of database \"daggerheart-advmanager.all-features\":\nError: Documents from a core version newer than the running version cannot be migrated\n    at Function._migrateRecord (file:///D:/Juegos/Foundry_daggerheart_git/Foundry-daggerheart/Portable-FoundryVTT-v13.348/App/resources/app/dist/database/backend/server-document.mjs:1:3713)\n    at Function._migrateDocuments (file:///D:/Juegos/Foundry_daggerheart_git/Foundry-daggerheart/Portable-FoundryVTT-v13.348/App/resources/app/dist/database/backend/server-document.mjs:1:2782)","timestamp":"2026-03-12 19:01:18"}
{"level":"error","message":"An error occurred during the migration of Item record [JwczfcpvB1juJaHV] of database \"daggerheart-advmanager.all-features\":\nError: Documents from a core version newer than the running version cannot be migrated\n    at Function._migrateRecord (file:///D:/Juegos/Foundry_daggerheart_git/Foundry-daggerheart/Portable-FoundryVTT-v13.348/App/resources/app/dist/database/backend/server-document.mjs:1:3713)\n    at Function._migrateDocuments (file:///D:/Juegos/Foundry_daggerheart_git/Foundry-daggerheart/Portable-FoundryVTT-v13.348/App/resources/app/dist/database/backend/server-document.mjs:1:2782)","timestamp":"2026-03-12 19:01:18"}
{"level":"error","message":"An error occurred during the migration of Item record [K2SSmqUQ5jIwGI6U] of database \"daggerheart-advmanager.all-features\":\nError: Documents from a core version newer than the running version cannot be migrated\n    at Function._migrateRecord (file:///D:/Juegos/Foundry_daggerheart_git/Foundry-daggerheart/Portable-FoundryVTT-v13.348/App/resources/app/dist/database/backend/server-document.mjs:1:3713)\n    at Function._migrateDocuments (file:///D:/Juegos/Foundry_daggerheart_git/Foundry-daggerheart/Portable-FoundryVTT-v13.348/App/resources/app/dist/database/backend/server-document.mjs:1:2782)","timestamp":"2026-03-12 19:01:18"}
{"level":"error","message":"An error occurred during the migration of Item record [K3ElebyffPdaIdQf] of database \"daggerheart-advmanager.all-features\":\nError: Documents from a core version newer than the running version cannot be migrated\n    at Function._migrateRecord (file:///D:/Juegos/Foundry_daggerheart_git/Foundry-daggerheart/Portable-FoundryVTT-v13.348/App/resources/app/dist/database/backend/server-document.mjs:1:3713)\n    at Function._migrateDocuments (file:///D:/Juegos/Foundry_daggerheart_git/Foundry-daggerheart/Portable-FoundryVTT-v13.348/App/resources/app/dist/database/backend/server-document.mjs:1:2782)","timestamp":"2026-03-12 19:01:18"}
{"level":"error","message":"An error occurred during the migration of Item record [KH6Mzivm2m28T8ts] of database \"daggerheart-advmanager.all-features\":\nError: Documents from a core version newer than the running version cannot be migrated\n    at Function._migrateRecord (file:///D:/Juegos/Foundry_daggerheart_git/Foundry-daggerheart/Portable-FoundryVTT-v13.348/App/resources/app/dist/database/backend/server-document.mjs:1:3713)\n    at Function._migrateDocuments (file:///D:/Juegos/Foundry_daggerheart_git/Foundry-daggerheart/Portable-FoundryVTT-v13.348/App/resources/app/dist/database/backend/server-document.mjs:1:2782)","timestamp":"2026-03-12 19:01:18"}
{"level":"error","message":"An error occurred during the migration of Item record [KJPFWbi36MIefyjR] of database \"daggerheart-advmanager.all-features\":\nError: Documents from a core version newer than the running version cannot be migrated\n    at Function._migrateRecord (file:///D:/Juegos/Foundry_daggerheart_git/Foundry-daggerheart/Portable-FoundryVTT-v13.348/App/resources/app/dist/database/backend/server-document.mjs:1:3713)\n    at Function._migrateDocuments (file:///D:/Juegos/Foundry_daggerheart_git/Foundry-daggerheart/Portable-FoundryVTT-v13.348/App/resources/app/dist/database/backend/server-document.mjs:1:2782)","timestamp":"2026-03-12 19:01:18"}
{"level":"error","message":"An error occurred during the migration of Item record [KTDDS4CZqmxIYCoH] of database \"daggerheart-advmanager.all-features\":\nError: Documents from a core version newer than the running version cannot be migrated\n    at Function._migrateRecord (file:///D:/Juegos/Foundry_daggerheart_git/Foundry-daggerheart/Portable-FoundryVTT-v13.348/App/resources/app/dist/database/backend/server-document.mjs:1:3713)\n    at Function._migrateDocuments (file:///D:/Juegos/Foundry_daggerheart_git/Foundry-daggerheart/Portable-FoundryVTT-v13.348/App/resources/app/dist/database/backend/server-document.mjs:1:2782)","timestamp":"2026-03-12 19:01:18"}
{"level":"error","message":"An error occurred during the migration of Item record [KUA99WA7YfEk21gd] of database \"daggerheart-advmanager.all-features\":\nError: Documents from a core version newer than the running version cannot be migrated\n    at Function._migrateRecord (file:///D:/Juegos/Foundry_daggerheart_git/Foundry-daggerheart/Portable-FoundryVTT-v13.348/App/resources/app/dist/database/backend/server-document.mjs:1:3713)\n    at Function._migrateDocuments (file:///D:/Juegos/Foundry_daggerheart_git/Foundry-daggerheart/Portable-FoundryVTT-v13.348/App/resources/app/dist/database/backend/server-document.mjs:1:2782)","timestamp":"2026-03-12 19:01:18"}
{"level":"error","message":"An error occurred during the migration of Item record [KVgGMyMUVhiYJvDT] of database \"daggerheart-advmanager.all-features\":\nError: Documents from a core version newer than the running version cannot be migrated\n    at Function._migrateRecord (file:///D:/Juegos/Foundry_daggerheart_git/Foundry-daggerheart/Portable-FoundryVTT-v13.348/App/resources/app/dist/database/backend/server-document.mjs:1:3713)\n    at Function._migrateDocuments (file:///D:/Juegos/Foundry_daggerheart_git/Foundry-daggerheart/Portable-FoundryVTT-v13.348/App/resources/app/dist/database/backend/server-document.mjs:1:2782)","timestamp":"2026-03-12 19:01:18"}
{"level":"error","message":"An error occurred during the migration of Item record [L7JWC1TlHszrcpvn] of database \"daggerheart-advmanager.all-features\":\nError: Documents from a core version newer than the running version cannot be migrated\n    at Function._migrateRecord (file:///D:/Juegos/Foundry_daggerheart_git/Foundry-daggerheart/Portable-FoundryVTT-v13.348/App/resources/app/dist/database/backend/server-document.mjs:1:3713)\n    at Function._migrateDocuments (file:///D:/Juegos/Foundry_daggerheart_git/Foundry-daggerheart/Portable-FoundryVTT-v13.348/App/resources/app/dist/database/backend/server-document.mjs:1:2782)","timestamp":"2026-03-12 19:01:18"}
{"level":"error","message":"An error occurred during the migration of Item record [LBT50tDrhewxCAFA] of database \"daggerheart-advmanager.all-features\":\nError: Documents from a core version newer than the running version cannot be migrated\n    at Function._migrateRecord (file:///D:/Juegos/Foundry_daggerheart_git/Foundry-daggerheart/Portable-FoundryVTT-v13.348/App/resources/app/dist/database/backend/server-document.mjs:1:3713)\n    at Function._migrateDocuments (file:///D:/Juegos/Foundry_daggerheart_git/Foundry-daggerheart/Portable-FoundryVTT-v13.348/App/resources/app/dist/database/backend/server-document.mjs:1:2782)","timestamp":"2026-03-12 19:01:18"}
{"level":"error","message":"An error occurred during the migration of Item record [LDiZWatHByUznWgL] of database \"daggerheart-advmanager.all-features\":\nError: Documents from a core version newer than the running version cannot be migrated\n    at Function._migrateRecord (file:///D:/Juegos/Foundry_daggerheart_git/Foundry-daggerheart/Portable-FoundryVTT-v13.348/App/resources/app/dist/database/backend/server-document.mjs:1:3713)\n    at Function._migrateDocuments (file:///D:/Juegos/Foundry_daggerheart_git/Foundry-daggerheart/Portable-FoundryVTT-v13.348/App/resources/app/dist/database/backend/server-document.mjs:1:2782)","timestamp":"2026-03-12 19:01:18"}
{"level":"error","message":"An error occurred during the migration of Item record [LSyhI4XZG9fKTlS6] of database \"daggerheart-advmanager.all-features\":\nError: Documents from a core version newer than the running version cannot be migrated\n    at Function._migrateRecord (file:///D:/Juegos/Foundry_daggerheart_git/Foundry-daggerheart/Portable-FoundryVTT-v13.348/App/resources/app/dist/database/backend/server-document.mjs:1:3713)\n    at Function._migrateDocuments (file:///D:/Juegos/Foundry_daggerheart_git/Foundry-daggerheart/Portable-FoundryVTT-v13.348/App/resources/app/dist/database/backend/server-document.mjs:1:2782)","timestamp":"2026-03-12 19:01:18"}
{"level":"error","message":"An error occurred during the migration of Item record [LYjzSBji1jLNYRnI] of database \"daggerheart-advmanager.all-features\":\nError: Documents from a core version newer than the running version cannot be migrated\n    at Function._migrateRecord (file:///D:/Juegos/Foundry_daggerheart_git/Foundry-daggerheart/Portable-FoundryVTT-v13.348/App/resources/app/dist/database/backend/server-document.mjs:1:3713)\n    at Function._migrateDocuments (file:///D:/Juegos/Foundry_daggerheart_git/Foundry-daggerheart/Portable-FoundryVTT-v13.348/App/resources/app/dist/database/backend/server-document.mjs:1:2782)","timestamp":"2026-03-12 19:01:18"}
{"level":"error","message":"An error occurred during the migration of Item record [LeeDoNltRVygrQtQ] of database \"daggerheart-advmanager.all-features\":\nError: Documents from a core version newer than the running version cannot be migrated\n    at Function._migrateRecord (file:///D:/Juegos/Foundry_daggerheart_git/Foundry-daggerheart/Portable-FoundryVTT-v13.348/App/resources/app/dist/database/backend/server-document.mjs:1:3713)\n    at Function._migrateDocuments (file:///D:/Juegos/Foundry_daggerheart_git/Foundry-daggerheart/Portable-FoundryVTT-v13.348/App/resources/app/dist/database/backend/server-document.mjs:1:2782)","timestamp":"2026-03-12 19:01:18"}
{"level":"error","message":"An error occurred during the migration of Item record [Lp8CQlp4tPoKWdcd] of database \"daggerheart-advmanager.all-features\":\nError: Documents from a core version newer than the running version cannot be migrated\n    at Function._migrateRecord (file:///D:/Juegos/Foundry_daggerheart_git/Foundry-daggerheart/Portable-FoundryVTT-v13.348/App/resources/app/dist/database/backend/server-document.mjs:1:3713)\n    at Function._migrateDocuments (file:///D:/Juegos/Foundry_daggerheart_git/Foundry-daggerheart/Portable-FoundryVTT-v13.348/App/resources/app/dist/database/backend/server-document.mjs:1:2782)","timestamp":"2026-03-12 19:01:18"}
{"level":"error","message":"An error occurred during the migration of Item record [LqfPaCEiio4KPNg4] of database \"daggerheart-advmanager.all-features\":\nError: Documents from a core version newer than the running version cannot be migrated\n    at Function._migrateRecord (file:///D:/Juegos/Foundry_daggerheart_git/Foundry-daggerheart/Portable-FoundryVTT-v13.348/App/resources/app/dist/database/backend/server-document.mjs:1:3713)\n    at Function._migrateDocuments (file:///D:/Juegos/Foundry_daggerheart_git/Foundry-daggerheart/Portable-FoundryVTT-v13.348/App/resources/app/dist/database/backend/server-document.mjs:1:2782)","timestamp":"2026-03-12 19:01:18"}
{"level":"error","message":"An error occurred during the migration of Item record [M2VLSywKnYtMdI0U] of database \"daggerheart-advmanager.all-features\":\nError: Documents from a core version newer than the running version cannot be migrated\n    at Function._migrateRecord (file:///D:/Juegos/Foundry_daggerheart_git/Foundry-daggerheart/Portable-FoundryVTT-v13.348/App/resources/app/dist/database/backend/server-document.mjs:1:3713)\n    at Function._migrateDocuments (file:///D:/Juegos/Foundry_daggerheart_git/Foundry-daggerheart/Portable-FoundryVTT-v13.348/App/resources/app/dist/database/backend/server-document.mjs:1:2782)","timestamp":"2026-03-12 19:01:18"}
{"level":"error","message":"An error occurred during the migration of Item record [M3lTyBdXmegdWil1] of database \"daggerheart-advmanager.all-features\":\nError: Documents from a core version newer than the running version cannot be migrated\n    at Function._migrateRecord (file:///D:/Juegos/Foundry_daggerheart_git/Foundry-daggerheart/Portable-FoundryVTT-v13.348/App/resources/app/dist/database/backend/server-document.mjs:1:3713)\n    at Function._migrateDocuments (file:///D:/Juegos/Foundry_daggerheart_git/Foundry-daggerheart/Portable-FoundryVTT-v13.348/App/resources/app/dist/database/backend/server-document.mjs:1:2782)","timestamp":"2026-03-12 19:01:18"}
{"level":"error","message":"An error occurred during the migration of Item record [MAPHNK47kkdiVrN4] of database \"daggerheart-advmanager.all-features\":\nError: Documents from a core version newer than the running version cannot be migrated\n    at Function._migrateRecord (file:///D:/Juegos/Foundry_daggerheart_git/Foundry-daggerheart/Portable-FoundryVTT-v13.348/App/resources/app/dist/database/backend/server-document.mjs:1:3713)\n    at Function._migrateDocuments (file:///D:/Juegos/Foundry_daggerheart_git/Foundry-daggerheart/Portable-FoundryVTT-v13.348/App/resources/app/dist/database/backend/server-document.mjs:1:2782)","timestamp":"2026-03-12 19:01:18"}
{"level":"error","message":"An error occurred during the migration of Item record [MRMD4PmJzDBA2kIc] of database \"daggerheart-advmanager.all-features\":\nError: Documents from a core version newer than the running version cannot be migrated\n    at Function._migrateRecord (file:///D:/Juegos/Foundry_daggerheart_git/Foundry-daggerheart/Portable-FoundryVTT-v13.348/App/resources/app/dist/database/backend/server-document.mjs:1:3713)\n    at Function._migrateDocuments (file:///D:/Juegos/Foundry_daggerheart_git/Foundry-daggerheart/Portable-FoundryVTT-v13.348/App/resources/app/dist/database/backend/server-document.mjs:1:2782)","timestamp":"2026-03-12 19:01:18"}
{"level":"error","message":"An error occurred during the migration of Item record [MciXB5KQ2vj9KisJ] of database \"daggerheart-advmanager.all-features\":\nError: Documents from a core version newer than the running version cannot be migrated\n    at Function._migrateRecord (file:///D:/Juegos/Foundry_daggerheart_git/Foundry-daggerheart/Portable-FoundryVTT-v13.348/App/resources/app/dist/database/backend/server-document.mjs:1:3713)\n    at Function._migrateDocuments (file:///D:/Juegos/Foundry_daggerheart_git/Foundry-daggerheart/Portable-FoundryVTT-v13.348/App/resources/app/dist/database/backend/server-document.mjs:1:2782)","timestamp":"2026-03-12 19:01:18"}
{"level":"error","message":"An error occurred during the migration of Item record [MhFFQDGJvLENH5eu] of database \"daggerheart-advmanager.all-features\":\nError: Documents from a core version newer than the running version cannot be migrated\n    at Function._migrateRecord (file:///D:/Juegos/Foundry_daggerheart_git/Foundry-daggerheart/Portable-FoundryVTT-v13.348/App/resources/app/dist/database/backend/server-document.mjs:1:3713)\n    at Function._migrateDocuments (file:///D:/Juegos/Foundry_daggerheart_git/Foundry-daggerheart/Portable-FoundryVTT-v13.348/App/resources/app/dist/database/backend/server-document.mjs:1:2782)","timestamp":"2026-03-12 19:01:18"}
{"level":"error","message":"An error occurred during the migration of Item record [N0maY7RMhXgT0llq] of database \"daggerheart-advmanager.all-features\":\nError: Documents from a core version newer than the running version cannot be migrated\n    at Function._migrateRecord (file:///D:/Juegos/Foundry_daggerheart_git/Foundry-daggerheart/Portable-FoundryVTT-v13.348/App/resources/app/dist/database/backend/server-document.mjs:1:3713)\n    at Function._migrateDocuments (file:///D:/Juegos/Foundry_daggerheart_git/Foundry-daggerheart/Portable-FoundryVTT-v13.348/App/resources/app/dist/database/backend/server-document.mjs:1:2782)","timestamp":"2026-03-12 19:01:18"}
{"level":"error","message":"An error occurred during the migration of Item record [NGMK3zX9mPktlGLL] of database \"daggerheart-advmanager.all-features\":\nError: Documents from a core version newer than the running version cannot be migrated\n    at Function._migrateRecord (file:///D:/Juegos/Foundry_daggerheart_git/Foundry-daggerheart/Portable-FoundryVTT-v13.348/App/resources/app/dist/database/backend/server-document.mjs:1:3713)\n    at Function._migrateDocuments (file:///D:/Juegos/Foundry_daggerheart_git/Foundry-daggerheart/Portable-FoundryVTT-v13.348/App/resources/app/dist/database/backend/server-document.mjs:1:2782)","timestamp":"2026-03-12 19:01:18"}
{"level":"error","message":"An error occurred during the migration of Item record [NQJBXQiucgk77Cl9] of database \"daggerheart-advmanager.all-features\":\nError: Documents from a core version newer than the running version cannot be migrated\n    at Function._migrateRecord (file:///D:/Juegos/Foundry_daggerheart_git/Foundry-daggerheart/Portable-FoundryVTT-v13.348/App/resources/app/dist/database/backend/server-document.mjs:1:3713)\n    at Function._migrateDocuments (file:///D:/Juegos/Foundry_daggerheart_git/Foundry-daggerheart/Portable-FoundryVTT-v13.348/App/resources/app/dist/database/backend/server-document.mjs:1:2782)","timestamp":"2026-03-12 19:01:18"}
{"level":"error","message":"An error occurred during the migration of Item record [NSAHmbNa9D0lmC8W] of database \"daggerheart-advmanager.all-features\":\nError: Documents from a core version newer than the running version cannot be migrated\n    at Function._migrateRecord (file:///D:/Juegos/Foundry_daggerheart_git/Foundry-daggerheart/Portable-FoundryVTT-v13.348/App/resources/app/dist/database/backend/server-document.mjs:1:3713)\n    at Function._migrateDocuments (file:///D:/Juegos/Foundry_daggerheart_git/Foundry-daggerheart/Portable-FoundryVTT-v13.348/App/resources/app/dist/database/backend/server-document.mjs:1:2782)","timestamp":"2026-03-12 19:01:18"}
{"level":"error","message":"An error occurred during the migration of Item record [NffXAnPbZ5UGmSyV] of database \"daggerheart-advmanager.all-features\":\nError: Documents from a core version newer than the running version cannot be migrated\n    at Function._migrateRecord (file:///D:/Juegos/Foundry_daggerheart_git/Foundry-daggerheart/Portable-FoundryVTT-v13.348/App/resources/app/dist/database/backend/server-document.mjs:1:3713)\n    at Function._migrateDocuments (file:///D:/Juegos/Foundry_daggerheart_git/Foundry-daggerheart/Portable-FoundryVTT-v13.348/App/resources/app/dist/database/backend/server-document.mjs:1:2782)","timestamp":"2026-03-12 19:01:18"}
{"level":"error","message":"An error occurred during the migration of Item record [Nh28tVfbeYRJSGVN] of database \"daggerheart-advmanager.all-features\":\nError: Documents from a core version newer than the running version cannot be migrated\n    at Function._migrateRecord (file:///D:/Juegos/Foundry_daggerheart_git/Foundry-daggerheart/Portable-FoundryVTT-v13.348/App/resources/app/dist/database/backend/server-document.mjs:1:3713)\n    at Function._migrateDocuments (file:///D:/Juegos/Foundry_daggerheart_git/Foundry-daggerheart/Portable-FoundryVTT-v13.348/App/resources/app/dist/database/backend/server-document.mjs:1:2782)","timestamp":"2026-03-12 19:01:18"}
{"level":"error","message":"An error occurred during the migration of Item record [NoEuTQWFDglKVdLr] of database \"daggerheart-advmanager.all-features\":\nError: Documents from a core version newer than the running version cannot be migrated\n    at Function._migrateRecord (file:///D:/Juegos/Foundry_daggerheart_git/Foundry-daggerheart/Portable-FoundryVTT-v13.348/App/resources/app/dist/database/backend/server-document.mjs:1:3713)\n    at Function._migrateDocuments (file:///D:/Juegos/Foundry_daggerheart_git/Foundry-daggerheart/Portable-FoundryVTT-v13.348/App/resources/app/dist/database/backend/server-document.mjs:1:2782)","timestamp":"2026-03-12 19:01:18"}
{"level":"error","message":"An error occurred during the migration of Item record [Np5QtiF5dLJEHanU] of database \"daggerheart-advmanager.all-features\":\nError: Documents from a core version newer than the running version cannot be migrated\n    at Function._migrateRecord (file:///D:/Juegos/Foundry_daggerheart_git/Foundry-daggerheart/Portable-FoundryVTT-v13.348/App/resources/app/dist/database/backend/server-document.mjs:1:3713)\n    at Function._migrateDocuments (file:///D:/Juegos/Foundry_daggerheart_git/Foundry-daggerheart/Portable-FoundryVTT-v13.348/App/resources/app/dist/database/backend/server-document.mjs:1:2782)","timestamp":"2026-03-12 19:01:18"}
{"level":"error","message":"An error occurred during the migration of Item record [NrYsn8N8fR6CwqFW] of database \"daggerheart-advmanager.all-features\":\nError: Documents from a core version newer than the running version cannot be migrated\n    at Function._migrateRecord (file:///D:/Juegos/Foundry_daggerheart_git/Foundry-daggerheart/Portable-FoundryVTT-v13.348/App/resources/app/dist/database/backend/server-document.mjs:1:3713)\n    at Function._migrateDocuments (file:///D:/Juegos/Foundry_daggerheart_git/Foundry-daggerheart/Portable-FoundryVTT-v13.348/App/resources/app/dist/database/backend/server-document.mjs:1:2782)","timestamp":"2026-03-12 19:01:18"}
{"level":"error","message":"An error occurred during the migration of Item record [NsmJvAxFlKRw63k1] of database \"daggerheart-advmanager.all-features\":\nError: Documents from a core version newer than the running version cannot be migrated\n    at Function._migrateRecord (file:///D:/Juegos/Foundry_daggerheart_git/Foundry-daggerheart/Portable-FoundryVTT-v13.348/App/resources/app/dist/database/backend/server-document.mjs:1:3713)\n    at Function._migrateDocuments (file:///D:/Juegos/Foundry_daggerheart_git/Foundry-daggerheart/Portable-FoundryVTT-v13.348/App/resources/app/dist/database/backend/server-document.mjs:1:2782)","timestamp":"2026-03-12 19:01:18"}
{"level":"error","message":"An error occurred during the migration of Item record [NteZhAkmou04vpPf] of database \"daggerheart-advmanager.all-features\":\nError: Documents from a core version newer than the running version cannot be migrated\n    at Function._migrateRecord (file:///D:/Juegos/Foundry_daggerheart_git/Foundry-daggerheart/Portable-FoundryVTT-v13.348/App/resources/app/dist/database/backend/server-document.mjs:1:3713)\n    at Function._migrateDocuments (file:///D:/Juegos/Foundry_daggerheart_git/Foundry-daggerheart/Portable-FoundryVTT-v13.348/App/resources/app/dist/database/backend/server-document.mjs:1:2782)","timestamp":"2026-03-12 19:01:18"}
{"level":"error","message":"An error occurred during the migration of Item record [NwUZPWPgLY7b2hYm] of database \"daggerheart-advmanager.all-features\":\nError: Documents from a core version newer than the running version cannot be migrated\n    at Function._migrateRecord (file:///D:/Juegos/Foundry_daggerheart_git/Foundry-daggerheart/Portable-FoundryVTT-v13.348/App/resources/app/dist/database/backend/server-document.mjs:1:3713)\n    at Function._migrateDocuments (file:///D:/Juegos/Foundry_daggerheart_git/Foundry-daggerheart/Portable-FoundryVTT-v13.348/App/resources/app/dist/database/backend/server-document.mjs:1:2782)","timestamp":"2026-03-12 19:01:18"}
{"level":"error","message":"An error occurred during the migration of Item record [O608Y5XKO92Ao54h] of database \"daggerheart-advmanager.all-features\":\nError: Documents from a core version newer than the running version cannot be migrated\n    at Function._migrateRecord (file:///D:/Juegos/Foundry_daggerheart_git/Foundry-daggerheart/Portable-FoundryVTT-v13.348/App/resources/app/dist/database/backend/server-document.mjs:1:3713)\n    at Function._migrateDocuments (file:///D:/Juegos/Foundry_daggerheart_git/Foundry-daggerheart/Portable-FoundryVTT-v13.348/App/resources/app/dist/database/backend/server-document.mjs:1:2782)","timestamp":"2026-03-12 19:01:18"}
{"level":"error","message":"An error occurred during the migration of Item record [OKWBl8rnXFbrSHxN] of database \"daggerheart-advmanager.all-features\":\nError: Documents from a core version newer than the running version cannot be migrated\n    at Function._migrateRecord (file:///D:/Juegos/Foundry_daggerheart_git/Foundry-daggerheart/Portable-FoundryVTT-v13.348/App/resources/app/dist/database/backend/server-document.mjs:1:3713)\n    at Function._migrateDocuments (file:///D:/Juegos/Foundry_daggerheart_git/Foundry-daggerheart/Portable-FoundryVTT-v13.348/App/resources/app/dist/database/backend/server-document.mjs:1:2782)","timestamp":"2026-03-12 19:01:18"}
{"level":"error","message":"An error occurred during the migration of Item record [OYjmWkcNxXGElJPo] of database \"daggerheart-advmanager.all-features\":\nError: Documents from a core version newer than the running version cannot be migrated\n    at Function._migrateRecord (file:///D:/Juegos/Foundry_daggerheart_git/Foundry-daggerheart/Portable-FoundryVTT-v13.348/App/resources/app/dist/database/backend/server-document.mjs:1:3713)\n    at Function._migrateDocuments (file:///D:/Juegos/Foundry_daggerheart_git/Foundry-daggerheart/Portable-FoundryVTT-v13.348/App/resources/app/dist/database/backend/server-document.mjs:1:2782)","timestamp":"2026-03-12 19:01:18"}
{"level":"error","message":"An error occurred during the migration of Item record [PGk6TLwKxDcKkelc] of database \"daggerheart-advmanager.all-features\":\nError: Documents from a core version newer than the running version cannot be migrated\n    at Function._migrateRecord (file:///D:/Juegos/Foundry_daggerheart_git/Foundry-daggerheart/Portable-FoundryVTT-v13.348/App/resources/app/dist/database/backend/server-document.mjs:1:3713)\n    at Function._migrateDocuments (file:///D:/Juegos/Foundry_daggerheart_git/Foundry-daggerheart/Portable-FoundryVTT-v13.348/App/resources/app/dist/database/backend/server-document.mjs:1:2782)","timestamp":"2026-03-12 19:01:18"}
{"level":"error","message":"An error occurred during the migration of Item record [PIaCSLpBmqS2G74a] of database \"daggerheart-advmanager.all-features\":\nError: Documents from a core version newer than the running version cannot be migrated\n    at Function._migrateRecord (file:///D:/Juegos/Foundry_daggerheart_git/Foundry-daggerheart/Portable-FoundryVTT-v13.348/App/resources/app/dist/database/backend/server-document.mjs:1:3713)\n    at Function._migrateDocuments (file:///D:/Juegos/Foundry_daggerheart_git/Foundry-daggerheart/Portable-FoundryVTT-v13.348/App/resources/app/dist/database/backend/server-document.mjs:1:2782)","timestamp":"2026-03-12 19:01:18"}
{"level":"error","message":"An error occurred during the migration of Item record [PQjxCVt8nd9Zj5RD] of database \"daggerheart-advmanager.all-features\":\nError: Documents from a core version newer than the running version cannot be migrated\n    at Function._migrateRecord (file:///D:/Juegos/Foundry_daggerheart_git/Foundry-daggerheart/Portable-FoundryVTT-v13.348/App/resources/app/dist/database/backend/server-document.mjs:1:3713)\n    at Function._migrateDocuments (file:///D:/Juegos/Foundry_daggerheart_git/Foundry-daggerheart/Portable-FoundryVTT-v13.348/App/resources/app/dist/database/backend/server-document.mjs:1:2782)","timestamp":"2026-03-12 19:01:18"}
{"level":"error","message":"An error occurred during the migration of Item record [PxOujdjjYXuKIbqz] of database \"daggerheart-advmanager.all-features\":\nError: Documents from a core version newer than the running version cannot be migrated\n    at Function._migrateRecord (file:///D:/Juegos/Foundry_daggerheart_git/Foundry-daggerheart/Portable-FoundryVTT-v13.348/App/resources/app/dist/database/backend/server-document.mjs:1:3713)\n    at Function._migrateDocuments (file:///D:/Juegos/Foundry_daggerheart_git/Foundry-daggerheart/Portable-FoundryVTT-v13.348/App/resources/app/dist/database/backend/server-document.mjs:1:2782)","timestamp":"2026-03-12 19:01:18"}
{"level":"error","message":"An error occurred during the migration of Item record [QMxhfHs8m6Mm639M] of database \"daggerheart-advmanager.all-features\":\nError: Documents from a core version newer than the running version cannot be migrated\n    at Function._migrateRecord (file:///D:/Juegos/Foundry_daggerheart_git/Foundry-daggerheart/Portable-FoundryVTT-v13.348/App/resources/app/dist/database/backend/server-document.mjs:1:3713)\n    at Function._migrateDocuments (file:///D:/Juegos/Foundry_daggerheart_git/Foundry-daggerheart/Portable-FoundryVTT-v13.348/App/resources/app/dist/database/backend/server-document.mjs:1:2782)","timestamp":"2026-03-12 19:01:18"}
{"level":"error","message":"An error occurred during the migration of Item record [QS2eYsMPr7VTmgZy] of database \"daggerheart-advmanager.all-features\":\nError: Documents from a core version newer than the running version cannot be migrated\n    at Function._migrateRecord (file:///D:/Juegos/Foundry_daggerheart_git/Foundry-daggerheart/Portable-FoundryVTT-v13.348/App/resources/app/dist/database/backend/server-document.mjs:1:3713)\n    at Function._migrateDocuments (file:///D:/Juegos/Foundry_daggerheart_git/Foundry-daggerheart/Portable-FoundryVTT-v13.348/App/resources/app/dist/database/backend/server-document.mjs:1:2782)","timestamp":"2026-03-12 19:01:18"}
{"level":"error","message":"An error occurred during the migration of Item record [QWqea6rpV3mHo2td] of database \"daggerheart-advmanager.all-features\":\nError: Documents from a core version newer than the running version cannot be migrated\n    at Function._migrateRecord (file:///D:/Juegos/Foundry_daggerheart_git/Foundry-daggerheart/Portable-FoundryVTT-v13.348/App/resources/app/dist/database/backend/server-document.mjs:1:3713)\n    at Function._migrateDocuments (file:///D:/Juegos/Foundry_daggerheart_git/Foundry-daggerheart/Portable-FoundryVTT-v13.348/App/resources/app/dist/database/backend/server-document.mjs:1:2782)","timestamp":"2026-03-12 19:01:18"}
{"level":"error","message":"An error occurred during the migration of Item record [Qn8mprQ5PHRVdYy0] of database \"daggerheart-advmanager.all-features\":\nError: Documents from a core version newer than the running version cannot be migrated\n    at Function._migrateRecord (file:///D:/Juegos/Foundry_daggerheart_git/Foundry-daggerheart/Portable-FoundryVTT-v13.348/App/resources/app/dist/database/backend/server-document.mjs:1:3713)\n    at Function._migrateDocuments (file:///D:/Juegos/Foundry_daggerheart_git/Foundry-daggerheart/Portable-FoundryVTT-v13.348/App/resources/app/dist/database/backend/server-document.mjs:1:2782)","timestamp":"2026-03-12 19:01:18"}
{"level":"error","message":"An error occurred during the migration of Item record [Qo3zgaAVZ0Q9ogWC] of database \"daggerheart-advmanager.all-features\":\nError: Documents from a core version newer than the running version cannot be migrated\n    at Function._migrateRecord (file:///D:/Juegos/Foundry_daggerheart_git/Foundry-daggerheart/Portable-FoundryVTT-v13.348/App/resources/app/dist/database/backend/server-document.mjs:1:3713)\n    at Function._migrateDocuments (file:///D:/Juegos/Foundry_daggerheart_git/Foundry-daggerheart/Portable-FoundryVTT-v13.348/App/resources/app/dist/database/backend/server-document.mjs:1:2782)","timestamp":"2026-03-12 19:01:18"}
{"level":"error","message":"An error occurred during the migration of Item record [QqQWvkwV8gSkZlUk] of database \"daggerheart-advmanager.all-features\":\nError: Documents from a core version newer than the running version cannot be migrated\n    at Function._migrateRecord (file:///D:/Juegos/Foundry_daggerheart_git/Foundry-daggerheart/Portable-FoundryVTT-v13.348/App/resources/app/dist/database/backend/server-document.mjs:1:3713)\n    at Function._migrateDocuments (file:///D:/Juegos/Foundry_daggerheart_git/Foundry-daggerheart/Portable-FoundryVTT-v13.348/App/resources/app/dist/database/backend/server-document.mjs:1:2782)","timestamp":"2026-03-12 19:01:18"}
{"level":"error","message":"An error occurred during the migration of Item record [R9luM6E7eGW4IEjA] of database \"daggerheart-advmanager.all-features\":\nError: Documents from a core version newer than the running version cannot be migrated\n    at Function._migrateRecord (file:///D:/Juegos/Foundry_daggerheart_git/Foundry-daggerheart/Portable-FoundryVTT-v13.348/App/resources/app/dist/database/backend/server-document.mjs:1:3713)\n    at Function._migrateDocuments (file:///D:/Juegos/Foundry_daggerheart_git/Foundry-daggerheart/Portable-FoundryVTT-v13.348/App/resources/app/dist/database/backend/server-document.mjs:1:2782)","timestamp":"2026-03-12 19:01:18"}
{"level":"error","message":"An error occurred during the migration of Item record [RYJtnqL9omMM48DE] of database \"daggerheart-advmanager.all-features\":\nError: Documents from a core version newer than the running version cannot be migrated\n    at Function._migrateRecord (file:///D:/Juegos/Foundry_daggerheart_git/Foundry-daggerheart/Portable-FoundryVTT-v13.348/App/resources/app/dist/database/backend/server-document.mjs:1:3713)\n    at Function._migrateDocuments (file:///D:/Juegos/Foundry_daggerheart_git/Foundry-daggerheart/Portable-FoundryVTT-v13.348/App/resources/app/dist/database/backend/server-document.mjs:1:2782)","timestamp":"2026-03-12 19:01:18"}
{"level":"error","message":"An error occurred during the migration of Item record [Rwuy2ARba4AWhCZe] of database \"daggerheart-advmanager.all-features\":\nError: Documents from a core version newer than the running version cannot be migrated\n    at Function._migrateRecord (file:///D:/Juegos/Foundry_daggerheart_git/Foundry-daggerheart/Portable-FoundryVTT-v13.348/App/resources/app/dist/database/backend/server-document.mjs:1:3713)\n    at Function._migrateDocuments (file:///D:/Juegos/Foundry_daggerheart_git/Foundry-daggerheart/Portable-FoundryVTT-v13.348/App/resources/app/dist/database/backend/server-document.mjs:1:2782)","timestamp":"2026-03-12 19:01:18"}
{"level":"error","message":"An error occurred during the migration of Item record [SR3Or0X8X8x0j1m8] of database \"daggerheart-advmanager.all-features\":\nError: Documents from a core version newer than the running version cannot be migrated\n    at Function._migrateRecord (file:///D:/Juegos/Foundry_daggerheart_git/Foundry-daggerheart/Portable-FoundryVTT-v13.348/App/resources/app/dist/database/backend/server-document.mjs:1:3713)\n    at Function._migrateDocuments (file:///D:/Juegos/Foundry_daggerheart_git/Foundry-daggerheart/Portable-FoundryVTT-v13.348/App/resources/app/dist/database/backend/server-document.mjs:1:2782)","timestamp":"2026-03-12 19:01:18"}
{"level":"error","message":"An error occurred during the migration of Item record [SSOA8cBFcDyZzsqR] of database \"daggerheart-advmanager.all-features\":\nError: Documents from a core version newer than the running version cannot be migrated\n    at Function._migrateRecord (file:///D:/Juegos/Foundry_daggerheart_git/Foundry-daggerheart/Portable-FoundryVTT-v13.348/App/resources/app/dist/database/backend/server-document.mjs:1:3713)\n    at Function._migrateDocuments (file:///D:/Juegos/Foundry_daggerheart_git/Foundry-daggerheart/Portable-FoundryVTT-v13.348/App/resources/app/dist/database/backend/server-document.mjs:1:2782)","timestamp":"2026-03-12 19:01:18"}
{"level":"error","message":"An error occurred during the migration of Item record [SawmAlEMgmuJJCEL] of database \"daggerheart-advmanager.all-features\":\nError: Documents from a core version newer than the running version cannot be migrated\n    at Function._migrateRecord (file:///D:/Juegos/Foundry_daggerheart_git/Foundry-daggerheart/Portable-FoundryVTT-v13.348/App/resources/app/dist/database/backend/server-document.mjs:1:3713)\n    at Function._migrateDocuments (file:///D:/Juegos/Foundry_daggerheart_git/Foundry-daggerheart/Portable-FoundryVTT-v13.348/App/resources/app/dist/database/backend/server-document.mjs:1:2782)","timestamp":"2026-03-12 19:01:18"}
{"level":"error","message":"An error occurred during the migration of Item record [SjWpbVsLb44B4upj] of database \"daggerheart-advmanager.all-features\":\nError: Documents from a core version newer than the running version cannot be migrated\n    at Function._migrateRecord (file:///D:/Juegos/Foundry_daggerheart_git/Foundry-daggerheart/Portable-FoundryVTT-v13.348/App/resources/app/dist/database/backend/server-document.mjs:1:3713)\n    at Function._migrateDocuments (file:///D:/Juegos/Foundry_daggerheart_git/Foundry-daggerheart/Portable-FoundryVTT-v13.348/App/resources/app/dist/database/backend/server-document.mjs:1:2782)","timestamp":"2026-03-12 19:01:18"}
{"level":"error","message":"An error occurred during the migration of Item record [SwMrQ16YtV3HHBAP] of database \"daggerheart-advmanager.all-features\":\nError: Documents from a core version newer than the running version cannot be migrated\n    at Function._migrateRecord (file:///D:/Juegos/Foundry_daggerheart_git/Foundry-daggerheart/Portable-FoundryVTT-v13.348/App/resources/app/dist/database/backend/server-document.mjs:1:3713)\n    at Function._migrateDocuments (file:///D:/Juegos/Foundry_daggerheart_git/Foundry-daggerheart/Portable-FoundryVTT-v13.348/App/resources/app/dist/database/backend/server-document.mjs:1:2782)","timestamp":"2026-03-12 19:01:18"}
{"level":"error","message":"An error occurred during the migration of Item record [SyI1hOtoibKA9EdE] of database \"daggerheart-advmanager.all-features\":\nError: Documents from a core version newer than the running version cannot be migrated\n    at Function._migrateRecord (file:///D:/Juegos/Foundry_daggerheart_git/Foundry-daggerheart/Portable-FoundryVTT-v13.348/App/resources/app/dist/database/backend/server-document.mjs:1:3713)\n    at Function._migrateDocuments (file:///D:/Juegos/Foundry_daggerheart_git/Foundry-daggerheart/Portable-FoundryVTT-v13.348/App/resources/app/dist/database/backend/server-document.mjs:1:2782)","timestamp":"2026-03-12 19:01:18"}
{"level":"error","message":"An error occurred during the migration of Item record [T1wz6GtDpFWKlx8f] of database \"daggerheart-advmanager.all-features\":\nError: Documents from a core version newer than the running version cannot be migrated\n    at Function._migrateRecord (file:///D:/Juegos/Foundry_daggerheart_git/Foundry-daggerheart/Portable-FoundryVTT-v13.348/App/resources/app/dist/database/backend/server-document.mjs:1:3713)\n    at Function._migrateDocuments (file:///D:/Juegos/Foundry_daggerheart_git/Foundry-daggerheart/Portable-FoundryVTT-v13.348/App/resources/app/dist/database/backend/server-document.mjs:1:2782)","timestamp":"2026-03-12 19:01:18"}
{"level":"error","message":"An error occurred during the migration of Item record [TIzlqv60zLWAs93b] of database \"daggerheart-advmanager.all-features\":\nError: Documents from a core version newer than the running version cannot be migrated\n    at Function._migrateRecord (file:///D:/Juegos/Foundry_daggerheart_git/Foundry-daggerheart/Portable-FoundryVTT-v13.348/App/resources/app/dist/database/backend/server-document.mjs:1:3713)\n    at Function._migrateDocuments (file:///D:/Juegos/Foundry_daggerheart_git/Foundry-daggerheart/Portable-FoundryVTT-v13.348/App/resources/app/dist/database/backend/server-document.mjs:1:2782)","timestamp":"2026-03-12 19:01:18"}
{"level":"error","message":"An error occurred during the migration of Item record [TQlbZQE26MQkVqH8] of database \"daggerheart-advmanager.all-features\":\nError: Documents from a core version newer than the running version cannot be migrated\n    at Function._migrateRecord (file:///D:/Juegos/Foundry_daggerheart_git/Foundry-daggerheart/Portable-FoundryVTT-v13.348/App/resources/app/dist/database/backend/server-document.mjs:1:3713)\n    at Function._migrateDocuments (file:///D:/Juegos/Foundry_daggerheart_git/Foundry-daggerheart/Portable-FoundryVTT-v13.348/App/resources/app/dist/database/backend/server-document.mjs:1:2782)","timestamp":"2026-03-12 19:01:18"}
{"level":"error","message":"An error occurred during the migration of Item record [TfQY8OXn5mJELtDc] of database \"daggerheart-advmanager.all-features\":\nError: Documents from a core version newer than the running version cannot be migrated\n    at Function._migrateRecord (file:///D:/Juegos/Foundry_daggerheart_git/Foundry-daggerheart/Portable-FoundryVTT-v13.348/App/resources/app/dist/database/backend/server-document.mjs:1:3713)\n    at Function._migrateDocuments (file:///D:/Juegos/Foundry_daggerheart_git/Foundry-daggerheart/Portable-FoundryVTT-v13.348/App/resources/app/dist/database/backend/server-document.mjs:1:2782)","timestamp":"2026-03-12 19:01:18"}
{"level":"error","message":"An error occurred during the migration of Item record [TujvZlwAeAUJFMVM] of database \"daggerheart-advmanager.all-features\":\nError: Documents from a core version newer than the running version cannot be migrated\n    at Function._migrateRecord (file:///D:/Juegos/Foundry_daggerheart_git/Foundry-daggerheart/Portable-FoundryVTT-v13.348/App/resources/app/dist/database/backend/server-document.mjs:1:3713)\n    at Function._migrateDocuments (file:///D:/Juegos/Foundry_daggerheart_git/Foundry-daggerheart/Portable-FoundryVTT-v13.348/App/resources/app/dist/database/backend/server-document.mjs:1:2782)","timestamp":"2026-03-12 19:01:18"}
{"level":"error","message":"An error occurred during the migration of Item record [UJQTIp3MrDLgEvwd] of database \"daggerheart-advmanager.all-features\":\nError: Documents from a core version newer than the running version cannot be migrated\n    at Function._migrateRecord (file:///D:/Juegos/Foundry_daggerheart_git/Foundry-daggerheart/Portable-FoundryVTT-v13.348/App/resources/app/dist/database/backend/server-document.mjs:1:3713)\n    at Function._migrateDocuments (file:///D:/Juegos/Foundry_daggerheart_git/Foundry-daggerheart/Portable-FoundryVTT-v13.348/App/resources/app/dist/database/backend/server-document.mjs:1:2782)","timestamp":"2026-03-12 19:01:18"}
{"level":"error","message":"An error occurred during the migration of Item record [UPpNFgIcMGiiV4jC] of database \"daggerheart-advmanager.all-features\":\nError: Documents from a core version newer than the running version cannot be migrated\n    at Function._migrateRecord (file:///D:/Juegos/Foundry_daggerheart_git/Foundry-daggerheart/Portable-FoundryVTT-v13.348/App/resources/app/dist/database/backend/server-document.mjs:1:3713)\n    at Function._migrateDocuments (file:///D:/Juegos/Foundry_daggerheart_git/Foundry-daggerheart/Portable-FoundryVTT-v13.348/App/resources/app/dist/database/backend/server-document.mjs:1:2782)","timestamp":"2026-03-12 19:01:18"}
{"level":"error","message":"An error occurred during the migration of Item record [UVkpThvMCrFA3eNc] of database \"daggerheart-advmanager.all-features\":\nError: Documents from a core version newer than the running version cannot be migrated\n    at Function._migrateRecord (file:///D:/Juegos/Foundry_daggerheart_git/Foundry-daggerheart/Portable-FoundryVTT-v13.348/App/resources/app/dist/database/backend/server-document.mjs:1:3713)\n    at Function._migrateDocuments (file:///D:/Juegos/Foundry_daggerheart_git/Foundry-daggerheart/Portable-FoundryVTT-v13.348/App/resources/app/dist/database/backend/server-document.mjs:1:2782)","timestamp":"2026-03-12 19:01:18"}
{"level":"error","message":"An error occurred during the migration of Item record [UhDxt4Dam9ETyls2] of database \"daggerheart-advmanager.all-features\":\nError: Documents from a core version newer than the running version cannot be migrated\n    at Function._migrateRecord (file:///D:/Juegos/Foundry_daggerheart_git/Foundry-daggerheart/Portable-FoundryVTT-v13.348/App/resources/app/dist/database/backend/server-document.mjs:1:3713)\n    at Function._migrateDocuments (file:///D:/Juegos/Foundry_daggerheart_git/Foundry-daggerheart/Portable-FoundryVTT-v13.348/App/resources/app/dist/database/backend/server-document.mjs:1:2782)","timestamp":"2026-03-12 19:01:18"}
{"level":"error","message":"An error occurred during the migration of Item record [VH6hKc7cX5n1XV7l] of database \"daggerheart-advmanager.all-features\":\nError: Documents from a core version newer than the running version cannot be migrated\n    at Function._migrateRecord (file:///D:/Juegos/Foundry_daggerheart_git/Foundry-daggerheart/Portable-FoundryVTT-v13.348/App/resources/app/dist/database/backend/server-document.mjs:1:3713)\n    at Function._migrateDocuments (file:///D:/Juegos/Foundry_daggerheart_git/Foundry-daggerheart/Portable-FoundryVTT-v13.348/App/resources/app/dist/database/backend/server-document.mjs:1:2782)","timestamp":"2026-03-12 19:01:18"}
{"level":"error","message":"An error occurred during the migration of Item record [VY87drMq8hSfZoFp] of database \"daggerheart-advmanager.all-features\":\nError: Documents from a core version newer than the running version cannot be migrated\n    at Function._migrateRecord (file:///D:/Juegos/Foundry_daggerheart_git/Foundry-daggerheart/Portable-FoundryVTT-v13.348/App/resources/app/dist/database/backend/server-document.mjs:1:3713)\n    at Function._migrateDocuments (file:///D:/Juegos/Foundry_daggerheart_git/Foundry-daggerheart/Portable-FoundryVTT-v13.348/App/resources/app/dist/database/backend/server-document.mjs:1:2782)","timestamp":"2026-03-12 19:01:18"}
{"level":"error","message":"An error occurred during the migration of Item record [VftDdm61VmdcC1YB] of database \"daggerheart-advmanager.all-features\":\nError: Documents from a core version newer than the running version cannot be migrated\n    at Function._migrateRecord (file:///D:/Juegos/Foundry_daggerheart_git/Foundry-daggerheart/Portable-FoundryVTT-v13.348/App/resources/app/dist/database/backend/server-document.mjs:1:3713)\n    at Function._migrateDocuments (file:///D:/Juegos/Foundry_daggerheart_git/Foundry-daggerheart/Portable-FoundryVTT-v13.348/App/resources/app/dist/database/backend/server-document.mjs:1:2782)","timestamp":"2026-03-12 19:01:18"}
{"level":"error","message":"An error occurred during the migration of Item record [ViWXQSULfBNRBXfM] of database \"daggerheart-advmanager.all-features\":\nError: Documents from a core version newer than the running version cannot be migrated\n    at Function._migrateRecord (file:///D:/Juegos/Foundry_daggerheart_git/Foundry-daggerheart/Portable-FoundryVTT-v13.348/App/resources/app/dist/database/backend/server-document.mjs:1:3713)\n    at Function._migrateDocuments (file:///D:/Juegos/Foundry_daggerheart_git/Foundry-daggerheart/Portable-FoundryVTT-v13.348/App/resources/app/dist/database/backend/server-document.mjs:1:2782)","timestamp":"2026-03-12 19:01:18"}
{"level":"error","message":"An error occurred during the migration of Item record [WlLco8K5KkBqf5TK] of database \"daggerheart-advmanager.all-features\":\nError: Documents from a core version newer than the running version cannot be migrated\n    at Function._migrateRecord (file:///D:/Juegos/Foundry_daggerheart_git/Foundry-daggerheart/Portable-FoundryVTT-v13.348/App/resources/app/dist/database/backend/server-document.mjs:1:3713)\n    at Function._migrateDocuments (file:///D:/Juegos/Foundry_daggerheart_git/Foundry-daggerheart/Portable-FoundryVTT-v13.348/App/resources/app/dist/database/backend/server-document.mjs:1:2782)","timestamp":"2026-03-12 19:01:18"}
{"level":"error","message":"An error occurred during the migration of Item record [WmZsQ4Q4o8HUAd4M] of database \"daggerheart-advmanager.all-features\":\nError: Documents from a core version newer than the running version cannot be migrated\n    at Function._migrateRecord (file:///D:/Juegos/Foundry_daggerheart_git/Foundry-daggerheart/Portable-FoundryVTT-v13.348/App/resources/app/dist/database/backend/server-document.mjs:1:3713)\n    at Function._migrateDocuments (file:///D:/Juegos/Foundry_daggerheart_git/Foundry-daggerheart/Portable-FoundryVTT-v13.348/App/resources/app/dist/database/backend/server-document.mjs:1:2782)","timestamp":"2026-03-12 19:01:18"}
{"level":"error","message":"An error occurred during the migration of Item record [XCOWW7Ls3FL4UUb8] of database \"daggerheart-advmanager.all-features\":\nError: Documents from a core version newer than the running version cannot be migrated\n    at Function._migrateRecord (file:///D:/Juegos/Foundry_daggerheart_git/Foundry-daggerheart/Portable-FoundryVTT-v13.348/App/resources/app/dist/database/backend/server-document.mjs:1:3713)\n    at Function._migrateDocuments (file:///D:/Juegos/Foundry_daggerheart_git/Foundry-daggerheart/Portable-FoundryVTT-v13.348/App/resources/app/dist/database/backend/server-document.mjs:1:2782)","timestamp":"2026-03-12 19:01:18"}
{"level":"error","message":"An error occurred during the migration of Item record [XEeR8EAWfOxTI03O] of database \"daggerheart-advmanager.all-features\":\nError: Documents from a core version newer than the running version cannot be migrated\n    at Function._migrateRecord (file:///D:/Juegos/Foundry_daggerheart_git/Foundry-daggerheart/Portable-FoundryVTT-v13.348/App/resources/app/dist/database/backend/server-document.mjs:1:3713)\n    at Function._migrateDocuments (file:///D:/Juegos/Foundry_daggerheart_git/Foundry-daggerheart/Portable-FoundryVTT-v13.348/App/resources/app/dist/database/backend/server-document.mjs:1:2782)","timestamp":"2026-03-12 19:01:18"}
{"level":"error","message":"An error occurred during the migration of Item record [XcMddHa3mP13hU07] of database \"daggerheart-advmanager.all-features\":\nError: Documents from a core version newer than the running version cannot be migrated\n    at Function._migrateRecord (file:///D:/Juegos/Foundry_daggerheart_git/Foundry-daggerheart/Portable-FoundryVTT-v13.348/App/resources/app/dist/database/backend/server-document.mjs:1:3713)\n    at Function._migrateDocuments (file:///D:/Juegos/Foundry_daggerheart_git/Foundry-daggerheart/Portable-FoundryVTT-v13.348/App/resources/app/dist/database/backend/server-document.mjs:1:2782)","timestamp":"2026-03-12 19:01:18"}
{"level":"error","message":"An error occurred during the migration of Item record [Xprt8jqJCSf0y8wF] of database \"daggerheart-advmanager.all-features\":\nError: Documents from a core version newer than the running version cannot be migrated\n    at Function._migrateRecord (file:///D:/Juegos/Foundry_daggerheart_git/Foundry-daggerheart/Portable-FoundryVTT-v13.348/App/resources/app/dist/database/backend/server-document.mjs:1:3713)\n    at Function._migrateDocuments (file:///D:/Juegos/Foundry_daggerheart_git/Foundry-daggerheart/Portable-FoundryVTT-v13.348/App/resources/app/dist/database/backend/server-document.mjs:1:2782)","timestamp":"2026-03-12 19:01:18"}
{"level":"error","message":"An error occurred during the migration of Item record [Xs0d9nchfBahliin] of database \"daggerheart-advmanager.all-features\":\nError: Documents from a core version newer than the running version cannot be migrated\n    at Function._migrateRecord (file:///D:/Juegos/Foundry_daggerheart_git/Foundry-daggerheart/Portable-FoundryVTT-v13.348/App/resources/app/dist/database/backend/server-document.mjs:1:3713)\n    at Function._migrateDocuments (file:///D:/Juegos/Foundry_daggerheart_git/Foundry-daggerheart/Portable-FoundryVTT-v13.348/App/resources/app/dist/database/backend/server-document.mjs:1:2782)","timestamp":"2026-03-12 19:01:18"}
{"level":"error","message":"An error occurred during the migration of Item record [Xw0jfPIx2PS9ZJfz] of database \"daggerheart-advmanager.all-features\":\nError: Documents from a core version newer than the running version cannot be migrated\n    at Function._migrateRecord (file:///D:/Juegos/Foundry_daggerheart_git/Foundry-daggerheart/Portable-FoundryVTT-v13.348/App/resources/app/dist/database/backend/server-document.mjs:1:3713)\n    at Function._migrateDocuments (file:///D:/Juegos/Foundry_daggerheart_git/Foundry-daggerheart/Portable-FoundryVTT-v13.348/App/resources/app/dist/database/backend/server-document.mjs:1:2782)","timestamp":"2026-03-12 19:01:18"}
{"level":"error","message":"An error occurred during the migration of Item record [Y7d77okdWKTJH56z] of database \"daggerheart-advmanager.all-features\":\nError: Documents from a core version newer than the running version cannot be migrated\n    at Function._migrateRecord (file:///D:/Juegos/Foundry_daggerheart_git/Foundry-daggerheart/Portable-FoundryVTT-v13.348/App/resources/app/dist/database/backend/server-document.mjs:1:3713)\n    at Function._migrateDocuments (file:///D:/Juegos/Foundry_daggerheart_git/Foundry-daggerheart/Portable-FoundryVTT-v13.348/App/resources/app/dist/database/backend/server-document.mjs:1:2782)","timestamp":"2026-03-12 19:01:18"}
{"level":"error","message":"An error occurred during the migration of Item record [YImO1FWkzvk1Ht7h] of database \"daggerheart-advmanager.all-features\":\nError: Documents from a core version newer than the running version cannot be migrated\n    at Function._migrateRecord (file:///D:/Juegos/Foundry_daggerheart_git/Foundry-daggerheart/Portable-FoundryVTT-v13.348/App/resources/app/dist/database/backend/server-document.mjs:1:3713)\n    at Function._migrateDocuments (file:///D:/Juegos/Foundry_daggerheart_git/Foundry-daggerheart/Portable-FoundryVTT-v13.348/App/resources/app/dist/database/backend/server-document.mjs:1:2782)","timestamp":"2026-03-12 19:01:18"}
{"level":"error","message":"An error occurred during the migration of Item record [YK33JfKLRukCYafo] of database \"daggerheart-advmanager.all-features\":\nError: Documents from a core version newer than the running version cannot be migrated\n    at Function._migrateRecord (file:///D:/Juegos/Foundry_daggerheart_git/Foundry-daggerheart/Portable-FoundryVTT-v13.348/App/resources/app/dist/database/backend/server-document.mjs:1:3713)\n    at Function._migrateDocuments (file:///D:/Juegos/Foundry_daggerheart_git/Foundry-daggerheart/Portable-FoundryVTT-v13.348/App/resources/app/dist/database/backend/server-document.mjs:1:2782)","timestamp":"2026-03-12 19:01:18"}
{"level":"error","message":"An error occurred during the migration of Item record [YP0SXr9h1DwFpx7Y] of database \"daggerheart-advmanager.all-features\":\nError: Documents from a core version newer than the running version cannot be migrated\n    at Function._migrateRecord (file:///D:/Juegos/Foundry_daggerheart_git/Foundry-daggerheart/Portable-FoundryVTT-v13.348/App/resources/app/dist/database/backend/server-document.mjs:1:3713)\n    at Function._migrateDocuments (file:///D:/Juegos/Foundry_daggerheart_git/Foundry-daggerheart/Portable-FoundryVTT-v13.348/App/resources/app/dist/database/backend/server-document.mjs:1:2782)","timestamp":"2026-03-12 19:01:18"}
{"level":"error","message":"An error occurred during the migration of Item record [YpkpKgxAvp8TYVPF] of database \"daggerheart-advmanager.all-features\":\nError: Documents from a core version newer than the running version cannot be migrated\n    at Function._migrateRecord (file:///D:/Juegos/Foundry_daggerheart_git/Foundry-daggerheart/Portable-FoundryVTT-v13.348/App/resources/app/dist/database/backend/server-document.mjs:1:3713)\n    at Function._migrateDocuments (file:///D:/Juegos/Foundry_daggerheart_git/Foundry-daggerheart/Portable-FoundryVTT-v13.348/App/resources/app/dist/database/backend/server-document.mjs:1:2782)","timestamp":"2026-03-12 19:01:18"}
{"level":"error","message":"An error occurred during the migration of Item record [Yywd7YxNv8ZjFThL] of database \"daggerheart-advmanager.all-features\":\nError: Documents from a core version newer than the running version cannot be migrated\n    at Function._migrateRecord (file:///D:/Juegos/Foundry_daggerheart_git/Foundry-daggerheart/Portable-FoundryVTT-v13.348/App/resources/app/dist/database/backend/server-document.mjs:1:3713)\n    at Function._migrateDocuments (file:///D:/Juegos/Foundry_daggerheart_git/Foundry-daggerheart/Portable-FoundryVTT-v13.348/App/resources/app/dist/database/backend/server-document.mjs:1:2782)","timestamp":"2026-03-12 19:01:18"}
{"level":"error","message":"An error occurred during the migration of Item record [Z4kAG5HHasClhjUC] of database \"daggerheart-advmanager.all-features\":\nError: Documents from a core version newer than the running version cannot be migrated\n    at Function._migrateRecord (file:///D:/Juegos/Foundry_daggerheart_git/Foundry-daggerheart/Portable-FoundryVTT-v13.348/App/resources/app/dist/database/backend/server-document.mjs:1:3713)\n    at Function._migrateDocuments (file:///D:/Juegos/Foundry_daggerheart_git/Foundry-daggerheart/Portable-FoundryVTT-v13.348/App/resources/app/dist/database/backend/server-document.mjs:1:2782)","timestamp":"2026-03-12 19:01:18"}
{"level":"error","message":"An error occurred during the migration of Item record [ZHDkYNAftc1hcCL4] of database \"daggerheart-advmanager.all-features\":\nError: Documents from a core version newer than the running version cannot be migrated\n    at Function._migrateRecord (file:///D:/Juegos/Foundry_daggerheart_git/Foundry-daggerheart/Portable-FoundryVTT-v13.348/App/resources/app/dist/database/backend/server-document.mjs:1:3713)\n    at Function._migrateDocuments (file:///D:/Juegos/Foundry_daggerheart_git/Foundry-daggerheart/Portable-FoundryVTT-v13.348/App/resources/app/dist/database/backend/server-document.mjs:1:2782)","timestamp":"2026-03-12 19:01:18"}
{"level":"error","message":"An error occurred during the migration of Item record [ZbmDs7F3WACFu2nw] of database \"daggerheart-advmanager.all-features\":\nError: Documents from a core version newer than the running version cannot be migrated\n    at Function._migrateRecord (file:///D:/Juegos/Foundry_daggerheart_git/Foundry-daggerheart/Portable-FoundryVTT-v13.348/App/resources/app/dist/database/backend/server-document.mjs:1:3713)\n    at Function._migrateDocuments (file:///D:/Juegos/Foundry_daggerheart_git/Foundry-daggerheart/Portable-FoundryVTT-v13.348/App/resources/app/dist/database/backend/server-document.mjs:1:2782)","timestamp":"2026-03-12 19:01:18"}
{"level":"error","message":"An error occurred during the migration of Item record [ZyaN32fFPiOj0xZo] of database \"daggerheart-advmanager.all-features\":\nError: Documents from a core version newer than the running version cannot be migrated\n    at Function._migrateRecord (file:///D:/Juegos/Foundry_daggerheart_git/Foundry-daggerheart/Portable-FoundryVTT-v13.348/App/resources/app/dist/database/backend/server-document.mjs:1:3713)\n    at Function._migrateDocuments (file:///D:/Juegos/Foundry_daggerheart_git/Foundry-daggerheart/Portable-FoundryVTT-v13.348/App/resources/app/dist/database/backend/server-document.mjs:1:2782)","timestamp":"2026-03-12 19:01:18"}
{"level":"error","message":"An error occurred during the migration of Item record [a02Tqh9X23jGYRol] of database \"daggerheart-advmanager.all-features\":\nError: Documents from a core version newer than the running version cannot be migrated\n    at Function._migrateRecord (file:///D:/Juegos/Foundry_daggerheart_git/Foundry-daggerheart/Portable-FoundryVTT-v13.348/App/resources/app/dist/database/backend/server-document.mjs:1:3713)\n    at Function._migrateDocuments (file:///D:/Juegos/Foundry_daggerheart_git/Foundry-daggerheart/Portable-FoundryVTT-v13.348/App/resources/app/dist/database/backend/server-document.mjs:1:2782)","timestamp":"2026-03-12 19:01:18"}
{"level":"error","message":"An error occurred during the migration of Item record [a5HTZx4usdLknyBY] of database \"daggerheart-advmanager.all-features\":\nError: Documents from a core version newer than the running version cannot be migrated\n    at Function._migrateRecord (file:///D:/Juegos/Foundry_daggerheart_git/Foundry-daggerheart/Portable-FoundryVTT-v13.348/App/resources/app/dist/database/backend/server-document.mjs:1:3713)\n    at Function._migrateDocuments (file:///D:/Juegos/Foundry_daggerheart_git/Foundry-daggerheart/Portable-FoundryVTT-v13.348/App/resources/app/dist/database/backend/server-document.mjs:1:2782)","timestamp":"2026-03-12 19:01:18"}
{"level":"error","message":"An error occurred during the migration of Item record [aDAqDRIrnQnPj4AM] of database \"daggerheart-advmanager.all-features\":\nError: Documents from a core version newer than the running version cannot be migrated\n    at Function._migrateRecord (file:///D:/Juegos/Foundry_daggerheart_git/Foundry-daggerheart/Portable-FoundryVTT-v13.348/App/resources/app/dist/database/backend/server-document.mjs:1:3713)\n    at Function._migrateDocuments (file:///D:/Juegos/Foundry_daggerheart_git/Foundry-daggerheart/Portable-FoundryVTT-v13.348/App/resources/app/dist/database/backend/server-document.mjs:1:2782)","timestamp":"2026-03-12 19:01:18"}
{"level":"error","message":"An error occurred during the migration of Item record [aL7rfL8jo3F92C9A] of database \"daggerheart-advmanager.all-features\":\nError: Documents from a core version newer than the running version cannot be migrated\n    at Function._migrateRecord (file:///D:/Juegos/Foundry_daggerheart_git/Foundry-daggerheart/Portable-FoundryVTT-v13.348/App/resources/app/dist/database/backend/server-document.mjs:1:3713)\n    at Function._migrateDocuments (file:///D:/Juegos/Foundry_daggerheart_git/Foundry-daggerheart/Portable-FoundryVTT-v13.348/App/resources/app/dist/database/backend/server-document.mjs:1:2782)","timestamp":"2026-03-12 19:01:18"}
{"level":"error","message":"An error occurred during the migration of Item record [aQQK937dKkHdq2GG] of database \"daggerheart-advmanager.all-features\":\nError: Documents from a core version newer than the running version cannot be migrated\n    at Function._migrateRecord (file:///D:/Juegos/Foundry_daggerheart_git/Foundry-daggerheart/Portable-FoundryVTT-v13.348/App/resources/app/dist/database/backend/server-document.mjs:1:3713)\n    at Function._migrateDocuments (file:///D:/Juegos/Foundry_daggerheart_git/Foundry-daggerheart/Portable-FoundryVTT-v13.348/App/resources/app/dist/database/backend/server-document.mjs:1:2782)","timestamp":"2026-03-12 19:01:18"}
{"level":"error","message":"An error occurred during the migration of Item record [aZ8XRmXrxP9y4GCd] of database \"daggerheart-advmanager.all-features\":\nError: Documents from a core version newer than the running version cannot be migrated\n    at Function._migrateRecord (file:///D:/Juegos/Foundry_daggerheart_git/Foundry-daggerheart/Portable-FoundryVTT-v13.348/App/resources/app/dist/database/backend/server-document.mjs:1:3713)\n    at Function._migrateDocuments (file:///D:/Juegos/Foundry_daggerheart_git/Foundry-daggerheart/Portable-FoundryVTT-v13.348/App/resources/app/dist/database/backend/server-document.mjs:1:2782)","timestamp":"2026-03-12 19:01:18"}
{"level":"error","message":"An error occurred during the migration of Item record [abTomCXG9fInS3P4] of database \"daggerheart-advmanager.all-features\":\nError: Documents from a core version newer than the running version cannot be migrated\n    at Function._migrateRecord (file:///D:/Juegos/Foundry_daggerheart_git/Foundry-daggerheart/Portable-FoundryVTT-v13.348/App/resources/app/dist/database/backend/server-document.mjs:1:3713)\n    at Function._migrateDocuments (file:///D:/Juegos/Foundry_daggerheart_git/Foundry-daggerheart/Portable-FoundryVTT-v13.348/App/resources/app/dist/database/backend/server-document.mjs:1:2782)","timestamp":"2026-03-12 19:01:18"}
{"level":"error","message":"An error occurred during the migration of Item record [akojrQERL1jY8zMI] of database \"daggerheart-advmanager.all-features\":\nError: Documents from a core version newer than the running version cannot be migrated\n    at Function._migrateRecord (file:///D:/Juegos/Foundry_daggerheart_git/Foundry-daggerheart/Portable-FoundryVTT-v13.348/App/resources/app/dist/database/backend/server-document.mjs:1:3713)\n    at Function._migrateDocuments (file:///D:/Juegos/Foundry_daggerheart_git/Foundry-daggerheart/Portable-FoundryVTT-v13.348/App/resources/app/dist/database/backend/server-document.mjs:1:2782)","timestamp":"2026-03-12 19:01:18"}
{"level":"error","message":"An error occurred during the migration of Item record [arIDdrChB89kdGwI] of database \"daggerheart-advmanager.all-features\":\nError: Documents from a core version newer than the running version cannot be migrated\n    at Function._migrateRecord (file:///D:/Juegos/Foundry_daggerheart_git/Foundry-daggerheart/Portable-FoundryVTT-v13.348/App/resources/app/dist/database/backend/server-document.mjs:1:3713)\n    at Function._migrateDocuments (file:///D:/Juegos/Foundry_daggerheart_git/Foundry-daggerheart/Portable-FoundryVTT-v13.348/App/resources/app/dist/database/backend/server-document.mjs:1:2782)","timestamp":"2026-03-12 19:01:18"}
{"level":"error","message":"An error occurred during the migration of Item record [bACRFnDpqdkyitpu] of database \"daggerheart-advmanager.all-features\":\nError: Documents from a core version newer than the running version cannot be migrated\n    at Function._migrateRecord (file:///D:/Juegos/Foundry_daggerheart_git/Foundry-daggerheart/Portable-FoundryVTT-v13.348/App/resources/app/dist/database/backend/server-document.mjs:1:3713)\n    at Function._migrateDocuments (file:///D:/Juegos/Foundry_daggerheart_git/Foundry-daggerheart/Portable-FoundryVTT-v13.348/App/resources/app/dist/database/backend/server-document.mjs:1:2782)","timestamp":"2026-03-12 19:01:18"}
{"level":"error","message":"An error occurred during the migration of Item record [bE6lz2727B8Op2yj] of database \"daggerheart-advmanager.all-features\":\nError: Documents from a core version newer than the running version cannot be migrated\n    at Function._migrateRecord (file:///D:/Juegos/Foundry_daggerheart_git/Foundry-daggerheart/Portable-FoundryVTT-v13.348/App/resources/app/dist/database/backend/server-document.mjs:1:3713)\n    at Function._migrateDocuments (file:///D:/Juegos/Foundry_daggerheart_git/Foundry-daggerheart/Portable-FoundryVTT-v13.348/App/resources/app/dist/database/backend/server-document.mjs:1:2782)","timestamp":"2026-03-12 19:01:18"}
{"level":"error","message":"An error occurred during the migration of Item record [bgrewYD4c2ZCDYf3] of database \"daggerheart-advmanager.all-features\":\nError: Documents from a core version newer than the running version cannot be migrated\n    at Function._migrateRecord (file:///D:/Juegos/Foundry_daggerheart_git/Foundry-daggerheart/Portable-FoundryVTT-v13.348/App/resources/app/dist/database/backend/server-document.mjs:1:3713)\n    at Function._migrateDocuments (file:///D:/Juegos/Foundry_daggerheart_git/Foundry-daggerheart/Portable-FoundryVTT-v13.348/App/resources/app/dist/database/backend/server-document.mjs:1:2782)","timestamp":"2026-03-12 19:01:18"}
{"level":"error","message":"An error occurred during the migration of Item record [brrkYIhJgP551Tfx] of database \"daggerheart-advmanager.all-features\":\nError: Documents from a core version newer than the running version cannot be migrated\n    at Function._migrateRecord (file:///D:/Juegos/Foundry_daggerheart_git/Foundry-daggerheart/Portable-FoundryVTT-v13.348/App/resources/app/dist/database/backend/server-document.mjs:1:3713)\n    at Function._migrateDocuments (file:///D:/Juegos/Foundry_daggerheart_git/Foundry-daggerheart/Portable-FoundryVTT-v13.348/App/resources/app/dist/database/backend/server-document.mjs:1:2782)","timestamp":"2026-03-12 19:01:18"}
{"level":"error","message":"An error occurred during the migration of Item record [bs2D7tD0ZwvB8K9q] of database \"daggerheart-advmanager.all-features\":\nError: Documents from a core version newer than the running version cannot be migrated\n    at Function._migrateRecord (file:///D:/Juegos/Foundry_daggerheart_git/Foundry-daggerheart/Portable-FoundryVTT-v13.348/App/resources/app/dist/database/backend/server-document.mjs:1:3713)\n    at Function._migrateDocuments (file:///D:/Juegos/Foundry_daggerheart_git/Foundry-daggerheart/Portable-FoundryVTT-v13.348/App/resources/app/dist/database/backend/server-document.mjs:1:2782)","timestamp":"2026-03-12 19:01:18"}
{"level":"error","message":"An error occurred during the migration of Item record [cAcUflsHKS2OKaUU] of database \"daggerheart-advmanager.all-features\":\nError: Documents from a core version newer than the running version cannot be migrated\n    at Function._migrateRecord (file:///D:/Juegos/Foundry_daggerheart_git/Foundry-daggerheart/Portable-FoundryVTT-v13.348/App/resources/app/dist/database/backend/server-document.mjs:1:3713)\n    at Function._migrateDocuments (file:///D:/Juegos/Foundry_daggerheart_git/Foundry-daggerheart/Portable-FoundryVTT-v13.348/App/resources/app/dist/database/backend/server-document.mjs:1:2782)","timestamp":"2026-03-12 19:01:18"}
{"level":"error","message":"An error occurred during the migration of Item record [cP5zM3MPwSgkQPjA] of database \"daggerheart-advmanager.all-features\":\nError: Documents from a core version newer than the running version cannot be migrated\n    at Function._migrateRecord (file:///D:/Juegos/Foundry_daggerheart_git/Foundry-daggerheart/Portable-FoundryVTT-v13.348/App/resources/app/dist/database/backend/server-document.mjs:1:3713)\n    at Function._migrateDocuments (file:///D:/Juegos/Foundry_daggerheart_git/Foundry-daggerheart/Portable-FoundryVTT-v13.348/App/resources/app/dist/database/backend/server-document.mjs:1:2782)","timestamp":"2026-03-12 19:01:18"}
{"level":"error","message":"An error occurred during the migration of Item record [ccl119Jq61irqmIF] of database \"daggerheart-advmanager.all-features\":\nError: Documents from a core version newer than the running version cannot be migrated\n    at Function._migrateRecord (file:///D:/Juegos/Foundry_daggerheart_git/Foundry-daggerheart/Portable-FoundryVTT-v13.348/App/resources/app/dist/database/backend/server-document.mjs:1:3713)\n    at Function._migrateDocuments (file:///D:/Juegos/Foundry_daggerheart_git/Foundry-daggerheart/Portable-FoundryVTT-v13.348/App/resources/app/dist/database/backend/server-document.mjs:1:2782)","timestamp":"2026-03-12 19:01:18"}
{"level":"error","message":"An error occurred during the migration of Item record [clYMvzlwcLRbUxl4] of database \"daggerheart-advmanager.all-features\":\nError: Documents from a core version newer than the running version cannot be migrated\n    at Function._migrateRecord (file:///D:/Juegos/Foundry_daggerheart_git/Foundry-daggerheart/Portable-FoundryVTT-v13.348/App/resources/app/dist/database/backend/server-document.mjs:1:3713)\n    at Function._migrateDocuments (file:///D:/Juegos/Foundry_daggerheart_git/Foundry-daggerheart/Portable-FoundryVTT-v13.348/App/resources/app/dist/database/backend/server-document.mjs:1:2782)","timestamp":"2026-03-12 19:01:18"}
{"level":"error","message":"An error occurred during the migration of Item record [cnQ3VhITJ7LijijV] of database \"daggerheart-advmanager.all-features\":\nError: Documents from a core version newer than the running version cannot be migrated\n    at Function._migrateRecord (file:///D:/Juegos/Foundry_daggerheart_git/Foundry-daggerheart/Portable-FoundryVTT-v13.348/App/resources/app/dist/database/backend/server-document.mjs:1:3713)\n    at Function._migrateDocuments (file:///D:/Juegos/Foundry_daggerheart_git/Foundry-daggerheart/Portable-FoundryVTT-v13.348/App/resources/app/dist/database/backend/server-document.mjs:1:2782)","timestamp":"2026-03-12 19:01:18"}
{"level":"error","message":"An error occurred during the migration of Item record [d4HRThkuYCpwEE7g] of database \"daggerheart-advmanager.all-features\":\nError: Documents from a core version newer than the running version cannot be migrated\n    at Function._migrateRecord (file:///D:/Juegos/Foundry_daggerheart_git/Foundry-daggerheart/Portable-FoundryVTT-v13.348/App/resources/app/dist/database/backend/server-document.mjs:1:3713)\n    at Function._migrateDocuments (file:///D:/Juegos/Foundry_daggerheart_git/Foundry-daggerheart/Portable-FoundryVTT-v13.348/App/resources/app/dist/database/backend/server-document.mjs:1:2782)","timestamp":"2026-03-12 19:01:18"}
{"level":"error","message":"An error occurred during the migration of Item record [d9Zvym6AojnwTCcf] of database \"daggerheart-advmanager.all-features\":\nError: Documents from a core version newer than the running version cannot be migrated\n    at Function._migrateRecord (file:///D:/Juegos/Foundry_daggerheart_git/Foundry-daggerheart/Portable-FoundryVTT-v13.348/App/resources/app/dist/database/backend/server-document.mjs:1:3713)\n    at Function._migrateDocuments (file:///D:/Juegos/Foundry_daggerheart_git/Foundry-daggerheart/Portable-FoundryVTT-v13.348/App/resources/app/dist/database/backend/server-document.mjs:1:2782)","timestamp":"2026-03-12 19:01:18"}
{"level":"error","message":"An error occurred during the migration of Item record [dDPvjKEZcjhzMiac] of database \"daggerheart-advmanager.all-features\":\nError: Documents from a core version newer than the running version cannot be migrated\n    at Function._migrateRecord (file:///D:/Juegos/Foundry_daggerheart_git/Foundry-daggerheart/Portable-FoundryVTT-v13.348/App/resources/app/dist/database/backend/server-document.mjs:1:3713)\n    at Function._migrateDocuments (file:///D:/Juegos/Foundry_daggerheart_git/Foundry-daggerheart/Portable-FoundryVTT-v13.348/App/resources/app/dist/database/backend/server-document.mjs:1:2782)","timestamp":"2026-03-12 19:01:18"}
{"level":"error","message":"An error occurred during the migration of Item record [dVvW0vD86NIOmGAc] of database \"daggerheart-advmanager.all-features\":\nError: Documents from a core version newer than the running version cannot be migrated\n    at Function._migrateRecord (file:///D:/Juegos/Foundry_daggerheart_git/Foundry-daggerheart/Portable-FoundryVTT-v13.348/App/resources/app/dist/database/backend/server-document.mjs:1:3713)\n    at Function._migrateDocuments (file:///D:/Juegos/Foundry_daggerheart_git/Foundry-daggerheart/Portable-FoundryVTT-v13.348/App/resources/app/dist/database/backend/server-document.mjs:1:2782)","timestamp":"2026-03-12 19:01:18"}
{"level":"error","message":"An error occurred during the migration of Item record [dcUmPpUQi4XR48PT] of database \"daggerheart-advmanager.all-features\":\nError: Documents from a core version newer than the running version cannot be migrated\n    at Function._migrateRecord (file:///D:/Juegos/Foundry_daggerheart_git/Foundry-daggerheart/Portable-FoundryVTT-v13.348/App/resources/app/dist/database/backend/server-document.mjs:1:3713)\n    at Function._migrateDocuments (file:///D:/Juegos/Foundry_daggerheart_git/Foundry-daggerheart/Portable-FoundryVTT-v13.348/App/resources/app/dist/database/backend/server-document.mjs:1:2782)","timestamp":"2026-03-12 19:01:18"}
{"level":"error","message":"An error occurred during the migration of Item record [ddHQUXB51rFbu2vF] of database \"daggerheart-advmanager.all-features\":\nError: Documents from a core version newer than the running version cannot be migrated\n    at Function._migrateRecord (file:///D:/Juegos/Foundry_daggerheart_git/Foundry-daggerheart/Portable-FoundryVTT-v13.348/App/resources/app/dist/database/backend/server-document.mjs:1:3713)\n    at Function._migrateDocuments (file:///D:/Juegos/Foundry_daggerheart_git/Foundry-daggerheart/Portable-FoundryVTT-v13.348/App/resources/app/dist/database/backend/server-document.mjs:1:2782)","timestamp":"2026-03-12 19:01:18"}
{"level":"error","message":"An error occurred during the migration of Item record [dhtdnXcW4Ph23XDm] of database \"daggerheart-advmanager.all-features\":\nError: Documents from a core version newer than the running version cannot be migrated\n    at Function._migrateRecord (file:///D:/Juegos/Foundry_daggerheart_git/Foundry-daggerheart/Portable-FoundryVTT-v13.348/App/resources/app/dist/database/backend/server-document.mjs:1:3713)\n    at Function._migrateDocuments (file:///D:/Juegos/Foundry_daggerheart_git/Foundry-daggerheart/Portable-FoundryVTT-v13.348/App/resources/app/dist/database/backend/server-document.mjs:1:2782)","timestamp":"2026-03-12 19:01:18"}
{"level":"error","message":"An error occurred during the migration of Item record [doUVWLLoCZ6VZd5V] of database \"daggerheart-advmanager.all-features\":\nError: Documents from a core version newer than the running version cannot be migrated\n    at Function._migrateRecord (file:///D:/Juegos/Foundry_daggerheart_git/Foundry-daggerheart/Portable-FoundryVTT-v13.348/App/resources/app/dist/database/backend/server-document.mjs:1:3713)\n    at Function._migrateDocuments (file:///D:/Juegos/Foundry_daggerheart_git/Foundry-daggerheart/Portable-FoundryVTT-v13.348/App/resources/app/dist/database/backend/server-document.mjs:1:2782)","timestamp":"2026-03-12 19:01:18"}
{"level":"error","message":"An error occurred during the migration of Item record [e6iLnjUsuhFmZRSz] of database \"daggerheart-advmanager.all-features\":\nError: Documents from a core version newer than the running version cannot be migrated\n    at Function._migrateRecord (file:///D:/Juegos/Foundry_daggerheart_git/Foundry-daggerheart/Portable-FoundryVTT-v13.348/App/resources/app/dist/database/backend/server-document.mjs:1:3713)\n    at Function._migrateDocuments (file:///D:/Juegos/Foundry_daggerheart_git/Foundry-daggerheart/Portable-FoundryVTT-v13.348/App/resources/app/dist/database/backend/server-document.mjs:1:2782)","timestamp":"2026-03-12 19:01:18"}
{"level":"error","message":"An error occurred during the migration of Item record [e7iDOHwseCokb48I] of database \"daggerheart-advmanager.all-features\":\nError: Documents from a core version newer than the running version cannot be migrated\n    at Function._migrateRecord (file:///D:/Juegos/Foundry_daggerheart_git/Foundry-daggerheart/Portable-FoundryVTT-v13.348/App/resources/app/dist/database/backend/server-document.mjs:1:3713)\n    at Function._migrateDocuments (file:///D:/Juegos/Foundry_daggerheart_git/Foundry-daggerheart/Portable-FoundryVTT-v13.348/App/resources/app/dist/database/backend/server-document.mjs:1:2782)","timestamp":"2026-03-12 19:01:18"}
{"level":"error","message":"An error occurred during the migration of Item record [eBDqph4kRlLOmpy1] of database \"daggerheart-advmanager.all-features\":\nError: Documents from a core version newer than the running version cannot be migrated\n    at Function._migrateRecord (file:///D:/Juegos/Foundry_daggerheart_git/Foundry-daggerheart/Portable-FoundryVTT-v13.348/App/resources/app/dist/database/backend/server-document.mjs:1:3713)\n    at Function._migrateDocuments (file:///D:/Juegos/Foundry_daggerheart_git/Foundry-daggerheart/Portable-FoundryVTT-v13.348/App/resources/app/dist/database/backend/server-document.mjs:1:2782)","timestamp":"2026-03-12 19:01:18"}
{"level":"error","message":"An error occurred during the migration of Item record [eGhCJFxVySS8R9RZ] of database \"daggerheart-advmanager.all-features\":\nError: Documents from a core version newer than the running version cannot be migrated\n    at Function._migrateRecord (file:///D:/Juegos/Foundry_daggerheart_git/Foundry-daggerheart/Portable-FoundryVTT-v13.348/App/resources/app/dist/database/backend/server-document.mjs:1:3713)\n    at Function._migrateDocuments (file:///D:/Juegos/Foundry_daggerheart_git/Foundry-daggerheart/Portable-FoundryVTT-v13.348/App/resources/app/dist/database/backend/server-document.mjs:1:2782)","timestamp":"2026-03-12 19:01:18"}
{"level":"error","message":"An error occurred during the migration of Item record [eclelg67Y3ulikIu] of database \"daggerheart-advmanager.all-features\":\nError: Documents from a core version newer than the running version cannot be migrated\n    at Function._migrateRecord (file:///D:/Juegos/Foundry_daggerheart_git/Foundry-daggerheart/Portable-FoundryVTT-v13.348/App/resources/app/dist/database/backend/server-document.mjs:1:3713)\n    at Function._migrateDocuments (file:///D:/Juegos/Foundry_daggerheart_git/Foundry-daggerheart/Portable-FoundryVTT-v13.348/App/resources/app/dist/database/backend/server-document.mjs:1:2782)","timestamp":"2026-03-12 19:01:18"}
{"level":"error","message":"An error occurred during the migration of Item record [eg8ujOkCWWQbu6of] of database \"daggerheart-advmanager.all-features\":\nError: Documents from a core version newer than the running version cannot be migrated\n    at Function._migrateRecord (file:///D:/Juegos/Foundry_daggerheart_git/Foundry-daggerheart/Portable-FoundryVTT-v13.348/App/resources/app/dist/database/backend/server-document.mjs:1:3713)\n    at Function._migrateDocuments (file:///D:/Juegos/Foundry_daggerheart_git/Foundry-daggerheart/Portable-FoundryVTT-v13.348/App/resources/app/dist/database/backend/server-document.mjs:1:2782)","timestamp":"2026-03-12 19:01:18"}
{"level":"error","message":"An error occurred during the migration of Item record [fBDmgAc3Qv6flld9] of database \"daggerheart-advmanager.all-features\":\nError: Documents from a core version newer than the running version cannot be migrated\n    at Function._migrateRecord (file:///D:/Juegos/Foundry_daggerheart_git/Foundry-daggerheart/Portable-FoundryVTT-v13.348/App/resources/app/dist/database/backend/server-document.mjs:1:3713)\n    at Function._migrateDocuments (file:///D:/Juegos/Foundry_daggerheart_git/Foundry-daggerheart/Portable-FoundryVTT-v13.348/App/resources/app/dist/database/backend/server-document.mjs:1:2782)","timestamp":"2026-03-12 19:01:18"}
{"level":"error","message":"An error occurred during the migration of Item record [fNGc73cwA7O5W7oZ] of database \"daggerheart-advmanager.all-features\":\nError: Documents from a core version newer than the running version cannot be migrated\n    at Function._migrateRecord (file:///D:/Juegos/Foundry_daggerheart_git/Foundry-daggerheart/Portable-FoundryVTT-v13.348/App/resources/app/dist/database/backend/server-document.mjs:1:3713)\n    at Function._migrateDocuments (file:///D:/Juegos/Foundry_daggerheart_git/Foundry-daggerheart/Portable-FoundryVTT-v13.348/App/resources/app/dist/database/backend/server-document.mjs:1:2782)","timestamp":"2026-03-12 19:01:18"}
{"level":"error","message":"An error occurred during the migration of Item record [fNnjAGqz2phMzKLR] of database \"daggerheart-advmanager.all-features\":\nError: Documents from a core version newer than the running version cannot be migrated\n    at Function._migrateRecord (file:///D:/Juegos/Foundry_daggerheart_git/Foundry-daggerheart/Portable-FoundryVTT-v13.348/App/resources/app/dist/database/backend/server-document.mjs:1:3713)\n    at Function._migrateDocuments (file:///D:/Juegos/Foundry_daggerheart_git/Foundry-daggerheart/Portable-FoundryVTT-v13.348/App/resources/app/dist/database/backend/server-document.mjs:1:2782)","timestamp":"2026-03-12 19:01:18"}
{"level":"error","message":"An error occurred during the migration of Item record [fWxVsQymqfydDa57] of database \"daggerheart-advmanager.all-features\":\nError: Documents from a core version newer than the running version cannot be migrated\n    at Function._migrateRecord (file:///D:/Juegos/Foundry_daggerheart_git/Foundry-daggerheart/Portable-FoundryVTT-v13.348/App/resources/app/dist/database/backend/server-document.mjs:1:3713)\n    at Function._migrateDocuments (file:///D:/Juegos/Foundry_daggerheart_git/Foundry-daggerheart/Portable-FoundryVTT-v13.348/App/resources/app/dist/database/backend/server-document.mjs:1:2782)","timestamp":"2026-03-12 19:01:18"}
{"level":"error","message":"An error occurred during the migration of Item record [fXsIsoXM0ih1zTa0] of database \"daggerheart-advmanager.all-features\":\nError: Documents from a core version newer than the running version cannot be migrated\n    at Function._migrateRecord (file:///D:/Juegos/Foundry_daggerheart_git/Foundry-daggerheart/Portable-FoundryVTT-v13.348/App/resources/app/dist/database/backend/server-document.mjs:1:3713)\n    at Function._migrateDocuments (file:///D:/Juegos/Foundry_daggerheart_git/Foundry-daggerheart/Portable-FoundryVTT-v13.348/App/resources/app/dist/database/backend/server-document.mjs:1:2782)","timestamp":"2026-03-12 19:01:18"}
{"level":"error","message":"An error occurred during the migration of Item record [fZF7mS1mfQhEQVHv] of database \"daggerheart-advmanager.all-features\":\nError: Documents from a core version newer than the running version cannot be migrated\n    at Function._migrateRecord (file:///D:/Juegos/Foundry_daggerheart_git/Foundry-daggerheart/Portable-FoundryVTT-v13.348/App/resources/app/dist/database/backend/server-document.mjs:1:3713)\n    at Function._migrateDocuments (file:///D:/Juegos/Foundry_daggerheart_git/Foundry-daggerheart/Portable-FoundryVTT-v13.348/App/resources/app/dist/database/backend/server-document.mjs:1:2782)","timestamp":"2026-03-12 19:01:18"}
{"level":"error","message":"An error occurred during the migration of Item record [fZxegsH4PwWFAMmk] of database \"daggerheart-advmanager.all-features\":\nError: Documents from a core version newer than the running version cannot be migrated\n    at Function._migrateRecord (file:///D:/Juegos/Foundry_daggerheart_git/Foundry-daggerheart/Portable-FoundryVTT-v13.348/App/resources/app/dist/database/backend/server-document.mjs:1:3713)\n    at Function._migrateDocuments (file:///D:/Juegos/Foundry_daggerheart_git/Foundry-daggerheart/Portable-FoundryVTT-v13.348/App/resources/app/dist/database/backend/server-document.mjs:1:2782)","timestamp":"2026-03-12 19:01:18"}
{"level":"error","message":"An error occurred during the migration of Item record [fl0B6qAv5sAuORVQ] of database \"daggerheart-advmanager.all-features\":\nError: Documents from a core version newer than the running version cannot be migrated\n    at Function._migrateRecord (file:///D:/Juegos/Foundry_daggerheart_git/Foundry-daggerheart/Portable-FoundryVTT-v13.348/App/resources/app/dist/database/backend/server-document.mjs:1:3713)\n    at Function._migrateDocuments (file:///D:/Juegos/Foundry_daggerheart_git/Foundry-daggerheart/Portable-FoundryVTT-v13.348/App/resources/app/dist/database/backend/server-document.mjs:1:2782)","timestamp":"2026-03-12 19:01:18"}
{"level":"error","message":"An error occurred during the migration of Item record [fntbFsINvUTL98qU] of database \"daggerheart-advmanager.all-features\":\nError: Documents from a core version newer than the running version cannot be migrated\n    at Function._migrateRecord (file:///D:/Juegos/Foundry_daggerheart_git/Foundry-daggerheart/Portable-FoundryVTT-v13.348/App/resources/app/dist/database/backend/server-document.mjs:1:3713)\n    at Function._migrateDocuments (file:///D:/Juegos/Foundry_daggerheart_git/Foundry-daggerheart/Portable-FoundryVTT-v13.348/App/resources/app/dist/database/backend/server-document.mjs:1:2782)","timestamp":"2026-03-12 19:01:18"}
{"level":"error","message":"An error occurred during the migration of Item record [g0W4rI9DNzoqfvSM] of database \"daggerheart-advmanager.all-features\":\nError: Documents from a core version newer than the running version cannot be migrated\n    at Function._migrateRecord (file:///D:/Juegos/Foundry_daggerheart_git/Foundry-daggerheart/Portable-FoundryVTT-v13.348/App/resources/app/dist/database/backend/server-document.mjs:1:3713)\n    at Function._migrateDocuments (file:///D:/Juegos/Foundry_daggerheart_git/Foundry-daggerheart/Portable-FoundryVTT-v13.348/App/resources/app/dist/database/backend/server-document.mjs:1:2782)","timestamp":"2026-03-12 19:01:18"}
{"level":"error","message":"An error occurred during the migration of Item record [gCeuvYGq0jmpBLhU] of database \"daggerheart-advmanager.all-features\":\nError: Documents from a core version newer than the running version cannot be migrated\n    at Function._migrateRecord (file:///D:/Juegos/Foundry_daggerheart_git/Foundry-daggerheart/Portable-FoundryVTT-v13.348/App/resources/app/dist/database/backend/server-document.mjs:1:3713)\n    at Function._migrateDocuments (file:///D:/Juegos/Foundry_daggerheart_git/Foundry-daggerheart/Portable-FoundryVTT-v13.348/App/resources/app/dist/database/backend/server-document.mjs:1:2782)","timestamp":"2026-03-12 19:01:18"}
{"level":"error","message":"An error occurred during the migration of Item record [gFqn3jVlpgyRkiYv] of database \"daggerheart-advmanager.all-features\":\nError: Documents from a core version newer than the running version cannot be migrated\n    at Function._migrateRecord (file:///D:/Juegos/Foundry_daggerheart_git/Foundry-daggerheart/Portable-FoundryVTT-v13.348/App/resources/app/dist/database/backend/server-document.mjs:1:3713)\n    at Function._migrateDocuments (file:///D:/Juegos/Foundry_daggerheart_git/Foundry-daggerheart/Portable-FoundryVTT-v13.348/App/resources/app/dist/database/backend/server-document.mjs:1:2782)","timestamp":"2026-03-12 19:01:18"}
{"level":"error","message":"An error occurred during the migration of Item record [gLXM5C7pRfiTpIfx] of database \"daggerheart-advmanager.all-features\":\nError: Documents from a core version newer than the running version cannot be migrated\n    at Function._migrateRecord (file:///D:/Juegos/Foundry_daggerheart_git/Foundry-daggerheart/Portable-FoundryVTT-v13.348/App/resources/app/dist/database/backend/server-document.mjs:1:3713)\n    at Function._migrateDocuments (file:///D:/Juegos/Foundry_daggerheart_git/Foundry-daggerheart/Portable-FoundryVTT-v13.348/App/resources/app/dist/database/backend/server-document.mjs:1:2782)","timestamp":"2026-03-12 19:01:18"}
{"level":"error","message":"An error occurred during the migration of Item record [gPihWhVbh9JDaY0m] of database \"daggerheart-advmanager.all-features\":\nError: Documents from a core version newer than the running version cannot be migrated\n    at Function._migrateRecord (file:///D:/Juegos/Foundry_daggerheart_git/Foundry-daggerheart/Portable-FoundryVTT-v13.348/App/resources/app/dist/database/backend/server-document.mjs:1:3713)\n    at Function._migrateDocuments (file:///D:/Juegos/Foundry_daggerheart_git/Foundry-daggerheart/Portable-FoundryVTT-v13.348/App/resources/app/dist/database/backend/server-document.mjs:1:2782)","timestamp":"2026-03-12 19:01:18"}
{"level":"error","message":"An error occurred during the migration of Item record [gR3ZpP8Iub0gLSLg] of database \"daggerheart-advmanager.all-features\":\nError: Documents from a core version newer than the running version cannot be migrated\n    at Function._migrateRecord (file:///D:/Juegos/Foundry_daggerheart_git/Foundry-daggerheart/Portable-FoundryVTT-v13.348/App/resources/app/dist/database/backend/server-document.mjs:1:3713)\n    at Function._migrateDocuments (file:///D:/Juegos/Foundry_daggerheart_git/Foundry-daggerheart/Portable-FoundryVTT-v13.348/App/resources/app/dist/database/backend/server-document.mjs:1:2782)","timestamp":"2026-03-12 19:01:18"}
{"level":"error","message":"An error occurred during the migration of Item record [gf64Psrl9cS179RK] of database \"daggerheart-advmanager.all-features\":\nError: Documents from a core version newer than the running version cannot be migrated\n    at Function._migrateRecord (file:///D:/Juegos/Foundry_daggerheart_git/Foundry-daggerheart/Portable-FoundryVTT-v13.348/App/resources/app/dist/database/backend/server-document.mjs:1:3713)\n    at Function._migrateDocuments (file:///D:/Juegos/Foundry_daggerheart_git/Foundry-daggerheart/Portable-FoundryVTT-v13.348/App/resources/app/dist/database/backend/server-document.mjs:1:2782)","timestamp":"2026-03-12 19:01:18"}
{"level":"error","message":"An error occurred during the migration of Item record [gh0aJzFel78iNbfE] of database \"daggerheart-advmanager.all-features\":\nError: Documents from a core version newer than the running version cannot be migrated\n    at Function._migrateRecord (file:///D:/Juegos/Foundry_daggerheart_git/Foundry-daggerheart/Portable-FoundryVTT-v13.348/App/resources/app/dist/database/backend/server-document.mjs:1:3713)\n    at Function._migrateDocuments (file:///D:/Juegos/Foundry_daggerheart_git/Foundry-daggerheart/Portable-FoundryVTT-v13.348/App/resources/app/dist/database/backend/server-document.mjs:1:2782)","timestamp":"2026-03-12 19:01:18"}
{"level":"error","message":"An error occurred during the migration of Item record [gusaTpDO9pShSJwz] of database \"daggerheart-advmanager.all-features\":\nError: Documents from a core version newer than the running version cannot be migrated\n    at Function._migrateRecord (file:///D:/Juegos/Foundry_daggerheart_git/Foundry-daggerheart/Portable-FoundryVTT-v13.348/App/resources/app/dist/database/backend/server-document.mjs:1:3713)\n    at Function._migrateDocuments (file:///D:/Juegos/Foundry_daggerheart_git/Foundry-daggerheart/Portable-FoundryVTT-v13.348/App/resources/app/dist/database/backend/server-document.mjs:1:2782)","timestamp":"2026-03-12 19:01:18"}
{"level":"error","message":"An error occurred during the migration of Item record [hKG2QYlmJDFZa69z] of database \"daggerheart-advmanager.all-features\":\nError: Documents from a core version newer than the running version cannot be migrated\n    at Function._migrateRecord (file:///D:/Juegos/Foundry_daggerheart_git/Foundry-daggerheart/Portable-FoundryVTT-v13.348/App/resources/app/dist/database/backend/server-document.mjs:1:3713)\n    at Function._migrateDocuments (file:///D:/Juegos/Foundry_daggerheart_git/Foundry-daggerheart/Portable-FoundryVTT-v13.348/App/resources/app/dist/database/backend/server-document.mjs:1:2782)","timestamp":"2026-03-12 19:01:18"}
{"level":"error","message":"An error occurred during the migration of Item record [hM1MOrmmTrKfhK7l] of database \"daggerheart-advmanager.all-features\":\nError: Documents from a core version newer than the running version cannot be migrated\n    at Function._migrateRecord (file:///D:/Juegos/Foundry_daggerheart_git/Foundry-daggerheart/Portable-FoundryVTT-v13.348/App/resources/app/dist/database/backend/server-document.mjs:1:3713)\n    at Function._migrateDocuments (file:///D:/Juegos/Foundry_daggerheart_git/Foundry-daggerheart/Portable-FoundryVTT-v13.348/App/resources/app/dist/database/backend/server-document.mjs:1:2782)","timestamp":"2026-03-12 19:01:18"}
{"level":"error","message":"An error occurred during the migration of Item record [hMpkz28I0HPhcHUU] of database \"daggerheart-advmanager.all-features\":\nError: Documents from a core version newer than the running version cannot be migrated\n    at Function._migrateRecord (file:///D:/Juegos/Foundry_daggerheart_git/Foundry-daggerheart/Portable-FoundryVTT-v13.348/App/resources/app/dist/database/backend/server-document.mjs:1:3713)\n    at Function._migrateDocuments (file:///D:/Juegos/Foundry_daggerheart_git/Foundry-daggerheart/Portable-FoundryVTT-v13.348/App/resources/app/dist/database/backend/server-document.mjs:1:2782)","timestamp":"2026-03-12 19:01:18"}
{"level":"error","message":"An error occurred during the migration of Item record [hOeJ06yxkPYTj1po] of database \"daggerheart-advmanager.all-features\":\nError: Documents from a core version newer than the running version cannot be migrated\n    at Function._migrateRecord (file:///D:/Juegos/Foundry_daggerheart_git/Foundry-daggerheart/Portable-FoundryVTT-v13.348/App/resources/app/dist/database/backend/server-document.mjs:1:3713)\n    at Function._migrateDocuments (file:///D:/Juegos/Foundry_daggerheart_git/Foundry-daggerheart/Portable-FoundryVTT-v13.348/App/resources/app/dist/database/backend/server-document.mjs:1:2782)","timestamp":"2026-03-12 19:01:18"}
{"level":"error","message":"An error occurred during the migration of Item record [i8Vhph3SvNRPr49V] of database \"daggerheart-advmanager.all-features\":\nError: Documents from a core version newer than the running version cannot be migrated\n    at Function._migrateRecord (file:///D:/Juegos/Foundry_daggerheart_git/Foundry-daggerheart/Portable-FoundryVTT-v13.348/App/resources/app/dist/database/backend/server-document.mjs:1:3713)\n    at Function._migrateDocuments (file:///D:/Juegos/Foundry_daggerheart_git/Foundry-daggerheart/Portable-FoundryVTT-v13.348/App/resources/app/dist/database/backend/server-document.mjs:1:2782)","timestamp":"2026-03-12 19:01:18"}
{"level":"error","message":"An error occurred during the migration of Item record [i9b8SoCwVMCglEKm] of database \"daggerheart-advmanager.all-features\":\nError: Documents from a core version newer than the running version cannot be migrated\n    at Function._migrateRecord (file:///D:/Juegos/Foundry_daggerheart_git/Foundry-daggerheart/Portable-FoundryVTT-v13.348/App/resources/app/dist/database/backend/server-document.mjs:1:3713)\n    at Function._migrateDocuments (file:///D:/Juegos/Foundry_daggerheart_git/Foundry-daggerheart/Portable-FoundryVTT-v13.348/App/resources/app/dist/database/backend/server-document.mjs:1:2782)","timestamp":"2026-03-12 19:01:18"}
{"level":"error","message":"An error occurred during the migration of Item record [iPXQRT4h4n81Bh7I] of database \"daggerheart-advmanager.all-features\":\nError: Documents from a core version newer than the running version cannot be migrated\n    at Function._migrateRecord (file:///D:/Juegos/Foundry_daggerheart_git/Foundry-daggerheart/Portable-FoundryVTT-v13.348/App/resources/app/dist/database/backend/server-document.mjs:1:3713)\n    at Function._migrateDocuments (file:///D:/Juegos/Foundry_daggerheart_git/Foundry-daggerheart/Portable-FoundryVTT-v13.348/App/resources/app/dist/database/backend/server-document.mjs:1:2782)","timestamp":"2026-03-12 19:01:18"}
{"level":"error","message":"An error occurred during the migration of Item record [iQDK2vi2RTODNWml] of database \"daggerheart-advmanager.all-features\":\nError: Documents from a core version newer than the running version cannot be migrated\n    at Function._migrateRecord (file:///D:/Juegos/Foundry_daggerheart_git/Foundry-daggerheart/Portable-FoundryVTT-v13.348/App/resources/app/dist/database/backend/server-document.mjs:1:3713)\n    at Function._migrateDocuments (file:///D:/Juegos/Foundry_daggerheart_git/Foundry-daggerheart/Portable-FoundryVTT-v13.348/App/resources/app/dist/database/backend/server-document.mjs:1:2782)","timestamp":"2026-03-12 19:01:18"}
{"level":"error","message":"An error occurred during the migration of Item record [ikf0g1KKSYD0iQjr] of database \"daggerheart-advmanager.all-features\":\nError: Documents from a core version newer than the running version cannot be migrated\n    at Function._migrateRecord (file:///D:/Juegos/Foundry_daggerheart_git/Foundry-daggerheart/Portable-FoundryVTT-v13.348/App/resources/app/dist/database/backend/server-document.mjs:1:3713)\n    at Function._migrateDocuments (file:///D:/Juegos/Foundry_daggerheart_git/Foundry-daggerheart/Portable-FoundryVTT-v13.348/App/resources/app/dist/database/backend/server-document.mjs:1:2782)","timestamp":"2026-03-12 19:01:18"}
{"level":"error","message":"An error occurred during the migration of Item record [in90hvqxZOufLv9m] of database \"daggerheart-advmanager.all-features\":\nError: Documents from a core version newer than the running version cannot be migrated\n    at Function._migrateRecord (file:///D:/Juegos/Foundry_daggerheart_git/Foundry-daggerheart/Portable-FoundryVTT-v13.348/App/resources/app/dist/database/backend/server-document.mjs:1:3713)\n    at Function._migrateDocuments (file:///D:/Juegos/Foundry_daggerheart_git/Foundry-daggerheart/Portable-FoundryVTT-v13.348/App/resources/app/dist/database/backend/server-document.mjs:1:2782)","timestamp":"2026-03-12 19:01:18"}
{"level":"error","message":"An error occurred during the migration of Item record [iy1jrE2auArIBaKZ] of database \"daggerheart-advmanager.all-features\":\nError: Documents from a core version newer than the running version cannot be migrated\n    at Function._migrateRecord (file:///D:/Juegos/Foundry_daggerheart_git/Foundry-daggerheart/Portable-FoundryVTT-v13.348/App/resources/app/dist/database/backend/server-document.mjs:1:3713)\n    at Function._migrateDocuments (file:///D:/Juegos/Foundry_daggerheart_git/Foundry-daggerheart/Portable-FoundryVTT-v13.348/App/resources/app/dist/database/backend/server-document.mjs:1:2782)","timestamp":"2026-03-12 19:01:18"}
{"level":"error","message":"An error occurred during the migration of Item record [jNXUr672iH7fwcPt] of database \"daggerheart-advmanager.all-features\":\nError: Documents from a core version newer than the running version cannot be migrated\n    at Function._migrateRecord (file:///D:/Juegos/Foundry_daggerheart_git/Foundry-daggerheart/Portable-FoundryVTT-v13.348/App/resources/app/dist/database/backend/server-document.mjs:1:3713)\n    at Function._migrateDocuments (file:///D:/Juegos/Foundry_daggerheart_git/Foundry-daggerheart/Portable-FoundryVTT-v13.348/App/resources/app/dist/database/backend/server-document.mjs:1:2782)","timestamp":"2026-03-12 19:01:18"}
{"level":"error","message":"An error occurred during the migration of Item record [jX0cJGc4QppabzMs] of database \"daggerheart-advmanager.all-features\":\nError: Documents from a core version newer than the running version cannot be migrated\n    at Function._migrateRecord (file:///D:/Juegos/Foundry_daggerheart_git/Foundry-daggerheart/Portable-FoundryVTT-v13.348/App/resources/app/dist/database/backend/server-document.mjs:1:3713)\n    at Function._migrateDocuments (file:///D:/Juegos/Foundry_daggerheart_git/Foundry-daggerheart/Portable-FoundryVTT-v13.348/App/resources/app/dist/database/backend/server-document.mjs:1:2782)","timestamp":"2026-03-12 19:01:18"}
{"level":"error","message":"An error occurred during the migration of Item record [juEfXrLsNDjVqnRR] of database \"daggerheart-advmanager.all-features\":\nError: Documents from a core version newer than the running version cannot be migrated\n    at Function._migrateRecord (file:///D:/Juegos/Foundry_daggerheart_git/Foundry-daggerheart/Portable-FoundryVTT-v13.348/App/resources/app/dist/database/backend/server-document.mjs:1:3713)\n    at Function._migrateDocuments (file:///D:/Juegos/Foundry_daggerheart_git/Foundry-daggerheart/Portable-FoundryVTT-v13.348/App/resources/app/dist/database/backend/server-document.mjs:1:2782)","timestamp":"2026-03-12 19:01:18"}
{"level":"error","message":"An error occurred during the migration of Item record [jzaDqjn3t5M9tT2A] of database \"daggerheart-advmanager.all-features\":\nError: Documents from a core version newer than the running version cannot be migrated\n    at Function._migrateRecord (file:///D:/Juegos/Foundry_daggerheart_git/Foundry-daggerheart/Portable-FoundryVTT-v13.348/App/resources/app/dist/database/backend/server-document.mjs:1:3713)\n    at Function._migrateDocuments (file:///D:/Juegos/Foundry_daggerheart_git/Foundry-daggerheart/Portable-FoundryVTT-v13.348/App/resources/app/dist/database/backend/server-document.mjs:1:2782)","timestamp":"2026-03-12 19:01:18"}
{"level":"error","message":"An error occurred during the migration of Item record [k4HDpl5pRWyEIdSm] of database \"daggerheart-advmanager.all-features\":\nError: Documents from a core version newer than the running version cannot be migrated\n    at Function._migrateRecord (file:///D:/Juegos/Foundry_daggerheart_git/Foundry-daggerheart/Portable-FoundryVTT-v13.348/App/resources/app/dist/database/backend/server-document.mjs:1:3713)\n    at Function._migrateDocuments (file:///D:/Juegos/Foundry_daggerheart_git/Foundry-daggerheart/Portable-FoundryVTT-v13.348/App/resources/app/dist/database/backend/server-document.mjs:1:2782)","timestamp":"2026-03-12 19:01:18"}
{"level":"error","message":"An error occurred during the migration of Item record [k5fJhYvSFpsdNaiH] of database \"daggerheart-advmanager.all-features\":\nError: Documents from a core version newer than the running version cannot be migrated\n    at Function._migrateRecord (file:///D:/Juegos/Foundry_daggerheart_git/Foundry-daggerheart/Portable-FoundryVTT-v13.348/App/resources/app/dist/database/backend/server-document.mjs:1:3713)\n    at Function._migrateDocuments (file:///D:/Juegos/Foundry_daggerheart_git/Foundry-daggerheart/Portable-FoundryVTT-v13.348/App/resources/app/dist/database/backend/server-document.mjs:1:2782)","timestamp":"2026-03-12 19:01:18"}
{"level":"error","message":"An error occurred during the migration of Item record [kGwT9B2itR66oRAZ] of database \"daggerheart-advmanager.all-features\":\nError: Documents from a core version newer than the running version cannot be migrated\n    at Function._migrateRecord (file:///D:/Juegos/Foundry_daggerheart_git/Foundry-daggerheart/Portable-FoundryVTT-v13.348/App/resources/app/dist/database/backend/server-document.mjs:1:3713)\n    at Function._migrateDocuments (file:///D:/Juegos/Foundry_daggerheart_git/Foundry-daggerheart/Portable-FoundryVTT-v13.348/App/resources/app/dist/database/backend/server-document.mjs:1:2782)","timestamp":"2026-03-12 19:01:18"}
{"level":"error","message":"An error occurred during the migration of Item record [kcUnr8Zp8McKBZQw] of database \"daggerheart-advmanager.all-features\":\nError: Documents from a core version newer than the running version cannot be migrated\n    at Function._migrateRecord (file:///D:/Juegos/Foundry_daggerheart_git/Foundry-daggerheart/Portable-FoundryVTT-v13.348/App/resources/app/dist/database/backend/server-document.mjs:1:3713)\n    at Function._migrateDocuments (file:///D:/Juegos/Foundry_daggerheart_git/Foundry-daggerheart/Portable-FoundryVTT-v13.348/App/resources/app/dist/database/backend/server-document.mjs:1:2782)","timestamp":"2026-03-12 19:01:18"}
{"level":"error","message":"An error occurred during the migration of Item record [koWGsFdFQlEYUqsl] of database \"daggerheart-advmanager.all-features\":\nError: Documents from a core version newer than the running version cannot be migrated\n    at Function._migrateRecord (file:///D:/Juegos/Foundry_daggerheart_git/Foundry-daggerheart/Portable-FoundryVTT-v13.348/App/resources/app/dist/database/backend/server-document.mjs:1:3713)\n    at Function._migrateDocuments (file:///D:/Juegos/Foundry_daggerheart_git/Foundry-daggerheart/Portable-FoundryVTT-v13.348/App/resources/app/dist/database/backend/server-document.mjs:1:2782)","timestamp":"2026-03-12 19:01:18"}
{"level":"error","message":"An error occurred during the migration of Item record [ksCYHDqnECVQZTTM] of database \"daggerheart-advmanager.all-features\":\nError: Documents from a core version newer than the running version cannot be migrated\n    at Function._migrateRecord (file:///D:/Juegos/Foundry_daggerheart_git/Foundry-daggerheart/Portable-FoundryVTT-v13.348/App/resources/app/dist/database/backend/server-document.mjs:1:3713)\n    at Function._migrateDocuments (file:///D:/Juegos/Foundry_daggerheart_git/Foundry-daggerheart/Portable-FoundryVTT-v13.348/App/resources/app/dist/database/backend/server-document.mjs:1:2782)","timestamp":"2026-03-12 19:01:18"}
{"level":"error","message":"An error occurred during the migration of Item record [lRutOJkihFT1xml0] of database \"daggerheart-advmanager.all-features\":\nError: Documents from a core version newer than the running version cannot be migrated\n    at Function._migrateRecord (file:///D:/Juegos/Foundry_daggerheart_git/Foundry-daggerheart/Portable-FoundryVTT-v13.348/App/resources/app/dist/database/backend/server-document.mjs:1:3713)\n    at Function._migrateDocuments (file:///D:/Juegos/Foundry_daggerheart_git/Foundry-daggerheart/Portable-FoundryVTT-v13.348/App/resources/app/dist/database/backend/server-document.mjs:1:2782)","timestamp":"2026-03-12 19:01:18"}
{"level":"error","message":"An error occurred during the migration of Item record [lXq4zWI25A3TPtkx] of database \"daggerheart-advmanager.all-features\":\nError: Documents from a core version newer than the running version cannot be migrated\n    at Function._migrateRecord (file:///D:/Juegos/Foundry_daggerheart_git/Foundry-daggerheart/Portable-FoundryVTT-v13.348/App/resources/app/dist/database/backend/server-document.mjs:1:3713)\n    at Function._migrateDocuments (file:///D:/Juegos/Foundry_daggerheart_git/Foundry-daggerheart/Portable-FoundryVTT-v13.348/App/resources/app/dist/database/backend/server-document.mjs:1:2782)","timestamp":"2026-03-12 19:01:18"}
{"level":"error","message":"An error occurred during the migration of Item record [ltkwRe2xyfh0Uetm] of database \"daggerheart-advmanager.all-features\":\nError: Documents from a core version newer than the running version cannot be migrated\n    at Function._migrateRecord (file:///D:/Juegos/Foundry_daggerheart_git/Foundry-daggerheart/Portable-FoundryVTT-v13.348/App/resources/app/dist/database/backend/server-document.mjs:1:3713)\n    at Function._migrateDocuments (file:///D:/Juegos/Foundry_daggerheart_git/Foundry-daggerheart/Portable-FoundryVTT-v13.348/App/resources/app/dist/database/backend/server-document.mjs:1:2782)","timestamp":"2026-03-12 19:01:18"}
{"level":"error","message":"An error occurred during the migration of Item record [lxRpOwwYQ6QGjqar] of database \"daggerheart-advmanager.all-features\":\nError: Documents from a core version newer than the running version cannot be migrated\n    at Function._migrateRecord (file:///D:/Juegos/Foundry_daggerheart_git/Foundry-daggerheart/Portable-FoundryVTT-v13.348/App/resources/app/dist/database/backend/server-document.mjs:1:3713)\n    at Function._migrateDocuments (file:///D:/Juegos/Foundry_daggerheart_git/Foundry-daggerheart/Portable-FoundryVTT-v13.348/App/resources/app/dist/database/backend/server-document.mjs:1:2782)","timestamp":"2026-03-12 19:01:18"}
{"level":"error","message":"An error occurred during the migration of Item record [m00QvcC8dJ9mbXEb] of database \"daggerheart-advmanager.all-features\":\nError: Documents from a core version newer than the running version cannot be migrated\n    at Function._migrateRecord (file:///D:/Juegos/Foundry_daggerheart_git/Foundry-daggerheart/Portable-FoundryVTT-v13.348/App/resources/app/dist/database/backend/server-document.mjs:1:3713)\n    at Function._migrateDocuments (file:///D:/Juegos/Foundry_daggerheart_git/Foundry-daggerheart/Portable-FoundryVTT-v13.348/App/resources/app/dist/database/backend/server-document.mjs:1:2782)","timestamp":"2026-03-12 19:01:18"}
{"level":"error","message":"An error occurred during the migration of Item record [m99KoyMaC64s6EYd] of database \"daggerheart-advmanager.all-features\":\nError: Documents from a core version newer than the running version cannot be migrated\n    at Function._migrateRecord (file:///D:/Juegos/Foundry_daggerheart_git/Foundry-daggerheart/Portable-FoundryVTT-v13.348/App/resources/app/dist/database/backend/server-document.mjs:1:3713)\n    at Function._migrateDocuments (file:///D:/Juegos/Foundry_daggerheart_git/Foundry-daggerheart/Portable-FoundryVTT-v13.348/App/resources/app/dist/database/backend/server-document.mjs:1:2782)","timestamp":"2026-03-12 19:01:18"}
{"level":"error","message":"An error occurred during the migration of Item record [mFWmKqImd40naYSA] of database \"daggerheart-advmanager.all-features\":\nError: Documents from a core version newer than the running version cannot be migrated\n    at Function._migrateRecord (file:///D:/Juegos/Foundry_daggerheart_git/Foundry-daggerheart/Portable-FoundryVTT-v13.348/App/resources/app/dist/database/backend/server-document.mjs:1:3713)\n    at Function._migrateDocuments (file:///D:/Juegos/Foundry_daggerheart_git/Foundry-daggerheart/Portable-FoundryVTT-v13.348/App/resources/app/dist/database/backend/server-document.mjs:1:2782)","timestamp":"2026-03-12 19:01:18"}
{"level":"error","message":"An error occurred during the migration of Item record [mGtJmahSaPbB2AaM] of database \"daggerheart-advmanager.all-features\":\nError: Documents from a core version newer than the running version cannot be migrated\n    at Function._migrateRecord (file:///D:/Juegos/Foundry_daggerheart_git/Foundry-daggerheart/Portable-FoundryVTT-v13.348/App/resources/app/dist/database/backend/server-document.mjs:1:3713)\n    at Function._migrateDocuments (file:///D:/Juegos/Foundry_daggerheart_git/Foundry-daggerheart/Portable-FoundryVTT-v13.348/App/resources/app/dist/database/backend/server-document.mjs:1:2782)","timestamp":"2026-03-12 19:01:18"}
{"level":"error","message":"An error occurred during the migration of Item record [mQ56zoCdDp18hvjK] of database \"daggerheart-advmanager.all-features\":\nError: Documents from a core version newer than the running version cannot be migrated\n    at Function._migrateRecord (file:///D:/Juegos/Foundry_daggerheart_git/Foundry-daggerheart/Portable-FoundryVTT-v13.348/App/resources/app/dist/database/backend/server-document.mjs:1:3713)\n    at Function._migrateDocuments (file:///D:/Juegos/Foundry_daggerheart_git/Foundry-daggerheart/Portable-FoundryVTT-v13.348/App/resources/app/dist/database/backend/server-document.mjs:1:2782)","timestamp":"2026-03-12 19:01:18"}
{"level":"error","message":"An error occurred during the migration of Item record [mWtAzAOapXCKBJxO] of database \"daggerheart-advmanager.all-features\":\nError: Documents from a core version newer than the running version cannot be migrated\n    at Function._migrateRecord (file:///D:/Juegos/Foundry_daggerheart_git/Foundry-daggerheart/Portable-FoundryVTT-v13.348/App/resources/app/dist/database/backend/server-document.mjs:1:3713)\n    at Function._migrateDocuments (file:///D:/Juegos/Foundry_daggerheart_git/Foundry-daggerheart/Portable-FoundryVTT-v13.348/App/resources/app/dist/database/backend/server-document.mjs:1:2782)","timestamp":"2026-03-12 19:01:18"}
{"level":"error","message":"An error occurred during the migration of Item record [mkDnjMKqCa7drwbR] of database \"daggerheart-advmanager.all-features\":\nError: Documents from a core version newer than the running version cannot be migrated\n    at Function._migrateRecord (file:///D:/Juegos/Foundry_daggerheart_git/Foundry-daggerheart/Portable-FoundryVTT-v13.348/App/resources/app/dist/database/backend/server-document.mjs:1:3713)\n    at Function._migrateDocuments (file:///D:/Juegos/Foundry_daggerheart_git/Foundry-daggerheart/Portable-FoundryVTT-v13.348/App/resources/app/dist/database/backend/server-document.mjs:1:2782)","timestamp":"2026-03-12 19:01:18"}
{"level":"error","message":"An error occurred during the migration of Item record [n1629bKajFbG2PLN] of database \"daggerheart-advmanager.all-features\":\nError: Documents from a core version newer than the running version cannot be migrated\n    at Function._migrateRecord (file:///D:/Juegos/Foundry_daggerheart_git/Foundry-daggerheart/Portable-FoundryVTT-v13.348/App/resources/app/dist/database/backend/server-document.mjs:1:3713)\n    at Function._migrateDocuments (file:///D:/Juegos/Foundry_daggerheart_git/Foundry-daggerheart/Portable-FoundryVTT-v13.348/App/resources/app/dist/database/backend/server-document.mjs:1:2782)","timestamp":"2026-03-12 19:01:18"}
{"level":"error","message":"An error occurred during the migration of Item record [nBcK7CFtAsfG7aGs] of database \"daggerheart-advmanager.all-features\":\nError: Documents from a core version newer than the running version cannot be migrated\n    at Function._migrateRecord (file:///D:/Juegos/Foundry_daggerheart_git/Foundry-daggerheart/Portable-FoundryVTT-v13.348/App/resources/app/dist/database/backend/server-document.mjs:1:3713)\n    at Function._migrateDocuments (file:///D:/Juegos/Foundry_daggerheart_git/Foundry-daggerheart/Portable-FoundryVTT-v13.348/App/resources/app/dist/database/backend/server-document.mjs:1:2782)","timestamp":"2026-03-12 19:01:18"}
{"level":"error","message":"An error occurred during the migration of Item record [nMCW6PEoX2eRM4Kv] of database \"daggerheart-advmanager.all-features\":\nError: Documents from a core version newer than the running version cannot be migrated\n    at Function._migrateRecord (file:///D:/Juegos/Foundry_daggerheart_git/Foundry-daggerheart/Portable-FoundryVTT-v13.348/App/resources/app/dist/database/backend/server-document.mjs:1:3713)\n    at Function._migrateDocuments (file:///D:/Juegos/Foundry_daggerheart_git/Foundry-daggerheart/Portable-FoundryVTT-v13.348/App/resources/app/dist/database/backend/server-document.mjs:1:2782)","timestamp":"2026-03-12 19:01:18"}
{"level":"error","message":"An error occurred during the migration of Item record [nNrOVOMMdUF9foTV] of database \"daggerheart-advmanager.all-features\":\nError: Documents from a core version newer than the running version cannot be migrated\n    at Function._migrateRecord (file:///D:/Juegos/Foundry_daggerheart_git/Foundry-daggerheart/Portable-FoundryVTT-v13.348/App/resources/app/dist/database/backend/server-document.mjs:1:3713)\n    at Function._migrateDocuments (file:///D:/Juegos/Foundry_daggerheart_git/Foundry-daggerheart/Portable-FoundryVTT-v13.348/App/resources/app/dist/database/backend/server-document.mjs:1:2782)","timestamp":"2026-03-12 19:01:18"}
{"level":"error","message":"An error occurred during the migration of Item record [npuozcrnG4NlMW7o] of database \"daggerheart-advmanager.all-features\":\nError: Documents from a core version newer than the running version cannot be migrated\n    at Function._migrateRecord (file:///D:/Juegos/Foundry_daggerheart_git/Foundry-daggerheart/Portable-FoundryVTT-v13.348/App/resources/app/dist/database/backend/server-document.mjs:1:3713)\n    at Function._migrateDocuments (file:///D:/Juegos/Foundry_daggerheart_git/Foundry-daggerheart/Portable-FoundryVTT-v13.348/App/resources/app/dist/database/backend/server-document.mjs:1:2782)","timestamp":"2026-03-12 19:01:18"}
{"level":"error","message":"An error occurred during the migration of Item record [oEoaKpYB08MeCjgy] of database \"daggerheart-advmanager.all-features\":\nError: Documents from a core version newer than the running version cannot be migrated\n    at Function._migrateRecord (file:///D:/Juegos/Foundry_daggerheart_git/Foundry-daggerheart/Portable-FoundryVTT-v13.348/App/resources/app/dist/database/backend/server-document.mjs:1:3713)\n    at Function._migrateDocuments (file:///D:/Juegos/Foundry_daggerheart_git/Foundry-daggerheart/Portable-FoundryVTT-v13.348/App/resources/app/dist/database/backend/server-document.mjs:1:2782)","timestamp":"2026-03-12 19:01:18"}
{"level":"error","message":"An error occurred during the migration of Item record [oFyrKOsHBZIHrKmH] of database \"daggerheart-advmanager.all-features\":\nError: Documents from a core version newer than the running version cannot be migrated\n    at Function._migrateRecord (file:///D:/Juegos/Foundry_daggerheart_git/Foundry-daggerheart/Portable-FoundryVTT-v13.348/App/resources/app/dist/database/backend/server-document.mjs:1:3713)\n    at Function._migrateDocuments (file:///D:/Juegos/Foundry_daggerheart_git/Foundry-daggerheart/Portable-FoundryVTT-v13.348/App/resources/app/dist/database/backend/server-document.mjs:1:2782)","timestamp":"2026-03-12 19:01:18"}
{"level":"error","message":"An error occurred during the migration of Item record [obSvj2RfANOWqNOP] of database \"daggerheart-advmanager.all-features\":\nError: Documents from a core version newer than the running version cannot be migrated\n    at Function._migrateRecord (file:///D:/Juegos/Foundry_daggerheart_git/Foundry-daggerheart/Portable-FoundryVTT-v13.348/App/resources/app/dist/database/backend/server-document.mjs:1:3713)\n    at Function._migrateDocuments (file:///D:/Juegos/Foundry_daggerheart_git/Foundry-daggerheart/Portable-FoundryVTT-v13.348/App/resources/app/dist/database/backend/server-document.mjs:1:2782)","timestamp":"2026-03-12 19:01:18"}
{"level":"error","message":"An error occurred during the migration of Item record [oczRaehpbBNQpseZ] of database \"daggerheart-advmanager.all-features\":\nError: Documents from a core version newer than the running version cannot be migrated\n    at Function._migrateRecord (file:///D:/Juegos/Foundry_daggerheart_git/Foundry-daggerheart/Portable-FoundryVTT-v13.348/App/resources/app/dist/database/backend/server-document.mjs:1:3713)\n    at Function._migrateDocuments (file:///D:/Juegos/Foundry_daggerheart_git/Foundry-daggerheart/Portable-FoundryVTT-v13.348/App/resources/app/dist/database/backend/server-document.mjs:1:2782)","timestamp":"2026-03-12 19:01:18"}
{"level":"error","message":"An error occurred during the migration of Item record [ogkUbK3yAUbewwL8] of database \"daggerheart-advmanager.all-features\":\nError: Documents from a core version newer than the running version cannot be migrated\n    at Function._migrateRecord (file:///D:/Juegos/Foundry_daggerheart_git/Foundry-daggerheart/Portable-FoundryVTT-v13.348/App/resources/app/dist/database/backend/server-document.mjs:1:3713)\n    at Function._migrateDocuments (file:///D:/Juegos/Foundry_daggerheart_git/Foundry-daggerheart/Portable-FoundryVTT-v13.348/App/resources/app/dist/database/backend/server-document.mjs:1:2782)","timestamp":"2026-03-12 19:01:18"}
{"level":"error","message":"An error occurred during the migration of Item record [omJF3PILTUiJMQ97] of database \"daggerheart-advmanager.all-features\":\nError: Documents from a core version newer than the running version cannot be migrated\n    at Function._migrateRecord (file:///D:/Juegos/Foundry_daggerheart_git/Foundry-daggerheart/Portable-FoundryVTT-v13.348/App/resources/app/dist/database/backend/server-document.mjs:1:3713)\n    at Function._migrateDocuments (file:///D:/Juegos/Foundry_daggerheart_git/Foundry-daggerheart/Portable-FoundryVTT-v13.348/App/resources/app/dist/database/backend/server-document.mjs:1:2782)","timestamp":"2026-03-12 19:01:18"}
{"level":"error","message":"An error occurred during the migration of Item record [ooH4o8wc6ZjLBdTw] of database \"daggerheart-advmanager.all-features\":\nError: Documents from a core version newer than the running version cannot be migrated\n    at Function._migrateRecord (file:///D:/Juegos/Foundry_daggerheart_git/Foundry-daggerheart/Portable-FoundryVTT-v13.348/App/resources/app/dist/database/backend/server-document.mjs:1:3713)\n    at Function._migrateDocuments (file:///D:/Juegos/Foundry_daggerheart_git/Foundry-daggerheart/Portable-FoundryVTT-v13.348/App/resources/app/dist/database/backend/server-document.mjs:1:2782)","timestamp":"2026-03-12 19:01:18"}
{"level":"error","message":"An error occurred during the migration of Item record [orshs0iQifPNQ38e] of database \"daggerheart-advmanager.all-features\":\nError: Documents from a core version newer than the running version cannot be migrated\n    at Function._migrateRecord (file:///D:/Juegos/Foundry_daggerheart_git/Foundry-daggerheart/Portable-FoundryVTT-v13.348/App/resources/app/dist/database/backend/server-document.mjs:1:3713)\n    at Function._migrateDocuments (file:///D:/Juegos/Foundry_daggerheart_git/Foundry-daggerheart/Portable-FoundryVTT-v13.348/App/resources/app/dist/database/backend/server-document.mjs:1:2782)","timestamp":"2026-03-12 19:01:18"}
{"level":"error","message":"An error occurred during the migration of Item record [ox22QEHaz3LTDVen] of database \"daggerheart-advmanager.all-features\":\nError: Documents from a core version newer than the running version cannot be migrated\n    at Function._migrateRecord (file:///D:/Juegos/Foundry_daggerheart_git/Foundry-daggerheart/Portable-FoundryVTT-v13.348/App/resources/app/dist/database/backend/server-document.mjs:1:3713)\n    at Function._migrateDocuments (file:///D:/Juegos/Foundry_daggerheart_git/Foundry-daggerheart/Portable-FoundryVTT-v13.348/App/resources/app/dist/database/backend/server-document.mjs:1:2782)","timestamp":"2026-03-12 19:01:18"}
{"level":"error","message":"An error occurred during the migration of Item record [oy50VR6kJ4DhM6GR] of database \"daggerheart-advmanager.all-features\":\nError: Documents from a core version newer than the running version cannot be migrated\n    at Function._migrateRecord (file:///D:/Juegos/Foundry_daggerheart_git/Foundry-daggerheart/Portable-FoundryVTT-v13.348/App/resources/app/dist/database/backend/server-document.mjs:1:3713)\n    at Function._migrateDocuments (file:///D:/Juegos/Foundry_daggerheart_git/Foundry-daggerheart/Portable-FoundryVTT-v13.348/App/resources/app/dist/database/backend/server-document.mjs:1:2782)","timestamp":"2026-03-12 19:01:18"}
{"level":"error","message":"An error occurred during the migration of Item record [pJb745b2dGAREyay] of database \"daggerheart-advmanager.all-features\":\nError: Documents from a core version newer than the running version cannot be migrated\n    at Function._migrateRecord (file:///D:/Juegos/Foundry_daggerheart_git/Foundry-daggerheart/Portable-FoundryVTT-v13.348/App/resources/app/dist/database/backend/server-document.mjs:1:3713)\n    at Function._migrateDocuments (file:///D:/Juegos/Foundry_daggerheart_git/Foundry-daggerheart/Portable-FoundryVTT-v13.348/App/resources/app/dist/database/backend/server-document.mjs:1:2782)","timestamp":"2026-03-12 19:01:18"}
{"level":"error","message":"An error occurred during the migration of Item record [pWAq3oWsoGw9jAhl] of database \"daggerheart-advmanager.all-features\":\nError: Documents from a core version newer than the running version cannot be migrated\n    at Function._migrateRecord (file:///D:/Juegos/Foundry_daggerheart_git/Foundry-daggerheart/Portable-FoundryVTT-v13.348/App/resources/app/dist/database/backend/server-document.mjs:1:3713)\n    at Function._migrateDocuments (file:///D:/Juegos/Foundry_daggerheart_git/Foundry-daggerheart/Portable-FoundryVTT-v13.348/App/resources/app/dist/database/backend/server-document.mjs:1:2782)","timestamp":"2026-03-12 19:01:18"}
{"level":"error","message":"An error occurred during the migration of Item record [pYxaB35lzPerOWUG] of database \"daggerheart-advmanager.all-features\":\nError: Documents from a core version newer than the running version cannot be migrated\n    at Function._migrateRecord (file:///D:/Juegos/Foundry_daggerheart_git/Foundry-daggerheart/Portable-FoundryVTT-v13.348/App/resources/app/dist/database/backend/server-document.mjs:1:3713)\n    at Function._migrateDocuments (file:///D:/Juegos/Foundry_daggerheart_git/Foundry-daggerheart/Portable-FoundryVTT-v13.348/App/resources/app/dist/database/backend/server-document.mjs:1:2782)","timestamp":"2026-03-12 19:01:18"}
{"level":"error","message":"An error occurred during the migration of Item record [pfVEe8gaHNRGDgo2] of database \"daggerheart-advmanager.all-features\":\nError: Documents from a core version newer than the running version cannot be migrated\n    at Function._migrateRecord (file:///D:/Juegos/Foundry_daggerheart_git/Foundry-daggerheart/Portable-FoundryVTT-v13.348/App/resources/app/dist/database/backend/server-document.mjs:1:3713)\n    at Function._migrateDocuments (file:///D:/Juegos/Foundry_daggerheart_git/Foundry-daggerheart/Portable-FoundryVTT-v13.348/App/resources/app/dist/database/backend/server-document.mjs:1:2782)","timestamp":"2026-03-12 19:01:18"}
{"level":"error","message":"An error occurred during the migration of Item record [pq9kNZbPuzQ8dAde] of database \"daggerheart-advmanager.all-features\":\nError: Documents from a core version newer than the running version cannot be migrated\n    at Function._migrateRecord (file:///D:/Juegos/Foundry_daggerheart_git/Foundry-daggerheart/Portable-FoundryVTT-v13.348/App/resources/app/dist/database/backend/server-document.mjs:1:3713)\n    at Function._migrateDocuments (file:///D:/Juegos/Foundry_daggerheart_git/Foundry-daggerheart/Portable-FoundryVTT-v13.348/App/resources/app/dist/database/backend/server-document.mjs:1:2782)","timestamp":"2026-03-12 19:01:18"}
{"level":"error","message":"An error occurred during the migration of Item record [qBhXHO4oSh7zAcSF] of database \"daggerheart-advmanager.all-features\":\nError: Documents from a core version newer than the running version cannot be migrated\n    at Function._migrateRecord (file:///D:/Juegos/Foundry_daggerheart_git/Foundry-daggerheart/Portable-FoundryVTT-v13.348/App/resources/app/dist/database/backend/server-document.mjs:1:3713)\n    at Function._migrateDocuments (file:///D:/Juegos/Foundry_daggerheart_git/Foundry-daggerheart/Portable-FoundryVTT-v13.348/App/resources/app/dist/database/backend/server-document.mjs:1:2782)","timestamp":"2026-03-12 19:01:18"}
{"level":"error","message":"An error occurred during the migration of Item record [qDfnNyQNC3JLic7I] of database \"daggerheart-advmanager.all-features\":\nError: Documents from a core version newer than the running version cannot be migrated\n    at Function._migrateRecord (file:///D:/Juegos/Foundry_daggerheart_git/Foundry-daggerheart/Portable-FoundryVTT-v13.348/App/resources/app/dist/database/backend/server-document.mjs:1:3713)\n    at Function._migrateDocuments (file:///D:/Juegos/Foundry_daggerheart_git/Foundry-daggerheart/Portable-FoundryVTT-v13.348/App/resources/app/dist/database/backend/server-document.mjs:1:2782)","timestamp":"2026-03-12 19:01:18"}
{"level":"error","message":"An error occurred during the migration of Item record [qSXw25tq4Qc42eqN] of database \"daggerheart-advmanager.all-features\":\nError: Documents from a core version newer than the running version cannot be migrated\n    at Function._migrateRecord (file:///D:/Juegos/Foundry_daggerheart_git/Foundry-daggerheart/Portable-FoundryVTT-v13.348/App/resources/app/dist/database/backend/server-document.mjs:1:3713)\n    at Function._migrateDocuments (file:///D:/Juegos/Foundry_daggerheart_git/Foundry-daggerheart/Portable-FoundryVTT-v13.348/App/resources/app/dist/database/backend/server-document.mjs:1:2782)","timestamp":"2026-03-12 19:01:18"}
{"level":"error","message":"An error occurred during the migration of Item record [qXZ4s6YSPga5mGkg] of database \"daggerheart-advmanager.all-features\":\nError: Documents from a core version newer than the running version cannot be migrated\n    at Function._migrateRecord (file:///D:/Juegos/Foundry_daggerheart_git/Foundry-daggerheart/Portable-FoundryVTT-v13.348/App/resources/app/dist/database/backend/server-document.mjs:1:3713)\n    at Function._migrateDocuments (file:///D:/Juegos/Foundry_daggerheart_git/Foundry-daggerheart/Portable-FoundryVTT-v13.348/App/resources/app/dist/database/backend/server-document.mjs:1:2782)","timestamp":"2026-03-12 19:01:18"}
{"level":"error","message":"An error occurred during the migration of Item record [qa1Pc2iiVk39HlFM] of database \"daggerheart-advmanager.all-features\":\nError: Documents from a core version newer than the running version cannot be migrated\n    at Function._migrateRecord (file:///D:/Juegos/Foundry_daggerheart_git/Foundry-daggerheart/Portable-FoundryVTT-v13.348/App/resources/app/dist/database/backend/server-document.mjs:1:3713)\n    at Function._migrateDocuments (file:///D:/Juegos/Foundry_daggerheart_git/Foundry-daggerheart/Portable-FoundryVTT-v13.348/App/resources/app/dist/database/backend/server-document.mjs:1:2782)","timestamp":"2026-03-12 19:01:18"}
{"level":"error","message":"An error occurred during the migration of Item record [qkWReWxkXhU9FY8t] of database \"daggerheart-advmanager.all-features\":\nError: Documents from a core version newer than the running version cannot be migrated\n    at Function._migrateRecord (file:///D:/Juegos/Foundry_daggerheart_git/Foundry-daggerheart/Portable-FoundryVTT-v13.348/App/resources/app/dist/database/backend/server-document.mjs:1:3713)\n    at Function._migrateDocuments (file:///D:/Juegos/Foundry_daggerheart_git/Foundry-daggerheart/Portable-FoundryVTT-v13.348/App/resources/app/dist/database/backend/server-document.mjs:1:2782)","timestamp":"2026-03-12 19:01:18"}
{"level":"error","message":"An error occurred during the migration of Item record [qmP0skYccLJRV087] of database \"daggerheart-advmanager.all-features\":\nError: Documents from a core version newer than the running version cannot be migrated\n    at Function._migrateRecord (file:///D:/Juegos/Foundry_daggerheart_git/Foundry-daggerheart/Portable-FoundryVTT-v13.348/App/resources/app/dist/database/backend/server-document.mjs:1:3713)\n    at Function._migrateDocuments (file:///D:/Juegos/Foundry_daggerheart_git/Foundry-daggerheart/Portable-FoundryVTT-v13.348/App/resources/app/dist/database/backend/server-document.mjs:1:2782)","timestamp":"2026-03-12 19:01:18"}
{"level":"error","message":"An error occurred during the migration of Item record [qpnlpw5ZRKrNV9kT] of database \"daggerheart-advmanager.all-features\":\nError: Documents from a core version newer than the running version cannot be migrated\n    at Function._migrateRecord (file:///D:/Juegos/Foundry_daggerheart_git/Foundry-daggerheart/Portable-FoundryVTT-v13.348/App/resources/app/dist/database/backend/server-document.mjs:1:3713)\n    at Function._migrateDocuments (file:///D:/Juegos/Foundry_daggerheart_git/Foundry-daggerheart/Portable-FoundryVTT-v13.348/App/resources/app/dist/database/backend/server-document.mjs:1:2782)","timestamp":"2026-03-12 19:01:18"}
{"level":"error","message":"An error occurred during the migration of Item record [r2uq7B0xfHfJSXyY] of database \"daggerheart-advmanager.all-features\":\nError: Documents from a core version newer than the running version cannot be migrated\n    at Function._migrateRecord (file:///D:/Juegos/Foundry_daggerheart_git/Foundry-daggerheart/Portable-FoundryVTT-v13.348/App/resources/app/dist/database/backend/server-document.mjs:1:3713)\n    at Function._migrateDocuments (file:///D:/Juegos/Foundry_daggerheart_git/Foundry-daggerheart/Portable-FoundryVTT-v13.348/App/resources/app/dist/database/backend/server-document.mjs:1:2782)","timestamp":"2026-03-12 19:01:18"}
{"level":"error","message":"An error occurred during the migration of Item record [r5JmGgZrDffj6BUH] of database \"daggerheart-advmanager.all-features\":\nError: Documents from a core version newer than the running version cannot be migrated\n    at Function._migrateRecord (file:///D:/Juegos/Foundry_daggerheart_git/Foundry-daggerheart/Portable-FoundryVTT-v13.348/App/resources/app/dist/database/backend/server-document.mjs:1:3713)\n    at Function._migrateDocuments (file:///D:/Juegos/Foundry_daggerheart_git/Foundry-daggerheart/Portable-FoundryVTT-v13.348/App/resources/app/dist/database/backend/server-document.mjs:1:2782)","timestamp":"2026-03-12 19:01:18"}
{"level":"error","message":"An error occurred during the migration of Item record [rEIm62NBoNsFiMdt] of database \"daggerheart-advmanager.all-features\":\nError: Documents from a core version newer than the running version cannot be migrated\n    at Function._migrateRecord (file:///D:/Juegos/Foundry_daggerheart_git/Foundry-daggerheart/Portable-FoundryVTT-v13.348/App/resources/app/dist/database/backend/server-document.mjs:1:3713)\n    at Function._migrateDocuments (file:///D:/Juegos/Foundry_daggerheart_git/Foundry-daggerheart/Portable-FoundryVTT-v13.348/App/resources/app/dist/database/backend/server-document.mjs:1:2782)","timestamp":"2026-03-12 19:01:18"}
{"level":"error","message":"An error occurred during the migration of Item record [rGDPUCFwRcRDFaAg] of database \"daggerheart-advmanager.all-features\":\nError: Documents from a core version newer than the running version cannot be migrated\n    at Function._migrateRecord (file:///D:/Juegos/Foundry_daggerheart_git/Foundry-daggerheart/Portable-FoundryVTT-v13.348/App/resources/app/dist/database/backend/server-document.mjs:1:3713)\n    at Function._migrateDocuments (file:///D:/Juegos/Foundry_daggerheart_git/Foundry-daggerheart/Portable-FoundryVTT-v13.348/App/resources/app/dist/database/backend/server-document.mjs:1:2782)","timestamp":"2026-03-12 19:01:18"}
{"level":"error","message":"An error occurred during the migration of Item record [rd8liCMd2gd6GR2d] of database \"daggerheart-advmanager.all-features\":\nError: Documents from a core version newer than the running version cannot be migrated\n    at Function._migrateRecord (file:///D:/Juegos/Foundry_daggerheart_git/Foundry-daggerheart/Portable-FoundryVTT-v13.348/App/resources/app/dist/database/backend/server-document.mjs:1:3713)\n    at Function._migrateDocuments (file:///D:/Juegos/Foundry_daggerheart_git/Foundry-daggerheart/Portable-FoundryVTT-v13.348/App/resources/app/dist/database/backend/server-document.mjs:1:2782)","timestamp":"2026-03-12 19:01:18"}
{"level":"error","message":"An error occurred during the migration of Item record [rsdOYm56xlVX3LRi] of database \"daggerheart-advmanager.all-features\":\nError: Documents from a core version newer than the running version cannot be migrated\n    at Function._migrateRecord (file:///D:/Juegos/Foundry_daggerheart_git/Foundry-daggerheart/Portable-FoundryVTT-v13.348/App/resources/app/dist/database/backend/server-document.mjs:1:3713)\n    at Function._migrateDocuments (file:///D:/Juegos/Foundry_daggerheart_git/Foundry-daggerheart/Portable-FoundryVTT-v13.348/App/resources/app/dist/database/backend/server-document.mjs:1:2782)","timestamp":"2026-03-12 19:01:18"}
{"level":"error","message":"An error occurred during the migration of Item record [runzB6NtYYf3FEdR] of database \"daggerheart-advmanager.all-features\":\nError: Documents from a core version newer than the running version cannot be migrated\n    at Function._migrateRecord (file:///D:/Juegos/Foundry_daggerheart_git/Foundry-daggerheart/Portable-FoundryVTT-v13.348/App/resources/app/dist/database/backend/server-document.mjs:1:3713)\n    at Function._migrateDocuments (file:///D:/Juegos/Foundry_daggerheart_git/Foundry-daggerheart/Portable-FoundryVTT-v13.348/App/resources/app/dist/database/backend/server-document.mjs:1:2782)","timestamp":"2026-03-12 19:01:18"}
{"level":"error","message":"An error occurred during the migration of Item record [s5bETPGLtfbALOHw] of database \"daggerheart-advmanager.all-features\":\nError: Documents from a core version newer than the running version cannot be migrated\n    at Function._migrateRecord (file:///D:/Juegos/Foundry_daggerheart_git/Foundry-daggerheart/Portable-FoundryVTT-v13.348/App/resources/app/dist/database/backend/server-document.mjs:1:3713)\n    at Function._migrateDocuments (file:///D:/Juegos/Foundry_daggerheart_git/Foundry-daggerheart/Portable-FoundryVTT-v13.348/App/resources/app/dist/database/backend/server-document.mjs:1:2782)","timestamp":"2026-03-12 19:01:18"}
{"level":"error","message":"An error occurred during the migration of Item record [sKgzYgJgTY4JRCf4] of database \"daggerheart-advmanager.all-features\":\nError: Documents from a core version newer than the running version cannot be migrated\n    at Function._migrateRecord (file:///D:/Juegos/Foundry_daggerheart_git/Foundry-daggerheart/Portable-FoundryVTT-v13.348/App/resources/app/dist/database/backend/server-document.mjs:1:3713)\n    at Function._migrateDocuments (file:///D:/Juegos/Foundry_daggerheart_git/Foundry-daggerheart/Portable-FoundryVTT-v13.348/App/resources/app/dist/database/backend/server-document.mjs:1:2782)","timestamp":"2026-03-12 19:01:18"}
{"level":"error","message":"An error occurred during the migration of Item record [sW4FjqSDhPYKpjUl] of database \"daggerheart-advmanager.all-features\":\nError: Documents from a core version newer than the running version cannot be migrated\n    at Function._migrateRecord (file:///D:/Juegos/Foundry_daggerheart_git/Foundry-daggerheart/Portable-FoundryVTT-v13.348/App/resources/app/dist/database/backend/server-document.mjs:1:3713)\n    at Function._migrateDocuments (file:///D:/Juegos/Foundry_daggerheart_git/Foundry-daggerheart/Portable-FoundryVTT-v13.348/App/resources/app/dist/database/backend/server-document.mjs:1:2782)","timestamp":"2026-03-12 19:01:18"}
{"level":"error","message":"An error occurred during the migration of Item record [sZi3vGbEW838cJBX] of database \"daggerheart-advmanager.all-features\":\nError: Documents from a core version newer than the running version cannot be migrated\n    at Function._migrateRecord (file:///D:/Juegos/Foundry_daggerheart_git/Foundry-daggerheart/Portable-FoundryVTT-v13.348/App/resources/app/dist/database/backend/server-document.mjs:1:3713)\n    at Function._migrateDocuments (file:///D:/Juegos/Foundry_daggerheart_git/Foundry-daggerheart/Portable-FoundryVTT-v13.348/App/resources/app/dist/database/backend/server-document.mjs:1:2782)","timestamp":"2026-03-12 19:01:18"}
{"level":"error","message":"An error occurred during the migration of Item record [sbfWojYCVLkvGzgn] of database \"daggerheart-advmanager.all-features\":\nError: Documents from a core version newer than the running version cannot be migrated\n    at Function._migrateRecord (file:///D:/Juegos/Foundry_daggerheart_git/Foundry-daggerheart/Portable-FoundryVTT-v13.348/App/resources/app/dist/database/backend/server-document.mjs:1:3713)\n    at Function._migrateDocuments (file:///D:/Juegos/Foundry_daggerheart_git/Foundry-daggerheart/Portable-FoundryVTT-v13.348/App/resources/app/dist/database/backend/server-document.mjs:1:2782)","timestamp":"2026-03-12 19:01:18"}
{"level":"error","message":"An error occurred during the migration of Item record [sqZDRKSfhVpVYn7r] of database \"daggerheart-advmanager.all-features\":\nError: Documents from a core version newer than the running version cannot be migrated\n    at Function._migrateRecord (file:///D:/Juegos/Foundry_daggerheart_git/Foundry-daggerheart/Portable-FoundryVTT-v13.348/App/resources/app/dist/database/backend/server-document.mjs:1:3713)\n    at Function._migrateDocuments (file:///D:/Juegos/Foundry_daggerheart_git/Foundry-daggerheart/Portable-FoundryVTT-v13.348/App/resources/app/dist/database/backend/server-document.mjs:1:2782)","timestamp":"2026-03-12 19:01:18"}
{"level":"error","message":"An error occurred during the migration of Item record [tKLctkCQqfJLIw3x] of database \"daggerheart-advmanager.all-features\":\nError: Documents from a core version newer than the running version cannot be migrated\n    at Function._migrateRecord (file:///D:/Juegos/Foundry_daggerheart_git/Foundry-daggerheart/Portable-FoundryVTT-v13.348/App/resources/app/dist/database/backend/server-document.mjs:1:3713)\n    at Function._migrateDocuments (file:///D:/Juegos/Foundry_daggerheart_git/Foundry-daggerheart/Portable-FoundryVTT-v13.348/App/resources/app/dist/database/backend/server-document.mjs:1:2782)","timestamp":"2026-03-12 19:01:18"}
{"level":"error","message":"An error occurred during the migration of Item record [taxLtwW7RuS3JSNm] of database \"daggerheart-advmanager.all-features\":\nError: Documents from a core version newer than the running version cannot be migrated\n    at Function._migrateRecord (file:///D:/Juegos/Foundry_daggerheart_git/Foundry-daggerheart/Portable-FoundryVTT-v13.348/App/resources/app/dist/database/backend/server-document.mjs:1:3713)\n    at Function._migrateDocuments (file:///D:/Juegos/Foundry_daggerheart_git/Foundry-daggerheart/Portable-FoundryVTT-v13.348/App/resources/app/dist/database/backend/server-document.mjs:1:2782)","timestamp":"2026-03-12 19:01:18"}
{"level":"error","message":"An error occurred during the migration of Item record [tpH2A2rYhrYOugLi] of database \"daggerheart-advmanager.all-features\":\nError: Documents from a core version newer than the running version cannot be migrated\n    at Function._migrateRecord (file:///D:/Juegos/Foundry_daggerheart_git/Foundry-daggerheart/Portable-FoundryVTT-v13.348/App/resources/app/dist/database/backend/server-document.mjs:1:3713)\n    at Function._migrateDocuments (file:///D:/Juegos/Foundry_daggerheart_git/Foundry-daggerheart/Portable-FoundryVTT-v13.348/App/resources/app/dist/database/backend/server-document.mjs:1:2782)","timestamp":"2026-03-12 19:01:18"}
{"level":"error","message":"An error occurred during the migration of Item record [uLzHdmKIxrK3WD48] of database \"daggerheart-advmanager.all-features\":\nError: Documents from a core version newer than the running version cannot be migrated\n    at Function._migrateRecord (file:///D:/Juegos/Foundry_daggerheart_git/Foundry-daggerheart/Portable-FoundryVTT-v13.348/App/resources/app/dist/database/backend/server-document.mjs:1:3713)\n    at Function._migrateDocuments (file:///D:/Juegos/Foundry_daggerheart_git/Foundry-daggerheart/Portable-FoundryVTT-v13.348/App/resources/app/dist/database/backend/server-document.mjs:1:2782)","timestamp":"2026-03-12 19:01:18"}
{"level":"error","message":"An error occurred during the migration of Item record [uYj7yzRYgNFBYsXg] of database \"daggerheart-advmanager.all-features\":\nError: Documents from a core version newer than the running version cannot be migrated\n    at Function._migrateRecord (file:///D:/Juegos/Foundry_daggerheart_git/Foundry-daggerheart/Portable-FoundryVTT-v13.348/App/resources/app/dist/database/backend/server-document.mjs:1:3713)\n    at Function._migrateDocuments (file:///D:/Juegos/Foundry_daggerheart_git/Foundry-daggerheart/Portable-FoundryVTT-v13.348/App/resources/app/dist/database/backend/server-document.mjs:1:2782)","timestamp":"2026-03-12 19:01:18"}
{"level":"error","message":"An error occurred during the migration of Item record [ufkpJTJLPGXQhlcu] of database \"daggerheart-advmanager.all-features\":\nError: Documents from a core version newer than the running version cannot be migrated\n    at Function._migrateRecord (file:///D:/Juegos/Foundry_daggerheart_git/Foundry-daggerheart/Portable-FoundryVTT-v13.348/App/resources/app/dist/database/backend/server-document.mjs:1:3713)\n    at Function._migrateDocuments (file:///D:/Juegos/Foundry_daggerheart_git/Foundry-daggerheart/Portable-FoundryVTT-v13.348/App/resources/app/dist/database/backend/server-document.mjs:1:2782)","timestamp":"2026-03-12 19:01:18"}
{"level":"error","message":"An error occurred during the migration of Item record [uo98NaOIGLvT1YdJ] of database \"daggerheart-advmanager.all-features\":\nError: Documents from a core version newer than the running version cannot be migrated\n    at Function._migrateRecord (file:///D:/Juegos/Foundry_daggerheart_git/Foundry-daggerheart/Portable-FoundryVTT-v13.348/App/resources/app/dist/database/backend/server-document.mjs:1:3713)\n    at Function._migrateDocuments (file:///D:/Juegos/Foundry_daggerheart_git/Foundry-daggerheart/Portable-FoundryVTT-v13.348/App/resources/app/dist/database/backend/server-document.mjs:1:2782)","timestamp":"2026-03-12 19:01:18"}
{"level":"error","message":"An error occurred during the migration of Item record [uwgVNAoEC1TddhD4] of database \"daggerheart-advmanager.all-features\":\nError: Documents from a core version newer than the running version cannot be migrated\n    at Function._migrateRecord (file:///D:/Juegos/Foundry_daggerheart_git/Foundry-daggerheart/Portable-FoundryVTT-v13.348/App/resources/app/dist/database/backend/server-document.mjs:1:3713)\n    at Function._migrateDocuments (file:///D:/Juegos/Foundry_daggerheart_git/Foundry-daggerheart/Portable-FoundryVTT-v13.348/App/resources/app/dist/database/backend/server-document.mjs:1:2782)","timestamp":"2026-03-12 19:01:18"}
{"level":"error","message":"An error occurred during the migration of Item record [v623As8QWrgUOkYM] of database \"daggerheart-advmanager.all-features\":\nError: Documents from a core version newer than the running version cannot be migrated\n    at Function._migrateRecord (file:///D:/Juegos/Foundry_daggerheart_git/Foundry-daggerheart/Portable-FoundryVTT-v13.348/App/resources/app/dist/database/backend/server-document.mjs:1:3713)\n    at Function._migrateDocuments (file:///D:/Juegos/Foundry_daggerheart_git/Foundry-daggerheart/Portable-FoundryVTT-v13.348/App/resources/app/dist/database/backend/server-document.mjs:1:2782)","timestamp":"2026-03-12 19:01:18"}
{"level":"error","message":"An error occurred during the migration of Item record [vS6mb7t5gt6TX1zR] of database \"daggerheart-advmanager.all-features\":\nError: Documents from a core version newer than the running version cannot be migrated\n    at Function._migrateRecord (file:///D:/Juegos/Foundry_daggerheart_git/Foundry-daggerheart/Portable-FoundryVTT-v13.348/App/resources/app/dist/database/backend/server-document.mjs:1:3713)\n    at Function._migrateDocuments (file:///D:/Juegos/Foundry_daggerheart_git/Foundry-daggerheart/Portable-FoundryVTT-v13.348/App/resources/app/dist/database/backend/server-document.mjs:1:2782)","timestamp":"2026-03-12 19:01:18"}
{"level":"error","message":"An error occurred during the migration of Item record [vSb2cgaONvY0E2Rl] of database \"daggerheart-advmanager.all-features\":\nError: Documents from a core version newer than the running version cannot be migrated\n    at Function._migrateRecord (file:///D:/Juegos/Foundry_daggerheart_git/Foundry-daggerheart/Portable-FoundryVTT-v13.348/App/resources/app/dist/database/backend/server-document.mjs:1:3713)\n    at Function._migrateDocuments (file:///D:/Juegos/Foundry_daggerheart_git/Foundry-daggerheart/Portable-FoundryVTT-v13.348/App/resources/app/dist/database/backend/server-document.mjs:1:2782)","timestamp":"2026-03-12 19:01:18"}
{"level":"error","message":"An error occurred during the migration of Item record [vTyg8KalzPCiAz0g] of database \"daggerheart-advmanager.all-features\":\nError: Documents from a core version newer than the running version cannot be migrated\n    at Function._migrateRecord (file:///D:/Juegos/Foundry_daggerheart_git/Foundry-daggerheart/Portable-FoundryVTT-v13.348/App/resources/app/dist/database/backend/server-document.mjs:1:3713)\n    at Function._migrateDocuments (file:///D:/Juegos/Foundry_daggerheart_git/Foundry-daggerheart/Portable-FoundryVTT-v13.348/App/resources/app/dist/database/backend/server-document.mjs:1:2782)","timestamp":"2026-03-12 19:01:18"}
{"level":"error","message":"An error occurred during the migration of Item record [vUZ6aCQBacfj2bUs] of database \"daggerheart-advmanager.all-features\":\nError: Documents from a core version newer than the running version cannot be migrated\n    at Function._migrateRecord (file:///D:/Juegos/Foundry_daggerheart_git/Foundry-daggerheart/Portable-FoundryVTT-v13.348/App/resources/app/dist/database/backend/server-document.mjs:1:3713)\n    at Function._migrateDocuments (file:///D:/Juegos/Foundry_daggerheart_git/Foundry-daggerheart/Portable-FoundryVTT-v13.348/App/resources/app/dist/database/backend/server-document.mjs:1:2782)","timestamp":"2026-03-12 19:01:18"}
{"level":"error","message":"An error occurred during the migration of Item record [vdiF1JMBAavl4wb8] of database \"daggerheart-advmanager.all-features\":\nError: Documents from a core version newer than the running version cannot be migrated\n    at Function._migrateRecord (file:///D:/Juegos/Foundry_daggerheart_git/Foundry-daggerheart/Portable-FoundryVTT-v13.348/App/resources/app/dist/database/backend/server-document.mjs:1:3713)\n    at Function._migrateDocuments (file:///D:/Juegos/Foundry_daggerheart_git/Foundry-daggerheart/Portable-FoundryVTT-v13.348/App/resources/app/dist/database/backend/server-document.mjs:1:2782)","timestamp":"2026-03-12 19:01:18"}
{"level":"error","message":"An error occurred during the migration of Item record [vj5zJ73MGha7jrjy] of database \"daggerheart-advmanager.all-features\":\nError: Documents from a core version newer than the running version cannot be migrated\n    at Function._migrateRecord (file:///D:/Juegos/Foundry_daggerheart_git/Foundry-daggerheart/Portable-FoundryVTT-v13.348/App/resources/app/dist/database/backend/server-document.mjs:1:3713)\n    at Function._migrateDocuments (file:///D:/Juegos/Foundry_daggerheart_git/Foundry-daggerheart/Portable-FoundryVTT-v13.348/App/resources/app/dist/database/backend/server-document.mjs:1:2782)","timestamp":"2026-03-12 19:01:18"}
{"level":"error","message":"An error occurred during the migration of Item record [vkEAi6zDKxzDhZQ5] of database \"daggerheart-advmanager.all-features\":\nError: Documents from a core version newer than the running version cannot be migrated\n    at Function._migrateRecord (file:///D:/Juegos/Foundry_daggerheart_git/Foundry-daggerheart/Portable-FoundryVTT-v13.348/App/resources/app/dist/database/backend/server-document.mjs:1:3713)\n    at Function._migrateDocuments (file:///D:/Juegos/Foundry_daggerheart_git/Foundry-daggerheart/Portable-FoundryVTT-v13.348/App/resources/app/dist/database/backend/server-document.mjs:1:2782)","timestamp":"2026-03-12 19:01:18"}
{"level":"error","message":"An error occurred during the migration of Item record [vwZVHKLuvT2sGdnP] of database \"daggerheart-advmanager.all-features\":\nError: Documents from a core version newer than the running version cannot be migrated\n    at Function._migrateRecord (file:///D:/Juegos/Foundry_daggerheart_git/Foundry-daggerheart/Portable-FoundryVTT-v13.348/App/resources/app/dist/database/backend/server-document.mjs:1:3713)\n    at Function._migrateDocuments (file:///D:/Juegos/Foundry_daggerheart_git/Foundry-daggerheart/Portable-FoundryVTT-v13.348/App/resources/app/dist/database/backend/server-document.mjs:1:2782)","timestamp":"2026-03-12 19:01:18"}
{"level":"error","message":"An error occurred during the migration of Item record [wANwbKkav24ber2R] of database \"daggerheart-advmanager.all-features\":\nError: Documents from a core version newer than the running version cannot be migrated\n    at Function._migrateRecord (file:///D:/Juegos/Foundry_daggerheart_git/Foundry-daggerheart/Portable-FoundryVTT-v13.348/App/resources/app/dist/database/backend/server-document.mjs:1:3713)\n    at Function._migrateDocuments (file:///D:/Juegos/Foundry_daggerheart_git/Foundry-daggerheart/Portable-FoundryVTT-v13.348/App/resources/app/dist/database/backend/server-document.mjs:1:2782)","timestamp":"2026-03-12 19:01:18"}
{"level":"error","message":"An error occurred during the migration of Item record [wPBNSB0YZsh1vNuo] of database \"daggerheart-advmanager.all-features\":\nError: Documents from a core version newer than the running version cannot be migrated\n    at Function._migrateRecord (file:///D:/Juegos/Foundry_daggerheart_git/Foundry-daggerheart/Portable-FoundryVTT-v13.348/App/resources/app/dist/database/backend/server-document.mjs:1:3713)\n    at Function._migrateDocuments (file:///D:/Juegos/Foundry_daggerheart_git/Foundry-daggerheart/Portable-FoundryVTT-v13.348/App/resources/app/dist/database/backend/server-document.mjs:1:2782)","timestamp":"2026-03-12 19:01:18"}
{"level":"error","message":"An error occurred during the migration of Item record [wQvpN48lbFAnijfp] of database \"daggerheart-advmanager.all-features\":\nError: Documents from a core version newer than the running version cannot be migrated\n    at Function._migrateRecord (file:///D:/Juegos/Foundry_daggerheart_git/Foundry-daggerheart/Portable-FoundryVTT-v13.348/App/resources/app/dist/database/backend/server-document.mjs:1:3713)\n    at Function._migrateDocuments (file:///D:/Juegos/Foundry_daggerheart_git/Foundry-daggerheart/Portable-FoundryVTT-v13.348/App/resources/app/dist/database/backend/server-document.mjs:1:2782)","timestamp":"2026-03-12 19:01:18"}
{"level":"error","message":"An error occurred during the migration of Item record [wgYNteKVA3vpW0y6] of database \"daggerheart-advmanager.all-features\":\nError: Documents from a core version newer than the running version cannot be migrated\n    at Function._migrateRecord (file:///D:/Juegos/Foundry_daggerheart_git/Foundry-daggerheart/Portable-FoundryVTT-v13.348/App/resources/app/dist/database/backend/server-document.mjs:1:3713)\n    at Function._migrateDocuments (file:///D:/Juegos/Foundry_daggerheart_git/Foundry-daggerheart/Portable-FoundryVTT-v13.348/App/resources/app/dist/database/backend/server-document.mjs:1:2782)","timestamp":"2026-03-12 19:01:18"}
{"level":"error","message":"An error occurred during the migration of Item record [wlbXPEkeQZP1wFFO] of database \"daggerheart-advmanager.all-features\":\nError: Documents from a core version newer than the running version cannot be migrated\n    at Function._migrateRecord (file:///D:/Juegos/Foundry_daggerheart_git/Foundry-daggerheart/Portable-FoundryVTT-v13.348/App/resources/app/dist/database/backend/server-document.mjs:1:3713)\n    at Function._migrateDocuments (file:///D:/Juegos/Foundry_daggerheart_git/Foundry-daggerheart/Portable-FoundryVTT-v13.348/App/resources/app/dist/database/backend/server-document.mjs:1:2782)","timestamp":"2026-03-12 19:01:18"}
{"level":"error","message":"An error occurred during the migration of Item record [wyMwGkmQznFqrGIr] of database \"daggerheart-advmanager.all-features\":\nError: Documents from a core version newer than the running version cannot be migrated\n    at Function._migrateRecord (file:///D:/Juegos/Foundry_daggerheart_git/Foundry-daggerheart/Portable-FoundryVTT-v13.348/App/resources/app/dist/database/backend/server-document.mjs:1:3713)\n    at Function._migrateDocuments (file:///D:/Juegos/Foundry_daggerheart_git/Foundry-daggerheart/Portable-FoundryVTT-v13.348/App/resources/app/dist/database/backend/server-document.mjs:1:2782)","timestamp":"2026-03-12 19:01:18"}
{"level":"error","message":"An error occurred during the migration of Item record [xYeKuvDRenybIvBj] of database \"daggerheart-advmanager.all-features\":\nError: Documents from a core version newer than the running version cannot be migrated\n    at Function._migrateRecord (file:///D:/Juegos/Foundry_daggerheart_git/Foundry-daggerheart/Portable-FoundryVTT-v13.348/App/resources/app/dist/database/backend/server-document.mjs:1:3713)\n    at Function._migrateDocuments (file:///D:/Juegos/Foundry_daggerheart_git/Foundry-daggerheart/Portable-FoundryVTT-v13.348/App/resources/app/dist/database/backend/server-document.mjs:1:2782)","timestamp":"2026-03-12 19:01:18"}
{"level":"error","message":"An error occurred during the migration of Item record [xliBptGTFRuJjoOB] of database \"daggerheart-advmanager.all-features\":\nError: Documents from a core version newer than the running version cannot be migrated\n    at Function._migrateRecord (file:///D:/Juegos/Foundry_daggerheart_git/Foundry-daggerheart/Portable-FoundryVTT-v13.348/App/resources/app/dist/database/backend/server-document.mjs:1:3713)\n    at Function._migrateDocuments (file:///D:/Juegos/Foundry_daggerheart_git/Foundry-daggerheart/Portable-FoundryVTT-v13.348/App/resources/app/dist/database/backend/server-document.mjs:1:2782)","timestamp":"2026-03-12 19:01:18"}
{"level":"error","message":"An error occurred during the migration of Item record [xlsl1GVOoGf5hreC] of database \"daggerheart-advmanager.all-features\":\nError: Documents from a core version newer than the running version cannot be migrated\n    at Function._migrateRecord (file:///D:/Juegos/Foundry_daggerheart_git/Foundry-daggerheart/Portable-FoundryVTT-v13.348/App/resources/app/dist/database/backend/server-document.mjs:1:3713)\n    at Function._migrateDocuments (file:///D:/Juegos/Foundry_daggerheart_git/Foundry-daggerheart/Portable-FoundryVTT-v13.348/App/resources/app/dist/database/backend/server-document.mjs:1:2782)","timestamp":"2026-03-12 19:01:18"}
{"level":"error","message":"An error occurred during the migration of Item record [y0xtu60lwTLX2IX3] of database \"daggerheart-advmanager.all-features\":\nError: Documents from a core version newer than the running version cannot be migrated\n    at Function._migrateRecord (file:///D:/Juegos/Foundry_daggerheart_git/Foundry-daggerheart/Portable-FoundryVTT-v13.348/App/resources/app/dist/database/backend/server-document.mjs:1:3713)\n    at Function._migrateDocuments (file:///D:/Juegos/Foundry_daggerheart_git/Foundry-daggerheart/Portable-FoundryVTT-v13.348/App/resources/app/dist/database/backend/server-document.mjs:1:2782)","timestamp":"2026-03-12 19:01:18"}
{"level":"error","message":"An error occurred during the migration of Item record [y100L4NlcX9ttNnw] of database \"daggerheart-advmanager.all-features\":\nError: Documents from a core version newer than the running version cannot be migrated\n    at Function._migrateRecord (file:///D:/Juegos/Foundry_daggerheart_git/Foundry-daggerheart/Portable-FoundryVTT-v13.348/App/resources/app/dist/database/backend/server-document.mjs:1:3713)\n    at Function._migrateDocuments (file:///D:/Juegos/Foundry_daggerheart_git/Foundry-daggerheart/Portable-FoundryVTT-v13.348/App/resources/app/dist/database/backend/server-document.mjs:1:2782)","timestamp":"2026-03-12 19:01:18"}
{"level":"error","message":"An error occurred during the migration of Item record [y2xZkEcgJVWMz9I5] of database \"daggerheart-advmanager.all-features\":\nError: Documents from a core version newer than the running version cannot be migrated\n    at Function._migrateRecord (file:///D:/Juegos/Foundry_daggerheart_git/Foundry-daggerheart/Portable-FoundryVTT-v13.348/App/resources/app/dist/database/backend/server-document.mjs:1:3713)\n    at Function._migrateDocuments (file:///D:/Juegos/Foundry_daggerheart_git/Foundry-daggerheart/Portable-FoundryVTT-v13.348/App/resources/app/dist/database/backend/server-document.mjs:1:2782)","timestamp":"2026-03-12 19:01:18"}
{"level":"error","message":"An error occurred during the migration of Item record [y5m7bOKUQej3kTIB] of database \"daggerheart-advmanager.all-features\":\nError: Documents from a core version newer than the running version cannot be migrated\n    at Function._migrateRecord (file:///D:/Juegos/Foundry_daggerheart_git/Foundry-daggerheart/Portable-FoundryVTT-v13.348/App/resources/app/dist/database/backend/server-document.mjs:1:3713)\n    at Function._migrateDocuments (file:///D:/Juegos/Foundry_daggerheart_git/Foundry-daggerheart/Portable-FoundryVTT-v13.348/App/resources/app/dist/database/backend/server-document.mjs:1:2782)","timestamp":"2026-03-12 19:01:18"}
{"level":"error","message":"An error occurred during the migration of Item record [y7i3Slv6fNce5rRG] of database \"daggerheart-advmanager.all-features\":\nError: Documents from a core version newer than the running version cannot be migrated\n    at Function._migrateRecord (file:///D:/Juegos/Foundry_daggerheart_git/Foundry-daggerheart/Portable-FoundryVTT-v13.348/App/resources/app/dist/database/backend/server-document.mjs:1:3713)\n    at Function._migrateDocuments (file:///D:/Juegos/Foundry_daggerheart_git/Foundry-daggerheart/Portable-FoundryVTT-v13.348/App/resources/app/dist/database/backend/server-document.mjs:1:2782)","timestamp":"2026-03-12 19:01:18"}
{"level":"error","message":"An error occurred during the migration of Item record [yHl59Ia39TPi8Kq3] of database \"daggerheart-advmanager.all-features\":\nError: Documents from a core version newer than the running version cannot be migrated\n    at Function._migrateRecord (file:///D:/Juegos/Foundry_daggerheart_git/Foundry-daggerheart/Portable-FoundryVTT-v13.348/App/resources/app/dist/database/backend/server-document.mjs:1:3713)\n    at Function._migrateDocuments (file:///D:/Juegos/Foundry_daggerheart_git/Foundry-daggerheart/Portable-FoundryVTT-v13.348/App/resources/app/dist/database/backend/server-document.mjs:1:2782)","timestamp":"2026-03-12 19:01:18"}
{"level":"error","message":"An error occurred during the migration of Item record [yKC7UMSc81TywWWF] of database \"daggerheart-advmanager.all-features\":\nError: Documents from a core version newer than the running version cannot be migrated\n    at Function._migrateRecord (file:///D:/Juegos/Foundry_daggerheart_git/Foundry-daggerheart/Portable-FoundryVTT-v13.348/App/resources/app/dist/database/backend/server-document.mjs:1:3713)\n    at Function._migrateDocuments (file:///D:/Juegos/Foundry_daggerheart_git/Foundry-daggerheart/Portable-FoundryVTT-v13.348/App/resources/app/dist/database/backend/server-document.mjs:1:2782)","timestamp":"2026-03-12 19:01:18"}
{"level":"error","message":"An error occurred during the migration of Item record [yORw3XEYOQphhuub] of database \"daggerheart-advmanager.all-features\":\nError: Documents from a core version newer than the running version cannot be migrated\n    at Function._migrateRecord (file:///D:/Juegos/Foundry_daggerheart_git/Foundry-daggerheart/Portable-FoundryVTT-v13.348/App/resources/app/dist/database/backend/server-document.mjs:1:3713)\n    at Function._migrateDocuments (file:///D:/Juegos/Foundry_daggerheart_git/Foundry-daggerheart/Portable-FoundryVTT-v13.348/App/resources/app/dist/database/backend/server-document.mjs:1:2782)","timestamp":"2026-03-12 19:01:18"}
{"level":"error","message":"An error occurred during the migration of Item record [yTI5cuYKCoBh98v9] of database \"daggerheart-advmanager.all-features\":\nError: Documents from a core version newer than the running version cannot be migrated\n    at Function._migrateRecord (file:///D:/Juegos/Foundry_daggerheart_git/Foundry-daggerheart/Portable-FoundryVTT-v13.348/App/resources/app/dist/database/backend/server-document.mjs:1:3713)\n    at Function._migrateDocuments (file:///D:/Juegos/Foundry_daggerheart_git/Foundry-daggerheart/Portable-FoundryVTT-v13.348/App/resources/app/dist/database/backend/server-document.mjs:1:2782)","timestamp":"2026-03-12 19:01:18"}
{"level":"error","message":"An error occurred during the migration of Item record [ya5a3bF5MyAo7xMV] of database \"daggerheart-advmanager.all-features\":\nError: Documents from a core version newer than the running version cannot be migrated\n    at Function._migrateRecord (file:///D:/Juegos/Foundry_daggerheart_git/Foundry-daggerheart/Portable-FoundryVTT-v13.348/App/resources/app/dist/database/backend/server-document.mjs:1:3713)\n    at Function._migrateDocuments (file:///D:/Juegos/Foundry_daggerheart_git/Foundry-daggerheart/Portable-FoundryVTT-v13.348/App/resources/app/dist/database/backend/server-document.mjs:1:2782)","timestamp":"2026-03-12 19:01:18"}
{"level":"error","message":"An error occurred during the migration of Item record [yntz0YUQmS1GlJoF] of database \"daggerheart-advmanager.all-features\":\nError: Documents from a core version newer than the running version cannot be migrated\n    at Function._migrateRecord (file:///D:/Juegos/Foundry_daggerheart_git/Foundry-daggerheart/Portable-FoundryVTT-v13.348/App/resources/app/dist/database/backend/server-document.mjs:1:3713)\n    at Function._migrateDocuments (file:///D:/Juegos/Foundry_daggerheart_git/Foundry-daggerheart/Portable-FoundryVTT-v13.348/App/resources/app/dist/database/backend/server-document.mjs:1:2782)","timestamp":"2026-03-12 19:01:18"}
{"level":"error","message":"An error occurred during the migration of Item record [ypqURBoYBr93eg5k] of database \"daggerheart-advmanager.all-features\":\nError: Documents from a core version newer than the running version cannot be migrated\n    at Function._migrateRecord (file:///D:/Juegos/Foundry_daggerheart_git/Foundry-daggerheart/Portable-FoundryVTT-v13.348/App/resources/app/dist/database/backend/server-document.mjs:1:3713)\n    at Function._migrateDocuments (file:///D:/Juegos/Foundry_daggerheart_git/Foundry-daggerheart/Portable-FoundryVTT-v13.348/App/resources/app/dist/database/backend/server-document.mjs:1:2782)","timestamp":"2026-03-12 19:01:18"}
{"level":"error","message":"An error occurred during the migration of Item record [yuV859tJtojxEev0] of database \"daggerheart-advmanager.all-features\":\nError: Documents from a core version newer than the running version cannot be migrated\n    at Function._migrateRecord (file:///D:/Juegos/Foundry_daggerheart_git/Foundry-daggerheart/Portable-FoundryVTT-v13.348/App/resources/app/dist/database/backend/server-document.mjs:1:3713)\n    at Function._migrateDocuments (file:///D:/Juegos/Foundry_daggerheart_git/Foundry-daggerheart/Portable-FoundryVTT-v13.348/App/resources/app/dist/database/backend/server-document.mjs:1:2782)","timestamp":"2026-03-12 19:01:18"}
{"level":"error","message":"An error occurred during the migration of Item record [z9ZnafwI1iHo5WsB] of database \"daggerheart-advmanager.all-features\":\nError: Documents from a core version newer than the running version cannot be migrated\n    at Function._migrateRecord (file:///D:/Juegos/Foundry_daggerheart_git/Foundry-daggerheart/Portable-FoundryVTT-v13.348/App/resources/app/dist/database/backend/server-document.mjs:1:3713)\n    at Function._migrateDocuments (file:///D:/Juegos/Foundry_daggerheart_git/Foundry-daggerheart/Portable-FoundryVTT-v13.348/App/resources/app/dist/database/backend/server-document.mjs:1:2782)","timestamp":"2026-03-12 19:01:18"}
{"level":"error","message":"An error occurred during the migration of Item record [zOvWtr3bdBwgXFBX] of database \"daggerheart-advmanager.all-features\":\nError: Documents from a core version newer than the running version cannot be migrated\n    at Function._migrateRecord (file:///D:/Juegos/Foundry_daggerheart_git/Foundry-daggerheart/Portable-FoundryVTT-v13.348/App/resources/app/dist/database/backend/server-document.mjs:1:3713)\n    at Function._migrateDocuments (file:///D:/Juegos/Foundry_daggerheart_git/Foundry-daggerheart/Portable-FoundryVTT-v13.348/App/resources/app/dist/database/backend/server-document.mjs:1:2782)","timestamp":"2026-03-12 19:01:18"}
{"level":"error","message":"An error occurred during the migration of Item record [zOyoRZPEigvqqp8B] of database \"daggerheart-advmanager.all-features\":\nError: Documents from a core version newer than the running version cannot be migrated\n    at Function._migrateRecord (file:///D:/Juegos/Foundry_daggerheart_git/Foundry-daggerheart/Portable-FoundryVTT-v13.348/App/resources/app/dist/database/backend/server-document.mjs:1:3713)\n    at Function._migrateDocuments (file:///D:/Juegos/Foundry_daggerheart_git/Foundry-daggerheart/Portable-FoundryVTT-v13.348/App/resources/app/dist/database/backend/server-document.mjs:1:2782)","timestamp":"2026-03-12 19:01:18"}
{"level":"error","message":"An error occurred during the migration of Item record [zR572rxBBpODLqHe] of database \"daggerheart-advmanager.all-features\":\nError: Documents from a core version newer than the running version cannot be migrated\n    at Function._migrateRecord (file:///D:/Juegos/Foundry_daggerheart_git/Foundry-daggerheart/Portable-FoundryVTT-v13.348/App/resources/app/dist/database/backend/server-document.mjs:1:3713)\n    at Function._migrateDocuments (file:///D:/Juegos/Foundry_daggerheart_git/Foundry-daggerheart/Portable-FoundryVTT-v13.348/App/resources/app/dist/database/backend/server-document.mjs:1:2782)","timestamp":"2026-03-12 19:01:18"}
{"level":"error","message":"An error occurred during the migration of Item record [zRn71SyKnysT8s7I] of database \"daggerheart-advmanager.all-features\":\nError: Documents from a core version newer than the running version cannot be migrated\n    at Function._migrateRecord (file:///D:/Juegos/Foundry_daggerheart_git/Foundry-daggerheart/Portable-FoundryVTT-v13.348/App/resources/app/dist/database/backend/server-document.mjs:1:3713)\n    at Function._migrateDocuments (file:///D:/Juegos/Foundry_daggerheart_git/Foundry-daggerheart/Portable-FoundryVTT-v13.348/App/resources/app/dist/database/backend/server-document.mjs:1:2782)","timestamp":"2026-03-12 19:01:18"}
{"level":"error","message":"An error occurred during the migration of Item record [zTD3MulSIc6dWNqn] of database \"daggerheart-advmanager.all-features\":\nError: Documents from a core version newer than the running version cannot be migrated\n    at Function._migrateRecord (file:///D:/Juegos/Foundry_daggerheart_git/Foundry-daggerheart/Portable-FoundryVTT-v13.348/App/resources/app/dist/database/backend/server-document.mjs:1:3713)\n    at Function._migrateDocuments (file:///D:/Juegos/Foundry_daggerheart_git/Foundry-daggerheart/Portable-FoundryVTT-v13.348/App/resources/app/dist/database/backend/server-document.mjs:1:2782)","timestamp":"2026-03-12 19:01:18"}
{"level":"error","message":"An error occurred during the migration of Item record [zZt7IqhVI6bsi6ml] of database \"daggerheart-advmanager.all-features\":\nError: Documents from a core version newer than the running version cannot be migrated\n    at Function._migrateRecord (file:///D:/Juegos/Foundry_daggerheart_git/Foundry-daggerheart/Portable-FoundryVTT-v13.348/App/resources/app/dist/database/backend/server-document.mjs:1:3713)\n    at Function._migrateDocuments (file:///D:/Juegos/Foundry_daggerheart_git/Foundry-daggerheart/Portable-FoundryVTT-v13.348/App/resources/app/dist/database/backend/server-document.mjs:1:2782)","timestamp":"2026-03-12 19:01:18"}
{"level":"error","message":"An error occurred during the migration of Item record [zh1b56CINKMb7gv9] of database \"daggerheart-advmanager.all-features\":\nError: Documents from a core version newer than the running version cannot be migrated\n    at Function._migrateRecord (file:///D:/Juegos/Foundry_daggerheart_git/Foundry-daggerheart/Portable-FoundryVTT-v13.348/App/resources/app/dist/database/backend/server-document.mjs:1:3713)\n    at Function._migrateDocuments (file:///D:/Juegos/Foundry_daggerheart_git/Foundry-daggerheart/Portable-FoundryVTT-v13.348/App/resources/app/dist/database/backend/server-document.mjs:1:2782)","timestamp":"2026-03-12 19:01:18"}
{"level":"error","message":"An error occurred during the migration of Item record [zknpuH5Fx2xXEFpE] of database \"daggerheart-advmanager.all-features\":\nError: Documents from a core version newer than the running version cannot be migrated\n    at Function._migrateRecord (file:///D:/Juegos/Foundry_daggerheart_git/Foundry-daggerheart/Portable-FoundryVTT-v13.348/App/resources/app/dist/database/backend/server-document.mjs:1:3713)\n    at Function._migrateDocuments (file:///D:/Juegos/Foundry_daggerheart_git/Foundry-daggerheart/Portable-FoundryVTT-v13.348/App/resources/app/dist/database/backend/server-document.mjs:1:2782)","timestamp":"2026-03-12 19:01:18"}
{"level":"error","message":"An error occurred during the migration of Item record [zlDJGBI9X8CJg2d5] of database \"daggerheart-advmanager.all-features\":\nError: Documents from a core version newer than the running version cannot be migrated\n    at Function._migrateRecord (file:///D:/Juegos/Foundry_daggerheart_git/Foundry-daggerheart/Portable-FoundryVTT-v13.348/App/resources/app/dist/database/backend/server-document.mjs:1:3713)\n    at Function._migrateDocuments (file:///D:/Juegos/Foundry_daggerheart_git/Foundry-daggerheart/Portable-FoundryVTT-v13.348/App/resources/app/dist/database/backend/server-document.mjs:1:2782)","timestamp":"2026-03-12 19:01:18"}
{"level":"warn","message":"Database daggerheart-advmanager.all-features was not fully migrated due to errors during migration.","timestamp":"2026-03-12 19:01:18"}
{"level":"info","message":"Launching World | Migrating Package Data - 37%","timestamp":"2026-03-12 19:01:18"}
{"level":"error","message":"An error occurred during the migration of Macro record [WbRm9MnIxX51Svky] of database \"daggerheart-advmanager.macros\":\nError: Documents from a core version newer than the running version cannot be migrated\n    at Function._migrateRecord (file:///D:/Juegos/Foundry_daggerheart_git/Foundry-daggerheart/Portable-FoundryVTT-v13.348/App/resources/app/dist/database/backend/server-document.mjs:1:3713)\n    at Function._migrateDocuments (file:///D:/Juegos/Foundry_daggerheart_git/Foundry-daggerheart/Portable-FoundryVTT-v13.348/App/resources/app/dist/database/backend/server-document.mjs:1:2782)","timestamp":"2026-03-12 19:01:18"}
{"level":"error","message":"An error occurred during the migration of Macro record [X5uzGSPS5UfmB8rd] of database \"daggerheart-advmanager.macros\":\nError: Documents from a core version newer than the running version cannot be migrated\n    at Function._migrateRecord (file:///D:/Juegos/Foundry_daggerheart_git/Foundry-daggerheart/Portable-FoundryVTT-v13.348/App/resources/app/dist/database/backend/server-document.mjs:1:3713)\n    at Function._migrateDocuments (file:///D:/Juegos/Foundry_daggerheart_git/Foundry-daggerheart/Portable-FoundryVTT-v13.348/App/resources/app/dist/database/backend/server-document.mjs:1:2782)","timestamp":"2026-03-12 19:01:18"}
{"level":"error","message":"An error occurred during the migration of Macro record [mELB8HfT2k7k3YwQ] of database \"daggerheart-advmanager.macros\":\nError: Documents from a core version newer than the running version cannot be migrated\n    at Function._migrateRecord (file:///D:/Juegos/Foundry_daggerheart_git/Foundry-daggerheart/Portable-FoundryVTT-v13.348/App/resources/app/dist/database/backend/server-document.mjs:1:3713)\n    at Function._migrateDocuments (file:///D:/Juegos/Foundry_daggerheart_git/Foundry-daggerheart/Portable-FoundryVTT-v13.348/App/resources/app/dist/database/backend/server-document.mjs:1:2782)","timestamp":"2026-03-12 19:01:18"}
{"level":"error","message":"An error occurred during the migration of Macro record [tx5BOb4uDCCj7fEO] of database \"daggerheart-advmanager.macros\":\nError: Documents from a core version newer than the running version cannot be migrated\n    at Function._migrateRecord (file:///D:/Juegos/Foundry_daggerheart_git/Foundry-daggerheart/Portable-FoundryVTT-v13.348/App/resources/app/dist/database/backend/server-document.mjs:1:3713)\n    at Function._migrateDocuments (file:///D:/Juegos/Foundry_daggerheart_git/Foundry-daggerheart/Portable-FoundryVTT-v13.348/App/resources/app/dist/database/backend/server-document.mjs:1:2782)","timestamp":"2026-03-12 19:01:18"}
{"level":"error","message":"An error occurred during the migration of Macro record [uvAlpxWSA3uVepDq] of database \"daggerheart-advmanager.macros\":\nError: Documents from a core version newer than the running version cannot be migrated\n    at Function._migrateRecord (file:///D:/Juegos/Foundry_daggerheart_git/Foundry-daggerheart/Portable-FoundryVTT-v13.348/App/resources/app/dist/database/backend/server-document.mjs:1:3713)\n    at Function._migrateDocuments (file:///D:/Juegos/Foundry_daggerheart_git/Foundry-daggerheart/Portable-FoundryVTT-v13.348/App/resources/app/dist/database/backend/server-document.mjs:1:2782)","timestamp":"2026-03-12 19:01:18"}
{"level":"warn","message":"Database daggerheart-advmanager.macros was not fully migrated due to errors during migration.","timestamp":"2026-03-12 19:01:18"}
{"level":"info","message":"Launching World | Migrating Package Data - 39%","timestamp":"2026-03-12 19:01:18"}
{"level":"error","message":"An error occurred during the migration of Actor record [3QuaJOFf07f1Gpnb] of database \"daggerheart-advmanager.templates\":\nError: Documents from a core version newer than the running version cannot be migrated\n    at Function._migrateRecord (file:///D:/Juegos/Foundry_daggerheart_git/Foundry-daggerheart/Portable-FoundryVTT-v13.348/App/resources/app/dist/database/backend/server-document.mjs:1:3713)\n    at Function._migrateDocuments (file:///D:/Juegos/Foundry_daggerheart_git/Foundry-daggerheart/Portable-FoundryVTT-v13.348/App/resources/app/dist/database/backend/server-document.mjs:1:2782)","timestamp":"2026-03-12 19:01:18"}
{"level":"error","message":"An error occurred during the migration of Actor record [7cG2Zzf72jPSPRW0] of database \"daggerheart-advmanager.templates\":\nError: Documents from a core version newer than the running version cannot be migrated\n    at Function._migrateRecord (file:///D:/Juegos/Foundry_daggerheart_git/Foundry-daggerheart/Portable-FoundryVTT-v13.348/App/resources/app/dist/database/backend/server-document.mjs:1:3713)\n    at Function._migrateDocuments (file:///D:/Juegos/Foundry_daggerheart_git/Foundry-daggerheart/Portable-FoundryVTT-v13.348/App/resources/app/dist/database/backend/server-document.mjs:1:2782)","timestamp":"2026-03-12 19:01:18"}
{"level":"error","message":"An error occurred during the migration of Actor record [JRAT3njXd89IVgd2] of database \"daggerheart-advmanager.templates\":\nError: Documents from a core version newer than the running version cannot be migrated\n    at Function._migrateRecord (file:///D:/Juegos/Foundry_daggerheart_git/Foundry-daggerheart/Portable-FoundryVTT-v13.348/App/resources/app/dist/database/backend/server-document.mjs:1:3713)\n    at Function._migrateDocuments (file:///D:/Juegos/Foundry_daggerheart_git/Foundry-daggerheart/Portable-FoundryVTT-v13.348/App/resources/app/dist/database/backend/server-document.mjs:1:2782)","timestamp":"2026-03-12 19:01:18"}
{"level":"error","message":"An error occurred during the migration of Actor record [UcCs67D4Bdynvz0K] of database \"daggerheart-advmanager.templates\":\nError: Documents from a core version newer than the running version cannot be migrated\n    at Function._migrateRecord (file:///D:/Juegos/Foundry_daggerheart_git/Foundry-daggerheart/Portable-FoundryVTT-v13.348/App/resources/app/dist/database/backend/server-document.mjs:1:3713)\n    at Function._migrateDocuments (file:///D:/Juegos/Foundry_daggerheart_git/Foundry-daggerheart/Portable-FoundryVTT-v13.348/App/resources/app/dist/database/backend/server-document.mjs:1:2782)","timestamp":"2026-03-12 19:01:18"}
{"level":"error","message":"An error occurred during the migration of Actor record [XCRpdycNjpNsYZgL] of database \"daggerheart-advmanager.templates\":\nError: Documents from a core version newer than the running version cannot be migrated\n    at Function._migrateRecord (file:///D:/Juegos/Foundry_daggerheart_git/Foundry-daggerheart/Portable-FoundryVTT-v13.348/App/resources/app/dist/database/backend/server-document.mjs:1:3713)\n    at Function._migrateDocuments (file:///D:/Juegos/Foundry_daggerheart_git/Foundry-daggerheart/Portable-FoundryVTT-v13.348/App/resources/app/dist/database/backend/server-document.mjs:1:2782)","timestamp":"2026-03-12 19:01:18"}
{"level":"error","message":"An error occurred during the migration of Actor record [imvP9Fn4CyNGbpr0] of database \"daggerheart-advmanager.templates\":\nError: Documents from a core version newer than the running version cannot be migrated\n    at Function._migrateRecord (file:///D:/Juegos/Foundry_daggerheart_git/Foundry-daggerheart/Portable-FoundryVTT-v13.348/App/resources/app/dist/database/backend/server-document.mjs:1:3713)\n    at Function._migrateDocuments (file:///D:/Juegos/Foundry_daggerheart_git/Foundry-daggerheart/Portable-FoundryVTT-v13.348/App/resources/app/dist/database/backend/server-document.mjs:1:2782)","timestamp":"2026-03-12 19:01:18"}
{"level":"error","message":"An error occurred during the migration of Actor record [nncDKO2OaTh8mJE2] of database \"daggerheart-advmanager.templates\":\nError: Documents from a core version newer than the running version cannot be migrated\n    at Function._migrateRecord (file:///D:/Juegos/Foundry_daggerheart_git/Foundry-daggerheart/Portable-FoundryVTT-v13.348/App/resources/app/dist/database/backend/server-document.mjs:1:3713)\n    at Function._migrateDocuments (file:///D:/Juegos/Foundry_daggerheart_git/Foundry-daggerheart/Portable-FoundryVTT-v13.348/App/resources/app/dist/database/backend/server-document.mjs:1:2782)","timestamp":"2026-03-12 19:01:18"}
{"level":"error","message":"An error occurred during the migration of Actor record [os0kYaAWk16oKuEQ] of database \"daggerheart-advmanager.templates\":\nError: Documents from a core version newer than the running version cannot be migrated\n    at Function._migrateRecord (file:///D:/Juegos/Foundry_daggerheart_git/Foundry-daggerheart/Portable-FoundryVTT-v13.348/App/resources/app/dist/database/backend/server-document.mjs:1:3713)\n    at Function._migrateDocuments (file:///D:/Juegos/Foundry_daggerheart_git/Foundry-daggerheart/Portable-FoundryVTT-v13.348/App/resources/app/dist/database/backend/server-document.mjs:1:2782)","timestamp":"2026-03-12 19:01:18"}
{"level":"error","message":"An error occurred during the migration of Actor record [svn5cSZDB2K7xKUb] of database \"daggerheart-advmanager.templates\":\nError: Documents from a core version newer than the running version cannot be migrated\n    at Function._migrateRecord (file:///D:/Juegos/Foundry_daggerheart_git/Foundry-daggerheart/Portable-FoundryVTT-v13.348/App/resources/app/dist/database/backend/server-document.mjs:1:3713)\n    at Function._migrateDocuments (file:///D:/Juegos/Foundry_daggerheart_git/Foundry-daggerheart/Portable-FoundryVTT-v13.348/App/resources/app/dist/database/backend/server-document.mjs:1:2782)","timestamp":"2026-03-12 19:01:18"}
{"level":"error","message":"An error occurred during the migration of Actor record [yMO82g01P4RVB92T] of database \"daggerheart-advmanager.templates\":\nError: Documents from a core version newer than the running version cannot be migrated\n    at Function._migrateRecord (file:///D:/Juegos/Foundry_daggerheart_git/Foundry-daggerheart/Portable-FoundryVTT-v13.348/App/resources/app/dist/database/backend/server-document.mjs:1:3713)\n    at Function._migrateDocuments (file:///D:/Juegos/Foundry_daggerheart_git/Foundry-daggerheart/Portable-FoundryVTT-v13.348/App/resources/app/dist/database/backend/server-document.mjs:1:2782)","timestamp":"2026-03-12 19:01:18"}
{"level":"warn","message":"Database daggerheart-advmanager.templates was not fully migrated due to errors during migration.","timestamp":"2026-03-12 19:01:18"}
{"level":"info","message":"Launching World | Migrating Package Data - 41%","timestamp":"2026-03-12 19:01:18"}
{"level":"info","message":"Launching World | Migrating Package Data - 43%","timestamp":"2026-03-12 19:01:18"}
{"level":"error","message":"An error occurred during the migration of Macro record [AksCh0ciaGx7BuyA] of database \"daggerheart-extra-content.macros\":\nError: Documents from a core version newer than the running version cannot be migrated\n    at Function._migrateRecord (file:///D:/Juegos/Foundry_daggerheart_git/Foundry-daggerheart/Portable-FoundryVTT-v13.348/App/resources/app/dist/database/backend/server-document.mjs:1:3713)\n    at Function._migrateDocuments (file:///D:/Juegos/Foundry_daggerheart_git/Foundry-daggerheart/Portable-FoundryVTT-v13.348/App/resources/app/dist/database/backend/server-document.mjs:1:2782)","timestamp":"2026-03-12 19:01:18"}
{"level":"error","message":"An error occurred during the migration of Macro record [Ek2uYtA3xm78MKEc] of database \"daggerheart-extra-content.macros\":\nError: Documents from a core version newer than the running version cannot be migrated\n    at Function._migrateRecord (file:///D:/Juegos/Foundry_daggerheart_git/Foundry-daggerheart/Portable-FoundryVTT-v13.348/App/resources/app/dist/database/backend/server-document.mjs:1:3713)\n    at Function._migrateDocuments (file:///D:/Juegos/Foundry_daggerheart_git/Foundry-daggerheart/Portable-FoundryVTT-v13.348/App/resources/app/dist/database/backend/server-document.mjs:1:2782)","timestamp":"2026-03-12 19:01:18"}
{"level":"error","message":"An error occurred during the migration of Macro record [FUXtgmbsROZ9EZ64] of database \"daggerheart-extra-content.macros\":\nError: Documents from a core version newer than the running version cannot be migrated\n    at Function._migrateRecord (file:///D:/Juegos/Foundry_daggerheart_git/Foundry-daggerheart/Portable-FoundryVTT-v13.348/App/resources/app/dist/database/backend/server-document.mjs:1:3713)\n    at Function._migrateDocuments (file:///D:/Juegos/Foundry_daggerheart_git/Foundry-daggerheart/Portable-FoundryVTT-v13.348/App/resources/app/dist/database/backend/server-document.mjs:1:2782)","timestamp":"2026-03-12 19:01:18"}
{"level":"error","message":"An error occurred during the migration of Macro record [KMIecMvorWDWynzv] of database \"daggerheart-extra-content.macros\":\nError: Documents from a core version newer than the running version cannot be migrated\n    at Function._migrateRecord (file:///D:/Juegos/Foundry_daggerheart_git/Foundry-daggerheart/Portable-FoundryVTT-v13.348/App/resources/app/dist/database/backend/server-document.mjs:1:3713)\n    at Function._migrateDocuments (file:///D:/Juegos/Foundry_daggerheart_git/Foundry-daggerheart/Portable-FoundryVTT-v13.348/App/resources/app/dist/database/backend/server-document.mjs:1:2782)","timestamp":"2026-03-12 19:01:18"}
{"level":"error","message":"An error occurred during the migration of Macro record [MrVaunevxMfD1jiI] of database \"daggerheart-extra-content.macros\":\nError: Documents from a core version newer than the running version cannot be migrated\n    at Function._migrateRecord (file:///D:/Juegos/Foundry_daggerheart_git/Foundry-daggerheart/Portable-FoundryVTT-v13.348/App/resources/app/dist/database/backend/server-document.mjs:1:3713)\n    at Function._migrateDocuments (file:///D:/Juegos/Foundry_daggerheart_git/Foundry-daggerheart/Portable-FoundryVTT-v13.348/App/resources/app/dist/database/backend/server-document.mjs:1:2782)","timestamp":"2026-03-12 19:01:18"}
{"level":"error","message":"An error occurred during the migration of Macro record [f4seowyhjSLdBpIw] of database \"daggerheart-extra-content.macros\":\nError: Documents from a core version newer than the running version cannot be migrated\n    at Function._migrateRecord (file:///D:/Juegos/Foundry_daggerheart_git/Foundry-daggerheart/Portable-FoundryVTT-v13.348/App/resources/app/dist/database/backend/server-document.mjs:1:3713)\n    at Function._migrateDocuments (file:///D:/Juegos/Foundry_daggerheart_git/Foundry-daggerheart/Portable-FoundryVTT-v13.348/App/resources/app/dist/database/backend/server-document.mjs:1:2782)","timestamp":"2026-03-12 19:01:18"}
{"level":"error","message":"An error occurred during the migration of Macro record [lCYBPohT8hPPOpeK] of database \"daggerheart-extra-content.macros\":\nError: Documents from a core version newer than the running version cannot be migrated\n    at Function._migrateRecord (file:///D:/Juegos/Foundry_daggerheart_git/Foundry-daggerheart/Portable-FoundryVTT-v13.348/App/resources/app/dist/database/backend/server-document.mjs:1:3713)\n    at Function._migrateDocuments (file:///D:/Juegos/Foundry_daggerheart_git/Foundry-daggerheart/Portable-FoundryVTT-v13.348/App/resources/app/dist/database/backend/server-document.mjs:1:2782)","timestamp":"2026-03-12 19:01:18"}
{"level":"error","message":"An error occurred during the migration of Macro record [mu2CD5fN0NvxcqYl] of database \"daggerheart-extra-content.macros\":\nError: Documents from a core version newer than the running version cannot be migrated\n    at Function._migrateRecord (file:///D:/Juegos/Foundry_daggerheart_git/Foundry-daggerheart/Portable-FoundryVTT-v13.348/App/resources/app/dist/database/backend/server-document.mjs:1:3713)\n    at Function._migrateDocuments (file:///D:/Juegos/Foundry_daggerheart_git/Foundry-daggerheart/Portable-FoundryVTT-v13.348/App/resources/app/dist/database/backend/server-document.mjs:1:2782)","timestamp":"2026-03-12 19:01:18"}
{"level":"error","message":"An error occurred during the migration of Macro record [zWi79s5QqaZnMMtX] of database \"daggerheart-extra-content.macros\":\nError: Documents from a core version newer than the running version cannot be migrated\n    at Function._migrateRecord (file:///D:/Juegos/Foundry_daggerheart_git/Foundry-daggerheart/Portable-FoundryVTT-v13.348/App/resources/app/dist/database/backend/server-document.mjs:1:3713)\n    at Function._migrateDocuments (file:///D:/Juegos/Foundry_daggerheart_git/Foundry-daggerheart/Portable-FoundryVTT-v13.348/App/resources/app/dist/database/backend/server-document.mjs:1:2782)","timestamp":"2026-03-12 19:01:18"}
{"level":"warn","message":"Database daggerheart-extra-content.macros was not fully migrated due to errors during migration.","timestamp":"2026-03-12 19:01:18"}
{"level":"info","message":"Launching World | Migrating Package Data - 45%","timestamp":"2026-03-12 19:01:18"}
{"level":"info","message":"Launching World | Migrating Package Data - 47%","timestamp":"2026-03-12 19:01:18"}
{"level":"info","message":"Launching World | Migrating Package Data - 49%","timestamp":"2026-03-12 19:01:18"}
{"level":"info","message":"Launching World | Migrating Package Data - 51%","timestamp":"2026-03-12 19:01:18"}
{"level":"info","message":"Launching World | Migrating Package Data - 53%","timestamp":"2026-03-12 19:01:18"}
{"level":"error","message":"An error occurred during the migration of Actor record [2owady11IfU1vset] of database \"daggerheart-extra-content.more-adversaries\":\nError: Documents from a core version newer than the running version cannot be migrated\n    at Function._migrateRecord (file:///D:/Juegos/Foundry_daggerheart_git/Foundry-daggerheart/Portable-FoundryVTT-v13.348/App/resources/app/dist/database/backend/server-document.mjs:1:3713)\n    at Function._migrateDocuments (file:///D:/Juegos/Foundry_daggerheart_git/Foundry-daggerheart/Portable-FoundryVTT-v13.348/App/resources/app/dist/database/backend/server-document.mjs:1:2782)","timestamp":"2026-03-12 19:01:18"}
{"level":"error","message":"An error occurred during the migration of Actor record [3wZn34orKgheuXnE] of database \"daggerheart-extra-content.more-adversaries\":\nError: Documents from a core version newer than the running version cannot be migrated\n    at Function._migrateRecord (file:///D:/Juegos/Foundry_daggerheart_git/Foundry-daggerheart/Portable-FoundryVTT-v13.348/App/resources/app/dist/database/backend/server-document.mjs:1:3713)\n    at Function._migrateDocuments (file:///D:/Juegos/Foundry_daggerheart_git/Foundry-daggerheart/Portable-FoundryVTT-v13.348/App/resources/app/dist/database/backend/server-document.mjs:1:2782)","timestamp":"2026-03-12 19:01:18"}
{"level":"error","message":"An error occurred during the migration of Actor record [4GkDrUgRyp9FHTAN] of database \"daggerheart-extra-content.more-adversaries\":\nError: Documents from a core version newer than the running version cannot be migrated\n    at Function._migrateRecord (file:///D:/Juegos/Foundry_daggerheart_git/Foundry-daggerheart/Portable-FoundryVTT-v13.348/App/resources/app/dist/database/backend/server-document.mjs:1:3713)\n    at Function._migrateDocuments (file:///D:/Juegos/Foundry_daggerheart_git/Foundry-daggerheart/Portable-FoundryVTT-v13.348/App/resources/app/dist/database/backend/server-document.mjs:1:2782)","timestamp":"2026-03-12 19:01:18"}
{"level":"error","message":"An error occurred during the migration of Actor record [6wxPxm4joQnoIjdX] of database \"daggerheart-extra-content.more-adversaries\":\nError: Documents from a core version newer than the running version cannot be migrated\n    at Function._migrateRecord (file:///D:/Juegos/Foundry_daggerheart_git/Foundry-daggerheart/Portable-FoundryVTT-v13.348/App/resources/app/dist/database/backend/server-document.mjs:1:3713)\n    at Function._migrateDocuments (file:///D:/Juegos/Foundry_daggerheart_git/Foundry-daggerheart/Portable-FoundryVTT-v13.348/App/resources/app/dist/database/backend/server-document.mjs:1:2782)","timestamp":"2026-03-12 19:01:18"}
{"level":"error","message":"An error occurred during the migration of Actor record [CBjyTRc9xNjmDAM4] of database \"daggerheart-extra-content.more-adversaries\":\nError: Documents from a core version newer than the running version cannot be migrated\n    at Function._migrateRecord (file:///D:/Juegos/Foundry_daggerheart_git/Foundry-daggerheart/Portable-FoundryVTT-v13.348/App/resources/app/dist/database/backend/server-document.mjs:1:3713)\n    at Function._migrateDocuments (file:///D:/Juegos/Foundry_daggerheart_git/Foundry-daggerheart/Portable-FoundryVTT-v13.348/App/resources/app/dist/database/backend/server-document.mjs:1:2782)","timestamp":"2026-03-12 19:01:18"}
{"level":"error","message":"An error occurred during the migration of Actor record [D2mYxxduZN4h55cD] of database \"daggerheart-extra-content.more-adversaries\":\nError: Documents from a core version newer than the running version cannot be migrated\n    at Function._migrateRecord (file:///D:/Juegos/Foundry_daggerheart_git/Foundry-daggerheart/Portable-FoundryVTT-v13.348/App/resources/app/dist/database/backend/server-document.mjs:1:3713)\n    at Function._migrateDocuments (file:///D:/Juegos/Foundry_daggerheart_git/Foundry-daggerheart/Portable-FoundryVTT-v13.348/App/resources/app/dist/database/backend/server-document.mjs:1:2782)","timestamp":"2026-03-12 19:01:18"}
{"level":"error","message":"An error occurred during the migration of Actor record [GZeCYbWDzYS2iCF9] of database \"daggerheart-extra-content.more-adversaries\":\nError: Documents from a core version newer than the running version cannot be migrated\n    at Function._migrateRecord (file:///D:/Juegos/Foundry_daggerheart_git/Foundry-daggerheart/Portable-FoundryVTT-v13.348/App/resources/app/dist/database/backend/server-document.mjs:1:3713)\n    at Function._migrateDocuments (file:///D:/Juegos/Foundry_daggerheart_git/Foundry-daggerheart/Portable-FoundryVTT-v13.348/App/resources/app/dist/database/backend/server-document.mjs:1:2782)","timestamp":"2026-03-12 19:01:18"}
{"level":"error","message":"An error occurred during the migration of Actor record [HFoDDFrRRoLOx6rS] of database \"daggerheart-extra-content.more-adversaries\":\nError: Documents from a core version newer than the running version cannot be migrated\n    at Function._migrateRecord (file:///D:/Juegos/Foundry_daggerheart_git/Foundry-daggerheart/Portable-FoundryVTT-v13.348/App/resources/app/dist/database/backend/server-document.mjs:1:3713)\n    at Function._migrateDocuments (file:///D:/Juegos/Foundry_daggerheart_git/Foundry-daggerheart/Portable-FoundryVTT-v13.348/App/resources/app/dist/database/backend/server-document.mjs:1:2782)","timestamp":"2026-03-12 19:01:18"}
{"level":"error","message":"An error occurred during the migration of Actor record [Je6XBGhfDKSY3DEk] of database \"daggerheart-extra-content.more-adversaries\":\nError: Documents from a core version newer than the running version cannot be migrated\n    at Function._migrateRecord (file:///D:/Juegos/Foundry_daggerheart_git/Foundry-daggerheart/Portable-FoundryVTT-v13.348/App/resources/app/dist/database/backend/server-document.mjs:1:3713)\n    at Function._migrateDocuments (file:///D:/Juegos/Foundry_daggerheart_git/Foundry-daggerheart/Portable-FoundryVTT-v13.348/App/resources/app/dist/database/backend/server-document.mjs:1:2782)","timestamp":"2026-03-12 19:01:18"}
{"level":"error","message":"An error occurred during the migration of Actor record [RIpmM1hiW9aRSlR5] of database \"daggerheart-extra-content.more-adversaries\":\nError: Documents from a core version newer than the running version cannot be migrated\n    at Function._migrateRecord (file:///D:/Juegos/Foundry_daggerheart_git/Foundry-daggerheart/Portable-FoundryVTT-v13.348/App/resources/app/dist/database/backend/server-document.mjs:1:3713)\n    at Function._migrateDocuments (file:///D:/Juegos/Foundry_daggerheart_git/Foundry-daggerheart/Portable-FoundryVTT-v13.348/App/resources/app/dist/database/backend/server-document.mjs:1:2782)","timestamp":"2026-03-12 19:01:18"}
{"level":"error","message":"An error occurred during the migration of Actor record [RlIaKDY410J1Braw] of database \"daggerheart-extra-content.more-adversaries\":\nError: Documents from a core version newer than the running version cannot be migrated\n    at Function._migrateRecord (file:///D:/Juegos/Foundry_daggerheart_git/Foundry-daggerheart/Portable-FoundryVTT-v13.348/App/resources/app/dist/database/backend/server-document.mjs:1:3713)\n    at Function._migrateDocuments (file:///D:/Juegos/Foundry_daggerheart_git/Foundry-daggerheart/Portable-FoundryVTT-v13.348/App/resources/app/dist/database/backend/server-document.mjs:1:2782)","timestamp":"2026-03-12 19:01:18"}
{"level":"error","message":"An error occurred during the migration of Actor record [Uu7RvfCQnjz6CNhI] of database \"daggerheart-extra-content.more-adversaries\":\nError: Documents from a core version newer than the running version cannot be migrated\n    at Function._migrateRecord (file:///D:/Juegos/Foundry_daggerheart_git/Foundry-daggerheart/Portable-FoundryVTT-v13.348/App/resources/app/dist/database/backend/server-document.mjs:1:3713)\n    at Function._migrateDocuments (file:///D:/Juegos/Foundry_daggerheart_git/Foundry-daggerheart/Portable-FoundryVTT-v13.348/App/resources/app/dist/database/backend/server-document.mjs:1:2782)","timestamp":"2026-03-12 19:01:18"}
{"level":"error","message":"An error occurred during the migration of Actor record [dz7P6qQlXyDH34fj] of database \"daggerheart-extra-content.more-adversaries\":\nError: Documents from a core version newer than the running version cannot be migrated\n    at Function._migrateRecord (file:///D:/Juegos/Foundry_daggerheart_git/Foundry-daggerheart/Portable-FoundryVTT-v13.348/App/resources/app/dist/database/backend/server-document.mjs:1:3713)\n    at Function._migrateDocuments (file:///D:/Juegos/Foundry_daggerheart_git/Foundry-daggerheart/Portable-FoundryVTT-v13.348/App/resources/app/dist/database/backend/server-document.mjs:1:2782)","timestamp":"2026-03-12 19:01:18"}
{"level":"error","message":"An error occurred during the migration of Actor record [eQ87jrVECayfpio3] of database \"daggerheart-extra-content.more-adversaries\":\nError: Documents from a core version newer than the running version cannot be migrated\n    at Function._migrateRecord (file:///D:/Juegos/Foundry_daggerheart_git/Foundry-daggerheart/Portable-FoundryVTT-v13.348/App/resources/app/dist/database/backend/server-document.mjs:1:3713)\n    at Function._migrateDocuments (file:///D:/Juegos/Foundry_daggerheart_git/Foundry-daggerheart/Portable-FoundryVTT-v13.348/App/resources/app/dist/database/backend/server-document.mjs:1:2782)","timestamp":"2026-03-12 19:01:18"}
{"level":"error","message":"An error occurred during the migration of Actor record [f7a0iCjxLOcnoOry] of database \"daggerheart-extra-content.more-adversaries\":\nError: Documents from a core version newer than the running version cannot be migrated\n    at Function._migrateRecord (file:///D:/Juegos/Foundry_daggerheart_git/Foundry-daggerheart/Portable-FoundryVTT-v13.348/App/resources/app/dist/database/backend/server-document.mjs:1:3713)\n    at Function._migrateDocuments (file:///D:/Juegos/Foundry_daggerheart_git/Foundry-daggerheart/Portable-FoundryVTT-v13.348/App/resources/app/dist/database/backend/server-document.mjs:1:2782)","timestamp":"2026-03-12 19:01:18"}
{"level":"error","message":"An error occurred during the migration of Actor record [j0ncG4oNxG6c7CoZ] of database \"daggerheart-extra-content.more-adversaries\":\nError: Documents from a core version newer than the running version cannot be migrated\n    at Function._migrateRecord (file:///D:/Juegos/Foundry_daggerheart_git/Foundry-daggerheart/Portable-FoundryVTT-v13.348/App/resources/app/dist/database/backend/server-document.mjs:1:3713)\n    at Function._migrateDocuments (file:///D:/Juegos/Foundry_daggerheart_git/Foundry-daggerheart/Portable-FoundryVTT-v13.348/App/resources/app/dist/database/backend/server-document.mjs:1:2782)","timestamp":"2026-03-12 19:01:18"}
{"level":"error","message":"An error occurred during the migration of Actor record [n7SBEHvb48tFamKO] of database \"daggerheart-extra-content.more-adversaries\":\nError: Documents from a core version newer than the running version cannot be migrated\n    at Function._migrateRecord (file:///D:/Juegos/Foundry_daggerheart_git/Foundry-daggerheart/Portable-FoundryVTT-v13.348/App/resources/app/dist/database/backend/server-document.mjs:1:3713)\n    at Function._migrateDocuments (file:///D:/Juegos/Foundry_daggerheart_git/Foundry-daggerheart/Portable-FoundryVTT-v13.348/App/resources/app/dist/database/backend/server-document.mjs:1:2782)","timestamp":"2026-03-12 19:01:18"}
{"level":"error","message":"An error occurred during the migration of Actor record [p7LYTbyuPUNisLQ5] of database \"daggerheart-extra-content.more-adversaries\":\nError: Documents from a core version newer than the running version cannot be migrated\n    at Function._migrateRecord (file:///D:/Juegos/Foundry_daggerheart_git/Foundry-daggerheart/Portable-FoundryVTT-v13.348/App/resources/app/dist/database/backend/server-document.mjs:1:3713)\n    at Function._migrateDocuments (file:///D:/Juegos/Foundry_daggerheart_git/Foundry-daggerheart/Portable-FoundryVTT-v13.348/App/resources/app/dist/database/backend/server-document.mjs:1:2782)","timestamp":"2026-03-12 19:01:18"}
{"level":"error","message":"An error occurred during the migration of Actor record [pCEWxOqd7C0B9DxO] of database \"daggerheart-extra-content.more-adversaries\":\nError: Documents from a core version newer than the running version cannot be migrated\n    at Function._migrateRecord (file:///D:/Juegos/Foundry_daggerheart_git/Foundry-daggerheart/Portable-FoundryVTT-v13.348/App/resources/app/dist/database/backend/server-document.mjs:1:3713)\n    at Function._migrateDocuments (file:///D:/Juegos/Foundry_daggerheart_git/Foundry-daggerheart/Portable-FoundryVTT-v13.348/App/resources/app/dist/database/backend/server-document.mjs:1:2782)","timestamp":"2026-03-12 19:01:18"}
{"level":"error","message":"An error occurred during the migration of Actor record [pCkMBn3zgF4WA1zz] of database \"daggerheart-extra-content.more-adversaries\":\nError: Documents from a core version newer than the running version cannot be migrated\n    at Function._migrateRecord (file:///D:/Juegos/Foundry_daggerheart_git/Foundry-daggerheart/Portable-FoundryVTT-v13.348/App/resources/app/dist/database/backend/server-document.mjs:1:3713)\n    at Function._migrateDocuments (file:///D:/Juegos/Foundry_daggerheart_git/Foundry-daggerheart/Portable-FoundryVTT-v13.348/App/resources/app/dist/database/backend/server-document.mjs:1:2782)","timestamp":"2026-03-12 19:01:18"}
{"level":"error","message":"An error occurred during the migration of Actor record [sEtsUW24RgFB83TQ] of database \"daggerheart-extra-content.more-adversaries\":\nError: Documents from a core version newer than the running version cannot be migrated\n    at Function._migrateRecord (file:///D:/Juegos/Foundry_daggerheart_git/Foundry-daggerheart/Portable-FoundryVTT-v13.348/App/resources/app/dist/database/backend/server-document.mjs:1:3713)\n    at Function._migrateDocuments (file:///D:/Juegos/Foundry_daggerheart_git/Foundry-daggerheart/Portable-FoundryVTT-v13.348/App/resources/app/dist/database/backend/server-document.mjs:1:2782)","timestamp":"2026-03-12 19:01:18"}
{"level":"error","message":"An error occurred during the migration of Actor record [sKqhR4Gzsc953DBq] of database \"daggerheart-extra-content.more-adversaries\":\nError: Documents from a core version newer than the running version cannot be migrated\n    at Function._migrateRecord (file:///D:/Juegos/Foundry_daggerheart_git/Foundry-daggerheart/Portable-FoundryVTT-v13.348/App/resources/app/dist/database/backend/server-document.mjs:1:3713)\n    at Function._migrateDocuments (file:///D:/Juegos/Foundry_daggerheart_git/Foundry-daggerheart/Portable-FoundryVTT-v13.348/App/resources/app/dist/database/backend/server-document.mjs:1:2782)","timestamp":"2026-03-12 19:01:18"}
{"level":"warn","message":"Database daggerheart-extra-content.more-adversaries was not fully migrated due to errors during migration.","timestamp":"2026-03-12 19:01:18"}
{"level":"info","message":"Launching World | Migrating Package Data - 55%","timestamp":"2026-03-12 19:01:18"}
{"level":"info","message":"Launching World | Migrating Package Data - 57%","timestamp":"2026-03-12 19:01:18"}
{"level":"info","message":"Launching World | Migrating Package Data - 59%","timestamp":"2026-03-12 19:01:18"}
{"level":"error","message":"An error occurred during the migration of Item record [04I86qVoEQ310sCR] of database \"daggerheart-extra-content.ancestry\":\nError: Documents from a core version newer than the running version cannot be migrated\n    at Function._migrateRecord (file:///D:/Juegos/Foundry_daggerheart_git/Foundry-daggerheart/Portable-FoundryVTT-v13.348/App/resources/app/dist/database/backend/server-document.mjs:1:3713)\n    at Function._migrateDocuments (file:///D:/Juegos/Foundry_daggerheart_git/Foundry-daggerheart/Portable-FoundryVTT-v13.348/App/resources/app/dist/database/backend/server-document.mjs:1:2782)","timestamp":"2026-03-12 19:01:18"}
{"level":"error","message":"An error occurred during the migration of Item record [2zyMaehKcKOEGM4E] of database \"daggerheart-extra-content.ancestry\":\nError: Documents from a core version newer than the running version cannot be migrated\n    at Function._migrateRecord (file:///D:/Juegos/Foundry_daggerheart_git/Foundry-daggerheart/Portable-FoundryVTT-v13.348/App/resources/app/dist/database/backend/server-document.mjs:1:3713)\n    at Function._migrateDocuments (file:///D:/Juegos/Foundry_daggerheart_git/Foundry-daggerheart/Portable-FoundryVTT-v13.348/App/resources/app/dist/database/backend/server-document.mjs:1:2782)","timestamp":"2026-03-12 19:01:18"}
{"level":"error","message":"An error occurred during the migration of Item record [Fc3hqveUPZNSVSk7] of database \"daggerheart-extra-content.ancestry\":\nError: Documents from a core version newer than the running version cannot be migrated\n    at Function._migrateRecord (file:///D:/Juegos/Foundry_daggerheart_git/Foundry-daggerheart/Portable-FoundryVTT-v13.348/App/resources/app/dist/database/backend/server-document.mjs:1:3713)\n    at Function._migrateDocuments (file:///D:/Juegos/Foundry_daggerheart_git/Foundry-daggerheart/Portable-FoundryVTT-v13.348/App/resources/app/dist/database/backend/server-document.mjs:1:2782)","timestamp":"2026-03-12 19:01:18"}
{"level":"error","message":"An error occurred during the migration of Item record [QbBbdOgrtxEIWQHB] of database \"daggerheart-extra-content.ancestry\":\nError: Documents from a core version newer than the running version cannot be migrated\n    at Function._migrateRecord (file:///D:/Juegos/Foundry_daggerheart_git/Foundry-daggerheart/Portable-FoundryVTT-v13.348/App/resources/app/dist/database/backend/server-document.mjs:1:3713)\n    at Function._migrateDocuments (file:///D:/Juegos/Foundry_daggerheart_git/Foundry-daggerheart/Portable-FoundryVTT-v13.348/App/resources/app/dist/database/backend/server-document.mjs:1:2782)","timestamp":"2026-03-12 19:01:18"}
{"level":"error","message":"An error occurred during the migration of Item record [WOHi9gvF8Ha10EnF] of database \"daggerheart-extra-content.ancestry\":\nError: Documents from a core version newer than the running version cannot be migrated\n    at Function._migrateRecord (file:///D:/Juegos/Foundry_daggerheart_git/Foundry-daggerheart/Portable-FoundryVTT-v13.348/App/resources/app/dist/database/backend/server-document.mjs:1:3713)\n    at Function._migrateDocuments (file:///D:/Juegos/Foundry_daggerheart_git/Foundry-daggerheart/Portable-FoundryVTT-v13.348/App/resources/app/dist/database/backend/server-document.mjs:1:2782)","timestamp":"2026-03-12 19:01:18"}
{"level":"error","message":"An error occurred during the migration of Item record [jP4n9wzq0wvfxULo] of database \"daggerheart-extra-content.ancestry\":\nError: Documents from a core version newer than the running version cannot be migrated\n    at Function._migrateRecord (file:///D:/Juegos/Foundry_daggerheart_git/Foundry-daggerheart/Portable-FoundryVTT-v13.348/App/resources/app/dist/database/backend/server-document.mjs:1:3713)\n    at Function._migrateDocuments (file:///D:/Juegos/Foundry_daggerheart_git/Foundry-daggerheart/Portable-FoundryVTT-v13.348/App/resources/app/dist/database/backend/server-document.mjs:1:2782)","timestamp":"2026-03-12 19:01:18"}
{"level":"error","message":"An error occurred during the migration of Item record [pjtNmhoBNxjrzRPk] of database \"daggerheart-extra-content.ancestry\":\nError: Documents from a core version newer than the running version cannot be migrated\n    at Function._migrateRecord (file:///D:/Juegos/Foundry_daggerheart_git/Foundry-daggerheart/Portable-FoundryVTT-v13.348/App/resources/app/dist/database/backend/server-document.mjs:1:3713)\n    at Function._migrateDocuments (file:///D:/Juegos/Foundry_daggerheart_git/Foundry-daggerheart/Portable-FoundryVTT-v13.348/App/resources/app/dist/database/backend/server-document.mjs:1:2782)","timestamp":"2026-03-12 19:01:18"}
{"level":"error","message":"An error occurred during the migration of Item record [vWfsYRjrKPUne2nZ] of database \"daggerheart-extra-content.ancestry\":\nError: Documents from a core version newer than the running version cannot be migrated\n    at Function._migrateRecord (file:///D:/Juegos/Foundry_daggerheart_git/Foundry-daggerheart/Portable-FoundryVTT-v13.348/App/resources/app/dist/database/backend/server-document.mjs:1:3713)\n    at Function._migrateDocuments (file:///D:/Juegos/Foundry_daggerheart_git/Foundry-daggerheart/Portable-FoundryVTT-v13.348/App/resources/app/dist/database/backend/server-document.mjs:1:2782)","timestamp":"2026-03-12 19:01:18"}
{"level":"error","message":"An error occurred during the migration of Item record [y4tOp4lUYpyC7YJW] of database \"daggerheart-extra-content.ancestry\":\nError: Documents from a core version newer than the running version cannot be migrated\n    at Function._migrateRecord (file:///D:/Juegos/Foundry_daggerheart_git/Foundry-daggerheart/Portable-FoundryVTT-v13.348/App/resources/app/dist/database/backend/server-document.mjs:1:3713)\n    at Function._migrateDocuments (file:///D:/Juegos/Foundry_daggerheart_git/Foundry-daggerheart/Portable-FoundryVTT-v13.348/App/resources/app/dist/database/backend/server-document.mjs:1:2782)","timestamp":"2026-03-12 19:01:18"}
{"level":"warn","message":"Database daggerheart-extra-content.ancestry was not fully migrated due to errors during migration.","timestamp":"2026-03-12 19:01:18"}
{"level":"info","message":"Launching World | Migrating Package Data - 61%","timestamp":"2026-03-12 19:01:18"}
{"level":"info","message":"Launching World | Migrating Package Data - 63%","timestamp":"2026-03-12 19:01:18"}
{"level":"error","message":"An error occurred during the migration of Item record [8D0NQR901j0Kx0zb] of database \"daggerheart-extra-content.classes\":\nError: Documents from a core version newer than the running version cannot be migrated\n    at Function._migrateRecord (file:///D:/Juegos/Foundry_daggerheart_git/Foundry-daggerheart/Portable-FoundryVTT-v13.348/App/resources/app/dist/database/backend/server-document.mjs:1:3713)\n    at Function._migrateDocuments (file:///D:/Juegos/Foundry_daggerheart_git/Foundry-daggerheart/Portable-FoundryVTT-v13.348/App/resources/app/dist/database/backend/server-document.mjs:1:2782)","timestamp":"2026-03-12 19:01:18"}
{"level":"error","message":"An error occurred during the migration of Item record [B90E3nk0uBeZpPw8] of database \"daggerheart-extra-content.classes\":\nError: Documents from a core version newer than the running version cannot be migrated\n    at Function._migrateRecord (file:///D:/Juegos/Foundry_daggerheart_git/Foundry-daggerheart/Portable-FoundryVTT-v13.348/App/resources/app/dist/database/backend/server-document.mjs:1:3713)\n    at Function._migrateDocuments (file:///D:/Juegos/Foundry_daggerheart_git/Foundry-daggerheart/Portable-FoundryVTT-v13.348/App/resources/app/dist/database/backend/server-document.mjs:1:2782)","timestamp":"2026-03-12 19:01:18"}
{"level":"error","message":"An error occurred during the migration of Item record [E5d3CnR98vEXt8QS] of database \"daggerheart-extra-content.classes\":\nError: Documents from a core version newer than the running version cannot be migrated\n    at Function._migrateRecord (file:///D:/Juegos/Foundry_daggerheart_git/Foundry-daggerheart/Portable-FoundryVTT-v13.348/App/resources/app/dist/database/backend/server-document.mjs:1:3713)\n    at Function._migrateDocuments (file:///D:/Juegos/Foundry_daggerheart_git/Foundry-daggerheart/Portable-FoundryVTT-v13.348/App/resources/app/dist/database/backend/server-document.mjs:1:2782)","timestamp":"2026-03-12 19:01:18"}
{"level":"error","message":"An error occurred during the migration of Item record [EcUepPeaFQz7tnme] of database \"daggerheart-extra-content.classes\":\nError: Documents from a core version newer than the running version cannot be migrated\n    at Function._migrateRecord (file:///D:/Juegos/Foundry_daggerheart_git/Foundry-daggerheart/Portable-FoundryVTT-v13.348/App/resources/app/dist/database/backend/server-document.mjs:1:3713)\n    at Function._migrateDocuments (file:///D:/Juegos/Foundry_daggerheart_git/Foundry-daggerheart/Portable-FoundryVTT-v13.348/App/resources/app/dist/database/backend/server-document.mjs:1:2782)","timestamp":"2026-03-12 19:01:18"}
{"level":"error","message":"An error occurred during the migration of Item record [MAT6l8tUvELiLK4L] of database \"daggerheart-extra-content.classes\":\nError: Documents from a core version newer than the running version cannot be migrated\n    at Function._migrateRecord (file:///D:/Juegos/Foundry_daggerheart_git/Foundry-daggerheart/Portable-FoundryVTT-v13.348/App/resources/app/dist/database/backend/server-document.mjs:1:3713)\n    at Function._migrateDocuments (file:///D:/Juegos/Foundry_daggerheart_git/Foundry-daggerheart/Portable-FoundryVTT-v13.348/App/resources/app/dist/database/backend/server-document.mjs:1:2782)","timestamp":"2026-03-12 19:01:18"}
{"level":"error","message":"An error occurred during the migration of Item record [N4mXcAWdpFYJdWZn] of database \"daggerheart-extra-content.classes\":\nError: Documents from a core version newer than the running version cannot be migrated\n    at Function._migrateRecord (file:///D:/Juegos/Foundry_daggerheart_git/Foundry-daggerheart/Portable-FoundryVTT-v13.348/App/resources/app/dist/database/backend/server-document.mjs:1:3713)\n    at Function._migrateDocuments (file:///D:/Juegos/Foundry_daggerheart_git/Foundry-daggerheart/Portable-FoundryVTT-v13.348/App/resources/app/dist/database/backend/server-document.mjs:1:2782)","timestamp":"2026-03-12 19:01:18"}
{"level":"error","message":"An error occurred during the migration of Item record [g01PAvRJsgiUHpnD] of database \"daggerheart-extra-content.classes\":\nError: Documents from a core version newer than the running version cannot be migrated\n    at Function._migrateRecord (file:///D:/Juegos/Foundry_daggerheart_git/Foundry-daggerheart/Portable-FoundryVTT-v13.348/App/resources/app/dist/database/backend/server-document.mjs:1:3713)\n    at Function._migrateDocuments (file:///D:/Juegos/Foundry_daggerheart_git/Foundry-daggerheart/Portable-FoundryVTT-v13.348/App/resources/app/dist/database/backend/server-document.mjs:1:2782)","timestamp":"2026-03-12 19:01:18"}
{"level":"error","message":"An error occurred during the migration of Item record [hXehaNaOdYzSJqxf] of database \"daggerheart-extra-content.classes\":\nError: Documents from a core version newer than the running version cannot be migrated\n    at Function._migrateRecord (file:///D:/Juegos/Foundry_daggerheart_git/Foundry-daggerheart/Portable-FoundryVTT-v13.348/App/resources/app/dist/database/backend/server-document.mjs:1:3713)\n    at Function._migrateDocuments (file:///D:/Juegos/Foundry_daggerheart_git/Foundry-daggerheart/Portable-FoundryVTT-v13.348/App/resources/app/dist/database/backend/server-document.mjs:1:2782)","timestamp":"2026-03-12 19:01:18"}
{"level":"error","message":"An error occurred during the migration of Item record [k4NTq8kIqQNNv9bl] of database \"daggerheart-extra-content.classes\":\nError: Documents from a core version newer than the running version cannot be migrated\n    at Function._migrateRecord (file:///D:/Juegos/Foundry_daggerheart_git/Foundry-daggerheart/Portable-FoundryVTT-v13.348/App/resources/app/dist/database/backend/server-document.mjs:1:3713)\n    at Function._migrateDocuments (file:///D:/Juegos/Foundry_daggerheart_git/Foundry-daggerheart/Portable-FoundryVTT-v13.348/App/resources/app/dist/database/backend/server-document.mjs:1:2782)","timestamp":"2026-03-12 19:01:18"}
{"level":"error","message":"An error occurred during the migration of Item record [m0xIb9uq6tlZdsoz] of database \"daggerheart-extra-content.classes\":\nError: Documents from a core version newer than the running version cannot be migrated\n    at Function._migrateRecord (file:///D:/Juegos/Foundry_daggerheart_git/Foundry-daggerheart/Portable-FoundryVTT-v13.348/App/resources/app/dist/database/backend/server-document.mjs:1:3713)\n    at Function._migrateDocuments (file:///D:/Juegos/Foundry_daggerheart_git/Foundry-daggerheart/Portable-FoundryVTT-v13.348/App/resources/app/dist/database/backend/server-document.mjs:1:2782)","timestamp":"2026-03-12 19:01:18"}
{"level":"error","message":"An error occurred during the migration of Item record [mYoYtle6DKA0UwQd] of database \"daggerheart-extra-content.classes\":\nError: Documents from a core version newer than the running version cannot be migrated\n    at Function._migrateRecord (file:///D:/Juegos/Foundry_daggerheart_git/Foundry-daggerheart/Portable-FoundryVTT-v13.348/App/resources/app/dist/database/backend/server-document.mjs:1:3713)\n    at Function._migrateDocuments (file:///D:/Juegos/Foundry_daggerheart_git/Foundry-daggerheart/Portable-FoundryVTT-v13.348/App/resources/app/dist/database/backend/server-document.mjs:1:2782)","timestamp":"2026-03-12 19:01:18"}
{"level":"error","message":"An error occurred during the migration of Item record [xGemeGMXhosaM22K] of database \"daggerheart-extra-content.classes\":\nError: Documents from a core version newer than the running version cannot be migrated\n    at Function._migrateRecord (file:///D:/Juegos/Foundry_daggerheart_git/Foundry-daggerheart/Portable-FoundryVTT-v13.348/App/resources/app/dist/database/backend/server-document.mjs:1:3713)\n    at Function._migrateDocuments (file:///D:/Juegos/Foundry_daggerheart_git/Foundry-daggerheart/Portable-FoundryVTT-v13.348/App/resources/app/dist/database/backend/server-document.mjs:1:2782)","timestamp":"2026-03-12 19:01:18"}
{"level":"error","message":"An error occurred during the migration of Item record [zzaKRTPuYEahfilp] of database \"daggerheart-extra-content.classes\":\nError: Documents from a core version newer than the running version cannot be migrated\n    at Function._migrateRecord (file:///D:/Juegos/Foundry_daggerheart_git/Foundry-daggerheart/Portable-FoundryVTT-v13.348/App/resources/app/dist/database/backend/server-document.mjs:1:3713)\n    at Function._migrateDocuments (file:///D:/Juegos/Foundry_daggerheart_git/Foundry-daggerheart/Portable-FoundryVTT-v13.348/App/resources/app/dist/database/backend/server-document.mjs:1:2782)","timestamp":"2026-03-12 19:01:18"}
{"level":"warn","message":"Database daggerheart-extra-content.classes was not fully migrated due to errors during migration.","timestamp":"2026-03-12 19:01:18"}
{"level":"info","message":"Launching World | Migrating Package Data - 65%","timestamp":"2026-03-12 19:01:18"}
{"level":"error","message":"An error occurred during the migration of Item record [0YAGrauVMvqpHUou] of database \"daggerheart-extra-content.subclasses\":\nError: Documents from a core version newer than the running version cannot be migrated\n    at Function._migrateRecord (file:///D:/Juegos/Foundry_daggerheart_git/Foundry-daggerheart/Portable-FoundryVTT-v13.348/App/resources/app/dist/database/backend/server-document.mjs:1:3713)\n    at Function._migrateDocuments (file:///D:/Juegos/Foundry_daggerheart_git/Foundry-daggerheart/Portable-FoundryVTT-v13.348/App/resources/app/dist/database/backend/server-document.mjs:1:2782)","timestamp":"2026-03-12 19:01:18"}
{"level":"error","message":"An error occurred during the migration of Item record [1vMdJBGISqJYzAA8] of database \"daggerheart-extra-content.subclasses\":\nError: Documents from a core version newer than the running version cannot be migrated\n    at Function._migrateRecord (file:///D:/Juegos/Foundry_daggerheart_git/Foundry-daggerheart/Portable-FoundryVTT-v13.348/App/resources/app/dist/database/backend/server-document.mjs:1:3713)\n    at Function._migrateDocuments (file:///D:/Juegos/Foundry_daggerheart_git/Foundry-daggerheart/Portable-FoundryVTT-v13.348/App/resources/app/dist/database/backend/server-document.mjs:1:2782)","timestamp":"2026-03-12 19:01:18"}
{"level":"error","message":"An error occurred during the migration of Item record [48oK5ke7KNhEoSBK] of database \"daggerheart-extra-content.subclasses\":\nError: Documents from a core version newer than the running version cannot be migrated\n    at Function._migrateRecord (file:///D:/Juegos/Foundry_daggerheart_git/Foundry-daggerheart/Portable-FoundryVTT-v13.348/App/resources/app/dist/database/backend/server-document.mjs:1:3713)\n    at Function._migrateDocuments (file:///D:/Juegos/Foundry_daggerheart_git/Foundry-daggerheart/Portable-FoundryVTT-v13.348/App/resources/app/dist/database/backend/server-document.mjs:1:2782)","timestamp":"2026-03-12 19:01:18"}
{"level":"error","message":"An error occurred during the migration of Item record [DeyoqbkHGP5Zm5bb] of database \"daggerheart-extra-content.subclasses\":\nError: Documents from a core version newer than the running version cannot be migrated\n    at Function._migrateRecord (file:///D:/Juegos/Foundry_daggerheart_git/Foundry-daggerheart/Portable-FoundryVTT-v13.348/App/resources/app/dist/database/backend/server-document.mjs:1:3713)\n    at Function._migrateDocuments (file:///D:/Juegos/Foundry_daggerheart_git/Foundry-daggerheart/Portable-FoundryVTT-v13.348/App/resources/app/dist/database/backend/server-document.mjs:1:2782)","timestamp":"2026-03-12 19:01:18"}
{"level":"error","message":"An error occurred during the migration of Item record [HQmOhlvOcO5GjiRG] of database \"daggerheart-extra-content.subclasses\":\nError: Documents from a core version newer than the running version cannot be migrated\n    at Function._migrateRecord (file:///D:/Juegos/Foundry_daggerheart_git/Foundry-daggerheart/Portable-FoundryVTT-v13.348/App/resources/app/dist/database/backend/server-document.mjs:1:3713)\n    at Function._migrateDocuments (file:///D:/Juegos/Foundry_daggerheart_git/Foundry-daggerheart/Portable-FoundryVTT-v13.348/App/resources/app/dist/database/backend/server-document.mjs:1:2782)","timestamp":"2026-03-12 19:01:18"}
{"level":"error","message":"An error occurred during the migration of Item record [LCqFlGKsObwYDIEm] of database \"daggerheart-extra-content.subclasses\":\nError: Documents from a core version newer than the running version cannot be migrated\n    at Function._migrateRecord (file:///D:/Juegos/Foundry_daggerheart_git/Foundry-daggerheart/Portable-FoundryVTT-v13.348/App/resources/app/dist/database/backend/server-document.mjs:1:3713)\n    at Function._migrateDocuments (file:///D:/Juegos/Foundry_daggerheart_git/Foundry-daggerheart/Portable-FoundryVTT-v13.348/App/resources/app/dist/database/backend/server-document.mjs:1:2782)","timestamp":"2026-03-12 19:01:18"}
{"level":"error","message":"An error occurred during the migration of Item record [ThjRka7o73hN3p0B] of database \"daggerheart-extra-content.subclasses\":\nError: Documents from a core version newer than the running version cannot be migrated\n    at Function._migrateRecord (file:///D:/Juegos/Foundry_daggerheart_git/Foundry-daggerheart/Portable-FoundryVTT-v13.348/App/resources/app/dist/database/backend/server-document.mjs:1:3713)\n    at Function._migrateDocuments (file:///D:/Juegos/Foundry_daggerheart_git/Foundry-daggerheart/Portable-FoundryVTT-v13.348/App/resources/app/dist/database/backend/server-document.mjs:1:2782)","timestamp":"2026-03-12 19:01:18"}
{"level":"error","message":"An error occurred during the migration of Item record [UOiFsix0pZrccp1y] of database \"daggerheart-extra-content.subclasses\":\nError: Documents from a core version newer than the running version cannot be migrated\n    at Function._migrateRecord (file:///D:/Juegos/Foundry_daggerheart_git/Foundry-daggerheart/Portable-FoundryVTT-v13.348/App/resources/app/dist/database/backend/server-document.mjs:1:3713)\n    at Function._migrateDocuments (file:///D:/Juegos/Foundry_daggerheart_git/Foundry-daggerheart/Portable-FoundryVTT-v13.348/App/resources/app/dist/database/backend/server-document.mjs:1:2782)","timestamp":"2026-03-12 19:01:18"}
{"level":"error","message":"An error occurred during the migration of Item record [YtPj46QA47slm76U] of database \"daggerheart-extra-content.subclasses\":\nError: Documents from a core version newer than the running version cannot be migrated\n    at Function._migrateRecord (file:///D:/Juegos/Foundry_daggerheart_git/Foundry-daggerheart/Portable-FoundryVTT-v13.348/App/resources/app/dist/database/backend/server-document.mjs:1:3713)\n    at Function._migrateDocuments (file:///D:/Juegos/Foundry_daggerheart_git/Foundry-daggerheart/Portable-FoundryVTT-v13.348/App/resources/app/dist/database/backend/server-document.mjs:1:2782)","timestamp":"2026-03-12 19:01:18"}
{"level":"error","message":"An error occurred during the migration of Item record [Z2oD6qtFjxzDYqWV] of database \"daggerheart-extra-content.subclasses\":\nError: Documents from a core version newer than the running version cannot be migrated\n    at Function._migrateRecord (file:///D:/Juegos/Foundry_daggerheart_git/Foundry-daggerheart/Portable-FoundryVTT-v13.348/App/resources/app/dist/database/backend/server-document.mjs:1:3713)\n    at Function._migrateDocuments (file:///D:/Juegos/Foundry_daggerheart_git/Foundry-daggerheart/Portable-FoundryVTT-v13.348/App/resources/app/dist/database/backend/server-document.mjs:1:2782)","timestamp":"2026-03-12 19:01:18"}
{"level":"error","message":"An error occurred during the migration of Item record [aKNaVPnQeDzCZl6w] of database \"daggerheart-extra-content.subclasses\":\nError: Documents from a core version newer than the running version cannot be migrated\n    at Function._migrateRecord (file:///D:/Juegos/Foundry_daggerheart_git/Foundry-daggerheart/Portable-FoundryVTT-v13.348/App/resources/app/dist/database/backend/server-document.mjs:1:3713)\n    at Function._migrateDocuments (file:///D:/Juegos/Foundry_daggerheart_git/Foundry-daggerheart/Portable-FoundryVTT-v13.348/App/resources/app/dist/database/backend/server-document.mjs:1:2782)","timestamp":"2026-03-12 19:01:18"}
{"level":"error","message":"An error occurred during the migration of Item record [bQMybQa340rpMCR8] of database \"daggerheart-extra-content.subclasses\":\nError: Documents from a core version newer than the running version cannot be migrated\n    at Function._migrateRecord (file:///D:/Juegos/Foundry_daggerheart_git/Foundry-daggerheart/Portable-FoundryVTT-v13.348/App/resources/app/dist/database/backend/server-document.mjs:1:3713)\n    at Function._migrateDocuments (file:///D:/Juegos/Foundry_daggerheart_git/Foundry-daggerheart/Portable-FoundryVTT-v13.348/App/resources/app/dist/database/backend/server-document.mjs:1:2782)","timestamp":"2026-03-12 19:01:18"}
{"level":"error","message":"An error occurred during the migration of Item record [eM46wwEPFHNI99sq] of database \"daggerheart-extra-content.subclasses\":\nError: Documents from a core version newer than the running version cannot be migrated\n    at Function._migrateRecord (file:///D:/Juegos/Foundry_daggerheart_git/Foundry-daggerheart/Portable-FoundryVTT-v13.348/App/resources/app/dist/database/backend/server-document.mjs:1:3713)\n    at Function._migrateDocuments (file:///D:/Juegos/Foundry_daggerheart_git/Foundry-daggerheart/Portable-FoundryVTT-v13.348/App/resources/app/dist/database/backend/server-document.mjs:1:2782)","timestamp":"2026-03-12 19:01:18"}
{"level":"error","message":"An error occurred during the migration of Item record [eQ8YQvNFJJnz9OqQ] of database \"daggerheart-extra-content.subclasses\":\nError: Documents from a core version newer than the running version cannot be migrated\n    at Function._migrateRecord (file:///D:/Juegos/Foundry_daggerheart_git/Foundry-daggerheart/Portable-FoundryVTT-v13.348/App/resources/app/dist/database/backend/server-document.mjs:1:3713)\n    at Function._migrateDocuments (file:///D:/Juegos/Foundry_daggerheart_git/Foundry-daggerheart/Portable-FoundryVTT-v13.348/App/resources/app/dist/database/backend/server-document.mjs:1:2782)","timestamp":"2026-03-12 19:01:18"}
{"level":"error","message":"An error occurred during the migration of Item record [hRIq3JkT9ZwZr5Qf] of database \"daggerheart-extra-content.subclasses\":\nError: Documents from a core version newer than the running version cannot be migrated\n    at Function._migrateRecord (file:///D:/Juegos/Foundry_daggerheart_git/Foundry-daggerheart/Portable-FoundryVTT-v13.348/App/resources/app/dist/database/backend/server-document.mjs:1:3713)\n    at Function._migrateDocuments (file:///D:/Juegos/Foundry_daggerheart_git/Foundry-daggerheart/Portable-FoundryVTT-v13.348/App/resources/app/dist/database/backend/server-document.mjs:1:2782)","timestamp":"2026-03-12 19:01:18"}
{"level":"error","message":"An error occurred during the migration of Item record [hZqlmZX7lIGN3auH] of database \"daggerheart-extra-content.subclasses\":\nError: Documents from a core version newer than the running version cannot be migrated\n    at Function._migrateRecord (file:///D:/Juegos/Foundry_daggerheart_git/Foundry-daggerheart/Portable-FoundryVTT-v13.348/App/resources/app/dist/database/backend/server-document.mjs:1:3713)\n    at Function._migrateDocuments (file:///D:/Juegos/Foundry_daggerheart_git/Foundry-daggerheart/Portable-FoundryVTT-v13.348/App/resources/app/dist/database/backend/server-document.mjs:1:2782)","timestamp":"2026-03-12 19:01:18"}
{"level":"error","message":"An error occurred during the migration of Item record [lwShv1Is6MN1zDor] of database \"daggerheart-extra-content.subclasses\":\nError: Documents from a core version newer than the running version cannot be migrated\n    at Function._migrateRecord (file:///D:/Juegos/Foundry_daggerheart_git/Foundry-daggerheart/Portable-FoundryVTT-v13.348/App/resources/app/dist/database/backend/server-document.mjs:1:3713)\n    at Function._migrateDocuments (file:///D:/Juegos/Foundry_daggerheart_git/Foundry-daggerheart/Portable-FoundryVTT-v13.348/App/resources/app/dist/database/backend/server-document.mjs:1:2782)","timestamp":"2026-03-12 19:01:18"}
{"level":"error","message":"An error occurred during the migration of Item record [oWFZxLUa6apOCBW6] of database \"daggerheart-extra-content.subclasses\":\nError: Documents from a core version newer than the running version cannot be migrated\n    at Function._migrateRecord (file:///D:/Juegos/Foundry_daggerheart_git/Foundry-daggerheart/Portable-FoundryVTT-v13.348/App/resources/app/dist/database/backend/server-document.mjs:1:3713)\n    at Function._migrateDocuments (file:///D:/Juegos/Foundry_daggerheart_git/Foundry-daggerheart/Portable-FoundryVTT-v13.348/App/resources/app/dist/database/backend/server-document.mjs:1:2782)","timestamp":"2026-03-12 19:01:18"}
{"level":"error","message":"An error occurred during the migration of Item record [uZZCmokDQbizjw1d] of database \"daggerheart-extra-content.subclasses\":\nError: Documents from a core version newer than the running version cannot be migrated\n    at Function._migrateRecord (file:///D:/Juegos/Foundry_daggerheart_git/Foundry-daggerheart/Portable-FoundryVTT-v13.348/App/resources/app/dist/database/backend/server-document.mjs:1:3713)\n    at Function._migrateDocuments (file:///D:/Juegos/Foundry_daggerheart_git/Foundry-daggerheart/Portable-FoundryVTT-v13.348/App/resources/app/dist/database/backend/server-document.mjs:1:2782)","timestamp":"2026-03-12 19:01:18"}
{"level":"error","message":"An error occurred during the migration of Item record [ytYGENKq8AtjYqTb] of database \"daggerheart-extra-content.subclasses\":\nError: Documents from a core version newer than the running version cannot be migrated\n    at Function._migrateRecord (file:///D:/Juegos/Foundry_daggerheart_git/Foundry-daggerheart/Portable-FoundryVTT-v13.348/App/resources/app/dist/database/backend/server-document.mjs:1:3713)\n    at Function._migrateDocuments (file:///D:/Juegos/Foundry_daggerheart_git/Foundry-daggerheart/Portable-FoundryVTT-v13.348/App/resources/app/dist/database/backend/server-document.mjs:1:2782)","timestamp":"2026-03-12 19:01:18"}
{"level":"warn","message":"Database daggerheart-extra-content.subclasses was not fully migrated due to errors during migration.","timestamp":"2026-03-12 19:01:18"}
{"level":"info","message":"Launching World | Migrating Package Data - 67%","timestamp":"2026-03-12 19:01:18"}
{"level":"error","message":"An error occurred during the migration of JournalEntry record [0HoIamgOonkR18O4] of database \"daggerheart-quickrules.quickrules\":\nError: Documents from a core version newer than the running version cannot be migrated\n    at Function._migrateRecord (file:///D:/Juegos/Foundry_daggerheart_git/Foundry-daggerheart/Portable-FoundryVTT-v13.348/App/resources/app/dist/database/backend/server-document.mjs:1:3713)\n    at Function._migrateDocuments (file:///D:/Juegos/Foundry_daggerheart_git/Foundry-daggerheart/Portable-FoundryVTT-v13.348/App/resources/app/dist/database/backend/server-document.mjs:1:2782)","timestamp":"2026-03-12 19:01:18"}
{"level":"warn","message":"Database daggerheart-quickrules.quickrules was not fully migrated due to errors during migration.","timestamp":"2026-03-12 19:01:18"}
{"level":"info","message":"Launching World | Migrating Package Data - 69%","timestamp":"2026-03-12 19:01:18"}
{"level":"error","message":"An error occurred during the migration of Macro record [086BACDhwjoSfMJT] of database \"daggerheart-quickrules.macros\":\nError: Documents from a core version newer than the running version cannot be migrated\n    at Function._migrateRecord (file:///D:/Juegos/Foundry_daggerheart_git/Foundry-daggerheart/Portable-FoundryVTT-v13.348/App/resources/app/dist/database/backend/server-document.mjs:1:3713)\n    at Function._migrateDocuments (file:///D:/Juegos/Foundry_daggerheart_git/Foundry-daggerheart/Portable-FoundryVTT-v13.348/App/resources/app/dist/database/backend/server-document.mjs:1:2782)","timestamp":"2026-03-12 19:01:18"}
{"level":"error","message":"An error occurred during the migration of Macro record [C7DfAjaPcDZcyZPb] of database \"daggerheart-quickrules.macros\":\nError: Documents from a core version newer than the running version cannot be migrated\n    at Function._migrateRecord (file:///D:/Juegos/Foundry_daggerheart_git/Foundry-daggerheart/Portable-FoundryVTT-v13.348/App/resources/app/dist/database/backend/server-document.mjs:1:3713)\n    at Function._migrateDocuments (file:///D:/Juegos/Foundry_daggerheart_git/Foundry-daggerheart/Portable-FoundryVTT-v13.348/App/resources/app/dist/database/backend/server-document.mjs:1:2782)","timestamp":"2026-03-12 19:01:18"}
{"level":"error","message":"An error occurred during the migration of Macro record [U7DIFavJ2nzUNPTF] of database \"daggerheart-quickrules.macros\":\nError: Documents from a core version newer than the running version cannot be migrated\n    at Function._migrateRecord (file:///D:/Juegos/Foundry_daggerheart_git/Foundry-daggerheart/Portable-FoundryVTT-v13.348/App/resources/app/dist/database/backend/server-document.mjs:1:3713)\n    at Function._migrateDocuments (file:///D:/Juegos/Foundry_daggerheart_git/Foundry-daggerheart/Portable-FoundryVTT-v13.348/App/resources/app/dist/database/backend/server-document.mjs:1:2782)","timestamp":"2026-03-12 19:01:18"}
{"level":"warn","message":"Database daggerheart-quickrules.macros was not fully migrated due to errors during migration.","timestamp":"2026-03-12 19:01:18"}
{"level":"info","message":"Launching World | Migrating Package Data - 71%","timestamp":"2026-03-12 19:01:18"}
{"level":"error","message":"An error occurred during the migration of Item record [2hblPS6kI8KWiHqn] of database \"daggerheart-store.general-items\":\nError: Documents from a core version newer than the running version cannot be migrated\n    at Function._migrateRecord (file:///D:/Juegos/Foundry_daggerheart_git/Foundry-daggerheart/Portable-FoundryVTT-v13.348/App/resources/app/dist/database/backend/server-document.mjs:1:3713)\n    at Function._migrateDocuments (file:///D:/Juegos/Foundry_daggerheart_git/Foundry-daggerheart/Portable-FoundryVTT-v13.348/App/resources/app/dist/database/backend/server-document.mjs:1:2782)","timestamp":"2026-03-12 19:01:18"}
{"level":"error","message":"An error occurred during the migration of Item record [6pfBxfn5I3zW8Y9u] of database \"daggerheart-store.general-items\":\nError: Documents from a core version newer than the running version cannot be migrated\n    at Function._migrateRecord (file:///D:/Juegos/Foundry_daggerheart_git/Foundry-daggerheart/Portable-FoundryVTT-v13.348/App/resources/app/dist/database/backend/server-document.mjs:1:3713)\n    at Function._migrateDocuments (file:///D:/Juegos/Foundry_daggerheart_git/Foundry-daggerheart/Portable-FoundryVTT-v13.348/App/resources/app/dist/database/backend/server-document.mjs:1:2782)","timestamp":"2026-03-12 19:01:18"}
{"level":"error","message":"An error occurred during the migration of Item record [8Avrvxq6eoVpZdc3] of database \"daggerheart-store.general-items\":\nError: Documents from a core version newer than the running version cannot be migrated\n    at Function._migrateRecord (file:///D:/Juegos/Foundry_daggerheart_git/Foundry-daggerheart/Portable-FoundryVTT-v13.348/App/resources/app/dist/database/backend/server-document.mjs:1:3713)\n    at Function._migrateDocuments (file:///D:/Juegos/Foundry_daggerheart_git/Foundry-daggerheart/Portable-FoundryVTT-v13.348/App/resources/app/dist/database/backend/server-document.mjs:1:2782)","timestamp":"2026-03-12 19:01:18"}
{"level":"error","message":"An error occurred during the migration of Item record [DQ47HttEtNn2dPPM] of database \"daggerheart-store.general-items\":\nError: Documents from a core version newer than the running version cannot be migrated\n    at Function._migrateRecord (file:///D:/Juegos/Foundry_daggerheart_git/Foundry-daggerheart/Portable-FoundryVTT-v13.348/App/resources/app/dist/database/backend/server-document.mjs:1:3713)\n    at Function._migrateDocuments (file:///D:/Juegos/Foundry_daggerheart_git/Foundry-daggerheart/Portable-FoundryVTT-v13.348/App/resources/app/dist/database/backend/server-document.mjs:1:2782)","timestamp":"2026-03-12 19:01:18"}
{"level":"error","message":"An error occurred during the migration of Item record [ENxbZvy8uqHBJkZj] of database \"daggerheart-store.general-items\":\nError: Documents from a core version newer than the running version cannot be migrated\n    at Function._migrateRecord (file:///D:/Juegos/Foundry_daggerheart_git/Foundry-daggerheart/Portable-FoundryVTT-v13.348/App/resources/app/dist/database/backend/server-document.mjs:1:3713)\n    at Function._migrateDocuments (file:///D:/Juegos/Foundry_daggerheart_git/Foundry-daggerheart/Portable-FoundryVTT-v13.348/App/resources/app/dist/database/backend/server-document.mjs:1:2782)","timestamp":"2026-03-12 19:01:18"}
{"level":"error","message":"An error occurred during the migration of Item record [GZDZMCcmNUwwMdNQ] of database \"daggerheart-store.general-items\":\nError: Documents from a core version newer than the running version cannot be migrated\n    at Function._migrateRecord (file:///D:/Juegos/Foundry_daggerheart_git/Foundry-daggerheart/Portable-FoundryVTT-v13.348/App/resources/app/dist/database/backend/server-document.mjs:1:3713)\n    at Function._migrateDocuments (file:///D:/Juegos/Foundry_daggerheart_git/Foundry-daggerheart/Portable-FoundryVTT-v13.348/App/resources/app/dist/database/backend/server-document.mjs:1:2782)","timestamp":"2026-03-12 19:01:18"}
{"level":"error","message":"An error occurred during the migration of Item record [IdDRgCvBwBKnJ3fq] of database \"daggerheart-store.general-items\":\nError: Documents from a core version newer than the running version cannot be migrated\n    at Function._migrateRecord (file:///D:/Juegos/Foundry_daggerheart_git/Foundry-daggerheart/Portable-FoundryVTT-v13.348/App/resources/app/dist/database/backend/server-document.mjs:1:3713)\n    at Function._migrateDocuments (file:///D:/Juegos/Foundry_daggerheart_git/Foundry-daggerheart/Portable-FoundryVTT-v13.348/App/resources/app/dist/database/backend/server-document.mjs:1:2782)","timestamp":"2026-03-12 19:01:18"}
{"level":"error","message":"An error occurred during the migration of Item record [KDf6jWtCRuDgDBY7] of database \"daggerheart-store.general-items\":\nError: Documents from a core version newer than the running version cannot be migrated\n    at Function._migrateRecord (file:///D:/Juegos/Foundry_daggerheart_git/Foundry-daggerheart/Portable-FoundryVTT-v13.348/App/resources/app/dist/database/backend/server-document.mjs:1:3713)\n    at Function._migrateDocuments (file:///D:/Juegos/Foundry_daggerheart_git/Foundry-daggerheart/Portable-FoundryVTT-v13.348/App/resources/app/dist/database/backend/server-document.mjs:1:2782)","timestamp":"2026-03-12 19:01:18"}
{"level":"error","message":"An error occurred during the migration of Item record [KNVjlKNSVodaxgNi] of database \"daggerheart-store.general-items\":\nError: Documents from a core version newer than the running version cannot be migrated\n    at Function._migrateRecord (file:///D:/Juegos/Foundry_daggerheart_git/Foundry-daggerheart/Portable-FoundryVTT-v13.348/App/resources/app/dist/database/backend/server-document.mjs:1:3713)\n    at Function._migrateDocuments (file:///D:/Juegos/Foundry_daggerheart_git/Foundry-daggerheart/Portable-FoundryVTT-v13.348/App/resources/app/dist/database/backend/server-document.mjs:1:2782)","timestamp":"2026-03-12 19:01:18"}
{"level":"error","message":"An error occurred during the migration of Item record [MTIQMFKmS3XAnCfG] of database \"daggerheart-store.general-items\":\nError: Documents from a core version newer than the running version cannot be migrated\n    at Function._migrateRecord (file:///D:/Juegos/Foundry_daggerheart_git/Foundry-daggerheart/Portable-FoundryVTT-v13.348/App/resources/app/dist/database/backend/server-document.mjs:1:3713)\n    at Function._migrateDocuments (file:///D:/Juegos/Foundry_daggerheart_git/Foundry-daggerheart/Portable-FoundryVTT-v13.348/App/resources/app/dist/database/backend/server-document.mjs:1:2782)","timestamp":"2026-03-12 19:01:18"}
{"level":"error","message":"An error occurred during the migration of Item record [N7akjlJrCivDOSTa] of database \"daggerheart-store.general-items\":\nError: Documents from a core version newer than the running version cannot be migrated\n    at Function._migrateRecord (file:///D:/Juegos/Foundry_daggerheart_git/Foundry-daggerheart/Portable-FoundryVTT-v13.348/App/resources/app/dist/database/backend/server-document.mjs:1:3713)\n    at Function._migrateDocuments (file:///D:/Juegos/Foundry_daggerheart_git/Foundry-daggerheart/Portable-FoundryVTT-v13.348/App/resources/app/dist/database/backend/server-document.mjs:1:2782)","timestamp":"2026-03-12 19:01:18"}
{"level":"error","message":"An error occurred during the migration of Item record [NWk9KxMIsem9i9ST] of database \"daggerheart-store.general-items\":\nError: Documents from a core version newer than the running version cannot be migrated\n    at Function._migrateRecord (file:///D:/Juegos/Foundry_daggerheart_git/Foundry-daggerheart/Portable-FoundryVTT-v13.348/App/resources/app/dist/database/backend/server-document.mjs:1:3713)\n    at Function._migrateDocuments (file:///D:/Juegos/Foundry_daggerheart_git/Foundry-daggerheart/Portable-FoundryVTT-v13.348/App/resources/app/dist/database/backend/server-document.mjs:1:2782)","timestamp":"2026-03-12 19:01:18"}
{"level":"error","message":"An error occurred during the migration of Item record [QdcEZZpiy4JaMHZl] of database \"daggerheart-store.general-items\":\nError: Documents from a core version newer than the running version cannot be migrated\n    at Function._migrateRecord (file:///D:/Juegos/Foundry_daggerheart_git/Foundry-daggerheart/Portable-FoundryVTT-v13.348/App/resources/app/dist/database/backend/server-document.mjs:1:3713)\n    at Function._migrateDocuments (file:///D:/Juegos/Foundry_daggerheart_git/Foundry-daggerheart/Portable-FoundryVTT-v13.348/App/resources/app/dist/database/backend/server-document.mjs:1:2782)","timestamp":"2026-03-12 19:01:18"}
{"level":"error","message":"An error occurred during the migration of Item record [Ucx76Xza00mjIELy] of database \"daggerheart-store.general-items\":\nError: Documents from a core version newer than the running version cannot be migrated\n    at Function._migrateRecord (file:///D:/Juegos/Foundry_daggerheart_git/Foundry-daggerheart/Portable-FoundryVTT-v13.348/App/resources/app/dist/database/backend/server-document.mjs:1:3713)\n    at Function._migrateDocuments (file:///D:/Juegos/Foundry_daggerheart_git/Foundry-daggerheart/Portable-FoundryVTT-v13.348/App/resources/app/dist/database/backend/server-document.mjs:1:2782)","timestamp":"2026-03-12 19:01:18"}
{"level":"error","message":"An error occurred during the migration of Item record [Ul2qrgi3xXTStsmj] of database \"daggerheart-store.general-items\":\nError: Documents from a core version newer than the running version cannot be migrated\n    at Function._migrateRecord (file:///D:/Juegos/Foundry_daggerheart_git/Foundry-daggerheart/Portable-FoundryVTT-v13.348/App/resources/app/dist/database/backend/server-document.mjs:1:3713)\n    at Function._migrateDocuments (file:///D:/Juegos/Foundry_daggerheart_git/Foundry-daggerheart/Portable-FoundryVTT-v13.348/App/resources/app/dist/database/backend/server-document.mjs:1:2782)","timestamp":"2026-03-12 19:01:18"}
{"level":"error","message":"An error occurred during the migration of Item record [V1a8Ce4oOc2Awn3U] of database \"daggerheart-store.general-items\":\nError: Documents from a core version newer than the running version cannot be migrated\n    at Function._migrateRecord (file:///D:/Juegos/Foundry_daggerheart_git/Foundry-daggerheart/Portable-FoundryVTT-v13.348/App/resources/app/dist/database/backend/server-document.mjs:1:3713)\n    at Function._migrateDocuments (file:///D:/Juegos/Foundry_daggerheart_git/Foundry-daggerheart/Portable-FoundryVTT-v13.348/App/resources/app/dist/database/backend/server-document.mjs:1:2782)","timestamp":"2026-03-12 19:01:18"}
{"level":"error","message":"An error occurred during the migration of Item record [VaO9Trmbd379EIAo] of database \"daggerheart-store.general-items\":\nError: Documents from a core version newer than the running version cannot be migrated\n    at Function._migrateRecord (file:///D:/Juegos/Foundry_daggerheart_git/Foundry-daggerheart/Portable-FoundryVTT-v13.348/App/resources/app/dist/database/backend/server-document.mjs:1:3713)\n    at Function._migrateDocuments (file:///D:/Juegos/Foundry_daggerheart_git/Foundry-daggerheart/Portable-FoundryVTT-v13.348/App/resources/app/dist/database/backend/server-document.mjs:1:2782)","timestamp":"2026-03-12 19:01:18"}
{"level":"error","message":"An error occurred during the migration of Item record [ZYgoaymIkWI7dQmA] of database \"daggerheart-store.general-items\":\nError: Documents from a core version newer than the running version cannot be migrated\n    at Function._migrateRecord (file:///D:/Juegos/Foundry_daggerheart_git/Foundry-daggerheart/Portable-FoundryVTT-v13.348/App/resources/app/dist/database/backend/server-document.mjs:1:3713)\n    at Function._migrateDocuments (file:///D:/Juegos/Foundry_daggerheart_git/Foundry-daggerheart/Portable-FoundryVTT-v13.348/App/resources/app/dist/database/backend/server-document.mjs:1:2782)","timestamp":"2026-03-12 19:01:18"}
{"level":"error","message":"An error occurred during the migration of Item record [cyOu8zJdwHO6dkDs] of database \"daggerheart-store.general-items\":\nError: Documents from a core version newer than the running version cannot be migrated\n    at Function._migrateRecord (file:///D:/Juegos/Foundry_daggerheart_git/Foundry-daggerheart/Portable-FoundryVTT-v13.348/App/resources/app/dist/database/backend/server-document.mjs:1:3713)\n    at Function._migrateDocuments (file:///D:/Juegos/Foundry_daggerheart_git/Foundry-daggerheart/Portable-FoundryVTT-v13.348/App/resources/app/dist/database/backend/server-document.mjs:1:2782)","timestamp":"2026-03-12 19:01:18"}
{"level":"error","message":"An error occurred during the migration of Item record [dOO0MiljFRQ4R6uq] of database \"daggerheart-store.general-items\":\nError: Documents from a core version newer than the running version cannot be migrated\n    at Function._migrateRecord (file:///D:/Juegos/Foundry_daggerheart_git/Foundry-daggerheart/Portable-FoundryVTT-v13.348/App/resources/app/dist/database/backend/server-document.mjs:1:3713)\n    at Function._migrateDocuments (file:///D:/Juegos/Foundry_daggerheart_git/Foundry-daggerheart/Portable-FoundryVTT-v13.348/App/resources/app/dist/database/backend/server-document.mjs:1:2782)","timestamp":"2026-03-12 19:01:18"}
{"level":"error","message":"An error occurred during the migration of Item record [jteolML5GNTbw4S7] of database \"daggerheart-store.general-items\":\nError: Documents from a core version newer than the running version cannot be migrated\n    at Function._migrateRecord (file:///D:/Juegos/Foundry_daggerheart_git/Foundry-daggerheart/Portable-FoundryVTT-v13.348/App/resources/app/dist/database/backend/server-document.mjs:1:3713)\n    at Function._migrateDocuments (file:///D:/Juegos/Foundry_daggerheart_git/Foundry-daggerheart/Portable-FoundryVTT-v13.348/App/resources/app/dist/database/backend/server-document.mjs:1:2782)","timestamp":"2026-03-12 19:01:18"}
{"level":"error","message":"An error occurred during the migration of Item record [kHzMNenhB3rX55Ux] of database \"daggerheart-store.general-items\":\nError: Documents from a core version newer than the running version cannot be migrated\n    at Function._migrateRecord (file:///D:/Juegos/Foundry_daggerheart_git/Foundry-daggerheart/Portable-FoundryVTT-v13.348/App/resources/app/dist/database/backend/server-document.mjs:1:3713)\n    at Function._migrateDocuments (file:///D:/Juegos/Foundry_daggerheart_git/Foundry-daggerheart/Portable-FoundryVTT-v13.348/App/resources/app/dist/database/backend/server-document.mjs:1:2782)","timestamp":"2026-03-12 19:01:18"}
{"level":"error","message":"An error occurred during the migration of Item record [pFgpjOHQJH7Hb1G1] of database \"daggerheart-store.general-items\":\nError: Documents from a core version newer than the running version cannot be migrated\n    at Function._migrateRecord (file:///D:/Juegos/Foundry_daggerheart_git/Foundry-daggerheart/Portable-FoundryVTT-v13.348/App/resources/app/dist/database/backend/server-document.mjs:1:3713)\n    at Function._migrateDocuments (file:///D:/Juegos/Foundry_daggerheart_git/Foundry-daggerheart/Portable-FoundryVTT-v13.348/App/resources/app/dist/database/backend/server-document.mjs:1:2782)","timestamp":"2026-03-12 19:01:18"}
{"level":"error","message":"An error occurred during the migration of Item record [pMpRp5mHb0ciEGgo] of database \"daggerheart-store.general-items\":\nError: Documents from a core version newer than the running version cannot be migrated\n    at Function._migrateRecord (file:///D:/Juegos/Foundry_daggerheart_git/Foundry-daggerheart/Portable-FoundryVTT-v13.348/App/resources/app/dist/database/backend/server-document.mjs:1:3713)\n    at Function._migrateDocuments (file:///D:/Juegos/Foundry_daggerheart_git/Foundry-daggerheart/Portable-FoundryVTT-v13.348/App/resources/app/dist/database/backend/server-document.mjs:1:2782)","timestamp":"2026-03-12 19:01:18"}
{"level":"error","message":"An error occurred during the migration of Item record [q0V5Jx1Mv2ourVtA] of database \"daggerheart-store.general-items\":\nError: Documents from a core version newer than the running version cannot be migrated\n    at Function._migrateRecord (file:///D:/Juegos/Foundry_daggerheart_git/Foundry-daggerheart/Portable-FoundryVTT-v13.348/App/resources/app/dist/database/backend/server-document.mjs:1:3713)\n    at Function._migrateDocuments (file:///D:/Juegos/Foundry_daggerheart_git/Foundry-daggerheart/Portable-FoundryVTT-v13.348/App/resources/app/dist/database/backend/server-document.mjs:1:2782)","timestamp":"2026-03-12 19:01:18"}
{"level":"error","message":"An error occurred during the migration of Item record [qzkICUNH2P5owsIu] of database \"daggerheart-store.general-items\":\nError: Documents from a core version newer than the running version cannot be migrated\n    at Function._migrateRecord (file:///D:/Juegos/Foundry_daggerheart_git/Foundry-daggerheart/Portable-FoundryVTT-v13.348/App/resources/app/dist/database/backend/server-document.mjs:1:3713)\n    at Function._migrateDocuments (file:///D:/Juegos/Foundry_daggerheart_git/Foundry-daggerheart/Portable-FoundryVTT-v13.348/App/resources/app/dist/database/backend/server-document.mjs:1:2782)","timestamp":"2026-03-12 19:01:18"}
{"level":"error","message":"An error occurred during the migration of Item record [sXcYxL89czvFCeKf] of database \"daggerheart-store.general-items\":\nError: Documents from a core version newer than the running version cannot be migrated\n    at Function._migrateRecord (file:///D:/Juegos/Foundry_daggerheart_git/Foundry-daggerheart/Portable-FoundryVTT-v13.348/App/resources/app/dist/database/backend/server-document.mjs:1:3713)\n    at Function._migrateDocuments (file:///D:/Juegos/Foundry_daggerheart_git/Foundry-daggerheart/Portable-FoundryVTT-v13.348/App/resources/app/dist/database/backend/server-document.mjs:1:2782)","timestamp":"2026-03-12 19:01:18"}
{"level":"error","message":"An error occurred during the migration of Item record [xFxOWUUaaBCzsqNk] of database \"daggerheart-store.general-items\":\nError: Documents from a core version newer than the running version cannot be migrated\n    at Function._migrateRecord (file:///D:/Juegos/Foundry_daggerheart_git/Foundry-daggerheart/Portable-FoundryVTT-v13.348/App/resources/app/dist/database/backend/server-document.mjs:1:3713)\n    at Function._migrateDocuments (file:///D:/Juegos/Foundry_daggerheart_git/Foundry-daggerheart/Portable-FoundryVTT-v13.348/App/resources/app/dist/database/backend/server-document.mjs:1:2782)","timestamp":"2026-03-12 19:01:18"}
{"level":"error","message":"An error occurred during the migration of Item record [zleEYOAwnJCAoTek] of database \"daggerheart-store.general-items\":\nError: Documents from a core version newer than the running version cannot be migrated\n    at Function._migrateRecord (file:///D:/Juegos/Foundry_daggerheart_git/Foundry-daggerheart/Portable-FoundryVTT-v13.348/App/resources/app/dist/database/backend/server-document.mjs:1:3713)\n    at Function._migrateDocuments (file:///D:/Juegos/Foundry_daggerheart_git/Foundry-daggerheart/Portable-FoundryVTT-v13.348/App/resources/app/dist/database/backend/server-document.mjs:1:2782)","timestamp":"2026-03-12 19:01:18"}
{"level":"warn","message":"Database daggerheart-store.general-items was not fully migrated due to errors during migration.","timestamp":"2026-03-12 19:01:18"}
{"level":"info","message":"Launching World | Migrating Package Data - 73%","timestamp":"2026-03-12 19:01:18"}
{"level":"error","message":"An error occurred during the migration of Macro record [d3GkUwZzrxbSv2VF] of database \"daggerheart-store.macros\":\nError: Documents from a core version newer than the running version cannot be migrated\n    at Function._migrateRecord (file:///D:/Juegos/Foundry_daggerheart_git/Foundry-daggerheart/Portable-FoundryVTT-v13.348/App/resources/app/dist/database/backend/server-document.mjs:1:3713)\n    at Function._migrateDocuments (file:///D:/Juegos/Foundry_daggerheart_git/Foundry-daggerheart/Portable-FoundryVTT-v13.348/App/resources/app/dist/database/backend/server-document.mjs:1:2782)","timestamp":"2026-03-12 19:01:18"}
{"level":"error","message":"An error occurred during the migration of Macro record [lWDmGeMZEFxKcsPa] of database \"daggerheart-store.macros\":\nError: Documents from a core version newer than the running version cannot be migrated\n    at Function._migrateRecord (file:///D:/Juegos/Foundry_daggerheart_git/Foundry-daggerheart/Portable-FoundryVTT-v13.348/App/resources/app/dist/database/backend/server-document.mjs:1:3713)\n    at Function._migrateDocuments (file:///D:/Juegos/Foundry_daggerheart_git/Foundry-daggerheart/Portable-FoundryVTT-v13.348/App/resources/app/dist/database/backend/server-document.mjs:1:2782)","timestamp":"2026-03-12 19:01:18"}
{"level":"warn","message":"Database daggerheart-store.macros was not fully migrated due to errors during migration.","timestamp":"2026-03-12 19:01:18"}
{"level":"info","message":"Launching World | Migrating Package Data - 75%","timestamp":"2026-03-12 19:01:18"}
{"level":"error","message":"An error occurred during the migration of JournalEntry record [5Zo1xf1V8L77XM2W] of database \"daggerheart-store.journals\":\nError: Documents from a core version newer than the running version cannot be migrated\n    at Function._migrateRecord (file:///D:/Juegos/Foundry_daggerheart_git/Foundry-daggerheart/Portable-FoundryVTT-v13.348/App/resources/app/dist/database/backend/server-document.mjs:1:3713)\n    at Function._migrateDocuments (file:///D:/Juegos/Foundry_daggerheart_git/Foundry-daggerheart/Portable-FoundryVTT-v13.348/App/resources/app/dist/database/backend/server-document.mjs:1:2782)","timestamp":"2026-03-12 19:01:18"}
{"level":"error","message":"An error occurred during the migration of JournalEntry record [VJ0KNEngG9B5HWmL] of database \"daggerheart-store.journals\":\nError: Documents from a core version newer than the running version cannot be migrated\n    at Function._migrateRecord (file:///D:/Juegos/Foundry_daggerheart_git/Foundry-daggerheart/Portable-FoundryVTT-v13.348/App/resources/app/dist/database/backend/server-document.mjs:1:3713)\n    at Function._migrateDocuments (file:///D:/Juegos/Foundry_daggerheart_git/Foundry-daggerheart/Portable-FoundryVTT-v13.348/App/resources/app/dist/database/backend/server-document.mjs:1:2782)","timestamp":"2026-03-12 19:01:18"}
{"level":"error","message":"An error occurred during the migration of JournalEntry record [fIXCeXWeDbAu3uFg] of database \"daggerheart-store.journals\":\nError: Documents from a core version newer than the running version cannot be migrated\n    at Function._migrateRecord (file:///D:/Juegos/Foundry_daggerheart_git/Foundry-daggerheart/Portable-FoundryVTT-v13.348/App/resources/app/dist/database/backend/server-document.mjs:1:3713)\n    at Function._migrateDocuments (file:///D:/Juegos/Foundry_daggerheart_git/Foundry-daggerheart/Portable-FoundryVTT-v13.348/App/resources/app/dist/database/backend/server-document.mjs:1:2782)","timestamp":"2026-03-12 19:01:18"}
{"level":"warn","message":"Database daggerheart-store.journals was not fully migrated due to errors during migration.","timestamp":"2026-03-12 19:01:18"}
{"level":"info","message":"Launching World | Migrating Package Data - 76%","timestamp":"2026-03-12 19:01:18"}
{"level":"info","message":"Launching World | Migrating Package Data - 78%","timestamp":"2026-03-12 19:01:18"}
{"level":"info","message":"Launching World | Migrating Package Data - 80%","timestamp":"2026-03-12 19:01:18"}
{"level":"error","message":"An error occurred during the migration of Item record [9X2envWaXGSWx82V] of database \"the-void-unofficial.classes\":\nError: Documents from a core version newer than the running version cannot be migrated\n    at Function._migrateRecord (file:///D:/Juegos/Foundry_daggerheart_git/Foundry-daggerheart/Portable-FoundryVTT-v13.348/App/resources/app/dist/database/backend/server-document.mjs:1:3713)\n    at Function._migrateDocuments (file:///D:/Juegos/Foundry_daggerheart_git/Foundry-daggerheart/Portable-FoundryVTT-v13.348/App/resources/app/dist/database/backend/server-document.mjs:1:2782)","timestamp":"2026-03-12 19:01:18"}
{"level":"error","message":"An error occurred during the migration of Item record [R0wYgWyPih4CpTE5] of database \"the-void-unofficial.classes\":\nError: Documents from a core version newer than the running version cannot be migrated\n    at Function._migrateRecord (file:///D:/Juegos/Foundry_daggerheart_git/Foundry-daggerheart/Portable-FoundryVTT-v13.348/App/resources/app/dist/database/backend/server-document.mjs:1:3713)\n    at Function._migrateDocuments (file:///D:/Juegos/Foundry_daggerheart_git/Foundry-daggerheart/Portable-FoundryVTT-v13.348/App/resources/app/dist/database/backend/server-document.mjs:1:2782)","timestamp":"2026-03-12 19:01:18"}
{"level":"error","message":"An error occurred during the migration of Item record [TGTBooD83OWXyQj1] of database \"the-void-unofficial.classes\":\nError: Documents from a core version newer than the running version cannot be migrated\n    at Function._migrateRecord (file:///D:/Juegos/Foundry_daggerheart_git/Foundry-daggerheart/Portable-FoundryVTT-v13.348/App/resources/app/dist/database/backend/server-document.mjs:1:3713)\n    at Function._migrateDocuments (file:///D:/Juegos/Foundry_daggerheart_git/Foundry-daggerheart/Portable-FoundryVTT-v13.348/App/resources/app/dist/database/backend/server-document.mjs:1:2782)","timestamp":"2026-03-12 19:01:18"}
{"level":"error","message":"An error occurred during the migration of Item record [gugHbXBWP24CFTJZ] of database \"the-void-unofficial.classes\":\nError: Documents from a core version newer than the running version cannot be migrated\n    at Function._migrateRecord (file:///D:/Juegos/Foundry_daggerheart_git/Foundry-daggerheart/Portable-FoundryVTT-v13.348/App/resources/app/dist/database/backend/server-document.mjs:1:3713)\n    at Function._migrateDocuments (file:///D:/Juegos/Foundry_daggerheart_git/Foundry-daggerheart/Portable-FoundryVTT-v13.348/App/resources/app/dist/database/backend/server-document.mjs:1:2782)","timestamp":"2026-03-12 19:01:18"}
{"level":"error","message":"An error occurred during the migration of Item record [m3CvI4nlskOu5jZS] of database \"the-void-unofficial.classes\":\nError: Documents from a core version newer than the running version cannot be migrated\n    at Function._migrateRecord (file:///D:/Juegos/Foundry_daggerheart_git/Foundry-daggerheart/Portable-FoundryVTT-v13.348/App/resources/app/dist/database/backend/server-document.mjs:1:3713)\n    at Function._migrateDocuments (file:///D:/Juegos/Foundry_daggerheart_git/Foundry-daggerheart/Portable-FoundryVTT-v13.348/App/resources/app/dist/database/backend/server-document.mjs:1:2782)","timestamp":"2026-03-12 19:01:18"}
{"level":"error","message":"An error occurred during the migration of Item record [otb0ThXWuqQzzWho] of database \"the-void-unofficial.classes\":\nError: Documents from a core version newer than the running version cannot be migrated\n    at Function._migrateRecord (file:///D:/Juegos/Foundry_daggerheart_git/Foundry-daggerheart/Portable-FoundryVTT-v13.348/App/resources/app/dist/database/backend/server-document.mjs:1:3713)\n    at Function._migrateDocuments (file:///D:/Juegos/Foundry_daggerheart_git/Foundry-daggerheart/Portable-FoundryVTT-v13.348/App/resources/app/dist/database/backend/server-document.mjs:1:2782)","timestamp":"2026-03-12 19:01:18"}
{"level":"error","message":"An error occurred during the migration of Item record [v5M0mxaTDJCyhAsR] of database \"the-void-unofficial.classes\":\nError: Documents from a core version newer than the running version cannot be migrated\n    at Function._migrateRecord (file:///D:/Juegos/Foundry_daggerheart_git/Foundry-daggerheart/Portable-FoundryVTT-v13.348/App/resources/app/dist/database/backend/server-document.mjs:1:3713)\n    at Function._migrateDocuments (file:///D:/Juegos/Foundry_daggerheart_git/Foundry-daggerheart/Portable-FoundryVTT-v13.348/App/resources/app/dist/database/backend/server-document.mjs:1:2782)","timestamp":"2026-03-12 19:01:18"}
{"level":"warn","message":"Database the-void-unofficial.classes was not fully migrated due to errors during migration.","timestamp":"2026-03-12 19:01:18"}
{"level":"info","message":"Launching World | Migrating Package Data - 82%","timestamp":"2026-03-12 19:01:18"}
{"level":"error","message":"An error occurred during the migration of Item record [1PPk39iarFpWylOi] of database \"the-void-unofficial.subclasses\":\nError: Documents from a core version newer than the running version cannot be migrated\n    at Function._migrateRecord (file:///D:/Juegos/Foundry_daggerheart_git/Foundry-daggerheart/Portable-FoundryVTT-v13.348/App/resources/app/dist/database/backend/server-document.mjs:1:3713)\n    at Function._migrateDocuments (file:///D:/Juegos/Foundry_daggerheart_git/Foundry-daggerheart/Portable-FoundryVTT-v13.348/App/resources/app/dist/database/backend/server-document.mjs:1:2782)","timestamp":"2026-03-12 19:01:18"}
{"level":"error","message":"An error occurred during the migration of Item record [4Jaekd41DdaPdWkw] of database \"the-void-unofficial.subclasses\":\nError: Documents from a core version newer than the running version cannot be migrated\n    at Function._migrateRecord (file:///D:/Juegos/Foundry_daggerheart_git/Foundry-daggerheart/Portable-FoundryVTT-v13.348/App/resources/app/dist/database/backend/server-document.mjs:1:3713)\n    at Function._migrateDocuments (file:///D:/Juegos/Foundry_daggerheart_git/Foundry-daggerheart/Portable-FoundryVTT-v13.348/App/resources/app/dist/database/backend/server-document.mjs:1:2782)","timestamp":"2026-03-12 19:01:18"}
{"level":"error","message":"An error occurred during the migration of Item record [8EGGJmnqPBs9CrO9] of database \"the-void-unofficial.subclasses\":\nError: Documents from a core version newer than the running version cannot be migrated\n    at Function._migrateRecord (file:///D:/Juegos/Foundry_daggerheart_git/Foundry-daggerheart/Portable-FoundryVTT-v13.348/App/resources/app/dist/database/backend/server-document.mjs:1:3713)\n    at Function._migrateDocuments (file:///D:/Juegos/Foundry_daggerheart_git/Foundry-daggerheart/Portable-FoundryVTT-v13.348/App/resources/app/dist/database/backend/server-document.mjs:1:2782)","timestamp":"2026-03-12 19:01:18"}
{"level":"error","message":"An error occurred during the migration of Item record [GXYbLE8fG6fmGvFE] of database \"the-void-unofficial.subclasses\":\nError: Documents from a core version newer than the running version cannot be migrated\n    at Function._migrateRecord (file:///D:/Juegos/Foundry_daggerheart_git/Foundry-daggerheart/Portable-FoundryVTT-v13.348/App/resources/app/dist/database/backend/server-document.mjs:1:3713)\n    at Function._migrateDocuments (file:///D:/Juegos/Foundry_daggerheart_git/Foundry-daggerheart/Portable-FoundryVTT-v13.348/App/resources/app/dist/database/backend/server-document.mjs:1:2782)","timestamp":"2026-03-12 19:01:18"}
{"level":"error","message":"An error occurred during the migration of Item record [H8iGhoEsLwbhmUjb] of database \"the-void-unofficial.subclasses\":\nError: Documents from a core version newer than the running version cannot be migrated\n    at Function._migrateRecord (file:///D:/Juegos/Foundry_daggerheart_git/Foundry-daggerheart/Portable-FoundryVTT-v13.348/App/resources/app/dist/database/backend/server-document.mjs:1:3713)\n    at Function._migrateDocuments (file:///D:/Juegos/Foundry_daggerheart_git/Foundry-daggerheart/Portable-FoundryVTT-v13.348/App/resources/app/dist/database/backend/server-document.mjs:1:2782)","timestamp":"2026-03-12 19:01:18"}
{"level":"error","message":"An error occurred during the migration of Item record [JIO4bvmWGH4tTXpQ] of database \"the-void-unofficial.subclasses\":\nError: Documents from a core version newer than the running version cannot be migrated\n    at Function._migrateRecord (file:///D:/Juegos/Foundry_daggerheart_git/Foundry-daggerheart/Portable-FoundryVTT-v13.348/App/resources/app/dist/database/backend/server-document.mjs:1:3713)\n    at Function._migrateDocuments (file:///D:/Juegos/Foundry_daggerheart_git/Foundry-daggerheart/Portable-FoundryVTT-v13.348/App/resources/app/dist/database/backend/server-document.mjs:1:2782)","timestamp":"2026-03-12 19:01:18"}
{"level":"error","message":"An error occurred during the migration of Item record [JWlQd6XSBB22ASBs] of database \"the-void-unofficial.subclasses\":\nError: Documents from a core version newer than the running version cannot be migrated\n    at Function._migrateRecord (file:///D:/Juegos/Foundry_daggerheart_git/Foundry-daggerheart/Portable-FoundryVTT-v13.348/App/resources/app/dist/database/backend/server-document.mjs:1:3713)\n    at Function._migrateDocuments (file:///D:/Juegos/Foundry_daggerheart_git/Foundry-daggerheart/Portable-FoundryVTT-v13.348/App/resources/app/dist/database/backend/server-document.mjs:1:2782)","timestamp":"2026-03-12 19:01:18"}
{"level":"error","message":"An error occurred during the migration of Item record [JiPSjjjWxSbnoQRe] of database \"the-void-unofficial.subclasses\":\nError: Documents from a core version newer than the running version cannot be migrated\n    at Function._migrateRecord (file:///D:/Juegos/Foundry_daggerheart_git/Foundry-daggerheart/Portable-FoundryVTT-v13.348/App/resources/app/dist/database/backend/server-document.mjs:1:3713)\n    at Function._migrateDocuments (file:///D:/Juegos/Foundry_daggerheart_git/Foundry-daggerheart/Portable-FoundryVTT-v13.348/App/resources/app/dist/database/backend/server-document.mjs:1:2782)","timestamp":"2026-03-12 19:01:18"}
{"level":"error","message":"An error occurred during the migration of Item record [XeSsopeDDreSRv5A] of database \"the-void-unofficial.subclasses\":\nError: Documents from a core version newer than the running version cannot be migrated\n    at Function._migrateRecord (file:///D:/Juegos/Foundry_daggerheart_git/Foundry-daggerheart/Portable-FoundryVTT-v13.348/App/resources/app/dist/database/backend/server-document.mjs:1:3713)\n    at Function._migrateDocuments (file:///D:/Juegos/Foundry_daggerheart_git/Foundry-daggerheart/Portable-FoundryVTT-v13.348/App/resources/app/dist/database/backend/server-document.mjs:1:2782)","timestamp":"2026-03-12 19:01:18"}
{"level":"error","message":"An error occurred during the migration of Item record [YN38IzjqW5paIy92] of database \"the-void-unofficial.subclasses\":\nError: Documents from a core version newer than the running version cannot be migrated\n    at Function._migrateRecord (file:///D:/Juegos/Foundry_daggerheart_git/Foundry-daggerheart/Portable-FoundryVTT-v13.348/App/resources/app/dist/database/backend/server-document.mjs:1:3713)\n    at Function._migrateDocuments (file:///D:/Juegos/Foundry_daggerheart_git/Foundry-daggerheart/Portable-FoundryVTT-v13.348/App/resources/app/dist/database/backend/server-document.mjs:1:2782)","timestamp":"2026-03-12 19:01:18"}
{"level":"error","message":"An error occurred during the migration of Item record [ZYdJamwMgRsiG733] of database \"the-void-unofficial.subclasses\":\nError: Documents from a core version newer than the running version cannot be migrated\n    at Function._migrateRecord (file:///D:/Juegos/Foundry_daggerheart_git/Foundry-daggerheart/Portable-FoundryVTT-v13.348/App/resources/app/dist/database/backend/server-document.mjs:1:3713)\n    at Function._migrateDocuments (file:///D:/Juegos/Foundry_daggerheart_git/Foundry-daggerheart/Portable-FoundryVTT-v13.348/App/resources/app/dist/database/backend/server-document.mjs:1:2782)","timestamp":"2026-03-12 19:01:18"}
{"level":"error","message":"An error occurred during the migration of Item record [aFtWBHgUBxsCptI2] of database \"the-void-unofficial.subclasses\":\nError: Documents from a core version newer than the running version cannot be migrated\n    at Function._migrateRecord (file:///D:/Juegos/Foundry_daggerheart_git/Foundry-daggerheart/Portable-FoundryVTT-v13.348/App/resources/app/dist/database/backend/server-document.mjs:1:3713)\n    at Function._migrateDocuments (file:///D:/Juegos/Foundry_daggerheart_git/Foundry-daggerheart/Portable-FoundryVTT-v13.348/App/resources/app/dist/database/backend/server-document.mjs:1:2782)","timestamp":"2026-03-12 19:01:18"}
{"level":"error","message":"An error occurred during the migration of Item record [h0PlfOo87vjMIR2n] of database \"the-void-unofficial.subclasses\":\nError: Documents from a core version newer than the running version cannot be migrated\n    at Function._migrateRecord (file:///D:/Juegos/Foundry_daggerheart_git/Foundry-daggerheart/Portable-FoundryVTT-v13.348/App/resources/app/dist/database/backend/server-document.mjs:1:3713)\n    at Function._migrateDocuments (file:///D:/Juegos/Foundry_daggerheart_git/Foundry-daggerheart/Portable-FoundryVTT-v13.348/App/resources/app/dist/database/backend/server-document.mjs:1:2782)","timestamp":"2026-03-12 19:01:18"}
{"level":"error","message":"An error occurred during the migration of Item record [h3bzYGrnwkKQBJ6d] of database \"the-void-unofficial.subclasses\":\nError: Documents from a core version newer than the running version cannot be migrated\n    at Function._migrateRecord (file:///D:/Juegos/Foundry_daggerheart_git/Foundry-daggerheart/Portable-FoundryVTT-v13.348/App/resources/app/dist/database/backend/server-document.mjs:1:3713)\n    at Function._migrateDocuments (file:///D:/Juegos/Foundry_daggerheart_git/Foundry-daggerheart/Portable-FoundryVTT-v13.348/App/resources/app/dist/database/backend/server-document.mjs:1:2782)","timestamp":"2026-03-12 19:01:18"}
{"level":"error","message":"An error occurred during the migration of Item record [mRNqGokQNZEK8GSP] of database \"the-void-unofficial.subclasses\":\nError: Documents from a core version newer than the running version cannot be migrated\n    at Function._migrateRecord (file:///D:/Juegos/Foundry_daggerheart_git/Foundry-daggerheart/Portable-FoundryVTT-v13.348/App/resources/app/dist/database/backend/server-document.mjs:1:3713)\n    at Function._migrateDocuments (file:///D:/Juegos/Foundry_daggerheart_git/Foundry-daggerheart/Portable-FoundryVTT-v13.348/App/resources/app/dist/database/backend/server-document.mjs:1:2782)","timestamp":"2026-03-12 19:01:18"}
{"level":"error","message":"An error occurred during the migration of Item record [sajwdoQ5JVzqeqsj] of database \"the-void-unofficial.subclasses\":\nError: Documents from a core version newer than the running version cannot be migrated\n    at Function._migrateRecord (file:///D:/Juegos/Foundry_daggerheart_git/Foundry-daggerheart/Portable-FoundryVTT-v13.348/App/resources/app/dist/database/backend/server-document.mjs:1:3713)\n    at Function._migrateDocuments (file:///D:/Juegos/Foundry_daggerheart_git/Foundry-daggerheart/Portable-FoundryVTT-v13.348/App/resources/app/dist/database/backend/server-document.mjs:1:2782)","timestamp":"2026-03-12 19:01:18"}
{"level":"error","message":"An error occurred during the migration of Item record [ulURXMXGHT33vnD9] of database \"the-void-unofficial.subclasses\":\nError: Documents from a core version newer than the running version cannot be migrated\n    at Function._migrateRecord (file:///D:/Juegos/Foundry_daggerheart_git/Foundry-daggerheart/Portable-FoundryVTT-v13.348/App/resources/app/dist/database/backend/server-document.mjs:1:3713)\n    at Function._migrateDocuments (file:///D:/Juegos/Foundry_daggerheart_git/Foundry-daggerheart/Portable-FoundryVTT-v13.348/App/resources/app/dist/database/backend/server-document.mjs:1:2782)","timestamp":"2026-03-12 19:01:18"}
{"level":"error","message":"An error occurred during the migration of Item record [zkpNSVJfpnR0InYL] of database \"the-void-unofficial.subclasses\":\nError: Documents from a core version newer than the running version cannot be migrated\n    at Function._migrateRecord (file:///D:/Juegos/Foundry_daggerheart_git/Foundry-daggerheart/Portable-FoundryVTT-v13.348/App/resources/app/dist/database/backend/server-document.mjs:1:3713)\n    at Function._migrateDocuments (file:///D:/Juegos/Foundry_daggerheart_git/Foundry-daggerheart/Portable-FoundryVTT-v13.348/App/resources/app/dist/database/backend/server-document.mjs:1:2782)","timestamp":"2026-03-12 19:01:18"}
{"level":"warn","message":"Database the-void-unofficial.subclasses was not fully migrated due to errors during migration.","timestamp":"2026-03-12 19:01:18"}
{"level":"info","message":"Launching World | Migrating Package Data - 84%","timestamp":"2026-03-12 19:01:18"}
{"level":"info","message":"Launching World | Migrating Package Data - 86%","timestamp":"2026-03-12 19:01:18"}
{"level":"info","message":"Launching World | Migrating Package Data - 88%","timestamp":"2026-03-12 19:01:18"}
{"level":"error","message":"An error occurred during the migration of Item record [0NoQWqYOiPdXdUhQ] of database \"the-void-unofficial.domains\":\nError: Documents from a core version newer than the running version cannot be migrated\n    at Function._migrateRecord (file:///D:/Juegos/Foundry_daggerheart_git/Foundry-daggerheart/Portable-FoundryVTT-v13.348/App/resources/app/dist/database/backend/server-document.mjs:1:3713)\n    at Function._migrateDocuments (file:///D:/Juegos/Foundry_daggerheart_git/Foundry-daggerheart/Portable-FoundryVTT-v13.348/App/resources/app/dist/database/backend/server-document.mjs:1:2782)","timestamp":"2026-03-12 19:01:18"}
{"level":"error","message":"An error occurred during the migration of Item record [176CHYdrz550TiEa] of database \"the-void-unofficial.domains\":\nError: Documents from a core version newer than the running version cannot be migrated\n    at Function._migrateRecord (file:///D:/Juegos/Foundry_daggerheart_git/Foundry-daggerheart/Portable-FoundryVTT-v13.348/App/resources/app/dist/database/backend/server-document.mjs:1:3713)\n    at Function._migrateDocuments (file:///D:/Juegos/Foundry_daggerheart_git/Foundry-daggerheart/Portable-FoundryVTT-v13.348/App/resources/app/dist/database/backend/server-document.mjs:1:2782)","timestamp":"2026-03-12 19:01:18"}
{"level":"error","message":"An error occurred during the migration of Item record [65NWcF4RSZgyJXFt] of database \"the-void-unofficial.domains\":\nError: Documents from a core version newer than the running version cannot be migrated\n    at Function._migrateRecord (file:///D:/Juegos/Foundry_daggerheart_git/Foundry-daggerheart/Portable-FoundryVTT-v13.348/App/resources/app/dist/database/backend/server-document.mjs:1:3713)\n    at Function._migrateDocuments (file:///D:/Juegos/Foundry_daggerheart_git/Foundry-daggerheart/Portable-FoundryVTT-v13.348/App/resources/app/dist/database/backend/server-document.mjs:1:2782)","timestamp":"2026-03-12 19:01:18"}
{"level":"error","message":"An error occurred during the migration of Item record [88xwPHpicN5uBo0f] of database \"the-void-unofficial.domains\":\nError: Documents from a core version newer than the running version cannot be migrated\n    at Function._migrateRecord (file:///D:/Juegos/Foundry_daggerheart_git/Foundry-daggerheart/Portable-FoundryVTT-v13.348/App/resources/app/dist/database/backend/server-document.mjs:1:3713)\n    at Function._migrateDocuments (file:///D:/Juegos/Foundry_daggerheart_git/Foundry-daggerheart/Portable-FoundryVTT-v13.348/App/resources/app/dist/database/backend/server-document.mjs:1:2782)","timestamp":"2026-03-12 19:01:18"}
{"level":"error","message":"An error occurred during the migration of Item record [9wxJJpH25cxmtx5W] of database \"the-void-unofficial.domains\":\nError: Documents from a core version newer than the running version cannot be migrated\n    at Function._migrateRecord (file:///D:/Juegos/Foundry_daggerheart_git/Foundry-daggerheart/Portable-FoundryVTT-v13.348/App/resources/app/dist/database/backend/server-document.mjs:1:3713)\n    at Function._migrateDocuments (file:///D:/Juegos/Foundry_daggerheart_git/Foundry-daggerheart/Portable-FoundryVTT-v13.348/App/resources/app/dist/database/backend/server-document.mjs:1:2782)","timestamp":"2026-03-12 19:01:18"}
{"level":"error","message":"An error occurred during the migration of Item record [BFkzJkWY4HejN4WR] of database \"the-void-unofficial.domains\":\nError: Documents from a core version newer than the running version cannot be migrated\n    at Function._migrateRecord (file:///D:/Juegos/Foundry_daggerheart_git/Foundry-daggerheart/Portable-FoundryVTT-v13.348/App/resources/app/dist/database/backend/server-document.mjs:1:3713)\n    at Function._migrateDocuments (file:///D:/Juegos/Foundry_daggerheart_git/Foundry-daggerheart/Portable-FoundryVTT-v13.348/App/resources/app/dist/database/backend/server-document.mjs:1:2782)","timestamp":"2026-03-12 19:01:18"}
{"level":"error","message":"An error occurred during the migration of Item record [BQF5xVKRVQdhGAf8] of database \"the-void-unofficial.domains\":\nError: Documents from a core version newer than the running version cannot be migrated\n    at Function._migrateRecord (file:///D:/Juegos/Foundry_daggerheart_git/Foundry-daggerheart/Portable-FoundryVTT-v13.348/App/resources/app/dist/database/backend/server-document.mjs:1:3713)\n    at Function._migrateDocuments (file:///D:/Juegos/Foundry_daggerheart_git/Foundry-daggerheart/Portable-FoundryVTT-v13.348/App/resources/app/dist/database/backend/server-document.mjs:1:2782)","timestamp":"2026-03-12 19:01:18"}
{"level":"error","message":"An error occurred during the migration of Item record [BctVkNUWYL5Eww2k] of database \"the-void-unofficial.domains\":\nError: Documents from a core version newer than the running version cannot be migrated\n    at Function._migrateRecord (file:///D:/Juegos/Foundry_daggerheart_git/Foundry-daggerheart/Portable-FoundryVTT-v13.348/App/resources/app/dist/database/backend/server-document.mjs:1:3713)\n    at Function._migrateDocuments (file:///D:/Juegos/Foundry_daggerheart_git/Foundry-daggerheart/Portable-FoundryVTT-v13.348/App/resources/app/dist/database/backend/server-document.mjs:1:2782)","timestamp":"2026-03-12 19:01:18"}
{"level":"error","message":"An error occurred during the migration of Item record [CQbmQH1Xqr1BjLWW] of database \"the-void-unofficial.domains\":\nError: Documents from a core version newer than the running version cannot be migrated\n    at Function._migrateRecord (file:///D:/Juegos/Foundry_daggerheart_git/Foundry-daggerheart/Portable-FoundryVTT-v13.348/App/resources/app/dist/database/backend/server-document.mjs:1:3713)\n    at Function._migrateDocuments (file:///D:/Juegos/Foundry_daggerheart_git/Foundry-daggerheart/Portable-FoundryVTT-v13.348/App/resources/app/dist/database/backend/server-document.mjs:1:2782)","timestamp":"2026-03-12 19:01:18"}
{"level":"error","message":"An error occurred during the migration of Item record [Du7UHRd0CweyuXil] of database \"the-void-unofficial.domains\":\nError: Documents from a core version newer than the running version cannot be migrated\n    at Function._migrateRecord (file:///D:/Juegos/Foundry_daggerheart_git/Foundry-daggerheart/Portable-FoundryVTT-v13.348/App/resources/app/dist/database/backend/server-document.mjs:1:3713)\n    at Function._migrateDocuments (file:///D:/Juegos/Foundry_daggerheart_git/Foundry-daggerheart/Portable-FoundryVTT-v13.348/App/resources/app/dist/database/backend/server-document.mjs:1:2782)","timestamp":"2026-03-12 19:01:18"}
{"level":"error","message":"An error occurred during the migration of Item record [LOPtjnPVjWQEzrZx] of database \"the-void-unofficial.domains\":\nError: Documents from a core version newer than the running version cannot be migrated\n    at Function._migrateRecord (file:///D:/Juegos/Foundry_daggerheart_git/Foundry-daggerheart/Portable-FoundryVTT-v13.348/App/resources/app/dist/database/backend/server-document.mjs:1:3713)\n    at Function._migrateDocuments (file:///D:/Juegos/Foundry_daggerheart_git/Foundry-daggerheart/Portable-FoundryVTT-v13.348/App/resources/app/dist/database/backend/server-document.mjs:1:2782)","timestamp":"2026-03-12 19:01:18"}
{"level":"error","message":"An error occurred during the migration of Item record [Q3RpYwdlDyCQPJHr] of database \"the-void-unofficial.domains\":\nError: Documents from a core version newer than the running version cannot be migrated\n    at Function._migrateRecord (file:///D:/Juegos/Foundry_daggerheart_git/Foundry-daggerheart/Portable-FoundryVTT-v13.348/App/resources/app/dist/database/backend/server-document.mjs:1:3713)\n    at Function._migrateDocuments (file:///D:/Juegos/Foundry_daggerheart_git/Foundry-daggerheart/Portable-FoundryVTT-v13.348/App/resources/app/dist/database/backend/server-document.mjs:1:2782)","timestamp":"2026-03-12 19:01:18"}
{"level":"error","message":"An error occurred during the migration of Item record [WAUpMdW2TD8KVusi] of database \"the-void-unofficial.domains\":\nError: Documents from a core version newer than the running version cannot be migrated\n    at Function._migrateRecord (file:///D:/Juegos/Foundry_daggerheart_git/Foundry-daggerheart/Portable-FoundryVTT-v13.348/App/resources/app/dist/database/backend/server-document.mjs:1:3713)\n    at Function._migrateDocuments (file:///D:/Juegos/Foundry_daggerheart_git/Foundry-daggerheart/Portable-FoundryVTT-v13.348/App/resources/app/dist/database/backend/server-document.mjs:1:2782)","timestamp":"2026-03-12 19:01:18"}
{"level":"error","message":"An error occurred during the migration of Item record [XGDsPevKx3P1mdpH] of database \"the-void-unofficial.domains\":\nError: Documents from a core version newer than the running version cannot be migrated\n    at Function._migrateRecord (file:///D:/Juegos/Foundry_daggerheart_git/Foundry-daggerheart/Portable-FoundryVTT-v13.348/App/resources/app/dist/database/backend/server-document.mjs:1:3713)\n    at Function._migrateDocuments (file:///D:/Juegos/Foundry_daggerheart_git/Foundry-daggerheart/Portable-FoundryVTT-v13.348/App/resources/app/dist/database/backend/server-document.mjs:1:2782)","timestamp":"2026-03-12 19:01:18"}
{"level":"error","message":"An error occurred during the migration of Item record [cOFRHlxyTtRlbumc] of database \"the-void-unofficial.domains\":\nError: Documents from a core version newer than the running version cannot be migrated\n    at Function._migrateRecord (file:///D:/Juegos/Foundry_daggerheart_git/Foundry-daggerheart/Portable-FoundryVTT-v13.348/App/resources/app/dist/database/backend/server-document.mjs:1:3713)\n    at Function._migrateDocuments (file:///D:/Juegos/Foundry_daggerheart_git/Foundry-daggerheart/Portable-FoundryVTT-v13.348/App/resources/app/dist/database/backend/server-document.mjs:1:2782)","timestamp":"2026-03-12 19:01:18"}
{"level":"error","message":"An error occurred during the migration of Item record [dVUQ7Rp9luM7Zekw] of database \"the-void-unofficial.domains\":\nError: Documents from a core version newer than the running version cannot be migrated\n    at Function._migrateRecord (file:///D:/Juegos/Foundry_daggerheart_git/Foundry-daggerheart/Portable-FoundryVTT-v13.348/App/resources/app/dist/database/backend/server-document.mjs:1:3713)\n    at Function._migrateDocuments (file:///D:/Juegos/Foundry_daggerheart_git/Foundry-daggerheart/Portable-FoundryVTT-v13.348/App/resources/app/dist/database/backend/server-document.mjs:1:2782)","timestamp":"2026-03-12 19:01:18"}
{"level":"error","message":"An error occurred during the migration of Item record [gSsxO2xiMxANuBIz] of database \"the-void-unofficial.domains\":\nError: Documents from a core version newer than the running version cannot be migrated\n    at Function._migrateRecord (file:///D:/Juegos/Foundry_daggerheart_git/Foundry-daggerheart/Portable-FoundryVTT-v13.348/App/resources/app/dist/database/backend/server-document.mjs:1:3713)\n    at Function._migrateDocuments (file:///D:/Juegos/Foundry_daggerheart_git/Foundry-daggerheart/Portable-FoundryVTT-v13.348/App/resources/app/dist/database/backend/server-document.mjs:1:2782)","timestamp":"2026-03-12 19:01:18"}
{"level":"error","message":"An error occurred during the migration of Item record [gaDhu9iAdChYFcm2] of database \"the-void-unofficial.domains\":\nError: Documents from a core version newer than the running version cannot be migrated\n    at Function._migrateRecord (file:///D:/Juegos/Foundry_daggerheart_git/Foundry-daggerheart/Portable-FoundryVTT-v13.348/App/resources/app/dist/database/backend/server-document.mjs:1:3713)\n    at Function._migrateDocuments (file:///D:/Juegos/Foundry_daggerheart_git/Foundry-daggerheart/Portable-FoundryVTT-v13.348/App/resources/app/dist/database/backend/server-document.mjs:1:2782)","timestamp":"2026-03-12 19:01:18"}
{"level":"error","message":"An error occurred during the migration of Item record [hmDOLwJEZlbuOKNT] of database \"the-void-unofficial.domains\":\nError: Documents from a core version newer than the running version cannot be migrated\n    at Function._migrateRecord (file:///D:/Juegos/Foundry_daggerheart_git/Foundry-daggerheart/Portable-FoundryVTT-v13.348/App/resources/app/dist/database/backend/server-document.mjs:1:3713)\n    at Function._migrateDocuments (file:///D:/Juegos/Foundry_daggerheart_git/Foundry-daggerheart/Portable-FoundryVTT-v13.348/App/resources/app/dist/database/backend/server-document.mjs:1:2782)","timestamp":"2026-03-12 19:01:18"}
{"level":"error","message":"An error occurred during the migration of Item record [lo8WVAuTWsAh6QBf] of database \"the-void-unofficial.domains\":\nError: Documents from a core version newer than the running version cannot be migrated\n    at Function._migrateRecord (file:///D:/Juegos/Foundry_daggerheart_git/Foundry-daggerheart/Portable-FoundryVTT-v13.348/App/resources/app/dist/database/backend/server-document.mjs:1:3713)\n    at Function._migrateDocuments (file:///D:/Juegos/Foundry_daggerheart_git/Foundry-daggerheart/Portable-FoundryVTT-v13.348/App/resources/app/dist/database/backend/server-document.mjs:1:2782)","timestamp":"2026-03-12 19:01:18"}
{"level":"error","message":"An error occurred during the migration of Item record [yGbgSMuL43quImEV] of database \"the-void-unofficial.domains\":\nError: Documents from a core version newer than the running version cannot be migrated\n    at Function._migrateRecord (file:///D:/Juegos/Foundry_daggerheart_git/Foundry-daggerheart/Portable-FoundryVTT-v13.348/App/resources/app/dist/database/backend/server-document.mjs:1:3713)\n    at Function._migrateDocuments (file:///D:/Juegos/Foundry_daggerheart_git/Foundry-daggerheart/Portable-FoundryVTT-v13.348/App/resources/app/dist/database/backend/server-document.mjs:1:2782)","timestamp":"2026-03-12 19:01:18"}
{"level":"warn","message":"Database the-void-unofficial.domains was not fully migrated due to errors during migration.","timestamp":"2026-03-12 19:01:18"}
{"level":"info","message":"Launching World | Migrating Package Data - 90%","timestamp":"2026-03-12 19:01:18"}
{"level":"info","message":"Launching World | Migrating Package Data - 92%","timestamp":"2026-03-12 19:01:18"}
{"level":"error","message":"An error occurred during the migration of Item record [cg2pnUEwJ7q4k28d] of database \"the-void-unofficial.weapons\":\nError: Documents from a core version newer than the running version cannot be migrated\n    at Function._migrateRecord (file:///D:/Juegos/Foundry_daggerheart_git/Foundry-daggerheart/Portable-FoundryVTT-v13.348/App/resources/app/dist/database/backend/server-document.mjs:1:3713)\n    at Function._migrateDocuments (file:///D:/Juegos/Foundry_daggerheart_git/Foundry-daggerheart/Portable-FoundryVTT-v13.348/App/resources/app/dist/database/backend/server-document.mjs:1:2782)","timestamp":"2026-03-12 19:01:18"}
{"level":"error","message":"An error occurred during the migration of Item record [lHFiIpH2lrBBaT4o] of database \"the-void-unofficial.weapons\":\nError: Documents from a core version newer than the running version cannot be migrated\n    at Function._migrateRecord (file:///D:/Juegos/Foundry_daggerheart_git/Foundry-daggerheart/Portable-FoundryVTT-v13.348/App/resources/app/dist/database/backend/server-document.mjs:1:3713)\n    at Function._migrateDocuments (file:///D:/Juegos/Foundry_daggerheart_git/Foundry-daggerheart/Portable-FoundryVTT-v13.348/App/resources/app/dist/database/backend/server-document.mjs:1:2782)","timestamp":"2026-03-12 19:01:18"}
{"level":"warn","message":"Database the-void-unofficial.weapons was not fully migrated due to errors during migration.","timestamp":"2026-03-12 19:01:18"}
{"level":"info","message":"Launching World | Migrating Package Data - 94%","timestamp":"2026-03-12 19:01:18"}
{"level":"info","message":"Launching World | Migrating Package Data - 96%","timestamp":"2026-03-12 19:01:18"}
{"level":"info","message":"Launching World | Migrating Package Data - 98%","timestamp":"2026-03-12 19:01:18"}
{"level":"info","message":"Launching World | Migrating Package Data - 100%","timestamp":"2026-03-12 19:01:18"}
{"level":"info","message":"Launching World | Complete","timestamp":"2026-03-12 19:01:18"}
{"level":"info","message":"Server started and listening on port 30000","timestamp":"2026-03-12 19:01:18"}
{"level":"info","message":"Created client session 9735215a822db88ce2e95bb7","timestamp":"2026-03-12 19:01:21"}
{"ip":"::1","level":"info","message":"User authentication successful for user Gamemaster","session":"9735215a822db88ce2e95bb7","timestamp":"2026-03-12 19:01:25"}
{"level":"info","message":"Core software stable update 13.351 is available!","timestamp":"2026-03-12 19:01:27"}
{"level":"warn","message":"Timed Out","timestamp":"2026-03-12 19:01:32"}
{"level":"info","message":"No system update for Daggerheart is currently available.","timestamp":"2026-03-12 19:01:32"}
{"level":"info","message":"Vended World data to User [sjVrMusZqwSBFvXT] in 5286ms","timestamp":"2026-03-12 19:01:32"}
{"level":"info","message":"Created ChatMessage with id [Mq28moALewAffvCI]","timestamp":"2026-03-12 19:01:41"}
{"level":"info","message":"Toggling game pause status to false","timestamp":"2026-03-12 19:01:41"}
{"level":"info","message":"Deleted ChatMessage with id [Mq28moALewAffvCI]","timestamp":"2026-03-12 19:01:45"}
{"level":"info","message":"Created client session 8a26e71fe048d7319dc77aad","timestamp":"2026-03-12 20:31:43"}
{"level":"info","message":"Created client session 421b682260612c019c97928d","timestamp":"2026-03-12 20:32:55"}
{"ip":"::1","level":"info","message":"User authentication successful for user Rafa","session":"421b682260612c019c97928d","timestamp":"2026-03-12 20:33:04"}
{"level":"info","message":"No system update for Daggerheart is currently available.","timestamp":"2026-03-12 20:33:13"}
{"level":"info","message":"Vended World data to User [GWTRKbo7zCYY14Zb] in 3739ms","timestamp":"2026-03-12 20:33:13"}
{"level":"info","message":"Created client session 3a0fd11639e89a29e42d087d","timestamp":"2026-03-12 20:33:26"}
{"ip":"::1","level":"info","message":"User authentication successful for user Marco","session":"3a0fd11639e89a29e42d087d","timestamp":"2026-03-12 20:33:34"}
{"level":"info","message":"No system update for Daggerheart is currently available.","timestamp":"2026-03-12 20:33:37"}
{"level":"info","message":"Vended World data to User [bD85SeOOnOQ4JDCw] in 506ms","timestamp":"2026-03-12 20:33:37"}
{"level":"info","message":"Created client session 901649db4f9bcac0e67cfa70","timestamp":"2026-03-12 20:34:00"}
{"ip":"::1","level":"info","message":"User authentication successful for user Manu","session":"901649db4f9bcac0e67cfa70","timestamp":"2026-03-12 20:34:09"}
{"level":"info","message":"No system update for Daggerheart is currently available.","timestamp":"2026-03-12 20:34:12"}
{"level":"info","message":"Vended World data to User [3KGkrc3RzaXE4jXU] in 425ms","timestamp":"2026-03-12 20:34:12"}
{"level":"info","message":"Created ChatMessage with id [bcVppcEOj8JgpnYD]","timestamp":"2026-03-12 20:36:06"}
{"level":"info","message":"Created ChatMessage with id [eb6KBva9vxPFV5CR]","timestamp":"2026-03-12 20:36:09"}
{"level":"info","message":"Created Item with id [0rh9FfzHW293Ufnk] in parent Actor [OMtvHkyYzdn2KjgL]","timestamp":"2026-03-12 20:37:32"}
{"level":"info","message":"Created ChatMessage with id [fErdf7WIRZ1Sl6iH]","timestamp":"2026-03-12 20:39:33"}
{"level":"info","message":"Created ChatMessage with id [xyFbECiiDmNpuosS]","timestamp":"2026-03-12 20:40:18"}
{"level":"info","message":"Deleted Token with id [8BXnjCirKtwh4aPJ] in parent Scene [Xu5HbCrkGrO3llR2]","timestamp":"2026-03-12 20:45:15"}
{"level":"info","message":"Created ChatMessage with id [4yhVojiwZB8xNcaj]","timestamp":"2026-03-12 20:48:48"}
{"level":"info","message":"Created ChatMessage with id [562Q1l3ZuKfQKTTP]","timestamp":"2026-03-12 20:49:10"}
{"level":"info","message":"Created ChatMessage with id [ahGiyXm6PuBT4e5X]","timestamp":"2026-03-12 20:49:12"}
{"level":"info","message":"Created ChatMessage with id [dIhHPBtRwxxyM8Bs]","timestamp":"2026-03-12 20:49:14"}
{"level":"info","message":"Created ChatMessage with id [fe8eWeg90S6vSvxR]","timestamp":"2026-03-12 20:51:22"}
{"level":"info","message":"Created ChatMessage with id [25SRiBwlE7Jbf8SA]","timestamp":"2026-03-12 20:51:40"}
{"level":"info","message":"Created ChatMessage with id [QyciKO1t4LSMyJCf]","timestamp":"2026-03-12 20:52:51"}
{"level":"info","message":"Created JournalEntryPage with id [NBf7CyG3R3BTusp1] in parent JournalEntry [BsmowcHIWEcdqySR]","timestamp":"2026-03-12 20:55:00"}
{"level":"error","message":"User Manu lacks permission to update JournalEntryPage [NBf7CyG3R3BTusp1] in parent JournalEntry [BsmowcHIWEcdqySR]","stack":"Error: User Manu lacks permission to update JournalEntryPage [NBf7CyG3R3BTusp1] in parent JournalEntry [BsmowcHIWEcdqySR]\n    at file:///D:/Juegos/Foundry_daggerheart_git/Foundry-daggerheart/Portable-FoundryVTT-v13.348/App/resources/app/dist/database/backend/server-backend.mjs:1:5632\n    at async Promise.all (index 0)\n    at async ServerDatabaseBackend._updateDocuments (file:///D:/Juegos/Foundry_daggerheart_git/Foundry-daggerheart/Portable-FoundryVTT-v13.348/App/resources/app/dist/database/backend/server-backend.mjs:1:5384)\n    at async #try (file:///D:/Juegos/Foundry_daggerheart_git/Foundry-daggerheart/Portable-FoundryVTT-v13.348/App/resources/app/common/utils/semaphore.mjs:98:17)","timestamp":"2026-03-12 20:55:00"}
{"level":"error","message":"User Manu lacks permission to update Actor [OMtvHkyYzdn2KjgL]","stack":"Error: User Manu lacks permission to update Actor [OMtvHkyYzdn2KjgL]\n    at file:///D:/Juegos/Foundry_daggerheart_git/Foundry-daggerheart/Portable-FoundryVTT-v13.348/App/resources/app/dist/database/backend/server-backend.mjs:1:5632\n    at async Promise.all (index 0)\n    at async ServerDatabaseBackend._updateDocuments (file:///D:/Juegos/Foundry_daggerheart_git/Foundry-daggerheart/Portable-FoundryVTT-v13.348/App/resources/app/dist/database/backend/server-backend.mjs:1:5384)\n    at async #try (file:///D:/Juegos/Foundry_daggerheart_git/Foundry-daggerheart/Portable-FoundryVTT-v13.348/App/resources/app/common/utils/semaphore.mjs:98:17)","timestamp":"2026-03-12 20:55:00"}
{"level":"error","message":"User Marco lacks permission to update JournalEntryPage [NBf7CyG3R3BTusp1] in parent JournalEntry [BsmowcHIWEcdqySR]","stack":"Error: User Marco lacks permission to update JournalEntryPage [NBf7CyG3R3BTusp1] in parent JournalEntry [BsmowcHIWEcdqySR]\n    at file:///D:/Juegos/Foundry_daggerheart_git/Foundry-daggerheart/Portable-FoundryVTT-v13.348/App/resources/app/dist/database/backend/server-backend.mjs:1:5632\n    at async Promise.all (index 0)\n    at async ServerDatabaseBackend._updateDocuments (file:///D:/Juegos/Foundry_daggerheart_git/Foundry-daggerheart/Portable-FoundryVTT-v13.348/App/resources/app/dist/database/backend/server-backend.mjs:1:5384)\n    at async #try (file:///D:/Juegos/Foundry_daggerheart_git/Foundry-daggerheart/Portable-FoundryVTT-v13.348/App/resources/app/common/utils/semaphore.mjs:98:17)","timestamp":"2026-03-12 20:55:00"}
{"level":"error","message":"User Marco lacks permission to update Actor [OMtvHkyYzdn2KjgL]","stack":"Error: User Marco lacks permission to update Actor [OMtvHkyYzdn2KjgL]\n    at file:///D:/Juegos/Foundry_daggerheart_git/Foundry-daggerheart/Portable-FoundryVTT-v13.348/App/resources/app/dist/database/backend/server-backend.mjs:1:5632\n    at async Promise.all (index 0)\n    at async ServerDatabaseBackend._updateDocuments (file:///D:/Juegos/Foundry_daggerheart_git/Foundry-daggerheart/Portable-FoundryVTT-v13.348/App/resources/app/dist/database/backend/server-backend.mjs:1:5384)\n    at async #try (file:///D:/Juegos/Foundry_daggerheart_git/Foundry-daggerheart/Portable-FoundryVTT-v13.348/App/resources/app/common/utils/semaphore.mjs:98:17)","timestamp":"2026-03-12 20:55:00"}
{"level":"debug","message":"Starting edit session for user 'GWTRKbo7zCYY14Zb' and instance 'JournalEntry.BsmowcHIWEcdqySR.JournalEntryPage.NBf7CyG3R3BTusp1#text.content'.","timestamp":"2026-03-12 20:55:00"}
{"level":"debug","message":"Starting edit session for user 'GWTRKbo7zCYY14Zb' and instance 'JournalEntry.BsmowcHIWEcdqySR.JournalEntryPage.NBf7CyG3R3BTusp1#text.content'.","timestamp":"2026-03-12 20:55:00"}
{"level":"debug","message":"Starting edit session for user 'GWTRKbo7zCYY14Zb' and instance 'JournalEntry.BsmowcHIWEcdqySR.JournalEntryPage.NBf7CyG3R3BTusp1#text.content'.","timestamp":"2026-03-12 20:55:00"}
{"level":"debug","message":"Retiring user 'GWTRKbo7zCYY14Zb' from editing session for instance 'JournalEntry.BsmowcHIWEcdqySR.JournalEntryPage.NBf7CyG3R3BTusp1#text.content'.","timestamp":"2026-03-12 20:55:06"}
{"level":"debug","message":"Instance 'JournalEntry.BsmowcHIWEcdqySR.JournalEntryPage.NBf7CyG3R3BTusp1#text.content' has no more active editors, cleaning up.","timestamp":"2026-03-12 20:55:06"}
{"level":"debug","message":"Starting edit session for user 'GWTRKbo7zCYY14Zb' and instance 'JournalEntry.BsmowcHIWEcdqySR.JournalEntryPage.NBf7CyG3R3BTusp1#text.content'.","timestamp":"2026-03-12 20:55:06"}
{"level":"debug","message":"Retiring user 'GWTRKbo7zCYY14Zb' from editing session for instance 'JournalEntry.BsmowcHIWEcdqySR.JournalEntryPage.NBf7CyG3R3BTusp1#text.content'.","timestamp":"2026-03-12 20:55:20"}
{"level":"debug","message":"Instance 'JournalEntry.BsmowcHIWEcdqySR.JournalEntryPage.NBf7CyG3R3BTusp1#text.content' has no more active editors, cleaning up.","timestamp":"2026-03-12 20:55:20"}
{"level":"info","message":"Created ChatMessage with id [AoadXb9gu0hnBvMy]","timestamp":"2026-03-12 20:56:19"}
{"level":"info","message":"Created ChatMessage with id [w5awZapoQNdyKVCz]","timestamp":"2026-03-12 20:58:22"}
{"level":"info","message":"Deleted Token with id [EL5ZmKFptvnkuLa5] in parent Scene [Yqxyw4nFncHCHwoT]","timestamp":"2026-03-12 20:59:43"}
{"level":"info","message":"Deleted 2 Token documents with ids: [WG9aKum0luxKXo4E,QawAZ2JAzh2M9Nn5] in parent Scene [Yqxyw4nFncHCHwoT]","timestamp":"2026-03-12 21:00:13"}
{"level":"info","message":"Created Token with id [bYMLkPNZvLXvNKXv] in parent Scene [Yqxyw4nFncHCHwoT]","timestamp":"2026-03-12 21:00:15"}
{"level":"info","message":"Created Token with id [gfbHma5wgrO0Dj8j] in parent Scene [Yqxyw4nFncHCHwoT]","timestamp":"2026-03-12 21:00:19"}
{"level":"info","message":"Created FogExploration with id [0tFOJa9KWHKqXuSR]","timestamp":"2026-03-12 21:00:24"}
{"level":"info","message":"Deleted Token with id [bYMLkPNZvLXvNKXv] in parent Scene [Yqxyw4nFncHCHwoT]","timestamp":"2026-03-12 21:00:49"}
{"level":"info","message":"Created Token with id [qGs2FcT9NUbUaw3C] in parent Scene [Yqxyw4nFncHCHwoT]","timestamp":"2026-03-12 21:00:51"}
{"level":"info","message":"No system update for Daggerheart is currently available.","timestamp":"2026-03-12 21:01:00"}
{"level":"info","message":"Vended World data to User [GWTRKbo7zCYY14Zb] in 1788ms","timestamp":"2026-03-12 21:01:00"}
{"level":"info","message":"Created FogExploration with id [6xpVVmZ9Imyy3zVs]","timestamp":"2026-03-12 21:02:38"}
{"level":"info","message":"Created FogExploration with id [Kj2xnNnzxQkmjbNa]","timestamp":"2026-03-12 21:04:25"}
{"level":"info","message":"Created ChatMessage with id [oSp5sNT2AlLXHlmJ]","timestamp":"2026-03-12 21:08:30"}
{"level":"info","message":"Created ChatMessage with id [s6Wl6fwmTbV88uJn]","timestamp":"2026-03-12 21:08:47"}
{"level":"info","message":"Created ChatMessage with id [vNmQCUCxdgRj6nCK]","timestamp":"2026-03-12 21:13:01"}
{"level":"info","message":"Created ChatMessage with id [JXXADehj2nxIZJGR]","timestamp":"2026-03-12 21:13:28"}
{"level":"info","message":"Created ChatMessage with id [QKWwA7HEaUkTSaen]","timestamp":"2026-03-12 21:15:18"}
{"level":"info","message":"Created ChatMessage with id [6g8kvn35u2lD4Jf6]","timestamp":"2026-03-12 21:15:21"}
{"level":"info","message":"Created ActiveEffect with id [3v4hXPXmgR3DT76q] in parent ActorDelta [9JsdZS5UExrQc4D3]","timestamp":"2026-03-12 21:16:07"}
{"level":"info","message":"Created MeasuredTemplate with id [nuWctwbazfCI118q] in parent Scene [Yqxyw4nFncHCHwoT]","timestamp":"2026-03-12 21:17:39"}
{"level":"info","message":"Deleted MeasuredTemplate with id [nuWctwbazfCI118q] in parent Scene [Yqxyw4nFncHCHwoT]","timestamp":"2026-03-12 21:17:42"}
{"level":"info","message":"Created ChatMessage with id [LMScSU4JvO6WpPf3]","timestamp":"2026-03-12 21:18:36"}
{"level":"info","message":"Created ChatMessage with id [2VIcOtiNNZrsVlSo]","timestamp":"2026-03-12 21:19:44"}
{"level":"info","message":"Created ActiveEffect with id [GgHsfavplUYzKwFa] in parent ActorDelta [xCpSSsq3Sv0f4ti9]","timestamp":"2026-03-12 21:21:13"}
{"level":"info","message":"Created ActiveEffect with id [OI5CeUMtfhcE7yHx] in parent ActorDelta [9e7aJuBDFzjj0zyL]","timestamp":"2026-03-12 21:21:15"}
{"level":"info","message":"Created ActiveEffect with id [1XY0vOgpYL5CSfPr] in parent ActorDelta [Psdk8g4I1RIxx8XR]","timestamp":"2026-03-12 21:21:17"}
{"level":"info","message":"Created ActiveEffect with id [G7YKEuorc1QB9WBA] in parent ActorDelta [tNBFdC9GEkROIuDT]","timestamp":"2026-03-12 21:21:18"}
{"level":"info","message":"Created ActiveEffect with id [0RrTPut25eCZ4kyI] in parent ActorDelta [EIFH7yXXRO79CQnT]","timestamp":"2026-03-12 21:21:37"}
{"level":"info","message":"Deleted ActiveEffect with id [0RrTPut25eCZ4kyI] in parent ActorDelta [EIFH7yXXRO79CQnT]","timestamp":"2026-03-12 21:21:40"}
{"level":"info","message":"Created ChatMessage with id [5KMxQcCQZeK84wYa]","timestamp":"2026-03-12 21:22:48"}
{"level":"info","message":"Created ChatMessage with id [ZjeBlVHwXmhc7Jfa]","timestamp":"2026-03-12 21:22:58"}
{"level":"info","message":"Created ChatMessage with id [PxlGPKBUT0zsBXoW]","timestamp":"2026-03-12 21:23:08"}
{"level":"info","message":"Created ChatMessage with id [zoc1ELA6tS8Sohy1]","timestamp":"2026-03-12 21:23:51"}
{"level":"info","message":"Created ActiveEffect with id [n9QqNZhw4KLje0YN] in parent Actor [V2sVeqLEQSonuum6]","timestamp":"2026-03-12 21:25:07"}
{"level":"info","message":"Created ChatMessage with id [weDTYUg6qmJjRTwM]","timestamp":"2026-03-12 21:25:07"}
{"level":"info","message":"Created ActiveEffect with id [apPaC1NPify2pc3w] in parent Actor [8g19ugUuhptvOChr]","timestamp":"2026-03-12 21:25:07"}
{"level":"info","message":"Created ChatMessage with id [sFksjn0Cv1rm6UA5]","timestamp":"2026-03-12 21:25:23"}
{"level":"info","message":"Created ChatMessage with id [0k3otF7W9VZ8Fj86]","timestamp":"2026-03-12 21:25:34"}
{"level":"info","message":"Created ChatMessage with id [CVLG2KJ9sQCrebIp]","timestamp":"2026-03-12 21:25:47"}
{"level":"info","message":"Created MeasuredTemplate with id [mZzkL1zFNmBVv24e] in parent Scene [Yqxyw4nFncHCHwoT]","timestamp":"2026-03-12 21:25:53"}
{"level":"info","message":"Deleted MeasuredTemplate with id [mZzkL1zFNmBVv24e] in parent Scene [Yqxyw4nFncHCHwoT]","timestamp":"2026-03-12 21:25:54"}
{"level":"info","message":"Created MeasuredTemplate with id [AZdoropbljNrtUy3] in parent Scene [Yqxyw4nFncHCHwoT]","timestamp":"2026-03-12 21:25:55"}
{"level":"info","message":"Deleted MeasuredTemplate with id [AZdoropbljNrtUy3] in parent Scene [Yqxyw4nFncHCHwoT]","timestamp":"2026-03-12 21:25:56"}
{"level":"info","message":"Created ChatMessage with id [qjzjQ5Teckxdx7B6]","timestamp":"2026-03-12 21:26:05"}
{"level":"info","message":"Created ChatMessage with id [eoqTZQZY0ERLkoIV]","timestamp":"2026-03-12 21:26:25"}
{"level":"info","message":"Created ChatMessage with id [HpZcFNUo0ilbfP1b]","timestamp":"2026-03-12 21:26:25"}
{"level":"info","message":"Created ChatMessage with id [TLwqzU4kVlg4BLwJ]","timestamp":"2026-03-12 21:26:47"}
{"level":"info","message":"Created ChatMessage with id [WHjKdiPeJKrvRg6O]","timestamp":"2026-03-12 21:27:54"}
{"level":"info","message":"Created ChatMessage with id [X6tLlXf6OgkzoIjY]","timestamp":"2026-03-12 21:28:42"}
{"level":"info","message":"Created ChatMessage with id [CZbPnh65QN1E0gRm]","timestamp":"2026-03-12 21:28:53"}
{"level":"info","message":"Created ChatMessage with id [pxCx1qDcfcuBMPmz]","timestamp":"2026-03-12 21:29:16"}
{"level":"info","message":"Created ActiveEffect with id [Yxh0sij5hVJfga18] in parent ActorDelta [Sa20IX9VHy0jNeBN]","timestamp":"2026-03-12 21:29:33"}
{"level":"info","message":"Created ActiveEffect with id [36pSMOlmSDHCtqRI] in parent ActorDelta [EIFH7yXXRO79CQnT]","timestamp":"2026-03-12 21:29:44"}
{"level":"info","message":"Created ActiveEffect with id [GDHClXJMIJTfzf1G] in parent ActorDelta [nKfpkWWHtJkyrCen]","timestamp":"2026-03-12 21:29:45"}
{"level":"info","message":"Created JournalEntryPage with id [h7RgXSXDhVGIgtkw] in parent JournalEntry [Ydh4RBwISPMbzCHX]","timestamp":"2026-03-12 21:30:41"}
{"level":"debug","message":"Starting edit session for user 'sjVrMusZqwSBFvXT' and instance 'JournalEntry.Ydh4RBwISPMbzCHX.JournalEntryPage.h7RgXSXDhVGIgtkw#text.content'.","timestamp":"2026-03-12 21:30:41"}
{"level":"debug","message":"Starting edit session for user 'sjVrMusZqwSBFvXT' and instance 'JournalEntry.Ydh4RBwISPMbzCHX.JournalEntryPage.h7RgXSXDhVGIgtkw#text.content'.","timestamp":"2026-03-12 21:30:41"}
{"level":"error","message":"User Manu lacks permission to update JournalEntryPage [h7RgXSXDhVGIgtkw] in parent JournalEntry [Ydh4RBwISPMbzCHX]","stack":"Error: User Manu lacks permission to update JournalEntryPage [h7RgXSXDhVGIgtkw] in parent JournalEntry [Ydh4RBwISPMbzCHX]\n    at file:///D:/Juegos/Foundry_daggerheart_git/Foundry-daggerheart/Portable-FoundryVTT-v13.348/App/resources/app/dist/database/backend/server-backend.mjs:1:5632\n    at async Promise.all (index 0)\n    at async ServerDatabaseBackend._updateDocuments (file:///D:/Juegos/Foundry_daggerheart_git/Foundry-daggerheart/Portable-FoundryVTT-v13.348/App/resources/app/dist/database/backend/server-backend.mjs:1:5384)\n    at async #try (file:///D:/Juegos/Foundry_daggerheart_git/Foundry-daggerheart/Portable-FoundryVTT-v13.348/App/resources/app/common/utils/semaphore.mjs:98:17)","timestamp":"2026-03-12 21:30:41"}
{"level":"error","message":"User Marco lacks permission to update JournalEntryPage [h7RgXSXDhVGIgtkw] in parent JournalEntry [Ydh4RBwISPMbzCHX]","stack":"Error: User Marco lacks permission to update JournalEntryPage [h7RgXSXDhVGIgtkw] in parent JournalEntry [Ydh4RBwISPMbzCHX]\n    at file:///D:/Juegos/Foundry_daggerheart_git/Foundry-daggerheart/Portable-FoundryVTT-v13.348/App/resources/app/dist/database/backend/server-backend.mjs:1:5632\n    at async Promise.all (index 0)\n    at async ServerDatabaseBackend._updateDocuments (file:///D:/Juegos/Foundry_daggerheart_git/Foundry-daggerheart/Portable-FoundryVTT-v13.348/App/resources/app/dist/database/backend/server-backend.mjs:1:5384)\n    at async #try (file:///D:/Juegos/Foundry_daggerheart_git/Foundry-daggerheart/Portable-FoundryVTT-v13.348/App/resources/app/common/utils/semaphore.mjs:98:17)","timestamp":"2026-03-12 21:30:41"}
{"level":"error","message":"User Rafa lacks permission to update JournalEntryPage [h7RgXSXDhVGIgtkw] in parent JournalEntry [Ydh4RBwISPMbzCHX]","stack":"Error: User Rafa lacks permission to update JournalEntryPage [h7RgXSXDhVGIgtkw] in parent JournalEntry [Ydh4RBwISPMbzCHX]\n    at file:///D:/Juegos/Foundry_daggerheart_git/Foundry-daggerheart/Portable-FoundryVTT-v13.348/App/resources/app/dist/database/backend/server-backend.mjs:1:5632\n    at async Promise.all (index 0)\n    at async ServerDatabaseBackend._updateDocuments (file:///D:/Juegos/Foundry_daggerheart_git/Foundry-daggerheart/Portable-FoundryVTT-v13.348/App/resources/app/dist/database/backend/server-backend.mjs:1:5384)\n    at async #try (file:///D:/Juegos/Foundry_daggerheart_git/Foundry-daggerheart/Portable-FoundryVTT-v13.348/App/resources/app/common/utils/semaphore.mjs:98:17)","timestamp":"2026-03-12 21:30:41"}
{"level":"debug","message":"Retiring user 'sjVrMusZqwSBFvXT' from editing session for instance 'JournalEntry.Ydh4RBwISPMbzCHX.JournalEntryPage.h7RgXSXDhVGIgtkw#text.content'.","timestamp":"2026-03-12 21:30:51"}
{"level":"debug","message":"Instance 'JournalEntry.Ydh4RBwISPMbzCHX.JournalEntryPage.h7RgXSXDhVGIgtkw#text.content' has no more active editors, cleaning up.","timestamp":"2026-03-12 21:30:51"}
{"level":"info","message":"Created ChatMessage with id [u1LcYwWYamPQOwpV]","timestamp":"2026-03-12 21:31:49"}
{"level":"info","message":"Created ChatMessage with id [IME7pXYEKd9pL5LH]","timestamp":"2026-03-12 21:32:13"}
{"level":"info","message":"Created ChatMessage with id [6duElDAFVY0jHTSi]","timestamp":"2026-03-12 21:32:15"}
{"level":"info","message":"Created ChatMessage with id [dcospTWvjbZkbTmt]","timestamp":"2026-03-12 21:32:19"}
{"level":"info","message":"Created ChatMessage with id [arvKr5sElIT5L6j3]","timestamp":"2026-03-12 21:34:03"}
{"level":"info","message":"Created ChatMessage with id [hebCN3REq3daDyYh]","timestamp":"2026-03-12 21:34:33"}
{"level":"info","message":"Created ActiveEffect with id [m6SOf5KApHe8Muu6] in parent ActorDelta [n80gm7OGAD9zsUeN]","timestamp":"2026-03-12 21:36:31"}
{"level":"info","message":"Created ActiveEffect with id [OngNodL875pBjipa] in parent ActorDelta [5ViSWpW0yQMyPmlW]","timestamp":"2026-03-12 21:36:33"}
{"level":"info","message":"Deleted ActiveEffect with id [n9QqNZhw4KLje0YN] in parent Actor [V2sVeqLEQSonuum6]","timestamp":"2026-03-12 21:36:37"}
{"level":"info","message":"Created ChatMessage with id [nNUUWJfIJdnfHBx1]","timestamp":"2026-03-12 21:37:19"}
{"level":"info","message":"Created ChatMessage with id [3UZnPNGAGCVboIO5]","timestamp":"2026-03-12 21:38:34"}
{"level":"info","message":"Created ChatMessage with id [lImSizqKz44yPc6H]","timestamp":"2026-03-12 21:38:37"}
{"level":"info","message":"Created ChatMessage with id [UXDvn5KD05oKiv42]","timestamp":"2026-03-12 21:39:44"}
{"level":"info","message":"Created ChatMessage with id [TQAlOYlMjc4PJb0F]","timestamp":"2026-03-12 21:40:05"}
{"level":"info","message":"Created ChatMessage with id [lFg3FaiqDklLjzeT]","timestamp":"2026-03-12 21:40:18"}
{"level":"info","message":"Created ChatMessage with id [ilv0cJgNRdkGcYz6]","timestamp":"2026-03-12 21:40:55"}
{"level":"info","message":"Created ChatMessage with id [KhBLZCTMNIdX4irA]","timestamp":"2026-03-12 21:41:55"}
{"level":"info","message":"Created ChatMessage with id [rDnyj4dh2urHCWRi]","timestamp":"2026-03-12 21:42:07"}
{"level":"info","message":"Created ChatMessage with id [RzEpyHuH3T8EBvqO]","timestamp":"2026-03-12 21:42:22"}
{"level":"info","message":"Created ChatMessage with id [basCDaavIQdzSSWp]","timestamp":"2026-03-12 21:42:54"}
{"level":"info","message":"Created ChatMessage with id [V2nE6c2YeU7aHRJS]","timestamp":"2026-03-12 21:44:15"}
{"level":"info","message":"Created ChatMessage with id [is5mqbV33N7Yg7xE]","timestamp":"2026-03-12 21:45:05"}
{"level":"info","message":"Created ChatMessage with id [6XaiWrzdZDTZ7dT1]","timestamp":"2026-03-12 21:45:12"}
{"level":"info","message":"Created ChatMessage with id [ZagtL47Dcc1U8Mce]","timestamp":"2026-03-12 21:45:39"}
{"level":"info","message":"Created ActiveEffect with id [xXCcKNqALnqoYs1y] in parent ActorDelta [5ViSWpW0yQMyPmlW]","timestamp":"2026-03-12 21:45:44"}
{"level":"info","message":"Created ActiveEffect with id [4BdD4e6TtFMn6H7U] in parent ActorDelta [auf5094a1ZHgyH3y]","timestamp":"2026-03-12 21:45:47"}
{"level":"info","message":"Created ChatMessage with id [0a4WPNh4bgLqHXjM]","timestamp":"2026-03-12 21:45:51"}
{"level":"info","message":"Created ChatMessage with id [wRlEL7H3uGQgvX3k]","timestamp":"2026-03-12 21:46:13"}
{"level":"info","message":"Created ChatMessage with id [VtV1WmAT5DCAlcOa]","timestamp":"2026-03-12 21:46:49"}
{"level":"info","message":"Created ChatMessage with id [vxWUZRPHVbNTnoeW]","timestamp":"2026-03-12 21:47:33"}
{"level":"info","message":"Created ChatMessage with id [obAXZ8Tk2aybp7XC]","timestamp":"2026-03-12 21:47:48"}
{"level":"info","message":"Created ChatMessage with id [EirURRdiJ1UBl2LH]","timestamp":"2026-03-12 21:49:46"}
{"level":"info","message":"Created ChatMessage with id [TbXPsoscZmsKA2Ku]","timestamp":"2026-03-12 21:49:55"}
{"level":"info","message":"Created MeasuredTemplate with id [F5K6cqGmqqzEqYxM] in parent Scene [Yqxyw4nFncHCHwoT]","timestamp":"2026-03-12 21:50:00"}
{"level":"info","message":"Created MeasuredTemplate with id [mGcSNWcdcBnKdF8k] in parent Scene [Yqxyw4nFncHCHwoT]","timestamp":"2026-03-12 21:50:20"}
{"level":"info","message":"Deleted MeasuredTemplate with id [mGcSNWcdcBnKdF8k] in parent Scene [Yqxyw4nFncHCHwoT]","timestamp":"2026-03-12 21:50:22"}
{"level":"info","message":"Created ChatMessage with id [5v5CCwp7WTFckwBC]","timestamp":"2026-03-12 21:50:40"}
{"level":"info","message":"Created ChatMessage with id [J5diZW5GQtNOQPuW]","timestamp":"2026-03-12 21:50:42"}
{"level":"info","message":"Created ChatMessage with id [5pnuPojkuyVnj3T7]","timestamp":"2026-03-12 21:50:52"}
{"level":"info","message":"Deleted MeasuredTemplate with id [F5K6cqGmqqzEqYxM] in parent Scene [Yqxyw4nFncHCHwoT]","timestamp":"2026-03-12 21:52:14"}
{"level":"info","message":"Created ChatMessage with id [89ErluYSVWewFtuw]","timestamp":"2026-03-12 21:52:49"}
{"level":"info","message":"Created ChatMessage with id [rRPaGtap3IAFuzcD]","timestamp":"2026-03-12 21:52:53"}
{"level":"info","message":"Deleted Token with id [4RWtmt2aZnhnq5Cx] in parent Scene [Yqxyw4nFncHCHwoT]","timestamp":"2026-03-12 21:52:54"}
{"level":"info","message":"Deleted ActiveEffect with id [apPaC1NPify2pc3w] in parent Actor [8g19ugUuhptvOChr]","timestamp":"2026-03-12 21:56:40"}
{"level":"info","message":"Deleted ActiveEffect with id [m6SOf5KApHe8Muu6] in parent ActorDelta [n80gm7OGAD9zsUeN]","timestamp":"2026-03-12 21:56:47"}
{"level":"info","message":"Created Token with id [4oNwKZTqBv8wl9S0] in parent Scene [Xu5HbCrkGrO3llR2]","timestamp":"2026-03-12 21:58:43"}
{"level":"info","message":"Created ChatMessage with id [fyeH9Ih52BhwAc1X]","timestamp":"2026-03-12 21:58:47"}
{"level":"info","message":"Created ChatMessage with id [KZGV7J2YM1xZyGEk]","timestamp":"2026-03-12 21:59:21"}
{"level":"info","message":"Created Token with id [BFnje5i1doFvIeok] in parent Scene [Xu5HbCrkGrO3llR2]","timestamp":"2026-03-12 21:59:48"}
{"level":"info","message":"Created Token with id [gSP8PimWYm3bsHV2] in parent Scene [Xu5HbCrkGrO3llR2]","timestamp":"2026-03-12 21:59:49"}
{"level":"info","message":"Created Token with id [lSZMTc4v2XIHgJzq] in parent Scene [Xu5HbCrkGrO3llR2]","timestamp":"2026-03-12 21:59:51"}
{"level":"info","message":"Deleted Token with id [lSZMTc4v2XIHgJzq] in parent Scene [Xu5HbCrkGrO3llR2]","timestamp":"2026-03-12 21:59:53"}
{"level":"info","message":"Created Token with id [H0541czENIqKxVE8] in parent Scene [Xu5HbCrkGrO3llR2]","timestamp":"2026-03-12 21:59:56"}
{"level":"info","message":"Created Token with id [uato8TAKjPndPLZA] in parent Scene [Xu5HbCrkGrO3llR2]","timestamp":"2026-03-12 21:59:58"}
{"level":"info","message":"Created Token with id [cS7eU7O7cCtYjsw3] in parent Scene [Xu5HbCrkGrO3llR2]","timestamp":"2026-03-12 21:59:59"}
{"level":"info","message":"Created Token with id [MY3R7aV3YvhAvmm8] in parent Scene [Xu5HbCrkGrO3llR2]","timestamp":"2026-03-12 22:00:00"}
{"level":"info","message":"Created Token with id [dtCbOLDYnRZDuK77] in parent Scene [Xu5HbCrkGrO3llR2]","timestamp":"2026-03-12 22:00:02"}
{"level":"info","message":"Deleted Token with id [BFnje5i1doFvIeok] in parent Scene [Xu5HbCrkGrO3llR2]","timestamp":"2026-03-12 22:00:04"}
{"level":"info","message":"Deleted Token with id [uato8TAKjPndPLZA] in parent Scene [Xu5HbCrkGrO3llR2]","timestamp":"2026-03-12 22:00:04"}
{"level":"info","message":"Deleted Token with id [gSP8PimWYm3bsHV2] in parent Scene [Xu5HbCrkGrO3llR2]","timestamp":"2026-03-12 22:00:05"}
{"level":"info","message":"Deleted Token with id [4oNwKZTqBv8wl9S0] in parent Scene [Xu5HbCrkGrO3llR2]","timestamp":"2026-03-12 22:00:05"}
{"level":"info","message":"Deleted Token with id [H0541czENIqKxVE8] in parent Scene [Xu5HbCrkGrO3llR2]","timestamp":"2026-03-12 22:00:05"}
{"level":"info","message":"Deleted Token with id [cS7eU7O7cCtYjsw3] in parent Scene [Xu5HbCrkGrO3llR2]","timestamp":"2026-03-12 22:00:06"}
{"level":"info","message":"Deleted Token with id [dtCbOLDYnRZDuK77] in parent Scene [Xu5HbCrkGrO3llR2]","timestamp":"2026-03-12 22:00:09"}
{"level":"info","message":"Created ChatMessage with id [4QYJmP9hd3MGac3p]","timestamp":"2026-03-12 22:01:58"}
{"level":"info","message":"Created ChatMessage with id [aMk5MxobPKy4wDFM]","timestamp":"2026-03-12 22:01:59"}
{"level":"info","message":"Created ChatMessage with id [bMr4YTaNwK2JDZDj]","timestamp":"2026-03-12 22:02:05"}
{"level":"info","message":"Created ChatMessage with id [GD5MvGCsuc9Qipx6]","timestamp":"2026-03-12 22:02:13"}
{"level":"info","message":"Created ChatMessage with id [G5F1g9jtmaADexGY]","timestamp":"2026-03-12 22:06:15"}
{"level":"warn","message":"The current position {x: 1829, y: 926, elevation: 0, width: 1, height: 1, shape: 4} of Token [jzEkxOixprUUXbhW] in Scene [Xu5HbCrkGrO3llR2] does not match the origin {x: 1729, y: 1026, elevation: 0, width: 1, height: 1, shape: 4} of movement initiated by User [3KGkrc3RzaXE4jXU]. The movement of this Token has been prevented.","timestamp":"2026-03-12 22:08:00"}
{"level":"debug","message":"Token update prevented by _preUpdate","timestamp":"2026-03-12 22:08:00"}
{"level":"warn","message":"The current position {x: 1819, y: 994, elevation: 0, width: 1, height: 1, shape: 4} of Token [8YMo1lbdRbf6bD4w] in Scene [Xu5HbCrkGrO3llR2] does not match the origin {x: 1919, y: 994, elevation: 0, width: 1, height: 1, shape: 4} of movement initiated by User [GWTRKbo7zCYY14Zb]. The movement of this Token has been prevented.","timestamp":"2026-03-12 22:08:01"}
{"level":"debug","message":"Token update prevented by _preUpdate","timestamp":"2026-03-12 22:08:01"}
{"level":"warn","message":"The current position {x: 1929, y: 1026, elevation: 0, width: 1, height: 1, shape: 4} of Token [jzEkxOixprUUXbhW] in Scene [Xu5HbCrkGrO3llR2] does not match the origin {x: 2029, y: 1026, elevation: 0, width: 1, height: 1, shape: 4} of movement initiated by User [3KGkrc3RzaXE4jXU]. The movement of this Token has been prevented.","timestamp":"2026-03-12 22:08:08"}
{"level":"debug","message":"Token update prevented by _preUpdate","timestamp":"2026-03-12 22:08:08"}
{"level":"warn","message":"The current position {x: 2129, y: 1026, elevation: 0, width: 1, height: 1, shape: 4} of Token [jzEkxOixprUUXbhW] in Scene [Xu5HbCrkGrO3llR2] does not match the origin {x: 2029, y: 1026, elevation: 0, width: 1, height: 1, shape: 4} of movement initiated by User [3KGkrc3RzaXE4jXU]. The movement of this Token has been prevented.","timestamp":"2026-03-12 22:08:09"}
{"level":"debug","message":"Token update prevented by _preUpdate","timestamp":"2026-03-12 22:08:09"}
{"level":"warn","message":"The current position {x: 1496, y: 932, elevation: 0, width: 1, height: 1, shape: 4} of Token [5P3DSLwVWvrXGKEy] in Scene [Xu5HbCrkGrO3llR2] does not match the origin {x: 1596, y: 932, elevation: 0, width: 1, height: 1, shape: 4} of movement initiated by User [bD85SeOOnOQ4JDCw]. The movement of this Token has been prevented.","timestamp":"2026-03-12 22:08:10"}
{"level":"debug","message":"Token update prevented by _preUpdate","timestamp":"2026-03-12 22:08:10"}
{"level":"info","message":"Created Drawing with id [nE8V3DBiDLyLSrLX] in parent Scene [Xu5HbCrkGrO3llR2]","timestamp":"2026-03-12 22:08:12"}
{"level":"info","message":"Created Drawing with id [8G4wGGZSl8SkcyLP] in parent Scene [Xu5HbCrkGrO3llR2]","timestamp":"2026-03-12 22:08:13"}
{"level":"info","message":"Created ChatMessage with id [iWTBbhuydfSaeZME]","timestamp":"2026-03-12 22:08:18"}
{"level":"info","message":"Deleted Drawing with id [8G4wGGZSl8SkcyLP] in parent Scene [Xu5HbCrkGrO3llR2]","timestamp":"2026-03-12 22:08:23"}
{"level":"info","message":"Deleted Drawing with id [nE8V3DBiDLyLSrLX] in parent Scene [Xu5HbCrkGrO3llR2]","timestamp":"2026-03-12 22:08:25"}
{"level":"info","message":"Deleted Token with id [MY3R7aV3YvhAvmm8] in parent Scene [Xu5HbCrkGrO3llR2]","timestamp":"2026-03-12 22:09:01"}
{"level":"info","message":"Deleted Token with id [fJYpgNVO6DiJ2he3] in parent Scene [B4pe0cfcAfQL78h6]","timestamp":"2026-03-12 22:09:16"}
{"level":"info","message":"Created FogExploration with id [zaoq9Ungjg0WrM4P]","timestamp":"2026-03-12 22:09:34"}
{"level":"info","message":"Created ChatMessage with id [oo3FcFC7K6QwNijE]","timestamp":"2026-03-12 22:09:58"}
{"level":"info","message":"Created FogExploration with id [RKrTsjtRGOq7Otmf]","timestamp":"2026-03-12 22:11:08"}
{"level":"info","message":"Created Item with id [uw2RtHIqxixtEoae] in parent Actor [8g19ugUuhptvOChr]","timestamp":"2026-03-12 22:11:44"}
{"level":"info","message":"Created ChatMessage with id [aRP2URQLTKghGOAu]","timestamp":"2026-03-12 22:12:16"}
{"level":"info","message":"Created ChatMessage with id [Ld1mb83acL0H0lvD]","timestamp":"2026-03-12 22:12:32"}
{"level":"info","message":"Created ChatMessage with id [C5K3WuSIgoKFgrCm]","timestamp":"2026-03-12 22:12:35"}
{"level":"info","message":"Deleted ChatMessage with id [C5K3WuSIgoKFgrCm]","timestamp":"2026-03-12 22:12:50"}
{"level":"info","message":"Created ChatMessage with id [gL0XnCXik8eUBPoJ]","timestamp":"2026-03-12 22:13:08"}
{"level":"info","message":"Created ChatMessage with id [6FdWEyo4YiEDrqcr]","timestamp":"2026-03-12 22:13:23"}
{"level":"info","message":"Created ChatMessage with id [cWJIPCz68dJdpq9m]","timestamp":"2026-03-12 22:13:29"}
{"level":"info","message":"Created ChatMessage with id [atMuzfjC5PuFQUyq]","timestamp":"2026-03-12 22:13:42"}
{"level":"info","message":"Created ChatMessage with id [Hsyh5gHagOtNPe7x]","timestamp":"2026-03-12 22:13:48"}
{"level":"info","message":"Created ChatMessage with id [3192QFrg9spkRvQd]","timestamp":"2026-03-12 22:14:33"}
{"level":"info","message":"Created ChatMessage with id [XmGOgrGEiQFUgAwn]","timestamp":"2026-03-12 22:14:34"}
{"level":"info","message":"Created ChatMessage with id [0EGbP0AkdFxi4QC8]","timestamp":"2026-03-12 22:15:09"}
{"level":"info","message":"Created ChatMessage with id [tyL5PeDrwyF3b15b]","timestamp":"2026-03-12 22:15:15"}
{"level":"info","message":"Created ChatMessage with id [HxNamI5tht9ZV3gk]","timestamp":"2026-03-12 22:15:42"}
{"level":"info","message":"Created ChatMessage with id [4DbUTOexeCcBEwBd]","timestamp":"2026-03-12 22:16:29"}
{"level":"info","message":"Created ChatMessage with id [tmv98GcfRQGgTIcu]","timestamp":"2026-03-12 22:16:46"}
{"level":"info","message":"Logged user bD85SeOOnOQ4JDCw out of active World","timestamp":"2026-03-12 22:17:47"}
{"level":"info","message":"Created ChatMessage with id [dD6G5NihQgPxOJ2u]","timestamp":"2026-03-12 22:17:55"}
{"level":"info","message":"Created ChatMessage with id [lXNe9tCWXicYeyNh]","timestamp":"2026-03-12 22:18:07"}
{"level":"info","message":"Created ChatMessage with id [N5HPjlbnWfY0isnh]","timestamp":"2026-03-12 22:18:14"}
{"level":"info","message":"Created ChatMessage with id [dFLTz3JyApfvZYKx]","timestamp":"2026-03-12 22:18:23"}
{"level":"info","message":"Created ChatMessage with id [utDmvIkd336JxFPd]","timestamp":"2026-03-12 22:18:29"}
{"level":"info","message":"Created ChatMessage with id [2w6dNbWsLlAsVJcv]","timestamp":"2026-03-12 22:19:03"}
{"level":"info","message":"Created ChatMessage with id [P2BwMKaiixyxXuhZ]","timestamp":"2026-03-12 22:19:06"}
{"ip":"::1","level":"info","message":"User authentication successful for user Marco","session":"3a0fd11639e89a29e42d087d","timestamp":"2026-03-12 22:19:34"}
{"level":"info","message":"No system update for Daggerheart is currently available.","timestamp":"2026-03-12 22:19:38"}
{"level":"info","message":"Vended World data to User [bD85SeOOnOQ4JDCw] in 1632ms","timestamp":"2026-03-12 22:19:38"}
{"level":"info","message":"Created ChatMessage with id [trRfqRFtmBsjvBD6]","timestamp":"2026-03-12 22:20:27"}
{"level":"info","message":"Created ChatMessage with id [xmKR0HWGkuIxJCpC]","timestamp":"2026-03-12 22:21:01"}
{"level":"info","message":"Created ActiveEffect with id [N2ZzBMbGPmVRf9fg] in parent ActorDelta [tSmBszWwFEZx9Ci0]","timestamp":"2026-03-12 22:22:12"}
{"level":"info","message":"Created ChatMessage with id [YGqz097yHvJQjOXL]","timestamp":"2026-03-12 22:22:17"}
{"level":"info","message":"Created ChatMessage with id [1ODhrc4mFuQaRcy7]","timestamp":"2026-03-12 22:22:23"}
{"level":"info","message":"Created ChatMessage with id [fy24KelNgETDByw8]","timestamp":"2026-03-12 22:24:15"}
{"level":"info","message":"Created ActiveEffect with id [2MR03XYro5IORyUq] in parent ActorDelta [NkWo0hTHvCt1oyhj]","timestamp":"2026-03-12 22:24:20"}
{"level":"info","message":"Created Setting with id [yK9BLeZBZakwe4Wt]","timestamp":"2026-03-12 22:27:26"}
{"level":"info","message":"Created ChatMessage with id [3dfhEWNjm6U0BarF]","timestamp":"2026-03-12 22:27:35"}
{"level":"info","message":"Created ChatMessage with id [hQSmi6yGPlizTXpg]","timestamp":"2026-03-12 22:29:05"}
{"level":"info","message":"Created ActiveEffect with id [WBxS4oPZLjYrdP68] in parent Actor [OMtvHkyYzdn2KjgL]","timestamp":"2026-03-12 22:29:33"}
{"level":"info","message":"Created ChatMessage with id [RHIuxMWynccbBFno]","timestamp":"2026-03-12 22:29:43"}
{"level":"info","message":"Created ChatMessage with id [Cw41AEWuhbnQ7ngL]","timestamp":"2026-03-12 22:29:49"}
{"level":"info","message":"Created ChatMessage with id [VFkn3sWRkx0LzyNC]","timestamp":"2026-03-12 22:29:55"}
{"level":"info","message":"Created ChatMessage with id [j7inxs1iOMyY0xtw]","timestamp":"2026-03-12 22:30:28"}
{"level":"info","message":"Deleted ChatMessage with id [j7inxs1iOMyY0xtw]","timestamp":"2026-03-12 22:30:41"}
{"level":"info","message":"Created ChatMessage with id [x3HKrhutgu9Fpdh7]","timestamp":"2026-03-12 22:30:52"}
{"level":"info","message":"Created ActiveEffect with id [nSUsb1CZ6a1u2zNp] in parent ActorDelta [tSmBszWwFEZx9Ci0]","timestamp":"2026-03-12 22:31:07"}
{"level":"info","message":"Created ChatMessage with id [X2N7h6wu4VQ3Ed74]","timestamp":"2026-03-12 22:31:24"}
{"level":"info","message":"Created ChatMessage with id [pDTgdfhGfjbrxOWi]","timestamp":"2026-03-12 22:32:05"}
{"level":"info","message":"Created ChatMessage with id [1aVC5SAqaOkown6x]","timestamp":"2026-03-12 22:32:53"}
{"level":"info","message":"Created ActiveEffect with id [pb3NU6nF1CirhVTH] in parent ActorDelta [LRUfgq6klemFIIe5]","timestamp":"2026-03-12 22:33:50"}
{"level":"info","message":"Created ChatMessage with id [yh34kH7RP4rsOP38]","timestamp":"2026-03-12 22:34:09"}
{"level":"info","message":"Created ActiveEffect with id [7V7rHthc7YhJeqE3] in parent Actor [8g19ugUuhptvOChr]","timestamp":"2026-03-12 22:35:13"}
{"level":"info","message":"Created ChatMessage with id [bXOZDdTY4G2Qa987]","timestamp":"2026-03-12 22:37:15"}
{"level":"info","message":"Deleted ActiveEffect with id [7V7rHthc7YhJeqE3] in parent Actor [8g19ugUuhptvOChr]","timestamp":"2026-03-12 22:37:20"}
{"level":"info","message":"Created ActiveEffect with id [QMXGfO5b5BuZ6KXB] in parent Actor [8g19ugUuhptvOChr]","timestamp":"2026-03-12 22:37:20"}
{"level":"info","message":"Created ChatMessage with id [gEMsa18ryZbeNvpT]","timestamp":"2026-03-12 22:37:20"}
{"level":"info","message":"Created ChatMessage with id [ukZqBkfY095jSpK2]","timestamp":"2026-03-12 22:38:09"}
{"level":"info","message":"Deleted Item with id [OwglGq4pP759SI7n] in parent Actor [OMtvHkyYzdn2KjgL]","timestamp":"2026-03-12 22:38:25"}
{"level":"info","message":"Deleted ActiveEffect with id [WBxS4oPZLjYrdP68] in parent Actor [OMtvHkyYzdn2KjgL]","timestamp":"2026-03-12 22:38:28"}
{"level":"info","message":"Created ChatMessage with id [ypflFHn56HBe7VN7]","timestamp":"2026-03-12 22:39:03"}
{"level":"info","message":"Created ChatMessage with id [Q7vkkcrdDGMxNtmj]","timestamp":"2026-03-12 22:39:43"}
{"level":"info","message":"Created ChatMessage with id [XVnpHK6RggYpM9fi]","timestamp":"2026-03-12 22:40:09"}
{"level":"info","message":"Created FogExploration with id [5Z69oaPMRsVuhRcJ]","timestamp":"2026-03-12 22:40:54"}
{"level":"info","message":"Created ChatMessage with id [Ok4W8cUtgAcp0HDd]","timestamp":"2026-03-12 22:41:05"}
{"level":"info","message":"Created ChatMessage with id [fhrGU76zsIJ42Q3l]","timestamp":"2026-03-12 22:41:30"}
{"level":"info","message":"Created ChatMessage with id [hrH72Ipf3T6v4hQS]","timestamp":"2026-03-12 22:41:34"}
{"level":"info","message":"Created ActiveEffect with id [wUl6gKNKF3lMB6QG] in parent ActorDelta [NkWo0hTHvCt1oyhj]","timestamp":"2026-03-12 22:41:57"}
{"level":"info","message":"Created ChatMessage with id [vzrjg5FtlbTLS57r]","timestamp":"2026-03-12 22:42:59"}
{"level":"info","message":"Created ChatMessage with id [oT0UTlLGXG3Le5ZQ]","timestamp":"2026-03-12 22:44:01"}
{"level":"info","message":"Created ChatMessage with id [HYF4fF9WvVGD2sc7]","timestamp":"2026-03-12 22:44:59"}
{"level":"info","message":"Created ChatMessage with id [dRj94cA3uvRiwVOK]","timestamp":"2026-03-12 22:45:49"}
{"level":"info","message":"Created ChatMessage with id [plb3vXpiA2MVyd3Y]","timestamp":"2026-03-12 22:46:20"}
{"level":"info","message":"Created ChatMessage with id [yVOFVBfX0JHzhDNt]","timestamp":"2026-03-12 22:46:24"}
{"level":"info","message":"Created ChatMessage with id [LX40Erk3BYIPvnWX]","timestamp":"2026-03-12 22:46:57"}
{"level":"info","message":"Deleted Drawing with id [JW9TQp7eqHFBz4Qq] in parent Scene [B4pe0cfcAfQL78h6]","timestamp":"2026-03-12 22:47:24"}
{"level":"info","message":"Created ChatMessage with id [wndbp4BYHxu4a6cu]","timestamp":"2026-03-12 22:47:57"}
{"level":"info","message":"Created ChatMessage with id [VyMmqTU7Jne6GVYh]","timestamp":"2026-03-12 22:48:32"}
{"level":"info","message":"Created ChatMessage with id [yDwUiEvpzSO1uT0O]","timestamp":"2026-03-12 22:48:36"}
{"level":"info","message":"Created ActiveEffect with id [FaJS0xWMWRMCfF3e] in parent ActorDelta [LRUfgq6klemFIIe5]","timestamp":"2026-03-12 22:48:45"}
{"level":"info","message":"Created ChatMessage with id [W79xEm9eoEomkJoE]","timestamp":"2026-03-12 22:48:48"}
{"level":"info","message":"Created ChatMessage with id [B8JA65hkv9p3j0UL]","timestamp":"2026-03-12 22:50:59"}
{"level":"info","message":"Created ChatMessage with id [Zo7ukZiHR5N0YfrT]","timestamp":"2026-03-12 22:51:07"}
{"level":"info","message":"Created ChatMessage with id [AodDFxXKUAq4aXSK]","timestamp":"2026-03-12 22:51:13"}
{"level":"info","message":"Deleted ActiveEffect with id [QMXGfO5b5BuZ6KXB] in parent Actor [8g19ugUuhptvOChr]","timestamp":"2026-03-12 22:51:51"}
{"level":"info","message":"Created ChatMessage with id [VdeALpbrcpUwjJb8]","timestamp":"2026-03-12 22:52:05"}
{"level":"info","message":"Created ChatMessage with id [21ckk3PjMK5ctuXp]","timestamp":"2026-03-12 22:52:26"}
{"level":"info","message":"Created Item with id [tPfKtKRRjv8qdSqy] in parent Actor [8g19ugUuhptvOChr]","timestamp":"2026-03-12 22:52:31"}
{"level":"info","message":"Created Item with id [tPfKtKRRjv8qdSqy] in parent Actor [OMtvHkyYzdn2KjgL]","timestamp":"2026-03-12 22:52:41"}
{"level":"debug","message":"Starting edit session for user 'sjVrMusZqwSBFvXT' and instance 'JournalEntry.Ydh4RBwISPMbzCHX.JournalEntryPage.d8TiTa9GVXqzNUkq#text.content'.","timestamp":"2026-03-12 22:54:46"}
{"level":"info","message":"Created ChatMessage with id [zOYm88AEZeuTkUCH]","timestamp":"2026-03-12 22:55:01"}
{"level":"debug","message":"Retiring user 'sjVrMusZqwSBFvXT' from editing session for instance 'JournalEntry.Ydh4RBwISPMbzCHX.JournalEntryPage.d8TiTa9GVXqzNUkq#text.content'.","timestamp":"2026-03-12 22:55:05"}
{"level":"debug","message":"Instance 'JournalEntry.Ydh4RBwISPMbzCHX.JournalEntryPage.d8TiTa9GVXqzNUkq#text.content' has no more active editors, cleaning up.","timestamp":"2026-03-12 22:55:05"}
{"level":"info","message":"Created Item with id [U8gfyvxoHm024inM] in parent Actor [OMtvHkyYzdn2KjgL]","timestamp":"2026-03-12 22:57:04"}
{"level":"info","message":"Created Item with id [tHlBUDQC24YMZqd6] in parent Actor [8g19ugUuhptvOChr]","timestamp":"2026-03-12 22:58:05"}
{"level":"info","message":"Created Item with id [v4PIoCCEjeE3acys] in parent Actor [V2sVeqLEQSonuum6]","timestamp":"2026-03-12 22:58:22"}
{"level":"info","message":"Created Item with id [gFzkUGCjkRJtyoe9] in parent Actor [V2sVeqLEQSonuum6]","timestamp":"2026-03-12 22:58:27"}
{"level":"info","message":"Created ChatMessage with id [XJQs7cb5febOUqGe]","timestamp":"2026-03-12 22:59:19"}
{"level":"info","message":"Created ChatMessage with id [u3YZ6t6ryeiyEjX5]","timestamp":"2026-03-12 22:59:20"}
{"level":"info","message":"Created ChatMessage with id [Vtzzk3E84mqbnr8t]","timestamp":"2026-03-12 22:59:36"}
{"level":"info","message":"Created ChatMessage with id [Ql6IAFAka28yYtBL]","timestamp":"2026-03-12 22:59:38"}
{"level":"info","message":"Created Item with id [UezliAmqqStH4eq4] in parent Actor [8g19ugUuhptvOChr]","timestamp":"2026-03-12 23:01:11"}
{"level":"info","message":"Created Item with id [WSdHBqgvx1vF1d5l] in parent Actor [8g19ugUuhptvOChr]","timestamp":"2026-03-12 23:01:16"}
{"level":"info","message":"Created Item with id [mx4Pu4zr06K0ThyV] in parent Actor [8g19ugUuhptvOChr]","timestamp":"2026-03-12 23:01:28"}
{"level":"info","message":"Created Item with id [jQB1QEPxiVvhWHdz]","timestamp":"2026-03-12 23:01:43"}
{"level":"info","message":"Created Item with id [jQB1QEPxiVvhWHdz] in parent Actor [8g19ugUuhptvOChr]","timestamp":"2026-03-12 23:01:47"}
{"level":"info","message":"Created Item with id [qZJJTJskQsq5mdUx] in parent Actor [8g19ugUuhptvOChr]","timestamp":"2026-03-12 23:01:51"}
{"level":"info","message":"Deleted Item with id [WSdHBqgvx1vF1d5l] in parent Actor [8g19ugUuhptvOChr]","timestamp":"2026-03-12 23:02:09"}
{"level":"info","message":"Deleted Item with id [mx4Pu4zr06K0ThyV] in parent Actor [8g19ugUuhptvOChr]","timestamp":"2026-03-12 23:02:13"}
{"level":"info","message":"Deleted Item with id [jQB1QEPxiVvhWHdz] in parent Actor [8g19ugUuhptvOChr]","timestamp":"2026-03-12 23:02:17"}
{"level":"info","message":"Deleted Item with id [qZJJTJskQsq5mdUx] in parent Actor [8g19ugUuhptvOChr]","timestamp":"2026-03-12 23:02:21"}
{"level":"info","message":"Created ChatMessage with id [2quhQUSxiv4AnhsH]","timestamp":"2026-03-12 23:08:19"}
{"level":"info","message":"Created ChatMessage with id [WJ0UzhUa1klptTaS]","timestamp":"2026-03-12 23:12:15"}
{"level":"info","message":"Created Item with id [Z6UDShzPqOb0ecoJ] in parent Actor [V2sVeqLEQSonuum6]","timestamp":"2026-03-12 23:16:19"}
{"level":"info","message":"Created ChatMessage with id [Wo8uQk0DhmlegB5S]","timestamp":"2026-03-12 23:16:23"}
{"level":"info","message":"Created ChatMessage with id [LUtlsUbCBQJSXFLC]","timestamp":"2026-03-12 23:16:51"}
{"level":"info","message":"Created ChatMessage with id [Ts14AbubA8qpxTgZ]","timestamp":"2026-03-12 23:17:11"}
{"level":"info","message":"Created ChatMessage with id [vjMFC07rXetwWgnT]","timestamp":"2026-03-12 23:20:18"}
{"level":"info","message":"Created ChatMessage with id [owjQXtdDYXzwrlpG]","timestamp":"2026-03-12 23:20:30"}
{"level":"info","message":"Created JournalEntryPage with id [7y25kSRFnoWdf7KY] in parent JournalEntry [BsmowcHIWEcdqySR]","timestamp":"2026-03-12 23:21:58"}
{"level":"error","message":"User Manu lacks permission to update JournalEntryPage [7y25kSRFnoWdf7KY] in parent JournalEntry [BsmowcHIWEcdqySR]","stack":"Error: User Manu lacks permission to update JournalEntryPage [7y25kSRFnoWdf7KY] in parent JournalEntry [BsmowcHIWEcdqySR]\n    at file:///D:/Juegos/Foundry_daggerheart_git/Foundry-daggerheart/Portable-FoundryVTT-v13.348/App/resources/app/dist/database/backend/server-backend.mjs:1:5632\n    at async Promise.all (index 0)\n    at async ServerDatabaseBackend._updateDocuments (file:///D:/Juegos/Foundry_daggerheart_git/Foundry-daggerheart/Portable-FoundryVTT-v13.348/App/resources/app/dist/database/backend/server-backend.mjs:1:5384)\n    at async #try (file:///D:/Juegos/Foundry_daggerheart_git/Foundry-daggerheart/Portable-FoundryVTT-v13.348/App/resources/app/common/utils/semaphore.mjs:98:17)","timestamp":"2026-03-12 23:21:58"}
{"level":"error","message":"User Manu lacks permission to update Actor [V2sVeqLEQSonuum6]","stack":"Error: User Manu lacks permission to update Actor [V2sVeqLEQSonuum6]\n    at file:///D:/Juegos/Foundry_daggerheart_git/Foundry-daggerheart/Portable-FoundryVTT-v13.348/App/resources/app/dist/database/backend/server-backend.mjs:1:5632\n    at async Promise.all (index 0)\n    at async ServerDatabaseBackend._updateDocuments (file:///D:/Juegos/Foundry_daggerheart_git/Foundry-daggerheart/Portable-FoundryVTT-v13.348/App/resources/app/dist/database/backend/server-backend.mjs:1:5384)\n    at async #try (file:///D:/Juegos/Foundry_daggerheart_git/Foundry-daggerheart/Portable-FoundryVTT-v13.348/App/resources/app/common/utils/semaphore.mjs:98:17)","timestamp":"2026-03-12 23:21:58"}
{"level":"error","message":"User Rafa lacks permission to update JournalEntryPage [7y25kSRFnoWdf7KY] in parent JournalEntry [BsmowcHIWEcdqySR]","stack":"Error: User Rafa lacks permission to update JournalEntryPage [7y25kSRFnoWdf7KY] in parent JournalEntry [BsmowcHIWEcdqySR]\n    at file:///D:/Juegos/Foundry_daggerheart_git/Foundry-daggerheart/Portable-FoundryVTT-v13.348/App/resources/app/dist/database/backend/server-backend.mjs:1:5632\n    at async Promise.all (index 0)\n    at async ServerDatabaseBackend._updateDocuments (file:///D:/Juegos/Foundry_daggerheart_git/Foundry-daggerheart/Portable-FoundryVTT-v13.348/App/resources/app/dist/database/backend/server-backend.mjs:1:5384)\n    at async #try (file:///D:/Juegos/Foundry_daggerheart_git/Foundry-daggerheart/Portable-FoundryVTT-v13.348/App/resources/app/common/utils/semaphore.mjs:98:17)","timestamp":"2026-03-12 23:21:59"}
{"level":"error","message":"User Rafa lacks permission to update Actor [V2sVeqLEQSonuum6]","stack":"Error: User Rafa lacks permission to update Actor [V2sVeqLEQSonuum6]\n    at file:///D:/Juegos/Foundry_daggerheart_git/Foundry-daggerheart/Portable-FoundryVTT-v13.348/App/resources/app/dist/database/backend/server-backend.mjs:1:5632\n    at async Promise.all (index 0)\n    at async ServerDatabaseBackend._updateDocuments (file:///D:/Juegos/Foundry_daggerheart_git/Foundry-daggerheart/Portable-FoundryVTT-v13.348/App/resources/app/dist/database/backend/server-backend.mjs:1:5384)\n    at async #try (file:///D:/Juegos/Foundry_daggerheart_git/Foundry-daggerheart/Portable-FoundryVTT-v13.348/App/resources/app/common/utils/semaphore.mjs:98:17)","timestamp":"2026-03-12 23:21:59"}
{"level":"debug","message":"Starting edit session for user 'bD85SeOOnOQ4JDCw' and instance 'JournalEntry.BsmowcHIWEcdqySR.JournalEntryPage.7y25kSRFnoWdf7KY#text.content'.","timestamp":"2026-03-12 23:21:59"}
{"level":"debug","message":"Starting edit session for user 'bD85SeOOnOQ4JDCw' and instance 'JournalEntry.BsmowcHIWEcdqySR.JournalEntryPage.7y25kSRFnoWdf7KY#text.content'.","timestamp":"2026-03-12 23:21:59"}
{"level":"debug","message":"Starting edit session for user 'bD85SeOOnOQ4JDCw' and instance 'JournalEntry.BsmowcHIWEcdqySR.JournalEntryPage.7y25kSRFnoWdf7KY#text.content'.","timestamp":"2026-03-12 23:21:59"}
{"level":"debug","message":"Retiring user 'bD85SeOOnOQ4JDCw' from editing session for instance 'JournalEntry.BsmowcHIWEcdqySR.JournalEntryPage.7y25kSRFnoWdf7KY#text.content'.","timestamp":"2026-03-12 23:22:08"}
{"level":"debug","message":"Instance 'JournalEntry.BsmowcHIWEcdqySR.JournalEntryPage.7y25kSRFnoWdf7KY#text.content' has no more active editors, cleaning up.","timestamp":"2026-03-12 23:22:08"}
{"level":"info","message":"Deleted Item with id [U8gfyvxoHm024inM] in parent Actor [OMtvHkyYzdn2KjgL]","timestamp":"2026-03-12 23:23:24"}
{"level":"info","message":"Deleted Item with id [Xi8z76JgN84bEA02] in parent Actor [OMtvHkyYzdn2KjgL]","timestamp":"2026-03-12 23:23:33"}
{"level":"info","message":"Deleted Item with id [kKKZKX7VEIVFCQGe] in parent Actor [OMtvHkyYzdn2KjgL]","timestamp":"2026-03-12 23:23:47"}
{"level":"info","message":"Created Item with id [HN4nKW1tOw2Sfw6s] in parent Actor [OMtvHkyYzdn2KjgL]","timestamp":"2026-03-12 23:23:55"}
{"level":"debug","message":"Starting edit session for user 'sjVrMusZqwSBFvXT' and instance 'JournalEntry.Ydh4RBwISPMbzCHX.JournalEntryPage.h7RgXSXDhVGIgtkw#text.content'.","timestamp":"2026-03-12 23:24:38"}
{"level":"debug","message":"Retiring user 'sjVrMusZqwSBFvXT' from editing session for instance 'JournalEntry.Ydh4RBwISPMbzCHX.JournalEntryPage.h7RgXSXDhVGIgtkw#text.content'.","timestamp":"2026-03-12 23:24:53"}
{"level":"debug","message":"Instance 'JournalEntry.Ydh4RBwISPMbzCHX.JournalEntryPage.h7RgXSXDhVGIgtkw#text.content' has no more active editors, cleaning up.","timestamp":"2026-03-12 23:24:53"}
{"level":"info","message":"Deleted 8 Token documents in parent Scene [B4pe0cfcAfQL78h6]","timestamp":"2026-03-12 23:34:15"}
{"level":"info","message":"Deleted 6 Token documents in parent Scene [B4pe0cfcAfQL78h6]","timestamp":"2026-03-12 23:34:16"}
{"level":"info","message":"Deleted Token with id [F9DQzmhCB6zkmxBB] in parent Scene [B4pe0cfcAfQL78h6]","timestamp":"2026-03-12 23:34:19"}
{"level":"info","message":"Deleted Token with id [AJvE99PrRFFwDJua] in parent Scene [B4pe0cfcAfQL78h6]","timestamp":"2026-03-12 23:34:20"}
{"level":"info","message":"Created Item with id [oNnulpGyHT09pPVk] in parent Actor [8g19ugUuhptvOChr]","timestamp":"2026-03-12 23:50:25"}
{"level":"info","message":"Created Item with id [AqFDbItom1nDWjEl] in parent Actor [V2sVeqLEQSonuum6]","timestamp":"2026-03-12 23:51:46"}
