{"level":"info","message":"Running on Node.js - Version 20.18.3","timestamp":"2026-02-05 20:19:00"}
{"level":"info","message":"Foundry Virtual Tabletop - Version 13 Build 348","timestamp":"2026-02-05 20:19:00"}
{"level":"info","message":"User Data Directory - \"../../Data\"","timestamp":"2026-02-05 20:19:00"}
{"level":"info","message":"Application Options:\n{\n  \"compressStatic\": true,\n  \"fullscreen\": false,\n  \"hostname\": null,\n  \"language\": \"en.core\",\n  \"localHostname\": null,\n  \"port\": 30000,\n  \"proxyPort\": null,\n  \"proxySSL\": false,\n  \"routePrefix\": null,\n  \"updateChannel\": \"stable\",\n  \"upnp\": true,\n  \"awsConfig\": null,\n  \"compressSocket\": true,\n  \"cssTheme\": \"dark\",\n  \"deleteNEDB\": false,\n  \"hotReload\": false,\n  \"passwordSalt\": null,\n  \"sslCert\": null,\n  \"sslKey\": null,\n  \"world\": null,\n  \"serviceConfig\": null,\n  \"telemetry\": true,\n  \"adminPassword\": null,\n  \"noBackups\": false\n}","timestamp":"2026-02-05 20:19:00"}
{"level":"info","message":"Software license verification succeeded","timestamp":"2026-02-05 20:19:00"}
{"level":"info","message":"Requesting UPnP port forwarding to destination port 30000","timestamp":"2026-02-05 20:19:00"}
{"level":"info","message":"Running Electron application with version 34.4.0 using Chromium 132.0.6834.210","timestamp":"2026-02-05 20:19:00"}
{"level":"info","message":"Server started and listening on port 30000","timestamp":"2026-02-05 20:19:00"}
{"level":"info","message":"Created client session 88bd63f08eec84af5528e414","timestamp":"2026-02-05 20:19:02"}
{"level":"info","message":"Core software stable update 13.351 is available!","timestamp":"2026-02-05 20:19:04"}
{"level":"info","message":"Connected to database \"actors\"","timestamp":"2026-02-05 20:19:16"}
{"level":"warn","message":"Deleted 13 orphaned embedded documents from the actors database","timestamp":"2026-02-05 20:19:16"}
{"level":"info","message":"Launching World | Loading World Data - 7%","timestamp":"2026-02-05 20:19:16"}
{"level":"info","message":"Connected to database \"cards\"","timestamp":"2026-02-05 20:19:16"}
{"level":"info","message":"Launching World | Loading World Data - 14%","timestamp":"2026-02-05 20:19:16"}
{"level":"info","message":"Connected to database \"messages\"","timestamp":"2026-02-05 20:19:16"}
{"level":"info","message":"Launching World | Loading World Data - 21%","timestamp":"2026-02-05 20:19:16"}
{"level":"info","message":"Connected to database \"combats\"","timestamp":"2026-02-05 20:19:16"}
{"level":"info","message":"Launching World | Loading World Data - 29%","timestamp":"2026-02-05 20:19:16"}
{"level":"info","message":"Connected to database \"fog\"","timestamp":"2026-02-05 20:19:16"}
{"level":"info","message":"Launching World | Loading World Data - 36%","timestamp":"2026-02-05 20:19:16"}
{"level":"info","message":"Connected to database \"folders\"","timestamp":"2026-02-05 20:19:16"}
{"level":"info","message":"Launching World | Loading World Data - 43%","timestamp":"2026-02-05 20:19:16"}
{"level":"info","message":"Connected to database \"items\"","timestamp":"2026-02-05 20:19:16"}
{"level":"info","message":"Launching World | Loading World Data - 50%","timestamp":"2026-02-05 20:19:16"}
{"level":"info","message":"Connected to database \"journal\"","timestamp":"2026-02-05 20:19:16"}
{"level":"info","message":"Launching World | Loading World Data - 57%","timestamp":"2026-02-05 20:19:16"}
{"level":"info","message":"Connected to database \"macros\"","timestamp":"2026-02-05 20:19:16"}
{"level":"info","message":"Launching World | Loading World Data - 64%","timestamp":"2026-02-05 20:19:16"}
{"level":"info","message":"Connected to database \"playlists\"","timestamp":"2026-02-05 20:19:17"}
{"level":"info","message":"Launching World | Loading World Data - 71%","timestamp":"2026-02-05 20:19:17"}
{"level":"info","message":"Connected to database \"tables\"","timestamp":"2026-02-05 20:19:17"}
{"level":"info","message":"Launching World | Loading World Data - 79%","timestamp":"2026-02-05 20:19:17"}
{"level":"info","message":"Connected to database \"scenes\"","timestamp":"2026-02-05 20:19:17"}
{"level":"info","message":"Launching World | Loading World Data - 86%","timestamp":"2026-02-05 20:19:17"}
{"level":"info","message":"Connected to database \"settings\"","timestamp":"2026-02-05 20:19:17"}
{"level":"info","message":"Launching World | Loading World Data - 93%","timestamp":"2026-02-05 20:19:17"}
{"level":"info","message":"Connected to database \"users\"","timestamp":"2026-02-05 20:19:17"}
{"level":"info","message":"Launching World | Loading World Data - 100%","timestamp":"2026-02-05 20:19:17"}
{"level":"info","message":"Launching World | Migrating World Data - 7%","timestamp":"2026-02-05 20:19:17"}
{"level":"info","message":"Launching World | Migrating World Data - 14%","timestamp":"2026-02-05 20:19:17"}
{"level":"info","message":"Launching World | Migrating World Data - 21%","timestamp":"2026-02-05 20:19:17"}
{"level":"info","message":"Launching World | Migrating World Data - 29%","timestamp":"2026-02-05 20:19:17"}
{"level":"info","message":"Launching World | Migrating World Data - 36%","timestamp":"2026-02-05 20:19:17"}
{"level":"info","message":"Launching World | Migrating World Data - 43%","timestamp":"2026-02-05 20:19:17"}
{"level":"info","message":"Launching World | Migrating World Data - 50%","timestamp":"2026-02-05 20:19:17"}
{"level":"info","message":"Launching World | Migrating World Data - 57%","timestamp":"2026-02-05 20:19:17"}
{"level":"info","message":"Launching World | Migrating World Data - 64%","timestamp":"2026-02-05 20:19:17"}
{"level":"info","message":"Launching World | Migrating World Data - 71%","timestamp":"2026-02-05 20:19:17"}
{"level":"info","message":"Launching World | Migrating World Data - 79%","timestamp":"2026-02-05 20:19:17"}
{"level":"info","message":"Launching World | Migrating World Data - 86%","timestamp":"2026-02-05 20:19:17"}
{"level":"info","message":"Launching World | Migrating World Data - 93%","timestamp":"2026-02-05 20:19:17"}
{"level":"info","message":"Launching World | Migrating World Data - 100%","timestamp":"2026-02-05 20:19:17"}
{"level":"info","message":"Connected to database \"daggerheart.classes\"","timestamp":"2026-02-05 20:19:17"}
{"level":"info","message":"Launching World | Loading Package Data - 2%","timestamp":"2026-02-05 20:19:17"}
{"level":"info","message":"Connected to database \"daggerheart.subclasses\"","timestamp":"2026-02-05 20:19:17"}
{"level":"info","message":"Launching World | Loading Package Data - 5%","timestamp":"2026-02-05 20:19:17"}
{"level":"info","message":"Connected to database \"daggerheart.domains\"","timestamp":"2026-02-05 20:19:17"}
{"level":"info","message":"Launching World | Loading Package Data - 7%","timestamp":"2026-02-05 20:19:17"}
{"level":"info","message":"Connected to database \"daggerheart.ancestries\"","timestamp":"2026-02-05 20:19:17"}
{"level":"info","message":"Launching World | Loading Package Data - 10%","timestamp":"2026-02-05 20:19:17"}
{"level":"info","message":"Connected to database \"daggerheart.communities\"","timestamp":"2026-02-05 20:19:17"}
{"level":"info","message":"Launching World | Loading Package Data - 12%","timestamp":"2026-02-05 20:19:17"}
{"level":"info","message":"Connected to database \"daggerheart.weapons\"","timestamp":"2026-02-05 20:19:17"}
{"level":"info","message":"Launching World | Loading Package Data - 15%","timestamp":"2026-02-05 20:19:17"}
{"level":"info","message":"Connected to database \"daggerheart.armors\"","timestamp":"2026-02-05 20:19:17"}
{"level":"info","message":"Launching World | Loading Package Data - 17%","timestamp":"2026-02-05 20:19:17"}
{"level":"info","message":"Connected to database \"daggerheart.consumables\"","timestamp":"2026-02-05 20:19:18"}
{"level":"info","message":"Launching World | Loading Package Data - 20%","timestamp":"2026-02-05 20:19:18"}
{"level":"info","message":"Connected to database \"daggerheart.loot\"","timestamp":"2026-02-05 20:19:18"}
{"level":"info","message":"Launching World | Loading Package Data - 22%","timestamp":"2026-02-05 20:19:18"}
{"level":"info","message":"Connected to database \"daggerheart.adversaries\"","timestamp":"2026-02-05 20:19:18"}
{"level":"info","message":"Launching World | Loading Package Data - 24%","timestamp":"2026-02-05 20:19:18"}
{"level":"info","message":"Connected to database \"daggerheart.environments\"","timestamp":"2026-02-05 20:19:18"}
{"level":"info","message":"Launching World | Loading Package Data - 27%","timestamp":"2026-02-05 20:19:18"}
{"level":"info","message":"Connected to database \"daggerheart.journals\"","timestamp":"2026-02-05 20:19:18"}
{"level":"info","message":"Launching World | Loading Package Data - 29%","timestamp":"2026-02-05 20:19:18"}
{"level":"info","message":"Connected to database \"daggerheart.rolltables\"","timestamp":"2026-02-05 20:19:18"}
{"level":"info","message":"Launching World | Loading Package Data - 32%","timestamp":"2026-02-05 20:19:18"}
{"level":"info","message":"Connected to database \"daggerheart.beastforms\"","timestamp":"2026-02-05 20:19:18"}
{"level":"info","message":"Launching World | Loading Package Data - 34%","timestamp":"2026-02-05 20:19:18"}
{"level":"info","message":"Connected to database \"art-for-daggerheart.art-for-dh-macros\"","timestamp":"2026-02-05 20:19:18"}
{"level":"info","message":"Launching World | Loading Package Data - 37%","timestamp":"2026-02-05 20:19:18"}
{"level":"info","message":"Connected to database \"daggerheart-advmanager.custom-features\"","timestamp":"2026-02-05 20:19:18"}
{"level":"info","message":"Launching World | Loading Package Data - 39%","timestamp":"2026-02-05 20:19:18"}
{"level":"info","message":"Connected to database \"daggerheart-advmanager.all-features\"","timestamp":"2026-02-05 20:19:18"}
{"level":"info","message":"Launching World | Loading Package Data - 41%","timestamp":"2026-02-05 20:19:18"}
{"level":"info","message":"Connected to database \"daggerheart-advmanager.macros\"","timestamp":"2026-02-05 20:19:18"}
{"level":"info","message":"Launching World | Loading Package Data - 44%","timestamp":"2026-02-05 20:19:18"}
{"level":"info","message":"Connected to database \"daggerheart-advmanager.templates\"","timestamp":"2026-02-05 20:19:18"}
{"level":"info","message":"Launching World | Loading Package Data - 46%","timestamp":"2026-02-05 20:19:18"}
{"level":"info","message":"Connected to database \"daggerheart-extra-content.motherboard-items\"","timestamp":"2026-02-05 20:19:18"}
{"level":"info","message":"Launching World | Loading Package Data - 49%","timestamp":"2026-02-05 20:19:18"}
{"level":"info","message":"Connected to database \"daggerheart-extra-content.macros\"","timestamp":"2026-02-05 20:19:18"}
{"level":"info","message":"Launching World | Loading Package Data - 51%","timestamp":"2026-02-05 20:19:18"}
{"level":"info","message":"Connected to database \"daggerheart-extra-content.motherboard-tables\"","timestamp":"2026-02-05 20:19:18"}
{"level":"info","message":"Launching World | Loading Package Data - 54%","timestamp":"2026-02-05 20:19:18"}
{"level":"info","message":"Connected to database \"daggerheart-extra-content.adversaries-features\"","timestamp":"2026-02-05 20:19:18"}
{"level":"info","message":"Launching World | Loading Package Data - 56%","timestamp":"2026-02-05 20:19:18"}
{"level":"info","message":"Connected to database \"daggerheart-extra-content.useful-journals\"","timestamp":"2026-02-05 20:19:19"}
{"level":"info","message":"Launching World | Loading Package Data - 59%","timestamp":"2026-02-05 20:19:19"}
{"level":"info","message":"Connected to database \"daggerheart-extra-content.loot-and-consumable-tables\"","timestamp":"2026-02-05 20:19:19"}
{"level":"info","message":"Launching World | Loading Package Data - 61%","timestamp":"2026-02-05 20:19:19"}
{"level":"info","message":"Connected to database \"daggerheart-extra-content.more-adversaries\"","timestamp":"2026-02-05 20:19:19"}
{"level":"info","message":"Launching World | Loading Package Data - 63%","timestamp":"2026-02-05 20:19:19"}
{"level":"info","message":"Connected to database \"daggerheart-extra-content.more-items\"","timestamp":"2026-02-05 20:19:19"}
{"level":"info","message":"Launching World | Loading Package Data - 66%","timestamp":"2026-02-05 20:19:19"}
{"level":"info","message":"Connected to database \"daggerheart-extra-content.curses\"","timestamp":"2026-02-05 20:19:19"}
{"level":"info","message":"Launching World | Loading Package Data - 68%","timestamp":"2026-02-05 20:19:19"}
{"level":"info","message":"Connected to database \"daggerheart-extra-content.ancestry\"","timestamp":"2026-02-05 20:19:19"}
{"level":"info","message":"Launching World | Loading Package Data - 71%","timestamp":"2026-02-05 20:19:19"}
{"level":"info","message":"Connected to database \"daggerheart-extra-content.house-rules\"","timestamp":"2026-02-05 20:19:19"}
{"level":"info","message":"Launching World | Loading Package Data - 73%","timestamp":"2026-02-05 20:19:19"}
{"level":"info","message":"Connected to database \"daggerheart-extra-content.classes\"","timestamp":"2026-02-05 20:19:19"}
{"level":"info","message":"Launching World | Loading Package Data - 76%","timestamp":"2026-02-05 20:19:19"}
{"level":"info","message":"Connected to database \"daggerheart-extra-content.subclasses\"","timestamp":"2026-02-05 20:19:19"}
{"level":"info","message":"Launching World | Loading Package Data - 78%","timestamp":"2026-02-05 20:19:19"}
{"level":"info","message":"Connected to database \"the-void-unofficial.classes\"","timestamp":"2026-02-05 20:19:19"}
{"level":"info","message":"Launching World | Loading Package Data - 80%","timestamp":"2026-02-05 20:19:19"}
{"level":"info","message":"Connected to database \"the-void-unofficial.subclasses\"","timestamp":"2026-02-05 20:19:19"}
{"level":"info","message":"Launching World | Loading Package Data - 83%","timestamp":"2026-02-05 20:19:19"}
{"level":"info","message":"Connected to database \"the-void-unofficial.ancestries\"","timestamp":"2026-02-05 20:19:19"}
{"level":"info","message":"Launching World | Loading Package Data - 85%","timestamp":"2026-02-05 20:19:19"}
{"level":"info","message":"Connected to database \"the-void-unofficial.communities\"","timestamp":"2026-02-05 20:19:19"}
{"level":"info","message":"Launching World | Loading Package Data - 88%","timestamp":"2026-02-05 20:19:19"}
{"level":"info","message":"Connected to database \"the-void-unofficial.domains\"","timestamp":"2026-02-05 20:19:19"}
{"level":"info","message":"Launching World | Loading Package Data - 90%","timestamp":"2026-02-05 20:19:19"}
{"level":"info","message":"Connected to database \"the-void-unofficial.transformations\"","timestamp":"2026-02-05 20:19:19"}
{"level":"info","message":"Launching World | Loading Package Data - 93%","timestamp":"2026-02-05 20:19:19"}
{"level":"info","message":"Connected to database \"the-void-unofficial.weapons\"","timestamp":"2026-02-05 20:19:19"}
{"level":"info","message":"Launching World | Loading Package Data - 95%","timestamp":"2026-02-05 20:19:19"}
{"level":"info","message":"Connected to database \"the-void-unofficial.macros\"","timestamp":"2026-02-05 20:19:19"}
{"level":"info","message":"Launching World | Loading Package Data - 98%","timestamp":"2026-02-05 20:19:19"}
{"level":"info","message":"Connected to database \"the-void-unofficial.adversaries--environments\"","timestamp":"2026-02-05 20:19:19"}
{"level":"info","message":"Launching World | Loading Package Data - 100%","timestamp":"2026-02-05 20:19:19"}
{"level":"info","message":"Created 0 Folder documents with ids: []","timestamp":"2026-02-05 20:19:19"}
{"level":"info","message":"Launching World | Migrating Package Data - 2%","timestamp":"2026-02-05 20:19:20"}
{"level":"info","message":"Launching World | Migrating Package Data - 5%","timestamp":"2026-02-05 20:19:20"}
{"level":"info","message":"Launching World | Migrating Package Data - 7%","timestamp":"2026-02-05 20:19:20"}
{"level":"info","message":"Launching World | Migrating Package Data - 10%","timestamp":"2026-02-05 20:19:20"}
{"level":"info","message":"Launching World | Migrating Package Data - 12%","timestamp":"2026-02-05 20:19:20"}
{"level":"info","message":"Launching World | Migrating Package Data - 15%","timestamp":"2026-02-05 20:19:20"}
{"level":"info","message":"Launching World | Migrating Package Data - 17%","timestamp":"2026-02-05 20:19:20"}
{"level":"info","message":"Launching World | Migrating Package Data - 20%","timestamp":"2026-02-05 20:19:20"}
{"level":"info","message":"Launching World | Migrating Package Data - 22%","timestamp":"2026-02-05 20:19:20"}
{"level":"info","message":"Launching World | Migrating Package Data - 24%","timestamp":"2026-02-05 20:19:20"}
{"level":"info","message":"Launching World | Migrating Package Data - 27%","timestamp":"2026-02-05 20:19:20"}
{"level":"error","message":"An error occurred during the migration of JournalEntry record [uNs7ne9VCbbu5dcG] of database \"daggerheart.journals\":\nError: Documents from a core version newer than the running version cannot be migrated\n    at JournalEntryPage._migrateRecord (file:///C:/Users/rafam/Documents/Rol/Daggerheart/Greg%20Mach/DM%20Stuff/Foundry%20daggerheart/Foundry-daggerheart/Portable-FoundryVTT-v13.348/App/resources/app/dist/database/backend/server-document.mjs:1:3713)\n    at Function._migrateEmbeddedRecords (file:///C:/Users/rafam/Documents/Rol/Daggerheart/Greg%20Mach/DM%20Stuff/Foundry%20daggerheart/Foundry-daggerheart/Portable-FoundryVTT-v13.348/App/resources/app/dist/database/backend/server-document.mjs:1:4614)\n    at Function._migrateRecord (file:///C:/Users/rafam/Documents/Rol/Daggerheart/Greg%20Mach/DM%20Stuff/Foundry%20daggerheart/Foundry-daggerheart/Portable-FoundryVTT-v13.348/App/resources/app/dist/database/backend/server-document.mjs:1:4119)\n    at Function._migrateDocuments (file:///C:/Users/rafam/Documents/Rol/Daggerheart/Greg%20Mach/DM%20Stuff/Foundry%20daggerheart/Foundry-daggerheart/Portable-FoundryVTT-v13.348/App/resources/app/dist/database/backend/server-document.mjs:1:2782)","timestamp":"2026-02-05 20:19:20"}
{"level":"warn","message":"Database daggerheart.journals was not fully migrated due to errors during migration.","timestamp":"2026-02-05 20:19:20"}
{"level":"info","message":"Launching World | Migrating Package Data - 29%","timestamp":"2026-02-05 20:19:20"}
{"level":"error","message":"An error occurred during the migration of RollTable record [I5L1dlgxXTNrCCkL] of database \"daggerheart.rolltables\":\nError: Documents from a core version newer than the running version cannot be migrated\n    at TableResult._migrateRecord (file:///C:/Users/rafam/Documents/Rol/Daggerheart/Greg%20Mach/DM%20Stuff/Foundry%20daggerheart/Foundry-daggerheart/Portable-FoundryVTT-v13.348/App/resources/app/dist/database/backend/server-document.mjs:1:3713)\n    at Function._migrateEmbeddedRecords (file:///C:/Users/rafam/Documents/Rol/Daggerheart/Greg%20Mach/DM%20Stuff/Foundry%20daggerheart/Foundry-daggerheart/Portable-FoundryVTT-v13.348/App/resources/app/dist/database/backend/server-document.mjs:1:4614)\n    at Function._migrateRecord (file:///C:/Users/rafam/Documents/Rol/Daggerheart/Greg%20Mach/DM%20Stuff/Foundry%20daggerheart/Foundry-daggerheart/Portable-FoundryVTT-v13.348/App/resources/app/dist/database/backend/server-document.mjs:1:4119)\n    at Function._migrateDocuments (file:///C:/Users/rafam/Documents/Rol/Daggerheart/Greg%20Mach/DM%20Stuff/Foundry%20daggerheart/Foundry-daggerheart/Portable-FoundryVTT-v13.348/App/resources/app/dist/database/backend/server-document.mjs:1:2782)","timestamp":"2026-02-05 20:19:20"}
{"level":"error","message":"An error occurred during the migration of RollTable record [S61Shlt2I5CbLRjz] of database \"daggerheart.rolltables\":\nError: Documents from a core version newer than the running version cannot be migrated\n    at TableResult._migrateRecord (file:///C:/Users/rafam/Documents/Rol/Daggerheart/Greg%20Mach/DM%20Stuff/Foundry%20daggerheart/Foundry-daggerheart/Portable-FoundryVTT-v13.348/App/resources/app/dist/database/backend/server-document.mjs:1:3713)\n    at Function._migrateEmbeddedRecords (file:///C:/Users/rafam/Documents/Rol/Daggerheart/Greg%20Mach/DM%20Stuff/Foundry%20daggerheart/Foundry-daggerheart/Portable-FoundryVTT-v13.348/App/resources/app/dist/database/backend/server-document.mjs:1:4614)\n    at Function._migrateRecord (file:///C:/Users/rafam/Documents/Rol/Daggerheart/Greg%20Mach/DM%20Stuff/Foundry%20daggerheart/Foundry-daggerheart/Portable-FoundryVTT-v13.348/App/resources/app/dist/database/backend/server-document.mjs:1:4119)\n    at Function._migrateDocuments (file:///C:/Users/rafam/Documents/Rol/Daggerheart/Greg%20Mach/DM%20Stuff/Foundry%20daggerheart/Foundry-daggerheart/Portable-FoundryVTT-v13.348/App/resources/app/dist/database/backend/server-document.mjs:1:2782)","timestamp":"2026-02-05 20:19:20"}
{"level":"error","message":"An error occurred during the migration of RollTable record [tF04P02yVN1YDVel] of database \"daggerheart.rolltables\":\nError: Documents from a core version newer than the running version cannot be migrated\n    at TableResult._migrateRecord (file:///C:/Users/rafam/Documents/Rol/Daggerheart/Greg%20Mach/DM%20Stuff/Foundry%20daggerheart/Foundry-daggerheart/Portable-FoundryVTT-v13.348/App/resources/app/dist/database/backend/server-document.mjs:1:3713)\n    at Function._migrateEmbeddedRecords (file:///C:/Users/rafam/Documents/Rol/Daggerheart/Greg%20Mach/DM%20Stuff/Foundry%20daggerheart/Foundry-daggerheart/Portable-FoundryVTT-v13.348/App/resources/app/dist/database/backend/server-document.mjs:1:4614)\n    at Function._migrateRecord (file:///C:/Users/rafam/Documents/Rol/Daggerheart/Greg%20Mach/DM%20Stuff/Foundry%20daggerheart/Foundry-daggerheart/Portable-FoundryVTT-v13.348/App/resources/app/dist/database/backend/server-document.mjs:1:4119)\n    at Function._migrateDocuments (file:///C:/Users/rafam/Documents/Rol/Daggerheart/Greg%20Mach/DM%20Stuff/Foundry%20daggerheart/Foundry-daggerheart/Portable-FoundryVTT-v13.348/App/resources/app/dist/database/backend/server-document.mjs:1:2782)","timestamp":"2026-02-05 20:19:20"}
{"level":"warn","message":"Database daggerheart.rolltables was not fully migrated due to errors during migration.","timestamp":"2026-02-05 20:19:20"}
{"level":"info","message":"Launching World | Migrating Package Data - 32%","timestamp":"2026-02-05 20:19:20"}
{"level":"info","message":"Launching World | Migrating Package Data - 34%","timestamp":"2026-02-05 20:19:20"}
{"level":"info","message":"Launching World | Migrating Package Data - 37%","timestamp":"2026-02-05 20:19:20"}
{"level":"error","message":"An error occurred during the migration of Item record [AzEJqUAnlfac2THg] of database \"daggerheart-advmanager.custom-features\":\nError: Documents from a core version newer than the running version cannot be migrated\n    at Function._migrateRecord (file:///C:/Users/rafam/Documents/Rol/Daggerheart/Greg%20Mach/DM%20Stuff/Foundry%20daggerheart/Foundry-daggerheart/Portable-FoundryVTT-v13.348/App/resources/app/dist/database/backend/server-document.mjs:1:3713)\n    at Function._migrateDocuments (file:///C:/Users/rafam/Documents/Rol/Daggerheart/Greg%20Mach/DM%20Stuff/Foundry%20daggerheart/Foundry-daggerheart/Portable-FoundryVTT-v13.348/App/resources/app/dist/database/backend/server-document.mjs:1:2782)","timestamp":"2026-02-05 20:19:20"}
{"level":"error","message":"An error occurred during the migration of Item record [BRwQHc8h2ejuuvTr] of database \"daggerheart-advmanager.custom-features\":\nError: Documents from a core version newer than the running version cannot be migrated\n    at Function._migrateRecord (file:///C:/Users/rafam/Documents/Rol/Daggerheart/Greg%20Mach/DM%20Stuff/Foundry%20daggerheart/Foundry-daggerheart/Portable-FoundryVTT-v13.348/App/resources/app/dist/database/backend/server-document.mjs:1:3713)\n    at Function._migrateDocuments (file:///C:/Users/rafam/Documents/Rol/Daggerheart/Greg%20Mach/DM%20Stuff/Foundry%20daggerheart/Foundry-daggerheart/Portable-FoundryVTT-v13.348/App/resources/app/dist/database/backend/server-document.mjs:1:2782)","timestamp":"2026-02-05 20:19:20"}
{"level":"error","message":"An error occurred during the migration of Item record [KGhnD2WbVvfefC7I] of database \"daggerheart-advmanager.custom-features\":\nError: Documents from a core version newer than the running version cannot be migrated\n    at Function._migrateRecord (file:///C:/Users/rafam/Documents/Rol/Daggerheart/Greg%20Mach/DM%20Stuff/Foundry%20daggerheart/Foundry-daggerheart/Portable-FoundryVTT-v13.348/App/resources/app/dist/database/backend/server-document.mjs:1:3713)\n    at Function._migrateDocuments (file:///C:/Users/rafam/Documents/Rol/Daggerheart/Greg%20Mach/DM%20Stuff/Foundry%20daggerheart/Foundry-daggerheart/Portable-FoundryVTT-v13.348/App/resources/app/dist/database/backend/server-document.mjs:1:2782)","timestamp":"2026-02-05 20:19:20"}
{"level":"error","message":"An error occurred during the migration of Item record [ezFzajFyZSDOTJFA] of database \"daggerheart-advmanager.custom-features\":\nError: Documents from a core version newer than the running version cannot be migrated\n    at Function._migrateRecord (file:///C:/Users/rafam/Documents/Rol/Daggerheart/Greg%20Mach/DM%20Stuff/Foundry%20daggerheart/Foundry-daggerheart/Portable-FoundryVTT-v13.348/App/resources/app/dist/database/backend/server-document.mjs:1:3713)\n    at Function._migrateDocuments (file:///C:/Users/rafam/Documents/Rol/Daggerheart/Greg%20Mach/DM%20Stuff/Foundry%20daggerheart/Foundry-daggerheart/Portable-FoundryVTT-v13.348/App/resources/app/dist/database/backend/server-document.mjs:1:2782)","timestamp":"2026-02-05 20:19:20"}
{"level":"error","message":"An error occurred during the migration of Item record [gQjpYzBmlC6CDYGY] of database \"daggerheart-advmanager.custom-features\":\nError: Documents from a core version newer than the running version cannot be migrated\n    at Function._migrateRecord (file:///C:/Users/rafam/Documents/Rol/Daggerheart/Greg%20Mach/DM%20Stuff/Foundry%20daggerheart/Foundry-daggerheart/Portable-FoundryVTT-v13.348/App/resources/app/dist/database/backend/server-document.mjs:1:3713)\n    at Function._migrateDocuments (file:///C:/Users/rafam/Documents/Rol/Daggerheart/Greg%20Mach/DM%20Stuff/Foundry%20daggerheart/Foundry-daggerheart/Portable-FoundryVTT-v13.348/App/resources/app/dist/database/backend/server-document.mjs:1:2782)","timestamp":"2026-02-05 20:19:20"}
{"level":"error","message":"An error occurred during the migration of Item record [gkyJsNVoE3kYJWoe] of database \"daggerheart-advmanager.custom-features\":\nError: Documents from a core version newer than the running version cannot be migrated\n    at Function._migrateRecord (file:///C:/Users/rafam/Documents/Rol/Daggerheart/Greg%20Mach/DM%20Stuff/Foundry%20daggerheart/Foundry-daggerheart/Portable-FoundryVTT-v13.348/App/resources/app/dist/database/backend/server-document.mjs:1:3713)\n    at Function._migrateDocuments (file:///C:/Users/rafam/Documents/Rol/Daggerheart/Greg%20Mach/DM%20Stuff/Foundry%20daggerheart/Foundry-daggerheart/Portable-FoundryVTT-v13.348/App/resources/app/dist/database/backend/server-document.mjs:1:2782)","timestamp":"2026-02-05 20:19:20"}
{"level":"error","message":"An error occurred during the migration of Item record [vPbGnIwlpM2I74BI] of database \"daggerheart-advmanager.custom-features\":\nError: Documents from a core version newer than the running version cannot be migrated\n    at Function._migrateRecord (file:///C:/Users/rafam/Documents/Rol/Daggerheart/Greg%20Mach/DM%20Stuff/Foundry%20daggerheart/Foundry-daggerheart/Portable-FoundryVTT-v13.348/App/resources/app/dist/database/backend/server-document.mjs:1:3713)\n    at Function._migrateDocuments (file:///C:/Users/rafam/Documents/Rol/Daggerheart/Greg%20Mach/DM%20Stuff/Foundry%20daggerheart/Foundry-daggerheart/Portable-FoundryVTT-v13.348/App/resources/app/dist/database/backend/server-document.mjs:1:2782)","timestamp":"2026-02-05 20:19:20"}
{"level":"error","message":"An error occurred during the migration of Item record [w55UDPWC0WIgXxWS] of database \"daggerheart-advmanager.custom-features\":\nError: Documents from a core version newer than the running version cannot be migrated\n    at Function._migrateRecord (file:///C:/Users/rafam/Documents/Rol/Daggerheart/Greg%20Mach/DM%20Stuff/Foundry%20daggerheart/Foundry-daggerheart/Portable-FoundryVTT-v13.348/App/resources/app/dist/database/backend/server-document.mjs:1:3713)\n    at Function._migrateDocuments (file:///C:/Users/rafam/Documents/Rol/Daggerheart/Greg%20Mach/DM%20Stuff/Foundry%20daggerheart/Foundry-daggerheart/Portable-FoundryVTT-v13.348/App/resources/app/dist/database/backend/server-document.mjs:1:2782)","timestamp":"2026-02-05 20:19:20"}
{"level":"warn","message":"Database daggerheart-advmanager.custom-features was not fully migrated due to errors during migration.","timestamp":"2026-02-05 20:19:20"}
{"level":"info","message":"Launching World | Migrating Package Data - 39%","timestamp":"2026-02-05 20:19:20"}
{"level":"error","message":"An error occurred during the migration of Item record [09Kn1ggQt7aV38J0] of database \"daggerheart-advmanager.all-features\":\nError: Documents from a core version newer than the running version cannot be migrated\n    at Function._migrateRecord (file:///C:/Users/rafam/Documents/Rol/Daggerheart/Greg%20Mach/DM%20Stuff/Foundry%20daggerheart/Foundry-daggerheart/Portable-FoundryVTT-v13.348/App/resources/app/dist/database/backend/server-document.mjs:1:3713)\n    at Function._migrateDocuments (file:///C:/Users/rafam/Documents/Rol/Daggerheart/Greg%20Mach/DM%20Stuff/Foundry%20daggerheart/Foundry-daggerheart/Portable-FoundryVTT-v13.348/App/resources/app/dist/database/backend/server-document.mjs:1:2782)","timestamp":"2026-02-05 20:19:20"}
{"level":"error","message":"An error occurred during the migration of Item record [0Jc0XNDygQAxH36W] of database \"daggerheart-advmanager.all-features\":\nError: Documents from a core version newer than the running version cannot be migrated\n    at Function._migrateRecord (file:///C:/Users/rafam/Documents/Rol/Daggerheart/Greg%20Mach/DM%20Stuff/Foundry%20daggerheart/Foundry-daggerheart/Portable-FoundryVTT-v13.348/App/resources/app/dist/database/backend/server-document.mjs:1:3713)\n    at Function._migrateDocuments (file:///C:/Users/rafam/Documents/Rol/Daggerheart/Greg%20Mach/DM%20Stuff/Foundry%20daggerheart/Foundry-daggerheart/Portable-FoundryVTT-v13.348/App/resources/app/dist/database/backend/server-document.mjs:1:2782)","timestamp":"2026-02-05 20:19:20"}
{"level":"error","message":"An error occurred during the migration of Item record [0Lth3r8PgHas7QKR] of database \"daggerheart-advmanager.all-features\":\nError: Documents from a core version newer than the running version cannot be migrated\n    at Function._migrateRecord (file:///C:/Users/rafam/Documents/Rol/Daggerheart/Greg%20Mach/DM%20Stuff/Foundry%20daggerheart/Foundry-daggerheart/Portable-FoundryVTT-v13.348/App/resources/app/dist/database/backend/server-document.mjs:1:3713)\n    at Function._migrateDocuments (file:///C:/Users/rafam/Documents/Rol/Daggerheart/Greg%20Mach/DM%20Stuff/Foundry%20daggerheart/Foundry-daggerheart/Portable-FoundryVTT-v13.348/App/resources/app/dist/database/backend/server-document.mjs:1:2782)","timestamp":"2026-02-05 20:19:20"}
{"level":"error","message":"An error occurred during the migration of Item record [0TERFS1DfQVbD8hb] of database \"daggerheart-advmanager.all-features\":\nError: Documents from a core version newer than the running version cannot be migrated\n    at Function._migrateRecord (file:///C:/Users/rafam/Documents/Rol/Daggerheart/Greg%20Mach/DM%20Stuff/Foundry%20daggerheart/Foundry-daggerheart/Portable-FoundryVTT-v13.348/App/resources/app/dist/database/backend/server-document.mjs:1:3713)\n    at Function._migrateDocuments (file:///C:/Users/rafam/Documents/Rol/Daggerheart/Greg%20Mach/DM%20Stuff/Foundry%20daggerheart/Foundry-daggerheart/Portable-FoundryVTT-v13.348/App/resources/app/dist/database/backend/server-document.mjs:1:2782)","timestamp":"2026-02-05 20:19:20"}
{"level":"error","message":"An error occurred during the migration of Item record [0VHZSui3gJEHmhbq] of database \"daggerheart-advmanager.all-features\":\nError: Documents from a core version newer than the running version cannot be migrated\n    at Function._migrateRecord (file:///C:/Users/rafam/Documents/Rol/Daggerheart/Greg%20Mach/DM%20Stuff/Foundry%20daggerheart/Foundry-daggerheart/Portable-FoundryVTT-v13.348/App/resources/app/dist/database/backend/server-document.mjs:1:3713)\n    at Function._migrateDocuments (file:///C:/Users/rafam/Documents/Rol/Daggerheart/Greg%20Mach/DM%20Stuff/Foundry%20daggerheart/Foundry-daggerheart/Portable-FoundryVTT-v13.348/App/resources/app/dist/database/backend/server-document.mjs:1:2782)","timestamp":"2026-02-05 20:19:20"}
{"level":"error","message":"An error occurred during the migration of Item record [0e57qAS8Weu5IdcW] of database \"daggerheart-advmanager.all-features\":\nError: Documents from a core version newer than the running version cannot be migrated\n    at Function._migrateRecord (file:///C:/Users/rafam/Documents/Rol/Daggerheart/Greg%20Mach/DM%20Stuff/Foundry%20daggerheart/Foundry-daggerheart/Portable-FoundryVTT-v13.348/App/resources/app/dist/database/backend/server-document.mjs:1:3713)\n    at Function._migrateDocuments (file:///C:/Users/rafam/Documents/Rol/Daggerheart/Greg%20Mach/DM%20Stuff/Foundry%20daggerheart/Foundry-daggerheart/Portable-FoundryVTT-v13.348/App/resources/app/dist/database/backend/server-document.mjs:1:2782)","timestamp":"2026-02-05 20:19:20"}
{"level":"error","message":"An error occurred during the migration of Item record [1QUXU8oowP17O9Pf] of database \"daggerheart-advmanager.all-features\":\nError: Documents from a core version newer than the running version cannot be migrated\n    at Function._migrateRecord (file:///C:/Users/rafam/Documents/Rol/Daggerheart/Greg%20Mach/DM%20Stuff/Foundry%20daggerheart/Foundry-daggerheart/Portable-FoundryVTT-v13.348/App/resources/app/dist/database/backend/server-document.mjs:1:3713)\n    at Function._migrateDocuments (file:///C:/Users/rafam/Documents/Rol/Daggerheart/Greg%20Mach/DM%20Stuff/Foundry%20daggerheart/Foundry-daggerheart/Portable-FoundryVTT-v13.348/App/resources/app/dist/database/backend/server-document.mjs:1:2782)","timestamp":"2026-02-05 20:19:20"}
{"level":"error","message":"An error occurred during the migration of Item record [1TW7T8vjTgdkgyF0] of database \"daggerheart-advmanager.all-features\":\nError: Documents from a core version newer than the running version cannot be migrated\n    at Function._migrateRecord (file:///C:/Users/rafam/Documents/Rol/Daggerheart/Greg%20Mach/DM%20Stuff/Foundry%20daggerheart/Foundry-daggerheart/Portable-FoundryVTT-v13.348/App/resources/app/dist/database/backend/server-document.mjs:1:3713)\n    at Function._migrateDocuments (file:///C:/Users/rafam/Documents/Rol/Daggerheart/Greg%20Mach/DM%20Stuff/Foundry%20daggerheart/Foundry-daggerheart/Portable-FoundryVTT-v13.348/App/resources/app/dist/database/backend/server-document.mjs:1:2782)","timestamp":"2026-02-05 20:19:20"}
{"level":"error","message":"An error occurred during the migration of Item record [1WeJmCKPx3NSSgDQ] of database \"daggerheart-advmanager.all-features\":\nError: Documents from a core version newer than the running version cannot be migrated\n    at Function._migrateRecord (file:///C:/Users/rafam/Documents/Rol/Daggerheart/Greg%20Mach/DM%20Stuff/Foundry%20daggerheart/Foundry-daggerheart/Portable-FoundryVTT-v13.348/App/resources/app/dist/database/backend/server-document.mjs:1:3713)\n    at Function._migrateDocuments (file:///C:/Users/rafam/Documents/Rol/Daggerheart/Greg%20Mach/DM%20Stuff/Foundry%20daggerheart/Foundry-daggerheart/Portable-FoundryVTT-v13.348/App/resources/app/dist/database/backend/server-document.mjs:1:2782)","timestamp":"2026-02-05 20:19:20"}
{"level":"error","message":"An error occurred during the migration of Item record [1cdGKkvEi95g2ftp] of database \"daggerheart-advmanager.all-features\":\nError: Documents from a core version newer than the running version cannot be migrated\n    at Function._migrateRecord (file:///C:/Users/rafam/Documents/Rol/Daggerheart/Greg%20Mach/DM%20Stuff/Foundry%20daggerheart/Foundry-daggerheart/Portable-FoundryVTT-v13.348/App/resources/app/dist/database/backend/server-document.mjs:1:3713)\n    at Function._migrateDocuments (file:///C:/Users/rafam/Documents/Rol/Daggerheart/Greg%20Mach/DM%20Stuff/Foundry%20daggerheart/Foundry-daggerheart/Portable-FoundryVTT-v13.348/App/resources/app/dist/database/backend/server-document.mjs:1:2782)","timestamp":"2026-02-05 20:19:20"}
{"level":"error","message":"An error occurred during the migration of Item record [1tPDj9OtkvMzS4XU] of database \"daggerheart-advmanager.all-features\":\nError: Documents from a core version newer than the running version cannot be migrated\n    at Function._migrateRecord (file:///C:/Users/rafam/Documents/Rol/Daggerheart/Greg%20Mach/DM%20Stuff/Foundry%20daggerheart/Foundry-daggerheart/Portable-FoundryVTT-v13.348/App/resources/app/dist/database/backend/server-document.mjs:1:3713)\n    at Function._migrateDocuments (file:///C:/Users/rafam/Documents/Rol/Daggerheart/Greg%20Mach/DM%20Stuff/Foundry%20daggerheart/Foundry-daggerheart/Portable-FoundryVTT-v13.348/App/resources/app/dist/database/backend/server-document.mjs:1:2782)","timestamp":"2026-02-05 20:19:20"}
{"level":"error","message":"An error occurred during the migration of Item record [1wWJSUGnsG4YZh1h] of database \"daggerheart-advmanager.all-features\":\nError: Documents from a core version newer than the running version cannot be migrated\n    at Function._migrateRecord (file:///C:/Users/rafam/Documents/Rol/Daggerheart/Greg%20Mach/DM%20Stuff/Foundry%20daggerheart/Foundry-daggerheart/Portable-FoundryVTT-v13.348/App/resources/app/dist/database/backend/server-document.mjs:1:3713)\n    at Function._migrateDocuments (file:///C:/Users/rafam/Documents/Rol/Daggerheart/Greg%20Mach/DM%20Stuff/Foundry%20daggerheart/Foundry-daggerheart/Portable-FoundryVTT-v13.348/App/resources/app/dist/database/backend/server-document.mjs:1:2782)","timestamp":"2026-02-05 20:19:20"}
{"level":"error","message":"An error occurred during the migration of Item record [28Ha7G4h5gtmpLIx] of database \"daggerheart-advmanager.all-features\":\nError: Documents from a core version newer than the running version cannot be migrated\n    at Function._migrateRecord (file:///C:/Users/rafam/Documents/Rol/Daggerheart/Greg%20Mach/DM%20Stuff/Foundry%20daggerheart/Foundry-daggerheart/Portable-FoundryVTT-v13.348/App/resources/app/dist/database/backend/server-document.mjs:1:3713)\n    at Function._migrateDocuments (file:///C:/Users/rafam/Documents/Rol/Daggerheart/Greg%20Mach/DM%20Stuff/Foundry%20daggerheart/Foundry-daggerheart/Portable-FoundryVTT-v13.348/App/resources/app/dist/database/backend/server-document.mjs:1:2782)","timestamp":"2026-02-05 20:19:20"}
{"level":"error","message":"An error occurred during the migration of Item record [28c8feVjhMo1ShTp] of database \"daggerheart-advmanager.all-features\":\nError: Documents from a core version newer than the running version cannot be migrated\n    at Function._migrateRecord (file:///C:/Users/rafam/Documents/Rol/Daggerheart/Greg%20Mach/DM%20Stuff/Foundry%20daggerheart/Foundry-daggerheart/Portable-FoundryVTT-v13.348/App/resources/app/dist/database/backend/server-document.mjs:1:3713)\n    at Function._migrateDocuments (file:///C:/Users/rafam/Documents/Rol/Daggerheart/Greg%20Mach/DM%20Stuff/Foundry%20daggerheart/Foundry-daggerheart/Portable-FoundryVTT-v13.348/App/resources/app/dist/database/backend/server-document.mjs:1:2782)","timestamp":"2026-02-05 20:19:20"}
{"level":"error","message":"An error occurred during the migration of Item record [2SY8y9JCeNSJwhuj] of database \"daggerheart-advmanager.all-features\":\nError: Documents from a core version newer than the running version cannot be migrated\n    at Function._migrateRecord (file:///C:/Users/rafam/Documents/Rol/Daggerheart/Greg%20Mach/DM%20Stuff/Foundry%20daggerheart/Foundry-daggerheart/Portable-FoundryVTT-v13.348/App/resources/app/dist/database/backend/server-document.mjs:1:3713)\n    at Function._migrateDocuments (file:///C:/Users/rafam/Documents/Rol/Daggerheart/Greg%20Mach/DM%20Stuff/Foundry%20daggerheart/Foundry-daggerheart/Portable-FoundryVTT-v13.348/App/resources/app/dist/database/backend/server-document.mjs:1:2782)","timestamp":"2026-02-05 20:19:20"}
{"level":"error","message":"An error occurred during the migration of Item record [2befZs6qRfAKrvfX] of database \"daggerheart-advmanager.all-features\":\nError: Documents from a core version newer than the running version cannot be migrated\n    at Function._migrateRecord (file:///C:/Users/rafam/Documents/Rol/Daggerheart/Greg%20Mach/DM%20Stuff/Foundry%20daggerheart/Foundry-daggerheart/Portable-FoundryVTT-v13.348/App/resources/app/dist/database/backend/server-document.mjs:1:3713)\n    at Function._migrateDocuments (file:///C:/Users/rafam/Documents/Rol/Daggerheart/Greg%20Mach/DM%20Stuff/Foundry%20daggerheart/Foundry-daggerheart/Portable-FoundryVTT-v13.348/App/resources/app/dist/database/backend/server-document.mjs:1:2782)","timestamp":"2026-02-05 20:19:20"}
{"level":"error","message":"An error occurred during the migration of Item record [2e2YTO2cy1MZBuEx] of database \"daggerheart-advmanager.all-features\":\nError: Documents from a core version newer than the running version cannot be migrated\n    at Function._migrateRecord (file:///C:/Users/rafam/Documents/Rol/Daggerheart/Greg%20Mach/DM%20Stuff/Foundry%20daggerheart/Foundry-daggerheart/Portable-FoundryVTT-v13.348/App/resources/app/dist/database/backend/server-document.mjs:1:3713)\n    at Function._migrateDocuments (file:///C:/Users/rafam/Documents/Rol/Daggerheart/Greg%20Mach/DM%20Stuff/Foundry%20daggerheart/Foundry-daggerheart/Portable-FoundryVTT-v13.348/App/resources/app/dist/database/backend/server-document.mjs:1:2782)","timestamp":"2026-02-05 20:19:20"}
{"level":"error","message":"An error occurred during the migration of Item record [2eYQFHtZnu8ZHXdb] of database \"daggerheart-advmanager.all-features\":\nError: Documents from a core version newer than the running version cannot be migrated\n    at Function._migrateRecord (file:///C:/Users/rafam/Documents/Rol/Daggerheart/Greg%20Mach/DM%20Stuff/Foundry%20daggerheart/Foundry-daggerheart/Portable-FoundryVTT-v13.348/App/resources/app/dist/database/backend/server-document.mjs:1:3713)\n    at Function._migrateDocuments (file:///C:/Users/rafam/Documents/Rol/Daggerheart/Greg%20Mach/DM%20Stuff/Foundry%20daggerheart/Foundry-daggerheart/Portable-FoundryVTT-v13.348/App/resources/app/dist/database/backend/server-document.mjs:1:2782)","timestamp":"2026-02-05 20:19:20"}
{"level":"error","message":"An error occurred during the migration of Item record [2h5BLD7fVSKmDbW4] of database \"daggerheart-advmanager.all-features\":\nError: Documents from a core version newer than the running version cannot be migrated\n    at Function._migrateRecord (file:///C:/Users/rafam/Documents/Rol/Daggerheart/Greg%20Mach/DM%20Stuff/Foundry%20daggerheart/Foundry-daggerheart/Portable-FoundryVTT-v13.348/App/resources/app/dist/database/backend/server-document.mjs:1:3713)\n    at Function._migrateDocuments (file:///C:/Users/rafam/Documents/Rol/Daggerheart/Greg%20Mach/DM%20Stuff/Foundry%20daggerheart/Foundry-daggerheart/Portable-FoundryVTT-v13.348/App/resources/app/dist/database/backend/server-document.mjs:1:2782)","timestamp":"2026-02-05 20:19:20"}
{"level":"error","message":"An error occurred during the migration of Item record [2hrcVC74ana6XN4d] of database \"daggerheart-advmanager.all-features\":\nError: Documents from a core version newer than the running version cannot be migrated\n    at Function._migrateRecord (file:///C:/Users/rafam/Documents/Rol/Daggerheart/Greg%20Mach/DM%20Stuff/Foundry%20daggerheart/Foundry-daggerheart/Portable-FoundryVTT-v13.348/App/resources/app/dist/database/backend/server-document.mjs:1:3713)\n    at Function._migrateDocuments (file:///C:/Users/rafam/Documents/Rol/Daggerheart/Greg%20Mach/DM%20Stuff/Foundry%20daggerheart/Foundry-daggerheart/Portable-FoundryVTT-v13.348/App/resources/app/dist/database/backend/server-document.mjs:1:2782)","timestamp":"2026-02-05 20:19:20"}
{"level":"error","message":"An error occurred during the migration of Item record [39U3kVhWm3kYpdjU] of database \"daggerheart-advmanager.all-features\":\nError: Documents from a core version newer than the running version cannot be migrated\n    at Function._migrateRecord (file:///C:/Users/rafam/Documents/Rol/Daggerheart/Greg%20Mach/DM%20Stuff/Foundry%20daggerheart/Foundry-daggerheart/Portable-FoundryVTT-v13.348/App/resources/app/dist/database/backend/server-document.mjs:1:3713)\n    at Function._migrateDocuments (file:///C:/Users/rafam/Documents/Rol/Daggerheart/Greg%20Mach/DM%20Stuff/Foundry%20daggerheart/Foundry-daggerheart/Portable-FoundryVTT-v13.348/App/resources/app/dist/database/backend/server-document.mjs:1:2782)","timestamp":"2026-02-05 20:19:20"}
{"level":"error","message":"An error occurred during the migration of Item record [3Cn9qFkOsW0Xz7PX] of database \"daggerheart-advmanager.all-features\":\nError: Documents from a core version newer than the running version cannot be migrated\n    at Function._migrateRecord (file:///C:/Users/rafam/Documents/Rol/Daggerheart/Greg%20Mach/DM%20Stuff/Foundry%20daggerheart/Foundry-daggerheart/Portable-FoundryVTT-v13.348/App/resources/app/dist/database/backend/server-document.mjs:1:3713)\n    at Function._migrateDocuments (file:///C:/Users/rafam/Documents/Rol/Daggerheart/Greg%20Mach/DM%20Stuff/Foundry%20daggerheart/Foundry-daggerheart/Portable-FoundryVTT-v13.348/App/resources/app/dist/database/backend/server-document.mjs:1:2782)","timestamp":"2026-02-05 20:19:20"}
{"level":"error","message":"An error occurred during the migration of Item record [3FyhGEopvRll86y1] of database \"daggerheart-advmanager.all-features\":\nError: Documents from a core version newer than the running version cannot be migrated\n    at Function._migrateRecord (file:///C:/Users/rafam/Documents/Rol/Daggerheart/Greg%20Mach/DM%20Stuff/Foundry%20daggerheart/Foundry-daggerheart/Portable-FoundryVTT-v13.348/App/resources/app/dist/database/backend/server-document.mjs:1:3713)\n    at Function._migrateDocuments (file:///C:/Users/rafam/Documents/Rol/Daggerheart/Greg%20Mach/DM%20Stuff/Foundry%20daggerheart/Foundry-daggerheart/Portable-FoundryVTT-v13.348/App/resources/app/dist/database/backend/server-document.mjs:1:2782)","timestamp":"2026-02-05 20:19:20"}
{"level":"error","message":"An error occurred during the migration of Item record [44L0VvvooSGXGSsC] of database \"daggerheart-advmanager.all-features\":\nError: Documents from a core version newer than the running version cannot be migrated\n    at Function._migrateRecord (file:///C:/Users/rafam/Documents/Rol/Daggerheart/Greg%20Mach/DM%20Stuff/Foundry%20daggerheart/Foundry-daggerheart/Portable-FoundryVTT-v13.348/App/resources/app/dist/database/backend/server-document.mjs:1:3713)\n    at Function._migrateDocuments (file:///C:/Users/rafam/Documents/Rol/Daggerheart/Greg%20Mach/DM%20Stuff/Foundry%20daggerheart/Foundry-daggerheart/Portable-FoundryVTT-v13.348/App/resources/app/dist/database/backend/server-document.mjs:1:2782)","timestamp":"2026-02-05 20:19:20"}
{"level":"error","message":"An error occurred during the migration of Item record [4NWBnCJpftCHGNSU] of database \"daggerheart-advmanager.all-features\":\nError: Documents from a core version newer than the running version cannot be migrated\n    at Function._migrateRecord (file:///C:/Users/rafam/Documents/Rol/Daggerheart/Greg%20Mach/DM%20Stuff/Foundry%20daggerheart/Foundry-daggerheart/Portable-FoundryVTT-v13.348/App/resources/app/dist/database/backend/server-document.mjs:1:3713)\n    at Function._migrateDocuments (file:///C:/Users/rafam/Documents/Rol/Daggerheart/Greg%20Mach/DM%20Stuff/Foundry%20daggerheart/Foundry-daggerheart/Portable-FoundryVTT-v13.348/App/resources/app/dist/database/backend/server-document.mjs:1:2782)","timestamp":"2026-02-05 20:19:20"}
{"level":"error","message":"An error occurred during the migration of Item record [4lzVx8KBLRrHzJyc] of database \"daggerheart-advmanager.all-features\":\nError: Documents from a core version newer than the running version cannot be migrated\n    at Function._migrateRecord (file:///C:/Users/rafam/Documents/Rol/Daggerheart/Greg%20Mach/DM%20Stuff/Foundry%20daggerheart/Foundry-daggerheart/Portable-FoundryVTT-v13.348/App/resources/app/dist/database/backend/server-document.mjs:1:3713)\n    at Function._migrateDocuments (file:///C:/Users/rafam/Documents/Rol/Daggerheart/Greg%20Mach/DM%20Stuff/Foundry%20daggerheart/Foundry-daggerheart/Portable-FoundryVTT-v13.348/App/resources/app/dist/database/backend/server-document.mjs:1:2782)","timestamp":"2026-02-05 20:19:20"}
{"level":"error","message":"An error occurred during the migration of Item record [4tKzFpRvqEuTdrDc] of database \"daggerheart-advmanager.all-features\":\nError: Documents from a core version newer than the running version cannot be migrated\n    at Function._migrateRecord (file:///C:/Users/rafam/Documents/Rol/Daggerheart/Greg%20Mach/DM%20Stuff/Foundry%20daggerheart/Foundry-daggerheart/Portable-FoundryVTT-v13.348/App/resources/app/dist/database/backend/server-document.mjs:1:3713)\n    at Function._migrateDocuments (file:///C:/Users/rafam/Documents/Rol/Daggerheart/Greg%20Mach/DM%20Stuff/Foundry%20daggerheart/Foundry-daggerheart/Portable-FoundryVTT-v13.348/App/resources/app/dist/database/backend/server-document.mjs:1:2782)","timestamp":"2026-02-05 20:19:20"}
{"level":"error","message":"An error occurred during the migration of Item record [4xxrqU1iJHt7TYM4] of database \"daggerheart-advmanager.all-features\":\nError: Documents from a core version newer than the running version cannot be migrated\n    at Function._migrateRecord (file:///C:/Users/rafam/Documents/Rol/Daggerheart/Greg%20Mach/DM%20Stuff/Foundry%20daggerheart/Foundry-daggerheart/Portable-FoundryVTT-v13.348/App/resources/app/dist/database/backend/server-document.mjs:1:3713)\n    at Function._migrateDocuments (file:///C:/Users/rafam/Documents/Rol/Daggerheart/Greg%20Mach/DM%20Stuff/Foundry%20daggerheart/Foundry-daggerheart/Portable-FoundryVTT-v13.348/App/resources/app/dist/database/backend/server-document.mjs:1:2782)","timestamp":"2026-02-05 20:19:20"}
{"level":"error","message":"An error occurred during the migration of Item record [4zodFkYjZGN1AFP4] of database \"daggerheart-advmanager.all-features\":\nError: Documents from a core version newer than the running version cannot be migrated\n    at Function._migrateRecord (file:///C:/Users/rafam/Documents/Rol/Daggerheart/Greg%20Mach/DM%20Stuff/Foundry%20daggerheart/Foundry-daggerheart/Portable-FoundryVTT-v13.348/App/resources/app/dist/database/backend/server-document.mjs:1:3713)\n    at Function._migrateDocuments (file:///C:/Users/rafam/Documents/Rol/Daggerheart/Greg%20Mach/DM%20Stuff/Foundry%20daggerheart/Foundry-daggerheart/Portable-FoundryVTT-v13.348/App/resources/app/dist/database/backend/server-document.mjs:1:2782)","timestamp":"2026-02-05 20:19:20"}
{"level":"error","message":"An error occurred during the migration of Item record [5DMrin3UGWDTGF8b] of database \"daggerheart-advmanager.all-features\":\nError: Documents from a core version newer than the running version cannot be migrated\n    at Function._migrateRecord (file:///C:/Users/rafam/Documents/Rol/Daggerheart/Greg%20Mach/DM%20Stuff/Foundry%20daggerheart/Foundry-daggerheart/Portable-FoundryVTT-v13.348/App/resources/app/dist/database/backend/server-document.mjs:1:3713)\n    at Function._migrateDocuments (file:///C:/Users/rafam/Documents/Rol/Daggerheart/Greg%20Mach/DM%20Stuff/Foundry%20daggerheart/Foundry-daggerheart/Portable-FoundryVTT-v13.348/App/resources/app/dist/database/backend/server-document.mjs:1:2782)","timestamp":"2026-02-05 20:19:20"}
{"level":"error","message":"An error occurred during the migration of Item record [5NbjhynegNPXTdpk] of database \"daggerheart-advmanager.all-features\":\nError: Documents from a core version newer than the running version cannot be migrated\n    at Function._migrateRecord (file:///C:/Users/rafam/Documents/Rol/Daggerheart/Greg%20Mach/DM%20Stuff/Foundry%20daggerheart/Foundry-daggerheart/Portable-FoundryVTT-v13.348/App/resources/app/dist/database/backend/server-document.mjs:1:3713)\n    at Function._migrateDocuments (file:///C:/Users/rafam/Documents/Rol/Daggerheart/Greg%20Mach/DM%20Stuff/Foundry%20daggerheart/Foundry-daggerheart/Portable-FoundryVTT-v13.348/App/resources/app/dist/database/backend/server-document.mjs:1:2782)","timestamp":"2026-02-05 20:19:20"}
{"level":"error","message":"An error occurred during the migration of Item record [5Vp22hOHagD6qKoZ] of database \"daggerheart-advmanager.all-features\":\nError: Documents from a core version newer than the running version cannot be migrated\n    at Function._migrateRecord (file:///C:/Users/rafam/Documents/Rol/Daggerheart/Greg%20Mach/DM%20Stuff/Foundry%20daggerheart/Foundry-daggerheart/Portable-FoundryVTT-v13.348/App/resources/app/dist/database/backend/server-document.mjs:1:3713)\n    at Function._migrateDocuments (file:///C:/Users/rafam/Documents/Rol/Daggerheart/Greg%20Mach/DM%20Stuff/Foundry%20daggerheart/Foundry-daggerheart/Portable-FoundryVTT-v13.348/App/resources/app/dist/database/backend/server-document.mjs:1:2782)","timestamp":"2026-02-05 20:19:20"}
{"level":"error","message":"An error occurred during the migration of Item record [5eiiwvIfq6EUtCuO] of database \"daggerheart-advmanager.all-features\":\nError: Documents from a core version newer than the running version cannot be migrated\n    at Function._migrateRecord (file:///C:/Users/rafam/Documents/Rol/Daggerheart/Greg%20Mach/DM%20Stuff/Foundry%20daggerheart/Foundry-daggerheart/Portable-FoundryVTT-v13.348/App/resources/app/dist/database/backend/server-document.mjs:1:3713)\n    at Function._migrateDocuments (file:///C:/Users/rafam/Documents/Rol/Daggerheart/Greg%20Mach/DM%20Stuff/Foundry%20daggerheart/Foundry-daggerheart/Portable-FoundryVTT-v13.348/App/resources/app/dist/database/backend/server-document.mjs:1:2782)","timestamp":"2026-02-05 20:19:20"}
{"level":"error","message":"An error occurred during the migration of Item record [5qtUJTFKPSPjdAy8] of database \"daggerheart-advmanager.all-features\":\nError: Documents from a core version newer than the running version cannot be migrated\n    at Function._migrateRecord (file:///C:/Users/rafam/Documents/Rol/Daggerheart/Greg%20Mach/DM%20Stuff/Foundry%20daggerheart/Foundry-daggerheart/Portable-FoundryVTT-v13.348/App/resources/app/dist/database/backend/server-document.mjs:1:3713)\n    at Function._migrateDocuments (file:///C:/Users/rafam/Documents/Rol/Daggerheart/Greg%20Mach/DM%20Stuff/Foundry%20daggerheart/Foundry-daggerheart/Portable-FoundryVTT-v13.348/App/resources/app/dist/database/backend/server-document.mjs:1:2782)","timestamp":"2026-02-05 20:19:20"}
{"level":"error","message":"An error occurred during the migration of Item record [5sokDc37w3wmeIu6] of database \"daggerheart-advmanager.all-features\":\nError: Documents from a core version newer than the running version cannot be migrated\n    at Function._migrateRecord (file:///C:/Users/rafam/Documents/Rol/Daggerheart/Greg%20Mach/DM%20Stuff/Foundry%20daggerheart/Foundry-daggerheart/Portable-FoundryVTT-v13.348/App/resources/app/dist/database/backend/server-document.mjs:1:3713)\n    at Function._migrateDocuments (file:///C:/Users/rafam/Documents/Rol/Daggerheart/Greg%20Mach/DM%20Stuff/Foundry%20daggerheart/Foundry-daggerheart/Portable-FoundryVTT-v13.348/App/resources/app/dist/database/backend/server-document.mjs:1:2782)","timestamp":"2026-02-05 20:19:20"}
{"level":"error","message":"An error occurred during the migration of Item record [5zsHsVdoAHLdFgdZ] of database \"daggerheart-advmanager.all-features\":\nError: Documents from a core version newer than the running version cannot be migrated\n    at Function._migrateRecord (file:///C:/Users/rafam/Documents/Rol/Daggerheart/Greg%20Mach/DM%20Stuff/Foundry%20daggerheart/Foundry-daggerheart/Portable-FoundryVTT-v13.348/App/resources/app/dist/database/backend/server-document.mjs:1:3713)\n    at Function._migrateDocuments (file:///C:/Users/rafam/Documents/Rol/Daggerheart/Greg%20Mach/DM%20Stuff/Foundry%20daggerheart/Foundry-daggerheart/Portable-FoundryVTT-v13.348/App/resources/app/dist/database/backend/server-document.mjs:1:2782)","timestamp":"2026-02-05 20:19:20"}
{"level":"error","message":"An error occurred during the migration of Item record [6UwaBImWSl1oswhU] of database \"daggerheart-advmanager.all-features\":\nError: Documents from a core version newer than the running version cannot be migrated\n    at Function._migrateRecord (file:///C:/Users/rafam/Documents/Rol/Daggerheart/Greg%20Mach/DM%20Stuff/Foundry%20daggerheart/Foundry-daggerheart/Portable-FoundryVTT-v13.348/App/resources/app/dist/database/backend/server-document.mjs:1:3713)\n    at Function._migrateDocuments (file:///C:/Users/rafam/Documents/Rol/Daggerheart/Greg%20Mach/DM%20Stuff/Foundry%20daggerheart/Foundry-daggerheart/Portable-FoundryVTT-v13.348/App/resources/app/dist/database/backend/server-document.mjs:1:2782)","timestamp":"2026-02-05 20:19:20"}
{"level":"error","message":"An error occurred during the migration of Item record [7Ad7OQlnhgvp7pPn] of database \"daggerheart-advmanager.all-features\":\nError: Documents from a core version newer than the running version cannot be migrated\n    at Function._migrateRecord (file:///C:/Users/rafam/Documents/Rol/Daggerheart/Greg%20Mach/DM%20Stuff/Foundry%20daggerheart/Foundry-daggerheart/Portable-FoundryVTT-v13.348/App/resources/app/dist/database/backend/server-document.mjs:1:3713)\n    at Function._migrateDocuments (file:///C:/Users/rafam/Documents/Rol/Daggerheart/Greg%20Mach/DM%20Stuff/Foundry%20daggerheart/Foundry-daggerheart/Portable-FoundryVTT-v13.348/App/resources/app/dist/database/backend/server-document.mjs:1:2782)","timestamp":"2026-02-05 20:19:20"}
{"level":"error","message":"An error occurred during the migration of Item record [7NdLH1VeeeIL2IzU] of database \"daggerheart-advmanager.all-features\":\nError: Documents from a core version newer than the running version cannot be migrated\n    at Function._migrateRecord (file:///C:/Users/rafam/Documents/Rol/Daggerheart/Greg%20Mach/DM%20Stuff/Foundry%20daggerheart/Foundry-daggerheart/Portable-FoundryVTT-v13.348/App/resources/app/dist/database/backend/server-document.mjs:1:3713)\n    at Function._migrateDocuments (file:///C:/Users/rafam/Documents/Rol/Daggerheart/Greg%20Mach/DM%20Stuff/Foundry%20daggerheart/Foundry-daggerheart/Portable-FoundryVTT-v13.348/App/resources/app/dist/database/backend/server-document.mjs:1:2782)","timestamp":"2026-02-05 20:19:20"}
{"level":"error","message":"An error occurred during the migration of Item record [7ZfGm0tscj92tcRp] of database \"daggerheart-advmanager.all-features\":\nError: Documents from a core version newer than the running version cannot be migrated\n    at Function._migrateRecord (file:///C:/Users/rafam/Documents/Rol/Daggerheart/Greg%20Mach/DM%20Stuff/Foundry%20daggerheart/Foundry-daggerheart/Portable-FoundryVTT-v13.348/App/resources/app/dist/database/backend/server-document.mjs:1:3713)\n    at Function._migrateDocuments (file:///C:/Users/rafam/Documents/Rol/Daggerheart/Greg%20Mach/DM%20Stuff/Foundry%20daggerheart/Foundry-daggerheart/Portable-FoundryVTT-v13.348/App/resources/app/dist/database/backend/server-document.mjs:1:2782)","timestamp":"2026-02-05 20:19:20"}
{"level":"error","message":"An error occurred during the migration of Item record [7sFyoNIsaIvOkhgo] of database \"daggerheart-advmanager.all-features\":\nError: Documents from a core version newer than the running version cannot be migrated\n    at Function._migrateRecord (file:///C:/Users/rafam/Documents/Rol/Daggerheart/Greg%20Mach/DM%20Stuff/Foundry%20daggerheart/Foundry-daggerheart/Portable-FoundryVTT-v13.348/App/resources/app/dist/database/backend/server-document.mjs:1:3713)\n    at Function._migrateDocuments (file:///C:/Users/rafam/Documents/Rol/Daggerheart/Greg%20Mach/DM%20Stuff/Foundry%20daggerheart/Foundry-daggerheart/Portable-FoundryVTT-v13.348/App/resources/app/dist/database/backend/server-document.mjs:1:2782)","timestamp":"2026-02-05 20:19:20"}
{"level":"error","message":"An error occurred during the migration of Item record [83gmecbO2yS8G8Lr] of database \"daggerheart-advmanager.all-features\":\nError: Documents from a core version newer than the running version cannot be migrated\n    at Function._migrateRecord (file:///C:/Users/rafam/Documents/Rol/Daggerheart/Greg%20Mach/DM%20Stuff/Foundry%20daggerheart/Foundry-daggerheart/Portable-FoundryVTT-v13.348/App/resources/app/dist/database/backend/server-document.mjs:1:3713)\n    at Function._migrateDocuments (file:///C:/Users/rafam/Documents/Rol/Daggerheart/Greg%20Mach/DM%20Stuff/Foundry%20daggerheart/Foundry-daggerheart/Portable-FoundryVTT-v13.348/App/resources/app/dist/database/backend/server-document.mjs:1:2782)","timestamp":"2026-02-05 20:19:20"}
{"level":"error","message":"An error occurred during the migration of Item record [880AtQHeF0FnE8OR] of database \"daggerheart-advmanager.all-features\":\nError: Documents from a core version newer than the running version cannot be migrated\n    at Function._migrateRecord (file:///C:/Users/rafam/Documents/Rol/Daggerheart/Greg%20Mach/DM%20Stuff/Foundry%20daggerheart/Foundry-daggerheart/Portable-FoundryVTT-v13.348/App/resources/app/dist/database/backend/server-document.mjs:1:3713)\n    at Function._migrateDocuments (file:///C:/Users/rafam/Documents/Rol/Daggerheart/Greg%20Mach/DM%20Stuff/Foundry%20daggerheart/Foundry-daggerheart/Portable-FoundryVTT-v13.348/App/resources/app/dist/database/backend/server-document.mjs:1:2782)","timestamp":"2026-02-05 20:19:20"}
{"level":"error","message":"An error occurred during the migration of Item record [8SmuDVmjEEhndaWi] of database \"daggerheart-advmanager.all-features\":\nError: Documents from a core version newer than the running version cannot be migrated\n    at Function._migrateRecord (file:///C:/Users/rafam/Documents/Rol/Daggerheart/Greg%20Mach/DM%20Stuff/Foundry%20daggerheart/Foundry-daggerheart/Portable-FoundryVTT-v13.348/App/resources/app/dist/database/backend/server-document.mjs:1:3713)\n    at Function._migrateDocuments (file:///C:/Users/rafam/Documents/Rol/Daggerheart/Greg%20Mach/DM%20Stuff/Foundry%20daggerheart/Foundry-daggerheart/Portable-FoundryVTT-v13.348/App/resources/app/dist/database/backend/server-document.mjs:1:2782)","timestamp":"2026-02-05 20:19:20"}
{"level":"error","message":"An error occurred during the migration of Item record [8jxq54Q3ZwoCR4KM] of database \"daggerheart-advmanager.all-features\":\nError: Documents from a core version newer than the running version cannot be migrated\n    at Function._migrateRecord (file:///C:/Users/rafam/Documents/Rol/Daggerheart/Greg%20Mach/DM%20Stuff/Foundry%20daggerheart/Foundry-daggerheart/Portable-FoundryVTT-v13.348/App/resources/app/dist/database/backend/server-document.mjs:1:3713)\n    at Function._migrateDocuments (file:///C:/Users/rafam/Documents/Rol/Daggerheart/Greg%20Mach/DM%20Stuff/Foundry%20daggerheart/Foundry-daggerheart/Portable-FoundryVTT-v13.348/App/resources/app/dist/database/backend/server-document.mjs:1:2782)","timestamp":"2026-02-05 20:19:20"}
{"level":"error","message":"An error occurred during the migration of Item record [8n6aUhKKXFSQP8Tu] of database \"daggerheart-advmanager.all-features\":\nError: Documents from a core version newer than the running version cannot be migrated\n    at Function._migrateRecord (file:///C:/Users/rafam/Documents/Rol/Daggerheart/Greg%20Mach/DM%20Stuff/Foundry%20daggerheart/Foundry-daggerheart/Portable-FoundryVTT-v13.348/App/resources/app/dist/database/backend/server-document.mjs:1:3713)\n    at Function._migrateDocuments (file:///C:/Users/rafam/Documents/Rol/Daggerheart/Greg%20Mach/DM%20Stuff/Foundry%20daggerheart/Foundry-daggerheart/Portable-FoundryVTT-v13.348/App/resources/app/dist/database/backend/server-document.mjs:1:2782)","timestamp":"2026-02-05 20:19:20"}
{"level":"error","message":"An error occurred during the migration of Item record [91SZAmKOhrDSJMAH] of database \"daggerheart-advmanager.all-features\":\nError: Documents from a core version newer than the running version cannot be migrated\n    at Function._migrateRecord (file:///C:/Users/rafam/Documents/Rol/Daggerheart/Greg%20Mach/DM%20Stuff/Foundry%20daggerheart/Foundry-daggerheart/Portable-FoundryVTT-v13.348/App/resources/app/dist/database/backend/server-document.mjs:1:3713)\n    at Function._migrateDocuments (file:///C:/Users/rafam/Documents/Rol/Daggerheart/Greg%20Mach/DM%20Stuff/Foundry%20daggerheart/Foundry-daggerheart/Portable-FoundryVTT-v13.348/App/resources/app/dist/database/backend/server-document.mjs:1:2782)","timestamp":"2026-02-05 20:19:20"}
{"level":"error","message":"An error occurred during the migration of Item record [9D5Ahf0TW8OvINqK] of database \"daggerheart-advmanager.all-features\":\nError: Documents from a core version newer than the running version cannot be migrated\n    at Function._migrateRecord (file:///C:/Users/rafam/Documents/Rol/Daggerheart/Greg%20Mach/DM%20Stuff/Foundry%20daggerheart/Foundry-daggerheart/Portable-FoundryVTT-v13.348/App/resources/app/dist/database/backend/server-document.mjs:1:3713)\n    at Function._migrateDocuments (file:///C:/Users/rafam/Documents/Rol/Daggerheart/Greg%20Mach/DM%20Stuff/Foundry%20daggerheart/Foundry-daggerheart/Portable-FoundryVTT-v13.348/App/resources/app/dist/database/backend/server-document.mjs:1:2782)","timestamp":"2026-02-05 20:19:20"}
{"level":"error","message":"An error occurred during the migration of Item record [9LC1tFoFyeWbQgJg] of database \"daggerheart-advmanager.all-features\":\nError: Documents from a core version newer than the running version cannot be migrated\n    at Function._migrateRecord (file:///C:/Users/rafam/Documents/Rol/Daggerheart/Greg%20Mach/DM%20Stuff/Foundry%20daggerheart/Foundry-daggerheart/Portable-FoundryVTT-v13.348/App/resources/app/dist/database/backend/server-document.mjs:1:3713)\n    at Function._migrateDocuments (file:///C:/Users/rafam/Documents/Rol/Daggerheart/Greg%20Mach/DM%20Stuff/Foundry%20daggerheart/Foundry-daggerheart/Portable-FoundryVTT-v13.348/App/resources/app/dist/database/backend/server-document.mjs:1:2782)","timestamp":"2026-02-05 20:19:20"}
{"level":"error","message":"An error occurred during the migration of Item record [9cs3J2gDowX9vZD2] of database \"daggerheart-advmanager.all-features\":\nError: Documents from a core version newer than the running version cannot be migrated\n    at Function._migrateRecord (file:///C:/Users/rafam/Documents/Rol/Daggerheart/Greg%20Mach/DM%20Stuff/Foundry%20daggerheart/Foundry-daggerheart/Portable-FoundryVTT-v13.348/App/resources/app/dist/database/backend/server-document.mjs:1:3713)\n    at Function._migrateDocuments (file:///C:/Users/rafam/Documents/Rol/Daggerheart/Greg%20Mach/DM%20Stuff/Foundry%20daggerheart/Foundry-daggerheart/Portable-FoundryVTT-v13.348/App/resources/app/dist/database/backend/server-document.mjs:1:2782)","timestamp":"2026-02-05 20:19:20"}
{"level":"error","message":"An error occurred during the migration of Item record [9cwWalhoBwdPWmNc] of database \"daggerheart-advmanager.all-features\":\nError: Documents from a core version newer than the running version cannot be migrated\n    at Function._migrateRecord (file:///C:/Users/rafam/Documents/Rol/Daggerheart/Greg%20Mach/DM%20Stuff/Foundry%20daggerheart/Foundry-daggerheart/Portable-FoundryVTT-v13.348/App/resources/app/dist/database/backend/server-document.mjs:1:3713)\n    at Function._migrateDocuments (file:///C:/Users/rafam/Documents/Rol/Daggerheart/Greg%20Mach/DM%20Stuff/Foundry%20daggerheart/Foundry-daggerheart/Portable-FoundryVTT-v13.348/App/resources/app/dist/database/backend/server-document.mjs:1:2782)","timestamp":"2026-02-05 20:19:20"}
{"level":"error","message":"An error occurred during the migration of Item record [ARFy5VHBKGMltBdt] of database \"daggerheart-advmanager.all-features\":\nError: Documents from a core version newer than the running version cannot be migrated\n    at Function._migrateRecord (file:///C:/Users/rafam/Documents/Rol/Daggerheart/Greg%20Mach/DM%20Stuff/Foundry%20daggerheart/Foundry-daggerheart/Portable-FoundryVTT-v13.348/App/resources/app/dist/database/backend/server-document.mjs:1:3713)\n    at Function._migrateDocuments (file:///C:/Users/rafam/Documents/Rol/Daggerheart/Greg%20Mach/DM%20Stuff/Foundry%20daggerheart/Foundry-daggerheart/Portable-FoundryVTT-v13.348/App/resources/app/dist/database/backend/server-document.mjs:1:2782)","timestamp":"2026-02-05 20:19:20"}
{"level":"error","message":"An error occurred during the migration of Item record [AaQSStSwHLserQkj] of database \"daggerheart-advmanager.all-features\":\nError: Documents from a core version newer than the running version cannot be migrated\n    at Function._migrateRecord (file:///C:/Users/rafam/Documents/Rol/Daggerheart/Greg%20Mach/DM%20Stuff/Foundry%20daggerheart/Foundry-daggerheart/Portable-FoundryVTT-v13.348/App/resources/app/dist/database/backend/server-document.mjs:1:3713)\n    at Function._migrateDocuments (file:///C:/Users/rafam/Documents/Rol/Daggerheart/Greg%20Mach/DM%20Stuff/Foundry%20daggerheart/Foundry-daggerheart/Portable-FoundryVTT-v13.348/App/resources/app/dist/database/backend/server-document.mjs:1:2782)","timestamp":"2026-02-05 20:19:20"}
{"level":"error","message":"An error occurred during the migration of Item record [AcsweE02EQT71XHJ] of database \"daggerheart-advmanager.all-features\":\nError: Documents from a core version newer than the running version cannot be migrated\n    at Function._migrateRecord (file:///C:/Users/rafam/Documents/Rol/Daggerheart/Greg%20Mach/DM%20Stuff/Foundry%20daggerheart/Foundry-daggerheart/Portable-FoundryVTT-v13.348/App/resources/app/dist/database/backend/server-document.mjs:1:3713)\n    at Function._migrateDocuments (file:///C:/Users/rafam/Documents/Rol/Daggerheart/Greg%20Mach/DM%20Stuff/Foundry%20daggerheart/Foundry-daggerheart/Portable-FoundryVTT-v13.348/App/resources/app/dist/database/backend/server-document.mjs:1:2782)","timestamp":"2026-02-05 20:19:20"}
{"level":"error","message":"An error occurred during the migration of Item record [ApuIGoBtx4YPIeMk] of database \"daggerheart-advmanager.all-features\":\nError: Documents from a core version newer than the running version cannot be migrated\n    at Function._migrateRecord (file:///C:/Users/rafam/Documents/Rol/Daggerheart/Greg%20Mach/DM%20Stuff/Foundry%20daggerheart/Foundry-daggerheart/Portable-FoundryVTT-v13.348/App/resources/app/dist/database/backend/server-document.mjs:1:3713)\n    at Function._migrateDocuments (file:///C:/Users/rafam/Documents/Rol/Daggerheart/Greg%20Mach/DM%20Stuff/Foundry%20daggerheart/Foundry-daggerheart/Portable-FoundryVTT-v13.348/App/resources/app/dist/database/backend/server-document.mjs:1:2782)","timestamp":"2026-02-05 20:19:20"}
{"level":"error","message":"An error occurred during the migration of Item record [AwrhGfjB06AqnrMd] of database \"daggerheart-advmanager.all-features\":\nError: Documents from a core version newer than the running version cannot be migrated\n    at Function._migrateRecord (file:///C:/Users/rafam/Documents/Rol/Daggerheart/Greg%20Mach/DM%20Stuff/Foundry%20daggerheart/Foundry-daggerheart/Portable-FoundryVTT-v13.348/App/resources/app/dist/database/backend/server-document.mjs:1:3713)\n    at Function._migrateDocuments (file:///C:/Users/rafam/Documents/Rol/Daggerheart/Greg%20Mach/DM%20Stuff/Foundry%20daggerheart/Foundry-daggerheart/Portable-FoundryVTT-v13.348/App/resources/app/dist/database/backend/server-document.mjs:1:2782)","timestamp":"2026-02-05 20:19:20"}
{"level":"error","message":"An error occurred during the migration of Item record [B5zdiBHySOr3tjXB] of database \"daggerheart-advmanager.all-features\":\nError: Documents from a core version newer than the running version cannot be migrated\n    at Function._migrateRecord (file:///C:/Users/rafam/Documents/Rol/Daggerheart/Greg%20Mach/DM%20Stuff/Foundry%20daggerheart/Foundry-daggerheart/Portable-FoundryVTT-v13.348/App/resources/app/dist/database/backend/server-document.mjs:1:3713)\n    at Function._migrateDocuments (file:///C:/Users/rafam/Documents/Rol/Daggerheart/Greg%20Mach/DM%20Stuff/Foundry%20daggerheart/Foundry-daggerheart/Portable-FoundryVTT-v13.348/App/resources/app/dist/database/backend/server-document.mjs:1:2782)","timestamp":"2026-02-05 20:19:20"}
{"level":"error","message":"An error occurred during the migration of Item record [B7XcBkiKEyU5lCPH] of database \"daggerheart-advmanager.all-features\":\nError: Documents from a core version newer than the running version cannot be migrated\n    at Function._migrateRecord (file:///C:/Users/rafam/Documents/Rol/Daggerheart/Greg%20Mach/DM%20Stuff/Foundry%20daggerheart/Foundry-daggerheart/Portable-FoundryVTT-v13.348/App/resources/app/dist/database/backend/server-document.mjs:1:3713)\n    at Function._migrateDocuments (file:///C:/Users/rafam/Documents/Rol/Daggerheart/Greg%20Mach/DM%20Stuff/Foundry%20daggerheart/Foundry-daggerheart/Portable-FoundryVTT-v13.348/App/resources/app/dist/database/backend/server-document.mjs:1:2782)","timestamp":"2026-02-05 20:19:20"}
{"level":"error","message":"An error occurred during the migration of Item record [BBMImdu1Hd9naDc3] of database \"daggerheart-advmanager.all-features\":\nError: Documents from a core version newer than the running version cannot be migrated\n    at Function._migrateRecord (file:///C:/Users/rafam/Documents/Rol/Daggerheart/Greg%20Mach/DM%20Stuff/Foundry%20daggerheart/Foundry-daggerheart/Portable-FoundryVTT-v13.348/App/resources/app/dist/database/backend/server-document.mjs:1:3713)\n    at Function._migrateDocuments (file:///C:/Users/rafam/Documents/Rol/Daggerheart/Greg%20Mach/DM%20Stuff/Foundry%20daggerheart/Foundry-daggerheart/Portable-FoundryVTT-v13.348/App/resources/app/dist/database/backend/server-document.mjs:1:2782)","timestamp":"2026-02-05 20:19:20"}
{"level":"error","message":"An error occurred during the migration of Item record [BEVUhGjQ12ybeE5l] of database \"daggerheart-advmanager.all-features\":\nError: Documents from a core version newer than the running version cannot be migrated\n    at Function._migrateRecord (file:///C:/Users/rafam/Documents/Rol/Daggerheart/Greg%20Mach/DM%20Stuff/Foundry%20daggerheart/Foundry-daggerheart/Portable-FoundryVTT-v13.348/App/resources/app/dist/database/backend/server-document.mjs:1:3713)\n    at Function._migrateDocuments (file:///C:/Users/rafam/Documents/Rol/Daggerheart/Greg%20Mach/DM%20Stuff/Foundry%20daggerheart/Foundry-daggerheart/Portable-FoundryVTT-v13.348/App/resources/app/dist/database/backend/server-document.mjs:1:2782)","timestamp":"2026-02-05 20:19:20"}
{"level":"error","message":"An error occurred during the migration of Item record [BFCNRBDRfRkmYzgz] of database \"daggerheart-advmanager.all-features\":\nError: Documents from a core version newer than the running version cannot be migrated\n    at Function._migrateRecord (file:///C:/Users/rafam/Documents/Rol/Daggerheart/Greg%20Mach/DM%20Stuff/Foundry%20daggerheart/Foundry-daggerheart/Portable-FoundryVTT-v13.348/App/resources/app/dist/database/backend/server-document.mjs:1:3713)\n    at Function._migrateDocuments (file:///C:/Users/rafam/Documents/Rol/Daggerheart/Greg%20Mach/DM%20Stuff/Foundry%20daggerheart/Foundry-daggerheart/Portable-FoundryVTT-v13.348/App/resources/app/dist/database/backend/server-document.mjs:1:2782)","timestamp":"2026-02-05 20:19:20"}
{"level":"error","message":"An error occurred during the migration of Item record [BQg9GVrUU2Aj9fkl] of database \"daggerheart-advmanager.all-features\":\nError: Documents from a core version newer than the running version cannot be migrated\n    at Function._migrateRecord (file:///C:/Users/rafam/Documents/Rol/Daggerheart/Greg%20Mach/DM%20Stuff/Foundry%20daggerheart/Foundry-daggerheart/Portable-FoundryVTT-v13.348/App/resources/app/dist/database/backend/server-document.mjs:1:3713)\n    at Function._migrateDocuments (file:///C:/Users/rafam/Documents/Rol/Daggerheart/Greg%20Mach/DM%20Stuff/Foundry%20daggerheart/Foundry-daggerheart/Portable-FoundryVTT-v13.348/App/resources/app/dist/database/backend/server-document.mjs:1:2782)","timestamp":"2026-02-05 20:19:20"}
{"level":"error","message":"An error occurred during the migration of Item record [Biq1j0DzOqRab6NJ] of database \"daggerheart-advmanager.all-features\":\nError: Documents from a core version newer than the running version cannot be migrated\n    at Function._migrateRecord (file:///C:/Users/rafam/Documents/Rol/Daggerheart/Greg%20Mach/DM%20Stuff/Foundry%20daggerheart/Foundry-daggerheart/Portable-FoundryVTT-v13.348/App/resources/app/dist/database/backend/server-document.mjs:1:3713)\n    at Function._migrateDocuments (file:///C:/Users/rafam/Documents/Rol/Daggerheart/Greg%20Mach/DM%20Stuff/Foundry%20daggerheart/Foundry-daggerheart/Portable-FoundryVTT-v13.348/App/resources/app/dist/database/backend/server-document.mjs:1:2782)","timestamp":"2026-02-05 20:19:20"}
{"level":"error","message":"An error occurred during the migration of Item record [BkLIS1yfxtnjx9wM] of database \"daggerheart-advmanager.all-features\":\nError: Documents from a core version newer than the running version cannot be migrated\n    at Function._migrateRecord (file:///C:/Users/rafam/Documents/Rol/Daggerheart/Greg%20Mach/DM%20Stuff/Foundry%20daggerheart/Foundry-daggerheart/Portable-FoundryVTT-v13.348/App/resources/app/dist/database/backend/server-document.mjs:1:3713)\n    at Function._migrateDocuments (file:///C:/Users/rafam/Documents/Rol/Daggerheart/Greg%20Mach/DM%20Stuff/Foundry%20daggerheart/Foundry-daggerheart/Portable-FoundryVTT-v13.348/App/resources/app/dist/database/backend/server-document.mjs:1:2782)","timestamp":"2026-02-05 20:19:20"}
{"level":"error","message":"An error occurred during the migration of Item record [CLkPyk6d7eiisya6] of database \"daggerheart-advmanager.all-features\":\nError: Documents from a core version newer than the running version cannot be migrated\n    at Function._migrateRecord (file:///C:/Users/rafam/Documents/Rol/Daggerheart/Greg%20Mach/DM%20Stuff/Foundry%20daggerheart/Foundry-daggerheart/Portable-FoundryVTT-v13.348/App/resources/app/dist/database/backend/server-document.mjs:1:3713)\n    at Function._migrateDocuments (file:///C:/Users/rafam/Documents/Rol/Daggerheart/Greg%20Mach/DM%20Stuff/Foundry%20daggerheart/Foundry-daggerheart/Portable-FoundryVTT-v13.348/App/resources/app/dist/database/backend/server-document.mjs:1:2782)","timestamp":"2026-02-05 20:19:20"}
{"level":"error","message":"An error occurred during the migration of Item record [CNyXQmgw94bCYPOl] of database \"daggerheart-advmanager.all-features\":\nError: Documents from a core version newer than the running version cannot be migrated\n    at Function._migrateRecord (file:///C:/Users/rafam/Documents/Rol/Daggerheart/Greg%20Mach/DM%20Stuff/Foundry%20daggerheart/Foundry-daggerheart/Portable-FoundryVTT-v13.348/App/resources/app/dist/database/backend/server-document.mjs:1:3713)\n    at Function._migrateDocuments (file:///C:/Users/rafam/Documents/Rol/Daggerheart/Greg%20Mach/DM%20Stuff/Foundry%20daggerheart/Foundry-daggerheart/Portable-FoundryVTT-v13.348/App/resources/app/dist/database/backend/server-document.mjs:1:2782)","timestamp":"2026-02-05 20:19:20"}
{"level":"error","message":"An error occurred during the migration of Item record [CsNU8CTEpLdT5kzR] of database \"daggerheart-advmanager.all-features\":\nError: Documents from a core version newer than the running version cannot be migrated\n    at Function._migrateRecord (file:///C:/Users/rafam/Documents/Rol/Daggerheart/Greg%20Mach/DM%20Stuff/Foundry%20daggerheart/Foundry-daggerheart/Portable-FoundryVTT-v13.348/App/resources/app/dist/database/backend/server-document.mjs:1:3713)\n    at Function._migrateDocuments (file:///C:/Users/rafam/Documents/Rol/Daggerheart/Greg%20Mach/DM%20Stuff/Foundry%20daggerheart/Foundry-daggerheart/Portable-FoundryVTT-v13.348/App/resources/app/dist/database/backend/server-document.mjs:1:2782)","timestamp":"2026-02-05 20:19:20"}
{"level":"error","message":"An error occurred during the migration of Item record [CtPq6EkOU7nsvDqD] of database \"daggerheart-advmanager.all-features\":\nError: Documents from a core version newer than the running version cannot be migrated\n    at Function._migrateRecord (file:///C:/Users/rafam/Documents/Rol/Daggerheart/Greg%20Mach/DM%20Stuff/Foundry%20daggerheart/Foundry-daggerheart/Portable-FoundryVTT-v13.348/App/resources/app/dist/database/backend/server-document.mjs:1:3713)\n    at Function._migrateDocuments (file:///C:/Users/rafam/Documents/Rol/Daggerheart/Greg%20Mach/DM%20Stuff/Foundry%20daggerheart/Foundry-daggerheart/Portable-FoundryVTT-v13.348/App/resources/app/dist/database/backend/server-document.mjs:1:2782)","timestamp":"2026-02-05 20:19:20"}
{"level":"error","message":"An error occurred during the migration of Item record [CymORFhLlogsmwgK] of database \"daggerheart-advmanager.all-features\":\nError: Documents from a core version newer than the running version cannot be migrated\n    at Function._migrateRecord (file:///C:/Users/rafam/Documents/Rol/Daggerheart/Greg%20Mach/DM%20Stuff/Foundry%20daggerheart/Foundry-daggerheart/Portable-FoundryVTT-v13.348/App/resources/app/dist/database/backend/server-document.mjs:1:3713)\n    at Function._migrateDocuments (file:///C:/Users/rafam/Documents/Rol/Daggerheart/Greg%20Mach/DM%20Stuff/Foundry%20daggerheart/Foundry-daggerheart/Portable-FoundryVTT-v13.348/App/resources/app/dist/database/backend/server-document.mjs:1:2782)","timestamp":"2026-02-05 20:19:20"}
{"level":"error","message":"An error occurred during the migration of Item record [D0BkwbVgTBGzxOCV] of database \"daggerheart-advmanager.all-features\":\nError: Documents from a core version newer than the running version cannot be migrated\n    at Function._migrateRecord (file:///C:/Users/rafam/Documents/Rol/Daggerheart/Greg%20Mach/DM%20Stuff/Foundry%20daggerheart/Foundry-daggerheart/Portable-FoundryVTT-v13.348/App/resources/app/dist/database/backend/server-document.mjs:1:3713)\n    at Function._migrateDocuments (file:///C:/Users/rafam/Documents/Rol/Daggerheart/Greg%20Mach/DM%20Stuff/Foundry%20daggerheart/Foundry-daggerheart/Portable-FoundryVTT-v13.348/App/resources/app/dist/database/backend/server-document.mjs:1:2782)","timestamp":"2026-02-05 20:19:20"}
{"level":"error","message":"An error occurred during the migration of Item record [D4pQD1TutPDhHKeK] of database \"daggerheart-advmanager.all-features\":\nError: Documents from a core version newer than the running version cannot be migrated\n    at Function._migrateRecord (file:///C:/Users/rafam/Documents/Rol/Daggerheart/Greg%20Mach/DM%20Stuff/Foundry%20daggerheart/Foundry-daggerheart/Portable-FoundryVTT-v13.348/App/resources/app/dist/database/backend/server-document.mjs:1:3713)\n    at Function._migrateDocuments (file:///C:/Users/rafam/Documents/Rol/Daggerheart/Greg%20Mach/DM%20Stuff/Foundry%20daggerheart/Foundry-daggerheart/Portable-FoundryVTT-v13.348/App/resources/app/dist/database/backend/server-document.mjs:1:2782)","timestamp":"2026-02-05 20:19:20"}
{"level":"error","message":"An error occurred during the migration of Item record [D50SSaxWoUaVjkko] of database \"daggerheart-advmanager.all-features\":\nError: Documents from a core version newer than the running version cannot be migrated\n    at Function._migrateRecord (file:///C:/Users/rafam/Documents/Rol/Daggerheart/Greg%20Mach/DM%20Stuff/Foundry%20daggerheart/Foundry-daggerheart/Portable-FoundryVTT-v13.348/App/resources/app/dist/database/backend/server-document.mjs:1:3713)\n    at Function._migrateDocuments (file:///C:/Users/rafam/Documents/Rol/Daggerheart/Greg%20Mach/DM%20Stuff/Foundry%20daggerheart/Foundry-daggerheart/Portable-FoundryVTT-v13.348/App/resources/app/dist/database/backend/server-document.mjs:1:2782)","timestamp":"2026-02-05 20:19:20"}
{"level":"error","message":"An error occurred during the migration of Item record [D8e0pZWRJOqKihO5] of database \"daggerheart-advmanager.all-features\":\nError: Documents from a core version newer than the running version cannot be migrated\n    at Function._migrateRecord (file:///C:/Users/rafam/Documents/Rol/Daggerheart/Greg%20Mach/DM%20Stuff/Foundry%20daggerheart/Foundry-daggerheart/Portable-FoundryVTT-v13.348/App/resources/app/dist/database/backend/server-document.mjs:1:3713)\n    at Function._migrateDocuments (file:///C:/Users/rafam/Documents/Rol/Daggerheart/Greg%20Mach/DM%20Stuff/Foundry%20daggerheart/Foundry-daggerheart/Portable-FoundryVTT-v13.348/App/resources/app/dist/database/backend/server-document.mjs:1:2782)","timestamp":"2026-02-05 20:19:20"}
{"level":"error","message":"An error occurred during the migration of Item record [DyiXTwjY7wEFpVWn] of database \"daggerheart-advmanager.all-features\":\nError: Documents from a core version newer than the running version cannot be migrated\n    at Function._migrateRecord (file:///C:/Users/rafam/Documents/Rol/Daggerheart/Greg%20Mach/DM%20Stuff/Foundry%20daggerheart/Foundry-daggerheart/Portable-FoundryVTT-v13.348/App/resources/app/dist/database/backend/server-document.mjs:1:3713)\n    at Function._migrateDocuments (file:///C:/Users/rafam/Documents/Rol/Daggerheart/Greg%20Mach/DM%20Stuff/Foundry%20daggerheart/Foundry-daggerheart/Portable-FoundryVTT-v13.348/App/resources/app/dist/database/backend/server-document.mjs:1:2782)","timestamp":"2026-02-05 20:19:20"}
{"level":"error","message":"An error occurred during the migration of Item record [E9aljklfcHO7ZAlR] of database \"daggerheart-advmanager.all-features\":\nError: Documents from a core version newer than the running version cannot be migrated\n    at Function._migrateRecord (file:///C:/Users/rafam/Documents/Rol/Daggerheart/Greg%20Mach/DM%20Stuff/Foundry%20daggerheart/Foundry-daggerheart/Portable-FoundryVTT-v13.348/App/resources/app/dist/database/backend/server-document.mjs:1:3713)\n    at Function._migrateDocuments (file:///C:/Users/rafam/Documents/Rol/Daggerheart/Greg%20Mach/DM%20Stuff/Foundry%20daggerheart/Foundry-daggerheart/Portable-FoundryVTT-v13.348/App/resources/app/dist/database/backend/server-document.mjs:1:2782)","timestamp":"2026-02-05 20:19:20"}
{"level":"error","message":"An error occurred during the migration of Item record [EKuTwBdJ2E6y7cLN] of database \"daggerheart-advmanager.all-features\":\nError: Documents from a core version newer than the running version cannot be migrated\n    at Function._migrateRecord (file:///C:/Users/rafam/Documents/Rol/Daggerheart/Greg%20Mach/DM%20Stuff/Foundry%20daggerheart/Foundry-daggerheart/Portable-FoundryVTT-v13.348/App/resources/app/dist/database/backend/server-document.mjs:1:3713)\n    at Function._migrateDocuments (file:///C:/Users/rafam/Documents/Rol/Daggerheart/Greg%20Mach/DM%20Stuff/Foundry%20daggerheart/Foundry-daggerheart/Portable-FoundryVTT-v13.348/App/resources/app/dist/database/backend/server-document.mjs:1:2782)","timestamp":"2026-02-05 20:19:20"}
{"level":"error","message":"An error occurred during the migration of Item record [EU9f8eihFhsMtr1c] of database \"daggerheart-advmanager.all-features\":\nError: Documents from a core version newer than the running version cannot be migrated\n    at Function._migrateRecord (file:///C:/Users/rafam/Documents/Rol/Daggerheart/Greg%20Mach/DM%20Stuff/Foundry%20daggerheart/Foundry-daggerheart/Portable-FoundryVTT-v13.348/App/resources/app/dist/database/backend/server-document.mjs:1:3713)\n    at Function._migrateDocuments (file:///C:/Users/rafam/Documents/Rol/Daggerheart/Greg%20Mach/DM%20Stuff/Foundry%20daggerheart/Foundry-daggerheart/Portable-FoundryVTT-v13.348/App/resources/app/dist/database/backend/server-document.mjs:1:2782)","timestamp":"2026-02-05 20:19:20"}
{"level":"error","message":"An error occurred during the migration of Item record [EVbzvpaaIpZWRMNk] of database \"daggerheart-advmanager.all-features\":\nError: Documents from a core version newer than the running version cannot be migrated\n    at Function._migrateRecord (file:///C:/Users/rafam/Documents/Rol/Daggerheart/Greg%20Mach/DM%20Stuff/Foundry%20daggerheart/Foundry-daggerheart/Portable-FoundryVTT-v13.348/App/resources/app/dist/database/backend/server-document.mjs:1:3713)\n    at Function._migrateDocuments (file:///C:/Users/rafam/Documents/Rol/Daggerheart/Greg%20Mach/DM%20Stuff/Foundry%20daggerheart/Foundry-daggerheart/Portable-FoundryVTT-v13.348/App/resources/app/dist/database/backend/server-document.mjs:1:2782)","timestamp":"2026-02-05 20:19:20"}
{"level":"error","message":"An error occurred during the migration of Item record [EdIit6H92J020tZY] of database \"daggerheart-advmanager.all-features\":\nError: Documents from a core version newer than the running version cannot be migrated\n    at Function._migrateRecord (file:///C:/Users/rafam/Documents/Rol/Daggerheart/Greg%20Mach/DM%20Stuff/Foundry%20daggerheart/Foundry-daggerheart/Portable-FoundryVTT-v13.348/App/resources/app/dist/database/backend/server-document.mjs:1:3713)\n    at Function._migrateDocuments (file:///C:/Users/rafam/Documents/Rol/Daggerheart/Greg%20Mach/DM%20Stuff/Foundry%20daggerheart/Foundry-daggerheart/Portable-FoundryVTT-v13.348/App/resources/app/dist/database/backend/server-document.mjs:1:2782)","timestamp":"2026-02-05 20:19:20"}
{"level":"error","message":"An error occurred during the migration of Item record [EhrJcYF501exG3zC] of database \"daggerheart-advmanager.all-features\":\nError: Documents from a core version newer than the running version cannot be migrated\n    at Function._migrateRecord (file:///C:/Users/rafam/Documents/Rol/Daggerheart/Greg%20Mach/DM%20Stuff/Foundry%20daggerheart/Foundry-daggerheart/Portable-FoundryVTT-v13.348/App/resources/app/dist/database/backend/server-document.mjs:1:3713)\n    at Function._migrateDocuments (file:///C:/Users/rafam/Documents/Rol/Daggerheart/Greg%20Mach/DM%20Stuff/Foundry%20daggerheart/Foundry-daggerheart/Portable-FoundryVTT-v13.348/App/resources/app/dist/database/backend/server-document.mjs:1:2782)","timestamp":"2026-02-05 20:19:20"}
{"level":"error","message":"An error occurred during the migration of Item record [Evtpt5utsmjujKoN] of database \"daggerheart-advmanager.all-features\":\nError: Documents from a core version newer than the running version cannot be migrated\n    at Function._migrateRecord (file:///C:/Users/rafam/Documents/Rol/Daggerheart/Greg%20Mach/DM%20Stuff/Foundry%20daggerheart/Foundry-daggerheart/Portable-FoundryVTT-v13.348/App/resources/app/dist/database/backend/server-document.mjs:1:3713)\n    at Function._migrateDocuments (file:///C:/Users/rafam/Documents/Rol/Daggerheart/Greg%20Mach/DM%20Stuff/Foundry%20daggerheart/Foundry-daggerheart/Portable-FoundryVTT-v13.348/App/resources/app/dist/database/backend/server-document.mjs:1:2782)","timestamp":"2026-02-05 20:19:20"}
{"level":"error","message":"An error occurred during the migration of Item record [FRZ4sLjMWppATyxm] of database \"daggerheart-advmanager.all-features\":\nError: Documents from a core version newer than the running version cannot be migrated\n    at Function._migrateRecord (file:///C:/Users/rafam/Documents/Rol/Daggerheart/Greg%20Mach/DM%20Stuff/Foundry%20daggerheart/Foundry-daggerheart/Portable-FoundryVTT-v13.348/App/resources/app/dist/database/backend/server-document.mjs:1:3713)\n    at Function._migrateDocuments (file:///C:/Users/rafam/Documents/Rol/Daggerheart/Greg%20Mach/DM%20Stuff/Foundry%20daggerheart/Foundry-daggerheart/Portable-FoundryVTT-v13.348/App/resources/app/dist/database/backend/server-document.mjs:1:2782)","timestamp":"2026-02-05 20:19:20"}
{"level":"error","message":"An error occurred during the migration of Item record [FZKrsA82DUk6V9Km] of database \"daggerheart-advmanager.all-features\":\nError: Documents from a core version newer than the running version cannot be migrated\n    at Function._migrateRecord (file:///C:/Users/rafam/Documents/Rol/Daggerheart/Greg%20Mach/DM%20Stuff/Foundry%20daggerheart/Foundry-daggerheart/Portable-FoundryVTT-v13.348/App/resources/app/dist/database/backend/server-document.mjs:1:3713)\n    at Function._migrateDocuments (file:///C:/Users/rafam/Documents/Rol/Daggerheart/Greg%20Mach/DM%20Stuff/Foundry%20daggerheart/Foundry-daggerheart/Portable-FoundryVTT-v13.348/App/resources/app/dist/database/backend/server-document.mjs:1:2782)","timestamp":"2026-02-05 20:19:20"}
{"level":"error","message":"An error occurred during the migration of Item record [FbgHFmr9V7JxgLpX] of database \"daggerheart-advmanager.all-features\":\nError: Documents from a core version newer than the running version cannot be migrated\n    at Function._migrateRecord (file:///C:/Users/rafam/Documents/Rol/Daggerheart/Greg%20Mach/DM%20Stuff/Foundry%20daggerheart/Foundry-daggerheart/Portable-FoundryVTT-v13.348/App/resources/app/dist/database/backend/server-document.mjs:1:3713)\n    at Function._migrateDocuments (file:///C:/Users/rafam/Documents/Rol/Daggerheart/Greg%20Mach/DM%20Stuff/Foundry%20daggerheart/Foundry-daggerheart/Portable-FoundryVTT-v13.348/App/resources/app/dist/database/backend/server-document.mjs:1:2782)","timestamp":"2026-02-05 20:19:20"}
{"level":"error","message":"An error occurred during the migration of Item record [FiNC9U8a8XEqgL9T] of database \"daggerheart-advmanager.all-features\":\nError: Documents from a core version newer than the running version cannot be migrated\n    at Function._migrateRecord (file:///C:/Users/rafam/Documents/Rol/Daggerheart/Greg%20Mach/DM%20Stuff/Foundry%20daggerheart/Foundry-daggerheart/Portable-FoundryVTT-v13.348/App/resources/app/dist/database/backend/server-document.mjs:1:3713)\n    at Function._migrateDocuments (file:///C:/Users/rafam/Documents/Rol/Daggerheart/Greg%20Mach/DM%20Stuff/Foundry%20daggerheart/Foundry-daggerheart/Portable-FoundryVTT-v13.348/App/resources/app/dist/database/backend/server-document.mjs:1:2782)","timestamp":"2026-02-05 20:19:20"}
{"level":"error","message":"An error occurred during the migration of Item record [FqPVMPKC0WmqjPjT] of database \"daggerheart-advmanager.all-features\":\nError: Documents from a core version newer than the running version cannot be migrated\n    at Function._migrateRecord (file:///C:/Users/rafam/Documents/Rol/Daggerheart/Greg%20Mach/DM%20Stuff/Foundry%20daggerheart/Foundry-daggerheart/Portable-FoundryVTT-v13.348/App/resources/app/dist/database/backend/server-document.mjs:1:3713)\n    at Function._migrateDocuments (file:///C:/Users/rafam/Documents/Rol/Daggerheart/Greg%20Mach/DM%20Stuff/Foundry%20daggerheart/Foundry-daggerheart/Portable-FoundryVTT-v13.348/App/resources/app/dist/database/backend/server-document.mjs:1:2782)","timestamp":"2026-02-05 20:19:20"}
{"level":"error","message":"An error occurred during the migration of Item record [G7sqnqrDsokRHgkM] of database \"daggerheart-advmanager.all-features\":\nError: Documents from a core version newer than the running version cannot be migrated\n    at Function._migrateRecord (file:///C:/Users/rafam/Documents/Rol/Daggerheart/Greg%20Mach/DM%20Stuff/Foundry%20daggerheart/Foundry-daggerheart/Portable-FoundryVTT-v13.348/App/resources/app/dist/database/backend/server-document.mjs:1:3713)\n    at Function._migrateDocuments (file:///C:/Users/rafam/Documents/Rol/Daggerheart/Greg%20Mach/DM%20Stuff/Foundry%20daggerheart/Foundry-daggerheart/Portable-FoundryVTT-v13.348/App/resources/app/dist/database/backend/server-document.mjs:1:2782)","timestamp":"2026-02-05 20:19:20"}
{"level":"error","message":"An error occurred during the migration of Item record [Ged0aJhY72BoED19] of database \"daggerheart-advmanager.all-features\":\nError: Documents from a core version newer than the running version cannot be migrated\n    at Function._migrateRecord (file:///C:/Users/rafam/Documents/Rol/Daggerheart/Greg%20Mach/DM%20Stuff/Foundry%20daggerheart/Foundry-daggerheart/Portable-FoundryVTT-v13.348/App/resources/app/dist/database/backend/server-document.mjs:1:3713)\n    at Function._migrateDocuments (file:///C:/Users/rafam/Documents/Rol/Daggerheart/Greg%20Mach/DM%20Stuff/Foundry%20daggerheart/Foundry-daggerheart/Portable-FoundryVTT-v13.348/App/resources/app/dist/database/backend/server-document.mjs:1:2782)","timestamp":"2026-02-05 20:19:20"}
{"level":"error","message":"An error occurred during the migration of Item record [Gg6W60iuSJbQsrEt] of database \"daggerheart-advmanager.all-features\":\nError: Documents from a core version newer than the running version cannot be migrated\n    at Function._migrateRecord (file:///C:/Users/rafam/Documents/Rol/Daggerheart/Greg%20Mach/DM%20Stuff/Foundry%20daggerheart/Foundry-daggerheart/Portable-FoundryVTT-v13.348/App/resources/app/dist/database/backend/server-document.mjs:1:3713)\n    at Function._migrateDocuments (file:///C:/Users/rafam/Documents/Rol/Daggerheart/Greg%20Mach/DM%20Stuff/Foundry%20daggerheart/Foundry-daggerheart/Portable-FoundryVTT-v13.348/App/resources/app/dist/database/backend/server-document.mjs:1:2782)","timestamp":"2026-02-05 20:19:20"}
{"level":"error","message":"An error occurred during the migration of Item record [Gv79NSauQsF2Nvek] of database \"daggerheart-advmanager.all-features\":\nError: Documents from a core version newer than the running version cannot be migrated\n    at Function._migrateRecord (file:///C:/Users/rafam/Documents/Rol/Daggerheart/Greg%20Mach/DM%20Stuff/Foundry%20daggerheart/Foundry-daggerheart/Portable-FoundryVTT-v13.348/App/resources/app/dist/database/backend/server-document.mjs:1:3713)\n    at Function._migrateDocuments (file:///C:/Users/rafam/Documents/Rol/Daggerheart/Greg%20Mach/DM%20Stuff/Foundry%20daggerheart/Foundry-daggerheart/Portable-FoundryVTT-v13.348/App/resources/app/dist/database/backend/server-document.mjs:1:2782)","timestamp":"2026-02-05 20:19:20"}
{"level":"error","message":"An error occurred during the migration of Item record [Gwe6XS0lpz8jmo62] of database \"daggerheart-advmanager.all-features\":\nError: Documents from a core version newer than the running version cannot be migrated\n    at Function._migrateRecord (file:///C:/Users/rafam/Documents/Rol/Daggerheart/Greg%20Mach/DM%20Stuff/Foundry%20daggerheart/Foundry-daggerheart/Portable-FoundryVTT-v13.348/App/resources/app/dist/database/backend/server-document.mjs:1:3713)\n    at Function._migrateDocuments (file:///C:/Users/rafam/Documents/Rol/Daggerheart/Greg%20Mach/DM%20Stuff/Foundry%20daggerheart/Foundry-daggerheart/Portable-FoundryVTT-v13.348/App/resources/app/dist/database/backend/server-document.mjs:1:2782)","timestamp":"2026-02-05 20:19:20"}
{"level":"error","message":"An error occurred during the migration of Item record [H2dV1hh2fHdbovvl] of database \"daggerheart-advmanager.all-features\":\nError: Documents from a core version newer than the running version cannot be migrated\n    at Function._migrateRecord (file:///C:/Users/rafam/Documents/Rol/Daggerheart/Greg%20Mach/DM%20Stuff/Foundry%20daggerheart/Foundry-daggerheart/Portable-FoundryVTT-v13.348/App/resources/app/dist/database/backend/server-document.mjs:1:3713)\n    at Function._migrateDocuments (file:///C:/Users/rafam/Documents/Rol/Daggerheart/Greg%20Mach/DM%20Stuff/Foundry%20daggerheart/Foundry-daggerheart/Portable-FoundryVTT-v13.348/App/resources/app/dist/database/backend/server-document.mjs:1:2782)","timestamp":"2026-02-05 20:19:20"}
{"level":"error","message":"An error occurred during the migration of Item record [H7Mxh9FZET8lVHGk] of database \"daggerheart-advmanager.all-features\":\nError: Documents from a core version newer than the running version cannot be migrated\n    at Function._migrateRecord (file:///C:/Users/rafam/Documents/Rol/Daggerheart/Greg%20Mach/DM%20Stuff/Foundry%20daggerheart/Foundry-daggerheart/Portable-FoundryVTT-v13.348/App/resources/app/dist/database/backend/server-document.mjs:1:3713)\n    at Function._migrateDocuments (file:///C:/Users/rafam/Documents/Rol/Daggerheart/Greg%20Mach/DM%20Stuff/Foundry%20daggerheart/Foundry-daggerheart/Portable-FoundryVTT-v13.348/App/resources/app/dist/database/backend/server-document.mjs:1:2782)","timestamp":"2026-02-05 20:19:20"}
{"level":"error","message":"An error occurred during the migration of Item record [HDauBa6CJgDougji] of database \"daggerheart-advmanager.all-features\":\nError: Documents from a core version newer than the running version cannot be migrated\n    at Function._migrateRecord (file:///C:/Users/rafam/Documents/Rol/Daggerheart/Greg%20Mach/DM%20Stuff/Foundry%20daggerheart/Foundry-daggerheart/Portable-FoundryVTT-v13.348/App/resources/app/dist/database/backend/server-document.mjs:1:3713)\n    at Function._migrateDocuments (file:///C:/Users/rafam/Documents/Rol/Daggerheart/Greg%20Mach/DM%20Stuff/Foundry%20daggerheart/Foundry-daggerheart/Portable-FoundryVTT-v13.348/App/resources/app/dist/database/backend/server-document.mjs:1:2782)","timestamp":"2026-02-05 20:19:20"}
{"level":"error","message":"An error occurred during the migration of Item record [HJLa1bwR2BIemejP] of database \"daggerheart-advmanager.all-features\":\nError: Documents from a core version newer than the running version cannot be migrated\n    at Function._migrateRecord (file:///C:/Users/rafam/Documents/Rol/Daggerheart/Greg%20Mach/DM%20Stuff/Foundry%20daggerheart/Foundry-daggerheart/Portable-FoundryVTT-v13.348/App/resources/app/dist/database/backend/server-document.mjs:1:3713)\n    at Function._migrateDocuments (file:///C:/Users/rafam/Documents/Rol/Daggerheart/Greg%20Mach/DM%20Stuff/Foundry%20daggerheart/Foundry-daggerheart/Portable-FoundryVTT-v13.348/App/resources/app/dist/database/backend/server-document.mjs:1:2782)","timestamp":"2026-02-05 20:19:20"}
{"level":"error","message":"An error occurred during the migration of Item record [HftbEMimWYmNhqLM] of database \"daggerheart-advmanager.all-features\":\nError: Documents from a core version newer than the running version cannot be migrated\n    at Function._migrateRecord (file:///C:/Users/rafam/Documents/Rol/Daggerheart/Greg%20Mach/DM%20Stuff/Foundry%20daggerheart/Foundry-daggerheart/Portable-FoundryVTT-v13.348/App/resources/app/dist/database/backend/server-document.mjs:1:3713)\n    at Function._migrateDocuments (file:///C:/Users/rafam/Documents/Rol/Daggerheart/Greg%20Mach/DM%20Stuff/Foundry%20daggerheart/Foundry-daggerheart/Portable-FoundryVTT-v13.348/App/resources/app/dist/database/backend/server-document.mjs:1:2782)","timestamp":"2026-02-05 20:19:20"}
{"level":"error","message":"An error occurred during the migration of Item record [I5iN1aZ2ewPbPrCC] of database \"daggerheart-advmanager.all-features\":\nError: Documents from a core version newer than the running version cannot be migrated\n    at Function._migrateRecord (file:///C:/Users/rafam/Documents/Rol/Daggerheart/Greg%20Mach/DM%20Stuff/Foundry%20daggerheart/Foundry-daggerheart/Portable-FoundryVTT-v13.348/App/resources/app/dist/database/backend/server-document.mjs:1:3713)\n    at Function._migrateDocuments (file:///C:/Users/rafam/Documents/Rol/Daggerheart/Greg%20Mach/DM%20Stuff/Foundry%20daggerheart/Foundry-daggerheart/Portable-FoundryVTT-v13.348/App/resources/app/dist/database/backend/server-document.mjs:1:2782)","timestamp":"2026-02-05 20:19:20"}
{"level":"error","message":"An error occurred during the migration of Item record [IH6AlPrcup8kHQWn] of database \"daggerheart-advmanager.all-features\":\nError: Documents from a core version newer than the running version cannot be migrated\n    at Function._migrateRecord (file:///C:/Users/rafam/Documents/Rol/Daggerheart/Greg%20Mach/DM%20Stuff/Foundry%20daggerheart/Foundry-daggerheart/Portable-FoundryVTT-v13.348/App/resources/app/dist/database/backend/server-document.mjs:1:3713)\n    at Function._migrateDocuments (file:///C:/Users/rafam/Documents/Rol/Daggerheart/Greg%20Mach/DM%20Stuff/Foundry%20daggerheart/Foundry-daggerheart/Portable-FoundryVTT-v13.348/App/resources/app/dist/database/backend/server-document.mjs:1:2782)","timestamp":"2026-02-05 20:19:20"}
{"level":"error","message":"An error occurred during the migration of Item record [IH9jQMT1jr3PHd81] of database \"daggerheart-advmanager.all-features\":\nError: Documents from a core version newer than the running version cannot be migrated\n    at Function._migrateRecord (file:///C:/Users/rafam/Documents/Rol/Daggerheart/Greg%20Mach/DM%20Stuff/Foundry%20daggerheart/Foundry-daggerheart/Portable-FoundryVTT-v13.348/App/resources/app/dist/database/backend/server-document.mjs:1:3713)\n    at Function._migrateDocuments (file:///C:/Users/rafam/Documents/Rol/Daggerheart/Greg%20Mach/DM%20Stuff/Foundry%20daggerheart/Foundry-daggerheart/Portable-FoundryVTT-v13.348/App/resources/app/dist/database/backend/server-document.mjs:1:2782)","timestamp":"2026-02-05 20:19:20"}
{"level":"error","message":"An error occurred during the migration of Item record [IPHfTYny6T2T0A3o] of database \"daggerheart-advmanager.all-features\":\nError: Documents from a core version newer than the running version cannot be migrated\n    at Function._migrateRecord (file:///C:/Users/rafam/Documents/Rol/Daggerheart/Greg%20Mach/DM%20Stuff/Foundry%20daggerheart/Foundry-daggerheart/Portable-FoundryVTT-v13.348/App/resources/app/dist/database/backend/server-document.mjs:1:3713)\n    at Function._migrateDocuments (file:///C:/Users/rafam/Documents/Rol/Daggerheart/Greg%20Mach/DM%20Stuff/Foundry%20daggerheart/Foundry-daggerheart/Portable-FoundryVTT-v13.348/App/resources/app/dist/database/backend/server-document.mjs:1:2782)","timestamp":"2026-02-05 20:19:20"}
{"level":"error","message":"An error occurred during the migration of Item record [IQ5xelz4pKcUUL1o] of database \"daggerheart-advmanager.all-features\":\nError: Documents from a core version newer than the running version cannot be migrated\n    at Function._migrateRecord (file:///C:/Users/rafam/Documents/Rol/Daggerheart/Greg%20Mach/DM%20Stuff/Foundry%20daggerheart/Foundry-daggerheart/Portable-FoundryVTT-v13.348/App/resources/app/dist/database/backend/server-document.mjs:1:3713)\n    at Function._migrateDocuments (file:///C:/Users/rafam/Documents/Rol/Daggerheart/Greg%20Mach/DM%20Stuff/Foundry%20daggerheart/Foundry-daggerheart/Portable-FoundryVTT-v13.348/App/resources/app/dist/database/backend/server-document.mjs:1:2782)","timestamp":"2026-02-05 20:19:20"}
{"level":"error","message":"An error occurred during the migration of Item record [IQmlvPIetorQBLyV] of database \"daggerheart-advmanager.all-features\":\nError: Documents from a core version newer than the running version cannot be migrated\n    at Function._migrateRecord (file:///C:/Users/rafam/Documents/Rol/Daggerheart/Greg%20Mach/DM%20Stuff/Foundry%20daggerheart/Foundry-daggerheart/Portable-FoundryVTT-v13.348/App/resources/app/dist/database/backend/server-document.mjs:1:3713)\n    at Function._migrateDocuments (file:///C:/Users/rafam/Documents/Rol/Daggerheart/Greg%20Mach/DM%20Stuff/Foundry%20daggerheart/Foundry-daggerheart/Portable-FoundryVTT-v13.348/App/resources/app/dist/database/backend/server-document.mjs:1:2782)","timestamp":"2026-02-05 20:19:20"}
{"level":"error","message":"An error occurred during the migration of Item record [IROczB9qVJXufSWd] of database \"daggerheart-advmanager.all-features\":\nError: Documents from a core version newer than the running version cannot be migrated\n    at Function._migrateRecord (file:///C:/Users/rafam/Documents/Rol/Daggerheart/Greg%20Mach/DM%20Stuff/Foundry%20daggerheart/Foundry-daggerheart/Portable-FoundryVTT-v13.348/App/resources/app/dist/database/backend/server-document.mjs:1:3713)\n    at Function._migrateDocuments (file:///C:/Users/rafam/Documents/Rol/Daggerheart/Greg%20Mach/DM%20Stuff/Foundry%20daggerheart/Foundry-daggerheart/Portable-FoundryVTT-v13.348/App/resources/app/dist/database/backend/server-document.mjs:1:2782)","timestamp":"2026-02-05 20:19:20"}
{"level":"error","message":"An error occurred during the migration of Item record [IToarm2sXk4me2xA] of database \"daggerheart-advmanager.all-features\":\nError: Documents from a core version newer than the running version cannot be migrated\n    at Function._migrateRecord (file:///C:/Users/rafam/Documents/Rol/Daggerheart/Greg%20Mach/DM%20Stuff/Foundry%20daggerheart/Foundry-daggerheart/Portable-FoundryVTT-v13.348/App/resources/app/dist/database/backend/server-document.mjs:1:3713)\n    at Function._migrateDocuments (file:///C:/Users/rafam/Documents/Rol/Daggerheart/Greg%20Mach/DM%20Stuff/Foundry%20daggerheart/Foundry-daggerheart/Portable-FoundryVTT-v13.348/App/resources/app/dist/database/backend/server-document.mjs:1:2782)","timestamp":"2026-02-05 20:19:20"}
{"level":"error","message":"An error occurred during the migration of Item record [ITtpKOl3RCsaCHzg] of database \"daggerheart-advmanager.all-features\":\nError: Documents from a core version newer than the running version cannot be migrated\n    at Function._migrateRecord (file:///C:/Users/rafam/Documents/Rol/Daggerheart/Greg%20Mach/DM%20Stuff/Foundry%20daggerheart/Foundry-daggerheart/Portable-FoundryVTT-v13.348/App/resources/app/dist/database/backend/server-document.mjs:1:3713)\n    at Function._migrateDocuments (file:///C:/Users/rafam/Documents/Rol/Daggerheart/Greg%20Mach/DM%20Stuff/Foundry%20daggerheart/Foundry-daggerheart/Portable-FoundryVTT-v13.348/App/resources/app/dist/database/backend/server-document.mjs:1:2782)","timestamp":"2026-02-05 20:19:20"}
{"level":"error","message":"An error occurred during the migration of Item record [Ibic2ozHHY8SqSYc] of database \"daggerheart-advmanager.all-features\":\nError: Documents from a core version newer than the running version cannot be migrated\n    at Function._migrateRecord (file:///C:/Users/rafam/Documents/Rol/Daggerheart/Greg%20Mach/DM%20Stuff/Foundry%20daggerheart/Foundry-daggerheart/Portable-FoundryVTT-v13.348/App/resources/app/dist/database/backend/server-document.mjs:1:3713)\n    at Function._migrateDocuments (file:///C:/Users/rafam/Documents/Rol/Daggerheart/Greg%20Mach/DM%20Stuff/Foundry%20daggerheart/Foundry-daggerheart/Portable-FoundryVTT-v13.348/App/resources/app/dist/database/backend/server-document.mjs:1:2782)","timestamp":"2026-02-05 20:19:20"}
{"level":"error","message":"An error occurred during the migration of Item record [IcINLNXrvEfWcygz] of database \"daggerheart-advmanager.all-features\":\nError: Documents from a core version newer than the running version cannot be migrated\n    at Function._migrateRecord (file:///C:/Users/rafam/Documents/Rol/Daggerheart/Greg%20Mach/DM%20Stuff/Foundry%20daggerheart/Foundry-daggerheart/Portable-FoundryVTT-v13.348/App/resources/app/dist/database/backend/server-document.mjs:1:3713)\n    at Function._migrateDocuments (file:///C:/Users/rafam/Documents/Rol/Daggerheart/Greg%20Mach/DM%20Stuff/Foundry%20daggerheart/Foundry-daggerheart/Portable-FoundryVTT-v13.348/App/resources/app/dist/database/backend/server-document.mjs:1:2782)","timestamp":"2026-02-05 20:19:20"}
{"level":"error","message":"An error occurred during the migration of Item record [Ik64dJDmV5X1aAmL] of database \"daggerheart-advmanager.all-features\":\nError: Documents from a core version newer than the running version cannot be migrated\n    at Function._migrateRecord (file:///C:/Users/rafam/Documents/Rol/Daggerheart/Greg%20Mach/DM%20Stuff/Foundry%20daggerheart/Foundry-daggerheart/Portable-FoundryVTT-v13.348/App/resources/app/dist/database/backend/server-document.mjs:1:3713)\n    at Function._migrateDocuments (file:///C:/Users/rafam/Documents/Rol/Daggerheart/Greg%20Mach/DM%20Stuff/Foundry%20daggerheart/Foundry-daggerheart/Portable-FoundryVTT-v13.348/App/resources/app/dist/database/backend/server-document.mjs:1:2782)","timestamp":"2026-02-05 20:19:20"}
{"level":"error","message":"An error occurred during the migration of Item record [Jjmaq9uzb25zLwb7] of database \"daggerheart-advmanager.all-features\":\nError: Documents from a core version newer than the running version cannot be migrated\n    at Function._migrateRecord (file:///C:/Users/rafam/Documents/Rol/Daggerheart/Greg%20Mach/DM%20Stuff/Foundry%20daggerheart/Foundry-daggerheart/Portable-FoundryVTT-v13.348/App/resources/app/dist/database/backend/server-document.mjs:1:3713)\n    at Function._migrateDocuments (file:///C:/Users/rafam/Documents/Rol/Daggerheart/Greg%20Mach/DM%20Stuff/Foundry%20daggerheart/Foundry-daggerheart/Portable-FoundryVTT-v13.348/App/resources/app/dist/database/backend/server-document.mjs:1:2782)","timestamp":"2026-02-05 20:19:20"}
{"level":"error","message":"An error occurred during the migration of Item record [KCnB4lMi2IgyECGB] of database \"daggerheart-advmanager.all-features\":\nError: Documents from a core version newer than the running version cannot be migrated\n    at Function._migrateRecord (file:///C:/Users/rafam/Documents/Rol/Daggerheart/Greg%20Mach/DM%20Stuff/Foundry%20daggerheart/Foundry-daggerheart/Portable-FoundryVTT-v13.348/App/resources/app/dist/database/backend/server-document.mjs:1:3713)\n    at Function._migrateDocuments (file:///C:/Users/rafam/Documents/Rol/Daggerheart/Greg%20Mach/DM%20Stuff/Foundry%20daggerheart/Foundry-daggerheart/Portable-FoundryVTT-v13.348/App/resources/app/dist/database/backend/server-document.mjs:1:2782)","timestamp":"2026-02-05 20:19:20"}
{"level":"error","message":"An error occurred during the migration of Item record [KGNCNqTPSN2FNCXS] of database \"daggerheart-advmanager.all-features\":\nError: Documents from a core version newer than the running version cannot be migrated\n    at Function._migrateRecord (file:///C:/Users/rafam/Documents/Rol/Daggerheart/Greg%20Mach/DM%20Stuff/Foundry%20daggerheart/Foundry-daggerheart/Portable-FoundryVTT-v13.348/App/resources/app/dist/database/backend/server-document.mjs:1:3713)\n    at Function._migrateDocuments (file:///C:/Users/rafam/Documents/Rol/Daggerheart/Greg%20Mach/DM%20Stuff/Foundry%20daggerheart/Foundry-daggerheart/Portable-FoundryVTT-v13.348/App/resources/app/dist/database/backend/server-document.mjs:1:2782)","timestamp":"2026-02-05 20:19:20"}
{"level":"error","message":"An error occurred during the migration of Item record [KcK285rrQJbIZovV] of database \"daggerheart-advmanager.all-features\":\nError: Documents from a core version newer than the running version cannot be migrated\n    at Function._migrateRecord (file:///C:/Users/rafam/Documents/Rol/Daggerheart/Greg%20Mach/DM%20Stuff/Foundry%20daggerheart/Foundry-daggerheart/Portable-FoundryVTT-v13.348/App/resources/app/dist/database/backend/server-document.mjs:1:3713)\n    at Function._migrateDocuments (file:///C:/Users/rafam/Documents/Rol/Daggerheart/Greg%20Mach/DM%20Stuff/Foundry%20daggerheart/Foundry-daggerheart/Portable-FoundryVTT-v13.348/App/resources/app/dist/database/backend/server-document.mjs:1:2782)","timestamp":"2026-02-05 20:19:20"}
{"level":"error","message":"An error occurred during the migration of Item record [KhbkLKjHKhvy3Wmd] of database \"daggerheart-advmanager.all-features\":\nError: Documents from a core version newer than the running version cannot be migrated\n    at Function._migrateRecord (file:///C:/Users/rafam/Documents/Rol/Daggerheart/Greg%20Mach/DM%20Stuff/Foundry%20daggerheart/Foundry-daggerheart/Portable-FoundryVTT-v13.348/App/resources/app/dist/database/backend/server-document.mjs:1:3713)\n    at Function._migrateDocuments (file:///C:/Users/rafam/Documents/Rol/Daggerheart/Greg%20Mach/DM%20Stuff/Foundry%20daggerheart/Foundry-daggerheart/Portable-FoundryVTT-v13.348/App/resources/app/dist/database/backend/server-document.mjs:1:2782)","timestamp":"2026-02-05 20:19:20"}
{"level":"error","message":"An error occurred during the migration of Item record [KzPQpC2EdMZfcMyP] of database \"daggerheart-advmanager.all-features\":\nError: Documents from a core version newer than the running version cannot be migrated\n    at Function._migrateRecord (file:///C:/Users/rafam/Documents/Rol/Daggerheart/Greg%20Mach/DM%20Stuff/Foundry%20daggerheart/Foundry-daggerheart/Portable-FoundryVTT-v13.348/App/resources/app/dist/database/backend/server-document.mjs:1:3713)\n    at Function._migrateDocuments (file:///C:/Users/rafam/Documents/Rol/Daggerheart/Greg%20Mach/DM%20Stuff/Foundry%20daggerheart/Foundry-daggerheart/Portable-FoundryVTT-v13.348/App/resources/app/dist/database/backend/server-document.mjs:1:2782)","timestamp":"2026-02-05 20:19:20"}
{"level":"error","message":"An error occurred during the migration of Item record [LBRoF3qsXDUXnxIr] of database \"daggerheart-advmanager.all-features\":\nError: Documents from a core version newer than the running version cannot be migrated\n    at Function._migrateRecord (file:///C:/Users/rafam/Documents/Rol/Daggerheart/Greg%20Mach/DM%20Stuff/Foundry%20daggerheart/Foundry-daggerheart/Portable-FoundryVTT-v13.348/App/resources/app/dist/database/backend/server-document.mjs:1:3713)\n    at Function._migrateDocuments (file:///C:/Users/rafam/Documents/Rol/Daggerheart/Greg%20Mach/DM%20Stuff/Foundry%20daggerheart/Foundry-daggerheart/Portable-FoundryVTT-v13.348/App/resources/app/dist/database/backend/server-document.mjs:1:2782)","timestamp":"2026-02-05 20:19:20"}
{"level":"error","message":"An error occurred during the migration of Item record [LLVpHQgyPouwfA6D] of database \"daggerheart-advmanager.all-features\":\nError: Documents from a core version newer than the running version cannot be migrated\n    at Function._migrateRecord (file:///C:/Users/rafam/Documents/Rol/Daggerheart/Greg%20Mach/DM%20Stuff/Foundry%20daggerheart/Foundry-daggerheart/Portable-FoundryVTT-v13.348/App/resources/app/dist/database/backend/server-document.mjs:1:3713)\n    at Function._migrateDocuments (file:///C:/Users/rafam/Documents/Rol/Daggerheart/Greg%20Mach/DM%20Stuff/Foundry%20daggerheart/Foundry-daggerheart/Portable-FoundryVTT-v13.348/App/resources/app/dist/database/backend/server-document.mjs:1:2782)","timestamp":"2026-02-05 20:19:20"}
{"level":"error","message":"An error occurred during the migration of Item record [LbRYVvKutKCywJQh] of database \"daggerheart-advmanager.all-features\":\nError: Documents from a core version newer than the running version cannot be migrated\n    at Function._migrateRecord (file:///C:/Users/rafam/Documents/Rol/Daggerheart/Greg%20Mach/DM%20Stuff/Foundry%20daggerheart/Foundry-daggerheart/Portable-FoundryVTT-v13.348/App/resources/app/dist/database/backend/server-document.mjs:1:3713)\n    at Function._migrateDocuments (file:///C:/Users/rafam/Documents/Rol/Daggerheart/Greg%20Mach/DM%20Stuff/Foundry%20daggerheart/Foundry-daggerheart/Portable-FoundryVTT-v13.348/App/resources/app/dist/database/backend/server-document.mjs:1:2782)","timestamp":"2026-02-05 20:19:20"}
{"level":"error","message":"An error occurred during the migration of Item record [LeJR0QIuWkc3YmOY] of database \"daggerheart-advmanager.all-features\":\nError: Documents from a core version newer than the running version cannot be migrated\n    at Function._migrateRecord (file:///C:/Users/rafam/Documents/Rol/Daggerheart/Greg%20Mach/DM%20Stuff/Foundry%20daggerheart/Foundry-daggerheart/Portable-FoundryVTT-v13.348/App/resources/app/dist/database/backend/server-document.mjs:1:3713)\n    at Function._migrateDocuments (file:///C:/Users/rafam/Documents/Rol/Daggerheart/Greg%20Mach/DM%20Stuff/Foundry%20daggerheart/Foundry-daggerheart/Portable-FoundryVTT-v13.348/App/resources/app/dist/database/backend/server-document.mjs:1:2782)","timestamp":"2026-02-05 20:19:20"}
{"level":"error","message":"An error occurred during the migration of Item record [Lw0fd85r4ztV5XPc] of database \"daggerheart-advmanager.all-features\":\nError: Documents from a core version newer than the running version cannot be migrated\n    at Function._migrateRecord (file:///C:/Users/rafam/Documents/Rol/Daggerheart/Greg%20Mach/DM%20Stuff/Foundry%20daggerheart/Foundry-daggerheart/Portable-FoundryVTT-v13.348/App/resources/app/dist/database/backend/server-document.mjs:1:3713)\n    at Function._migrateDocuments (file:///C:/Users/rafam/Documents/Rol/Daggerheart/Greg%20Mach/DM%20Stuff/Foundry%20daggerheart/Foundry-daggerheart/Portable-FoundryVTT-v13.348/App/resources/app/dist/database/backend/server-document.mjs:1:2782)","timestamp":"2026-02-05 20:19:20"}
{"level":"error","message":"An error occurred during the migration of Item record [M7kIA4fBsYwLSE9Y] of database \"daggerheart-advmanager.all-features\":\nError: Documents from a core version newer than the running version cannot be migrated\n    at Function._migrateRecord (file:///C:/Users/rafam/Documents/Rol/Daggerheart/Greg%20Mach/DM%20Stuff/Foundry%20daggerheart/Foundry-daggerheart/Portable-FoundryVTT-v13.348/App/resources/app/dist/database/backend/server-document.mjs:1:3713)\n    at Function._migrateDocuments (file:///C:/Users/rafam/Documents/Rol/Daggerheart/Greg%20Mach/DM%20Stuff/Foundry%20daggerheart/Foundry-daggerheart/Portable-FoundryVTT-v13.348/App/resources/app/dist/database/backend/server-document.mjs:1:2782)","timestamp":"2026-02-05 20:19:20"}
{"level":"error","message":"An error occurred during the migration of Item record [MIm5CVpsP9otTL7C] of database \"daggerheart-advmanager.all-features\":\nError: Documents from a core version newer than the running version cannot be migrated\n    at Function._migrateRecord (file:///C:/Users/rafam/Documents/Rol/Daggerheart/Greg%20Mach/DM%20Stuff/Foundry%20daggerheart/Foundry-daggerheart/Portable-FoundryVTT-v13.348/App/resources/app/dist/database/backend/server-document.mjs:1:3713)\n    at Function._migrateDocuments (file:///C:/Users/rafam/Documents/Rol/Daggerheart/Greg%20Mach/DM%20Stuff/Foundry%20daggerheart/Foundry-daggerheart/Portable-FoundryVTT-v13.348/App/resources/app/dist/database/backend/server-document.mjs:1:2782)","timestamp":"2026-02-05 20:19:20"}
{"level":"error","message":"An error occurred during the migration of Item record [MQmvG0Q04CMX6c33] of database \"daggerheart-advmanager.all-features\":\nError: Documents from a core version newer than the running version cannot be migrated\n    at Function._migrateRecord (file:///C:/Users/rafam/Documents/Rol/Daggerheart/Greg%20Mach/DM%20Stuff/Foundry%20daggerheart/Foundry-daggerheart/Portable-FoundryVTT-v13.348/App/resources/app/dist/database/backend/server-document.mjs:1:3713)\n    at Function._migrateDocuments (file:///C:/Users/rafam/Documents/Rol/Daggerheart/Greg%20Mach/DM%20Stuff/Foundry%20daggerheart/Foundry-daggerheart/Portable-FoundryVTT-v13.348/App/resources/app/dist/database/backend/server-document.mjs:1:2782)","timestamp":"2026-02-05 20:19:20"}
{"level":"error","message":"An error occurred during the migration of Item record [MgQzdz3eYT0Syr6p] of database \"daggerheart-advmanager.all-features\":\nError: Documents from a core version newer than the running version cannot be migrated\n    at Function._migrateRecord (file:///C:/Users/rafam/Documents/Rol/Daggerheart/Greg%20Mach/DM%20Stuff/Foundry%20daggerheart/Foundry-daggerheart/Portable-FoundryVTT-v13.348/App/resources/app/dist/database/backend/server-document.mjs:1:3713)\n    at Function._migrateDocuments (file:///C:/Users/rafam/Documents/Rol/Daggerheart/Greg%20Mach/DM%20Stuff/Foundry%20daggerheart/Foundry-daggerheart/Portable-FoundryVTT-v13.348/App/resources/app/dist/database/backend/server-document.mjs:1:2782)","timestamp":"2026-02-05 20:19:20"}
{"level":"error","message":"An error occurred during the migration of Item record [Mt0MHiDuFrmTITGW] of database \"daggerheart-advmanager.all-features\":\nError: Documents from a core version newer than the running version cannot be migrated\n    at Function._migrateRecord (file:///C:/Users/rafam/Documents/Rol/Daggerheart/Greg%20Mach/DM%20Stuff/Foundry%20daggerheart/Foundry-daggerheart/Portable-FoundryVTT-v13.348/App/resources/app/dist/database/backend/server-document.mjs:1:3713)\n    at Function._migrateDocuments (file:///C:/Users/rafam/Documents/Rol/Daggerheart/Greg%20Mach/DM%20Stuff/Foundry%20daggerheart/Foundry-daggerheart/Portable-FoundryVTT-v13.348/App/resources/app/dist/database/backend/server-document.mjs:1:2782)","timestamp":"2026-02-05 20:19:20"}
{"level":"error","message":"An error occurred during the migration of Item record [MxaVgAjZUMIGXvnI] of database \"daggerheart-advmanager.all-features\":\nError: Documents from a core version newer than the running version cannot be migrated\n    at Function._migrateRecord (file:///C:/Users/rafam/Documents/Rol/Daggerheart/Greg%20Mach/DM%20Stuff/Foundry%20daggerheart/Foundry-daggerheart/Portable-FoundryVTT-v13.348/App/resources/app/dist/database/backend/server-document.mjs:1:3713)\n    at Function._migrateDocuments (file:///C:/Users/rafam/Documents/Rol/Daggerheart/Greg%20Mach/DM%20Stuff/Foundry%20daggerheart/Foundry-daggerheart/Portable-FoundryVTT-v13.348/App/resources/app/dist/database/backend/server-document.mjs:1:2782)","timestamp":"2026-02-05 20:19:20"}
{"level":"error","message":"An error occurred during the migration of Item record [N1gcSe5nKXypTa9h] of database \"daggerheart-advmanager.all-features\":\nError: Documents from a core version newer than the running version cannot be migrated\n    at Function._migrateRecord (file:///C:/Users/rafam/Documents/Rol/Daggerheart/Greg%20Mach/DM%20Stuff/Foundry%20daggerheart/Foundry-daggerheart/Portable-FoundryVTT-v13.348/App/resources/app/dist/database/backend/server-document.mjs:1:3713)\n    at Function._migrateDocuments (file:///C:/Users/rafam/Documents/Rol/Daggerheart/Greg%20Mach/DM%20Stuff/Foundry%20daggerheart/Foundry-daggerheart/Portable-FoundryVTT-v13.348/App/resources/app/dist/database/backend/server-document.mjs:1:2782)","timestamp":"2026-02-05 20:19:20"}
{"level":"error","message":"An error occurred during the migration of Item record [N3tMseXq8Jyb8gb5] of database \"daggerheart-advmanager.all-features\":\nError: Documents from a core version newer than the running version cannot be migrated\n    at Function._migrateRecord (file:///C:/Users/rafam/Documents/Rol/Daggerheart/Greg%20Mach/DM%20Stuff/Foundry%20daggerheart/Foundry-daggerheart/Portable-FoundryVTT-v13.348/App/resources/app/dist/database/backend/server-document.mjs:1:3713)\n    at Function._migrateDocuments (file:///C:/Users/rafam/Documents/Rol/Daggerheart/Greg%20Mach/DM%20Stuff/Foundry%20daggerheart/Foundry-daggerheart/Portable-FoundryVTT-v13.348/App/resources/app/dist/database/backend/server-document.mjs:1:2782)","timestamp":"2026-02-05 20:19:20"}
{"level":"error","message":"An error occurred during the migration of Item record [N3uRdfk2pz7fIuvY] of database \"daggerheart-advmanager.all-features\":\nError: Documents from a core version newer than the running version cannot be migrated\n    at Function._migrateRecord (file:///C:/Users/rafam/Documents/Rol/Daggerheart/Greg%20Mach/DM%20Stuff/Foundry%20daggerheart/Foundry-daggerheart/Portable-FoundryVTT-v13.348/App/resources/app/dist/database/backend/server-document.mjs:1:3713)\n    at Function._migrateDocuments (file:///C:/Users/rafam/Documents/Rol/Daggerheart/Greg%20Mach/DM%20Stuff/Foundry%20daggerheart/Foundry-daggerheart/Portable-FoundryVTT-v13.348/App/resources/app/dist/database/backend/server-document.mjs:1:2782)","timestamp":"2026-02-05 20:19:20"}
{"level":"error","message":"An error occurred during the migration of Item record [NaWu91GCWquLi4Xv] of database \"daggerheart-advmanager.all-features\":\nError: Documents from a core version newer than the running version cannot be migrated\n    at Function._migrateRecord (file:///C:/Users/rafam/Documents/Rol/Daggerheart/Greg%20Mach/DM%20Stuff/Foundry%20daggerheart/Foundry-daggerheart/Portable-FoundryVTT-v13.348/App/resources/app/dist/database/backend/server-document.mjs:1:3713)\n    at Function._migrateDocuments (file:///C:/Users/rafam/Documents/Rol/Daggerheart/Greg%20Mach/DM%20Stuff/Foundry%20daggerheart/Foundry-daggerheart/Portable-FoundryVTT-v13.348/App/resources/app/dist/database/backend/server-document.mjs:1:2782)","timestamp":"2026-02-05 20:19:20"}
{"level":"error","message":"An error occurred during the migration of Item record [Nrnmw4aMDasH2ixj] of database \"daggerheart-advmanager.all-features\":\nError: Documents from a core version newer than the running version cannot be migrated\n    at Function._migrateRecord (file:///C:/Users/rafam/Documents/Rol/Daggerheart/Greg%20Mach/DM%20Stuff/Foundry%20daggerheart/Foundry-daggerheart/Portable-FoundryVTT-v13.348/App/resources/app/dist/database/backend/server-document.mjs:1:3713)\n    at Function._migrateDocuments (file:///C:/Users/rafam/Documents/Rol/Daggerheart/Greg%20Mach/DM%20Stuff/Foundry%20daggerheart/Foundry-daggerheart/Portable-FoundryVTT-v13.348/App/resources/app/dist/database/backend/server-document.mjs:1:2782)","timestamp":"2026-02-05 20:19:20"}
{"level":"error","message":"An error occurred during the migration of Item record [NwpSrTkSsEbr2STq] of database \"daggerheart-advmanager.all-features\":\nError: Documents from a core version newer than the running version cannot be migrated\n    at Function._migrateRecord (file:///C:/Users/rafam/Documents/Rol/Daggerheart/Greg%20Mach/DM%20Stuff/Foundry%20daggerheart/Foundry-daggerheart/Portable-FoundryVTT-v13.348/App/resources/app/dist/database/backend/server-document.mjs:1:3713)\n    at Function._migrateDocuments (file:///C:/Users/rafam/Documents/Rol/Daggerheart/Greg%20Mach/DM%20Stuff/Foundry%20daggerheart/Foundry-daggerheart/Portable-FoundryVTT-v13.348/App/resources/app/dist/database/backend/server-document.mjs:1:2782)","timestamp":"2026-02-05 20:19:20"}
{"level":"error","message":"An error occurred during the migration of Item record [O6E2bLlMEF6Trmnm] of database \"daggerheart-advmanager.all-features\":\nError: Documents from a core version newer than the running version cannot be migrated\n    at Function._migrateRecord (file:///C:/Users/rafam/Documents/Rol/Daggerheart/Greg%20Mach/DM%20Stuff/Foundry%20daggerheart/Foundry-daggerheart/Portable-FoundryVTT-v13.348/App/resources/app/dist/database/backend/server-document.mjs:1:3713)\n    at Function._migrateDocuments (file:///C:/Users/rafam/Documents/Rol/Daggerheart/Greg%20Mach/DM%20Stuff/Foundry%20daggerheart/Foundry-daggerheart/Portable-FoundryVTT-v13.348/App/resources/app/dist/database/backend/server-document.mjs:1:2782)","timestamp":"2026-02-05 20:19:20"}
{"level":"error","message":"An error occurred during the migration of Item record [OtJZpQrtdgUOo1DY] of database \"daggerheart-advmanager.all-features\":\nError: Documents from a core version newer than the running version cannot be migrated\n    at Function._migrateRecord (file:///C:/Users/rafam/Documents/Rol/Daggerheart/Greg%20Mach/DM%20Stuff/Foundry%20daggerheart/Foundry-daggerheart/Portable-FoundryVTT-v13.348/App/resources/app/dist/database/backend/server-document.mjs:1:3713)\n    at Function._migrateDocuments (file:///C:/Users/rafam/Documents/Rol/Daggerheart/Greg%20Mach/DM%20Stuff/Foundry%20daggerheart/Foundry-daggerheart/Portable-FoundryVTT-v13.348/App/resources/app/dist/database/backend/server-document.mjs:1:2782)","timestamp":"2026-02-05 20:19:20"}
{"level":"error","message":"An error occurred during the migration of Item record [PKLC8gUNg0SBkWHb] of database \"daggerheart-advmanager.all-features\":\nError: Documents from a core version newer than the running version cannot be migrated\n    at Function._migrateRecord (file:///C:/Users/rafam/Documents/Rol/Daggerheart/Greg%20Mach/DM%20Stuff/Foundry%20daggerheart/Foundry-daggerheart/Portable-FoundryVTT-v13.348/App/resources/app/dist/database/backend/server-document.mjs:1:3713)\n    at Function._migrateDocuments (file:///C:/Users/rafam/Documents/Rol/Daggerheart/Greg%20Mach/DM%20Stuff/Foundry%20daggerheart/Foundry-daggerheart/Portable-FoundryVTT-v13.348/App/resources/app/dist/database/backend/server-document.mjs:1:2782)","timestamp":"2026-02-05 20:19:20"}
{"level":"error","message":"An error occurred during the migration of Item record [PYxdkIZSJ1px85zy] of database \"daggerheart-advmanager.all-features\":\nError: Documents from a core version newer than the running version cannot be migrated\n    at Function._migrateRecord (file:///C:/Users/rafam/Documents/Rol/Daggerheart/Greg%20Mach/DM%20Stuff/Foundry%20daggerheart/Foundry-daggerheart/Portable-FoundryVTT-v13.348/App/resources/app/dist/database/backend/server-document.mjs:1:3713)\n    at Function._migrateDocuments (file:///C:/Users/rafam/Documents/Rol/Daggerheart/Greg%20Mach/DM%20Stuff/Foundry%20daggerheart/Foundry-daggerheart/Portable-FoundryVTT-v13.348/App/resources/app/dist/database/backend/server-document.mjs:1:2782)","timestamp":"2026-02-05 20:19:20"}
{"level":"error","message":"An error occurred during the migration of Item record [PbQhvtBNIsqAEXal] of database \"daggerheart-advmanager.all-features\":\nError: Documents from a core version newer than the running version cannot be migrated\n    at Function._migrateRecord (file:///C:/Users/rafam/Documents/Rol/Daggerheart/Greg%20Mach/DM%20Stuff/Foundry%20daggerheart/Foundry-daggerheart/Portable-FoundryVTT-v13.348/App/resources/app/dist/database/backend/server-document.mjs:1:3713)\n    at Function._migrateDocuments (file:///C:/Users/rafam/Documents/Rol/Daggerheart/Greg%20Mach/DM%20Stuff/Foundry%20daggerheart/Foundry-daggerheart/Portable-FoundryVTT-v13.348/App/resources/app/dist/database/backend/server-document.mjs:1:2782)","timestamp":"2026-02-05 20:19:20"}
{"level":"error","message":"An error occurred during the migration of Item record [PgbTei2c52pQANW0] of database \"daggerheart-advmanager.all-features\":\nError: Documents from a core version newer than the running version cannot be migrated\n    at Function._migrateRecord (file:///C:/Users/rafam/Documents/Rol/Daggerheart/Greg%20Mach/DM%20Stuff/Foundry%20daggerheart/Foundry-daggerheart/Portable-FoundryVTT-v13.348/App/resources/app/dist/database/backend/server-document.mjs:1:3713)\n    at Function._migrateDocuments (file:///C:/Users/rafam/Documents/Rol/Daggerheart/Greg%20Mach/DM%20Stuff/Foundry%20daggerheart/Foundry-daggerheart/Portable-FoundryVTT-v13.348/App/resources/app/dist/database/backend/server-document.mjs:1:2782)","timestamp":"2026-02-05 20:19:20"}
{"level":"error","message":"An error occurred during the migration of Item record [PiTNnfoVILEHqPdR] of database \"daggerheart-advmanager.all-features\":\nError: Documents from a core version newer than the running version cannot be migrated\n    at Function._migrateRecord (file:///C:/Users/rafam/Documents/Rol/Daggerheart/Greg%20Mach/DM%20Stuff/Foundry%20daggerheart/Foundry-daggerheart/Portable-FoundryVTT-v13.348/App/resources/app/dist/database/backend/server-document.mjs:1:3713)\n    at Function._migrateDocuments (file:///C:/Users/rafam/Documents/Rol/Daggerheart/Greg%20Mach/DM%20Stuff/Foundry%20daggerheart/Foundry-daggerheart/Portable-FoundryVTT-v13.348/App/resources/app/dist/database/backend/server-document.mjs:1:2782)","timestamp":"2026-02-05 20:19:20"}
{"level":"error","message":"An error occurred during the migration of Item record [Pzg6euNGZxkVdUQI] of database \"daggerheart-advmanager.all-features\":\nError: Documents from a core version newer than the running version cannot be migrated\n    at Function._migrateRecord (file:///C:/Users/rafam/Documents/Rol/Daggerheart/Greg%20Mach/DM%20Stuff/Foundry%20daggerheart/Foundry-daggerheart/Portable-FoundryVTT-v13.348/App/resources/app/dist/database/backend/server-document.mjs:1:3713)\n    at Function._migrateDocuments (file:///C:/Users/rafam/Documents/Rol/Daggerheart/Greg%20Mach/DM%20Stuff/Foundry%20daggerheart/Foundry-daggerheart/Portable-FoundryVTT-v13.348/App/resources/app/dist/database/backend/server-document.mjs:1:2782)","timestamp":"2026-02-05 20:19:20"}
{"level":"error","message":"An error occurred during the migration of Item record [Q8DvMwwH1sD92Bqj] of database \"daggerheart-advmanager.all-features\":\nError: Documents from a core version newer than the running version cannot be migrated\n    at Function._migrateRecord (file:///C:/Users/rafam/Documents/Rol/Daggerheart/Greg%20Mach/DM%20Stuff/Foundry%20daggerheart/Foundry-daggerheart/Portable-FoundryVTT-v13.348/App/resources/app/dist/database/backend/server-document.mjs:1:3713)\n    at Function._migrateDocuments (file:///C:/Users/rafam/Documents/Rol/Daggerheart/Greg%20Mach/DM%20Stuff/Foundry%20daggerheart/Foundry-daggerheart/Portable-FoundryVTT-v13.348/App/resources/app/dist/database/backend/server-document.mjs:1:2782)","timestamp":"2026-02-05 20:19:20"}
{"level":"error","message":"An error occurred during the migration of Item record [Q94qpJ1sSs9wWLbJ] of database \"daggerheart-advmanager.all-features\":\nError: Documents from a core version newer than the running version cannot be migrated\n    at Function._migrateRecord (file:///C:/Users/rafam/Documents/Rol/Daggerheart/Greg%20Mach/DM%20Stuff/Foundry%20daggerheart/Foundry-daggerheart/Portable-FoundryVTT-v13.348/App/resources/app/dist/database/backend/server-document.mjs:1:3713)\n    at Function._migrateDocuments (file:///C:/Users/rafam/Documents/Rol/Daggerheart/Greg%20Mach/DM%20Stuff/Foundry%20daggerheart/Foundry-daggerheart/Portable-FoundryVTT-v13.348/App/resources/app/dist/database/backend/server-document.mjs:1:2782)","timestamp":"2026-02-05 20:19:20"}
{"level":"error","message":"An error occurred during the migration of Item record [QPsolHrinGMKNbme] of database \"daggerheart-advmanager.all-features\":\nError: Documents from a core version newer than the running version cannot be migrated\n    at Function._migrateRecord (file:///C:/Users/rafam/Documents/Rol/Daggerheart/Greg%20Mach/DM%20Stuff/Foundry%20daggerheart/Foundry-daggerheart/Portable-FoundryVTT-v13.348/App/resources/app/dist/database/backend/server-document.mjs:1:3713)\n    at Function._migrateDocuments (file:///C:/Users/rafam/Documents/Rol/Daggerheart/Greg%20Mach/DM%20Stuff/Foundry%20daggerheart/Foundry-daggerheart/Portable-FoundryVTT-v13.348/App/resources/app/dist/database/backend/server-document.mjs:1:2782)","timestamp":"2026-02-05 20:19:20"}
{"level":"error","message":"An error occurred during the migration of Item record [QTJqa5rkoVHTFzwG] of database \"daggerheart-advmanager.all-features\":\nError: Documents from a core version newer than the running version cannot be migrated\n    at Function._migrateRecord (file:///C:/Users/rafam/Documents/Rol/Daggerheart/Greg%20Mach/DM%20Stuff/Foundry%20daggerheart/Foundry-daggerheart/Portable-FoundryVTT-v13.348/App/resources/app/dist/database/backend/server-document.mjs:1:3713)\n    at Function._migrateDocuments (file:///C:/Users/rafam/Documents/Rol/Daggerheart/Greg%20Mach/DM%20Stuff/Foundry%20daggerheart/Foundry-daggerheart/Portable-FoundryVTT-v13.348/App/resources/app/dist/database/backend/server-document.mjs:1:2782)","timestamp":"2026-02-05 20:19:20"}
{"level":"error","message":"An error occurred during the migration of Item record [QdbdS4fsnF4WypPk] of database \"daggerheart-advmanager.all-features\":\nError: Documents from a core version newer than the running version cannot be migrated\n    at Function._migrateRecord (file:///C:/Users/rafam/Documents/Rol/Daggerheart/Greg%20Mach/DM%20Stuff/Foundry%20daggerheart/Foundry-daggerheart/Portable-FoundryVTT-v13.348/App/resources/app/dist/database/backend/server-document.mjs:1:3713)\n    at Function._migrateDocuments (file:///C:/Users/rafam/Documents/Rol/Daggerheart/Greg%20Mach/DM%20Stuff/Foundry%20daggerheart/Foundry-daggerheart/Portable-FoundryVTT-v13.348/App/resources/app/dist/database/backend/server-document.mjs:1:2782)","timestamp":"2026-02-05 20:19:20"}
{"level":"error","message":"An error occurred during the migration of Item record [Qku9pJndDozxjsEn] of database \"daggerheart-advmanager.all-features\":\nError: Documents from a core version newer than the running version cannot be migrated\n    at Function._migrateRecord (file:///C:/Users/rafam/Documents/Rol/Daggerheart/Greg%20Mach/DM%20Stuff/Foundry%20daggerheart/Foundry-daggerheart/Portable-FoundryVTT-v13.348/App/resources/app/dist/database/backend/server-document.mjs:1:3713)\n    at Function._migrateDocuments (file:///C:/Users/rafam/Documents/Rol/Daggerheart/Greg%20Mach/DM%20Stuff/Foundry%20daggerheart/Foundry-daggerheart/Portable-FoundryVTT-v13.348/App/resources/app/dist/database/backend/server-document.mjs:1:2782)","timestamp":"2026-02-05 20:19:20"}
{"level":"error","message":"An error occurred during the migration of Item record [QuYVDvhCv5jr6NNC] of database \"daggerheart-advmanager.all-features\":\nError: Documents from a core version newer than the running version cannot be migrated\n    at Function._migrateRecord (file:///C:/Users/rafam/Documents/Rol/Daggerheart/Greg%20Mach/DM%20Stuff/Foundry%20daggerheart/Foundry-daggerheart/Portable-FoundryVTT-v13.348/App/resources/app/dist/database/backend/server-document.mjs:1:3713)\n    at Function._migrateDocuments (file:///C:/Users/rafam/Documents/Rol/Daggerheart/Greg%20Mach/DM%20Stuff/Foundry%20daggerheart/Foundry-daggerheart/Portable-FoundryVTT-v13.348/App/resources/app/dist/database/backend/server-document.mjs:1:2782)","timestamp":"2026-02-05 20:19:20"}
{"level":"error","message":"An error occurred during the migration of Item record [R65tWgNe8Z8rRzqJ] of database \"daggerheart-advmanager.all-features\":\nError: Documents from a core version newer than the running version cannot be migrated\n    at Function._migrateRecord (file:///C:/Users/rafam/Documents/Rol/Daggerheart/Greg%20Mach/DM%20Stuff/Foundry%20daggerheart/Foundry-daggerheart/Portable-FoundryVTT-v13.348/App/resources/app/dist/database/backend/server-document.mjs:1:3713)\n    at Function._migrateDocuments (file:///C:/Users/rafam/Documents/Rol/Daggerheart/Greg%20Mach/DM%20Stuff/Foundry%20daggerheart/Foundry-daggerheart/Portable-FoundryVTT-v13.348/App/resources/app/dist/database/backend/server-document.mjs:1:2782)","timestamp":"2026-02-05 20:19:20"}
{"level":"error","message":"An error occurred during the migration of Item record [R8cPfqThWb9Dt6Z4] of database \"daggerheart-advmanager.all-features\":\nError: Documents from a core version newer than the running version cannot be migrated\n    at Function._migrateRecord (file:///C:/Users/rafam/Documents/Rol/Daggerheart/Greg%20Mach/DM%20Stuff/Foundry%20daggerheart/Foundry-daggerheart/Portable-FoundryVTT-v13.348/App/resources/app/dist/database/backend/server-document.mjs:1:3713)\n    at Function._migrateDocuments (file:///C:/Users/rafam/Documents/Rol/Daggerheart/Greg%20Mach/DM%20Stuff/Foundry%20daggerheart/Foundry-daggerheart/Portable-FoundryVTT-v13.348/App/resources/app/dist/database/backend/server-document.mjs:1:2782)","timestamp":"2026-02-05 20:19:20"}
{"level":"error","message":"An error occurred during the migration of Item record [RHXdEukSMWx6nMYS] of database \"daggerheart-advmanager.all-features\":\nError: Documents from a core version newer than the running version cannot be migrated\n    at Function._migrateRecord (file:///C:/Users/rafam/Documents/Rol/Daggerheart/Greg%20Mach/DM%20Stuff/Foundry%20daggerheart/Foundry-daggerheart/Portable-FoundryVTT-v13.348/App/resources/app/dist/database/backend/server-document.mjs:1:3713)\n    at Function._migrateDocuments (file:///C:/Users/rafam/Documents/Rol/Daggerheart/Greg%20Mach/DM%20Stuff/Foundry%20daggerheart/Foundry-daggerheart/Portable-FoundryVTT-v13.348/App/resources/app/dist/database/backend/server-document.mjs:1:2782)","timestamp":"2026-02-05 20:19:20"}
{"level":"error","message":"An error occurred during the migration of Item record [RIgGpEXO4wkHiJj3] of database \"daggerheart-advmanager.all-features\":\nError: Documents from a core version newer than the running version cannot be migrated\n    at Function._migrateRecord (file:///C:/Users/rafam/Documents/Rol/Daggerheart/Greg%20Mach/DM%20Stuff/Foundry%20daggerheart/Foundry-daggerheart/Portable-FoundryVTT-v13.348/App/resources/app/dist/database/backend/server-document.mjs:1:3713)\n    at Function._migrateDocuments (file:///C:/Users/rafam/Documents/Rol/Daggerheart/Greg%20Mach/DM%20Stuff/Foundry%20daggerheart/Foundry-daggerheart/Portable-FoundryVTT-v13.348/App/resources/app/dist/database/backend/server-document.mjs:1:2782)","timestamp":"2026-02-05 20:19:20"}
{"level":"error","message":"An error occurred during the migration of Item record [RNXrmEe7gXKbnPnx] of database \"daggerheart-advmanager.all-features\":\nError: Documents from a core version newer than the running version cannot be migrated\n    at Function._migrateRecord (file:///C:/Users/rafam/Documents/Rol/Daggerheart/Greg%20Mach/DM%20Stuff/Foundry%20daggerheart/Foundry-daggerheart/Portable-FoundryVTT-v13.348/App/resources/app/dist/database/backend/server-document.mjs:1:3713)\n    at Function._migrateDocuments (file:///C:/Users/rafam/Documents/Rol/Daggerheart/Greg%20Mach/DM%20Stuff/Foundry%20daggerheart/Foundry-daggerheart/Portable-FoundryVTT-v13.348/App/resources/app/dist/database/backend/server-document.mjs:1:2782)","timestamp":"2026-02-05 20:19:20"}
{"level":"error","message":"An error occurred during the migration of Item record [RjP2WpbOVtTAWeFz] of database \"daggerheart-advmanager.all-features\":\nError: Documents from a core version newer than the running version cannot be migrated\n    at Function._migrateRecord (file:///C:/Users/rafam/Documents/Rol/Daggerheart/Greg%20Mach/DM%20Stuff/Foundry%20daggerheart/Foundry-daggerheart/Portable-FoundryVTT-v13.348/App/resources/app/dist/database/backend/server-document.mjs:1:3713)\n    at Function._migrateDocuments (file:///C:/Users/rafam/Documents/Rol/Daggerheart/Greg%20Mach/DM%20Stuff/Foundry%20daggerheart/Foundry-daggerheart/Portable-FoundryVTT-v13.348/App/resources/app/dist/database/backend/server-document.mjs:1:2782)","timestamp":"2026-02-05 20:19:20"}
{"level":"error","message":"An error occurred during the migration of Item record [SGF785v7cR93rz5Z] of database \"daggerheart-advmanager.all-features\":\nError: Documents from a core version newer than the running version cannot be migrated\n    at Function._migrateRecord (file:///C:/Users/rafam/Documents/Rol/Daggerheart/Greg%20Mach/DM%20Stuff/Foundry%20daggerheart/Foundry-daggerheart/Portable-FoundryVTT-v13.348/App/resources/app/dist/database/backend/server-document.mjs:1:3713)\n    at Function._migrateDocuments (file:///C:/Users/rafam/Documents/Rol/Daggerheart/Greg%20Mach/DM%20Stuff/Foundry%20daggerheart/Foundry-daggerheart/Portable-FoundryVTT-v13.348/App/resources/app/dist/database/backend/server-document.mjs:1:2782)","timestamp":"2026-02-05 20:19:20"}
{"level":"error","message":"An error occurred during the migration of Item record [SJGsNh7qBrmChfTs] of database \"daggerheart-advmanager.all-features\":\nError: Documents from a core version newer than the running version cannot be migrated\n    at Function._migrateRecord (file:///C:/Users/rafam/Documents/Rol/Daggerheart/Greg%20Mach/DM%20Stuff/Foundry%20daggerheart/Foundry-daggerheart/Portable-FoundryVTT-v13.348/App/resources/app/dist/database/backend/server-document.mjs:1:3713)\n    at Function._migrateDocuments (file:///C:/Users/rafam/Documents/Rol/Daggerheart/Greg%20Mach/DM%20Stuff/Foundry%20daggerheart/Foundry-daggerheart/Portable-FoundryVTT-v13.348/App/resources/app/dist/database/backend/server-document.mjs:1:2782)","timestamp":"2026-02-05 20:19:20"}
{"level":"error","message":"An error occurred during the migration of Item record [SS65tP02XSOoj70B] of database \"daggerheart-advmanager.all-features\":\nError: Documents from a core version newer than the running version cannot be migrated\n    at Function._migrateRecord (file:///C:/Users/rafam/Documents/Rol/Daggerheart/Greg%20Mach/DM%20Stuff/Foundry%20daggerheart/Foundry-daggerheart/Portable-FoundryVTT-v13.348/App/resources/app/dist/database/backend/server-document.mjs:1:3713)\n    at Function._migrateDocuments (file:///C:/Users/rafam/Documents/Rol/Daggerheart/Greg%20Mach/DM%20Stuff/Foundry%20daggerheart/Foundry-daggerheart/Portable-FoundryVTT-v13.348/App/resources/app/dist/database/backend/server-document.mjs:1:2782)","timestamp":"2026-02-05 20:19:20"}
{"level":"error","message":"An error occurred during the migration of Item record [SyWVCI7DU0YNXzYv] of database \"daggerheart-advmanager.all-features\":\nError: Documents from a core version newer than the running version cannot be migrated\n    at Function._migrateRecord (file:///C:/Users/rafam/Documents/Rol/Daggerheart/Greg%20Mach/DM%20Stuff/Foundry%20daggerheart/Foundry-daggerheart/Portable-FoundryVTT-v13.348/App/resources/app/dist/database/backend/server-document.mjs:1:3713)\n    at Function._migrateDocuments (file:///C:/Users/rafam/Documents/Rol/Daggerheart/Greg%20Mach/DM%20Stuff/Foundry%20daggerheart/Foundry-daggerheart/Portable-FoundryVTT-v13.348/App/resources/app/dist/database/backend/server-document.mjs:1:2782)","timestamp":"2026-02-05 20:19:20"}
{"level":"error","message":"An error occurred during the migration of Item record [T2G4QRi0tEdvDEac] of database \"daggerheart-advmanager.all-features\":\nError: Documents from a core version newer than the running version cannot be migrated\n    at Function._migrateRecord (file:///C:/Users/rafam/Documents/Rol/Daggerheart/Greg%20Mach/DM%20Stuff/Foundry%20daggerheart/Foundry-daggerheart/Portable-FoundryVTT-v13.348/App/resources/app/dist/database/backend/server-document.mjs:1:3713)\n    at Function._migrateDocuments (file:///C:/Users/rafam/Documents/Rol/Daggerheart/Greg%20Mach/DM%20Stuff/Foundry%20daggerheart/Foundry-daggerheart/Portable-FoundryVTT-v13.348/App/resources/app/dist/database/backend/server-document.mjs:1:2782)","timestamp":"2026-02-05 20:19:20"}
{"level":"error","message":"An error occurred during the migration of Item record [T5LSAfCeQiyrTbFJ] of database \"daggerheart-advmanager.all-features\":\nError: Documents from a core version newer than the running version cannot be migrated\n    at Function._migrateRecord (file:///C:/Users/rafam/Documents/Rol/Daggerheart/Greg%20Mach/DM%20Stuff/Foundry%20daggerheart/Foundry-daggerheart/Portable-FoundryVTT-v13.348/App/resources/app/dist/database/backend/server-document.mjs:1:3713)\n    at Function._migrateDocuments (file:///C:/Users/rafam/Documents/Rol/Daggerheart/Greg%20Mach/DM%20Stuff/Foundry%20daggerheart/Foundry-daggerheart/Portable-FoundryVTT-v13.348/App/resources/app/dist/database/backend/server-document.mjs:1:2782)","timestamp":"2026-02-05 20:19:20"}
{"level":"error","message":"An error occurred during the migration of Item record [TOknAUuqSg477pYk] of database \"daggerheart-advmanager.all-features\":\nError: Documents from a core version newer than the running version cannot be migrated\n    at Function._migrateRecord (file:///C:/Users/rafam/Documents/Rol/Daggerheart/Greg%20Mach/DM%20Stuff/Foundry%20daggerheart/Foundry-daggerheart/Portable-FoundryVTT-v13.348/App/resources/app/dist/database/backend/server-document.mjs:1:3713)\n    at Function._migrateDocuments (file:///C:/Users/rafam/Documents/Rol/Daggerheart/Greg%20Mach/DM%20Stuff/Foundry%20daggerheart/Foundry-daggerheart/Portable-FoundryVTT-v13.348/App/resources/app/dist/database/backend/server-document.mjs:1:2782)","timestamp":"2026-02-05 20:19:20"}
{"level":"error","message":"An error occurred during the migration of Item record [TYjWNJBOQKqV2d6f] of database \"daggerheart-advmanager.all-features\":\nError: Documents from a core version newer than the running version cannot be migrated\n    at Function._migrateRecord (file:///C:/Users/rafam/Documents/Rol/Daggerheart/Greg%20Mach/DM%20Stuff/Foundry%20daggerheart/Foundry-daggerheart/Portable-FoundryVTT-v13.348/App/resources/app/dist/database/backend/server-document.mjs:1:3713)\n    at Function._migrateDocuments (file:///C:/Users/rafam/Documents/Rol/Daggerheart/Greg%20Mach/DM%20Stuff/Foundry%20daggerheart/Foundry-daggerheart/Portable-FoundryVTT-v13.348/App/resources/app/dist/database/backend/server-document.mjs:1:2782)","timestamp":"2026-02-05 20:19:20"}
{"level":"error","message":"An error occurred during the migration of Item record [U0gnQmG4dDdAlgY8] of database \"daggerheart-advmanager.all-features\":\nError: Documents from a core version newer than the running version cannot be migrated\n    at Function._migrateRecord (file:///C:/Users/rafam/Documents/Rol/Daggerheart/Greg%20Mach/DM%20Stuff/Foundry%20daggerheart/Foundry-daggerheart/Portable-FoundryVTT-v13.348/App/resources/app/dist/database/backend/server-document.mjs:1:3713)\n    at Function._migrateDocuments (file:///C:/Users/rafam/Documents/Rol/Daggerheart/Greg%20Mach/DM%20Stuff/Foundry%20daggerheart/Foundry-daggerheart/Portable-FoundryVTT-v13.348/App/resources/app/dist/database/backend/server-document.mjs:1:2782)","timestamp":"2026-02-05 20:19:20"}
{"level":"error","message":"An error occurred during the migration of Item record [U8VLuvXlAgmIHjc0] of database \"daggerheart-advmanager.all-features\":\nError: Documents from a core version newer than the running version cannot be migrated\n    at Function._migrateRecord (file:///C:/Users/rafam/Documents/Rol/Daggerheart/Greg%20Mach/DM%20Stuff/Foundry%20daggerheart/Foundry-daggerheart/Portable-FoundryVTT-v13.348/App/resources/app/dist/database/backend/server-document.mjs:1:3713)\n    at Function._migrateDocuments (file:///C:/Users/rafam/Documents/Rol/Daggerheart/Greg%20Mach/DM%20Stuff/Foundry%20daggerheart/Foundry-daggerheart/Portable-FoundryVTT-v13.348/App/resources/app/dist/database/backend/server-document.mjs:1:2782)","timestamp":"2026-02-05 20:19:20"}
{"level":"error","message":"An error occurred during the migration of Item record [UCbGVV5iPfmDRLsc] of database \"daggerheart-advmanager.all-features\":\nError: Documents from a core version newer than the running version cannot be migrated\n    at Function._migrateRecord (file:///C:/Users/rafam/Documents/Rol/Daggerheart/Greg%20Mach/DM%20Stuff/Foundry%20daggerheart/Foundry-daggerheart/Portable-FoundryVTT-v13.348/App/resources/app/dist/database/backend/server-document.mjs:1:3713)\n    at Function._migrateDocuments (file:///C:/Users/rafam/Documents/Rol/Daggerheart/Greg%20Mach/DM%20Stuff/Foundry%20daggerheart/Foundry-daggerheart/Portable-FoundryVTT-v13.348/App/resources/app/dist/database/backend/server-document.mjs:1:2782)","timestamp":"2026-02-05 20:19:20"}
{"level":"error","message":"An error occurred during the migration of Item record [UG0wWNOodkW7LKK3] of database \"daggerheart-advmanager.all-features\":\nError: Documents from a core version newer than the running version cannot be migrated\n    at Function._migrateRecord (file:///C:/Users/rafam/Documents/Rol/Daggerheart/Greg%20Mach/DM%20Stuff/Foundry%20daggerheart/Foundry-daggerheart/Portable-FoundryVTT-v13.348/App/resources/app/dist/database/backend/server-document.mjs:1:3713)\n    at Function._migrateDocuments (file:///C:/Users/rafam/Documents/Rol/Daggerheart/Greg%20Mach/DM%20Stuff/Foundry%20daggerheart/Foundry-daggerheart/Portable-FoundryVTT-v13.348/App/resources/app/dist/database/backend/server-document.mjs:1:2782)","timestamp":"2026-02-05 20:19:20"}
{"level":"error","message":"An error occurred during the migration of Item record [UG6wls1Hm972wpTI] of database \"daggerheart-advmanager.all-features\":\nError: Documents from a core version newer than the running version cannot be migrated\n    at Function._migrateRecord (file:///C:/Users/rafam/Documents/Rol/Daggerheart/Greg%20Mach/DM%20Stuff/Foundry%20daggerheart/Foundry-daggerheart/Portable-FoundryVTT-v13.348/App/resources/app/dist/database/backend/server-document.mjs:1:3713)\n    at Function._migrateDocuments (file:///C:/Users/rafam/Documents/Rol/Daggerheart/Greg%20Mach/DM%20Stuff/Foundry%20daggerheart/Foundry-daggerheart/Portable-FoundryVTT-v13.348/App/resources/app/dist/database/backend/server-document.mjs:1:2782)","timestamp":"2026-02-05 20:19:20"}
{"level":"error","message":"An error occurred during the migration of Item record [UUSwc8BByCtv8emv] of database \"daggerheart-advmanager.all-features\":\nError: Documents from a core version newer than the running version cannot be migrated\n    at Function._migrateRecord (file:///C:/Users/rafam/Documents/Rol/Daggerheart/Greg%20Mach/DM%20Stuff/Foundry%20daggerheart/Foundry-daggerheart/Portable-FoundryVTT-v13.348/App/resources/app/dist/database/backend/server-document.mjs:1:3713)\n    at Function._migrateDocuments (file:///C:/Users/rafam/Documents/Rol/Daggerheart/Greg%20Mach/DM%20Stuff/Foundry%20daggerheart/Foundry-daggerheart/Portable-FoundryVTT-v13.348/App/resources/app/dist/database/backend/server-document.mjs:1:2782)","timestamp":"2026-02-05 20:19:20"}
{"level":"error","message":"An error occurred during the migration of Item record [UY1izSkrJPyUqACp] of database \"daggerheart-advmanager.all-features\":\nError: Documents from a core version newer than the running version cannot be migrated\n    at Function._migrateRecord (file:///C:/Users/rafam/Documents/Rol/Daggerheart/Greg%20Mach/DM%20Stuff/Foundry%20daggerheart/Foundry-daggerheart/Portable-FoundryVTT-v13.348/App/resources/app/dist/database/backend/server-document.mjs:1:3713)\n    at Function._migrateDocuments (file:///C:/Users/rafam/Documents/Rol/Daggerheart/Greg%20Mach/DM%20Stuff/Foundry%20daggerheart/Foundry-daggerheart/Portable-FoundryVTT-v13.348/App/resources/app/dist/database/backend/server-document.mjs:1:2782)","timestamp":"2026-02-05 20:19:20"}
{"level":"error","message":"An error occurred during the migration of Item record [Ubm7EQsvQuNpHq86] of database \"daggerheart-advmanager.all-features\":\nError: Documents from a core version newer than the running version cannot be migrated\n    at Function._migrateRecord (file:///C:/Users/rafam/Documents/Rol/Daggerheart/Greg%20Mach/DM%20Stuff/Foundry%20daggerheart/Foundry-daggerheart/Portable-FoundryVTT-v13.348/App/resources/app/dist/database/backend/server-document.mjs:1:3713)\n    at Function._migrateDocuments (file:///C:/Users/rafam/Documents/Rol/Daggerheart/Greg%20Mach/DM%20Stuff/Foundry%20daggerheart/Foundry-daggerheart/Portable-FoundryVTT-v13.348/App/resources/app/dist/database/backend/server-document.mjs:1:2782)","timestamp":"2026-02-05 20:19:20"}
{"level":"error","message":"An error occurred during the migration of Item record [UiWfddoLG21NBWhN] of database \"daggerheart-advmanager.all-features\":\nError: Documents from a core version newer than the running version cannot be migrated\n    at Function._migrateRecord (file:///C:/Users/rafam/Documents/Rol/Daggerheart/Greg%20Mach/DM%20Stuff/Foundry%20daggerheart/Foundry-daggerheart/Portable-FoundryVTT-v13.348/App/resources/app/dist/database/backend/server-document.mjs:1:3713)\n    at Function._migrateDocuments (file:///C:/Users/rafam/Documents/Rol/Daggerheart/Greg%20Mach/DM%20Stuff/Foundry%20daggerheart/Foundry-daggerheart/Portable-FoundryVTT-v13.348/App/resources/app/dist/database/backend/server-document.mjs:1:2782)","timestamp":"2026-02-05 20:19:20"}
{"level":"error","message":"An error occurred during the migration of Item record [Uj240FNMALaV9Ovu] of database \"daggerheart-advmanager.all-features\":\nError: Documents from a core version newer than the running version cannot be migrated\n    at Function._migrateRecord (file:///C:/Users/rafam/Documents/Rol/Daggerheart/Greg%20Mach/DM%20Stuff/Foundry%20daggerheart/Foundry-daggerheart/Portable-FoundryVTT-v13.348/App/resources/app/dist/database/backend/server-document.mjs:1:3713)\n    at Function._migrateDocuments (file:///C:/Users/rafam/Documents/Rol/Daggerheart/Greg%20Mach/DM%20Stuff/Foundry%20daggerheart/Foundry-daggerheart/Portable-FoundryVTT-v13.348/App/resources/app/dist/database/backend/server-document.mjs:1:2782)","timestamp":"2026-02-05 20:19:20"}
{"level":"error","message":"An error occurred during the migration of Item record [UonIHHYaWQfHSnRf] of database \"daggerheart-advmanager.all-features\":\nError: Documents from a core version newer than the running version cannot be migrated\n    at Function._migrateRecord (file:///C:/Users/rafam/Documents/Rol/Daggerheart/Greg%20Mach/DM%20Stuff/Foundry%20daggerheart/Foundry-daggerheart/Portable-FoundryVTT-v13.348/App/resources/app/dist/database/backend/server-document.mjs:1:3713)\n    at Function._migrateDocuments (file:///C:/Users/rafam/Documents/Rol/Daggerheart/Greg%20Mach/DM%20Stuff/Foundry%20daggerheart/Foundry-daggerheart/Portable-FoundryVTT-v13.348/App/resources/app/dist/database/backend/server-document.mjs:1:2782)","timestamp":"2026-02-05 20:19:20"}
{"level":"error","message":"An error occurred during the migration of Item record [UyRlLNulVkxvBYYL] of database \"daggerheart-advmanager.all-features\":\nError: Documents from a core version newer than the running version cannot be migrated\n    at Function._migrateRecord (file:///C:/Users/rafam/Documents/Rol/Daggerheart/Greg%20Mach/DM%20Stuff/Foundry%20daggerheart/Foundry-daggerheart/Portable-FoundryVTT-v13.348/App/resources/app/dist/database/backend/server-document.mjs:1:3713)\n    at Function._migrateDocuments (file:///C:/Users/rafam/Documents/Rol/Daggerheart/Greg%20Mach/DM%20Stuff/Foundry%20daggerheart/Foundry-daggerheart/Portable-FoundryVTT-v13.348/App/resources/app/dist/database/backend/server-document.mjs:1:2782)","timestamp":"2026-02-05 20:19:20"}
{"level":"error","message":"An error occurred during the migration of Item record [WAjDoKen4ChFAfxx] of database \"daggerheart-advmanager.all-features\":\nError: Documents from a core version newer than the running version cannot be migrated\n    at Function._migrateRecord (file:///C:/Users/rafam/Documents/Rol/Daggerheart/Greg%20Mach/DM%20Stuff/Foundry%20daggerheart/Foundry-daggerheart/Portable-FoundryVTT-v13.348/App/resources/app/dist/database/backend/server-document.mjs:1:3713)\n    at Function._migrateDocuments (file:///C:/Users/rafam/Documents/Rol/Daggerheart/Greg%20Mach/DM%20Stuff/Foundry%20daggerheart/Foundry-daggerheart/Portable-FoundryVTT-v13.348/App/resources/app/dist/database/backend/server-document.mjs:1:2782)","timestamp":"2026-02-05 20:19:20"}
{"level":"error","message":"An error occurred during the migration of Item record [WJ3cP1q8kE23gFf9] of database \"daggerheart-advmanager.all-features\":\nError: Documents from a core version newer than the running version cannot be migrated\n    at Function._migrateRecord (file:///C:/Users/rafam/Documents/Rol/Daggerheart/Greg%20Mach/DM%20Stuff/Foundry%20daggerheart/Foundry-daggerheart/Portable-FoundryVTT-v13.348/App/resources/app/dist/database/backend/server-document.mjs:1:3713)\n    at Function._migrateDocuments (file:///C:/Users/rafam/Documents/Rol/Daggerheart/Greg%20Mach/DM%20Stuff/Foundry%20daggerheart/Foundry-daggerheart/Portable-FoundryVTT-v13.348/App/resources/app/dist/database/backend/server-document.mjs:1:2782)","timestamp":"2026-02-05 20:19:20"}
{"level":"error","message":"An error occurred during the migration of Item record [WpNR67UuGoj3eXvA] of database \"daggerheart-advmanager.all-features\":\nError: Documents from a core version newer than the running version cannot be migrated\n    at Function._migrateRecord (file:///C:/Users/rafam/Documents/Rol/Daggerheart/Greg%20Mach/DM%20Stuff/Foundry%20daggerheart/Foundry-daggerheart/Portable-FoundryVTT-v13.348/App/resources/app/dist/database/backend/server-document.mjs:1:3713)\n    at Function._migrateDocuments (file:///C:/Users/rafam/Documents/Rol/Daggerheart/Greg%20Mach/DM%20Stuff/Foundry%20daggerheart/Foundry-daggerheart/Portable-FoundryVTT-v13.348/App/resources/app/dist/database/backend/server-document.mjs:1:2782)","timestamp":"2026-02-05 20:19:20"}
{"level":"error","message":"An error occurred during the migration of Item record [WudVDwhMzYqVqBDr] of database \"daggerheart-advmanager.all-features\":\nError: Documents from a core version newer than the running version cannot be migrated\n    at Function._migrateRecord (file:///C:/Users/rafam/Documents/Rol/Daggerheart/Greg%20Mach/DM%20Stuff/Foundry%20daggerheart/Foundry-daggerheart/Portable-FoundryVTT-v13.348/App/resources/app/dist/database/backend/server-document.mjs:1:3713)\n    at Function._migrateDocuments (file:///C:/Users/rafam/Documents/Rol/Daggerheart/Greg%20Mach/DM%20Stuff/Foundry%20daggerheart/Foundry-daggerheart/Portable-FoundryVTT-v13.348/App/resources/app/dist/database/backend/server-document.mjs:1:2782)","timestamp":"2026-02-05 20:19:20"}
{"level":"error","message":"An error occurred during the migration of Item record [X15ZY5zQMIBtN5CH] of database \"daggerheart-advmanager.all-features\":\nError: Documents from a core version newer than the running version cannot be migrated\n    at Function._migrateRecord (file:///C:/Users/rafam/Documents/Rol/Daggerheart/Greg%20Mach/DM%20Stuff/Foundry%20daggerheart/Foundry-daggerheart/Portable-FoundryVTT-v13.348/App/resources/app/dist/database/backend/server-document.mjs:1:3713)\n    at Function._migrateDocuments (file:///C:/Users/rafam/Documents/Rol/Daggerheart/Greg%20Mach/DM%20Stuff/Foundry%20daggerheart/Foundry-daggerheart/Portable-FoundryVTT-v13.348/App/resources/app/dist/database/backend/server-document.mjs:1:2782)","timestamp":"2026-02-05 20:19:20"}
{"level":"error","message":"An error occurred during the migration of Item record [XFsv7rUQoTeOGhL3] of database \"daggerheart-advmanager.all-features\":\nError: Documents from a core version newer than the running version cannot be migrated\n    at Function._migrateRecord (file:///C:/Users/rafam/Documents/Rol/Daggerheart/Greg%20Mach/DM%20Stuff/Foundry%20daggerheart/Foundry-daggerheart/Portable-FoundryVTT-v13.348/App/resources/app/dist/database/backend/server-document.mjs:1:3713)\n    at Function._migrateDocuments (file:///C:/Users/rafam/Documents/Rol/Daggerheart/Greg%20Mach/DM%20Stuff/Foundry%20daggerheart/Foundry-daggerheart/Portable-FoundryVTT-v13.348/App/resources/app/dist/database/backend/server-document.mjs:1:2782)","timestamp":"2026-02-05 20:19:20"}
{"level":"error","message":"An error occurred during the migration of Item record [XbUuP3WsZFr3f4Zh] of database \"daggerheart-advmanager.all-features\":\nError: Documents from a core version newer than the running version cannot be migrated\n    at Function._migrateRecord (file:///C:/Users/rafam/Documents/Rol/Daggerheart/Greg%20Mach/DM%20Stuff/Foundry%20daggerheart/Foundry-daggerheart/Portable-FoundryVTT-v13.348/App/resources/app/dist/database/backend/server-document.mjs:1:3713)\n    at Function._migrateDocuments (file:///C:/Users/rafam/Documents/Rol/Daggerheart/Greg%20Mach/DM%20Stuff/Foundry%20daggerheart/Foundry-daggerheart/Portable-FoundryVTT-v13.348/App/resources/app/dist/database/backend/server-document.mjs:1:2782)","timestamp":"2026-02-05 20:19:20"}
{"level":"error","message":"An error occurred during the migration of Item record [Xc7Q01taTbxXCxt5] of database \"daggerheart-advmanager.all-features\":\nError: Documents from a core version newer than the running version cannot be migrated\n    at Function._migrateRecord (file:///C:/Users/rafam/Documents/Rol/Daggerheart/Greg%20Mach/DM%20Stuff/Foundry%20daggerheart/Foundry-daggerheart/Portable-FoundryVTT-v13.348/App/resources/app/dist/database/backend/server-document.mjs:1:3713)\n    at Function._migrateDocuments (file:///C:/Users/rafam/Documents/Rol/Daggerheart/Greg%20Mach/DM%20Stuff/Foundry%20daggerheart/Foundry-daggerheart/Portable-FoundryVTT-v13.348/App/resources/app/dist/database/backend/server-document.mjs:1:2782)","timestamp":"2026-02-05 20:19:20"}
{"level":"error","message":"An error occurred during the migration of Item record [YI8QJejpX6BOMguu] of database \"daggerheart-advmanager.all-features\":\nError: Documents from a core version newer than the running version cannot be migrated\n    at Function._migrateRecord (file:///C:/Users/rafam/Documents/Rol/Daggerheart/Greg%20Mach/DM%20Stuff/Foundry%20daggerheart/Foundry-daggerheart/Portable-FoundryVTT-v13.348/App/resources/app/dist/database/backend/server-document.mjs:1:3713)\n    at Function._migrateDocuments (file:///C:/Users/rafam/Documents/Rol/Daggerheart/Greg%20Mach/DM%20Stuff/Foundry%20daggerheart/Foundry-daggerheart/Portable-FoundryVTT-v13.348/App/resources/app/dist/database/backend/server-document.mjs:1:2782)","timestamp":"2026-02-05 20:19:20"}
{"level":"error","message":"An error occurred during the migration of Item record [YJzYEEeCYXqHWgKi] of database \"daggerheart-advmanager.all-features\":\nError: Documents from a core version newer than the running version cannot be migrated\n    at Function._migrateRecord (file:///C:/Users/rafam/Documents/Rol/Daggerheart/Greg%20Mach/DM%20Stuff/Foundry%20daggerheart/Foundry-daggerheart/Portable-FoundryVTT-v13.348/App/resources/app/dist/database/backend/server-document.mjs:1:3713)\n    at Function._migrateDocuments (file:///C:/Users/rafam/Documents/Rol/Daggerheart/Greg%20Mach/DM%20Stuff/Foundry%20daggerheart/Foundry-daggerheart/Portable-FoundryVTT-v13.348/App/resources/app/dist/database/backend/server-document.mjs:1:2782)","timestamp":"2026-02-05 20:19:20"}
{"level":"error","message":"An error occurred during the migration of Item record [YTM2hGXw7ZoEarWL] of database \"daggerheart-advmanager.all-features\":\nError: Documents from a core version newer than the running version cannot be migrated\n    at Function._migrateRecord (file:///C:/Users/rafam/Documents/Rol/Daggerheart/Greg%20Mach/DM%20Stuff/Foundry%20daggerheart/Foundry-daggerheart/Portable-FoundryVTT-v13.348/App/resources/app/dist/database/backend/server-document.mjs:1:3713)\n    at Function._migrateDocuments (file:///C:/Users/rafam/Documents/Rol/Daggerheart/Greg%20Mach/DM%20Stuff/Foundry%20daggerheart/Foundry-daggerheart/Portable-FoundryVTT-v13.348/App/resources/app/dist/database/backend/server-document.mjs:1:2782)","timestamp":"2026-02-05 20:19:20"}
{"level":"error","message":"An error occurred during the migration of Item record [YbGvCTGIwRHoKLfb] of database \"daggerheart-advmanager.all-features\":\nError: Documents from a core version newer than the running version cannot be migrated\n    at Function._migrateRecord (file:///C:/Users/rafam/Documents/Rol/Daggerheart/Greg%20Mach/DM%20Stuff/Foundry%20daggerheart/Foundry-daggerheart/Portable-FoundryVTT-v13.348/App/resources/app/dist/database/backend/server-document.mjs:1:3713)\n    at Function._migrateDocuments (file:///C:/Users/rafam/Documents/Rol/Daggerheart/Greg%20Mach/DM%20Stuff/Foundry%20daggerheart/Foundry-daggerheart/Portable-FoundryVTT-v13.348/App/resources/app/dist/database/backend/server-document.mjs:1:2782)","timestamp":"2026-02-05 20:19:20"}
{"level":"error","message":"An error occurred during the migration of Item record [YbowTmSDKTYm26Op] of database \"daggerheart-advmanager.all-features\":\nError: Documents from a core version newer than the running version cannot be migrated\n    at Function._migrateRecord (file:///C:/Users/rafam/Documents/Rol/Daggerheart/Greg%20Mach/DM%20Stuff/Foundry%20daggerheart/Foundry-daggerheart/Portable-FoundryVTT-v13.348/App/resources/app/dist/database/backend/server-document.mjs:1:3713)\n    at Function._migrateDocuments (file:///C:/Users/rafam/Documents/Rol/Daggerheart/Greg%20Mach/DM%20Stuff/Foundry%20daggerheart/Foundry-daggerheart/Portable-FoundryVTT-v13.348/App/resources/app/dist/database/backend/server-document.mjs:1:2782)","timestamp":"2026-02-05 20:19:20"}
{"level":"error","message":"An error occurred during the migration of Item record [YdXZsaRBmPtWRyiX] of database \"daggerheart-advmanager.all-features\":\nError: Documents from a core version newer than the running version cannot be migrated\n    at Function._migrateRecord (file:///C:/Users/rafam/Documents/Rol/Daggerheart/Greg%20Mach/DM%20Stuff/Foundry%20daggerheart/Foundry-daggerheart/Portable-FoundryVTT-v13.348/App/resources/app/dist/database/backend/server-document.mjs:1:3713)\n    at Function._migrateDocuments (file:///C:/Users/rafam/Documents/Rol/Daggerheart/Greg%20Mach/DM%20Stuff/Foundry%20daggerheart/Foundry-daggerheart/Portable-FoundryVTT-v13.348/App/resources/app/dist/database/backend/server-document.mjs:1:2782)","timestamp":"2026-02-05 20:19:20"}
{"level":"error","message":"An error occurred during the migration of Item record [YuwiepykfnEiSpRn] of database \"daggerheart-advmanager.all-features\":\nError: Documents from a core version newer than the running version cannot be migrated\n    at Function._migrateRecord (file:///C:/Users/rafam/Documents/Rol/Daggerheart/Greg%20Mach/DM%20Stuff/Foundry%20daggerheart/Foundry-daggerheart/Portable-FoundryVTT-v13.348/App/resources/app/dist/database/backend/server-document.mjs:1:3713)\n    at Function._migrateDocuments (file:///C:/Users/rafam/Documents/Rol/Daggerheart/Greg%20Mach/DM%20Stuff/Foundry%20daggerheart/Foundry-daggerheart/Portable-FoundryVTT-v13.348/App/resources/app/dist/database/backend/server-document.mjs:1:2782)","timestamp":"2026-02-05 20:19:20"}
{"level":"error","message":"An error occurred during the migration of Item record [Yy8FUPNGDs61orsp] of database \"daggerheart-advmanager.all-features\":\nError: Documents from a core version newer than the running version cannot be migrated\n    at Function._migrateRecord (file:///C:/Users/rafam/Documents/Rol/Daggerheart/Greg%20Mach/DM%20Stuff/Foundry%20daggerheart/Foundry-daggerheart/Portable-FoundryVTT-v13.348/App/resources/app/dist/database/backend/server-document.mjs:1:3713)\n    at Function._migrateDocuments (file:///C:/Users/rafam/Documents/Rol/Daggerheart/Greg%20Mach/DM%20Stuff/Foundry%20daggerheart/Foundry-daggerheart/Portable-FoundryVTT-v13.348/App/resources/app/dist/database/backend/server-document.mjs:1:2782)","timestamp":"2026-02-05 20:19:20"}
{"level":"error","message":"An error occurred during the migration of Item record [YzYRKYLKISnqIPsK] of database \"daggerheart-advmanager.all-features\":\nError: Documents from a core version newer than the running version cannot be migrated\n    at Function._migrateRecord (file:///C:/Users/rafam/Documents/Rol/Daggerheart/Greg%20Mach/DM%20Stuff/Foundry%20daggerheart/Foundry-daggerheart/Portable-FoundryVTT-v13.348/App/resources/app/dist/database/backend/server-document.mjs:1:3713)\n    at Function._migrateDocuments (file:///C:/Users/rafam/Documents/Rol/Daggerheart/Greg%20Mach/DM%20Stuff/Foundry%20daggerheart/Foundry-daggerheart/Portable-FoundryVTT-v13.348/App/resources/app/dist/database/backend/server-document.mjs:1:2782)","timestamp":"2026-02-05 20:19:20"}
{"level":"error","message":"An error occurred during the migration of Item record [Z6FFO715W7ayrFHY] of database \"daggerheart-advmanager.all-features\":\nError: Documents from a core version newer than the running version cannot be migrated\n    at Function._migrateRecord (file:///C:/Users/rafam/Documents/Rol/Daggerheart/Greg%20Mach/DM%20Stuff/Foundry%20daggerheart/Foundry-daggerheart/Portable-FoundryVTT-v13.348/App/resources/app/dist/database/backend/server-document.mjs:1:3713)\n    at Function._migrateDocuments (file:///C:/Users/rafam/Documents/Rol/Daggerheart/Greg%20Mach/DM%20Stuff/Foundry%20daggerheart/Foundry-daggerheart/Portable-FoundryVTT-v13.348/App/resources/app/dist/database/backend/server-document.mjs:1:2782)","timestamp":"2026-02-05 20:19:20"}
{"level":"error","message":"An error occurred during the migration of Item record [ZKyZrUyFH53jwCJJ] of database \"daggerheart-advmanager.all-features\":\nError: Documents from a core version newer than the running version cannot be migrated\n    at Function._migrateRecord (file:///C:/Users/rafam/Documents/Rol/Daggerheart/Greg%20Mach/DM%20Stuff/Foundry%20daggerheart/Foundry-daggerheart/Portable-FoundryVTT-v13.348/App/resources/app/dist/database/backend/server-document.mjs:1:3713)\n    at Function._migrateDocuments (file:///C:/Users/rafam/Documents/Rol/Daggerheart/Greg%20Mach/DM%20Stuff/Foundry%20daggerheart/Foundry-daggerheart/Portable-FoundryVTT-v13.348/App/resources/app/dist/database/backend/server-document.mjs:1:2782)","timestamp":"2026-02-05 20:19:20"}
{"level":"error","message":"An error occurred during the migration of Item record [ZP9fmIeRgpfxudER] of database \"daggerheart-advmanager.all-features\":\nError: Documents from a core version newer than the running version cannot be migrated\n    at Function._migrateRecord (file:///C:/Users/rafam/Documents/Rol/Daggerheart/Greg%20Mach/DM%20Stuff/Foundry%20daggerheart/Foundry-daggerheart/Portable-FoundryVTT-v13.348/App/resources/app/dist/database/backend/server-document.mjs:1:3713)\n    at Function._migrateDocuments (file:///C:/Users/rafam/Documents/Rol/Daggerheart/Greg%20Mach/DM%20Stuff/Foundry%20daggerheart/Foundry-daggerheart/Portable-FoundryVTT-v13.348/App/resources/app/dist/database/backend/server-document.mjs:1:2782)","timestamp":"2026-02-05 20:19:20"}
{"level":"error","message":"An error occurred during the migration of Item record [ZYltIEdaQDrlKzJz] of database \"daggerheart-advmanager.all-features\":\nError: Documents from a core version newer than the running version cannot be migrated\n    at Function._migrateRecord (file:///C:/Users/rafam/Documents/Rol/Daggerheart/Greg%20Mach/DM%20Stuff/Foundry%20daggerheart/Foundry-daggerheart/Portable-FoundryVTT-v13.348/App/resources/app/dist/database/backend/server-document.mjs:1:3713)\n    at Function._migrateDocuments (file:///C:/Users/rafam/Documents/Rol/Daggerheart/Greg%20Mach/DM%20Stuff/Foundry%20daggerheart/Foundry-daggerheart/Portable-FoundryVTT-v13.348/App/resources/app/dist/database/backend/server-document.mjs:1:2782)","timestamp":"2026-02-05 20:19:20"}
{"level":"error","message":"An error occurred during the migration of Item record [Zg8VLUdn2TvKrSYZ] of database \"daggerheart-advmanager.all-features\":\nError: Documents from a core version newer than the running version cannot be migrated\n    at Function._migrateRecord (file:///C:/Users/rafam/Documents/Rol/Daggerheart/Greg%20Mach/DM%20Stuff/Foundry%20daggerheart/Foundry-daggerheart/Portable-FoundryVTT-v13.348/App/resources/app/dist/database/backend/server-document.mjs:1:3713)\n    at Function._migrateDocuments (file:///C:/Users/rafam/Documents/Rol/Daggerheart/Greg%20Mach/DM%20Stuff/Foundry%20daggerheart/Foundry-daggerheart/Portable-FoundryVTT-v13.348/App/resources/app/dist/database/backend/server-document.mjs:1:2782)","timestamp":"2026-02-05 20:19:20"}
{"level":"error","message":"An error occurred during the migration of Item record [ZodzjHqbrrB4Z2Wh] of database \"daggerheart-advmanager.all-features\":\nError: Documents from a core version newer than the running version cannot be migrated\n    at Function._migrateRecord (file:///C:/Users/rafam/Documents/Rol/Daggerheart/Greg%20Mach/DM%20Stuff/Foundry%20daggerheart/Foundry-daggerheart/Portable-FoundryVTT-v13.348/App/resources/app/dist/database/backend/server-document.mjs:1:3713)\n    at Function._migrateDocuments (file:///C:/Users/rafam/Documents/Rol/Daggerheart/Greg%20Mach/DM%20Stuff/Foundry%20daggerheart/Foundry-daggerheart/Portable-FoundryVTT-v13.348/App/resources/app/dist/database/backend/server-document.mjs:1:2782)","timestamp":"2026-02-05 20:19:20"}
{"level":"error","message":"An error occurred during the migration of Item record [ZtSOluS1Atsj3h1I] of database \"daggerheart-advmanager.all-features\":\nError: Documents from a core version newer than the running version cannot be migrated\n    at Function._migrateRecord (file:///C:/Users/rafam/Documents/Rol/Daggerheart/Greg%20Mach/DM%20Stuff/Foundry%20daggerheart/Foundry-daggerheart/Portable-FoundryVTT-v13.348/App/resources/app/dist/database/backend/server-document.mjs:1:3713)\n    at Function._migrateDocuments (file:///C:/Users/rafam/Documents/Rol/Daggerheart/Greg%20Mach/DM%20Stuff/Foundry%20daggerheart/Foundry-daggerheart/Portable-FoundryVTT-v13.348/App/resources/app/dist/database/backend/server-document.mjs:1:2782)","timestamp":"2026-02-05 20:19:20"}
{"level":"error","message":"An error occurred during the migration of Item record [a2BRsHSiVwB4tAKA] of database \"daggerheart-advmanager.all-features\":\nError: Documents from a core version newer than the running version cannot be migrated\n    at Function._migrateRecord (file:///C:/Users/rafam/Documents/Rol/Daggerheart/Greg%20Mach/DM%20Stuff/Foundry%20daggerheart/Foundry-daggerheart/Portable-FoundryVTT-v13.348/App/resources/app/dist/database/backend/server-document.mjs:1:3713)\n    at Function._migrateDocuments (file:///C:/Users/rafam/Documents/Rol/Daggerheart/Greg%20Mach/DM%20Stuff/Foundry%20daggerheart/Foundry-daggerheart/Portable-FoundryVTT-v13.348/App/resources/app/dist/database/backend/server-document.mjs:1:2782)","timestamp":"2026-02-05 20:19:20"}
{"level":"error","message":"An error occurred during the migration of Item record [a8GLCHoiZgLXlFhi] of database \"daggerheart-advmanager.all-features\":\nError: Documents from a core version newer than the running version cannot be migrated\n    at Function._migrateRecord (file:///C:/Users/rafam/Documents/Rol/Daggerheart/Greg%20Mach/DM%20Stuff/Foundry%20daggerheart/Foundry-daggerheart/Portable-FoundryVTT-v13.348/App/resources/app/dist/database/backend/server-document.mjs:1:3713)\n    at Function._migrateDocuments (file:///C:/Users/rafam/Documents/Rol/Daggerheart/Greg%20Mach/DM%20Stuff/Foundry%20daggerheart/Foundry-daggerheart/Portable-FoundryVTT-v13.348/App/resources/app/dist/database/backend/server-document.mjs:1:2782)","timestamp":"2026-02-05 20:19:20"}
{"level":"error","message":"An error occurred during the migration of Item record [a8kuufg3hLl5gEIA] of database \"daggerheart-advmanager.all-features\":\nError: Documents from a core version newer than the running version cannot be migrated\n    at Function._migrateRecord (file:///C:/Users/rafam/Documents/Rol/Daggerheart/Greg%20Mach/DM%20Stuff/Foundry%20daggerheart/Foundry-daggerheart/Portable-FoundryVTT-v13.348/App/resources/app/dist/database/backend/server-document.mjs:1:3713)\n    at Function._migrateDocuments (file:///C:/Users/rafam/Documents/Rol/Daggerheart/Greg%20Mach/DM%20Stuff/Foundry%20daggerheart/Foundry-daggerheart/Portable-FoundryVTT-v13.348/App/resources/app/dist/database/backend/server-document.mjs:1:2782)","timestamp":"2026-02-05 20:19:20"}
{"level":"error","message":"An error occurred during the migration of Item record [aCVGhmafeXQQKG1x] of database \"daggerheart-advmanager.all-features\":\nError: Documents from a core version newer than the running version cannot be migrated\n    at Function._migrateRecord (file:///C:/Users/rafam/Documents/Rol/Daggerheart/Greg%20Mach/DM%20Stuff/Foundry%20daggerheart/Foundry-daggerheart/Portable-FoundryVTT-v13.348/App/resources/app/dist/database/backend/server-document.mjs:1:3713)\n    at Function._migrateDocuments (file:///C:/Users/rafam/Documents/Rol/Daggerheart/Greg%20Mach/DM%20Stuff/Foundry%20daggerheart/Foundry-daggerheart/Portable-FoundryVTT-v13.348/App/resources/app/dist/database/backend/server-document.mjs:1:2782)","timestamp":"2026-02-05 20:19:20"}
{"level":"error","message":"An error occurred during the migration of Item record [agU0GsPTalaa8FpM] of database \"daggerheart-advmanager.all-features\":\nError: Documents from a core version newer than the running version cannot be migrated\n    at Function._migrateRecord (file:///C:/Users/rafam/Documents/Rol/Daggerheart/Greg%20Mach/DM%20Stuff/Foundry%20daggerheart/Foundry-daggerheart/Portable-FoundryVTT-v13.348/App/resources/app/dist/database/backend/server-document.mjs:1:3713)\n    at Function._migrateDocuments (file:///C:/Users/rafam/Documents/Rol/Daggerheart/Greg%20Mach/DM%20Stuff/Foundry%20daggerheart/Foundry-daggerheart/Portable-FoundryVTT-v13.348/App/resources/app/dist/database/backend/server-document.mjs:1:2782)","timestamp":"2026-02-05 20:19:20"}
{"level":"error","message":"An error occurred during the migration of Item record [ah9RHL4rp3875FY1] of database \"daggerheart-advmanager.all-features\":\nError: Documents from a core version newer than the running version cannot be migrated\n    at Function._migrateRecord (file:///C:/Users/rafam/Documents/Rol/Daggerheart/Greg%20Mach/DM%20Stuff/Foundry%20daggerheart/Foundry-daggerheart/Portable-FoundryVTT-v13.348/App/resources/app/dist/database/backend/server-document.mjs:1:3713)\n    at Function._migrateDocuments (file:///C:/Users/rafam/Documents/Rol/Daggerheart/Greg%20Mach/DM%20Stuff/Foundry%20daggerheart/Foundry-daggerheart/Portable-FoundryVTT-v13.348/App/resources/app/dist/database/backend/server-document.mjs:1:2782)","timestamp":"2026-02-05 20:19:20"}
{"level":"error","message":"An error occurred during the migration of Item record [b0aBXffRkmfD2VuG] of database \"daggerheart-advmanager.all-features\":\nError: Documents from a core version newer than the running version cannot be migrated\n    at Function._migrateRecord (file:///C:/Users/rafam/Documents/Rol/Daggerheart/Greg%20Mach/DM%20Stuff/Foundry%20daggerheart/Foundry-daggerheart/Portable-FoundryVTT-v13.348/App/resources/app/dist/database/backend/server-document.mjs:1:3713)\n    at Function._migrateDocuments (file:///C:/Users/rafam/Documents/Rol/Daggerheart/Greg%20Mach/DM%20Stuff/Foundry%20daggerheart/Foundry-daggerheart/Portable-FoundryVTT-v13.348/App/resources/app/dist/database/backend/server-document.mjs:1:2782)","timestamp":"2026-02-05 20:19:20"}
{"level":"error","message":"An error occurred during the migration of Item record [b6nsY42hTTv3RDJI] of database \"daggerheart-advmanager.all-features\":\nError: Documents from a core version newer than the running version cannot be migrated\n    at Function._migrateRecord (file:///C:/Users/rafam/Documents/Rol/Daggerheart/Greg%20Mach/DM%20Stuff/Foundry%20daggerheart/Foundry-daggerheart/Portable-FoundryVTT-v13.348/App/resources/app/dist/database/backend/server-document.mjs:1:3713)\n    at Function._migrateDocuments (file:///C:/Users/rafam/Documents/Rol/Daggerheart/Greg%20Mach/DM%20Stuff/Foundry%20daggerheart/Foundry-daggerheart/Portable-FoundryVTT-v13.348/App/resources/app/dist/database/backend/server-document.mjs:1:2782)","timestamp":"2026-02-05 20:19:20"}
{"level":"error","message":"An error occurred during the migration of Item record [bAkDLnz1aPObZG8X] of database \"daggerheart-advmanager.all-features\":\nError: Documents from a core version newer than the running version cannot be migrated\n    at Function._migrateRecord (file:///C:/Users/rafam/Documents/Rol/Daggerheart/Greg%20Mach/DM%20Stuff/Foundry%20daggerheart/Foundry-daggerheart/Portable-FoundryVTT-v13.348/App/resources/app/dist/database/backend/server-document.mjs:1:3713)\n    at Function._migrateDocuments (file:///C:/Users/rafam/Documents/Rol/Daggerheart/Greg%20Mach/DM%20Stuff/Foundry%20daggerheart/Foundry-daggerheart/Portable-FoundryVTT-v13.348/App/resources/app/dist/database/backend/server-document.mjs:1:2782)","timestamp":"2026-02-05 20:19:20"}
{"level":"error","message":"An error occurred during the migration of Item record [bYvzwoYu7D5i5KoG] of database \"daggerheart-advmanager.all-features\":\nError: Documents from a core version newer than the running version cannot be migrated\n    at Function._migrateRecord (file:///C:/Users/rafam/Documents/Rol/Daggerheart/Greg%20Mach/DM%20Stuff/Foundry%20daggerheart/Foundry-daggerheart/Portable-FoundryVTT-v13.348/App/resources/app/dist/database/backend/server-document.mjs:1:3713)\n    at Function._migrateDocuments (file:///C:/Users/rafam/Documents/Rol/Daggerheart/Greg%20Mach/DM%20Stuff/Foundry%20daggerheart/Foundry-daggerheart/Portable-FoundryVTT-v13.348/App/resources/app/dist/database/backend/server-document.mjs:1:2782)","timestamp":"2026-02-05 20:19:20"}
{"level":"error","message":"An error occurred during the migration of Item record [c3DIv81LzPRpwU43] of database \"daggerheart-advmanager.all-features\":\nError: Documents from a core version newer than the running version cannot be migrated\n    at Function._migrateRecord (file:///C:/Users/rafam/Documents/Rol/Daggerheart/Greg%20Mach/DM%20Stuff/Foundry%20daggerheart/Foundry-daggerheart/Portable-FoundryVTT-v13.348/App/resources/app/dist/database/backend/server-document.mjs:1:3713)\n    at Function._migrateDocuments (file:///C:/Users/rafam/Documents/Rol/Daggerheart/Greg%20Mach/DM%20Stuff/Foundry%20daggerheart/Foundry-daggerheart/Portable-FoundryVTT-v13.348/App/resources/app/dist/database/backend/server-document.mjs:1:2782)","timestamp":"2026-02-05 20:19:20"}
{"level":"error","message":"An error occurred during the migration of Item record [c7FZOYzL3WkLEtoy] of database \"daggerheart-advmanager.all-features\":\nError: Documents from a core version newer than the running version cannot be migrated\n    at Function._migrateRecord (file:///C:/Users/rafam/Documents/Rol/Daggerheart/Greg%20Mach/DM%20Stuff/Foundry%20daggerheart/Foundry-daggerheart/Portable-FoundryVTT-v13.348/App/resources/app/dist/database/backend/server-document.mjs:1:3713)\n    at Function._migrateDocuments (file:///C:/Users/rafam/Documents/Rol/Daggerheart/Greg%20Mach/DM%20Stuff/Foundry%20daggerheart/Foundry-daggerheart/Portable-FoundryVTT-v13.348/App/resources/app/dist/database/backend/server-document.mjs:1:2782)","timestamp":"2026-02-05 20:19:20"}
{"level":"error","message":"An error occurred during the migration of Item record [cAYAl3PRTy9WLX12] of database \"daggerheart-advmanager.all-features\":\nError: Documents from a core version newer than the running version cannot be migrated\n    at Function._migrateRecord (file:///C:/Users/rafam/Documents/Rol/Daggerheart/Greg%20Mach/DM%20Stuff/Foundry%20daggerheart/Foundry-daggerheart/Portable-FoundryVTT-v13.348/App/resources/app/dist/database/backend/server-document.mjs:1:3713)\n    at Function._migrateDocuments (file:///C:/Users/rafam/Documents/Rol/Daggerheart/Greg%20Mach/DM%20Stuff/Foundry%20daggerheart/Foundry-daggerheart/Portable-FoundryVTT-v13.348/App/resources/app/dist/database/backend/server-document.mjs:1:2782)","timestamp":"2026-02-05 20:19:20"}
{"level":"error","message":"An error occurred during the migration of Item record [cJZ8IYR3whg73UCz] of database \"daggerheart-advmanager.all-features\":\nError: Documents from a core version newer than the running version cannot be migrated\n    at Function._migrateRecord (file:///C:/Users/rafam/Documents/Rol/Daggerheart/Greg%20Mach/DM%20Stuff/Foundry%20daggerheart/Foundry-daggerheart/Portable-FoundryVTT-v13.348/App/resources/app/dist/database/backend/server-document.mjs:1:3713)\n    at Function._migrateDocuments (file:///C:/Users/rafam/Documents/Rol/Daggerheart/Greg%20Mach/DM%20Stuff/Foundry%20daggerheart/Foundry-daggerheart/Portable-FoundryVTT-v13.348/App/resources/app/dist/database/backend/server-document.mjs:1:2782)","timestamp":"2026-02-05 20:19:20"}
{"level":"error","message":"An error occurred during the migration of Item record [cKMDzrTtgwxRTN5e] of database \"daggerheart-advmanager.all-features\":\nError: Documents from a core version newer than the running version cannot be migrated\n    at Function._migrateRecord (file:///C:/Users/rafam/Documents/Rol/Daggerheart/Greg%20Mach/DM%20Stuff/Foundry%20daggerheart/Foundry-daggerheart/Portable-FoundryVTT-v13.348/App/resources/app/dist/database/backend/server-document.mjs:1:3713)\n    at Function._migrateDocuments (file:///C:/Users/rafam/Documents/Rol/Daggerheart/Greg%20Mach/DM%20Stuff/Foundry%20daggerheart/Foundry-daggerheart/Portable-FoundryVTT-v13.348/App/resources/app/dist/database/backend/server-document.mjs:1:2782)","timestamp":"2026-02-05 20:19:20"}
{"level":"error","message":"An error occurred during the migration of Item record [cRaJVgXmuQww2G3y] of database \"daggerheart-advmanager.all-features\":\nError: Documents from a core version newer than the running version cannot be migrated\n    at Function._migrateRecord (file:///C:/Users/rafam/Documents/Rol/Daggerheart/Greg%20Mach/DM%20Stuff/Foundry%20daggerheart/Foundry-daggerheart/Portable-FoundryVTT-v13.348/App/resources/app/dist/database/backend/server-document.mjs:1:3713)\n    at Function._migrateDocuments (file:///C:/Users/rafam/Documents/Rol/Daggerheart/Greg%20Mach/DM%20Stuff/Foundry%20daggerheart/Foundry-daggerheart/Portable-FoundryVTT-v13.348/App/resources/app/dist/database/backend/server-document.mjs:1:2782)","timestamp":"2026-02-05 20:19:20"}
{"level":"error","message":"An error occurred during the migration of Item record [cShv0DmaNkzXqMB0] of database \"daggerheart-advmanager.all-features\":\nError: Documents from a core version newer than the running version cannot be migrated\n    at Function._migrateRecord (file:///C:/Users/rafam/Documents/Rol/Daggerheart/Greg%20Mach/DM%20Stuff/Foundry%20daggerheart/Foundry-daggerheart/Portable-FoundryVTT-v13.348/App/resources/app/dist/database/backend/server-document.mjs:1:3713)\n    at Function._migrateDocuments (file:///C:/Users/rafam/Documents/Rol/Daggerheart/Greg%20Mach/DM%20Stuff/Foundry%20daggerheart/Foundry-daggerheart/Portable-FoundryVTT-v13.348/App/resources/app/dist/database/backend/server-document.mjs:1:2782)","timestamp":"2026-02-05 20:19:20"}
{"level":"error","message":"An error occurred during the migration of Item record [cfCpLcdhdmrDnafu] of database \"daggerheart-advmanager.all-features\":\nError: Documents from a core version newer than the running version cannot be migrated\n    at Function._migrateRecord (file:///C:/Users/rafam/Documents/Rol/Daggerheart/Greg%20Mach/DM%20Stuff/Foundry%20daggerheart/Foundry-daggerheart/Portable-FoundryVTT-v13.348/App/resources/app/dist/database/backend/server-document.mjs:1:3713)\n    at Function._migrateDocuments (file:///C:/Users/rafam/Documents/Rol/Daggerheart/Greg%20Mach/DM%20Stuff/Foundry%20daggerheart/Foundry-daggerheart/Portable-FoundryVTT-v13.348/App/resources/app/dist/database/backend/server-document.mjs:1:2782)","timestamp":"2026-02-05 20:19:20"}
{"level":"error","message":"An error occurred during the migration of Item record [cfXOxJI46f9pcz0e] of database \"daggerheart-advmanager.all-features\":\nError: Documents from a core version newer than the running version cannot be migrated\n    at Function._migrateRecord (file:///C:/Users/rafam/Documents/Rol/Daggerheart/Greg%20Mach/DM%20Stuff/Foundry%20daggerheart/Foundry-daggerheart/Portable-FoundryVTT-v13.348/App/resources/app/dist/database/backend/server-document.mjs:1:3713)\n    at Function._migrateDocuments (file:///C:/Users/rafam/Documents/Rol/Daggerheart/Greg%20Mach/DM%20Stuff/Foundry%20daggerheart/Foundry-daggerheart/Portable-FoundryVTT-v13.348/App/resources/app/dist/database/backend/server-document.mjs:1:2782)","timestamp":"2026-02-05 20:19:20"}
{"level":"error","message":"An error occurred during the migration of Item record [chtTQ2i9b2rbzRce] of database \"daggerheart-advmanager.all-features\":\nError: Documents from a core version newer than the running version cannot be migrated\n    at Function._migrateRecord (file:///C:/Users/rafam/Documents/Rol/Daggerheart/Greg%20Mach/DM%20Stuff/Foundry%20daggerheart/Foundry-daggerheart/Portable-FoundryVTT-v13.348/App/resources/app/dist/database/backend/server-document.mjs:1:3713)\n    at Function._migrateDocuments (file:///C:/Users/rafam/Documents/Rol/Daggerheart/Greg%20Mach/DM%20Stuff/Foundry%20daggerheart/Foundry-daggerheart/Portable-FoundryVTT-v13.348/App/resources/app/dist/database/backend/server-document.mjs:1:2782)","timestamp":"2026-02-05 20:19:20"}
{"level":"error","message":"An error occurred during the migration of Item record [d271LDaGO3WBinwx] of database \"daggerheart-advmanager.all-features\":\nError: Documents from a core version newer than the running version cannot be migrated\n    at Function._migrateRecord (file:///C:/Users/rafam/Documents/Rol/Daggerheart/Greg%20Mach/DM%20Stuff/Foundry%20daggerheart/Foundry-daggerheart/Portable-FoundryVTT-v13.348/App/resources/app/dist/database/backend/server-document.mjs:1:3713)\n    at Function._migrateDocuments (file:///C:/Users/rafam/Documents/Rol/Daggerheart/Greg%20Mach/DM%20Stuff/Foundry%20daggerheart/Foundry-daggerheart/Portable-FoundryVTT-v13.348/App/resources/app/dist/database/backend/server-document.mjs:1:2782)","timestamp":"2026-02-05 20:19:20"}
{"level":"error","message":"An error occurred during the migration of Item record [dFf4rDZSjNeqMjIl] of database \"daggerheart-advmanager.all-features\":\nError: Documents from a core version newer than the running version cannot be migrated\n    at Function._migrateRecord (file:///C:/Users/rafam/Documents/Rol/Daggerheart/Greg%20Mach/DM%20Stuff/Foundry%20daggerheart/Foundry-daggerheart/Portable-FoundryVTT-v13.348/App/resources/app/dist/database/backend/server-document.mjs:1:3713)\n    at Function._migrateDocuments (file:///C:/Users/rafam/Documents/Rol/Daggerheart/Greg%20Mach/DM%20Stuff/Foundry%20daggerheart/Foundry-daggerheart/Portable-FoundryVTT-v13.348/App/resources/app/dist/database/backend/server-document.mjs:1:2782)","timestamp":"2026-02-05 20:19:20"}
{"level":"error","message":"An error occurred during the migration of Item record [dFfiYLZ3JMLA7Noz] of database \"daggerheart-advmanager.all-features\":\nError: Documents from a core version newer than the running version cannot be migrated\n    at Function._migrateRecord (file:///C:/Users/rafam/Documents/Rol/Daggerheart/Greg%20Mach/DM%20Stuff/Foundry%20daggerheart/Foundry-daggerheart/Portable-FoundryVTT-v13.348/App/resources/app/dist/database/backend/server-document.mjs:1:3713)\n    at Function._migrateDocuments (file:///C:/Users/rafam/Documents/Rol/Daggerheart/Greg%20Mach/DM%20Stuff/Foundry%20daggerheart/Foundry-daggerheart/Portable-FoundryVTT-v13.348/App/resources/app/dist/database/backend/server-document.mjs:1:2782)","timestamp":"2026-02-05 20:19:20"}
{"level":"error","message":"An error occurred during the migration of Item record [dRT2WdpqVOqVSrEk] of database \"daggerheart-advmanager.all-features\":\nError: Documents from a core version newer than the running version cannot be migrated\n    at Function._migrateRecord (file:///C:/Users/rafam/Documents/Rol/Daggerheart/Greg%20Mach/DM%20Stuff/Foundry%20daggerheart/Foundry-daggerheart/Portable-FoundryVTT-v13.348/App/resources/app/dist/database/backend/server-document.mjs:1:3713)\n    at Function._migrateDocuments (file:///C:/Users/rafam/Documents/Rol/Daggerheart/Greg%20Mach/DM%20Stuff/Foundry%20daggerheart/Foundry-daggerheart/Portable-FoundryVTT-v13.348/App/resources/app/dist/database/backend/server-document.mjs:1:2782)","timestamp":"2026-02-05 20:19:20"}
{"level":"error","message":"An error occurred during the migration of Item record [dcQk0KSuwac4Gq6S] of database \"daggerheart-advmanager.all-features\":\nError: Documents from a core version newer than the running version cannot be migrated\n    at Function._migrateRecord (file:///C:/Users/rafam/Documents/Rol/Daggerheart/Greg%20Mach/DM%20Stuff/Foundry%20daggerheart/Foundry-daggerheart/Portable-FoundryVTT-v13.348/App/resources/app/dist/database/backend/server-document.mjs:1:3713)\n    at Function._migrateDocuments (file:///C:/Users/rafam/Documents/Rol/Daggerheart/Greg%20Mach/DM%20Stuff/Foundry%20daggerheart/Foundry-daggerheart/Portable-FoundryVTT-v13.348/App/resources/app/dist/database/backend/server-document.mjs:1:2782)","timestamp":"2026-02-05 20:19:20"}
{"level":"error","message":"An error occurred during the migration of Item record [dgmTsnAqGW4TNwJr] of database \"daggerheart-advmanager.all-features\":\nError: Documents from a core version newer than the running version cannot be migrated\n    at Function._migrateRecord (file:///C:/Users/rafam/Documents/Rol/Daggerheart/Greg%20Mach/DM%20Stuff/Foundry%20daggerheart/Foundry-daggerheart/Portable-FoundryVTT-v13.348/App/resources/app/dist/database/backend/server-document.mjs:1:3713)\n    at Function._migrateDocuments (file:///C:/Users/rafam/Documents/Rol/Daggerheart/Greg%20Mach/DM%20Stuff/Foundry%20daggerheart/Foundry-daggerheart/Portable-FoundryVTT-v13.348/App/resources/app/dist/database/backend/server-document.mjs:1:2782)","timestamp":"2026-02-05 20:19:20"}
{"level":"error","message":"An error occurred during the migration of Item record [dpVZkMZym5K9Nmhz] of database \"daggerheart-advmanager.all-features\":\nError: Documents from a core version newer than the running version cannot be migrated\n    at Function._migrateRecord (file:///C:/Users/rafam/Documents/Rol/Daggerheart/Greg%20Mach/DM%20Stuff/Foundry%20daggerheart/Foundry-daggerheart/Portable-FoundryVTT-v13.348/App/resources/app/dist/database/backend/server-document.mjs:1:3713)\n    at Function._migrateDocuments (file:///C:/Users/rafam/Documents/Rol/Daggerheart/Greg%20Mach/DM%20Stuff/Foundry%20daggerheart/Foundry-daggerheart/Portable-FoundryVTT-v13.348/App/resources/app/dist/database/backend/server-document.mjs:1:2782)","timestamp":"2026-02-05 20:19:20"}
{"level":"error","message":"An error occurred during the migration of Item record [dsuoIRF8CcwOoQ1t] of database \"daggerheart-advmanager.all-features\":\nError: Documents from a core version newer than the running version cannot be migrated\n    at Function._migrateRecord (file:///C:/Users/rafam/Documents/Rol/Daggerheart/Greg%20Mach/DM%20Stuff/Foundry%20daggerheart/Foundry-daggerheart/Portable-FoundryVTT-v13.348/App/resources/app/dist/database/backend/server-document.mjs:1:3713)\n    at Function._migrateDocuments (file:///C:/Users/rafam/Documents/Rol/Daggerheart/Greg%20Mach/DM%20Stuff/Foundry%20daggerheart/Foundry-daggerheart/Portable-FoundryVTT-v13.348/App/resources/app/dist/database/backend/server-document.mjs:1:2782)","timestamp":"2026-02-05 20:19:20"}
{"level":"error","message":"An error occurred during the migration of Item record [e9O6V9LI3CoV4FiH] of database \"daggerheart-advmanager.all-features\":\nError: Documents from a core version newer than the running version cannot be migrated\n    at Function._migrateRecord (file:///C:/Users/rafam/Documents/Rol/Daggerheart/Greg%20Mach/DM%20Stuff/Foundry%20daggerheart/Foundry-daggerheart/Portable-FoundryVTT-v13.348/App/resources/app/dist/database/backend/server-document.mjs:1:3713)\n    at Function._migrateDocuments (file:///C:/Users/rafam/Documents/Rol/Daggerheart/Greg%20Mach/DM%20Stuff/Foundry%20daggerheart/Foundry-daggerheart/Portable-FoundryVTT-v13.348/App/resources/app/dist/database/backend/server-document.mjs:1:2782)","timestamp":"2026-02-05 20:19:20"}
{"level":"error","message":"An error occurred during the migration of Item record [eOlvrcA0FQFckquN] of database \"daggerheart-advmanager.all-features\":\nError: Documents from a core version newer than the running version cannot be migrated\n    at Function._migrateRecord (file:///C:/Users/rafam/Documents/Rol/Daggerheart/Greg%20Mach/DM%20Stuff/Foundry%20daggerheart/Foundry-daggerheart/Portable-FoundryVTT-v13.348/App/resources/app/dist/database/backend/server-document.mjs:1:3713)\n    at Function._migrateDocuments (file:///C:/Users/rafam/Documents/Rol/Daggerheart/Greg%20Mach/DM%20Stuff/Foundry%20daggerheart/Foundry-daggerheart/Portable-FoundryVTT-v13.348/App/resources/app/dist/database/backend/server-document.mjs:1:2782)","timestamp":"2026-02-05 20:19:20"}
{"level":"error","message":"An error occurred during the migration of Item record [eRMzxXwLUIPEFMx0] of database \"daggerheart-advmanager.all-features\":\nError: Documents from a core version newer than the running version cannot be migrated\n    at Function._migrateRecord (file:///C:/Users/rafam/Documents/Rol/Daggerheart/Greg%20Mach/DM%20Stuff/Foundry%20daggerheart/Foundry-daggerheart/Portable-FoundryVTT-v13.348/App/resources/app/dist/database/backend/server-document.mjs:1:3713)\n    at Function._migrateDocuments (file:///C:/Users/rafam/Documents/Rol/Daggerheart/Greg%20Mach/DM%20Stuff/Foundry%20daggerheart/Foundry-daggerheart/Portable-FoundryVTT-v13.348/App/resources/app/dist/database/backend/server-document.mjs:1:2782)","timestamp":"2026-02-05 20:19:20"}
{"level":"error","message":"An error occurred during the migration of Item record [ekBxLZtnPFMP3PqH] of database \"daggerheart-advmanager.all-features\":\nError: Documents from a core version newer than the running version cannot be migrated\n    at Function._migrateRecord (file:///C:/Users/rafam/Documents/Rol/Daggerheart/Greg%20Mach/DM%20Stuff/Foundry%20daggerheart/Foundry-daggerheart/Portable-FoundryVTT-v13.348/App/resources/app/dist/database/backend/server-document.mjs:1:3713)\n    at Function._migrateDocuments (file:///C:/Users/rafam/Documents/Rol/Daggerheart/Greg%20Mach/DM%20Stuff/Foundry%20daggerheart/Foundry-daggerheart/Portable-FoundryVTT-v13.348/App/resources/app/dist/database/backend/server-document.mjs:1:2782)","timestamp":"2026-02-05 20:19:20"}
{"level":"error","message":"An error occurred during the migration of Item record [elJKsRN7GyzNEtcw] of database \"daggerheart-advmanager.all-features\":\nError: Documents from a core version newer than the running version cannot be migrated\n    at Function._migrateRecord (file:///C:/Users/rafam/Documents/Rol/Daggerheart/Greg%20Mach/DM%20Stuff/Foundry%20daggerheart/Foundry-daggerheart/Portable-FoundryVTT-v13.348/App/resources/app/dist/database/backend/server-document.mjs:1:3713)\n    at Function._migrateDocuments (file:///C:/Users/rafam/Documents/Rol/Daggerheart/Greg%20Mach/DM%20Stuff/Foundry%20daggerheart/Foundry-daggerheart/Portable-FoundryVTT-v13.348/App/resources/app/dist/database/backend/server-document.mjs:1:2782)","timestamp":"2026-02-05 20:19:20"}
{"level":"error","message":"An error occurred during the migration of Item record [eoyrFkY4f0YjUc2p] of database \"daggerheart-advmanager.all-features\":\nError: Documents from a core version newer than the running version cannot be migrated\n    at Function._migrateRecord (file:///C:/Users/rafam/Documents/Rol/Daggerheart/Greg%20Mach/DM%20Stuff/Foundry%20daggerheart/Foundry-daggerheart/Portable-FoundryVTT-v13.348/App/resources/app/dist/database/backend/server-document.mjs:1:3713)\n    at Function._migrateDocuments (file:///C:/Users/rafam/Documents/Rol/Daggerheart/Greg%20Mach/DM%20Stuff/Foundry%20daggerheart/Foundry-daggerheart/Portable-FoundryVTT-v13.348/App/resources/app/dist/database/backend/server-document.mjs:1:2782)","timestamp":"2026-02-05 20:19:20"}
{"level":"error","message":"An error occurred during the migration of Item record [fDFMIU1KMSUX8JPd] of database \"daggerheart-advmanager.all-features\":\nError: Documents from a core version newer than the running version cannot be migrated\n    at Function._migrateRecord (file:///C:/Users/rafam/Documents/Rol/Daggerheart/Greg%20Mach/DM%20Stuff/Foundry%20daggerheart/Foundry-daggerheart/Portable-FoundryVTT-v13.348/App/resources/app/dist/database/backend/server-document.mjs:1:3713)\n    at Function._migrateDocuments (file:///C:/Users/rafam/Documents/Rol/Daggerheart/Greg%20Mach/DM%20Stuff/Foundry%20daggerheart/Foundry-daggerheart/Portable-FoundryVTT-v13.348/App/resources/app/dist/database/backend/server-document.mjs:1:2782)","timestamp":"2026-02-05 20:19:20"}
{"level":"error","message":"An error occurred during the migration of Item record [fPJWCOdA80x8jM5U] of database \"daggerheart-advmanager.all-features\":\nError: Documents from a core version newer than the running version cannot be migrated\n    at Function._migrateRecord (file:///C:/Users/rafam/Documents/Rol/Daggerheart/Greg%20Mach/DM%20Stuff/Foundry%20daggerheart/Foundry-daggerheart/Portable-FoundryVTT-v13.348/App/resources/app/dist/database/backend/server-document.mjs:1:3713)\n    at Function._migrateDocuments (file:///C:/Users/rafam/Documents/Rol/Daggerheart/Greg%20Mach/DM%20Stuff/Foundry%20daggerheart/Foundry-daggerheart/Portable-FoundryVTT-v13.348/App/resources/app/dist/database/backend/server-document.mjs:1:2782)","timestamp":"2026-02-05 20:19:20"}
{"level":"error","message":"An error occurred during the migration of Item record [fUjRFonNQkn9vbCo] of database \"daggerheart-advmanager.all-features\":\nError: Documents from a core version newer than the running version cannot be migrated\n    at Function._migrateRecord (file:///C:/Users/rafam/Documents/Rol/Daggerheart/Greg%20Mach/DM%20Stuff/Foundry%20daggerheart/Foundry-daggerheart/Portable-FoundryVTT-v13.348/App/resources/app/dist/database/backend/server-document.mjs:1:3713)\n    at Function._migrateDocuments (file:///C:/Users/rafam/Documents/Rol/Daggerheart/Greg%20Mach/DM%20Stuff/Foundry%20daggerheart/Foundry-daggerheart/Portable-FoundryVTT-v13.348/App/resources/app/dist/database/backend/server-document.mjs:1:2782)","timestamp":"2026-02-05 20:19:20"}
{"level":"error","message":"An error occurred during the migration of Item record [fXHW53lbEnzvP3YQ] of database \"daggerheart-advmanager.all-features\":\nError: Documents from a core version newer than the running version cannot be migrated\n    at Function._migrateRecord (file:///C:/Users/rafam/Documents/Rol/Daggerheart/Greg%20Mach/DM%20Stuff/Foundry%20daggerheart/Foundry-daggerheart/Portable-FoundryVTT-v13.348/App/resources/app/dist/database/backend/server-document.mjs:1:3713)\n    at Function._migrateDocuments (file:///C:/Users/rafam/Documents/Rol/Daggerheart/Greg%20Mach/DM%20Stuff/Foundry%20daggerheart/Foundry-daggerheart/Portable-FoundryVTT-v13.348/App/resources/app/dist/database/backend/server-document.mjs:1:2782)","timestamp":"2026-02-05 20:19:20"}
{"level":"error","message":"An error occurred during the migration of Item record [ff3tq0wgjA4BSzG8] of database \"daggerheart-advmanager.all-features\":\nError: Documents from a core version newer than the running version cannot be migrated\n    at Function._migrateRecord (file:///C:/Users/rafam/Documents/Rol/Daggerheart/Greg%20Mach/DM%20Stuff/Foundry%20daggerheart/Foundry-daggerheart/Portable-FoundryVTT-v13.348/App/resources/app/dist/database/backend/server-document.mjs:1:3713)\n    at Function._migrateDocuments (file:///C:/Users/rafam/Documents/Rol/Daggerheart/Greg%20Mach/DM%20Stuff/Foundry%20daggerheart/Foundry-daggerheart/Portable-FoundryVTT-v13.348/App/resources/app/dist/database/backend/server-document.mjs:1:2782)","timestamp":"2026-02-05 20:19:20"}
{"level":"error","message":"An error occurred during the migration of Item record [fiyBhVtZqe6vSZNT] of database \"daggerheart-advmanager.all-features\":\nError: Documents from a core version newer than the running version cannot be migrated\n    at Function._migrateRecord (file:///C:/Users/rafam/Documents/Rol/Daggerheart/Greg%20Mach/DM%20Stuff/Foundry%20daggerheart/Foundry-daggerheart/Portable-FoundryVTT-v13.348/App/resources/app/dist/database/backend/server-document.mjs:1:3713)\n    at Function._migrateDocuments (file:///C:/Users/rafam/Documents/Rol/Daggerheart/Greg%20Mach/DM%20Stuff/Foundry%20daggerheart/Foundry-daggerheart/Portable-FoundryVTT-v13.348/App/resources/app/dist/database/backend/server-document.mjs:1:2782)","timestamp":"2026-02-05 20:19:20"}
{"level":"error","message":"An error occurred during the migration of Item record [foxjWehi2AnZkjD9] of database \"daggerheart-advmanager.all-features\":\nError: Documents from a core version newer than the running version cannot be migrated\n    at Function._migrateRecord (file:///C:/Users/rafam/Documents/Rol/Daggerheart/Greg%20Mach/DM%20Stuff/Foundry%20daggerheart/Foundry-daggerheart/Portable-FoundryVTT-v13.348/App/resources/app/dist/database/backend/server-document.mjs:1:3713)\n    at Function._migrateDocuments (file:///C:/Users/rafam/Documents/Rol/Daggerheart/Greg%20Mach/DM%20Stuff/Foundry%20daggerheart/Foundry-daggerheart/Portable-FoundryVTT-v13.348/App/resources/app/dist/database/backend/server-document.mjs:1:2782)","timestamp":"2026-02-05 20:19:20"}
{"level":"error","message":"An error occurred during the migration of Item record [gAX9a3v3bLgUYkRF] of database \"daggerheart-advmanager.all-features\":\nError: Documents from a core version newer than the running version cannot be migrated\n    at Function._migrateRecord (file:///C:/Users/rafam/Documents/Rol/Daggerheart/Greg%20Mach/DM%20Stuff/Foundry%20daggerheart/Foundry-daggerheart/Portable-FoundryVTT-v13.348/App/resources/app/dist/database/backend/server-document.mjs:1:3713)\n    at Function._migrateDocuments (file:///C:/Users/rafam/Documents/Rol/Daggerheart/Greg%20Mach/DM%20Stuff/Foundry%20daggerheart/Foundry-daggerheart/Portable-FoundryVTT-v13.348/App/resources/app/dist/database/backend/server-document.mjs:1:2782)","timestamp":"2026-02-05 20:19:20"}
{"level":"error","message":"An error occurred during the migration of Item record [gAyx6m832fgQgS3i] of database \"daggerheart-advmanager.all-features\":\nError: Documents from a core version newer than the running version cannot be migrated\n    at Function._migrateRecord (file:///C:/Users/rafam/Documents/Rol/Daggerheart/Greg%20Mach/DM%20Stuff/Foundry%20daggerheart/Foundry-daggerheart/Portable-FoundryVTT-v13.348/App/resources/app/dist/database/backend/server-document.mjs:1:3713)\n    at Function._migrateDocuments (file:///C:/Users/rafam/Documents/Rol/Daggerheart/Greg%20Mach/DM%20Stuff/Foundry%20daggerheart/Foundry-daggerheart/Portable-FoundryVTT-v13.348/App/resources/app/dist/database/backend/server-document.mjs:1:2782)","timestamp":"2026-02-05 20:19:20"}
{"level":"error","message":"An error occurred during the migration of Item record [gI2lhRsoQcs3lLMW] of database \"daggerheart-advmanager.all-features\":\nError: Documents from a core version newer than the running version cannot be migrated\n    at Function._migrateRecord (file:///C:/Users/rafam/Documents/Rol/Daggerheart/Greg%20Mach/DM%20Stuff/Foundry%20daggerheart/Foundry-daggerheart/Portable-FoundryVTT-v13.348/App/resources/app/dist/database/backend/server-document.mjs:1:3713)\n    at Function._migrateDocuments (file:///C:/Users/rafam/Documents/Rol/Daggerheart/Greg%20Mach/DM%20Stuff/Foundry%20daggerheart/Foundry-daggerheart/Portable-FoundryVTT-v13.348/App/resources/app/dist/database/backend/server-document.mjs:1:2782)","timestamp":"2026-02-05 20:19:20"}
{"level":"error","message":"An error occurred during the migration of Item record [gKHN35bDN0nsEgZ2] of database \"daggerheart-advmanager.all-features\":\nError: Documents from a core version newer than the running version cannot be migrated\n    at Function._migrateRecord (file:///C:/Users/rafam/Documents/Rol/Daggerheart/Greg%20Mach/DM%20Stuff/Foundry%20daggerheart/Foundry-daggerheart/Portable-FoundryVTT-v13.348/App/resources/app/dist/database/backend/server-document.mjs:1:3713)\n    at Function._migrateDocuments (file:///C:/Users/rafam/Documents/Rol/Daggerheart/Greg%20Mach/DM%20Stuff/Foundry%20daggerheart/Foundry-daggerheart/Portable-FoundryVTT-v13.348/App/resources/app/dist/database/backend/server-document.mjs:1:2782)","timestamp":"2026-02-05 20:19:20"}
{"level":"error","message":"An error occurred during the migration of Item record [gVTNFPBpFe0szzcQ] of database \"daggerheart-advmanager.all-features\":\nError: Documents from a core version newer than the running version cannot be migrated\n    at Function._migrateRecord (file:///C:/Users/rafam/Documents/Rol/Daggerheart/Greg%20Mach/DM%20Stuff/Foundry%20daggerheart/Foundry-daggerheart/Portable-FoundryVTT-v13.348/App/resources/app/dist/database/backend/server-document.mjs:1:3713)\n    at Function._migrateDocuments (file:///C:/Users/rafam/Documents/Rol/Daggerheart/Greg%20Mach/DM%20Stuff/Foundry%20daggerheart/Foundry-daggerheart/Portable-FoundryVTT-v13.348/App/resources/app/dist/database/backend/server-document.mjs:1:2782)","timestamp":"2026-02-05 20:19:20"}
{"level":"error","message":"An error occurred during the migration of Item record [gWKnmBWJWTKfBtPR] of database \"daggerheart-advmanager.all-features\":\nError: Documents from a core version newer than the running version cannot be migrated\n    at Function._migrateRecord (file:///C:/Users/rafam/Documents/Rol/Daggerheart/Greg%20Mach/DM%20Stuff/Foundry%20daggerheart/Foundry-daggerheart/Portable-FoundryVTT-v13.348/App/resources/app/dist/database/backend/server-document.mjs:1:3713)\n    at Function._migrateDocuments (file:///C:/Users/rafam/Documents/Rol/Daggerheart/Greg%20Mach/DM%20Stuff/Foundry%20daggerheart/Foundry-daggerheart/Portable-FoundryVTT-v13.348/App/resources/app/dist/database/backend/server-document.mjs:1:2782)","timestamp":"2026-02-05 20:19:20"}
{"level":"error","message":"An error occurred during the migration of Item record [gZXUGJXradsSSlEB] of database \"daggerheart-advmanager.all-features\":\nError: Documents from a core version newer than the running version cannot be migrated\n    at Function._migrateRecord (file:///C:/Users/rafam/Documents/Rol/Daggerheart/Greg%20Mach/DM%20Stuff/Foundry%20daggerheart/Foundry-daggerheart/Portable-FoundryVTT-v13.348/App/resources/app/dist/database/backend/server-document.mjs:1:3713)\n    at Function._migrateDocuments (file:///C:/Users/rafam/Documents/Rol/Daggerheart/Greg%20Mach/DM%20Stuff/Foundry%20daggerheart/Foundry-daggerheart/Portable-FoundryVTT-v13.348/App/resources/app/dist/database/backend/server-document.mjs:1:2782)","timestamp":"2026-02-05 20:19:20"}
{"level":"error","message":"An error occurred during the migration of Item record [glnjNUQjKDiyIgQ1] of database \"daggerheart-advmanager.all-features\":\nError: Documents from a core version newer than the running version cannot be migrated\n    at Function._migrateRecord (file:///C:/Users/rafam/Documents/Rol/Daggerheart/Greg%20Mach/DM%20Stuff/Foundry%20daggerheart/Foundry-daggerheart/Portable-FoundryVTT-v13.348/App/resources/app/dist/database/backend/server-document.mjs:1:3713)\n    at Function._migrateDocuments (file:///C:/Users/rafam/Documents/Rol/Daggerheart/Greg%20Mach/DM%20Stuff/Foundry%20daggerheart/Foundry-daggerheart/Portable-FoundryVTT-v13.348/App/resources/app/dist/database/backend/server-document.mjs:1:2782)","timestamp":"2026-02-05 20:19:20"}
{"level":"error","message":"An error occurred during the migration of Item record [gs5UntBhDz7EYl1N] of database \"daggerheart-advmanager.all-features\":\nError: Documents from a core version newer than the running version cannot be migrated\n    at Function._migrateRecord (file:///C:/Users/rafam/Documents/Rol/Daggerheart/Greg%20Mach/DM%20Stuff/Foundry%20daggerheart/Foundry-daggerheart/Portable-FoundryVTT-v13.348/App/resources/app/dist/database/backend/server-document.mjs:1:3713)\n    at Function._migrateDocuments (file:///C:/Users/rafam/Documents/Rol/Daggerheart/Greg%20Mach/DM%20Stuff/Foundry%20daggerheart/Foundry-daggerheart/Portable-FoundryVTT-v13.348/App/resources/app/dist/database/backend/server-document.mjs:1:2782)","timestamp":"2026-02-05 20:19:20"}
{"level":"error","message":"An error occurred during the migration of Item record [h4mJ5UNw2lBykzyc] of database \"daggerheart-advmanager.all-features\":\nError: Documents from a core version newer than the running version cannot be migrated\n    at Function._migrateRecord (file:///C:/Users/rafam/Documents/Rol/Daggerheart/Greg%20Mach/DM%20Stuff/Foundry%20daggerheart/Foundry-daggerheart/Portable-FoundryVTT-v13.348/App/resources/app/dist/database/backend/server-document.mjs:1:3713)\n    at Function._migrateDocuments (file:///C:/Users/rafam/Documents/Rol/Daggerheart/Greg%20Mach/DM%20Stuff/Foundry%20daggerheart/Foundry-daggerheart/Portable-FoundryVTT-v13.348/App/resources/app/dist/database/backend/server-document.mjs:1:2782)","timestamp":"2026-02-05 20:19:20"}
{"level":"error","message":"An error occurred during the migration of Item record [h5sFsGksVtzBkeMj] of database \"daggerheart-advmanager.all-features\":\nError: Documents from a core version newer than the running version cannot be migrated\n    at Function._migrateRecord (file:///C:/Users/rafam/Documents/Rol/Daggerheart/Greg%20Mach/DM%20Stuff/Foundry%20daggerheart/Foundry-daggerheart/Portable-FoundryVTT-v13.348/App/resources/app/dist/database/backend/server-document.mjs:1:3713)\n    at Function._migrateDocuments (file:///C:/Users/rafam/Documents/Rol/Daggerheart/Greg%20Mach/DM%20Stuff/Foundry%20daggerheart/Foundry-daggerheart/Portable-FoundryVTT-v13.348/App/resources/app/dist/database/backend/server-document.mjs:1:2782)","timestamp":"2026-02-05 20:19:20"}
{"level":"error","message":"An error occurred during the migration of Item record [hp8sMVpL5ruqrztC] of database \"daggerheart-advmanager.all-features\":\nError: Documents from a core version newer than the running version cannot be migrated\n    at Function._migrateRecord (file:///C:/Users/rafam/Documents/Rol/Daggerheart/Greg%20Mach/DM%20Stuff/Foundry%20daggerheart/Foundry-daggerheart/Portable-FoundryVTT-v13.348/App/resources/app/dist/database/backend/server-document.mjs:1:3713)\n    at Function._migrateDocuments (file:///C:/Users/rafam/Documents/Rol/Daggerheart/Greg%20Mach/DM%20Stuff/Foundry%20daggerheart/Foundry-daggerheart/Portable-FoundryVTT-v13.348/App/resources/app/dist/database/backend/server-document.mjs:1:2782)","timestamp":"2026-02-05 20:19:20"}
{"level":"error","message":"An error occurred during the migration of Item record [hxjuDpdl7xzUIP0k] of database \"daggerheart-advmanager.all-features\":\nError: Documents from a core version newer than the running version cannot be migrated\n    at Function._migrateRecord (file:///C:/Users/rafam/Documents/Rol/Daggerheart/Greg%20Mach/DM%20Stuff/Foundry%20daggerheart/Foundry-daggerheart/Portable-FoundryVTT-v13.348/App/resources/app/dist/database/backend/server-document.mjs:1:3713)\n    at Function._migrateDocuments (file:///C:/Users/rafam/Documents/Rol/Daggerheart/Greg%20Mach/DM%20Stuff/Foundry%20daggerheart/Foundry-daggerheart/Portable-FoundryVTT-v13.348/App/resources/app/dist/database/backend/server-document.mjs:1:2782)","timestamp":"2026-02-05 20:19:20"}
{"level":"error","message":"An error occurred during the migration of Item record [i25hqFCtUmlid9cC] of database \"daggerheart-advmanager.all-features\":\nError: Documents from a core version newer than the running version cannot be migrated\n    at Function._migrateRecord (file:///C:/Users/rafam/Documents/Rol/Daggerheart/Greg%20Mach/DM%20Stuff/Foundry%20daggerheart/Foundry-daggerheart/Portable-FoundryVTT-v13.348/App/resources/app/dist/database/backend/server-document.mjs:1:3713)\n    at Function._migrateDocuments (file:///C:/Users/rafam/Documents/Rol/Daggerheart/Greg%20Mach/DM%20Stuff/Foundry%20daggerheart/Foundry-daggerheart/Portable-FoundryVTT-v13.348/App/resources/app/dist/database/backend/server-document.mjs:1:2782)","timestamp":"2026-02-05 20:19:20"}
{"level":"error","message":"An error occurred during the migration of Item record [iAYorfpfs2kCXWcA] of database \"daggerheart-advmanager.all-features\":\nError: Documents from a core version newer than the running version cannot be migrated\n    at Function._migrateRecord (file:///C:/Users/rafam/Documents/Rol/Daggerheart/Greg%20Mach/DM%20Stuff/Foundry%20daggerheart/Foundry-daggerheart/Portable-FoundryVTT-v13.348/App/resources/app/dist/database/backend/server-document.mjs:1:3713)\n    at Function._migrateDocuments (file:///C:/Users/rafam/Documents/Rol/Daggerheart/Greg%20Mach/DM%20Stuff/Foundry%20daggerheart/Foundry-daggerheart/Portable-FoundryVTT-v13.348/App/resources/app/dist/database/backend/server-document.mjs:1:2782)","timestamp":"2026-02-05 20:19:20"}
{"level":"error","message":"An error occurred during the migration of Item record [iNuy48QMcTbWzNLP] of database \"daggerheart-advmanager.all-features\":\nError: Documents from a core version newer than the running version cannot be migrated\n    at Function._migrateRecord (file:///C:/Users/rafam/Documents/Rol/Daggerheart/Greg%20Mach/DM%20Stuff/Foundry%20daggerheart/Foundry-daggerheart/Portable-FoundryVTT-v13.348/App/resources/app/dist/database/backend/server-document.mjs:1:3713)\n    at Function._migrateDocuments (file:///C:/Users/rafam/Documents/Rol/Daggerheart/Greg%20Mach/DM%20Stuff/Foundry%20daggerheart/Foundry-daggerheart/Portable-FoundryVTT-v13.348/App/resources/app/dist/database/backend/server-document.mjs:1:2782)","timestamp":"2026-02-05 20:19:20"}
{"level":"error","message":"An error occurred during the migration of Item record [iOBy0613RupOluIw] of database \"daggerheart-advmanager.all-features\":\nError: Documents from a core version newer than the running version cannot be migrated\n    at Function._migrateRecord (file:///C:/Users/rafam/Documents/Rol/Daggerheart/Greg%20Mach/DM%20Stuff/Foundry%20daggerheart/Foundry-daggerheart/Portable-FoundryVTT-v13.348/App/resources/app/dist/database/backend/server-document.mjs:1:3713)\n    at Function._migrateDocuments (file:///C:/Users/rafam/Documents/Rol/Daggerheart/Greg%20Mach/DM%20Stuff/Foundry%20daggerheart/Foundry-daggerheart/Portable-FoundryVTT-v13.348/App/resources/app/dist/database/backend/server-document.mjs:1:2782)","timestamp":"2026-02-05 20:19:20"}
{"level":"error","message":"An error occurred during the migration of Item record [iQzJ47AvU1JwIkSs] of database \"daggerheart-advmanager.all-features\":\nError: Documents from a core version newer than the running version cannot be migrated\n    at Function._migrateRecord (file:///C:/Users/rafam/Documents/Rol/Daggerheart/Greg%20Mach/DM%20Stuff/Foundry%20daggerheart/Foundry-daggerheart/Portable-FoundryVTT-v13.348/App/resources/app/dist/database/backend/server-document.mjs:1:3713)\n    at Function._migrateDocuments (file:///C:/Users/rafam/Documents/Rol/Daggerheart/Greg%20Mach/DM%20Stuff/Foundry%20daggerheart/Foundry-daggerheart/Portable-FoundryVTT-v13.348/App/resources/app/dist/database/backend/server-document.mjs:1:2782)","timestamp":"2026-02-05 20:19:20"}
{"level":"error","message":"An error occurred during the migration of Item record [ib5FWo8pvIJHqJl0] of database \"daggerheart-advmanager.all-features\":\nError: Documents from a core version newer than the running version cannot be migrated\n    at Function._migrateRecord (file:///C:/Users/rafam/Documents/Rol/Daggerheart/Greg%20Mach/DM%20Stuff/Foundry%20daggerheart/Foundry-daggerheart/Portable-FoundryVTT-v13.348/App/resources/app/dist/database/backend/server-document.mjs:1:3713)\n    at Function._migrateDocuments (file:///C:/Users/rafam/Documents/Rol/Daggerheart/Greg%20Mach/DM%20Stuff/Foundry%20daggerheart/Foundry-daggerheart/Portable-FoundryVTT-v13.348/App/resources/app/dist/database/backend/server-document.mjs:1:2782)","timestamp":"2026-02-05 20:19:20"}
{"level":"error","message":"An error occurred during the migration of Item record [ic4riSg9Gm8MkoXj] of database \"daggerheart-advmanager.all-features\":\nError: Documents from a core version newer than the running version cannot be migrated\n    at Function._migrateRecord (file:///C:/Users/rafam/Documents/Rol/Daggerheart/Greg%20Mach/DM%20Stuff/Foundry%20daggerheart/Foundry-daggerheart/Portable-FoundryVTT-v13.348/App/resources/app/dist/database/backend/server-document.mjs:1:3713)\n    at Function._migrateDocuments (file:///C:/Users/rafam/Documents/Rol/Daggerheart/Greg%20Mach/DM%20Stuff/Foundry%20daggerheart/Foundry-daggerheart/Portable-FoundryVTT-v13.348/App/resources/app/dist/database/backend/server-document.mjs:1:2782)","timestamp":"2026-02-05 20:19:20"}
{"level":"error","message":"An error occurred during the migration of Item record [ilA2I4RbcOGX4Z5S] of database \"daggerheart-advmanager.all-features\":\nError: Documents from a core version newer than the running version cannot be migrated\n    at Function._migrateRecord (file:///C:/Users/rafam/Documents/Rol/Daggerheart/Greg%20Mach/DM%20Stuff/Foundry%20daggerheart/Foundry-daggerheart/Portable-FoundryVTT-v13.348/App/resources/app/dist/database/backend/server-document.mjs:1:3713)\n    at Function._migrateDocuments (file:///C:/Users/rafam/Documents/Rol/Daggerheart/Greg%20Mach/DM%20Stuff/Foundry%20daggerheart/Foundry-daggerheart/Portable-FoundryVTT-v13.348/App/resources/app/dist/database/backend/server-document.mjs:1:2782)","timestamp":"2026-02-05 20:19:20"}
{"level":"error","message":"An error occurred during the migration of Item record [ilzqHKawPXG2e1hL] of database \"daggerheart-advmanager.all-features\":\nError: Documents from a core version newer than the running version cannot be migrated\n    at Function._migrateRecord (file:///C:/Users/rafam/Documents/Rol/Daggerheart/Greg%20Mach/DM%20Stuff/Foundry%20daggerheart/Foundry-daggerheart/Portable-FoundryVTT-v13.348/App/resources/app/dist/database/backend/server-document.mjs:1:3713)\n    at Function._migrateDocuments (file:///C:/Users/rafam/Documents/Rol/Daggerheart/Greg%20Mach/DM%20Stuff/Foundry%20daggerheart/Foundry-daggerheart/Portable-FoundryVTT-v13.348/App/resources/app/dist/database/backend/server-document.mjs:1:2782)","timestamp":"2026-02-05 20:19:20"}
{"level":"error","message":"An error occurred during the migration of Item record [ingFX0E6oFIyKNyg] of database \"daggerheart-advmanager.all-features\":\nError: Documents from a core version newer than the running version cannot be migrated\n    at Function._migrateRecord (file:///C:/Users/rafam/Documents/Rol/Daggerheart/Greg%20Mach/DM%20Stuff/Foundry%20daggerheart/Foundry-daggerheart/Portable-FoundryVTT-v13.348/App/resources/app/dist/database/backend/server-document.mjs:1:3713)\n    at Function._migrateDocuments (file:///C:/Users/rafam/Documents/Rol/Daggerheart/Greg%20Mach/DM%20Stuff/Foundry%20daggerheart/Foundry-daggerheart/Portable-FoundryVTT-v13.348/App/resources/app/dist/database/backend/server-document.mjs:1:2782)","timestamp":"2026-02-05 20:19:20"}
{"level":"error","message":"An error occurred during the migration of Item record [iwZAXoXehhEu0iZm] of database \"daggerheart-advmanager.all-features\":\nError: Documents from a core version newer than the running version cannot be migrated\n    at Function._migrateRecord (file:///C:/Users/rafam/Documents/Rol/Daggerheart/Greg%20Mach/DM%20Stuff/Foundry%20daggerheart/Foundry-daggerheart/Portable-FoundryVTT-v13.348/App/resources/app/dist/database/backend/server-document.mjs:1:3713)\n    at Function._migrateDocuments (file:///C:/Users/rafam/Documents/Rol/Daggerheart/Greg%20Mach/DM%20Stuff/Foundry%20daggerheart/Foundry-daggerheart/Portable-FoundryVTT-v13.348/App/resources/app/dist/database/backend/server-document.mjs:1:2782)","timestamp":"2026-02-05 20:19:20"}
{"level":"error","message":"An error occurred during the migration of Item record [ixco01QBfCG2YJB4] of database \"daggerheart-advmanager.all-features\":\nError: Documents from a core version newer than the running version cannot be migrated\n    at Function._migrateRecord (file:///C:/Users/rafam/Documents/Rol/Daggerheart/Greg%20Mach/DM%20Stuff/Foundry%20daggerheart/Foundry-daggerheart/Portable-FoundryVTT-v13.348/App/resources/app/dist/database/backend/server-document.mjs:1:3713)\n    at Function._migrateDocuments (file:///C:/Users/rafam/Documents/Rol/Daggerheart/Greg%20Mach/DM%20Stuff/Foundry%20daggerheart/Foundry-daggerheart/Portable-FoundryVTT-v13.348/App/resources/app/dist/database/backend/server-document.mjs:1:2782)","timestamp":"2026-02-05 20:19:20"}
{"level":"error","message":"An error occurred during the migration of Item record [iz5luHZ2PPXM6ZeX] of database \"daggerheart-advmanager.all-features\":\nError: Documents from a core version newer than the running version cannot be migrated\n    at Function._migrateRecord (file:///C:/Users/rafam/Documents/Rol/Daggerheart/Greg%20Mach/DM%20Stuff/Foundry%20daggerheart/Foundry-daggerheart/Portable-FoundryVTT-v13.348/App/resources/app/dist/database/backend/server-document.mjs:1:3713)\n    at Function._migrateDocuments (file:///C:/Users/rafam/Documents/Rol/Daggerheart/Greg%20Mach/DM%20Stuff/Foundry%20daggerheart/Foundry-daggerheart/Portable-FoundryVTT-v13.348/App/resources/app/dist/database/backend/server-document.mjs:1:2782)","timestamp":"2026-02-05 20:19:20"}
{"level":"error","message":"An error occurred during the migration of Item record [jJMELcv7NmkHwvn1] of database \"daggerheart-advmanager.all-features\":\nError: Documents from a core version newer than the running version cannot be migrated\n    at Function._migrateRecord (file:///C:/Users/rafam/Documents/Rol/Daggerheart/Greg%20Mach/DM%20Stuff/Foundry%20daggerheart/Foundry-daggerheart/Portable-FoundryVTT-v13.348/App/resources/app/dist/database/backend/server-document.mjs:1:3713)\n    at Function._migrateDocuments (file:///C:/Users/rafam/Documents/Rol/Daggerheart/Greg%20Mach/DM%20Stuff/Foundry%20daggerheart/Foundry-daggerheart/Portable-FoundryVTT-v13.348/App/resources/app/dist/database/backend/server-document.mjs:1:2782)","timestamp":"2026-02-05 20:19:20"}
{"level":"error","message":"An error occurred during the migration of Item record [je96TTB34c85MT7X] of database \"daggerheart-advmanager.all-features\":\nError: Documents from a core version newer than the running version cannot be migrated\n    at Function._migrateRecord (file:///C:/Users/rafam/Documents/Rol/Daggerheart/Greg%20Mach/DM%20Stuff/Foundry%20daggerheart/Foundry-daggerheart/Portable-FoundryVTT-v13.348/App/resources/app/dist/database/backend/server-document.mjs:1:3713)\n    at Function._migrateDocuments (file:///C:/Users/rafam/Documents/Rol/Daggerheart/Greg%20Mach/DM%20Stuff/Foundry%20daggerheart/Foundry-daggerheart/Portable-FoundryVTT-v13.348/App/resources/app/dist/database/backend/server-document.mjs:1:2782)","timestamp":"2026-02-05 20:19:20"}
{"level":"error","message":"An error occurred during the migration of Item record [jgDXRDNz1MHcRdDV] of database \"daggerheart-advmanager.all-features\":\nError: Documents from a core version newer than the running version cannot be migrated\n    at Function._migrateRecord (file:///C:/Users/rafam/Documents/Rol/Daggerheart/Greg%20Mach/DM%20Stuff/Foundry%20daggerheart/Foundry-daggerheart/Portable-FoundryVTT-v13.348/App/resources/app/dist/database/backend/server-document.mjs:1:3713)\n    at Function._migrateDocuments (file:///C:/Users/rafam/Documents/Rol/Daggerheart/Greg%20Mach/DM%20Stuff/Foundry%20daggerheart/Foundry-daggerheart/Portable-FoundryVTT-v13.348/App/resources/app/dist/database/backend/server-document.mjs:1:2782)","timestamp":"2026-02-05 20:19:20"}
{"level":"error","message":"An error occurred during the migration of Item record [jqKV04i6dfFDY976] of database \"daggerheart-advmanager.all-features\":\nError: Documents from a core version newer than the running version cannot be migrated\n    at Function._migrateRecord (file:///C:/Users/rafam/Documents/Rol/Daggerheart/Greg%20Mach/DM%20Stuff/Foundry%20daggerheart/Foundry-daggerheart/Portable-FoundryVTT-v13.348/App/resources/app/dist/database/backend/server-document.mjs:1:3713)\n    at Function._migrateDocuments (file:///C:/Users/rafam/Documents/Rol/Daggerheart/Greg%20Mach/DM%20Stuff/Foundry%20daggerheart/Foundry-daggerheart/Portable-FoundryVTT-v13.348/App/resources/app/dist/database/backend/server-document.mjs:1:2782)","timestamp":"2026-02-05 20:19:20"}
{"level":"error","message":"An error occurred during the migration of Item record [jqs1bo37ptsnmOTE] of database \"daggerheart-advmanager.all-features\":\nError: Documents from a core version newer than the running version cannot be migrated\n    at Function._migrateRecord (file:///C:/Users/rafam/Documents/Rol/Daggerheart/Greg%20Mach/DM%20Stuff/Foundry%20daggerheart/Foundry-daggerheart/Portable-FoundryVTT-v13.348/App/resources/app/dist/database/backend/server-document.mjs:1:3713)\n    at Function._migrateDocuments (file:///C:/Users/rafam/Documents/Rol/Daggerheart/Greg%20Mach/DM%20Stuff/Foundry%20daggerheart/Foundry-daggerheart/Portable-FoundryVTT-v13.348/App/resources/app/dist/database/backend/server-document.mjs:1:2782)","timestamp":"2026-02-05 20:19:20"}
{"level":"error","message":"An error occurred during the migration of Item record [jy9orryyCCkP88QF] of database \"daggerheart-advmanager.all-features\":\nError: Documents from a core version newer than the running version cannot be migrated\n    at Function._migrateRecord (file:///C:/Users/rafam/Documents/Rol/Daggerheart/Greg%20Mach/DM%20Stuff/Foundry%20daggerheart/Foundry-daggerheart/Portable-FoundryVTT-v13.348/App/resources/app/dist/database/backend/server-document.mjs:1:3713)\n    at Function._migrateDocuments (file:///C:/Users/rafam/Documents/Rol/Daggerheart/Greg%20Mach/DM%20Stuff/Foundry%20daggerheart/Foundry-daggerheart/Portable-FoundryVTT-v13.348/App/resources/app/dist/database/backend/server-document.mjs:1:2782)","timestamp":"2026-02-05 20:19:20"}
{"level":"error","message":"An error occurred during the migration of Item record [k3iXDBjusf3Q4cb9] of database \"daggerheart-advmanager.all-features\":\nError: Documents from a core version newer than the running version cannot be migrated\n    at Function._migrateRecord (file:///C:/Users/rafam/Documents/Rol/Daggerheart/Greg%20Mach/DM%20Stuff/Foundry%20daggerheart/Foundry-daggerheart/Portable-FoundryVTT-v13.348/App/resources/app/dist/database/backend/server-document.mjs:1:3713)\n    at Function._migrateDocuments (file:///C:/Users/rafam/Documents/Rol/Daggerheart/Greg%20Mach/DM%20Stuff/Foundry%20daggerheart/Foundry-daggerheart/Portable-FoundryVTT-v13.348/App/resources/app/dist/database/backend/server-document.mjs:1:2782)","timestamp":"2026-02-05 20:19:20"}
{"level":"error","message":"An error occurred during the migration of Item record [k9oQ18Pogz8EfyLu] of database \"daggerheart-advmanager.all-features\":\nError: Documents from a core version newer than the running version cannot be migrated\n    at Function._migrateRecord (file:///C:/Users/rafam/Documents/Rol/Daggerheart/Greg%20Mach/DM%20Stuff/Foundry%20daggerheart/Foundry-daggerheart/Portable-FoundryVTT-v13.348/App/resources/app/dist/database/backend/server-document.mjs:1:3713)\n    at Function._migrateDocuments (file:///C:/Users/rafam/Documents/Rol/Daggerheart/Greg%20Mach/DM%20Stuff/Foundry%20daggerheart/Foundry-daggerheart/Portable-FoundryVTT-v13.348/App/resources/app/dist/database/backend/server-document.mjs:1:2782)","timestamp":"2026-02-05 20:19:20"}
{"level":"error","message":"An error occurred during the migration of Item record [kGRdaGa7WHRbM0xW] of database \"daggerheart-advmanager.all-features\":\nError: Documents from a core version newer than the running version cannot be migrated\n    at Function._migrateRecord (file:///C:/Users/rafam/Documents/Rol/Daggerheart/Greg%20Mach/DM%20Stuff/Foundry%20daggerheart/Foundry-daggerheart/Portable-FoundryVTT-v13.348/App/resources/app/dist/database/backend/server-document.mjs:1:3713)\n    at Function._migrateDocuments (file:///C:/Users/rafam/Documents/Rol/Daggerheart/Greg%20Mach/DM%20Stuff/Foundry%20daggerheart/Foundry-daggerheart/Portable-FoundryVTT-v13.348/App/resources/app/dist/database/backend/server-document.mjs:1:2782)","timestamp":"2026-02-05 20:19:20"}
{"level":"error","message":"An error occurred during the migration of Item record [kKfTxwGJtfL0fV09] of database \"daggerheart-advmanager.all-features\":\nError: Documents from a core version newer than the running version cannot be migrated\n    at Function._migrateRecord (file:///C:/Users/rafam/Documents/Rol/Daggerheart/Greg%20Mach/DM%20Stuff/Foundry%20daggerheart/Foundry-daggerheart/Portable-FoundryVTT-v13.348/App/resources/app/dist/database/backend/server-document.mjs:1:3713)\n    at Function._migrateDocuments (file:///C:/Users/rafam/Documents/Rol/Daggerheart/Greg%20Mach/DM%20Stuff/Foundry%20daggerheart/Foundry-daggerheart/Portable-FoundryVTT-v13.348/App/resources/app/dist/database/backend/server-document.mjs:1:2782)","timestamp":"2026-02-05 20:19:20"}
{"level":"error","message":"An error occurred during the migration of Item record [kP043bJTbdDQc7jK] of database \"daggerheart-advmanager.all-features\":\nError: Documents from a core version newer than the running version cannot be migrated\n    at Function._migrateRecord (file:///C:/Users/rafam/Documents/Rol/Daggerheart/Greg%20Mach/DM%20Stuff/Foundry%20daggerheart/Foundry-daggerheart/Portable-FoundryVTT-v13.348/App/resources/app/dist/database/backend/server-document.mjs:1:3713)\n    at Function._migrateDocuments (file:///C:/Users/rafam/Documents/Rol/Daggerheart/Greg%20Mach/DM%20Stuff/Foundry%20daggerheart/Foundry-daggerheart/Portable-FoundryVTT-v13.348/App/resources/app/dist/database/backend/server-document.mjs:1:2782)","timestamp":"2026-02-05 20:19:20"}
{"level":"error","message":"An error occurred during the migration of Item record [l6I626g9LaMX9lhZ] of database \"daggerheart-advmanager.all-features\":\nError: Documents from a core version newer than the running version cannot be migrated\n    at Function._migrateRecord (file:///C:/Users/rafam/Documents/Rol/Daggerheart/Greg%20Mach/DM%20Stuff/Foundry%20daggerheart/Foundry-daggerheart/Portable-FoundryVTT-v13.348/App/resources/app/dist/database/backend/server-document.mjs:1:3713)\n    at Function._migrateDocuments (file:///C:/Users/rafam/Documents/Rol/Daggerheart/Greg%20Mach/DM%20Stuff/Foundry%20daggerheart/Foundry-daggerheart/Portable-FoundryVTT-v13.348/App/resources/app/dist/database/backend/server-document.mjs:1:2782)","timestamp":"2026-02-05 20:19:20"}
{"level":"error","message":"An error occurred during the migration of Item record [lWUT12PUtCPyaNTl] of database \"daggerheart-advmanager.all-features\":\nError: Documents from a core version newer than the running version cannot be migrated\n    at Function._migrateRecord (file:///C:/Users/rafam/Documents/Rol/Daggerheart/Greg%20Mach/DM%20Stuff/Foundry%20daggerheart/Foundry-daggerheart/Portable-FoundryVTT-v13.348/App/resources/app/dist/database/backend/server-document.mjs:1:3713)\n    at Function._migrateDocuments (file:///C:/Users/rafam/Documents/Rol/Daggerheart/Greg%20Mach/DM%20Stuff/Foundry%20daggerheart/Foundry-daggerheart/Portable-FoundryVTT-v13.348/App/resources/app/dist/database/backend/server-document.mjs:1:2782)","timestamp":"2026-02-05 20:19:20"}
{"level":"error","message":"An error occurred during the migration of Item record [lgscKTAJbcmkYbpO] of database \"daggerheart-advmanager.all-features\":\nError: Documents from a core version newer than the running version cannot be migrated\n    at Function._migrateRecord (file:///C:/Users/rafam/Documents/Rol/Daggerheart/Greg%20Mach/DM%20Stuff/Foundry%20daggerheart/Foundry-daggerheart/Portable-FoundryVTT-v13.348/App/resources/app/dist/database/backend/server-document.mjs:1:3713)\n    at Function._migrateDocuments (file:///C:/Users/rafam/Documents/Rol/Daggerheart/Greg%20Mach/DM%20Stuff/Foundry%20daggerheart/Foundry-daggerheart/Portable-FoundryVTT-v13.348/App/resources/app/dist/database/backend/server-document.mjs:1:2782)","timestamp":"2026-02-05 20:19:20"}
{"level":"error","message":"An error occurred during the migration of Item record [liFDEFmQrX2ALxXV] of database \"daggerheart-advmanager.all-features\":\nError: Documents from a core version newer than the running version cannot be migrated\n    at Function._migrateRecord (file:///C:/Users/rafam/Documents/Rol/Daggerheart/Greg%20Mach/DM%20Stuff/Foundry%20daggerheart/Foundry-daggerheart/Portable-FoundryVTT-v13.348/App/resources/app/dist/database/backend/server-document.mjs:1:3713)\n    at Function._migrateDocuments (file:///C:/Users/rafam/Documents/Rol/Daggerheart/Greg%20Mach/DM%20Stuff/Foundry%20daggerheart/Foundry-daggerheart/Portable-FoundryVTT-v13.348/App/resources/app/dist/database/backend/server-document.mjs:1:2782)","timestamp":"2026-02-05 20:19:20"}
{"level":"error","message":"An error occurred during the migration of Item record [lmRv6lqCL5khylSj] of database \"daggerheart-advmanager.all-features\":\nError: Documents from a core version newer than the running version cannot be migrated\n    at Function._migrateRecord (file:///C:/Users/rafam/Documents/Rol/Daggerheart/Greg%20Mach/DM%20Stuff/Foundry%20daggerheart/Foundry-daggerheart/Portable-FoundryVTT-v13.348/App/resources/app/dist/database/backend/server-document.mjs:1:3713)\n    at Function._migrateDocuments (file:///C:/Users/rafam/Documents/Rol/Daggerheart/Greg%20Mach/DM%20Stuff/Foundry%20daggerheart/Foundry-daggerheart/Portable-FoundryVTT-v13.348/App/resources/app/dist/database/backend/server-document.mjs:1:2782)","timestamp":"2026-02-05 20:19:20"}
{"level":"error","message":"An error occurred during the migration of Item record [lxoT4gU9wSGhxhwm] of database \"daggerheart-advmanager.all-features\":\nError: Documents from a core version newer than the running version cannot be migrated\n    at Function._migrateRecord (file:///C:/Users/rafam/Documents/Rol/Daggerheart/Greg%20Mach/DM%20Stuff/Foundry%20daggerheart/Foundry-daggerheart/Portable-FoundryVTT-v13.348/App/resources/app/dist/database/backend/server-document.mjs:1:3713)\n    at Function._migrateDocuments (file:///C:/Users/rafam/Documents/Rol/Daggerheart/Greg%20Mach/DM%20Stuff/Foundry%20daggerheart/Foundry-daggerheart/Portable-FoundryVTT-v13.348/App/resources/app/dist/database/backend/server-document.mjs:1:2782)","timestamp":"2026-02-05 20:19:20"}
{"level":"error","message":"An error occurred during the migration of Item record [m18dMTzun9DXUfrh] of database \"daggerheart-advmanager.all-features\":\nError: Documents from a core version newer than the running version cannot be migrated\n    at Function._migrateRecord (file:///C:/Users/rafam/Documents/Rol/Daggerheart/Greg%20Mach/DM%20Stuff/Foundry%20daggerheart/Foundry-daggerheart/Portable-FoundryVTT-v13.348/App/resources/app/dist/database/backend/server-document.mjs:1:3713)\n    at Function._migrateDocuments (file:///C:/Users/rafam/Documents/Rol/Daggerheart/Greg%20Mach/DM%20Stuff/Foundry%20daggerheart/Foundry-daggerheart/Portable-FoundryVTT-v13.348/App/resources/app/dist/database/backend/server-document.mjs:1:2782)","timestamp":"2026-02-05 20:19:20"}
{"level":"error","message":"An error occurred during the migration of Item record [m3Cz6bogjfIcMxGs] of database \"daggerheart-advmanager.all-features\":\nError: Documents from a core version newer than the running version cannot be migrated\n    at Function._migrateRecord (file:///C:/Users/rafam/Documents/Rol/Daggerheart/Greg%20Mach/DM%20Stuff/Foundry%20daggerheart/Foundry-daggerheart/Portable-FoundryVTT-v13.348/App/resources/app/dist/database/backend/server-document.mjs:1:3713)\n    at Function._migrateDocuments (file:///C:/Users/rafam/Documents/Rol/Daggerheart/Greg%20Mach/DM%20Stuff/Foundry%20daggerheart/Foundry-daggerheart/Portable-FoundryVTT-v13.348/App/resources/app/dist/database/backend/server-document.mjs:1:2782)","timestamp":"2026-02-05 20:19:20"}
{"level":"error","message":"An error occurred during the migration of Item record [mE9fKGL6IBxFkO6j] of database \"daggerheart-advmanager.all-features\":\nError: Documents from a core version newer than the running version cannot be migrated\n    at Function._migrateRecord (file:///C:/Users/rafam/Documents/Rol/Daggerheart/Greg%20Mach/DM%20Stuff/Foundry%20daggerheart/Foundry-daggerheart/Portable-FoundryVTT-v13.348/App/resources/app/dist/database/backend/server-document.mjs:1:3713)\n    at Function._migrateDocuments (file:///C:/Users/rafam/Documents/Rol/Daggerheart/Greg%20Mach/DM%20Stuff/Foundry%20daggerheart/Foundry-daggerheart/Portable-FoundryVTT-v13.348/App/resources/app/dist/database/backend/server-document.mjs:1:2782)","timestamp":"2026-02-05 20:19:20"}
{"level":"error","message":"An error occurred during the migration of Item record [mIosAerVIyjK5xRO] of database \"daggerheart-advmanager.all-features\":\nError: Documents from a core version newer than the running version cannot be migrated\n    at Function._migrateRecord (file:///C:/Users/rafam/Documents/Rol/Daggerheart/Greg%20Mach/DM%20Stuff/Foundry%20daggerheart/Foundry-daggerheart/Portable-FoundryVTT-v13.348/App/resources/app/dist/database/backend/server-document.mjs:1:3713)\n    at Function._migrateDocuments (file:///C:/Users/rafam/Documents/Rol/Daggerheart/Greg%20Mach/DM%20Stuff/Foundry%20daggerheart/Foundry-daggerheart/Portable-FoundryVTT-v13.348/App/resources/app/dist/database/backend/server-document.mjs:1:2782)","timestamp":"2026-02-05 20:19:20"}
{"level":"error","message":"An error occurred during the migration of Item record [mQlNlGjCM4XZ6Zeq] of database \"daggerheart-advmanager.all-features\":\nError: Documents from a core version newer than the running version cannot be migrated\n    at Function._migrateRecord (file:///C:/Users/rafam/Documents/Rol/Daggerheart/Greg%20Mach/DM%20Stuff/Foundry%20daggerheart/Foundry-daggerheart/Portable-FoundryVTT-v13.348/App/resources/app/dist/database/backend/server-document.mjs:1:3713)\n    at Function._migrateDocuments (file:///C:/Users/rafam/Documents/Rol/Daggerheart/Greg%20Mach/DM%20Stuff/Foundry%20daggerheart/Foundry-daggerheart/Portable-FoundryVTT-v13.348/App/resources/app/dist/database/backend/server-document.mjs:1:2782)","timestamp":"2026-02-05 20:19:20"}
{"level":"error","message":"An error occurred during the migration of Item record [mZxnrAkOGa1vXpfU] of database \"daggerheart-advmanager.all-features\":\nError: Documents from a core version newer than the running version cannot be migrated\n    at Function._migrateRecord (file:///C:/Users/rafam/Documents/Rol/Daggerheart/Greg%20Mach/DM%20Stuff/Foundry%20daggerheart/Foundry-daggerheart/Portable-FoundryVTT-v13.348/App/resources/app/dist/database/backend/server-document.mjs:1:3713)\n    at Function._migrateDocuments (file:///C:/Users/rafam/Documents/Rol/Daggerheart/Greg%20Mach/DM%20Stuff/Foundry%20daggerheart/Foundry-daggerheart/Portable-FoundryVTT-v13.348/App/resources/app/dist/database/backend/server-document.mjs:1:2782)","timestamp":"2026-02-05 20:19:20"}
{"level":"error","message":"An error occurred during the migration of Item record [nSQoLNnkCVMA7Skw] of database \"daggerheart-advmanager.all-features\":\nError: Documents from a core version newer than the running version cannot be migrated\n    at Function._migrateRecord (file:///C:/Users/rafam/Documents/Rol/Daggerheart/Greg%20Mach/DM%20Stuff/Foundry%20daggerheart/Foundry-daggerheart/Portable-FoundryVTT-v13.348/App/resources/app/dist/database/backend/server-document.mjs:1:3713)\n    at Function._migrateDocuments (file:///C:/Users/rafam/Documents/Rol/Daggerheart/Greg%20Mach/DM%20Stuff/Foundry%20daggerheart/Foundry-daggerheart/Portable-FoundryVTT-v13.348/App/resources/app/dist/database/backend/server-document.mjs:1:2782)","timestamp":"2026-02-05 20:19:20"}
{"level":"error","message":"An error occurred during the migration of Item record [nUGN4DrPRibGsqDn] of database \"daggerheart-advmanager.all-features\":\nError: Documents from a core version newer than the running version cannot be migrated\n    at Function._migrateRecord (file:///C:/Users/rafam/Documents/Rol/Daggerheart/Greg%20Mach/DM%20Stuff/Foundry%20daggerheart/Foundry-daggerheart/Portable-FoundryVTT-v13.348/App/resources/app/dist/database/backend/server-document.mjs:1:3713)\n    at Function._migrateDocuments (file:///C:/Users/rafam/Documents/Rol/Daggerheart/Greg%20Mach/DM%20Stuff/Foundry%20daggerheart/Foundry-daggerheart/Portable-FoundryVTT-v13.348/App/resources/app/dist/database/backend/server-document.mjs:1:2782)","timestamp":"2026-02-05 20:19:20"}
{"level":"error","message":"An error occurred during the migration of Item record [nYeP6itbeqeNIVDD] of database \"daggerheart-advmanager.all-features\":\nError: Documents from a core version newer than the running version cannot be migrated\n    at Function._migrateRecord (file:///C:/Users/rafam/Documents/Rol/Daggerheart/Greg%20Mach/DM%20Stuff/Foundry%20daggerheart/Foundry-daggerheart/Portable-FoundryVTT-v13.348/App/resources/app/dist/database/backend/server-document.mjs:1:3713)\n    at Function._migrateDocuments (file:///C:/Users/rafam/Documents/Rol/Daggerheart/Greg%20Mach/DM%20Stuff/Foundry%20daggerheart/Foundry-daggerheart/Portable-FoundryVTT-v13.348/App/resources/app/dist/database/backend/server-document.mjs:1:2782)","timestamp":"2026-02-05 20:19:20"}
{"level":"error","message":"An error occurred during the migration of Item record [nbkU8lrOU1v8jnVs] of database \"daggerheart-advmanager.all-features\":\nError: Documents from a core version newer than the running version cannot be migrated\n    at Function._migrateRecord (file:///C:/Users/rafam/Documents/Rol/Daggerheart/Greg%20Mach/DM%20Stuff/Foundry%20daggerheart/Foundry-daggerheart/Portable-FoundryVTT-v13.348/App/resources/app/dist/database/backend/server-document.mjs:1:3713)\n    at Function._migrateDocuments (file:///C:/Users/rafam/Documents/Rol/Daggerheart/Greg%20Mach/DM%20Stuff/Foundry%20daggerheart/Foundry-daggerheart/Portable-FoundryVTT-v13.348/App/resources/app/dist/database/backend/server-document.mjs:1:2782)","timestamp":"2026-02-05 20:19:20"}
{"level":"error","message":"An error occurred during the migration of Item record [neIY2H5e4Jn4zHPb] of database \"daggerheart-advmanager.all-features\":\nError: Documents from a core version newer than the running version cannot be migrated\n    at Function._migrateRecord (file:///C:/Users/rafam/Documents/Rol/Daggerheart/Greg%20Mach/DM%20Stuff/Foundry%20daggerheart/Foundry-daggerheart/Portable-FoundryVTT-v13.348/App/resources/app/dist/database/backend/server-document.mjs:1:3713)\n    at Function._migrateDocuments (file:///C:/Users/rafam/Documents/Rol/Daggerheart/Greg%20Mach/DM%20Stuff/Foundry%20daggerheart/Foundry-daggerheart/Portable-FoundryVTT-v13.348/App/resources/app/dist/database/backend/server-document.mjs:1:2782)","timestamp":"2026-02-05 20:19:20"}
{"level":"error","message":"An error occurred during the migration of Item record [o0qYZoU2Irbqq6Bl] of database \"daggerheart-advmanager.all-features\":\nError: Documents from a core version newer than the running version cannot be migrated\n    at Function._migrateRecord (file:///C:/Users/rafam/Documents/Rol/Daggerheart/Greg%20Mach/DM%20Stuff/Foundry%20daggerheart/Foundry-daggerheart/Portable-FoundryVTT-v13.348/App/resources/app/dist/database/backend/server-document.mjs:1:3713)\n    at Function._migrateDocuments (file:///C:/Users/rafam/Documents/Rol/Daggerheart/Greg%20Mach/DM%20Stuff/Foundry%20daggerheart/Foundry-daggerheart/Portable-FoundryVTT-v13.348/App/resources/app/dist/database/backend/server-document.mjs:1:2782)","timestamp":"2026-02-05 20:19:20"}
{"level":"error","message":"An error occurred during the migration of Item record [oFBPpfSJIytewPeW] of database \"daggerheart-advmanager.all-features\":\nError: Documents from a core version newer than the running version cannot be migrated\n    at Function._migrateRecord (file:///C:/Users/rafam/Documents/Rol/Daggerheart/Greg%20Mach/DM%20Stuff/Foundry%20daggerheart/Foundry-daggerheart/Portable-FoundryVTT-v13.348/App/resources/app/dist/database/backend/server-document.mjs:1:3713)\n    at Function._migrateDocuments (file:///C:/Users/rafam/Documents/Rol/Daggerheart/Greg%20Mach/DM%20Stuff/Foundry%20daggerheart/Foundry-daggerheart/Portable-FoundryVTT-v13.348/App/resources/app/dist/database/backend/server-document.mjs:1:2782)","timestamp":"2026-02-05 20:19:20"}
{"level":"error","message":"An error occurred during the migration of Item record [oFNJlkReUfxXUFoo] of database \"daggerheart-advmanager.all-features\":\nError: Documents from a core version newer than the running version cannot be migrated\n    at Function._migrateRecord (file:///C:/Users/rafam/Documents/Rol/Daggerheart/Greg%20Mach/DM%20Stuff/Foundry%20daggerheart/Foundry-daggerheart/Portable-FoundryVTT-v13.348/App/resources/app/dist/database/backend/server-document.mjs:1:3713)\n    at Function._migrateDocuments (file:///C:/Users/rafam/Documents/Rol/Daggerheart/Greg%20Mach/DM%20Stuff/Foundry%20daggerheart/Foundry-daggerheart/Portable-FoundryVTT-v13.348/App/resources/app/dist/database/backend/server-document.mjs:1:2782)","timestamp":"2026-02-05 20:19:20"}
{"level":"error","message":"An error occurred during the migration of Item record [oNgLq6PHEZl1gQwB] of database \"daggerheart-advmanager.all-features\":\nError: Documents from a core version newer than the running version cannot be migrated\n    at Function._migrateRecord (file:///C:/Users/rafam/Documents/Rol/Daggerheart/Greg%20Mach/DM%20Stuff/Foundry%20daggerheart/Foundry-daggerheart/Portable-FoundryVTT-v13.348/App/resources/app/dist/database/backend/server-document.mjs:1:3713)\n    at Function._migrateDocuments (file:///C:/Users/rafam/Documents/Rol/Daggerheart/Greg%20Mach/DM%20Stuff/Foundry%20daggerheart/Foundry-daggerheart/Portable-FoundryVTT-v13.348/App/resources/app/dist/database/backend/server-document.mjs:1:2782)","timestamp":"2026-02-05 20:19:20"}
{"level":"error","message":"An error occurred during the migration of Item record [oSNDUg1fWYKd8zqG] of database \"daggerheart-advmanager.all-features\":\nError: Documents from a core version newer than the running version cannot be migrated\n    at Function._migrateRecord (file:///C:/Users/rafam/Documents/Rol/Daggerheart/Greg%20Mach/DM%20Stuff/Foundry%20daggerheart/Foundry-daggerheart/Portable-FoundryVTT-v13.348/App/resources/app/dist/database/backend/server-document.mjs:1:3713)\n    at Function._migrateDocuments (file:///C:/Users/rafam/Documents/Rol/Daggerheart/Greg%20Mach/DM%20Stuff/Foundry%20daggerheart/Foundry-daggerheart/Portable-FoundryVTT-v13.348/App/resources/app/dist/database/backend/server-document.mjs:1:2782)","timestamp":"2026-02-05 20:19:20"}
{"level":"error","message":"An error occurred during the migration of Item record [on2bjn8J4mqcIp8I] of database \"daggerheart-advmanager.all-features\":\nError: Documents from a core version newer than the running version cannot be migrated\n    at Function._migrateRecord (file:///C:/Users/rafam/Documents/Rol/Daggerheart/Greg%20Mach/DM%20Stuff/Foundry%20daggerheart/Foundry-daggerheart/Portable-FoundryVTT-v13.348/App/resources/app/dist/database/backend/server-document.mjs:1:3713)\n    at Function._migrateDocuments (file:///C:/Users/rafam/Documents/Rol/Daggerheart/Greg%20Mach/DM%20Stuff/Foundry%20daggerheart/Foundry-daggerheart/Portable-FoundryVTT-v13.348/App/resources/app/dist/database/backend/server-document.mjs:1:2782)","timestamp":"2026-02-05 20:19:20"}
{"level":"error","message":"An error occurred during the migration of Item record [owDwhRet3UbuHizk] of database \"daggerheart-advmanager.all-features\":\nError: Documents from a core version newer than the running version cannot be migrated\n    at Function._migrateRecord (file:///C:/Users/rafam/Documents/Rol/Daggerheart/Greg%20Mach/DM%20Stuff/Foundry%20daggerheart/Foundry-daggerheart/Portable-FoundryVTT-v13.348/App/resources/app/dist/database/backend/server-document.mjs:1:3713)\n    at Function._migrateDocuments (file:///C:/Users/rafam/Documents/Rol/Daggerheart/Greg%20Mach/DM%20Stuff/Foundry%20daggerheart/Foundry-daggerheart/Portable-FoundryVTT-v13.348/App/resources/app/dist/database/backend/server-document.mjs:1:2782)","timestamp":"2026-02-05 20:19:20"}
{"level":"error","message":"An error occurred during the migration of Item record [p3imO4eH74LYJpRr] of database \"daggerheart-advmanager.all-features\":\nError: Documents from a core version newer than the running version cannot be migrated\n    at Function._migrateRecord (file:///C:/Users/rafam/Documents/Rol/Daggerheart/Greg%20Mach/DM%20Stuff/Foundry%20daggerheart/Foundry-daggerheart/Portable-FoundryVTT-v13.348/App/resources/app/dist/database/backend/server-document.mjs:1:3713)\n    at Function._migrateDocuments (file:///C:/Users/rafam/Documents/Rol/Daggerheart/Greg%20Mach/DM%20Stuff/Foundry%20daggerheart/Foundry-daggerheart/Portable-FoundryVTT-v13.348/App/resources/app/dist/database/backend/server-document.mjs:1:2782)","timestamp":"2026-02-05 20:19:20"}
{"level":"error","message":"An error occurred during the migration of Item record [pAYDmr14TtfeecMq] of database \"daggerheart-advmanager.all-features\":\nError: Documents from a core version newer than the running version cannot be migrated\n    at Function._migrateRecord (file:///C:/Users/rafam/Documents/Rol/Daggerheart/Greg%20Mach/DM%20Stuff/Foundry%20daggerheart/Foundry-daggerheart/Portable-FoundryVTT-v13.348/App/resources/app/dist/database/backend/server-document.mjs:1:3713)\n    at Function._migrateDocuments (file:///C:/Users/rafam/Documents/Rol/Daggerheart/Greg%20Mach/DM%20Stuff/Foundry%20daggerheart/Foundry-daggerheart/Portable-FoundryVTT-v13.348/App/resources/app/dist/database/backend/server-document.mjs:1:2782)","timestamp":"2026-02-05 20:19:20"}
{"level":"error","message":"An error occurred during the migration of Item record [pC2SA05B6Pd7crlX] of database \"daggerheart-advmanager.all-features\":\nError: Documents from a core version newer than the running version cannot be migrated\n    at Function._migrateRecord (file:///C:/Users/rafam/Documents/Rol/Daggerheart/Greg%20Mach/DM%20Stuff/Foundry%20daggerheart/Foundry-daggerheart/Portable-FoundryVTT-v13.348/App/resources/app/dist/database/backend/server-document.mjs:1:3713)\n    at Function._migrateDocuments (file:///C:/Users/rafam/Documents/Rol/Daggerheart/Greg%20Mach/DM%20Stuff/Foundry%20daggerheart/Foundry-daggerheart/Portable-FoundryVTT-v13.348/App/resources/app/dist/database/backend/server-document.mjs:1:2782)","timestamp":"2026-02-05 20:19:20"}
{"level":"error","message":"An error occurred during the migration of Item record [pHLlpRQxfjxbxldK] of database \"daggerheart-advmanager.all-features\":\nError: Documents from a core version newer than the running version cannot be migrated\n    at Function._migrateRecord (file:///C:/Users/rafam/Documents/Rol/Daggerheart/Greg%20Mach/DM%20Stuff/Foundry%20daggerheart/Foundry-daggerheart/Portable-FoundryVTT-v13.348/App/resources/app/dist/database/backend/server-document.mjs:1:3713)\n    at Function._migrateDocuments (file:///C:/Users/rafam/Documents/Rol/Daggerheart/Greg%20Mach/DM%20Stuff/Foundry%20daggerheart/Foundry-daggerheart/Portable-FoundryVTT-v13.348/App/resources/app/dist/database/backend/server-document.mjs:1:2782)","timestamp":"2026-02-05 20:19:20"}
{"level":"error","message":"An error occurred during the migration of Item record [pI6kq0cbPqs8opzG] of database \"daggerheart-advmanager.all-features\":\nError: Documents from a core version newer than the running version cannot be migrated\n    at Function._migrateRecord (file:///C:/Users/rafam/Documents/Rol/Daggerheart/Greg%20Mach/DM%20Stuff/Foundry%20daggerheart/Foundry-daggerheart/Portable-FoundryVTT-v13.348/App/resources/app/dist/database/backend/server-document.mjs:1:3713)\n    at Function._migrateDocuments (file:///C:/Users/rafam/Documents/Rol/Daggerheart/Greg%20Mach/DM%20Stuff/Foundry%20daggerheart/Foundry-daggerheart/Portable-FoundryVTT-v13.348/App/resources/app/dist/database/backend/server-document.mjs:1:2782)","timestamp":"2026-02-05 20:19:20"}
{"level":"error","message":"An error occurred during the migration of Item record [pLUZpwRkbzQPmUrL] of database \"daggerheart-advmanager.all-features\":\nError: Documents from a core version newer than the running version cannot be migrated\n    at Function._migrateRecord (file:///C:/Users/rafam/Documents/Rol/Daggerheart/Greg%20Mach/DM%20Stuff/Foundry%20daggerheart/Foundry-daggerheart/Portable-FoundryVTT-v13.348/App/resources/app/dist/database/backend/server-document.mjs:1:3713)\n    at Function._migrateDocuments (file:///C:/Users/rafam/Documents/Rol/Daggerheart/Greg%20Mach/DM%20Stuff/Foundry%20daggerheart/Foundry-daggerheart/Portable-FoundryVTT-v13.348/App/resources/app/dist/database/backend/server-document.mjs:1:2782)","timestamp":"2026-02-05 20:19:20"}
{"level":"error","message":"An error occurred during the migration of Item record [pWpsxLz0xwJsmJgr] of database \"daggerheart-advmanager.all-features\":\nError: Documents from a core version newer than the running version cannot be migrated\n    at Function._migrateRecord (file:///C:/Users/rafam/Documents/Rol/Daggerheart/Greg%20Mach/DM%20Stuff/Foundry%20daggerheart/Foundry-daggerheart/Portable-FoundryVTT-v13.348/App/resources/app/dist/database/backend/server-document.mjs:1:3713)\n    at Function._migrateDocuments (file:///C:/Users/rafam/Documents/Rol/Daggerheart/Greg%20Mach/DM%20Stuff/Foundry%20daggerheart/Foundry-daggerheart/Portable-FoundryVTT-v13.348/App/resources/app/dist/database/backend/server-document.mjs:1:2782)","timestamp":"2026-02-05 20:19:20"}
{"level":"error","message":"An error occurred during the migration of Item record [pZtcaavThxkaqJsA] of database \"daggerheart-advmanager.all-features\":\nError: Documents from a core version newer than the running version cannot be migrated\n    at Function._migrateRecord (file:///C:/Users/rafam/Documents/Rol/Daggerheart/Greg%20Mach/DM%20Stuff/Foundry%20daggerheart/Foundry-daggerheart/Portable-FoundryVTT-v13.348/App/resources/app/dist/database/backend/server-document.mjs:1:3713)\n    at Function._migrateDocuments (file:///C:/Users/rafam/Documents/Rol/Daggerheart/Greg%20Mach/DM%20Stuff/Foundry%20daggerheart/Foundry-daggerheart/Portable-FoundryVTT-v13.348/App/resources/app/dist/database/backend/server-document.mjs:1:2782)","timestamp":"2026-02-05 20:19:20"}
{"level":"error","message":"An error occurred during the migration of Item record [plfPtER92Zij8EfU] of database \"daggerheart-advmanager.all-features\":\nError: Documents from a core version newer than the running version cannot be migrated\n    at Function._migrateRecord (file:///C:/Users/rafam/Documents/Rol/Daggerheart/Greg%20Mach/DM%20Stuff/Foundry%20daggerheart/Foundry-daggerheart/Portable-FoundryVTT-v13.348/App/resources/app/dist/database/backend/server-document.mjs:1:3713)\n    at Function._migrateDocuments (file:///C:/Users/rafam/Documents/Rol/Daggerheart/Greg%20Mach/DM%20Stuff/Foundry%20daggerheart/Foundry-daggerheart/Portable-FoundryVTT-v13.348/App/resources/app/dist/database/backend/server-document.mjs:1:2782)","timestamp":"2026-02-05 20:19:20"}
{"level":"error","message":"An error occurred during the migration of Item record [psB9U51OBBByL4ZJ] of database \"daggerheart-advmanager.all-features\":\nError: Documents from a core version newer than the running version cannot be migrated\n    at Function._migrateRecord (file:///C:/Users/rafam/Documents/Rol/Daggerheart/Greg%20Mach/DM%20Stuff/Foundry%20daggerheart/Foundry-daggerheart/Portable-FoundryVTT-v13.348/App/resources/app/dist/database/backend/server-document.mjs:1:3713)\n    at Function._migrateDocuments (file:///C:/Users/rafam/Documents/Rol/Daggerheart/Greg%20Mach/DM%20Stuff/Foundry%20daggerheart/Foundry-daggerheart/Portable-FoundryVTT-v13.348/App/resources/app/dist/database/backend/server-document.mjs:1:2782)","timestamp":"2026-02-05 20:19:20"}
{"level":"error","message":"An error occurred during the migration of Item record [ptQVnzSya6ygoeyC] of database \"daggerheart-advmanager.all-features\":\nError: Documents from a core version newer than the running version cannot be migrated\n    at Function._migrateRecord (file:///C:/Users/rafam/Documents/Rol/Daggerheart/Greg%20Mach/DM%20Stuff/Foundry%20daggerheart/Foundry-daggerheart/Portable-FoundryVTT-v13.348/App/resources/app/dist/database/backend/server-document.mjs:1:3713)\n    at Function._migrateDocuments (file:///C:/Users/rafam/Documents/Rol/Daggerheart/Greg%20Mach/DM%20Stuff/Foundry%20daggerheart/Foundry-daggerheart/Portable-FoundryVTT-v13.348/App/resources/app/dist/database/backend/server-document.mjs:1:2782)","timestamp":"2026-02-05 20:19:20"}
{"level":"error","message":"An error occurred during the migration of Item record [puBhYMW4pvrGfSJx] of database \"daggerheart-advmanager.all-features\":\nError: Documents from a core version newer than the running version cannot be migrated\n    at Function._migrateRecord (file:///C:/Users/rafam/Documents/Rol/Daggerheart/Greg%20Mach/DM%20Stuff/Foundry%20daggerheart/Foundry-daggerheart/Portable-FoundryVTT-v13.348/App/resources/app/dist/database/backend/server-document.mjs:1:3713)\n    at Function._migrateDocuments (file:///C:/Users/rafam/Documents/Rol/Daggerheart/Greg%20Mach/DM%20Stuff/Foundry%20daggerheart/Foundry-daggerheart/Portable-FoundryVTT-v13.348/App/resources/app/dist/database/backend/server-document.mjs:1:2782)","timestamp":"2026-02-05 20:19:20"}
{"level":"error","message":"An error occurred during the migration of Item record [puln1KdSt580xBwK] of database \"daggerheart-advmanager.all-features\":\nError: Documents from a core version newer than the running version cannot be migrated\n    at Function._migrateRecord (file:///C:/Users/rafam/Documents/Rol/Daggerheart/Greg%20Mach/DM%20Stuff/Foundry%20daggerheart/Foundry-daggerheart/Portable-FoundryVTT-v13.348/App/resources/app/dist/database/backend/server-document.mjs:1:3713)\n    at Function._migrateDocuments (file:///C:/Users/rafam/Documents/Rol/Daggerheart/Greg%20Mach/DM%20Stuff/Foundry%20daggerheart/Foundry-daggerheart/Portable-FoundryVTT-v13.348/App/resources/app/dist/database/backend/server-document.mjs:1:2782)","timestamp":"2026-02-05 20:19:20"}
{"level":"error","message":"An error occurred during the migration of Item record [pwlejcdJd74FADgz] of database \"daggerheart-advmanager.all-features\":\nError: Documents from a core version newer than the running version cannot be migrated\n    at Function._migrateRecord (file:///C:/Users/rafam/Documents/Rol/Daggerheart/Greg%20Mach/DM%20Stuff/Foundry%20daggerheart/Foundry-daggerheart/Portable-FoundryVTT-v13.348/App/resources/app/dist/database/backend/server-document.mjs:1:3713)\n    at Function._migrateDocuments (file:///C:/Users/rafam/Documents/Rol/Daggerheart/Greg%20Mach/DM%20Stuff/Foundry%20daggerheart/Foundry-daggerheart/Portable-FoundryVTT-v13.348/App/resources/app/dist/database/backend/server-document.mjs:1:2782)","timestamp":"2026-02-05 20:19:20"}
{"level":"error","message":"An error occurred during the migration of Item record [qDIo7Pr7Ic239WvW] of database \"daggerheart-advmanager.all-features\":\nError: Documents from a core version newer than the running version cannot be migrated\n    at Function._migrateRecord (file:///C:/Users/rafam/Documents/Rol/Daggerheart/Greg%20Mach/DM%20Stuff/Foundry%20daggerheart/Foundry-daggerheart/Portable-FoundryVTT-v13.348/App/resources/app/dist/database/backend/server-document.mjs:1:3713)\n    at Function._migrateDocuments (file:///C:/Users/rafam/Documents/Rol/Daggerheart/Greg%20Mach/DM%20Stuff/Foundry%20daggerheart/Foundry-daggerheart/Portable-FoundryVTT-v13.348/App/resources/app/dist/database/backend/server-document.mjs:1:2782)","timestamp":"2026-02-05 20:19:20"}
{"level":"error","message":"An error occurred during the migration of Item record [qRBSoVE17uCrMUSI] of database \"daggerheart-advmanager.all-features\":\nError: Documents from a core version newer than the running version cannot be migrated\n    at Function._migrateRecord (file:///C:/Users/rafam/Documents/Rol/Daggerheart/Greg%20Mach/DM%20Stuff/Foundry%20daggerheart/Foundry-daggerheart/Portable-FoundryVTT-v13.348/App/resources/app/dist/database/backend/server-document.mjs:1:3713)\n    at Function._migrateDocuments (file:///C:/Users/rafam/Documents/Rol/Daggerheart/Greg%20Mach/DM%20Stuff/Foundry%20daggerheart/Foundry-daggerheart/Portable-FoundryVTT-v13.348/App/resources/app/dist/database/backend/server-document.mjs:1:2782)","timestamp":"2026-02-05 20:19:20"}
{"level":"error","message":"An error occurred during the migration of Item record [qUMPekkNlUIHuBEk] of database \"daggerheart-advmanager.all-features\":\nError: Documents from a core version newer than the running version cannot be migrated\n    at Function._migrateRecord (file:///C:/Users/rafam/Documents/Rol/Daggerheart/Greg%20Mach/DM%20Stuff/Foundry%20daggerheart/Foundry-daggerheart/Portable-FoundryVTT-v13.348/App/resources/app/dist/database/backend/server-document.mjs:1:3713)\n    at Function._migrateDocuments (file:///C:/Users/rafam/Documents/Rol/Daggerheart/Greg%20Mach/DM%20Stuff/Foundry%20daggerheart/Foundry-daggerheart/Portable-FoundryVTT-v13.348/App/resources/app/dist/database/backend/server-document.mjs:1:2782)","timestamp":"2026-02-05 20:19:20"}
{"level":"error","message":"An error occurred during the migration of Item record [qafmNv3MVtab3vs5] of database \"daggerheart-advmanager.all-features\":\nError: Documents from a core version newer than the running version cannot be migrated\n    at Function._migrateRecord (file:///C:/Users/rafam/Documents/Rol/Daggerheart/Greg%20Mach/DM%20Stuff/Foundry%20daggerheart/Foundry-daggerheart/Portable-FoundryVTT-v13.348/App/resources/app/dist/database/backend/server-document.mjs:1:3713)\n    at Function._migrateDocuments (file:///C:/Users/rafam/Documents/Rol/Daggerheart/Greg%20Mach/DM%20Stuff/Foundry%20daggerheart/Foundry-daggerheart/Portable-FoundryVTT-v13.348/App/resources/app/dist/database/backend/server-document.mjs:1:2782)","timestamp":"2026-02-05 20:19:20"}
{"level":"error","message":"An error occurred during the migration of Item record [qlqCiYCrAMeTxC3g] of database \"daggerheart-advmanager.all-features\":\nError: Documents from a core version newer than the running version cannot be migrated\n    at Function._migrateRecord (file:///C:/Users/rafam/Documents/Rol/Daggerheart/Greg%20Mach/DM%20Stuff/Foundry%20daggerheart/Foundry-daggerheart/Portable-FoundryVTT-v13.348/App/resources/app/dist/database/backend/server-document.mjs:1:3713)\n    at Function._migrateDocuments (file:///C:/Users/rafam/Documents/Rol/Daggerheart/Greg%20Mach/DM%20Stuff/Foundry%20daggerheart/Foundry-daggerheart/Portable-FoundryVTT-v13.348/App/resources/app/dist/database/backend/server-document.mjs:1:2782)","timestamp":"2026-02-05 20:19:20"}
{"level":"error","message":"An error occurred during the migration of Item record [qrFZDrDS14WiLnJm] of database \"daggerheart-advmanager.all-features\":\nError: Documents from a core version newer than the running version cannot be migrated\n    at Function._migrateRecord (file:///C:/Users/rafam/Documents/Rol/Daggerheart/Greg%20Mach/DM%20Stuff/Foundry%20daggerheart/Foundry-daggerheart/Portable-FoundryVTT-v13.348/App/resources/app/dist/database/backend/server-document.mjs:1:3713)\n    at Function._migrateDocuments (file:///C:/Users/rafam/Documents/Rol/Daggerheart/Greg%20Mach/DM%20Stuff/Foundry%20daggerheart/Foundry-daggerheart/Portable-FoundryVTT-v13.348/App/resources/app/dist/database/backend/server-document.mjs:1:2782)","timestamp":"2026-02-05 20:19:20"}
{"level":"error","message":"An error occurred during the migration of Item record [r2mvQzZEXrosy0UO] of database \"daggerheart-advmanager.all-features\":\nError: Documents from a core version newer than the running version cannot be migrated\n    at Function._migrateRecord (file:///C:/Users/rafam/Documents/Rol/Daggerheart/Greg%20Mach/DM%20Stuff/Foundry%20daggerheart/Foundry-daggerheart/Portable-FoundryVTT-v13.348/App/resources/app/dist/database/backend/server-document.mjs:1:3713)\n    at Function._migrateDocuments (file:///C:/Users/rafam/Documents/Rol/Daggerheart/Greg%20Mach/DM%20Stuff/Foundry%20daggerheart/Foundry-daggerheart/Portable-FoundryVTT-v13.348/App/resources/app/dist/database/backend/server-document.mjs:1:2782)","timestamp":"2026-02-05 20:19:20"}
{"level":"error","message":"An error occurred during the migration of Item record [r7z0wuqMHwubCW6I] of database \"daggerheart-advmanager.all-features\":\nError: Documents from a core version newer than the running version cannot be migrated\n    at Function._migrateRecord (file:///C:/Users/rafam/Documents/Rol/Daggerheart/Greg%20Mach/DM%20Stuff/Foundry%20daggerheart/Foundry-daggerheart/Portable-FoundryVTT-v13.348/App/resources/app/dist/database/backend/server-document.mjs:1:3713)\n    at Function._migrateDocuments (file:///C:/Users/rafam/Documents/Rol/Daggerheart/Greg%20Mach/DM%20Stuff/Foundry%20daggerheart/Foundry-daggerheart/Portable-FoundryVTT-v13.348/App/resources/app/dist/database/backend/server-document.mjs:1:2782)","timestamp":"2026-02-05 20:19:20"}
{"level":"error","message":"An error occurred during the migration of Item record [r8VcWZh2DcNIMway] of database \"daggerheart-advmanager.all-features\":\nError: Documents from a core version newer than the running version cannot be migrated\n    at Function._migrateRecord (file:///C:/Users/rafam/Documents/Rol/Daggerheart/Greg%20Mach/DM%20Stuff/Foundry%20daggerheart/Foundry-daggerheart/Portable-FoundryVTT-v13.348/App/resources/app/dist/database/backend/server-document.mjs:1:3713)\n    at Function._migrateDocuments (file:///C:/Users/rafam/Documents/Rol/Daggerheart/Greg%20Mach/DM%20Stuff/Foundry%20daggerheart/Foundry-daggerheart/Portable-FoundryVTT-v13.348/App/resources/app/dist/database/backend/server-document.mjs:1:2782)","timestamp":"2026-02-05 20:19:20"}
{"level":"error","message":"An error occurred during the migration of Item record [rFANNxISCdWttw7c] of database \"daggerheart-advmanager.all-features\":\nError: Documents from a core version newer than the running version cannot be migrated\n    at Function._migrateRecord (file:///C:/Users/rafam/Documents/Rol/Daggerheart/Greg%20Mach/DM%20Stuff/Foundry%20daggerheart/Foundry-daggerheart/Portable-FoundryVTT-v13.348/App/resources/app/dist/database/backend/server-document.mjs:1:3713)\n    at Function._migrateDocuments (file:///C:/Users/rafam/Documents/Rol/Daggerheart/Greg%20Mach/DM%20Stuff/Foundry%20daggerheart/Foundry-daggerheart/Portable-FoundryVTT-v13.348/App/resources/app/dist/database/backend/server-document.mjs:1:2782)","timestamp":"2026-02-05 20:19:20"}
{"level":"error","message":"An error occurred during the migration of Item record [rLcDtaGavucSaxES] of database \"daggerheart-advmanager.all-features\":\nError: Documents from a core version newer than the running version cannot be migrated\n    at Function._migrateRecord (file:///C:/Users/rafam/Documents/Rol/Daggerheart/Greg%20Mach/DM%20Stuff/Foundry%20daggerheart/Foundry-daggerheart/Portable-FoundryVTT-v13.348/App/resources/app/dist/database/backend/server-document.mjs:1:3713)\n    at Function._migrateDocuments (file:///C:/Users/rafam/Documents/Rol/Daggerheart/Greg%20Mach/DM%20Stuff/Foundry%20daggerheart/Foundry-daggerheart/Portable-FoundryVTT-v13.348/App/resources/app/dist/database/backend/server-document.mjs:1:2782)","timestamp":"2026-02-05 20:19:20"}
{"level":"error","message":"An error occurred during the migration of Item record [rYaOcNOWYOiv9V93] of database \"daggerheart-advmanager.all-features\":\nError: Documents from a core version newer than the running version cannot be migrated\n    at Function._migrateRecord (file:///C:/Users/rafam/Documents/Rol/Daggerheart/Greg%20Mach/DM%20Stuff/Foundry%20daggerheart/Foundry-daggerheart/Portable-FoundryVTT-v13.348/App/resources/app/dist/database/backend/server-document.mjs:1:3713)\n    at Function._migrateDocuments (file:///C:/Users/rafam/Documents/Rol/Daggerheart/Greg%20Mach/DM%20Stuff/Foundry%20daggerheart/Foundry-daggerheart/Portable-FoundryVTT-v13.348/App/resources/app/dist/database/backend/server-document.mjs:1:2782)","timestamp":"2026-02-05 20:19:20"}
{"level":"error","message":"An error occurred during the migration of Item record [rbPC7TfyJpu0C8vD] of database \"daggerheart-advmanager.all-features\":\nError: Documents from a core version newer than the running version cannot be migrated\n    at Function._migrateRecord (file:///C:/Users/rafam/Documents/Rol/Daggerheart/Greg%20Mach/DM%20Stuff/Foundry%20daggerheart/Foundry-daggerheart/Portable-FoundryVTT-v13.348/App/resources/app/dist/database/backend/server-document.mjs:1:3713)\n    at Function._migrateDocuments (file:///C:/Users/rafam/Documents/Rol/Daggerheart/Greg%20Mach/DM%20Stuff/Foundry%20daggerheart/Foundry-daggerheart/Portable-FoundryVTT-v13.348/App/resources/app/dist/database/backend/server-document.mjs:1:2782)","timestamp":"2026-02-05 20:19:20"}
{"level":"error","message":"An error occurred during the migration of Item record [rbQQZ9kSnc2mszkf] of database \"daggerheart-advmanager.all-features\":\nError: Documents from a core version newer than the running version cannot be migrated\n    at Function._migrateRecord (file:///C:/Users/rafam/Documents/Rol/Daggerheart/Greg%20Mach/DM%20Stuff/Foundry%20daggerheart/Foundry-daggerheart/Portable-FoundryVTT-v13.348/App/resources/app/dist/database/backend/server-document.mjs:1:3713)\n    at Function._migrateDocuments (file:///C:/Users/rafam/Documents/Rol/Daggerheart/Greg%20Mach/DM%20Stuff/Foundry%20daggerheart/Foundry-daggerheart/Portable-FoundryVTT-v13.348/App/resources/app/dist/database/backend/server-document.mjs:1:2782)","timestamp":"2026-02-05 20:19:20"}
{"level":"error","message":"An error occurred during the migration of Item record [retBcIAXZUSfV0KX] of database \"daggerheart-advmanager.all-features\":\nError: Documents from a core version newer than the running version cannot be migrated\n    at Function._migrateRecord (file:///C:/Users/rafam/Documents/Rol/Daggerheart/Greg%20Mach/DM%20Stuff/Foundry%20daggerheart/Foundry-daggerheart/Portable-FoundryVTT-v13.348/App/resources/app/dist/database/backend/server-document.mjs:1:3713)\n    at Function._migrateDocuments (file:///C:/Users/rafam/Documents/Rol/Daggerheart/Greg%20Mach/DM%20Stuff/Foundry%20daggerheart/Foundry-daggerheart/Portable-FoundryVTT-v13.348/App/resources/app/dist/database/backend/server-document.mjs:1:2782)","timestamp":"2026-02-05 20:19:20"}
{"level":"error","message":"An error occurred during the migration of Item record [rgXkC8jTgg78Gxm6] of database \"daggerheart-advmanager.all-features\":\nError: Documents from a core version newer than the running version cannot be migrated\n    at Function._migrateRecord (file:///C:/Users/rafam/Documents/Rol/Daggerheart/Greg%20Mach/DM%20Stuff/Foundry%20daggerheart/Foundry-daggerheart/Portable-FoundryVTT-v13.348/App/resources/app/dist/database/backend/server-document.mjs:1:3713)\n    at Function._migrateDocuments (file:///C:/Users/rafam/Documents/Rol/Daggerheart/Greg%20Mach/DM%20Stuff/Foundry%20daggerheart/Foundry-daggerheart/Portable-FoundryVTT-v13.348/App/resources/app/dist/database/backend/server-document.mjs:1:2782)","timestamp":"2026-02-05 20:19:20"}
{"level":"error","message":"An error occurred during the migration of Item record [rlz1AMOsh66KVsAC] of database \"daggerheart-advmanager.all-features\":\nError: Documents from a core version newer than the running version cannot be migrated\n    at Function._migrateRecord (file:///C:/Users/rafam/Documents/Rol/Daggerheart/Greg%20Mach/DM%20Stuff/Foundry%20daggerheart/Foundry-daggerheart/Portable-FoundryVTT-v13.348/App/resources/app/dist/database/backend/server-document.mjs:1:3713)\n    at Function._migrateDocuments (file:///C:/Users/rafam/Documents/Rol/Daggerheart/Greg%20Mach/DM%20Stuff/Foundry%20daggerheart/Foundry-daggerheart/Portable-FoundryVTT-v13.348/App/resources/app/dist/database/backend/server-document.mjs:1:2782)","timestamp":"2026-02-05 20:19:20"}
{"level":"error","message":"An error occurred during the migration of Item record [rpWPEhpaTZ09y8Oc] of database \"daggerheart-advmanager.all-features\":\nError: Documents from a core version newer than the running version cannot be migrated\n    at Function._migrateRecord (file:///C:/Users/rafam/Documents/Rol/Daggerheart/Greg%20Mach/DM%20Stuff/Foundry%20daggerheart/Foundry-daggerheart/Portable-FoundryVTT-v13.348/App/resources/app/dist/database/backend/server-document.mjs:1:3713)\n    at Function._migrateDocuments (file:///C:/Users/rafam/Documents/Rol/Daggerheart/Greg%20Mach/DM%20Stuff/Foundry%20daggerheart/Foundry-daggerheart/Portable-FoundryVTT-v13.348/App/resources/app/dist/database/backend/server-document.mjs:1:2782)","timestamp":"2026-02-05 20:19:20"}
{"level":"error","message":"An error occurred during the migration of Item record [rpj40tFZXlM8xUfO] of database \"daggerheart-advmanager.all-features\":\nError: Documents from a core version newer than the running version cannot be migrated\n    at Function._migrateRecord (file:///C:/Users/rafam/Documents/Rol/Daggerheart/Greg%20Mach/DM%20Stuff/Foundry%20daggerheart/Foundry-daggerheart/Portable-FoundryVTT-v13.348/App/resources/app/dist/database/backend/server-document.mjs:1:3713)\n    at Function._migrateDocuments (file:///C:/Users/rafam/Documents/Rol/Daggerheart/Greg%20Mach/DM%20Stuff/Foundry%20daggerheart/Foundry-daggerheart/Portable-FoundryVTT-v13.348/App/resources/app/dist/database/backend/server-document.mjs:1:2782)","timestamp":"2026-02-05 20:19:20"}
{"level":"error","message":"An error occurred during the migration of Item record [ryj08tGsLAq5Xkk7] of database \"daggerheart-advmanager.all-features\":\nError: Documents from a core version newer than the running version cannot be migrated\n    at Function._migrateRecord (file:///C:/Users/rafam/Documents/Rol/Daggerheart/Greg%20Mach/DM%20Stuff/Foundry%20daggerheart/Foundry-daggerheart/Portable-FoundryVTT-v13.348/App/resources/app/dist/database/backend/server-document.mjs:1:3713)\n    at Function._migrateDocuments (file:///C:/Users/rafam/Documents/Rol/Daggerheart/Greg%20Mach/DM%20Stuff/Foundry%20daggerheart/Foundry-daggerheart/Portable-FoundryVTT-v13.348/App/resources/app/dist/database/backend/server-document.mjs:1:2782)","timestamp":"2026-02-05 20:19:20"}
{"level":"error","message":"An error occurred during the migration of Item record [rzJ4GgR0YZ0fMQnl] of database \"daggerheart-advmanager.all-features\":\nError: Documents from a core version newer than the running version cannot be migrated\n    at Function._migrateRecord (file:///C:/Users/rafam/Documents/Rol/Daggerheart/Greg%20Mach/DM%20Stuff/Foundry%20daggerheart/Foundry-daggerheart/Portable-FoundryVTT-v13.348/App/resources/app/dist/database/backend/server-document.mjs:1:3713)\n    at Function._migrateDocuments (file:///C:/Users/rafam/Documents/Rol/Daggerheart/Greg%20Mach/DM%20Stuff/Foundry%20daggerheart/Foundry-daggerheart/Portable-FoundryVTT-v13.348/App/resources/app/dist/database/backend/server-document.mjs:1:2782)","timestamp":"2026-02-05 20:19:20"}
{"level":"error","message":"An error occurred during the migration of Item record [s8iSRYydOOHFVe2Q] of database \"daggerheart-advmanager.all-features\":\nError: Documents from a core version newer than the running version cannot be migrated\n    at Function._migrateRecord (file:///C:/Users/rafam/Documents/Rol/Daggerheart/Greg%20Mach/DM%20Stuff/Foundry%20daggerheart/Foundry-daggerheart/Portable-FoundryVTT-v13.348/App/resources/app/dist/database/backend/server-document.mjs:1:3713)\n    at Function._migrateDocuments (file:///C:/Users/rafam/Documents/Rol/Daggerheart/Greg%20Mach/DM%20Stuff/Foundry%20daggerheart/Foundry-daggerheart/Portable-FoundryVTT-v13.348/App/resources/app/dist/database/backend/server-document.mjs:1:2782)","timestamp":"2026-02-05 20:19:20"}
{"level":"error","message":"An error occurred during the migration of Item record [soRzcfMz9MRQOEyD] of database \"daggerheart-advmanager.all-features\":\nError: Documents from a core version newer than the running version cannot be migrated\n    at Function._migrateRecord (file:///C:/Users/rafam/Documents/Rol/Daggerheart/Greg%20Mach/DM%20Stuff/Foundry%20daggerheart/Foundry-daggerheart/Portable-FoundryVTT-v13.348/App/resources/app/dist/database/backend/server-document.mjs:1:3713)\n    at Function._migrateDocuments (file:///C:/Users/rafam/Documents/Rol/Daggerheart/Greg%20Mach/DM%20Stuff/Foundry%20daggerheart/Foundry-daggerheart/Portable-FoundryVTT-v13.348/App/resources/app/dist/database/backend/server-document.mjs:1:2782)","timestamp":"2026-02-05 20:19:20"}
{"level":"error","message":"An error occurred during the migration of Item record [t0DK72uw0mIJCdqt] of database \"daggerheart-advmanager.all-features\":\nError: Documents from a core version newer than the running version cannot be migrated\n    at Function._migrateRecord (file:///C:/Users/rafam/Documents/Rol/Daggerheart/Greg%20Mach/DM%20Stuff/Foundry%20daggerheart/Foundry-daggerheart/Portable-FoundryVTT-v13.348/App/resources/app/dist/database/backend/server-document.mjs:1:3713)\n    at Function._migrateDocuments (file:///C:/Users/rafam/Documents/Rol/Daggerheart/Greg%20Mach/DM%20Stuff/Foundry%20daggerheart/Foundry-daggerheart/Portable-FoundryVTT-v13.348/App/resources/app/dist/database/backend/server-document.mjs:1:2782)","timestamp":"2026-02-05 20:19:20"}
{"level":"error","message":"An error occurred during the migration of Item record [t70fB4ej8qQUYUKO] of database \"daggerheart-advmanager.all-features\":\nError: Documents from a core version newer than the running version cannot be migrated\n    at Function._migrateRecord (file:///C:/Users/rafam/Documents/Rol/Daggerheart/Greg%20Mach/DM%20Stuff/Foundry%20daggerheart/Foundry-daggerheart/Portable-FoundryVTT-v13.348/App/resources/app/dist/database/backend/server-document.mjs:1:3713)\n    at Function._migrateDocuments (file:///C:/Users/rafam/Documents/Rol/Daggerheart/Greg%20Mach/DM%20Stuff/Foundry%20daggerheart/Foundry-daggerheart/Portable-FoundryVTT-v13.348/App/resources/app/dist/database/backend/server-document.mjs:1:2782)","timestamp":"2026-02-05 20:19:20"}
{"level":"error","message":"An error occurred during the migration of Item record [tTN8sYJjbZkoNNhj] of database \"daggerheart-advmanager.all-features\":\nError: Documents from a core version newer than the running version cannot be migrated\n    at Function._migrateRecord (file:///C:/Users/rafam/Documents/Rol/Daggerheart/Greg%20Mach/DM%20Stuff/Foundry%20daggerheart/Foundry-daggerheart/Portable-FoundryVTT-v13.348/App/resources/app/dist/database/backend/server-document.mjs:1:3713)\n    at Function._migrateDocuments (file:///C:/Users/rafam/Documents/Rol/Daggerheart/Greg%20Mach/DM%20Stuff/Foundry%20daggerheart/Foundry-daggerheart/Portable-FoundryVTT-v13.348/App/resources/app/dist/database/backend/server-document.mjs:1:2782)","timestamp":"2026-02-05 20:19:20"}
{"level":"error","message":"An error occurred during the migration of Item record [tTV5fDRDlpGFKNQ2] of database \"daggerheart-advmanager.all-features\":\nError: Documents from a core version newer than the running version cannot be migrated\n    at Function._migrateRecord (file:///C:/Users/rafam/Documents/Rol/Daggerheart/Greg%20Mach/DM%20Stuff/Foundry%20daggerheart/Foundry-daggerheart/Portable-FoundryVTT-v13.348/App/resources/app/dist/database/backend/server-document.mjs:1:3713)\n    at Function._migrateDocuments (file:///C:/Users/rafam/Documents/Rol/Daggerheart/Greg%20Mach/DM%20Stuff/Foundry%20daggerheart/Foundry-daggerheart/Portable-FoundryVTT-v13.348/App/resources/app/dist/database/backend/server-document.mjs:1:2782)","timestamp":"2026-02-05 20:19:20"}
{"level":"error","message":"An error occurred during the migration of Item record [tcvzIf4psm6Wibsm] of database \"daggerheart-advmanager.all-features\":\nError: Documents from a core version newer than the running version cannot be migrated\n    at Function._migrateRecord (file:///C:/Users/rafam/Documents/Rol/Daggerheart/Greg%20Mach/DM%20Stuff/Foundry%20daggerheart/Foundry-daggerheart/Portable-FoundryVTT-v13.348/App/resources/app/dist/database/backend/server-document.mjs:1:3713)\n    at Function._migrateDocuments (file:///C:/Users/rafam/Documents/Rol/Daggerheart/Greg%20Mach/DM%20Stuff/Foundry%20daggerheart/Foundry-daggerheart/Portable-FoundryVTT-v13.348/App/resources/app/dist/database/backend/server-document.mjs:1:2782)","timestamp":"2026-02-05 20:19:20"}
{"level":"error","message":"An error occurred during the migration of Item record [tkk01bU15n8bFxk8] of database \"daggerheart-advmanager.all-features\":\nError: Documents from a core version newer than the running version cannot be migrated\n    at Function._migrateRecord (file:///C:/Users/rafam/Documents/Rol/Daggerheart/Greg%20Mach/DM%20Stuff/Foundry%20daggerheart/Foundry-daggerheart/Portable-FoundryVTT-v13.348/App/resources/app/dist/database/backend/server-document.mjs:1:3713)\n    at Function._migrateDocuments (file:///C:/Users/rafam/Documents/Rol/Daggerheart/Greg%20Mach/DM%20Stuff/Foundry%20daggerheart/Foundry-daggerheart/Portable-FoundryVTT-v13.348/App/resources/app/dist/database/backend/server-document.mjs:1:2782)","timestamp":"2026-02-05 20:19:20"}
{"level":"error","message":"An error occurred during the migration of Item record [tlcRevRbekHGWgGk] of database \"daggerheart-advmanager.all-features\":\nError: Documents from a core version newer than the running version cannot be migrated\n    at Function._migrateRecord (file:///C:/Users/rafam/Documents/Rol/Daggerheart/Greg%20Mach/DM%20Stuff/Foundry%20daggerheart/Foundry-daggerheart/Portable-FoundryVTT-v13.348/App/resources/app/dist/database/backend/server-document.mjs:1:3713)\n    at Function._migrateDocuments (file:///C:/Users/rafam/Documents/Rol/Daggerheart/Greg%20Mach/DM%20Stuff/Foundry%20daggerheart/Foundry-daggerheart/Portable-FoundryVTT-v13.348/App/resources/app/dist/database/backend/server-document.mjs:1:2782)","timestamp":"2026-02-05 20:19:20"}
{"level":"error","message":"An error occurred during the migration of Item record [toCXCR43KWdL9X39] of database \"daggerheart-advmanager.all-features\":\nError: Documents from a core version newer than the running version cannot be migrated\n    at Function._migrateRecord (file:///C:/Users/rafam/Documents/Rol/Daggerheart/Greg%20Mach/DM%20Stuff/Foundry%20daggerheart/Foundry-daggerheart/Portable-FoundryVTT-v13.348/App/resources/app/dist/database/backend/server-document.mjs:1:3713)\n    at Function._migrateDocuments (file:///C:/Users/rafam/Documents/Rol/Daggerheart/Greg%20Mach/DM%20Stuff/Foundry%20daggerheart/Foundry-daggerheart/Portable-FoundryVTT-v13.348/App/resources/app/dist/database/backend/server-document.mjs:1:2782)","timestamp":"2026-02-05 20:19:20"}
{"level":"error","message":"An error occurred during the migration of Item record [tvnhYH2qAC2E3HyN] of database \"daggerheart-advmanager.all-features\":\nError: Documents from a core version newer than the running version cannot be migrated\n    at Function._migrateRecord (file:///C:/Users/rafam/Documents/Rol/Daggerheart/Greg%20Mach/DM%20Stuff/Foundry%20daggerheart/Foundry-daggerheart/Portable-FoundryVTT-v13.348/App/resources/app/dist/database/backend/server-document.mjs:1:3713)\n    at Function._migrateDocuments (file:///C:/Users/rafam/Documents/Rol/Daggerheart/Greg%20Mach/DM%20Stuff/Foundry%20daggerheart/Foundry-daggerheart/Portable-FoundryVTT-v13.348/App/resources/app/dist/database/backend/server-document.mjs:1:2782)","timestamp":"2026-02-05 20:19:20"}
{"level":"error","message":"An error occurred during the migration of Item record [tz7gYhRJoINDEgcB] of database \"daggerheart-advmanager.all-features\":\nError: Documents from a core version newer than the running version cannot be migrated\n    at Function._migrateRecord (file:///C:/Users/rafam/Documents/Rol/Daggerheart/Greg%20Mach/DM%20Stuff/Foundry%20daggerheart/Foundry-daggerheart/Portable-FoundryVTT-v13.348/App/resources/app/dist/database/backend/server-document.mjs:1:3713)\n    at Function._migrateDocuments (file:///C:/Users/rafam/Documents/Rol/Daggerheart/Greg%20Mach/DM%20Stuff/Foundry%20daggerheart/Foundry-daggerheart/Portable-FoundryVTT-v13.348/App/resources/app/dist/database/backend/server-document.mjs:1:2782)","timestamp":"2026-02-05 20:19:20"}
{"level":"error","message":"An error occurred during the migration of Item record [u01RYXbf2QKve16p] of database \"daggerheart-advmanager.all-features\":\nError: Documents from a core version newer than the running version cannot be migrated\n    at Function._migrateRecord (file:///C:/Users/rafam/Documents/Rol/Daggerheart/Greg%20Mach/DM%20Stuff/Foundry%20daggerheart/Foundry-daggerheart/Portable-FoundryVTT-v13.348/App/resources/app/dist/database/backend/server-document.mjs:1:3713)\n    at Function._migrateDocuments (file:///C:/Users/rafam/Documents/Rol/Daggerheart/Greg%20Mach/DM%20Stuff/Foundry%20daggerheart/Foundry-daggerheart/Portable-FoundryVTT-v13.348/App/resources/app/dist/database/backend/server-document.mjs:1:2782)","timestamp":"2026-02-05 20:19:20"}
{"level":"error","message":"An error occurred during the migration of Item record [u32M54kD9Bwxwpe3] of database \"daggerheart-advmanager.all-features\":\nError: Documents from a core version newer than the running version cannot be migrated\n    at Function._migrateRecord (file:///C:/Users/rafam/Documents/Rol/Daggerheart/Greg%20Mach/DM%20Stuff/Foundry%20daggerheart/Foundry-daggerheart/Portable-FoundryVTT-v13.348/App/resources/app/dist/database/backend/server-document.mjs:1:3713)\n    at Function._migrateDocuments (file:///C:/Users/rafam/Documents/Rol/Daggerheart/Greg%20Mach/DM%20Stuff/Foundry%20daggerheart/Foundry-daggerheart/Portable-FoundryVTT-v13.348/App/resources/app/dist/database/backend/server-document.mjs:1:2782)","timestamp":"2026-02-05 20:19:20"}
{"level":"error","message":"An error occurred during the migration of Item record [uG5Vf3CyqK19YCtb] of database \"daggerheart-advmanager.all-features\":\nError: Documents from a core version newer than the running version cannot be migrated\n    at Function._migrateRecord (file:///C:/Users/rafam/Documents/Rol/Daggerheart/Greg%20Mach/DM%20Stuff/Foundry%20daggerheart/Foundry-daggerheart/Portable-FoundryVTT-v13.348/App/resources/app/dist/database/backend/server-document.mjs:1:3713)\n    at Function._migrateDocuments (file:///C:/Users/rafam/Documents/Rol/Daggerheart/Greg%20Mach/DM%20Stuff/Foundry%20daggerheart/Foundry-daggerheart/Portable-FoundryVTT-v13.348/App/resources/app/dist/database/backend/server-document.mjs:1:2782)","timestamp":"2026-02-05 20:19:20"}
{"level":"error","message":"An error occurred during the migration of Item record [ubXZ9Gf8Sq2ALxWs] of database \"daggerheart-advmanager.all-features\":\nError: Documents from a core version newer than the running version cannot be migrated\n    at Function._migrateRecord (file:///C:/Users/rafam/Documents/Rol/Daggerheart/Greg%20Mach/DM%20Stuff/Foundry%20daggerheart/Foundry-daggerheart/Portable-FoundryVTT-v13.348/App/resources/app/dist/database/backend/server-document.mjs:1:3713)\n    at Function._migrateDocuments (file:///C:/Users/rafam/Documents/Rol/Daggerheart/Greg%20Mach/DM%20Stuff/Foundry%20daggerheart/Foundry-daggerheart/Portable-FoundryVTT-v13.348/App/resources/app/dist/database/backend/server-document.mjs:1:2782)","timestamp":"2026-02-05 20:19:20"}
{"level":"error","message":"An error occurred during the migration of Item record [uid4heAOufg6S1nY] of database \"daggerheart-advmanager.all-features\":\nError: Documents from a core version newer than the running version cannot be migrated\n    at Function._migrateRecord (file:///C:/Users/rafam/Documents/Rol/Daggerheart/Greg%20Mach/DM%20Stuff/Foundry%20daggerheart/Foundry-daggerheart/Portable-FoundryVTT-v13.348/App/resources/app/dist/database/backend/server-document.mjs:1:3713)\n    at Function._migrateDocuments (file:///C:/Users/rafam/Documents/Rol/Daggerheart/Greg%20Mach/DM%20Stuff/Foundry%20daggerheart/Foundry-daggerheart/Portable-FoundryVTT-v13.348/App/resources/app/dist/database/backend/server-document.mjs:1:2782)","timestamp":"2026-02-05 20:19:20"}
{"level":"error","message":"An error occurred during the migration of Item record [upPFfDnd4GQbNTJd] of database \"daggerheart-advmanager.all-features\":\nError: Documents from a core version newer than the running version cannot be migrated\n    at Function._migrateRecord (file:///C:/Users/rafam/Documents/Rol/Daggerheart/Greg%20Mach/DM%20Stuff/Foundry%20daggerheart/Foundry-daggerheart/Portable-FoundryVTT-v13.348/App/resources/app/dist/database/backend/server-document.mjs:1:3713)\n    at Function._migrateDocuments (file:///C:/Users/rafam/Documents/Rol/Daggerheart/Greg%20Mach/DM%20Stuff/Foundry%20daggerheart/Foundry-daggerheart/Portable-FoundryVTT-v13.348/App/resources/app/dist/database/backend/server-document.mjs:1:2782)","timestamp":"2026-02-05 20:19:20"}
{"level":"error","message":"An error occurred during the migration of Item record [vDtPuYdKA55XKkwc] of database \"daggerheart-advmanager.all-features\":\nError: Documents from a core version newer than the running version cannot be migrated\n    at Function._migrateRecord (file:///C:/Users/rafam/Documents/Rol/Daggerheart/Greg%20Mach/DM%20Stuff/Foundry%20daggerheart/Foundry-daggerheart/Portable-FoundryVTT-v13.348/App/resources/app/dist/database/backend/server-document.mjs:1:3713)\n    at Function._migrateDocuments (file:///C:/Users/rafam/Documents/Rol/Daggerheart/Greg%20Mach/DM%20Stuff/Foundry%20daggerheart/Foundry-daggerheart/Portable-FoundryVTT-v13.348/App/resources/app/dist/database/backend/server-document.mjs:1:2782)","timestamp":"2026-02-05 20:19:20"}
{"level":"error","message":"An error occurred during the migration of Item record [vEGSMUxTQn4fnyVI] of database \"daggerheart-advmanager.all-features\":\nError: Documents from a core version newer than the running version cannot be migrated\n    at Function._migrateRecord (file:///C:/Users/rafam/Documents/Rol/Daggerheart/Greg%20Mach/DM%20Stuff/Foundry%20daggerheart/Foundry-daggerheart/Portable-FoundryVTT-v13.348/App/resources/app/dist/database/backend/server-document.mjs:1:3713)\n    at Function._migrateDocuments (file:///C:/Users/rafam/Documents/Rol/Daggerheart/Greg%20Mach/DM%20Stuff/Foundry%20daggerheart/Foundry-daggerheart/Portable-FoundryVTT-v13.348/App/resources/app/dist/database/backend/server-document.mjs:1:2782)","timestamp":"2026-02-05 20:19:20"}
{"level":"error","message":"An error occurred during the migration of Item record [vFWh2q3mZE0paJuf] of database \"daggerheart-advmanager.all-features\":\nError: Documents from a core version newer than the running version cannot be migrated\n    at Function._migrateRecord (file:///C:/Users/rafam/Documents/Rol/Daggerheart/Greg%20Mach/DM%20Stuff/Foundry%20daggerheart/Foundry-daggerheart/Portable-FoundryVTT-v13.348/App/resources/app/dist/database/backend/server-document.mjs:1:3713)\n    at Function._migrateDocuments (file:///C:/Users/rafam/Documents/Rol/Daggerheart/Greg%20Mach/DM%20Stuff/Foundry%20daggerheart/Foundry-daggerheart/Portable-FoundryVTT-v13.348/App/resources/app/dist/database/backend/server-document.mjs:1:2782)","timestamp":"2026-02-05 20:19:20"}
{"level":"error","message":"An error occurred during the migration of Item record [vN0AQuznWsxjtYT0] of database \"daggerheart-advmanager.all-features\":\nError: Documents from a core version newer than the running version cannot be migrated\n    at Function._migrateRecord (file:///C:/Users/rafam/Documents/Rol/Daggerheart/Greg%20Mach/DM%20Stuff/Foundry%20daggerheart/Foundry-daggerheart/Portable-FoundryVTT-v13.348/App/resources/app/dist/database/backend/server-document.mjs:1:3713)\n    at Function._migrateDocuments (file:///C:/Users/rafam/Documents/Rol/Daggerheart/Greg%20Mach/DM%20Stuff/Foundry%20daggerheart/Foundry-daggerheart/Portable-FoundryVTT-v13.348/App/resources/app/dist/database/backend/server-document.mjs:1:2782)","timestamp":"2026-02-05 20:19:20"}
{"level":"error","message":"An error occurred during the migration of Item record [vkO5KIXZEWQb9ZMn] of database \"daggerheart-advmanager.all-features\":\nError: Documents from a core version newer than the running version cannot be migrated\n    at Function._migrateRecord (file:///C:/Users/rafam/Documents/Rol/Daggerheart/Greg%20Mach/DM%20Stuff/Foundry%20daggerheart/Foundry-daggerheart/Portable-FoundryVTT-v13.348/App/resources/app/dist/database/backend/server-document.mjs:1:3713)\n    at Function._migrateDocuments (file:///C:/Users/rafam/Documents/Rol/Daggerheart/Greg%20Mach/DM%20Stuff/Foundry%20daggerheart/Foundry-daggerheart/Portable-FoundryVTT-v13.348/App/resources/app/dist/database/backend/server-document.mjs:1:2782)","timestamp":"2026-02-05 20:19:20"}
{"level":"error","message":"An error occurred during the migration of Item record [vm6oXfGZucYpDCKF] of database \"daggerheart-advmanager.all-features\":\nError: Documents from a core version newer than the running version cannot be migrated\n    at Function._migrateRecord (file:///C:/Users/rafam/Documents/Rol/Daggerheart/Greg%20Mach/DM%20Stuff/Foundry%20daggerheart/Foundry-daggerheart/Portable-FoundryVTT-v13.348/App/resources/app/dist/database/backend/server-document.mjs:1:3713)\n    at Function._migrateDocuments (file:///C:/Users/rafam/Documents/Rol/Daggerheart/Greg%20Mach/DM%20Stuff/Foundry%20daggerheart/Foundry-daggerheart/Portable-FoundryVTT-v13.348/App/resources/app/dist/database/backend/server-document.mjs:1:2782)","timestamp":"2026-02-05 20:19:20"}
{"level":"error","message":"An error occurred during the migration of Item record [vvXD2EB21sMP9YU5] of database \"daggerheart-advmanager.all-features\":\nError: Documents from a core version newer than the running version cannot be migrated\n    at Function._migrateRecord (file:///C:/Users/rafam/Documents/Rol/Daggerheart/Greg%20Mach/DM%20Stuff/Foundry%20daggerheart/Foundry-daggerheart/Portable-FoundryVTT-v13.348/App/resources/app/dist/database/backend/server-document.mjs:1:3713)\n    at Function._migrateDocuments (file:///C:/Users/rafam/Documents/Rol/Daggerheart/Greg%20Mach/DM%20Stuff/Foundry%20daggerheart/Foundry-daggerheart/Portable-FoundryVTT-v13.348/App/resources/app/dist/database/backend/server-document.mjs:1:2782)","timestamp":"2026-02-05 20:19:20"}
{"level":"error","message":"An error occurred during the migration of Item record [wUbkyP3k4XImYFDf] of database \"daggerheart-advmanager.all-features\":\nError: Documents from a core version newer than the running version cannot be migrated\n    at Function._migrateRecord (file:///C:/Users/rafam/Documents/Rol/Daggerheart/Greg%20Mach/DM%20Stuff/Foundry%20daggerheart/Foundry-daggerheart/Portable-FoundryVTT-v13.348/App/resources/app/dist/database/backend/server-document.mjs:1:3713)\n    at Function._migrateDocuments (file:///C:/Users/rafam/Documents/Rol/Daggerheart/Greg%20Mach/DM%20Stuff/Foundry%20daggerheart/Foundry-daggerheart/Portable-FoundryVTT-v13.348/App/resources/app/dist/database/backend/server-document.mjs:1:2782)","timestamp":"2026-02-05 20:19:20"}
{"level":"error","message":"An error occurred during the migration of Item record [wWXgwDwcqYxRbSBn] of database \"daggerheart-advmanager.all-features\":\nError: Documents from a core version newer than the running version cannot be migrated\n    at Function._migrateRecord (file:///C:/Users/rafam/Documents/Rol/Daggerheart/Greg%20Mach/DM%20Stuff/Foundry%20daggerheart/Foundry-daggerheart/Portable-FoundryVTT-v13.348/App/resources/app/dist/database/backend/server-document.mjs:1:3713)\n    at Function._migrateDocuments (file:///C:/Users/rafam/Documents/Rol/Daggerheart/Greg%20Mach/DM%20Stuff/Foundry%20daggerheart/Foundry-daggerheart/Portable-FoundryVTT-v13.348/App/resources/app/dist/database/backend/server-document.mjs:1:2782)","timestamp":"2026-02-05 20:19:20"}
{"level":"error","message":"An error occurred during the migration of Item record [wcfFN2CQeHU2kTzz] of database \"daggerheart-advmanager.all-features\":\nError: Documents from a core version newer than the running version cannot be migrated\n    at Function._migrateRecord (file:///C:/Users/rafam/Documents/Rol/Daggerheart/Greg%20Mach/DM%20Stuff/Foundry%20daggerheart/Foundry-daggerheart/Portable-FoundryVTT-v13.348/App/resources/app/dist/database/backend/server-document.mjs:1:3713)\n    at Function._migrateDocuments (file:///C:/Users/rafam/Documents/Rol/Daggerheart/Greg%20Mach/DM%20Stuff/Foundry%20daggerheart/Foundry-daggerheart/Portable-FoundryVTT-v13.348/App/resources/app/dist/database/backend/server-document.mjs:1:2782)","timestamp":"2026-02-05 20:19:20"}
{"level":"error","message":"An error occurred during the migration of Item record [wdmSyCsDAIJpVT3T] of database \"daggerheart-advmanager.all-features\":\nError: Documents from a core version newer than the running version cannot be migrated\n    at Function._migrateRecord (file:///C:/Users/rafam/Documents/Rol/Daggerheart/Greg%20Mach/DM%20Stuff/Foundry%20daggerheart/Foundry-daggerheart/Portable-FoundryVTT-v13.348/App/resources/app/dist/database/backend/server-document.mjs:1:3713)\n    at Function._migrateDocuments (file:///C:/Users/rafam/Documents/Rol/Daggerheart/Greg%20Mach/DM%20Stuff/Foundry%20daggerheart/Foundry-daggerheart/Portable-FoundryVTT-v13.348/App/resources/app/dist/database/backend/server-document.mjs:1:2782)","timestamp":"2026-02-05 20:19:20"}
{"level":"error","message":"An error occurred during the migration of Item record [wmupf3Jg8zJM3t7R] of database \"daggerheart-advmanager.all-features\":\nError: Documents from a core version newer than the running version cannot be migrated\n    at Function._migrateRecord (file:///C:/Users/rafam/Documents/Rol/Daggerheart/Greg%20Mach/DM%20Stuff/Foundry%20daggerheart/Foundry-daggerheart/Portable-FoundryVTT-v13.348/App/resources/app/dist/database/backend/server-document.mjs:1:3713)\n    at Function._migrateDocuments (file:///C:/Users/rafam/Documents/Rol/Daggerheart/Greg%20Mach/DM%20Stuff/Foundry%20daggerheart/Foundry-daggerheart/Portable-FoundryVTT-v13.348/App/resources/app/dist/database/backend/server-document.mjs:1:2782)","timestamp":"2026-02-05 20:19:20"}
{"level":"error","message":"An error occurred during the migration of Item record [wzKnYGZ49syKMtfR] of database \"daggerheart-advmanager.all-features\":\nError: Documents from a core version newer than the running version cannot be migrated\n    at Function._migrateRecord (file:///C:/Users/rafam/Documents/Rol/Daggerheart/Greg%20Mach/DM%20Stuff/Foundry%20daggerheart/Foundry-daggerheart/Portable-FoundryVTT-v13.348/App/resources/app/dist/database/backend/server-document.mjs:1:3713)\n    at Function._migrateDocuments (file:///C:/Users/rafam/Documents/Rol/Daggerheart/Greg%20Mach/DM%20Stuff/Foundry%20daggerheart/Foundry-daggerheart/Portable-FoundryVTT-v13.348/App/resources/app/dist/database/backend/server-document.mjs:1:2782)","timestamp":"2026-02-05 20:19:20"}
{"level":"error","message":"An error occurred during the migration of Item record [x0EBPqgR0V3PWMuA] of database \"daggerheart-advmanager.all-features\":\nError: Documents from a core version newer than the running version cannot be migrated\n    at Function._migrateRecord (file:///C:/Users/rafam/Documents/Rol/Daggerheart/Greg%20Mach/DM%20Stuff/Foundry%20daggerheart/Foundry-daggerheart/Portable-FoundryVTT-v13.348/App/resources/app/dist/database/backend/server-document.mjs:1:3713)\n    at Function._migrateDocuments (file:///C:/Users/rafam/Documents/Rol/Daggerheart/Greg%20Mach/DM%20Stuff/Foundry%20daggerheart/Foundry-daggerheart/Portable-FoundryVTT-v13.348/App/resources/app/dist/database/backend/server-document.mjs:1:2782)","timestamp":"2026-02-05 20:19:20"}
{"level":"error","message":"An error occurred during the migration of Item record [xCK9RIEjTekkvqKC] of database \"daggerheart-advmanager.all-features\":\nError: Documents from a core version newer than the running version cannot be migrated\n    at Function._migrateRecord (file:///C:/Users/rafam/Documents/Rol/Daggerheart/Greg%20Mach/DM%20Stuff/Foundry%20daggerheart/Foundry-daggerheart/Portable-FoundryVTT-v13.348/App/resources/app/dist/database/backend/server-document.mjs:1:3713)\n    at Function._migrateDocuments (file:///C:/Users/rafam/Documents/Rol/Daggerheart/Greg%20Mach/DM%20Stuff/Foundry%20daggerheart/Foundry-daggerheart/Portable-FoundryVTT-v13.348/App/resources/app/dist/database/backend/server-document.mjs:1:2782)","timestamp":"2026-02-05 20:19:20"}
{"level":"error","message":"An error occurred during the migration of Item record [xPOZEuudvAkvfZuE] of database \"daggerheart-advmanager.all-features\":\nError: Documents from a core version newer than the running version cannot be migrated\n    at Function._migrateRecord (file:///C:/Users/rafam/Documents/Rol/Daggerheart/Greg%20Mach/DM%20Stuff/Foundry%20daggerheart/Foundry-daggerheart/Portable-FoundryVTT-v13.348/App/resources/app/dist/database/backend/server-document.mjs:1:3713)\n    at Function._migrateDocuments (file:///C:/Users/rafam/Documents/Rol/Daggerheart/Greg%20Mach/DM%20Stuff/Foundry%20daggerheart/Foundry-daggerheart/Portable-FoundryVTT-v13.348/App/resources/app/dist/database/backend/server-document.mjs:1:2782)","timestamp":"2026-02-05 20:19:20"}
{"level":"error","message":"An error occurred during the migration of Item record [xQ15rpoT9jSTFRh8] of database \"daggerheart-advmanager.all-features\":\nError: Documents from a core version newer than the running version cannot be migrated\n    at Function._migrateRecord (file:///C:/Users/rafam/Documents/Rol/Daggerheart/Greg%20Mach/DM%20Stuff/Foundry%20daggerheart/Foundry-daggerheart/Portable-FoundryVTT-v13.348/App/resources/app/dist/database/backend/server-document.mjs:1:3713)\n    at Function._migrateDocuments (file:///C:/Users/rafam/Documents/Rol/Daggerheart/Greg%20Mach/DM%20Stuff/Foundry%20daggerheart/Foundry-daggerheart/Portable-FoundryVTT-v13.348/App/resources/app/dist/database/backend/server-document.mjs:1:2782)","timestamp":"2026-02-05 20:19:20"}
{"level":"error","message":"An error occurred during the migration of Item record [xV9LeGEuN8RPLOGQ] of database \"daggerheart-advmanager.all-features\":\nError: Documents from a core version newer than the running version cannot be migrated\n    at Function._migrateRecord (file:///C:/Users/rafam/Documents/Rol/Daggerheart/Greg%20Mach/DM%20Stuff/Foundry%20daggerheart/Foundry-daggerheart/Portable-FoundryVTT-v13.348/App/resources/app/dist/database/backend/server-document.mjs:1:3713)\n    at Function._migrateDocuments (file:///C:/Users/rafam/Documents/Rol/Daggerheart/Greg%20Mach/DM%20Stuff/Foundry%20daggerheart/Foundry-daggerheart/Portable-FoundryVTT-v13.348/App/resources/app/dist/database/backend/server-document.mjs:1:2782)","timestamp":"2026-02-05 20:19:20"}
{"level":"error","message":"An error occurred during the migration of Item record [xkijWzu9VbbX6HYS] of database \"daggerheart-advmanager.all-features\":\nError: Documents from a core version newer than the running version cannot be migrated\n    at Function._migrateRecord (file:///C:/Users/rafam/Documents/Rol/Daggerheart/Greg%20Mach/DM%20Stuff/Foundry%20daggerheart/Foundry-daggerheart/Portable-FoundryVTT-v13.348/App/resources/app/dist/database/backend/server-document.mjs:1:3713)\n    at Function._migrateDocuments (file:///C:/Users/rafam/Documents/Rol/Daggerheart/Greg%20Mach/DM%20Stuff/Foundry%20daggerheart/Foundry-daggerheart/Portable-FoundryVTT-v13.348/App/resources/app/dist/database/backend/server-document.mjs:1:2782)","timestamp":"2026-02-05 20:19:20"}
{"level":"error","message":"An error occurred during the migration of Item record [xzkTZDjD1TUkwnDP] of database \"daggerheart-advmanager.all-features\":\nError: Documents from a core version newer than the running version cannot be migrated\n    at Function._migrateRecord (file:///C:/Users/rafam/Documents/Rol/Daggerheart/Greg%20Mach/DM%20Stuff/Foundry%20daggerheart/Foundry-daggerheart/Portable-FoundryVTT-v13.348/App/resources/app/dist/database/backend/server-document.mjs:1:3713)\n    at Function._migrateDocuments (file:///C:/Users/rafam/Documents/Rol/Daggerheart/Greg%20Mach/DM%20Stuff/Foundry%20daggerheart/Foundry-daggerheart/Portable-FoundryVTT-v13.348/App/resources/app/dist/database/backend/server-document.mjs:1:2782)","timestamp":"2026-02-05 20:19:20"}
{"level":"error","message":"An error occurred during the migration of Item record [y1FQcJeAXpyFenqb] of database \"daggerheart-advmanager.all-features\":\nError: Documents from a core version newer than the running version cannot be migrated\n    at Function._migrateRecord (file:///C:/Users/rafam/Documents/Rol/Daggerheart/Greg%20Mach/DM%20Stuff/Foundry%20daggerheart/Foundry-daggerheart/Portable-FoundryVTT-v13.348/App/resources/app/dist/database/backend/server-document.mjs:1:3713)\n    at Function._migrateDocuments (file:///C:/Users/rafam/Documents/Rol/Daggerheart/Greg%20Mach/DM%20Stuff/Foundry%20daggerheart/Foundry-daggerheart/Portable-FoundryVTT-v13.348/App/resources/app/dist/database/backend/server-document.mjs:1:2782)","timestamp":"2026-02-05 20:19:20"}
{"level":"error","message":"An error occurred during the migration of Item record [yD0sXjMyaHI4Ynuo] of database \"daggerheart-advmanager.all-features\":\nError: Documents from a core version newer than the running version cannot be migrated\n    at Function._migrateRecord (file:///C:/Users/rafam/Documents/Rol/Daggerheart/Greg%20Mach/DM%20Stuff/Foundry%20daggerheart/Foundry-daggerheart/Portable-FoundryVTT-v13.348/App/resources/app/dist/database/backend/server-document.mjs:1:3713)\n    at Function._migrateDocuments (file:///C:/Users/rafam/Documents/Rol/Daggerheart/Greg%20Mach/DM%20Stuff/Foundry%20daggerheart/Foundry-daggerheart/Portable-FoundryVTT-v13.348/App/resources/app/dist/database/backend/server-document.mjs:1:2782)","timestamp":"2026-02-05 20:19:20"}
{"level":"error","message":"An error occurred during the migration of Item record [yKvcjl6OkRY0pAVr] of database \"daggerheart-advmanager.all-features\":\nError: Documents from a core version newer than the running version cannot be migrated\n    at Function._migrateRecord (file:///C:/Users/rafam/Documents/Rol/Daggerheart/Greg%20Mach/DM%20Stuff/Foundry%20daggerheart/Foundry-daggerheart/Portable-FoundryVTT-v13.348/App/resources/app/dist/database/backend/server-document.mjs:1:3713)\n    at Function._migrateDocuments (file:///C:/Users/rafam/Documents/Rol/Daggerheart/Greg%20Mach/DM%20Stuff/Foundry%20daggerheart/Foundry-daggerheart/Portable-FoundryVTT-v13.348/App/resources/app/dist/database/backend/server-document.mjs:1:2782)","timestamp":"2026-02-05 20:19:20"}
{"level":"error","message":"An error occurred during the migration of Item record [yeiW8LONyK2IsBhF] of database \"daggerheart-advmanager.all-features\":\nError: Documents from a core version newer than the running version cannot be migrated\n    at Function._migrateRecord (file:///C:/Users/rafam/Documents/Rol/Daggerheart/Greg%20Mach/DM%20Stuff/Foundry%20daggerheart/Foundry-daggerheart/Portable-FoundryVTT-v13.348/App/resources/app/dist/database/backend/server-document.mjs:1:3713)\n    at Function._migrateDocuments (file:///C:/Users/rafam/Documents/Rol/Daggerheart/Greg%20Mach/DM%20Stuff/Foundry%20daggerheart/Foundry-daggerheart/Portable-FoundryVTT-v13.348/App/resources/app/dist/database/backend/server-document.mjs:1:2782)","timestamp":"2026-02-05 20:19:20"}
{"level":"error","message":"An error occurred during the migration of Item record [yuQUkJ4eNoOx7Ybz] of database \"daggerheart-advmanager.all-features\":\nError: Documents from a core version newer than the running version cannot be migrated\n    at Function._migrateRecord (file:///C:/Users/rafam/Documents/Rol/Daggerheart/Greg%20Mach/DM%20Stuff/Foundry%20daggerheart/Foundry-daggerheart/Portable-FoundryVTT-v13.348/App/resources/app/dist/database/backend/server-document.mjs:1:3713)\n    at Function._migrateDocuments (file:///C:/Users/rafam/Documents/Rol/Daggerheart/Greg%20Mach/DM%20Stuff/Foundry%20daggerheart/Foundry-daggerheart/Portable-FoundryVTT-v13.348/App/resources/app/dist/database/backend/server-document.mjs:1:2782)","timestamp":"2026-02-05 20:19:20"}
{"level":"error","message":"An error occurred during the migration of Item record [z4uV9gMB3X9qNAiR] of database \"daggerheart-advmanager.all-features\":\nError: Documents from a core version newer than the running version cannot be migrated\n    at Function._migrateRecord (file:///C:/Users/rafam/Documents/Rol/Daggerheart/Greg%20Mach/DM%20Stuff/Foundry%20daggerheart/Foundry-daggerheart/Portable-FoundryVTT-v13.348/App/resources/app/dist/database/backend/server-document.mjs:1:3713)\n    at Function._migrateDocuments (file:///C:/Users/rafam/Documents/Rol/Daggerheart/Greg%20Mach/DM%20Stuff/Foundry%20daggerheart/Foundry-daggerheart/Portable-FoundryVTT-v13.348/App/resources/app/dist/database/backend/server-document.mjs:1:2782)","timestamp":"2026-02-05 20:19:20"}
{"level":"error","message":"An error occurred during the migration of Item record [z8zolR4V7d5CUZG4] of database \"daggerheart-advmanager.all-features\":\nError: Documents from a core version newer than the running version cannot be migrated\n    at Function._migrateRecord (file:///C:/Users/rafam/Documents/Rol/Daggerheart/Greg%20Mach/DM%20Stuff/Foundry%20daggerheart/Foundry-daggerheart/Portable-FoundryVTT-v13.348/App/resources/app/dist/database/backend/server-document.mjs:1:3713)\n    at Function._migrateDocuments (file:///C:/Users/rafam/Documents/Rol/Daggerheart/Greg%20Mach/DM%20Stuff/Foundry%20daggerheart/Foundry-daggerheart/Portable-FoundryVTT-v13.348/App/resources/app/dist/database/backend/server-document.mjs:1:2782)","timestamp":"2026-02-05 20:19:20"}
{"level":"error","message":"An error occurred during the migration of Item record [zGRAAKS8IRSPzidW] of database \"daggerheart-advmanager.all-features\":\nError: Documents from a core version newer than the running version cannot be migrated\n    at Function._migrateRecord (file:///C:/Users/rafam/Documents/Rol/Daggerheart/Greg%20Mach/DM%20Stuff/Foundry%20daggerheart/Foundry-daggerheart/Portable-FoundryVTT-v13.348/App/resources/app/dist/database/backend/server-document.mjs:1:3713)\n    at Function._migrateDocuments (file:///C:/Users/rafam/Documents/Rol/Daggerheart/Greg%20Mach/DM%20Stuff/Foundry%20daggerheart/Foundry-daggerheart/Portable-FoundryVTT-v13.348/App/resources/app/dist/database/backend/server-document.mjs:1:2782)","timestamp":"2026-02-05 20:19:20"}
{"level":"error","message":"An error occurred during the migration of Item record [zIuhns8BrMmqZJpA] of database \"daggerheart-advmanager.all-features\":\nError: Documents from a core version newer than the running version cannot be migrated\n    at Function._migrateRecord (file:///C:/Users/rafam/Documents/Rol/Daggerheart/Greg%20Mach/DM%20Stuff/Foundry%20daggerheart/Foundry-daggerheart/Portable-FoundryVTT-v13.348/App/resources/app/dist/database/backend/server-document.mjs:1:3713)\n    at Function._migrateDocuments (file:///C:/Users/rafam/Documents/Rol/Daggerheart/Greg%20Mach/DM%20Stuff/Foundry%20daggerheart/Foundry-daggerheart/Portable-FoundryVTT-v13.348/App/resources/app/dist/database/backend/server-document.mjs:1:2782)","timestamp":"2026-02-05 20:19:20"}
{"level":"error","message":"An error occurred during the migration of Item record [zTGHRGZkOSGecgim] of database \"daggerheart-advmanager.all-features\":\nError: Documents from a core version newer than the running version cannot be migrated\n    at Function._migrateRecord (file:///C:/Users/rafam/Documents/Rol/Daggerheart/Greg%20Mach/DM%20Stuff/Foundry%20daggerheart/Foundry-daggerheart/Portable-FoundryVTT-v13.348/App/resources/app/dist/database/backend/server-document.mjs:1:3713)\n    at Function._migrateDocuments (file:///C:/Users/rafam/Documents/Rol/Daggerheart/Greg%20Mach/DM%20Stuff/Foundry%20daggerheart/Foundry-daggerheart/Portable-FoundryVTT-v13.348/App/resources/app/dist/database/backend/server-document.mjs:1:2782)","timestamp":"2026-02-05 20:19:20"}
{"level":"warn","message":"Database daggerheart-advmanager.all-features was not fully migrated due to errors during migration.","timestamp":"2026-02-05 20:19:20"}
{"level":"info","message":"Launching World | Migrating Package Data - 41%","timestamp":"2026-02-05 20:19:20"}
{"level":"error","message":"An error occurred during the migration of Macro record [WbRm9MnIxX51Svky] of database \"daggerheart-advmanager.macros\":\nError: Documents from a core version newer than the running version cannot be migrated\n    at Function._migrateRecord (file:///C:/Users/rafam/Documents/Rol/Daggerheart/Greg%20Mach/DM%20Stuff/Foundry%20daggerheart/Foundry-daggerheart/Portable-FoundryVTT-v13.348/App/resources/app/dist/database/backend/server-document.mjs:1:3713)\n    at Function._migrateDocuments (file:///C:/Users/rafam/Documents/Rol/Daggerheart/Greg%20Mach/DM%20Stuff/Foundry%20daggerheart/Foundry-daggerheart/Portable-FoundryVTT-v13.348/App/resources/app/dist/database/backend/server-document.mjs:1:2782)","timestamp":"2026-02-05 20:19:20"}
{"level":"error","message":"An error occurred during the migration of Macro record [X5uzGSPS5UfmB8rd] of database \"daggerheart-advmanager.macros\":\nError: Documents from a core version newer than the running version cannot be migrated\n    at Function._migrateRecord (file:///C:/Users/rafam/Documents/Rol/Daggerheart/Greg%20Mach/DM%20Stuff/Foundry%20daggerheart/Foundry-daggerheart/Portable-FoundryVTT-v13.348/App/resources/app/dist/database/backend/server-document.mjs:1:3713)\n    at Function._migrateDocuments (file:///C:/Users/rafam/Documents/Rol/Daggerheart/Greg%20Mach/DM%20Stuff/Foundry%20daggerheart/Foundry-daggerheart/Portable-FoundryVTT-v13.348/App/resources/app/dist/database/backend/server-document.mjs:1:2782)","timestamp":"2026-02-05 20:19:20"}
{"level":"error","message":"An error occurred during the migration of Macro record [mELB8HfT2k7k3YwQ] of database \"daggerheart-advmanager.macros\":\nError: Documents from a core version newer than the running version cannot be migrated\n    at Function._migrateRecord (file:///C:/Users/rafam/Documents/Rol/Daggerheart/Greg%20Mach/DM%20Stuff/Foundry%20daggerheart/Foundry-daggerheart/Portable-FoundryVTT-v13.348/App/resources/app/dist/database/backend/server-document.mjs:1:3713)\n    at Function._migrateDocuments (file:///C:/Users/rafam/Documents/Rol/Daggerheart/Greg%20Mach/DM%20Stuff/Foundry%20daggerheart/Foundry-daggerheart/Portable-FoundryVTT-v13.348/App/resources/app/dist/database/backend/server-document.mjs:1:2782)","timestamp":"2026-02-05 20:19:20"}
{"level":"error","message":"An error occurred during the migration of Macro record [tx5BOb4uDCCj7fEO] of database \"daggerheart-advmanager.macros\":\nError: Documents from a core version newer than the running version cannot be migrated\n    at Function._migrateRecord (file:///C:/Users/rafam/Documents/Rol/Daggerheart/Greg%20Mach/DM%20Stuff/Foundry%20daggerheart/Foundry-daggerheart/Portable-FoundryVTT-v13.348/App/resources/app/dist/database/backend/server-document.mjs:1:3713)\n    at Function._migrateDocuments (file:///C:/Users/rafam/Documents/Rol/Daggerheart/Greg%20Mach/DM%20Stuff/Foundry%20daggerheart/Foundry-daggerheart/Portable-FoundryVTT-v13.348/App/resources/app/dist/database/backend/server-document.mjs:1:2782)","timestamp":"2026-02-05 20:19:20"}
{"level":"error","message":"An error occurred during the migration of Macro record [uvAlpxWSA3uVepDq] of database \"daggerheart-advmanager.macros\":\nError: Documents from a core version newer than the running version cannot be migrated\n    at Function._migrateRecord (file:///C:/Users/rafam/Documents/Rol/Daggerheart/Greg%20Mach/DM%20Stuff/Foundry%20daggerheart/Foundry-daggerheart/Portable-FoundryVTT-v13.348/App/resources/app/dist/database/backend/server-document.mjs:1:3713)\n    at Function._migrateDocuments (file:///C:/Users/rafam/Documents/Rol/Daggerheart/Greg%20Mach/DM%20Stuff/Foundry%20daggerheart/Foundry-daggerheart/Portable-FoundryVTT-v13.348/App/resources/app/dist/database/backend/server-document.mjs:1:2782)","timestamp":"2026-02-05 20:19:20"}
{"level":"warn","message":"Database daggerheart-advmanager.macros was not fully migrated due to errors during migration.","timestamp":"2026-02-05 20:19:20"}
{"level":"info","message":"Launching World | Migrating Package Data - 44%","timestamp":"2026-02-05 20:19:20"}
{"level":"error","message":"An error occurred during the migration of Actor record [3QuaJOFf07f1Gpnb] of database \"daggerheart-advmanager.templates\":\nError: Documents from a core version newer than the running version cannot be migrated\n    at Function._migrateRecord (file:///C:/Users/rafam/Documents/Rol/Daggerheart/Greg%20Mach/DM%20Stuff/Foundry%20daggerheart/Foundry-daggerheart/Portable-FoundryVTT-v13.348/App/resources/app/dist/database/backend/server-document.mjs:1:3713)\n    at Function._migrateDocuments (file:///C:/Users/rafam/Documents/Rol/Daggerheart/Greg%20Mach/DM%20Stuff/Foundry%20daggerheart/Foundry-daggerheart/Portable-FoundryVTT-v13.348/App/resources/app/dist/database/backend/server-document.mjs:1:2782)","timestamp":"2026-02-05 20:19:20"}
{"level":"error","message":"An error occurred during the migration of Actor record [7cG2Zzf72jPSPRW0] of database \"daggerheart-advmanager.templates\":\nError: Documents from a core version newer than the running version cannot be migrated\n    at Function._migrateRecord (file:///C:/Users/rafam/Documents/Rol/Daggerheart/Greg%20Mach/DM%20Stuff/Foundry%20daggerheart/Foundry-daggerheart/Portable-FoundryVTT-v13.348/App/resources/app/dist/database/backend/server-document.mjs:1:3713)\n    at Function._migrateDocuments (file:///C:/Users/rafam/Documents/Rol/Daggerheart/Greg%20Mach/DM%20Stuff/Foundry%20daggerheart/Foundry-daggerheart/Portable-FoundryVTT-v13.348/App/resources/app/dist/database/backend/server-document.mjs:1:2782)","timestamp":"2026-02-05 20:19:20"}
{"level":"error","message":"An error occurred during the migration of Actor record [JRAT3njXd89IVgd2] of database \"daggerheart-advmanager.templates\":\nError: Documents from a core version newer than the running version cannot be migrated\n    at Function._migrateRecord (file:///C:/Users/rafam/Documents/Rol/Daggerheart/Greg%20Mach/DM%20Stuff/Foundry%20daggerheart/Foundry-daggerheart/Portable-FoundryVTT-v13.348/App/resources/app/dist/database/backend/server-document.mjs:1:3713)\n    at Function._migrateDocuments (file:///C:/Users/rafam/Documents/Rol/Daggerheart/Greg%20Mach/DM%20Stuff/Foundry%20daggerheart/Foundry-daggerheart/Portable-FoundryVTT-v13.348/App/resources/app/dist/database/backend/server-document.mjs:1:2782)","timestamp":"2026-02-05 20:19:20"}
{"level":"error","message":"An error occurred during the migration of Actor record [UcCs67D4Bdynvz0K] of database \"daggerheart-advmanager.templates\":\nError: Documents from a core version newer than the running version cannot be migrated\n    at Function._migrateRecord (file:///C:/Users/rafam/Documents/Rol/Daggerheart/Greg%20Mach/DM%20Stuff/Foundry%20daggerheart/Foundry-daggerheart/Portable-FoundryVTT-v13.348/App/resources/app/dist/database/backend/server-document.mjs:1:3713)\n    at Function._migrateDocuments (file:///C:/Users/rafam/Documents/Rol/Daggerheart/Greg%20Mach/DM%20Stuff/Foundry%20daggerheart/Foundry-daggerheart/Portable-FoundryVTT-v13.348/App/resources/app/dist/database/backend/server-document.mjs:1:2782)","timestamp":"2026-02-05 20:19:20"}
{"level":"error","message":"An error occurred during the migration of Actor record [XCRpdycNjpNsYZgL] of database \"daggerheart-advmanager.templates\":\nError: Documents from a core version newer than the running version cannot be migrated\n    at Function._migrateRecord (file:///C:/Users/rafam/Documents/Rol/Daggerheart/Greg%20Mach/DM%20Stuff/Foundry%20daggerheart/Foundry-daggerheart/Portable-FoundryVTT-v13.348/App/resources/app/dist/database/backend/server-document.mjs:1:3713)\n    at Function._migrateDocuments (file:///C:/Users/rafam/Documents/Rol/Daggerheart/Greg%20Mach/DM%20Stuff/Foundry%20daggerheart/Foundry-daggerheart/Portable-FoundryVTT-v13.348/App/resources/app/dist/database/backend/server-document.mjs:1:2782)","timestamp":"2026-02-05 20:19:20"}
{"level":"error","message":"An error occurred during the migration of Actor record [imvP9Fn4CyNGbpr0] of database \"daggerheart-advmanager.templates\":\nError: Documents from a core version newer than the running version cannot be migrated\n    at Function._migrateRecord (file:///C:/Users/rafam/Documents/Rol/Daggerheart/Greg%20Mach/DM%20Stuff/Foundry%20daggerheart/Foundry-daggerheart/Portable-FoundryVTT-v13.348/App/resources/app/dist/database/backend/server-document.mjs:1:3713)\n    at Function._migrateDocuments (file:///C:/Users/rafam/Documents/Rol/Daggerheart/Greg%20Mach/DM%20Stuff/Foundry%20daggerheart/Foundry-daggerheart/Portable-FoundryVTT-v13.348/App/resources/app/dist/database/backend/server-document.mjs:1:2782)","timestamp":"2026-02-05 20:19:20"}
{"level":"error","message":"An error occurred during the migration of Actor record [nncDKO2OaTh8mJE2] of database \"daggerheart-advmanager.templates\":\nError: Documents from a core version newer than the running version cannot be migrated\n    at Function._migrateRecord (file:///C:/Users/rafam/Documents/Rol/Daggerheart/Greg%20Mach/DM%20Stuff/Foundry%20daggerheart/Foundry-daggerheart/Portable-FoundryVTT-v13.348/App/resources/app/dist/database/backend/server-document.mjs:1:3713)\n    at Function._migrateDocuments (file:///C:/Users/rafam/Documents/Rol/Daggerheart/Greg%20Mach/DM%20Stuff/Foundry%20daggerheart/Foundry-daggerheart/Portable-FoundryVTT-v13.348/App/resources/app/dist/database/backend/server-document.mjs:1:2782)","timestamp":"2026-02-05 20:19:20"}
{"level":"error","message":"An error occurred during the migration of Actor record [os0kYaAWk16oKuEQ] of database \"daggerheart-advmanager.templates\":\nError: Documents from a core version newer than the running version cannot be migrated\n    at Function._migrateRecord (file:///C:/Users/rafam/Documents/Rol/Daggerheart/Greg%20Mach/DM%20Stuff/Foundry%20daggerheart/Foundry-daggerheart/Portable-FoundryVTT-v13.348/App/resources/app/dist/database/backend/server-document.mjs:1:3713)\n    at Function._migrateDocuments (file:///C:/Users/rafam/Documents/Rol/Daggerheart/Greg%20Mach/DM%20Stuff/Foundry%20daggerheart/Foundry-daggerheart/Portable-FoundryVTT-v13.348/App/resources/app/dist/database/backend/server-document.mjs:1:2782)","timestamp":"2026-02-05 20:19:20"}
{"level":"error","message":"An error occurred during the migration of Actor record [svn5cSZDB2K7xKUb] of database \"daggerheart-advmanager.templates\":\nError: Documents from a core version newer than the running version cannot be migrated\n    at Function._migrateRecord (file:///C:/Users/rafam/Documents/Rol/Daggerheart/Greg%20Mach/DM%20Stuff/Foundry%20daggerheart/Foundry-daggerheart/Portable-FoundryVTT-v13.348/App/resources/app/dist/database/backend/server-document.mjs:1:3713)\n    at Function._migrateDocuments (file:///C:/Users/rafam/Documents/Rol/Daggerheart/Greg%20Mach/DM%20Stuff/Foundry%20daggerheart/Foundry-daggerheart/Portable-FoundryVTT-v13.348/App/resources/app/dist/database/backend/server-document.mjs:1:2782)","timestamp":"2026-02-05 20:19:20"}
{"level":"error","message":"An error occurred during the migration of Actor record [yMO82g01P4RVB92T] of database \"daggerheart-advmanager.templates\":\nError: Documents from a core version newer than the running version cannot be migrated\n    at Function._migrateRecord (file:///C:/Users/rafam/Documents/Rol/Daggerheart/Greg%20Mach/DM%20Stuff/Foundry%20daggerheart/Foundry-daggerheart/Portable-FoundryVTT-v13.348/App/resources/app/dist/database/backend/server-document.mjs:1:3713)\n    at Function._migrateDocuments (file:///C:/Users/rafam/Documents/Rol/Daggerheart/Greg%20Mach/DM%20Stuff/Foundry%20daggerheart/Foundry-daggerheart/Portable-FoundryVTT-v13.348/App/resources/app/dist/database/backend/server-document.mjs:1:2782)","timestamp":"2026-02-05 20:19:20"}
{"level":"warn","message":"Database daggerheart-advmanager.templates was not fully migrated due to errors during migration.","timestamp":"2026-02-05 20:19:20"}
{"level":"info","message":"Launching World | Migrating Package Data - 46%","timestamp":"2026-02-05 20:19:20"}
{"level":"info","message":"Launching World | Migrating Package Data - 49%","timestamp":"2026-02-05 20:19:20"}
{"level":"error","message":"An error occurred during the migration of Macro record [AksCh0ciaGx7BuyA] of database \"daggerheart-extra-content.macros\":\nError: Documents from a core version newer than the running version cannot be migrated\n    at Function._migrateRecord (file:///C:/Users/rafam/Documents/Rol/Daggerheart/Greg%20Mach/DM%20Stuff/Foundry%20daggerheart/Foundry-daggerheart/Portable-FoundryVTT-v13.348/App/resources/app/dist/database/backend/server-document.mjs:1:3713)\n    at Function._migrateDocuments (file:///C:/Users/rafam/Documents/Rol/Daggerheart/Greg%20Mach/DM%20Stuff/Foundry%20daggerheart/Foundry-daggerheart/Portable-FoundryVTT-v13.348/App/resources/app/dist/database/backend/server-document.mjs:1:2782)","timestamp":"2026-02-05 20:19:20"}
{"level":"error","message":"An error occurred during the migration of Macro record [Ek2uYtA3xm78MKEc] of database \"daggerheart-extra-content.macros\":\nError: Documents from a core version newer than the running version cannot be migrated\n    at Function._migrateRecord (file:///C:/Users/rafam/Documents/Rol/Daggerheart/Greg%20Mach/DM%20Stuff/Foundry%20daggerheart/Foundry-daggerheart/Portable-FoundryVTT-v13.348/App/resources/app/dist/database/backend/server-document.mjs:1:3713)\n    at Function._migrateDocuments (file:///C:/Users/rafam/Documents/Rol/Daggerheart/Greg%20Mach/DM%20Stuff/Foundry%20daggerheart/Foundry-daggerheart/Portable-FoundryVTT-v13.348/App/resources/app/dist/database/backend/server-document.mjs:1:2782)","timestamp":"2026-02-05 20:19:20"}
{"level":"error","message":"An error occurred during the migration of Macro record [FUXtgmbsROZ9EZ64] of database \"daggerheart-extra-content.macros\":\nError: Documents from a core version newer than the running version cannot be migrated\n    at Function._migrateRecord (file:///C:/Users/rafam/Documents/Rol/Daggerheart/Greg%20Mach/DM%20Stuff/Foundry%20daggerheart/Foundry-daggerheart/Portable-FoundryVTT-v13.348/App/resources/app/dist/database/backend/server-document.mjs:1:3713)\n    at Function._migrateDocuments (file:///C:/Users/rafam/Documents/Rol/Daggerheart/Greg%20Mach/DM%20Stuff/Foundry%20daggerheart/Foundry-daggerheart/Portable-FoundryVTT-v13.348/App/resources/app/dist/database/backend/server-document.mjs:1:2782)","timestamp":"2026-02-05 20:19:20"}
{"level":"error","message":"An error occurred during the migration of Macro record [KMIecMvorWDWynzv] of database \"daggerheart-extra-content.macros\":\nError: Documents from a core version newer than the running version cannot be migrated\n    at Function._migrateRecord (file:///C:/Users/rafam/Documents/Rol/Daggerheart/Greg%20Mach/DM%20Stuff/Foundry%20daggerheart/Foundry-daggerheart/Portable-FoundryVTT-v13.348/App/resources/app/dist/database/backend/server-document.mjs:1:3713)\n    at Function._migrateDocuments (file:///C:/Users/rafam/Documents/Rol/Daggerheart/Greg%20Mach/DM%20Stuff/Foundry%20daggerheart/Foundry-daggerheart/Portable-FoundryVTT-v13.348/App/resources/app/dist/database/backend/server-document.mjs:1:2782)","timestamp":"2026-02-05 20:19:20"}
{"level":"error","message":"An error occurred during the migration of Macro record [MrVaunevxMfD1jiI] of database \"daggerheart-extra-content.macros\":\nError: Documents from a core version newer than the running version cannot be migrated\n    at Function._migrateRecord (file:///C:/Users/rafam/Documents/Rol/Daggerheart/Greg%20Mach/DM%20Stuff/Foundry%20daggerheart/Foundry-daggerheart/Portable-FoundryVTT-v13.348/App/resources/app/dist/database/backend/server-document.mjs:1:3713)\n    at Function._migrateDocuments (file:///C:/Users/rafam/Documents/Rol/Daggerheart/Greg%20Mach/DM%20Stuff/Foundry%20daggerheart/Foundry-daggerheart/Portable-FoundryVTT-v13.348/App/resources/app/dist/database/backend/server-document.mjs:1:2782)","timestamp":"2026-02-05 20:19:20"}
{"level":"error","message":"An error occurred during the migration of Macro record [f4seowyhjSLdBpIw] of database \"daggerheart-extra-content.macros\":\nError: Documents from a core version newer than the running version cannot be migrated\n    at Function._migrateRecord (file:///C:/Users/rafam/Documents/Rol/Daggerheart/Greg%20Mach/DM%20Stuff/Foundry%20daggerheart/Foundry-daggerheart/Portable-FoundryVTT-v13.348/App/resources/app/dist/database/backend/server-document.mjs:1:3713)\n    at Function._migrateDocuments (file:///C:/Users/rafam/Documents/Rol/Daggerheart/Greg%20Mach/DM%20Stuff/Foundry%20daggerheart/Foundry-daggerheart/Portable-FoundryVTT-v13.348/App/resources/app/dist/database/backend/server-document.mjs:1:2782)","timestamp":"2026-02-05 20:19:20"}
{"level":"error","message":"An error occurred during the migration of Macro record [lCYBPohT8hPPOpeK] of database \"daggerheart-extra-content.macros\":\nError: Documents from a core version newer than the running version cannot be migrated\n    at Function._migrateRecord (file:///C:/Users/rafam/Documents/Rol/Daggerheart/Greg%20Mach/DM%20Stuff/Foundry%20daggerheart/Foundry-daggerheart/Portable-FoundryVTT-v13.348/App/resources/app/dist/database/backend/server-document.mjs:1:3713)\n    at Function._migrateDocuments (file:///C:/Users/rafam/Documents/Rol/Daggerheart/Greg%20Mach/DM%20Stuff/Foundry%20daggerheart/Foundry-daggerheart/Portable-FoundryVTT-v13.348/App/resources/app/dist/database/backend/server-document.mjs:1:2782)","timestamp":"2026-02-05 20:19:20"}
{"level":"error","message":"An error occurred during the migration of Macro record [mu2CD5fN0NvxcqYl] of database \"daggerheart-extra-content.macros\":\nError: Documents from a core version newer than the running version cannot be migrated\n    at Function._migrateRecord (file:///C:/Users/rafam/Documents/Rol/Daggerheart/Greg%20Mach/DM%20Stuff/Foundry%20daggerheart/Foundry-daggerheart/Portable-FoundryVTT-v13.348/App/resources/app/dist/database/backend/server-document.mjs:1:3713)\n    at Function._migrateDocuments (file:///C:/Users/rafam/Documents/Rol/Daggerheart/Greg%20Mach/DM%20Stuff/Foundry%20daggerheart/Foundry-daggerheart/Portable-FoundryVTT-v13.348/App/resources/app/dist/database/backend/server-document.mjs:1:2782)","timestamp":"2026-02-05 20:19:20"}
{"level":"error","message":"An error occurred during the migration of Macro record [zWi79s5QqaZnMMtX] of database \"daggerheart-extra-content.macros\":\nError: Documents from a core version newer than the running version cannot be migrated\n    at Function._migrateRecord (file:///C:/Users/rafam/Documents/Rol/Daggerheart/Greg%20Mach/DM%20Stuff/Foundry%20daggerheart/Foundry-daggerheart/Portable-FoundryVTT-v13.348/App/resources/app/dist/database/backend/server-document.mjs:1:3713)\n    at Function._migrateDocuments (file:///C:/Users/rafam/Documents/Rol/Daggerheart/Greg%20Mach/DM%20Stuff/Foundry%20daggerheart/Foundry-daggerheart/Portable-FoundryVTT-v13.348/App/resources/app/dist/database/backend/server-document.mjs:1:2782)","timestamp":"2026-02-05 20:19:20"}
{"level":"warn","message":"Database daggerheart-extra-content.macros was not fully migrated due to errors during migration.","timestamp":"2026-02-05 20:19:20"}
{"level":"info","message":"Launching World | Migrating Package Data - 51%","timestamp":"2026-02-05 20:19:20"}
{"level":"info","message":"Launching World | Migrating Package Data - 54%","timestamp":"2026-02-05 20:19:20"}
{"level":"info","message":"Launching World | Migrating Package Data - 56%","timestamp":"2026-02-05 20:19:20"}
{"level":"info","message":"Launching World | Migrating Package Data - 59%","timestamp":"2026-02-05 20:19:20"}
{"level":"info","message":"Launching World | Migrating Package Data - 61%","timestamp":"2026-02-05 20:19:20"}
{"level":"error","message":"An error occurred during the migration of Actor record [2owady11IfU1vset] of database \"daggerheart-extra-content.more-adversaries\":\nError: Documents from a core version newer than the running version cannot be migrated\n    at Function._migrateRecord (file:///C:/Users/rafam/Documents/Rol/Daggerheart/Greg%20Mach/DM%20Stuff/Foundry%20daggerheart/Foundry-daggerheart/Portable-FoundryVTT-v13.348/App/resources/app/dist/database/backend/server-document.mjs:1:3713)\n    at Function._migrateDocuments (file:///C:/Users/rafam/Documents/Rol/Daggerheart/Greg%20Mach/DM%20Stuff/Foundry%20daggerheart/Foundry-daggerheart/Portable-FoundryVTT-v13.348/App/resources/app/dist/database/backend/server-document.mjs:1:2782)","timestamp":"2026-02-05 20:19:20"}
{"level":"error","message":"An error occurred during the migration of Actor record [3wZn34orKgheuXnE] of database \"daggerheart-extra-content.more-adversaries\":\nError: Documents from a core version newer than the running version cannot be migrated\n    at Function._migrateRecord (file:///C:/Users/rafam/Documents/Rol/Daggerheart/Greg%20Mach/DM%20Stuff/Foundry%20daggerheart/Foundry-daggerheart/Portable-FoundryVTT-v13.348/App/resources/app/dist/database/backend/server-document.mjs:1:3713)\n    at Function._migrateDocuments (file:///C:/Users/rafam/Documents/Rol/Daggerheart/Greg%20Mach/DM%20Stuff/Foundry%20daggerheart/Foundry-daggerheart/Portable-FoundryVTT-v13.348/App/resources/app/dist/database/backend/server-document.mjs:1:2782)","timestamp":"2026-02-05 20:19:20"}
{"level":"error","message":"An error occurred during the migration of Actor record [4GkDrUgRyp9FHTAN] of database \"daggerheart-extra-content.more-adversaries\":\nError: Documents from a core version newer than the running version cannot be migrated\n    at Function._migrateRecord (file:///C:/Users/rafam/Documents/Rol/Daggerheart/Greg%20Mach/DM%20Stuff/Foundry%20daggerheart/Foundry-daggerheart/Portable-FoundryVTT-v13.348/App/resources/app/dist/database/backend/server-document.mjs:1:3713)\n    at Function._migrateDocuments (file:///C:/Users/rafam/Documents/Rol/Daggerheart/Greg%20Mach/DM%20Stuff/Foundry%20daggerheart/Foundry-daggerheart/Portable-FoundryVTT-v13.348/App/resources/app/dist/database/backend/server-document.mjs:1:2782)","timestamp":"2026-02-05 20:19:20"}
{"level":"error","message":"An error occurred during the migration of Actor record [6wxPxm4joQnoIjdX] of database \"daggerheart-extra-content.more-adversaries\":\nError: Documents from a core version newer than the running version cannot be migrated\n    at Function._migrateRecord (file:///C:/Users/rafam/Documents/Rol/Daggerheart/Greg%20Mach/DM%20Stuff/Foundry%20daggerheart/Foundry-daggerheart/Portable-FoundryVTT-v13.348/App/resources/app/dist/database/backend/server-document.mjs:1:3713)\n    at Function._migrateDocuments (file:///C:/Users/rafam/Documents/Rol/Daggerheart/Greg%20Mach/DM%20Stuff/Foundry%20daggerheart/Foundry-daggerheart/Portable-FoundryVTT-v13.348/App/resources/app/dist/database/backend/server-document.mjs:1:2782)","timestamp":"2026-02-05 20:19:20"}
{"level":"error","message":"An error occurred during the migration of Actor record [CBjyTRc9xNjmDAM4] of database \"daggerheart-extra-content.more-adversaries\":\nError: Documents from a core version newer than the running version cannot be migrated\n    at Function._migrateRecord (file:///C:/Users/rafam/Documents/Rol/Daggerheart/Greg%20Mach/DM%20Stuff/Foundry%20daggerheart/Foundry-daggerheart/Portable-FoundryVTT-v13.348/App/resources/app/dist/database/backend/server-document.mjs:1:3713)\n    at Function._migrateDocuments (file:///C:/Users/rafam/Documents/Rol/Daggerheart/Greg%20Mach/DM%20Stuff/Foundry%20daggerheart/Foundry-daggerheart/Portable-FoundryVTT-v13.348/App/resources/app/dist/database/backend/server-document.mjs:1:2782)","timestamp":"2026-02-05 20:19:20"}
{"level":"error","message":"An error occurred during the migration of Actor record [D2mYxxduZN4h55cD] of database \"daggerheart-extra-content.more-adversaries\":\nError: Documents from a core version newer than the running version cannot be migrated\n    at Function._migrateRecord (file:///C:/Users/rafam/Documents/Rol/Daggerheart/Greg%20Mach/DM%20Stuff/Foundry%20daggerheart/Foundry-daggerheart/Portable-FoundryVTT-v13.348/App/resources/app/dist/database/backend/server-document.mjs:1:3713)\n    at Function._migrateDocuments (file:///C:/Users/rafam/Documents/Rol/Daggerheart/Greg%20Mach/DM%20Stuff/Foundry%20daggerheart/Foundry-daggerheart/Portable-FoundryVTT-v13.348/App/resources/app/dist/database/backend/server-document.mjs:1:2782)","timestamp":"2026-02-05 20:19:20"}
{"level":"error","message":"An error occurred during the migration of Actor record [GZeCYbWDzYS2iCF9] of database \"daggerheart-extra-content.more-adversaries\":\nError: Documents from a core version newer than the running version cannot be migrated\n    at Function._migrateRecord (file:///C:/Users/rafam/Documents/Rol/Daggerheart/Greg%20Mach/DM%20Stuff/Foundry%20daggerheart/Foundry-daggerheart/Portable-FoundryVTT-v13.348/App/resources/app/dist/database/backend/server-document.mjs:1:3713)\n    at Function._migrateDocuments (file:///C:/Users/rafam/Documents/Rol/Daggerheart/Greg%20Mach/DM%20Stuff/Foundry%20daggerheart/Foundry-daggerheart/Portable-FoundryVTT-v13.348/App/resources/app/dist/database/backend/server-document.mjs:1:2782)","timestamp":"2026-02-05 20:19:20"}
{"level":"error","message":"An error occurred during the migration of Actor record [HFoDDFrRRoLOx6rS] of database \"daggerheart-extra-content.more-adversaries\":\nError: Documents from a core version newer than the running version cannot be migrated\n    at Function._migrateRecord (file:///C:/Users/rafam/Documents/Rol/Daggerheart/Greg%20Mach/DM%20Stuff/Foundry%20daggerheart/Foundry-daggerheart/Portable-FoundryVTT-v13.348/App/resources/app/dist/database/backend/server-document.mjs:1:3713)\n    at Function._migrateDocuments (file:///C:/Users/rafam/Documents/Rol/Daggerheart/Greg%20Mach/DM%20Stuff/Foundry%20daggerheart/Foundry-daggerheart/Portable-FoundryVTT-v13.348/App/resources/app/dist/database/backend/server-document.mjs:1:2782)","timestamp":"2026-02-05 20:19:20"}
{"level":"error","message":"An error occurred during the migration of Actor record [Je6XBGhfDKSY3DEk] of database \"daggerheart-extra-content.more-adversaries\":\nError: Documents from a core version newer than the running version cannot be migrated\n    at Function._migrateRecord (file:///C:/Users/rafam/Documents/Rol/Daggerheart/Greg%20Mach/DM%20Stuff/Foundry%20daggerheart/Foundry-daggerheart/Portable-FoundryVTT-v13.348/App/resources/app/dist/database/backend/server-document.mjs:1:3713)\n    at Function._migrateDocuments (file:///C:/Users/rafam/Documents/Rol/Daggerheart/Greg%20Mach/DM%20Stuff/Foundry%20daggerheart/Foundry-daggerheart/Portable-FoundryVTT-v13.348/App/resources/app/dist/database/backend/server-document.mjs:1:2782)","timestamp":"2026-02-05 20:19:20"}
{"level":"error","message":"An error occurred during the migration of Actor record [RIpmM1hiW9aRSlR5] of database \"daggerheart-extra-content.more-adversaries\":\nError: Documents from a core version newer than the running version cannot be migrated\n    at Function._migrateRecord (file:///C:/Users/rafam/Documents/Rol/Daggerheart/Greg%20Mach/DM%20Stuff/Foundry%20daggerheart/Foundry-daggerheart/Portable-FoundryVTT-v13.348/App/resources/app/dist/database/backend/server-document.mjs:1:3713)\n    at Function._migrateDocuments (file:///C:/Users/rafam/Documents/Rol/Daggerheart/Greg%20Mach/DM%20Stuff/Foundry%20daggerheart/Foundry-daggerheart/Portable-FoundryVTT-v13.348/App/resources/app/dist/database/backend/server-document.mjs:1:2782)","timestamp":"2026-02-05 20:19:20"}
{"level":"error","message":"An error occurred during the migration of Actor record [RlIaKDY410J1Braw] of database \"daggerheart-extra-content.more-adversaries\":\nError: Documents from a core version newer than the running version cannot be migrated\n    at Function._migrateRecord (file:///C:/Users/rafam/Documents/Rol/Daggerheart/Greg%20Mach/DM%20Stuff/Foundry%20daggerheart/Foundry-daggerheart/Portable-FoundryVTT-v13.348/App/resources/app/dist/database/backend/server-document.mjs:1:3713)\n    at Function._migrateDocuments (file:///C:/Users/rafam/Documents/Rol/Daggerheart/Greg%20Mach/DM%20Stuff/Foundry%20daggerheart/Foundry-daggerheart/Portable-FoundryVTT-v13.348/App/resources/app/dist/database/backend/server-document.mjs:1:2782)","timestamp":"2026-02-05 20:19:20"}
{"level":"error","message":"An error occurred during the migration of Actor record [Uu7RvfCQnjz6CNhI] of database \"daggerheart-extra-content.more-adversaries\":\nError: Documents from a core version newer than the running version cannot be migrated\n    at Function._migrateRecord (file:///C:/Users/rafam/Documents/Rol/Daggerheart/Greg%20Mach/DM%20Stuff/Foundry%20daggerheart/Foundry-daggerheart/Portable-FoundryVTT-v13.348/App/resources/app/dist/database/backend/server-document.mjs:1:3713)\n    at Function._migrateDocuments (file:///C:/Users/rafam/Documents/Rol/Daggerheart/Greg%20Mach/DM%20Stuff/Foundry%20daggerheart/Foundry-daggerheart/Portable-FoundryVTT-v13.348/App/resources/app/dist/database/backend/server-document.mjs:1:2782)","timestamp":"2026-02-05 20:19:20"}
{"level":"error","message":"An error occurred during the migration of Actor record [dz7P6qQlXyDH34fj] of database \"daggerheart-extra-content.more-adversaries\":\nError: Documents from a core version newer than the running version cannot be migrated\n    at Function._migrateRecord (file:///C:/Users/rafam/Documents/Rol/Daggerheart/Greg%20Mach/DM%20Stuff/Foundry%20daggerheart/Foundry-daggerheart/Portable-FoundryVTT-v13.348/App/resources/app/dist/database/backend/server-document.mjs:1:3713)\n    at Function._migrateDocuments (file:///C:/Users/rafam/Documents/Rol/Daggerheart/Greg%20Mach/DM%20Stuff/Foundry%20daggerheart/Foundry-daggerheart/Portable-FoundryVTT-v13.348/App/resources/app/dist/database/backend/server-document.mjs:1:2782)","timestamp":"2026-02-05 20:19:20"}
{"level":"error","message":"An error occurred during the migration of Actor record [eQ87jrVECayfpio3] of database \"daggerheart-extra-content.more-adversaries\":\nError: Documents from a core version newer than the running version cannot be migrated\n    at Function._migrateRecord (file:///C:/Users/rafam/Documents/Rol/Daggerheart/Greg%20Mach/DM%20Stuff/Foundry%20daggerheart/Foundry-daggerheart/Portable-FoundryVTT-v13.348/App/resources/app/dist/database/backend/server-document.mjs:1:3713)\n    at Function._migrateDocuments (file:///C:/Users/rafam/Documents/Rol/Daggerheart/Greg%20Mach/DM%20Stuff/Foundry%20daggerheart/Foundry-daggerheart/Portable-FoundryVTT-v13.348/App/resources/app/dist/database/backend/server-document.mjs:1:2782)","timestamp":"2026-02-05 20:19:20"}
{"level":"error","message":"An error occurred during the migration of Actor record [f7a0iCjxLOcnoOry] of database \"daggerheart-extra-content.more-adversaries\":\nError: Documents from a core version newer than the running version cannot be migrated\n    at Function._migrateRecord (file:///C:/Users/rafam/Documents/Rol/Daggerheart/Greg%20Mach/DM%20Stuff/Foundry%20daggerheart/Foundry-daggerheart/Portable-FoundryVTT-v13.348/App/resources/app/dist/database/backend/server-document.mjs:1:3713)\n    at Function._migrateDocuments (file:///C:/Users/rafam/Documents/Rol/Daggerheart/Greg%20Mach/DM%20Stuff/Foundry%20daggerheart/Foundry-daggerheart/Portable-FoundryVTT-v13.348/App/resources/app/dist/database/backend/server-document.mjs:1:2782)","timestamp":"2026-02-05 20:19:20"}
{"level":"error","message":"An error occurred during the migration of Actor record [j0ncG4oNxG6c7CoZ] of database \"daggerheart-extra-content.more-adversaries\":\nError: Documents from a core version newer than the running version cannot be migrated\n    at Function._migrateRecord (file:///C:/Users/rafam/Documents/Rol/Daggerheart/Greg%20Mach/DM%20Stuff/Foundry%20daggerheart/Foundry-daggerheart/Portable-FoundryVTT-v13.348/App/resources/app/dist/database/backend/server-document.mjs:1:3713)\n    at Function._migrateDocuments (file:///C:/Users/rafam/Documents/Rol/Daggerheart/Greg%20Mach/DM%20Stuff/Foundry%20daggerheart/Foundry-daggerheart/Portable-FoundryVTT-v13.348/App/resources/app/dist/database/backend/server-document.mjs:1:2782)","timestamp":"2026-02-05 20:19:20"}
{"level":"error","message":"An error occurred during the migration of Actor record [n7SBEHvb48tFamKO] of database \"daggerheart-extra-content.more-adversaries\":\nError: Documents from a core version newer than the running version cannot be migrated\n    at Function._migrateRecord (file:///C:/Users/rafam/Documents/Rol/Daggerheart/Greg%20Mach/DM%20Stuff/Foundry%20daggerheart/Foundry-daggerheart/Portable-FoundryVTT-v13.348/App/resources/app/dist/database/backend/server-document.mjs:1:3713)\n    at Function._migrateDocuments (file:///C:/Users/rafam/Documents/Rol/Daggerheart/Greg%20Mach/DM%20Stuff/Foundry%20daggerheart/Foundry-daggerheart/Portable-FoundryVTT-v13.348/App/resources/app/dist/database/backend/server-document.mjs:1:2782)","timestamp":"2026-02-05 20:19:20"}
{"level":"error","message":"An error occurred during the migration of Actor record [p7LYTbyuPUNisLQ5] of database \"daggerheart-extra-content.more-adversaries\":\nError: Documents from a core version newer than the running version cannot be migrated\n    at Function._migrateRecord (file:///C:/Users/rafam/Documents/Rol/Daggerheart/Greg%20Mach/DM%20Stuff/Foundry%20daggerheart/Foundry-daggerheart/Portable-FoundryVTT-v13.348/App/resources/app/dist/database/backend/server-document.mjs:1:3713)\n    at Function._migrateDocuments (file:///C:/Users/rafam/Documents/Rol/Daggerheart/Greg%20Mach/DM%20Stuff/Foundry%20daggerheart/Foundry-daggerheart/Portable-FoundryVTT-v13.348/App/resources/app/dist/database/backend/server-document.mjs:1:2782)","timestamp":"2026-02-05 20:19:20"}
{"level":"error","message":"An error occurred during the migration of Actor record [pCEWxOqd7C0B9DxO] of database \"daggerheart-extra-content.more-adversaries\":\nError: Documents from a core version newer than the running version cannot be migrated\n    at Function._migrateRecord (file:///C:/Users/rafam/Documents/Rol/Daggerheart/Greg%20Mach/DM%20Stuff/Foundry%20daggerheart/Foundry-daggerheart/Portable-FoundryVTT-v13.348/App/resources/app/dist/database/backend/server-document.mjs:1:3713)\n    at Function._migrateDocuments (file:///C:/Users/rafam/Documents/Rol/Daggerheart/Greg%20Mach/DM%20Stuff/Foundry%20daggerheart/Foundry-daggerheart/Portable-FoundryVTT-v13.348/App/resources/app/dist/database/backend/server-document.mjs:1:2782)","timestamp":"2026-02-05 20:19:20"}
{"level":"error","message":"An error occurred during the migration of Actor record [pCkMBn3zgF4WA1zz] of database \"daggerheart-extra-content.more-adversaries\":\nError: Documents from a core version newer than the running version cannot be migrated\n    at Function._migrateRecord (file:///C:/Users/rafam/Documents/Rol/Daggerheart/Greg%20Mach/DM%20Stuff/Foundry%20daggerheart/Foundry-daggerheart/Portable-FoundryVTT-v13.348/App/resources/app/dist/database/backend/server-document.mjs:1:3713)\n    at Function._migrateDocuments (file:///C:/Users/rafam/Documents/Rol/Daggerheart/Greg%20Mach/DM%20Stuff/Foundry%20daggerheart/Foundry-daggerheart/Portable-FoundryVTT-v13.348/App/resources/app/dist/database/backend/server-document.mjs:1:2782)","timestamp":"2026-02-05 20:19:20"}
{"level":"error","message":"An error occurred during the migration of Actor record [sEtsUW24RgFB83TQ] of database \"daggerheart-extra-content.more-adversaries\":\nError: Documents from a core version newer than the running version cannot be migrated\n    at Function._migrateRecord (file:///C:/Users/rafam/Documents/Rol/Daggerheart/Greg%20Mach/DM%20Stuff/Foundry%20daggerheart/Foundry-daggerheart/Portable-FoundryVTT-v13.348/App/resources/app/dist/database/backend/server-document.mjs:1:3713)\n    at Function._migrateDocuments (file:///C:/Users/rafam/Documents/Rol/Daggerheart/Greg%20Mach/DM%20Stuff/Foundry%20daggerheart/Foundry-daggerheart/Portable-FoundryVTT-v13.348/App/resources/app/dist/database/backend/server-document.mjs:1:2782)","timestamp":"2026-02-05 20:19:20"}
{"level":"error","message":"An error occurred during the migration of Actor record [sKqhR4Gzsc953DBq] of database \"daggerheart-extra-content.more-adversaries\":\nError: Documents from a core version newer than the running version cannot be migrated\n    at Function._migrateRecord (file:///C:/Users/rafam/Documents/Rol/Daggerheart/Greg%20Mach/DM%20Stuff/Foundry%20daggerheart/Foundry-daggerheart/Portable-FoundryVTT-v13.348/App/resources/app/dist/database/backend/server-document.mjs:1:3713)\n    at Function._migrateDocuments (file:///C:/Users/rafam/Documents/Rol/Daggerheart/Greg%20Mach/DM%20Stuff/Foundry%20daggerheart/Foundry-daggerheart/Portable-FoundryVTT-v13.348/App/resources/app/dist/database/backend/server-document.mjs:1:2782)","timestamp":"2026-02-05 20:19:20"}
{"level":"warn","message":"Database daggerheart-extra-content.more-adversaries was not fully migrated due to errors during migration.","timestamp":"2026-02-05 20:19:20"}
{"level":"info","message":"Launching World | Migrating Package Data - 63%","timestamp":"2026-02-05 20:19:20"}
{"level":"info","message":"Launching World | Migrating Package Data - 66%","timestamp":"2026-02-05 20:19:20"}
{"level":"info","message":"Launching World | Migrating Package Data - 68%","timestamp":"2026-02-05 20:19:20"}
{"level":"error","message":"An error occurred during the migration of Item record [04I86qVoEQ310sCR] of database \"daggerheart-extra-content.ancestry\":\nError: Documents from a core version newer than the running version cannot be migrated\n    at Function._migrateRecord (file:///C:/Users/rafam/Documents/Rol/Daggerheart/Greg%20Mach/DM%20Stuff/Foundry%20daggerheart/Foundry-daggerheart/Portable-FoundryVTT-v13.348/App/resources/app/dist/database/backend/server-document.mjs:1:3713)\n    at Function._migrateDocuments (file:///C:/Users/rafam/Documents/Rol/Daggerheart/Greg%20Mach/DM%20Stuff/Foundry%20daggerheart/Foundry-daggerheart/Portable-FoundryVTT-v13.348/App/resources/app/dist/database/backend/server-document.mjs:1:2782)","timestamp":"2026-02-05 20:19:20"}
{"level":"error","message":"An error occurred during the migration of Item record [2zyMaehKcKOEGM4E] of database \"daggerheart-extra-content.ancestry\":\nError: Documents from a core version newer than the running version cannot be migrated\n    at Function._migrateRecord (file:///C:/Users/rafam/Documents/Rol/Daggerheart/Greg%20Mach/DM%20Stuff/Foundry%20daggerheart/Foundry-daggerheart/Portable-FoundryVTT-v13.348/App/resources/app/dist/database/backend/server-document.mjs:1:3713)\n    at Function._migrateDocuments (file:///C:/Users/rafam/Documents/Rol/Daggerheart/Greg%20Mach/DM%20Stuff/Foundry%20daggerheart/Foundry-daggerheart/Portable-FoundryVTT-v13.348/App/resources/app/dist/database/backend/server-document.mjs:1:2782)","timestamp":"2026-02-05 20:19:20"}
{"level":"error","message":"An error occurred during the migration of Item record [Fc3hqveUPZNSVSk7] of database \"daggerheart-extra-content.ancestry\":\nError: Documents from a core version newer than the running version cannot be migrated\n    at Function._migrateRecord (file:///C:/Users/rafam/Documents/Rol/Daggerheart/Greg%20Mach/DM%20Stuff/Foundry%20daggerheart/Foundry-daggerheart/Portable-FoundryVTT-v13.348/App/resources/app/dist/database/backend/server-document.mjs:1:3713)\n    at Function._migrateDocuments (file:///C:/Users/rafam/Documents/Rol/Daggerheart/Greg%20Mach/DM%20Stuff/Foundry%20daggerheart/Foundry-daggerheart/Portable-FoundryVTT-v13.348/App/resources/app/dist/database/backend/server-document.mjs:1:2782)","timestamp":"2026-02-05 20:19:20"}
{"level":"error","message":"An error occurred during the migration of Item record [QbBbdOgrtxEIWQHB] of database \"daggerheart-extra-content.ancestry\":\nError: Documents from a core version newer than the running version cannot be migrated\n    at Function._migrateRecord (file:///C:/Users/rafam/Documents/Rol/Daggerheart/Greg%20Mach/DM%20Stuff/Foundry%20daggerheart/Foundry-daggerheart/Portable-FoundryVTT-v13.348/App/resources/app/dist/database/backend/server-document.mjs:1:3713)\n    at Function._migrateDocuments (file:///C:/Users/rafam/Documents/Rol/Daggerheart/Greg%20Mach/DM%20Stuff/Foundry%20daggerheart/Foundry-daggerheart/Portable-FoundryVTT-v13.348/App/resources/app/dist/database/backend/server-document.mjs:1:2782)","timestamp":"2026-02-05 20:19:20"}
{"level":"error","message":"An error occurred during the migration of Item record [WOHi9gvF8Ha10EnF] of database \"daggerheart-extra-content.ancestry\":\nError: Documents from a core version newer than the running version cannot be migrated\n    at Function._migrateRecord (file:///C:/Users/rafam/Documents/Rol/Daggerheart/Greg%20Mach/DM%20Stuff/Foundry%20daggerheart/Foundry-daggerheart/Portable-FoundryVTT-v13.348/App/resources/app/dist/database/backend/server-document.mjs:1:3713)\n    at Function._migrateDocuments (file:///C:/Users/rafam/Documents/Rol/Daggerheart/Greg%20Mach/DM%20Stuff/Foundry%20daggerheart/Foundry-daggerheart/Portable-FoundryVTT-v13.348/App/resources/app/dist/database/backend/server-document.mjs:1:2782)","timestamp":"2026-02-05 20:19:20"}
{"level":"error","message":"An error occurred during the migration of Item record [jP4n9wzq0wvfxULo] of database \"daggerheart-extra-content.ancestry\":\nError: Documents from a core version newer than the running version cannot be migrated\n    at Function._migrateRecord (file:///C:/Users/rafam/Documents/Rol/Daggerheart/Greg%20Mach/DM%20Stuff/Foundry%20daggerheart/Foundry-daggerheart/Portable-FoundryVTT-v13.348/App/resources/app/dist/database/backend/server-document.mjs:1:3713)\n    at Function._migrateDocuments (file:///C:/Users/rafam/Documents/Rol/Daggerheart/Greg%20Mach/DM%20Stuff/Foundry%20daggerheart/Foundry-daggerheart/Portable-FoundryVTT-v13.348/App/resources/app/dist/database/backend/server-document.mjs:1:2782)","timestamp":"2026-02-05 20:19:20"}
{"level":"error","message":"An error occurred during the migration of Item record [pjtNmhoBNxjrzRPk] of database \"daggerheart-extra-content.ancestry\":\nError: Documents from a core version newer than the running version cannot be migrated\n    at Function._migrateRecord (file:///C:/Users/rafam/Documents/Rol/Daggerheart/Greg%20Mach/DM%20Stuff/Foundry%20daggerheart/Foundry-daggerheart/Portable-FoundryVTT-v13.348/App/resources/app/dist/database/backend/server-document.mjs:1:3713)\n    at Function._migrateDocuments (file:///C:/Users/rafam/Documents/Rol/Daggerheart/Greg%20Mach/DM%20Stuff/Foundry%20daggerheart/Foundry-daggerheart/Portable-FoundryVTT-v13.348/App/resources/app/dist/database/backend/server-document.mjs:1:2782)","timestamp":"2026-02-05 20:19:20"}
{"level":"error","message":"An error occurred during the migration of Item record [vWfsYRjrKPUne2nZ] of database \"daggerheart-extra-content.ancestry\":\nError: Documents from a core version newer than the running version cannot be migrated\n    at Function._migrateRecord (file:///C:/Users/rafam/Documents/Rol/Daggerheart/Greg%20Mach/DM%20Stuff/Foundry%20daggerheart/Foundry-daggerheart/Portable-FoundryVTT-v13.348/App/resources/app/dist/database/backend/server-document.mjs:1:3713)\n    at Function._migrateDocuments (file:///C:/Users/rafam/Documents/Rol/Daggerheart/Greg%20Mach/DM%20Stuff/Foundry%20daggerheart/Foundry-daggerheart/Portable-FoundryVTT-v13.348/App/resources/app/dist/database/backend/server-document.mjs:1:2782)","timestamp":"2026-02-05 20:19:20"}
{"level":"error","message":"An error occurred during the migration of Item record [y4tOp4lUYpyC7YJW] of database \"daggerheart-extra-content.ancestry\":\nError: Documents from a core version newer than the running version cannot be migrated\n    at Function._migrateRecord (file:///C:/Users/rafam/Documents/Rol/Daggerheart/Greg%20Mach/DM%20Stuff/Foundry%20daggerheart/Foundry-daggerheart/Portable-FoundryVTT-v13.348/App/resources/app/dist/database/backend/server-document.mjs:1:3713)\n    at Function._migrateDocuments (file:///C:/Users/rafam/Documents/Rol/Daggerheart/Greg%20Mach/DM%20Stuff/Foundry%20daggerheart/Foundry-daggerheart/Portable-FoundryVTT-v13.348/App/resources/app/dist/database/backend/server-document.mjs:1:2782)","timestamp":"2026-02-05 20:19:20"}
{"level":"warn","message":"Database daggerheart-extra-content.ancestry was not fully migrated due to errors during migration.","timestamp":"2026-02-05 20:19:20"}
{"level":"info","message":"Launching World | Migrating Package Data - 71%","timestamp":"2026-02-05 20:19:20"}
{"level":"info","message":"Launching World | Migrating Package Data - 73%","timestamp":"2026-02-05 20:19:20"}
{"level":"error","message":"An error occurred during the migration of Item record [8D0NQR901j0Kx0zb] of database \"daggerheart-extra-content.classes\":\nError: Documents from a core version newer than the running version cannot be migrated\n    at Function._migrateRecord (file:///C:/Users/rafam/Documents/Rol/Daggerheart/Greg%20Mach/DM%20Stuff/Foundry%20daggerheart/Foundry-daggerheart/Portable-FoundryVTT-v13.348/App/resources/app/dist/database/backend/server-document.mjs:1:3713)\n    at Function._migrateDocuments (file:///C:/Users/rafam/Documents/Rol/Daggerheart/Greg%20Mach/DM%20Stuff/Foundry%20daggerheart/Foundry-daggerheart/Portable-FoundryVTT-v13.348/App/resources/app/dist/database/backend/server-document.mjs:1:2782)","timestamp":"2026-02-05 20:19:20"}
{"level":"error","message":"An error occurred during the migration of Item record [B90E3nk0uBeZpPw8] of database \"daggerheart-extra-content.classes\":\nError: Documents from a core version newer than the running version cannot be migrated\n    at Function._migrateRecord (file:///C:/Users/rafam/Documents/Rol/Daggerheart/Greg%20Mach/DM%20Stuff/Foundry%20daggerheart/Foundry-daggerheart/Portable-FoundryVTT-v13.348/App/resources/app/dist/database/backend/server-document.mjs:1:3713)\n    at Function._migrateDocuments (file:///C:/Users/rafam/Documents/Rol/Daggerheart/Greg%20Mach/DM%20Stuff/Foundry%20daggerheart/Foundry-daggerheart/Portable-FoundryVTT-v13.348/App/resources/app/dist/database/backend/server-document.mjs:1:2782)","timestamp":"2026-02-05 20:19:20"}
{"level":"error","message":"An error occurred during the migration of Item record [E5d3CnR98vEXt8QS] of database \"daggerheart-extra-content.classes\":\nError: Documents from a core version newer than the running version cannot be migrated\n    at Function._migrateRecord (file:///C:/Users/rafam/Documents/Rol/Daggerheart/Greg%20Mach/DM%20Stuff/Foundry%20daggerheart/Foundry-daggerheart/Portable-FoundryVTT-v13.348/App/resources/app/dist/database/backend/server-document.mjs:1:3713)\n    at Function._migrateDocuments (file:///C:/Users/rafam/Documents/Rol/Daggerheart/Greg%20Mach/DM%20Stuff/Foundry%20daggerheart/Foundry-daggerheart/Portable-FoundryVTT-v13.348/App/resources/app/dist/database/backend/server-document.mjs:1:2782)","timestamp":"2026-02-05 20:19:20"}
{"level":"error","message":"An error occurred during the migration of Item record [EcUepPeaFQz7tnme] of database \"daggerheart-extra-content.classes\":\nError: Documents from a core version newer than the running version cannot be migrated\n    at Function._migrateRecord (file:///C:/Users/rafam/Documents/Rol/Daggerheart/Greg%20Mach/DM%20Stuff/Foundry%20daggerheart/Foundry-daggerheart/Portable-FoundryVTT-v13.348/App/resources/app/dist/database/backend/server-document.mjs:1:3713)\n    at Function._migrateDocuments (file:///C:/Users/rafam/Documents/Rol/Daggerheart/Greg%20Mach/DM%20Stuff/Foundry%20daggerheart/Foundry-daggerheart/Portable-FoundryVTT-v13.348/App/resources/app/dist/database/backend/server-document.mjs:1:2782)","timestamp":"2026-02-05 20:19:20"}
{"level":"error","message":"An error occurred during the migration of Item record [MAT6l8tUvELiLK4L] of database \"daggerheart-extra-content.classes\":\nError: Documents from a core version newer than the running version cannot be migrated\n    at Function._migrateRecord (file:///C:/Users/rafam/Documents/Rol/Daggerheart/Greg%20Mach/DM%20Stuff/Foundry%20daggerheart/Foundry-daggerheart/Portable-FoundryVTT-v13.348/App/resources/app/dist/database/backend/server-document.mjs:1:3713)\n    at Function._migrateDocuments (file:///C:/Users/rafam/Documents/Rol/Daggerheart/Greg%20Mach/DM%20Stuff/Foundry%20daggerheart/Foundry-daggerheart/Portable-FoundryVTT-v13.348/App/resources/app/dist/database/backend/server-document.mjs:1:2782)","timestamp":"2026-02-05 20:19:20"}
{"level":"error","message":"An error occurred during the migration of Item record [N4mXcAWdpFYJdWZn] of database \"daggerheart-extra-content.classes\":\nError: Documents from a core version newer than the running version cannot be migrated\n    at Function._migrateRecord (file:///C:/Users/rafam/Documents/Rol/Daggerheart/Greg%20Mach/DM%20Stuff/Foundry%20daggerheart/Foundry-daggerheart/Portable-FoundryVTT-v13.348/App/resources/app/dist/database/backend/server-document.mjs:1:3713)\n    at Function._migrateDocuments (file:///C:/Users/rafam/Documents/Rol/Daggerheart/Greg%20Mach/DM%20Stuff/Foundry%20daggerheart/Foundry-daggerheart/Portable-FoundryVTT-v13.348/App/resources/app/dist/database/backend/server-document.mjs:1:2782)","timestamp":"2026-02-05 20:19:20"}
{"level":"error","message":"An error occurred during the migration of Item record [g01PAvRJsgiUHpnD] of database \"daggerheart-extra-content.classes\":\nError: Documents from a core version newer than the running version cannot be migrated\n    at Function._migrateRecord (file:///C:/Users/rafam/Documents/Rol/Daggerheart/Greg%20Mach/DM%20Stuff/Foundry%20daggerheart/Foundry-daggerheart/Portable-FoundryVTT-v13.348/App/resources/app/dist/database/backend/server-document.mjs:1:3713)\n    at Function._migrateDocuments (file:///C:/Users/rafam/Documents/Rol/Daggerheart/Greg%20Mach/DM%20Stuff/Foundry%20daggerheart/Foundry-daggerheart/Portable-FoundryVTT-v13.348/App/resources/app/dist/database/backend/server-document.mjs:1:2782)","timestamp":"2026-02-05 20:19:20"}
{"level":"error","message":"An error occurred during the migration of Item record [hXehaNaOdYzSJqxf] of database \"daggerheart-extra-content.classes\":\nError: Documents from a core version newer than the running version cannot be migrated\n    at Function._migrateRecord (file:///C:/Users/rafam/Documents/Rol/Daggerheart/Greg%20Mach/DM%20Stuff/Foundry%20daggerheart/Foundry-daggerheart/Portable-FoundryVTT-v13.348/App/resources/app/dist/database/backend/server-document.mjs:1:3713)\n    at Function._migrateDocuments (file:///C:/Users/rafam/Documents/Rol/Daggerheart/Greg%20Mach/DM%20Stuff/Foundry%20daggerheart/Foundry-daggerheart/Portable-FoundryVTT-v13.348/App/resources/app/dist/database/backend/server-document.mjs:1:2782)","timestamp":"2026-02-05 20:19:20"}
{"level":"error","message":"An error occurred during the migration of Item record [k4NTq8kIqQNNv9bl] of database \"daggerheart-extra-content.classes\":\nError: Documents from a core version newer than the running version cannot be migrated\n    at Function._migrateRecord (file:///C:/Users/rafam/Documents/Rol/Daggerheart/Greg%20Mach/DM%20Stuff/Foundry%20daggerheart/Foundry-daggerheart/Portable-FoundryVTT-v13.348/App/resources/app/dist/database/backend/server-document.mjs:1:3713)\n    at Function._migrateDocuments (file:///C:/Users/rafam/Documents/Rol/Daggerheart/Greg%20Mach/DM%20Stuff/Foundry%20daggerheart/Foundry-daggerheart/Portable-FoundryVTT-v13.348/App/resources/app/dist/database/backend/server-document.mjs:1:2782)","timestamp":"2026-02-05 20:19:20"}
{"level":"error","message":"An error occurred during the migration of Item record [m0xIb9uq6tlZdsoz] of database \"daggerheart-extra-content.classes\":\nError: Documents from a core version newer than the running version cannot be migrated\n    at Function._migrateRecord (file:///C:/Users/rafam/Documents/Rol/Daggerheart/Greg%20Mach/DM%20Stuff/Foundry%20daggerheart/Foundry-daggerheart/Portable-FoundryVTT-v13.348/App/resources/app/dist/database/backend/server-document.mjs:1:3713)\n    at Function._migrateDocuments (file:///C:/Users/rafam/Documents/Rol/Daggerheart/Greg%20Mach/DM%20Stuff/Foundry%20daggerheart/Foundry-daggerheart/Portable-FoundryVTT-v13.348/App/resources/app/dist/database/backend/server-document.mjs:1:2782)","timestamp":"2026-02-05 20:19:20"}
{"level":"error","message":"An error occurred during the migration of Item record [mYoYtle6DKA0UwQd] of database \"daggerheart-extra-content.classes\":\nError: Documents from a core version newer than the running version cannot be migrated\n    at Function._migrateRecord (file:///C:/Users/rafam/Documents/Rol/Daggerheart/Greg%20Mach/DM%20Stuff/Foundry%20daggerheart/Foundry-daggerheart/Portable-FoundryVTT-v13.348/App/resources/app/dist/database/backend/server-document.mjs:1:3713)\n    at Function._migrateDocuments (file:///C:/Users/rafam/Documents/Rol/Daggerheart/Greg%20Mach/DM%20Stuff/Foundry%20daggerheart/Foundry-daggerheart/Portable-FoundryVTT-v13.348/App/resources/app/dist/database/backend/server-document.mjs:1:2782)","timestamp":"2026-02-05 20:19:20"}
{"level":"error","message":"An error occurred during the migration of Item record [xGemeGMXhosaM22K] of database \"daggerheart-extra-content.classes\":\nError: Documents from a core version newer than the running version cannot be migrated\n    at Function._migrateRecord (file:///C:/Users/rafam/Documents/Rol/Daggerheart/Greg%20Mach/DM%20Stuff/Foundry%20daggerheart/Foundry-daggerheart/Portable-FoundryVTT-v13.348/App/resources/app/dist/database/backend/server-document.mjs:1:3713)\n    at Function._migrateDocuments (file:///C:/Users/rafam/Documents/Rol/Daggerheart/Greg%20Mach/DM%20Stuff/Foundry%20daggerheart/Foundry-daggerheart/Portable-FoundryVTT-v13.348/App/resources/app/dist/database/backend/server-document.mjs:1:2782)","timestamp":"2026-02-05 20:19:20"}
{"level":"error","message":"An error occurred during the migration of Item record [zzaKRTPuYEahfilp] of database \"daggerheart-extra-content.classes\":\nError: Documents from a core version newer than the running version cannot be migrated\n    at Function._migrateRecord (file:///C:/Users/rafam/Documents/Rol/Daggerheart/Greg%20Mach/DM%20Stuff/Foundry%20daggerheart/Foundry-daggerheart/Portable-FoundryVTT-v13.348/App/resources/app/dist/database/backend/server-document.mjs:1:3713)\n    at Function._migrateDocuments (file:///C:/Users/rafam/Documents/Rol/Daggerheart/Greg%20Mach/DM%20Stuff/Foundry%20daggerheart/Foundry-daggerheart/Portable-FoundryVTT-v13.348/App/resources/app/dist/database/backend/server-document.mjs:1:2782)","timestamp":"2026-02-05 20:19:20"}
{"level":"warn","message":"Database daggerheart-extra-content.classes was not fully migrated due to errors during migration.","timestamp":"2026-02-05 20:19:20"}
{"level":"info","message":"Launching World | Migrating Package Data - 76%","timestamp":"2026-02-05 20:19:20"}
{"level":"error","message":"An error occurred during the migration of Item record [0YAGrauVMvqpHUou] of database \"daggerheart-extra-content.subclasses\":\nError: Documents from a core version newer than the running version cannot be migrated\n    at Function._migrateRecord (file:///C:/Users/rafam/Documents/Rol/Daggerheart/Greg%20Mach/DM%20Stuff/Foundry%20daggerheart/Foundry-daggerheart/Portable-FoundryVTT-v13.348/App/resources/app/dist/database/backend/server-document.mjs:1:3713)\n    at Function._migrateDocuments (file:///C:/Users/rafam/Documents/Rol/Daggerheart/Greg%20Mach/DM%20Stuff/Foundry%20daggerheart/Foundry-daggerheart/Portable-FoundryVTT-v13.348/App/resources/app/dist/database/backend/server-document.mjs:1:2782)","timestamp":"2026-02-05 20:19:20"}
{"level":"error","message":"An error occurred during the migration of Item record [1vMdJBGISqJYzAA8] of database \"daggerheart-extra-content.subclasses\":\nError: Documents from a core version newer than the running version cannot be migrated\n    at Function._migrateRecord (file:///C:/Users/rafam/Documents/Rol/Daggerheart/Greg%20Mach/DM%20Stuff/Foundry%20daggerheart/Foundry-daggerheart/Portable-FoundryVTT-v13.348/App/resources/app/dist/database/backend/server-document.mjs:1:3713)\n    at Function._migrateDocuments (file:///C:/Users/rafam/Documents/Rol/Daggerheart/Greg%20Mach/DM%20Stuff/Foundry%20daggerheart/Foundry-daggerheart/Portable-FoundryVTT-v13.348/App/resources/app/dist/database/backend/server-document.mjs:1:2782)","timestamp":"2026-02-05 20:19:20"}
{"level":"error","message":"An error occurred during the migration of Item record [48oK5ke7KNhEoSBK] of database \"daggerheart-extra-content.subclasses\":\nError: Documents from a core version newer than the running version cannot be migrated\n    at Function._migrateRecord (file:///C:/Users/rafam/Documents/Rol/Daggerheart/Greg%20Mach/DM%20Stuff/Foundry%20daggerheart/Foundry-daggerheart/Portable-FoundryVTT-v13.348/App/resources/app/dist/database/backend/server-document.mjs:1:3713)\n    at Function._migrateDocuments (file:///C:/Users/rafam/Documents/Rol/Daggerheart/Greg%20Mach/DM%20Stuff/Foundry%20daggerheart/Foundry-daggerheart/Portable-FoundryVTT-v13.348/App/resources/app/dist/database/backend/server-document.mjs:1:2782)","timestamp":"2026-02-05 20:19:20"}
{"level":"error","message":"An error occurred during the migration of Item record [DeyoqbkHGP5Zm5bb] of database \"daggerheart-extra-content.subclasses\":\nError: Documents from a core version newer than the running version cannot be migrated\n    at Function._migrateRecord (file:///C:/Users/rafam/Documents/Rol/Daggerheart/Greg%20Mach/DM%20Stuff/Foundry%20daggerheart/Foundry-daggerheart/Portable-FoundryVTT-v13.348/App/resources/app/dist/database/backend/server-document.mjs:1:3713)\n    at Function._migrateDocuments (file:///C:/Users/rafam/Documents/Rol/Daggerheart/Greg%20Mach/DM%20Stuff/Foundry%20daggerheart/Foundry-daggerheart/Portable-FoundryVTT-v13.348/App/resources/app/dist/database/backend/server-document.mjs:1:2782)","timestamp":"2026-02-05 20:19:20"}
{"level":"error","message":"An error occurred during the migration of Item record [HQmOhlvOcO5GjiRG] of database \"daggerheart-extra-content.subclasses\":\nError: Documents from a core version newer than the running version cannot be migrated\n    at Function._migrateRecord (file:///C:/Users/rafam/Documents/Rol/Daggerheart/Greg%20Mach/DM%20Stuff/Foundry%20daggerheart/Foundry-daggerheart/Portable-FoundryVTT-v13.348/App/resources/app/dist/database/backend/server-document.mjs:1:3713)\n    at Function._migrateDocuments (file:///C:/Users/rafam/Documents/Rol/Daggerheart/Greg%20Mach/DM%20Stuff/Foundry%20daggerheart/Foundry-daggerheart/Portable-FoundryVTT-v13.348/App/resources/app/dist/database/backend/server-document.mjs:1:2782)","timestamp":"2026-02-05 20:19:20"}
{"level":"error","message":"An error occurred during the migration of Item record [LCqFlGKsObwYDIEm] of database \"daggerheart-extra-content.subclasses\":\nError: Documents from a core version newer than the running version cannot be migrated\n    at Function._migrateRecord (file:///C:/Users/rafam/Documents/Rol/Daggerheart/Greg%20Mach/DM%20Stuff/Foundry%20daggerheart/Foundry-daggerheart/Portable-FoundryVTT-v13.348/App/resources/app/dist/database/backend/server-document.mjs:1:3713)\n    at Function._migrateDocuments (file:///C:/Users/rafam/Documents/Rol/Daggerheart/Greg%20Mach/DM%20Stuff/Foundry%20daggerheart/Foundry-daggerheart/Portable-FoundryVTT-v13.348/App/resources/app/dist/database/backend/server-document.mjs:1:2782)","timestamp":"2026-02-05 20:19:20"}
{"level":"error","message":"An error occurred during the migration of Item record [ThjRka7o73hN3p0B] of database \"daggerheart-extra-content.subclasses\":\nError: Documents from a core version newer than the running version cannot be migrated\n    at Function._migrateRecord (file:///C:/Users/rafam/Documents/Rol/Daggerheart/Greg%20Mach/DM%20Stuff/Foundry%20daggerheart/Foundry-daggerheart/Portable-FoundryVTT-v13.348/App/resources/app/dist/database/backend/server-document.mjs:1:3713)\n    at Function._migrateDocuments (file:///C:/Users/rafam/Documents/Rol/Daggerheart/Greg%20Mach/DM%20Stuff/Foundry%20daggerheart/Foundry-daggerheart/Portable-FoundryVTT-v13.348/App/resources/app/dist/database/backend/server-document.mjs:1:2782)","timestamp":"2026-02-05 20:19:20"}
{"level":"error","message":"An error occurred during the migration of Item record [UOiFsix0pZrccp1y] of database \"daggerheart-extra-content.subclasses\":\nError: Documents from a core version newer than the running version cannot be migrated\n    at Function._migrateRecord (file:///C:/Users/rafam/Documents/Rol/Daggerheart/Greg%20Mach/DM%20Stuff/Foundry%20daggerheart/Foundry-daggerheart/Portable-FoundryVTT-v13.348/App/resources/app/dist/database/backend/server-document.mjs:1:3713)\n    at Function._migrateDocuments (file:///C:/Users/rafam/Documents/Rol/Daggerheart/Greg%20Mach/DM%20Stuff/Foundry%20daggerheart/Foundry-daggerheart/Portable-FoundryVTT-v13.348/App/resources/app/dist/database/backend/server-document.mjs:1:2782)","timestamp":"2026-02-05 20:19:20"}
{"level":"error","message":"An error occurred during the migration of Item record [YtPj46QA47slm76U] of database \"daggerheart-extra-content.subclasses\":\nError: Documents from a core version newer than the running version cannot be migrated\n    at Function._migrateRecord (file:///C:/Users/rafam/Documents/Rol/Daggerheart/Greg%20Mach/DM%20Stuff/Foundry%20daggerheart/Foundry-daggerheart/Portable-FoundryVTT-v13.348/App/resources/app/dist/database/backend/server-document.mjs:1:3713)\n    at Function._migrateDocuments (file:///C:/Users/rafam/Documents/Rol/Daggerheart/Greg%20Mach/DM%20Stuff/Foundry%20daggerheart/Foundry-daggerheart/Portable-FoundryVTT-v13.348/App/resources/app/dist/database/backend/server-document.mjs:1:2782)","timestamp":"2026-02-05 20:19:20"}
{"level":"error","message":"An error occurred during the migration of Item record [Z2oD6qtFjxzDYqWV] of database \"daggerheart-extra-content.subclasses\":\nError: Documents from a core version newer than the running version cannot be migrated\n    at Function._migrateRecord (file:///C:/Users/rafam/Documents/Rol/Daggerheart/Greg%20Mach/DM%20Stuff/Foundry%20daggerheart/Foundry-daggerheart/Portable-FoundryVTT-v13.348/App/resources/app/dist/database/backend/server-document.mjs:1:3713)\n    at Function._migrateDocuments (file:///C:/Users/rafam/Documents/Rol/Daggerheart/Greg%20Mach/DM%20Stuff/Foundry%20daggerheart/Foundry-daggerheart/Portable-FoundryVTT-v13.348/App/resources/app/dist/database/backend/server-document.mjs:1:2782)","timestamp":"2026-02-05 20:19:20"}
{"level":"error","message":"An error occurred during the migration of Item record [aKNaVPnQeDzCZl6w] of database \"daggerheart-extra-content.subclasses\":\nError: Documents from a core version newer than the running version cannot be migrated\n    at Function._migrateRecord (file:///C:/Users/rafam/Documents/Rol/Daggerheart/Greg%20Mach/DM%20Stuff/Foundry%20daggerheart/Foundry-daggerheart/Portable-FoundryVTT-v13.348/App/resources/app/dist/database/backend/server-document.mjs:1:3713)\n    at Function._migrateDocuments (file:///C:/Users/rafam/Documents/Rol/Daggerheart/Greg%20Mach/DM%20Stuff/Foundry%20daggerheart/Foundry-daggerheart/Portable-FoundryVTT-v13.348/App/resources/app/dist/database/backend/server-document.mjs:1:2782)","timestamp":"2026-02-05 20:19:20"}
{"level":"error","message":"An error occurred during the migration of Item record [bQMybQa340rpMCR8] of database \"daggerheart-extra-content.subclasses\":\nError: Documents from a core version newer than the running version cannot be migrated\n    at Function._migrateRecord (file:///C:/Users/rafam/Documents/Rol/Daggerheart/Greg%20Mach/DM%20Stuff/Foundry%20daggerheart/Foundry-daggerheart/Portable-FoundryVTT-v13.348/App/resources/app/dist/database/backend/server-document.mjs:1:3713)\n    at Function._migrateDocuments (file:///C:/Users/rafam/Documents/Rol/Daggerheart/Greg%20Mach/DM%20Stuff/Foundry%20daggerheart/Foundry-daggerheart/Portable-FoundryVTT-v13.348/App/resources/app/dist/database/backend/server-document.mjs:1:2782)","timestamp":"2026-02-05 20:19:20"}
{"level":"error","message":"An error occurred during the migration of Item record [eM46wwEPFHNI99sq] of database \"daggerheart-extra-content.subclasses\":\nError: Documents from a core version newer than the running version cannot be migrated\n    at Function._migrateRecord (file:///C:/Users/rafam/Documents/Rol/Daggerheart/Greg%20Mach/DM%20Stuff/Foundry%20daggerheart/Foundry-daggerheart/Portable-FoundryVTT-v13.348/App/resources/app/dist/database/backend/server-document.mjs:1:3713)\n    at Function._migrateDocuments (file:///C:/Users/rafam/Documents/Rol/Daggerheart/Greg%20Mach/DM%20Stuff/Foundry%20daggerheart/Foundry-daggerheart/Portable-FoundryVTT-v13.348/App/resources/app/dist/database/backend/server-document.mjs:1:2782)","timestamp":"2026-02-05 20:19:20"}
{"level":"error","message":"An error occurred during the migration of Item record [eQ8YQvNFJJnz9OqQ] of database \"daggerheart-extra-content.subclasses\":\nError: Documents from a core version newer than the running version cannot be migrated\n    at Function._migrateRecord (file:///C:/Users/rafam/Documents/Rol/Daggerheart/Greg%20Mach/DM%20Stuff/Foundry%20daggerheart/Foundry-daggerheart/Portable-FoundryVTT-v13.348/App/resources/app/dist/database/backend/server-document.mjs:1:3713)\n    at Function._migrateDocuments (file:///C:/Users/rafam/Documents/Rol/Daggerheart/Greg%20Mach/DM%20Stuff/Foundry%20daggerheart/Foundry-daggerheart/Portable-FoundryVTT-v13.348/App/resources/app/dist/database/backend/server-document.mjs:1:2782)","timestamp":"2026-02-05 20:19:20"}
{"level":"error","message":"An error occurred during the migration of Item record [hRIq3JkT9ZwZr5Qf] of database \"daggerheart-extra-content.subclasses\":\nError: Documents from a core version newer than the running version cannot be migrated\n    at Function._migrateRecord (file:///C:/Users/rafam/Documents/Rol/Daggerheart/Greg%20Mach/DM%20Stuff/Foundry%20daggerheart/Foundry-daggerheart/Portable-FoundryVTT-v13.348/App/resources/app/dist/database/backend/server-document.mjs:1:3713)\n    at Function._migrateDocuments (file:///C:/Users/rafam/Documents/Rol/Daggerheart/Greg%20Mach/DM%20Stuff/Foundry%20daggerheart/Foundry-daggerheart/Portable-FoundryVTT-v13.348/App/resources/app/dist/database/backend/server-document.mjs:1:2782)","timestamp":"2026-02-05 20:19:20"}
{"level":"error","message":"An error occurred during the migration of Item record [hZqlmZX7lIGN3auH] of database \"daggerheart-extra-content.subclasses\":\nError: Documents from a core version newer than the running version cannot be migrated\n    at Function._migrateRecord (file:///C:/Users/rafam/Documents/Rol/Daggerheart/Greg%20Mach/DM%20Stuff/Foundry%20daggerheart/Foundry-daggerheart/Portable-FoundryVTT-v13.348/App/resources/app/dist/database/backend/server-document.mjs:1:3713)\n    at Function._migrateDocuments (file:///C:/Users/rafam/Documents/Rol/Daggerheart/Greg%20Mach/DM%20Stuff/Foundry%20daggerheart/Foundry-daggerheart/Portable-FoundryVTT-v13.348/App/resources/app/dist/database/backend/server-document.mjs:1:2782)","timestamp":"2026-02-05 20:19:20"}
{"level":"error","message":"An error occurred during the migration of Item record [lwShv1Is6MN1zDor] of database \"daggerheart-extra-content.subclasses\":\nError: Documents from a core version newer than the running version cannot be migrated\n    at Function._migrateRecord (file:///C:/Users/rafam/Documents/Rol/Daggerheart/Greg%20Mach/DM%20Stuff/Foundry%20daggerheart/Foundry-daggerheart/Portable-FoundryVTT-v13.348/App/resources/app/dist/database/backend/server-document.mjs:1:3713)\n    at Function._migrateDocuments (file:///C:/Users/rafam/Documents/Rol/Daggerheart/Greg%20Mach/DM%20Stuff/Foundry%20daggerheart/Foundry-daggerheart/Portable-FoundryVTT-v13.348/App/resources/app/dist/database/backend/server-document.mjs:1:2782)","timestamp":"2026-02-05 20:19:20"}
{"level":"error","message":"An error occurred during the migration of Item record [oWFZxLUa6apOCBW6] of database \"daggerheart-extra-content.subclasses\":\nError: Documents from a core version newer than the running version cannot be migrated\n    at Function._migrateRecord (file:///C:/Users/rafam/Documents/Rol/Daggerheart/Greg%20Mach/DM%20Stuff/Foundry%20daggerheart/Foundry-daggerheart/Portable-FoundryVTT-v13.348/App/resources/app/dist/database/backend/server-document.mjs:1:3713)\n    at Function._migrateDocuments (file:///C:/Users/rafam/Documents/Rol/Daggerheart/Greg%20Mach/DM%20Stuff/Foundry%20daggerheart/Foundry-daggerheart/Portable-FoundryVTT-v13.348/App/resources/app/dist/database/backend/server-document.mjs:1:2782)","timestamp":"2026-02-05 20:19:20"}
{"level":"error","message":"An error occurred during the migration of Item record [uZZCmokDQbizjw1d] of database \"daggerheart-extra-content.subclasses\":\nError: Documents from a core version newer than the running version cannot be migrated\n    at Function._migrateRecord (file:///C:/Users/rafam/Documents/Rol/Daggerheart/Greg%20Mach/DM%20Stuff/Foundry%20daggerheart/Foundry-daggerheart/Portable-FoundryVTT-v13.348/App/resources/app/dist/database/backend/server-document.mjs:1:3713)\n    at Function._migrateDocuments (file:///C:/Users/rafam/Documents/Rol/Daggerheart/Greg%20Mach/DM%20Stuff/Foundry%20daggerheart/Foundry-daggerheart/Portable-FoundryVTT-v13.348/App/resources/app/dist/database/backend/server-document.mjs:1:2782)","timestamp":"2026-02-05 20:19:20"}
{"level":"error","message":"An error occurred during the migration of Item record [ytYGENKq8AtjYqTb] of database \"daggerheart-extra-content.subclasses\":\nError: Documents from a core version newer than the running version cannot be migrated\n    at Function._migrateRecord (file:///C:/Users/rafam/Documents/Rol/Daggerheart/Greg%20Mach/DM%20Stuff/Foundry%20daggerheart/Foundry-daggerheart/Portable-FoundryVTT-v13.348/App/resources/app/dist/database/backend/server-document.mjs:1:3713)\n    at Function._migrateDocuments (file:///C:/Users/rafam/Documents/Rol/Daggerheart/Greg%20Mach/DM%20Stuff/Foundry%20daggerheart/Foundry-daggerheart/Portable-FoundryVTT-v13.348/App/resources/app/dist/database/backend/server-document.mjs:1:2782)","timestamp":"2026-02-05 20:19:20"}
{"level":"warn","message":"Database daggerheart-extra-content.subclasses was not fully migrated due to errors during migration.","timestamp":"2026-02-05 20:19:20"}
{"level":"info","message":"Launching World | Migrating Package Data - 78%","timestamp":"2026-02-05 20:19:20"}
{"level":"error","message":"An error occurred during the migration of Item record [9X2envWaXGSWx82V] of database \"the-void-unofficial.classes\":\nError: Documents from a core version newer than the running version cannot be migrated\n    at Function._migrateRecord (file:///C:/Users/rafam/Documents/Rol/Daggerheart/Greg%20Mach/DM%20Stuff/Foundry%20daggerheart/Foundry-daggerheart/Portable-FoundryVTT-v13.348/App/resources/app/dist/database/backend/server-document.mjs:1:3713)\n    at Function._migrateDocuments (file:///C:/Users/rafam/Documents/Rol/Daggerheart/Greg%20Mach/DM%20Stuff/Foundry%20daggerheart/Foundry-daggerheart/Portable-FoundryVTT-v13.348/App/resources/app/dist/database/backend/server-document.mjs:1:2782)","timestamp":"2026-02-05 20:19:20"}
{"level":"error","message":"An error occurred during the migration of Item record [R0wYgWyPih4CpTE5] of database \"the-void-unofficial.classes\":\nError: Documents from a core version newer than the running version cannot be migrated\n    at Function._migrateRecord (file:///C:/Users/rafam/Documents/Rol/Daggerheart/Greg%20Mach/DM%20Stuff/Foundry%20daggerheart/Foundry-daggerheart/Portable-FoundryVTT-v13.348/App/resources/app/dist/database/backend/server-document.mjs:1:3713)\n    at Function._migrateDocuments (file:///C:/Users/rafam/Documents/Rol/Daggerheart/Greg%20Mach/DM%20Stuff/Foundry%20daggerheart/Foundry-daggerheart/Portable-FoundryVTT-v13.348/App/resources/app/dist/database/backend/server-document.mjs:1:2782)","timestamp":"2026-02-05 20:19:20"}
{"level":"error","message":"An error occurred during the migration of Item record [TGTBooD83OWXyQj1] of database \"the-void-unofficial.classes\":\nError: Documents from a core version newer than the running version cannot be migrated\n    at Function._migrateRecord (file:///C:/Users/rafam/Documents/Rol/Daggerheart/Greg%20Mach/DM%20Stuff/Foundry%20daggerheart/Foundry-daggerheart/Portable-FoundryVTT-v13.348/App/resources/app/dist/database/backend/server-document.mjs:1:3713)\n    at Function._migrateDocuments (file:///C:/Users/rafam/Documents/Rol/Daggerheart/Greg%20Mach/DM%20Stuff/Foundry%20daggerheart/Foundry-daggerheart/Portable-FoundryVTT-v13.348/App/resources/app/dist/database/backend/server-document.mjs:1:2782)","timestamp":"2026-02-05 20:19:20"}
{"level":"error","message":"An error occurred during the migration of Item record [gugHbXBWP24CFTJZ] of database \"the-void-unofficial.classes\":\nError: Documents from a core version newer than the running version cannot be migrated\n    at Function._migrateRecord (file:///C:/Users/rafam/Documents/Rol/Daggerheart/Greg%20Mach/DM%20Stuff/Foundry%20daggerheart/Foundry-daggerheart/Portable-FoundryVTT-v13.348/App/resources/app/dist/database/backend/server-document.mjs:1:3713)\n    at Function._migrateDocuments (file:///C:/Users/rafam/Documents/Rol/Daggerheart/Greg%20Mach/DM%20Stuff/Foundry%20daggerheart/Foundry-daggerheart/Portable-FoundryVTT-v13.348/App/resources/app/dist/database/backend/server-document.mjs:1:2782)","timestamp":"2026-02-05 20:19:20"}
{"level":"error","message":"An error occurred during the migration of Item record [m3CvI4nlskOu5jZS] of database \"the-void-unofficial.classes\":\nError: Documents from a core version newer than the running version cannot be migrated\n    at Function._migrateRecord (file:///C:/Users/rafam/Documents/Rol/Daggerheart/Greg%20Mach/DM%20Stuff/Foundry%20daggerheart/Foundry-daggerheart/Portable-FoundryVTT-v13.348/App/resources/app/dist/database/backend/server-document.mjs:1:3713)\n    at Function._migrateDocuments (file:///C:/Users/rafam/Documents/Rol/Daggerheart/Greg%20Mach/DM%20Stuff/Foundry%20daggerheart/Foundry-daggerheart/Portable-FoundryVTT-v13.348/App/resources/app/dist/database/backend/server-document.mjs:1:2782)","timestamp":"2026-02-05 20:19:20"}
{"level":"error","message":"An error occurred during the migration of Item record [otb0ThXWuqQzzWho] of database \"the-void-unofficial.classes\":\nError: Documents from a core version newer than the running version cannot be migrated\n    at Function._migrateRecord (file:///C:/Users/rafam/Documents/Rol/Daggerheart/Greg%20Mach/DM%20Stuff/Foundry%20daggerheart/Foundry-daggerheart/Portable-FoundryVTT-v13.348/App/resources/app/dist/database/backend/server-document.mjs:1:3713)\n    at Function._migrateDocuments (file:///C:/Users/rafam/Documents/Rol/Daggerheart/Greg%20Mach/DM%20Stuff/Foundry%20daggerheart/Foundry-daggerheart/Portable-FoundryVTT-v13.348/App/resources/app/dist/database/backend/server-document.mjs:1:2782)","timestamp":"2026-02-05 20:19:20"}
{"level":"error","message":"An error occurred during the migration of Item record [v5M0mxaTDJCyhAsR] of database \"the-void-unofficial.classes\":\nError: Documents from a core version newer than the running version cannot be migrated\n    at Function._migrateRecord (file:///C:/Users/rafam/Documents/Rol/Daggerheart/Greg%20Mach/DM%20Stuff/Foundry%20daggerheart/Foundry-daggerheart/Portable-FoundryVTT-v13.348/App/resources/app/dist/database/backend/server-document.mjs:1:3713)\n    at Function._migrateDocuments (file:///C:/Users/rafam/Documents/Rol/Daggerheart/Greg%20Mach/DM%20Stuff/Foundry%20daggerheart/Foundry-daggerheart/Portable-FoundryVTT-v13.348/App/resources/app/dist/database/backend/server-document.mjs:1:2782)","timestamp":"2026-02-05 20:19:20"}
{"level":"warn","message":"Database the-void-unofficial.classes was not fully migrated due to errors during migration.","timestamp":"2026-02-05 20:19:20"}
{"level":"info","message":"Launching World | Migrating Package Data - 80%","timestamp":"2026-02-05 20:19:20"}
{"level":"error","message":"An error occurred during the migration of Item record [1PPk39iarFpWylOi] of database \"the-void-unofficial.subclasses\":\nError: Documents from a core version newer than the running version cannot be migrated\n    at Function._migrateRecord (file:///C:/Users/rafam/Documents/Rol/Daggerheart/Greg%20Mach/DM%20Stuff/Foundry%20daggerheart/Foundry-daggerheart/Portable-FoundryVTT-v13.348/App/resources/app/dist/database/backend/server-document.mjs:1:3713)\n    at Function._migrateDocuments (file:///C:/Users/rafam/Documents/Rol/Daggerheart/Greg%20Mach/DM%20Stuff/Foundry%20daggerheart/Foundry-daggerheart/Portable-FoundryVTT-v13.348/App/resources/app/dist/database/backend/server-document.mjs:1:2782)","timestamp":"2026-02-05 20:19:20"}
{"level":"error","message":"An error occurred during the migration of Item record [4Jaekd41DdaPdWkw] of database \"the-void-unofficial.subclasses\":\nError: Documents from a core version newer than the running version cannot be migrated\n    at Function._migrateRecord (file:///C:/Users/rafam/Documents/Rol/Daggerheart/Greg%20Mach/DM%20Stuff/Foundry%20daggerheart/Foundry-daggerheart/Portable-FoundryVTT-v13.348/App/resources/app/dist/database/backend/server-document.mjs:1:3713)\n    at Function._migrateDocuments (file:///C:/Users/rafam/Documents/Rol/Daggerheart/Greg%20Mach/DM%20Stuff/Foundry%20daggerheart/Foundry-daggerheart/Portable-FoundryVTT-v13.348/App/resources/app/dist/database/backend/server-document.mjs:1:2782)","timestamp":"2026-02-05 20:19:20"}
{"level":"error","message":"An error occurred during the migration of Item record [8EGGJmnqPBs9CrO9] of database \"the-void-unofficial.subclasses\":\nError: Documents from a core version newer than the running version cannot be migrated\n    at Function._migrateRecord (file:///C:/Users/rafam/Documents/Rol/Daggerheart/Greg%20Mach/DM%20Stuff/Foundry%20daggerheart/Foundry-daggerheart/Portable-FoundryVTT-v13.348/App/resources/app/dist/database/backend/server-document.mjs:1:3713)\n    at Function._migrateDocuments (file:///C:/Users/rafam/Documents/Rol/Daggerheart/Greg%20Mach/DM%20Stuff/Foundry%20daggerheart/Foundry-daggerheart/Portable-FoundryVTT-v13.348/App/resources/app/dist/database/backend/server-document.mjs:1:2782)","timestamp":"2026-02-05 20:19:20"}
{"level":"error","message":"An error occurred during the migration of Item record [GXYbLE8fG6fmGvFE] of database \"the-void-unofficial.subclasses\":\nError: Documents from a core version newer than the running version cannot be migrated\n    at Function._migrateRecord (file:///C:/Users/rafam/Documents/Rol/Daggerheart/Greg%20Mach/DM%20Stuff/Foundry%20daggerheart/Foundry-daggerheart/Portable-FoundryVTT-v13.348/App/resources/app/dist/database/backend/server-document.mjs:1:3713)\n    at Function._migrateDocuments (file:///C:/Users/rafam/Documents/Rol/Daggerheart/Greg%20Mach/DM%20Stuff/Foundry%20daggerheart/Foundry-daggerheart/Portable-FoundryVTT-v13.348/App/resources/app/dist/database/backend/server-document.mjs:1:2782)","timestamp":"2026-02-05 20:19:20"}
{"level":"error","message":"An error occurred during the migration of Item record [H8iGhoEsLwbhmUjb] of database \"the-void-unofficial.subclasses\":\nError: Documents from a core version newer than the running version cannot be migrated\n    at Function._migrateRecord (file:///C:/Users/rafam/Documents/Rol/Daggerheart/Greg%20Mach/DM%20Stuff/Foundry%20daggerheart/Foundry-daggerheart/Portable-FoundryVTT-v13.348/App/resources/app/dist/database/backend/server-document.mjs:1:3713)\n    at Function._migrateDocuments (file:///C:/Users/rafam/Documents/Rol/Daggerheart/Greg%20Mach/DM%20Stuff/Foundry%20daggerheart/Foundry-daggerheart/Portable-FoundryVTT-v13.348/App/resources/app/dist/database/backend/server-document.mjs:1:2782)","timestamp":"2026-02-05 20:19:20"}
{"level":"error","message":"An error occurred during the migration of Item record [JIO4bvmWGH4tTXpQ] of database \"the-void-unofficial.subclasses\":\nError: Documents from a core version newer than the running version cannot be migrated\n    at Function._migrateRecord (file:///C:/Users/rafam/Documents/Rol/Daggerheart/Greg%20Mach/DM%20Stuff/Foundry%20daggerheart/Foundry-daggerheart/Portable-FoundryVTT-v13.348/App/resources/app/dist/database/backend/server-document.mjs:1:3713)\n    at Function._migrateDocuments (file:///C:/Users/rafam/Documents/Rol/Daggerheart/Greg%20Mach/DM%20Stuff/Foundry%20daggerheart/Foundry-daggerheart/Portable-FoundryVTT-v13.348/App/resources/app/dist/database/backend/server-document.mjs:1:2782)","timestamp":"2026-02-05 20:19:20"}
{"level":"error","message":"An error occurred during the migration of Item record [JWlQd6XSBB22ASBs] of database \"the-void-unofficial.subclasses\":\nError: Documents from a core version newer than the running version cannot be migrated\n    at Function._migrateRecord (file:///C:/Users/rafam/Documents/Rol/Daggerheart/Greg%20Mach/DM%20Stuff/Foundry%20daggerheart/Foundry-daggerheart/Portable-FoundryVTT-v13.348/App/resources/app/dist/database/backend/server-document.mjs:1:3713)\n    at Function._migrateDocuments (file:///C:/Users/rafam/Documents/Rol/Daggerheart/Greg%20Mach/DM%20Stuff/Foundry%20daggerheart/Foundry-daggerheart/Portable-FoundryVTT-v13.348/App/resources/app/dist/database/backend/server-document.mjs:1:2782)","timestamp":"2026-02-05 20:19:20"}
{"level":"error","message":"An error occurred during the migration of Item record [JiPSjjjWxSbnoQRe] of database \"the-void-unofficial.subclasses\":\nError: Documents from a core version newer than the running version cannot be migrated\n    at Function._migrateRecord (file:///C:/Users/rafam/Documents/Rol/Daggerheart/Greg%20Mach/DM%20Stuff/Foundry%20daggerheart/Foundry-daggerheart/Portable-FoundryVTT-v13.348/App/resources/app/dist/database/backend/server-document.mjs:1:3713)\n    at Function._migrateDocuments (file:///C:/Users/rafam/Documents/Rol/Daggerheart/Greg%20Mach/DM%20Stuff/Foundry%20daggerheart/Foundry-daggerheart/Portable-FoundryVTT-v13.348/App/resources/app/dist/database/backend/server-document.mjs:1:2782)","timestamp":"2026-02-05 20:19:20"}
{"level":"error","message":"An error occurred during the migration of Item record [XeSsopeDDreSRv5A] of database \"the-void-unofficial.subclasses\":\nError: Documents from a core version newer than the running version cannot be migrated\n    at Function._migrateRecord (file:///C:/Users/rafam/Documents/Rol/Daggerheart/Greg%20Mach/DM%20Stuff/Foundry%20daggerheart/Foundry-daggerheart/Portable-FoundryVTT-v13.348/App/resources/app/dist/database/backend/server-document.mjs:1:3713)\n    at Function._migrateDocuments (file:///C:/Users/rafam/Documents/Rol/Daggerheart/Greg%20Mach/DM%20Stuff/Foundry%20daggerheart/Foundry-daggerheart/Portable-FoundryVTT-v13.348/App/resources/app/dist/database/backend/server-document.mjs:1:2782)","timestamp":"2026-02-05 20:19:20"}
{"level":"error","message":"An error occurred during the migration of Item record [YN38IzjqW5paIy92] of database \"the-void-unofficial.subclasses\":\nError: Documents from a core version newer than the running version cannot be migrated\n    at Function._migrateRecord (file:///C:/Users/rafam/Documents/Rol/Daggerheart/Greg%20Mach/DM%20Stuff/Foundry%20daggerheart/Foundry-daggerheart/Portable-FoundryVTT-v13.348/App/resources/app/dist/database/backend/server-document.mjs:1:3713)\n    at Function._migrateDocuments (file:///C:/Users/rafam/Documents/Rol/Daggerheart/Greg%20Mach/DM%20Stuff/Foundry%20daggerheart/Foundry-daggerheart/Portable-FoundryVTT-v13.348/App/resources/app/dist/database/backend/server-document.mjs:1:2782)","timestamp":"2026-02-05 20:19:20"}
{"level":"error","message":"An error occurred during the migration of Item record [ZYdJamwMgRsiG733] of database \"the-void-unofficial.subclasses\":\nError: Documents from a core version newer than the running version cannot be migrated\n    at Function._migrateRecord (file:///C:/Users/rafam/Documents/Rol/Daggerheart/Greg%20Mach/DM%20Stuff/Foundry%20daggerheart/Foundry-daggerheart/Portable-FoundryVTT-v13.348/App/resources/app/dist/database/backend/server-document.mjs:1:3713)\n    at Function._migrateDocuments (file:///C:/Users/rafam/Documents/Rol/Daggerheart/Greg%20Mach/DM%20Stuff/Foundry%20daggerheart/Foundry-daggerheart/Portable-FoundryVTT-v13.348/App/resources/app/dist/database/backend/server-document.mjs:1:2782)","timestamp":"2026-02-05 20:19:20"}
{"level":"error","message":"An error occurred during the migration of Item record [aFtWBHgUBxsCptI2] of database \"the-void-unofficial.subclasses\":\nError: Documents from a core version newer than the running version cannot be migrated\n    at Function._migrateRecord (file:///C:/Users/rafam/Documents/Rol/Daggerheart/Greg%20Mach/DM%20Stuff/Foundry%20daggerheart/Foundry-daggerheart/Portable-FoundryVTT-v13.348/App/resources/app/dist/database/backend/server-document.mjs:1:3713)\n    at Function._migrateDocuments (file:///C:/Users/rafam/Documents/Rol/Daggerheart/Greg%20Mach/DM%20Stuff/Foundry%20daggerheart/Foundry-daggerheart/Portable-FoundryVTT-v13.348/App/resources/app/dist/database/backend/server-document.mjs:1:2782)","timestamp":"2026-02-05 20:19:20"}
{"level":"error","message":"An error occurred during the migration of Item record [h0PlfOo87vjMIR2n] of database \"the-void-unofficial.subclasses\":\nError: Documents from a core version newer than the running version cannot be migrated\n    at Function._migrateRecord (file:///C:/Users/rafam/Documents/Rol/Daggerheart/Greg%20Mach/DM%20Stuff/Foundry%20daggerheart/Foundry-daggerheart/Portable-FoundryVTT-v13.348/App/resources/app/dist/database/backend/server-document.mjs:1:3713)\n    at Function._migrateDocuments (file:///C:/Users/rafam/Documents/Rol/Daggerheart/Greg%20Mach/DM%20Stuff/Foundry%20daggerheart/Foundry-daggerheart/Portable-FoundryVTT-v13.348/App/resources/app/dist/database/backend/server-document.mjs:1:2782)","timestamp":"2026-02-05 20:19:20"}
{"level":"error","message":"An error occurred during the migration of Item record [h3bzYGrnwkKQBJ6d] of database \"the-void-unofficial.subclasses\":\nError: Documents from a core version newer than the running version cannot be migrated\n    at Function._migrateRecord (file:///C:/Users/rafam/Documents/Rol/Daggerheart/Greg%20Mach/DM%20Stuff/Foundry%20daggerheart/Foundry-daggerheart/Portable-FoundryVTT-v13.348/App/resources/app/dist/database/backend/server-document.mjs:1:3713)\n    at Function._migrateDocuments (file:///C:/Users/rafam/Documents/Rol/Daggerheart/Greg%20Mach/DM%20Stuff/Foundry%20daggerheart/Foundry-daggerheart/Portable-FoundryVTT-v13.348/App/resources/app/dist/database/backend/server-document.mjs:1:2782)","timestamp":"2026-02-05 20:19:20"}
{"level":"error","message":"An error occurred during the migration of Item record [mRNqGokQNZEK8GSP] of database \"the-void-unofficial.subclasses\":\nError: Documents from a core version newer than the running version cannot be migrated\n    at Function._migrateRecord (file:///C:/Users/rafam/Documents/Rol/Daggerheart/Greg%20Mach/DM%20Stuff/Foundry%20daggerheart/Foundry-daggerheart/Portable-FoundryVTT-v13.348/App/resources/app/dist/database/backend/server-document.mjs:1:3713)\n    at Function._migrateDocuments (file:///C:/Users/rafam/Documents/Rol/Daggerheart/Greg%20Mach/DM%20Stuff/Foundry%20daggerheart/Foundry-daggerheart/Portable-FoundryVTT-v13.348/App/resources/app/dist/database/backend/server-document.mjs:1:2782)","timestamp":"2026-02-05 20:19:20"}
{"level":"error","message":"An error occurred during the migration of Item record [sajwdoQ5JVzqeqsj] of database \"the-void-unofficial.subclasses\":\nError: Documents from a core version newer than the running version cannot be migrated\n    at Function._migrateRecord (file:///C:/Users/rafam/Documents/Rol/Daggerheart/Greg%20Mach/DM%20Stuff/Foundry%20daggerheart/Foundry-daggerheart/Portable-FoundryVTT-v13.348/App/resources/app/dist/database/backend/server-document.mjs:1:3713)\n    at Function._migrateDocuments (file:///C:/Users/rafam/Documents/Rol/Daggerheart/Greg%20Mach/DM%20Stuff/Foundry%20daggerheart/Foundry-daggerheart/Portable-FoundryVTT-v13.348/App/resources/app/dist/database/backend/server-document.mjs:1:2782)","timestamp":"2026-02-05 20:19:20"}
{"level":"error","message":"An error occurred during the migration of Item record [ulURXMXGHT33vnD9] of database \"the-void-unofficial.subclasses\":\nError: Documents from a core version newer than the running version cannot be migrated\n    at Function._migrateRecord (file:///C:/Users/rafam/Documents/Rol/Daggerheart/Greg%20Mach/DM%20Stuff/Foundry%20daggerheart/Foundry-daggerheart/Portable-FoundryVTT-v13.348/App/resources/app/dist/database/backend/server-document.mjs:1:3713)\n    at Function._migrateDocuments (file:///C:/Users/rafam/Documents/Rol/Daggerheart/Greg%20Mach/DM%20Stuff/Foundry%20daggerheart/Foundry-daggerheart/Portable-FoundryVTT-v13.348/App/resources/app/dist/database/backend/server-document.mjs:1:2782)","timestamp":"2026-02-05 20:19:20"}
{"level":"error","message":"An error occurred during the migration of Item record [zkpNSVJfpnR0InYL] of database \"the-void-unofficial.subclasses\":\nError: Documents from a core version newer than the running version cannot be migrated\n    at Function._migrateRecord (file:///C:/Users/rafam/Documents/Rol/Daggerheart/Greg%20Mach/DM%20Stuff/Foundry%20daggerheart/Foundry-daggerheart/Portable-FoundryVTT-v13.348/App/resources/app/dist/database/backend/server-document.mjs:1:3713)\n    at Function._migrateDocuments (file:///C:/Users/rafam/Documents/Rol/Daggerheart/Greg%20Mach/DM%20Stuff/Foundry%20daggerheart/Foundry-daggerheart/Portable-FoundryVTT-v13.348/App/resources/app/dist/database/backend/server-document.mjs:1:2782)","timestamp":"2026-02-05 20:19:20"}
{"level":"warn","message":"Database the-void-unofficial.subclasses was not fully migrated due to errors during migration.","timestamp":"2026-02-05 20:19:20"}
{"level":"info","message":"Launching World | Migrating Package Data - 83%","timestamp":"2026-02-05 20:19:20"}
{"level":"info","message":"Launching World | Migrating Package Data - 85%","timestamp":"2026-02-05 20:19:20"}
{"level":"info","message":"Launching World | Migrating Package Data - 88%","timestamp":"2026-02-05 20:19:20"}
{"level":"error","message":"An error occurred during the migration of Item record [0NoQWqYOiPdXdUhQ] of database \"the-void-unofficial.domains\":\nError: Documents from a core version newer than the running version cannot be migrated\n    at Function._migrateRecord (file:///C:/Users/rafam/Documents/Rol/Daggerheart/Greg%20Mach/DM%20Stuff/Foundry%20daggerheart/Foundry-daggerheart/Portable-FoundryVTT-v13.348/App/resources/app/dist/database/backend/server-document.mjs:1:3713)\n    at Function._migrateDocuments (file:///C:/Users/rafam/Documents/Rol/Daggerheart/Greg%20Mach/DM%20Stuff/Foundry%20daggerheart/Foundry-daggerheart/Portable-FoundryVTT-v13.348/App/resources/app/dist/database/backend/server-document.mjs:1:2782)","timestamp":"2026-02-05 20:19:20"}
{"level":"error","message":"An error occurred during the migration of Item record [176CHYdrz550TiEa] of database \"the-void-unofficial.domains\":\nError: Documents from a core version newer than the running version cannot be migrated\n    at Function._migrateRecord (file:///C:/Users/rafam/Documents/Rol/Daggerheart/Greg%20Mach/DM%20Stuff/Foundry%20daggerheart/Foundry-daggerheart/Portable-FoundryVTT-v13.348/App/resources/app/dist/database/backend/server-document.mjs:1:3713)\n    at Function._migrateDocuments (file:///C:/Users/rafam/Documents/Rol/Daggerheart/Greg%20Mach/DM%20Stuff/Foundry%20daggerheart/Foundry-daggerheart/Portable-FoundryVTT-v13.348/App/resources/app/dist/database/backend/server-document.mjs:1:2782)","timestamp":"2026-02-05 20:19:20"}
{"level":"error","message":"An error occurred during the migration of Item record [65NWcF4RSZgyJXFt] of database \"the-void-unofficial.domains\":\nError: Documents from a core version newer than the running version cannot be migrated\n    at Function._migrateRecord (file:///C:/Users/rafam/Documents/Rol/Daggerheart/Greg%20Mach/DM%20Stuff/Foundry%20daggerheart/Foundry-daggerheart/Portable-FoundryVTT-v13.348/App/resources/app/dist/database/backend/server-document.mjs:1:3713)\n    at Function._migrateDocuments (file:///C:/Users/rafam/Documents/Rol/Daggerheart/Greg%20Mach/DM%20Stuff/Foundry%20daggerheart/Foundry-daggerheart/Portable-FoundryVTT-v13.348/App/resources/app/dist/database/backend/server-document.mjs:1:2782)","timestamp":"2026-02-05 20:19:20"}
{"level":"error","message":"An error occurred during the migration of Item record [88xwPHpicN5uBo0f] of database \"the-void-unofficial.domains\":\nError: Documents from a core version newer than the running version cannot be migrated\n    at Function._migrateRecord (file:///C:/Users/rafam/Documents/Rol/Daggerheart/Greg%20Mach/DM%20Stuff/Foundry%20daggerheart/Foundry-daggerheart/Portable-FoundryVTT-v13.348/App/resources/app/dist/database/backend/server-document.mjs:1:3713)\n    at Function._migrateDocuments (file:///C:/Users/rafam/Documents/Rol/Daggerheart/Greg%20Mach/DM%20Stuff/Foundry%20daggerheart/Foundry-daggerheart/Portable-FoundryVTT-v13.348/App/resources/app/dist/database/backend/server-document.mjs:1:2782)","timestamp":"2026-02-05 20:19:20"}
{"level":"error","message":"An error occurred during the migration of Item record [9wxJJpH25cxmtx5W] of database \"the-void-unofficial.domains\":\nError: Documents from a core version newer than the running version cannot be migrated\n    at Function._migrateRecord (file:///C:/Users/rafam/Documents/Rol/Daggerheart/Greg%20Mach/DM%20Stuff/Foundry%20daggerheart/Foundry-daggerheart/Portable-FoundryVTT-v13.348/App/resources/app/dist/database/backend/server-document.mjs:1:3713)\n    at Function._migrateDocuments (file:///C:/Users/rafam/Documents/Rol/Daggerheart/Greg%20Mach/DM%20Stuff/Foundry%20daggerheart/Foundry-daggerheart/Portable-FoundryVTT-v13.348/App/resources/app/dist/database/backend/server-document.mjs:1:2782)","timestamp":"2026-02-05 20:19:20"}
{"level":"error","message":"An error occurred during the migration of Item record [BFkzJkWY4HejN4WR] of database \"the-void-unofficial.domains\":\nError: Documents from a core version newer than the running version cannot be migrated\n    at Function._migrateRecord (file:///C:/Users/rafam/Documents/Rol/Daggerheart/Greg%20Mach/DM%20Stuff/Foundry%20daggerheart/Foundry-daggerheart/Portable-FoundryVTT-v13.348/App/resources/app/dist/database/backend/server-document.mjs:1:3713)\n    at Function._migrateDocuments (file:///C:/Users/rafam/Documents/Rol/Daggerheart/Greg%20Mach/DM%20Stuff/Foundry%20daggerheart/Foundry-daggerheart/Portable-FoundryVTT-v13.348/App/resources/app/dist/database/backend/server-document.mjs:1:2782)","timestamp":"2026-02-05 20:19:20"}
{"level":"error","message":"An error occurred during the migration of Item record [BQF5xVKRVQdhGAf8] of database \"the-void-unofficial.domains\":\nError: Documents from a core version newer than the running version cannot be migrated\n    at Function._migrateRecord (file:///C:/Users/rafam/Documents/Rol/Daggerheart/Greg%20Mach/DM%20Stuff/Foundry%20daggerheart/Foundry-daggerheart/Portable-FoundryVTT-v13.348/App/resources/app/dist/database/backend/server-document.mjs:1:3713)\n    at Function._migrateDocuments (file:///C:/Users/rafam/Documents/Rol/Daggerheart/Greg%20Mach/DM%20Stuff/Foundry%20daggerheart/Foundry-daggerheart/Portable-FoundryVTT-v13.348/App/resources/app/dist/database/backend/server-document.mjs:1:2782)","timestamp":"2026-02-05 20:19:20"}
{"level":"error","message":"An error occurred during the migration of Item record [BctVkNUWYL5Eww2k] of database \"the-void-unofficial.domains\":\nError: Documents from a core version newer than the running version cannot be migrated\n    at Function._migrateRecord (file:///C:/Users/rafam/Documents/Rol/Daggerheart/Greg%20Mach/DM%20Stuff/Foundry%20daggerheart/Foundry-daggerheart/Portable-FoundryVTT-v13.348/App/resources/app/dist/database/backend/server-document.mjs:1:3713)\n    at Function._migrateDocuments (file:///C:/Users/rafam/Documents/Rol/Daggerheart/Greg%20Mach/DM%20Stuff/Foundry%20daggerheart/Foundry-daggerheart/Portable-FoundryVTT-v13.348/App/resources/app/dist/database/backend/server-document.mjs:1:2782)","timestamp":"2026-02-05 20:19:20"}
{"level":"error","message":"An error occurred during the migration of Item record [CQbmQH1Xqr1BjLWW] of database \"the-void-unofficial.domains\":\nError: Documents from a core version newer than the running version cannot be migrated\n    at Function._migrateRecord (file:///C:/Users/rafam/Documents/Rol/Daggerheart/Greg%20Mach/DM%20Stuff/Foundry%20daggerheart/Foundry-daggerheart/Portable-FoundryVTT-v13.348/App/resources/app/dist/database/backend/server-document.mjs:1:3713)\n    at Function._migrateDocuments (file:///C:/Users/rafam/Documents/Rol/Daggerheart/Greg%20Mach/DM%20Stuff/Foundry%20daggerheart/Foundry-daggerheart/Portable-FoundryVTT-v13.348/App/resources/app/dist/database/backend/server-document.mjs:1:2782)","timestamp":"2026-02-05 20:19:20"}
{"level":"error","message":"An error occurred during the migration of Item record [Du7UHRd0CweyuXil] of database \"the-void-unofficial.domains\":\nError: Documents from a core version newer than the running version cannot be migrated\n    at Function._migrateRecord (file:///C:/Users/rafam/Documents/Rol/Daggerheart/Greg%20Mach/DM%20Stuff/Foundry%20daggerheart/Foundry-daggerheart/Portable-FoundryVTT-v13.348/App/resources/app/dist/database/backend/server-document.mjs:1:3713)\n    at Function._migrateDocuments (file:///C:/Users/rafam/Documents/Rol/Daggerheart/Greg%20Mach/DM%20Stuff/Foundry%20daggerheart/Foundry-daggerheart/Portable-FoundryVTT-v13.348/App/resources/app/dist/database/backend/server-document.mjs:1:2782)","timestamp":"2026-02-05 20:19:20"}
{"level":"error","message":"An error occurred during the migration of Item record [LOPtjnPVjWQEzrZx] of database \"the-void-unofficial.domains\":\nError: Documents from a core version newer than the running version cannot be migrated\n    at Function._migrateRecord (file:///C:/Users/rafam/Documents/Rol/Daggerheart/Greg%20Mach/DM%20Stuff/Foundry%20daggerheart/Foundry-daggerheart/Portable-FoundryVTT-v13.348/App/resources/app/dist/database/backend/server-document.mjs:1:3713)\n    at Function._migrateDocuments (file:///C:/Users/rafam/Documents/Rol/Daggerheart/Greg%20Mach/DM%20Stuff/Foundry%20daggerheart/Foundry-daggerheart/Portable-FoundryVTT-v13.348/App/resources/app/dist/database/backend/server-document.mjs:1:2782)","timestamp":"2026-02-05 20:19:20"}
{"level":"error","message":"An error occurred during the migration of Item record [Q3RpYwdlDyCQPJHr] of database \"the-void-unofficial.domains\":\nError: Documents from a core version newer than the running version cannot be migrated\n    at Function._migrateRecord (file:///C:/Users/rafam/Documents/Rol/Daggerheart/Greg%20Mach/DM%20Stuff/Foundry%20daggerheart/Foundry-daggerheart/Portable-FoundryVTT-v13.348/App/resources/app/dist/database/backend/server-document.mjs:1:3713)\n    at Function._migrateDocuments (file:///C:/Users/rafam/Documents/Rol/Daggerheart/Greg%20Mach/DM%20Stuff/Foundry%20daggerheart/Foundry-daggerheart/Portable-FoundryVTT-v13.348/App/resources/app/dist/database/backend/server-document.mjs:1:2782)","timestamp":"2026-02-05 20:19:20"}
{"level":"error","message":"An error occurred during the migration of Item record [WAUpMdW2TD8KVusi] of database \"the-void-unofficial.domains\":\nError: Documents from a core version newer than the running version cannot be migrated\n    at Function._migrateRecord (file:///C:/Users/rafam/Documents/Rol/Daggerheart/Greg%20Mach/DM%20Stuff/Foundry%20daggerheart/Foundry-daggerheart/Portable-FoundryVTT-v13.348/App/resources/app/dist/database/backend/server-document.mjs:1:3713)\n    at Function._migrateDocuments (file:///C:/Users/rafam/Documents/Rol/Daggerheart/Greg%20Mach/DM%20Stuff/Foundry%20daggerheart/Foundry-daggerheart/Portable-FoundryVTT-v13.348/App/resources/app/dist/database/backend/server-document.mjs:1:2782)","timestamp":"2026-02-05 20:19:20"}
{"level":"error","message":"An error occurred during the migration of Item record [XGDsPevKx3P1mdpH] of database \"the-void-unofficial.domains\":\nError: Documents from a core version newer than the running version cannot be migrated\n    at Function._migrateRecord (file:///C:/Users/rafam/Documents/Rol/Daggerheart/Greg%20Mach/DM%20Stuff/Foundry%20daggerheart/Foundry-daggerheart/Portable-FoundryVTT-v13.348/App/resources/app/dist/database/backend/server-document.mjs:1:3713)\n    at Function._migrateDocuments (file:///C:/Users/rafam/Documents/Rol/Daggerheart/Greg%20Mach/DM%20Stuff/Foundry%20daggerheart/Foundry-daggerheart/Portable-FoundryVTT-v13.348/App/resources/app/dist/database/backend/server-document.mjs:1:2782)","timestamp":"2026-02-05 20:19:20"}
{"level":"error","message":"An error occurred during the migration of Item record [cOFRHlxyTtRlbumc] of database \"the-void-unofficial.domains\":\nError: Documents from a core version newer than the running version cannot be migrated\n    at Function._migrateRecord (file:///C:/Users/rafam/Documents/Rol/Daggerheart/Greg%20Mach/DM%20Stuff/Foundry%20daggerheart/Foundry-daggerheart/Portable-FoundryVTT-v13.348/App/resources/app/dist/database/backend/server-document.mjs:1:3713)\n    at Function._migrateDocuments (file:///C:/Users/rafam/Documents/Rol/Daggerheart/Greg%20Mach/DM%20Stuff/Foundry%20daggerheart/Foundry-daggerheart/Portable-FoundryVTT-v13.348/App/resources/app/dist/database/backend/server-document.mjs:1:2782)","timestamp":"2026-02-05 20:19:20"}
{"level":"error","message":"An error occurred during the migration of Item record [dVUQ7Rp9luM7Zekw] of database \"the-void-unofficial.domains\":\nError: Documents from a core version newer than the running version cannot be migrated\n    at Function._migrateRecord (file:///C:/Users/rafam/Documents/Rol/Daggerheart/Greg%20Mach/DM%20Stuff/Foundry%20daggerheart/Foundry-daggerheart/Portable-FoundryVTT-v13.348/App/resources/app/dist/database/backend/server-document.mjs:1:3713)\n    at Function._migrateDocuments (file:///C:/Users/rafam/Documents/Rol/Daggerheart/Greg%20Mach/DM%20Stuff/Foundry%20daggerheart/Foundry-daggerheart/Portable-FoundryVTT-v13.348/App/resources/app/dist/database/backend/server-document.mjs:1:2782)","timestamp":"2026-02-05 20:19:20"}
{"level":"error","message":"An error occurred during the migration of Item record [gSsxO2xiMxANuBIz] of database \"the-void-unofficial.domains\":\nError: Documents from a core version newer than the running version cannot be migrated\n    at Function._migrateRecord (file:///C:/Users/rafam/Documents/Rol/Daggerheart/Greg%20Mach/DM%20Stuff/Foundry%20daggerheart/Foundry-daggerheart/Portable-FoundryVTT-v13.348/App/resources/app/dist/database/backend/server-document.mjs:1:3713)\n    at Function._migrateDocuments (file:///C:/Users/rafam/Documents/Rol/Daggerheart/Greg%20Mach/DM%20Stuff/Foundry%20daggerheart/Foundry-daggerheart/Portable-FoundryVTT-v13.348/App/resources/app/dist/database/backend/server-document.mjs:1:2782)","timestamp":"2026-02-05 20:19:20"}
{"level":"error","message":"An error occurred during the migration of Item record [gaDhu9iAdChYFcm2] of database \"the-void-unofficial.domains\":\nError: Documents from a core version newer than the running version cannot be migrated\n    at Function._migrateRecord (file:///C:/Users/rafam/Documents/Rol/Daggerheart/Greg%20Mach/DM%20Stuff/Foundry%20daggerheart/Foundry-daggerheart/Portable-FoundryVTT-v13.348/App/resources/app/dist/database/backend/server-document.mjs:1:3713)\n    at Function._migrateDocuments (file:///C:/Users/rafam/Documents/Rol/Daggerheart/Greg%20Mach/DM%20Stuff/Foundry%20daggerheart/Foundry-daggerheart/Portable-FoundryVTT-v13.348/App/resources/app/dist/database/backend/server-document.mjs:1:2782)","timestamp":"2026-02-05 20:19:20"}
{"level":"error","message":"An error occurred during the migration of Item record [hmDOLwJEZlbuOKNT] of database \"the-void-unofficial.domains\":\nError: Documents from a core version newer than the running version cannot be migrated\n    at Function._migrateRecord (file:///C:/Users/rafam/Documents/Rol/Daggerheart/Greg%20Mach/DM%20Stuff/Foundry%20daggerheart/Foundry-daggerheart/Portable-FoundryVTT-v13.348/App/resources/app/dist/database/backend/server-document.mjs:1:3713)\n    at Function._migrateDocuments (file:///C:/Users/rafam/Documents/Rol/Daggerheart/Greg%20Mach/DM%20Stuff/Foundry%20daggerheart/Foundry-daggerheart/Portable-FoundryVTT-v13.348/App/resources/app/dist/database/backend/server-document.mjs:1:2782)","timestamp":"2026-02-05 20:19:20"}
{"level":"error","message":"An error occurred during the migration of Item record [lo8WVAuTWsAh6QBf] of database \"the-void-unofficial.domains\":\nError: Documents from a core version newer than the running version cannot be migrated\n    at Function._migrateRecord (file:///C:/Users/rafam/Documents/Rol/Daggerheart/Greg%20Mach/DM%20Stuff/Foundry%20daggerheart/Foundry-daggerheart/Portable-FoundryVTT-v13.348/App/resources/app/dist/database/backend/server-document.mjs:1:3713)\n    at Function._migrateDocuments (file:///C:/Users/rafam/Documents/Rol/Daggerheart/Greg%20Mach/DM%20Stuff/Foundry%20daggerheart/Foundry-daggerheart/Portable-FoundryVTT-v13.348/App/resources/app/dist/database/backend/server-document.mjs:1:2782)","timestamp":"2026-02-05 20:19:20"}
{"level":"error","message":"An error occurred during the migration of Item record [yGbgSMuL43quImEV] of database \"the-void-unofficial.domains\":\nError: Documents from a core version newer than the running version cannot be migrated\n    at Function._migrateRecord (file:///C:/Users/rafam/Documents/Rol/Daggerheart/Greg%20Mach/DM%20Stuff/Foundry%20daggerheart/Foundry-daggerheart/Portable-FoundryVTT-v13.348/App/resources/app/dist/database/backend/server-document.mjs:1:3713)\n    at Function._migrateDocuments (file:///C:/Users/rafam/Documents/Rol/Daggerheart/Greg%20Mach/DM%20Stuff/Foundry%20daggerheart/Foundry-daggerheart/Portable-FoundryVTT-v13.348/App/resources/app/dist/database/backend/server-document.mjs:1:2782)","timestamp":"2026-02-05 20:19:20"}
{"level":"warn","message":"Database the-void-unofficial.domains was not fully migrated due to errors during migration.","timestamp":"2026-02-05 20:19:20"}
{"level":"info","message":"Launching World | Migrating Package Data - 90%","timestamp":"2026-02-05 20:19:20"}
{"level":"info","message":"Launching World | Migrating Package Data - 93%","timestamp":"2026-02-05 20:19:20"}
{"level":"error","message":"An error occurred during the migration of Item record [cg2pnUEwJ7q4k28d] of database \"the-void-unofficial.weapons\":\nError: Documents from a core version newer than the running version cannot be migrated\n    at Function._migrateRecord (file:///C:/Users/rafam/Documents/Rol/Daggerheart/Greg%20Mach/DM%20Stuff/Foundry%20daggerheart/Foundry-daggerheart/Portable-FoundryVTT-v13.348/App/resources/app/dist/database/backend/server-document.mjs:1:3713)\n    at Function._migrateDocuments (file:///C:/Users/rafam/Documents/Rol/Daggerheart/Greg%20Mach/DM%20Stuff/Foundry%20daggerheart/Foundry-daggerheart/Portable-FoundryVTT-v13.348/App/resources/app/dist/database/backend/server-document.mjs:1:2782)","timestamp":"2026-02-05 20:19:20"}
{"level":"error","message":"An error occurred during the migration of Item record [lHFiIpH2lrBBaT4o] of database \"the-void-unofficial.weapons\":\nError: Documents from a core version newer than the running version cannot be migrated\n    at Function._migrateRecord (file:///C:/Users/rafam/Documents/Rol/Daggerheart/Greg%20Mach/DM%20Stuff/Foundry%20daggerheart/Foundry-daggerheart/Portable-FoundryVTT-v13.348/App/resources/app/dist/database/backend/server-document.mjs:1:3713)\n    at Function._migrateDocuments (file:///C:/Users/rafam/Documents/Rol/Daggerheart/Greg%20Mach/DM%20Stuff/Foundry%20daggerheart/Foundry-daggerheart/Portable-FoundryVTT-v13.348/App/resources/app/dist/database/backend/server-document.mjs:1:2782)","timestamp":"2026-02-05 20:19:20"}
{"level":"warn","message":"Database the-void-unofficial.weapons was not fully migrated due to errors during migration.","timestamp":"2026-02-05 20:19:20"}
{"level":"info","message":"Launching World | Migrating Package Data - 95%","timestamp":"2026-02-05 20:19:20"}
{"level":"info","message":"Launching World | Migrating Package Data - 98%","timestamp":"2026-02-05 20:19:20"}
{"level":"info","message":"Launching World | Migrating Package Data - 100%","timestamp":"2026-02-05 20:19:20"}
{"level":"info","message":"Launching World | Complete","timestamp":"2026-02-05 20:19:20"}
{"ip":"::1","level":"info","message":"User authentication successful for user Rafa GM","session":"88bd63f08eec84af5528e414","timestamp":"2026-02-05 20:20:07"}
{"level":"info","message":"Daggerheart update 1.6.4 is now available!","timestamp":"2026-02-05 20:20:10"}
{"level":"info","message":"Vended World data to User [9BSrd5hz74gPsor2] in 1273ms","timestamp":"2026-02-05 20:20:10"}
{"level":"info","message":"Created ChatMessage with id [WAjGSFElQU2ys8ea]","timestamp":"2026-02-05 20:20:16"}
{"level":"info","message":"Toggling game pause status to false","timestamp":"2026-02-05 20:20:40"}
{"level":"info","message":"Toggling game pause status to true","timestamp":"2026-02-05 20:20:41"}
{"level":"info","message":"Created client session 942ff68e45f8ffc389e7fb43","timestamp":"2026-02-05 20:25:13"}
{"level":"info","message":"Created client session c5b004f26555601c623f470c","timestamp":"2026-02-05 20:27:47"}
{"level":"info","message":"Created client session 423d03c57c4f0ac177ee9800","timestamp":"2026-02-05 20:27:54"}
{"level":"info","message":"Created client session fd58b84eade75a77ca3c2559","timestamp":"2026-02-05 20:27:55"}
{"level":"info","message":"Created client session f02df1b557414b023542e504","timestamp":"2026-02-05 20:27:55"}
{"level":"info","message":"Created client session ea5ff2e0dea870fb8f8de276","timestamp":"2026-02-05 20:27:55"}
{"ip":"::1","level":"info","message":"User authentication successful for user Rafa","session":"942ff68e45f8ffc389e7fb43","timestamp":"2026-02-05 20:28:24"}
{"level":"info","message":"Daggerheart update 1.6.4 is now available!","timestamp":"2026-02-05 20:28:28"}
{"level":"info","message":"Vended World data to User [GWTRKbo7zCYY14Zb] in 979ms","timestamp":"2026-02-05 20:28:28"}
{"level":"info","message":"Logged user GWTRKbo7zCYY14Zb out of active World","timestamp":"2026-02-05 20:29:19"}
{"ip":"::1","level":"info","message":"User authentication successful for user Borja","session":"942ff68e45f8ffc389e7fb43","timestamp":"2026-02-05 20:29:22"}
{"level":"info","message":"Daggerheart update 1.6.4 is now available!","timestamp":"2026-02-05 20:29:25"}
{"level":"info","message":"Vended World data to User [2hCuY7JahfZQNXRT] in 663ms","timestamp":"2026-02-05 20:29:25"}
{"level":"info","message":"Created Token with id [IYGX9075h97WqXxV] in parent Scene [Xu5HbCrkGrO3llR2]","timestamp":"2026-02-05 20:29:36"}
{"level":"info","message":"Created Token with id [eDiS5x59RopkdDCs] in parent Scene [Xu5HbCrkGrO3llR2]","timestamp":"2026-02-05 20:29:38"}
{"level":"info","message":"Created Token with id [w3h8HE8KHqVRxepG] in parent Scene [Xu5HbCrkGrO3llR2]","timestamp":"2026-02-05 20:29:40"}
{"level":"info","message":"Created Token with id [N3oNkgtmG7iafsON] in parent Scene [Xu5HbCrkGrO3llR2]","timestamp":"2026-02-05 20:29:41"}
{"level":"info","message":"Created client session fe8d86865eabdd8000dc17ca","timestamp":"2026-02-05 20:34:48"}
{"level":"info","message":"Created client session d7528f47ccaef19438d4cbd4","timestamp":"2026-02-05 20:35:18"}
{"ip":"::1","level":"info","message":"User authentication successful for user Borja","session":"d7528f47ccaef19438d4cbd4","timestamp":"2026-02-05 20:35:57"}
{"ip":"::1","level":"info","message":"User authentication successful for user Juanjo","session":"fe8d86865eabdd8000dc17ca","timestamp":"2026-02-05 20:35:58"}
{"level":"info","message":"Daggerheart update 1.6.4 is now available!","timestamp":"2026-02-05 20:35:59"}
{"level":"info","message":"Vended World data to User [2hCuY7JahfZQNXRT] in 611ms","timestamp":"2026-02-05 20:36:00"}
{"level":"info","message":"Daggerheart update 1.6.4 is now available!","timestamp":"2026-02-05 20:36:00"}
{"level":"info","message":"Vended World data to User [tbPfLYIkcfydMgjn] in 691ms","timestamp":"2026-02-05 20:36:00"}
{"level":"info","message":"Created client session 3f18ebec885f9eb3926d7f05","timestamp":"2026-02-05 20:36:11"}
{"ip":"::1","level":"info","message":"User authentication successful for user Manu","session":"3f18ebec885f9eb3926d7f05","timestamp":"2026-02-05 20:36:24"}
{"level":"info","message":"Daggerheart update 1.6.4 is now available!","timestamp":"2026-02-05 20:36:26"}
{"level":"info","message":"Vended World data to User [3KGkrc3RzaXE4jXU] in 585ms","timestamp":"2026-02-05 20:36:26"}
{"level":"info","message":"Created ChatMessage with id [3YLCbBhdWgOh8HMg]","timestamp":"2026-02-05 20:37:21"}
{"level":"info","message":"Created client session 92f7c065bfcf7809e1a54840","timestamp":"2026-02-05 20:39:28"}
{"ip":"::1","level":"info","message":"User authentication successful for user Marco","session":"92f7c065bfcf7809e1a54840","timestamp":"2026-02-05 20:39:39"}
{"level":"info","message":"Daggerheart update 1.6.4 is now available!","timestamp":"2026-02-05 20:39:42"}
{"level":"info","message":"Vended World data to User [bD85SeOOnOQ4JDCw] in 1030ms","timestamp":"2026-02-05 20:39:42"}
{"level":"info","message":"Created ChatMessage with id [XM9iMl1LwSbf31eq]","timestamp":"2026-02-05 20:41:18"}
{"level":"info","message":"Created ChatMessage with id [IRs7vhbxXoG8x4uC]","timestamp":"2026-02-05 20:42:42"}
{"level":"info","message":"Daggerheart update 1.6.4 is now available!","timestamp":"2026-02-05 20:45:42"}
{"level":"info","message":"Vended World data to User [tbPfLYIkcfydMgjn] in 1103ms","timestamp":"2026-02-05 20:45:42"}
{"level":"info","message":"Toggling game pause status to false","timestamp":"2026-02-05 20:47:46"}
{"level":"info","message":"Created ChatMessage with id [FSI941Aw3LCgyHHQ]","timestamp":"2026-02-05 20:51:04"}
{"level":"info","message":"Created ChatMessage with id [kAE8K0IHiqyjnAge]","timestamp":"2026-02-05 20:51:50"}
{"level":"info","message":"Created ChatMessage with id [RjBdoAdmOFj9w6qM]","timestamp":"2026-02-05 20:52:04"}
{"level":"info","message":"Created ChatMessage with id [eTjc1frjwovbhTQH]","timestamp":"2026-02-05 20:52:14"}
{"level":"info","message":"Created ChatMessage with id [VYlEKqDFTKAeOOWJ]","timestamp":"2026-02-05 20:52:16"}
{"level":"info","message":"Created Token with id [psI0o9PZ5kn9JKqY] in parent Scene [Xu5HbCrkGrO3llR2]","timestamp":"2026-02-05 20:53:13"}
{"level":"info","message":"Created Drawing with id [EHCVq3fU0Vvjx6Qb] in parent Scene [Xu5HbCrkGrO3llR2]","timestamp":"2026-02-05 20:56:13"}
{"level":"info","message":"Created Drawing with id [3J1DnPUmH75lpBg6] in parent Scene [Xu5HbCrkGrO3llR2]","timestamp":"2026-02-05 20:56:18"}
{"level":"info","message":"Created Drawing with id [32DOWSnygLZg7Ddc] in parent Scene [Xu5HbCrkGrO3llR2]","timestamp":"2026-02-05 20:56:21"}
{"level":"info","message":"Created Drawing with id [N3LKigWW3eJ4Pm5h] in parent Scene [Xu5HbCrkGrO3llR2]","timestamp":"2026-02-05 20:56:22"}
{"level":"info","message":"Created Drawing with id [8G7KWuPiYYmSnmko] in parent Scene [Xu5HbCrkGrO3llR2]","timestamp":"2026-02-05 20:56:23"}
{"level":"info","message":"Created Drawing with id [PuJdKmBiXeOvP6KG] in parent Scene [Xu5HbCrkGrO3llR2]","timestamp":"2026-02-05 20:56:24"}
{"level":"info","message":"Created Drawing with id [NmGS9W6TqQCOmlqs] in parent Scene [Xu5HbCrkGrO3llR2]","timestamp":"2026-02-05 20:56:33"}
{"level":"info","message":"Created Drawing with id [iK6QTwYoU6NIxP4W] in parent Scene [Xu5HbCrkGrO3llR2]","timestamp":"2026-02-05 20:56:34"}
{"level":"info","message":"Created Drawing with id [XymrH4lhsA5rnHHL] in parent Scene [Xu5HbCrkGrO3llR2]","timestamp":"2026-02-05 20:56:35"}
{"level":"info","message":"Created Drawing with id [sAwHCTusEHOW5H6V] in parent Scene [Xu5HbCrkGrO3llR2]","timestamp":"2026-02-05 20:56:36"}
{"level":"info","message":"Created Drawing with id [vED4vzpUymama0bK] in parent Scene [Xu5HbCrkGrO3llR2]","timestamp":"2026-02-05 20:56:37"}
{"level":"info","message":"Created Drawing with id [Rg2UpbbZppHhFJI7] in parent Scene [Xu5HbCrkGrO3llR2]","timestamp":"2026-02-05 20:56:38"}
{"level":"info","message":"Created Drawing with id [QEpLi3cQDAimPGZU] in parent Scene [Xu5HbCrkGrO3llR2]","timestamp":"2026-02-05 20:56:39"}
{"level":"info","message":"Created Drawing with id [78KStZh4hl0Xg9Uf] in parent Scene [Xu5HbCrkGrO3llR2]","timestamp":"2026-02-05 20:56:39"}
{"level":"info","message":"Created Drawing with id [x4biKrBOMPbwwezL] in parent Scene [Xu5HbCrkGrO3llR2]","timestamp":"2026-02-05 20:56:40"}
{"level":"info","message":"Created Drawing with id [W3eAbSy4ZbyV09De] in parent Scene [Xu5HbCrkGrO3llR2]","timestamp":"2026-02-05 20:56:41"}
{"level":"info","message":"Created Token with id [mTRwizG9gtylB6jV] in parent Scene [Xu5HbCrkGrO3llR2]","timestamp":"2026-02-05 20:57:16"}
{"level":"info","message":"Created Token with id [IMy3VlW1hdWYQLbA] in parent Scene [Xu5HbCrkGrO3llR2]","timestamp":"2026-02-05 20:57:20"}
{"level":"info","message":"Created Token with id [baKY5bwBEyHrCYt5] in parent Scene [Xu5HbCrkGrO3llR2]","timestamp":"2026-02-05 20:57:26"}
{"level":"info","message":"Created Token with id [PNprvE8LXodOFrbB] in parent Scene [Xu5HbCrkGrO3llR2]","timestamp":"2026-02-05 20:57:30"}
{"level":"info","message":"Created ChatMessage with id [v2TbMpMtS5gofBEU]","timestamp":"2026-02-05 21:01:39"}
{"level":"info","message":"Created ChatMessage with id [8y2iv2OphU70f1Ux]","timestamp":"2026-02-05 21:02:10"}
{"level":"info","message":"Created ChatMessage with id [hCrxJ7Zs4hDxOh8e]","timestamp":"2026-02-05 21:02:38"}
{"level":"info","message":"Created ChatMessage with id [RXatoj779Yt9Vh9i]","timestamp":"2026-02-05 21:04:18"}
{"level":"info","message":"Created ChatMessage with id [7CIpzmbx1O1vZGt9]","timestamp":"2026-02-05 21:05:17"}
{"level":"info","message":"Created ChatMessage with id [n22r3c0mKvE6NDJp]","timestamp":"2026-02-05 21:05:18"}
{"level":"info","message":"Created Actor with id [EJmax9jNcokY75T5]","timestamp":"2026-02-05 21:06:43"}
{"level":"info","message":"Created Token with id [HNKRf3Iwyyt1Sv1F] in parent Scene [Xu5HbCrkGrO3llR2]","timestamp":"2026-02-05 21:06:44"}
{"level":"info","message":"Created MeasuredTemplate with id [TSSmRYVXjHMLk2nH] in parent Scene [Xu5HbCrkGrO3llR2]","timestamp":"2026-02-05 21:07:24"}
{"level":"info","message":"Created Drawing with id [7aEYYBjIFrjgCVgc] in parent Scene [Xu5HbCrkGrO3llR2]","timestamp":"2026-02-05 21:07:36"}
{"level":"info","message":"Created ChatMessage with id [3ksbkoNCh5uwzrpb]","timestamp":"2026-02-05 21:09:32"}
{"level":"info","message":"Created ChatMessage with id [DC8glGCbXeKvgo8Y]","timestamp":"2026-02-05 21:11:42"}
{"level":"info","message":"Created MeasuredTemplate with id [qjGDO9HJmjrxYCjs] in parent Scene [Xu5HbCrkGrO3llR2]","timestamp":"2026-02-05 21:17:49"}
{"level":"info","message":"Deleted MeasuredTemplate with id [qjGDO9HJmjrxYCjs] in parent Scene [Xu5HbCrkGrO3llR2]","timestamp":"2026-02-05 21:17:51"}
{"level":"info","message":"Deleted MeasuredTemplate with id [TSSmRYVXjHMLk2nH] in parent Scene [Xu5HbCrkGrO3llR2]","timestamp":"2026-02-05 21:18:00"}
{"level":"info","message":"Created MeasuredTemplate with id [cKyMEqe6pKO1bjEL] in parent Scene [Xu5HbCrkGrO3llR2]","timestamp":"2026-02-05 21:18:02"}
{"level":"info","message":"Created MeasuredTemplate with id [2EGZipEAYLGGAkqS] in parent Scene [Xu5HbCrkGrO3llR2]","timestamp":"2026-02-05 21:18:04"}
{"level":"info","message":"Deleted MeasuredTemplate with id [2EGZipEAYLGGAkqS] in parent Scene [Xu5HbCrkGrO3llR2]","timestamp":"2026-02-05 21:18:05"}
{"level":"info","message":"Deleted MeasuredTemplate with id [cKyMEqe6pKO1bjEL] in parent Scene [Xu5HbCrkGrO3llR2]","timestamp":"2026-02-05 21:18:05"}
{"level":"info","message":"Created ChatMessage with id [5xGM1nnUmBPkeUjM]","timestamp":"2026-02-05 21:18:27"}
{"level":"info","message":"Created ChatMessage with id [umeCePUUnT7GujQv]","timestamp":"2026-02-05 21:18:39"}
{"level":"info","message":"Created ChatMessage with id [z5CL2mIPAijFUvA0]","timestamp":"2026-02-05 21:18:47"}
{"level":"info","message":"Created MeasuredTemplate with id [ivJIXB0cEMLz5ka1] in parent Scene [Xu5HbCrkGrO3llR2]","timestamp":"2026-02-05 21:25:37"}
{"level":"info","message":"Deleted MeasuredTemplate with id [ivJIXB0cEMLz5ka1] in parent Scene [Xu5HbCrkGrO3llR2]","timestamp":"2026-02-05 21:25:44"}
{"level":"info","message":"Created ChatMessage with id [ar8flaS3DMrWKDf8]","timestamp":"2026-02-05 21:27:54"}
{"level":"info","message":"Created ChatMessage with id [9PGqMjQsXtKuDNNG]","timestamp":"2026-02-05 21:28:24"}
{"level":"info","message":"Created ChatMessage with id [EszpVlITFKBHZu9r]","timestamp":"2026-02-05 21:30:50"}
{"level":"info","message":"Created ChatMessage with id [2S4dVk9bsCjEnd7n]","timestamp":"2026-02-05 21:31:18"}
{"level":"info","message":"Created ChatMessage with id [nA9GhQr42O5YkNAh]","timestamp":"2026-02-05 21:31:21"}
{"level":"info","message":"Created ChatMessage with id [INOG6ax12v6QX4kc]","timestamp":"2026-02-05 21:31:36"}
{"level":"info","message":"Created ChatMessage with id [DzzGtBhX9EOGwPiX]","timestamp":"2026-02-05 21:31:38"}
{"level":"info","message":"Created ChatMessage with id [XfjriVY0IwX4qRTm]","timestamp":"2026-02-05 21:31:43"}
{"level":"info","message":"Created ChatMessage with id [wfE3JVrXfem6yKXl]","timestamp":"2026-02-05 21:33:46"}
{"level":"info","message":"Created ChatMessage with id [9VRlQayaw0dU3VIo]","timestamp":"2026-02-05 21:33:56"}
{"level":"info","message":"Created ChatMessage with id [geqjMEolBXuoO9eZ]","timestamp":"2026-02-05 21:33:59"}
{"level":"info","message":"Created ChatMessage with id [Y8SIRSDvSQ4scxob]","timestamp":"2026-02-05 21:34:02"}
{"level":"info","message":"Created ChatMessage with id [3SD94Gq2mFtf68zO]","timestamp":"2026-02-05 21:34:07"}
{"level":"info","message":"Created ChatMessage with id [7lK6Q8IfrvZElEce]","timestamp":"2026-02-05 21:34:11"}
{"level":"info","message":"Created ChatMessage with id [Y00flz1kmnhZchxU]","timestamp":"2026-02-05 21:35:10"}
{"level":"info","message":"Created ChatMessage with id [iO2K4EH4ZSYJyHXt]","timestamp":"2026-02-05 21:35:14"}
{"level":"info","message":"Created ChatMessage with id [5SQt8545mNmftW68]","timestamp":"2026-02-05 21:36:38"}
{"level":"info","message":"Created ChatMessage with id [bZYTvGoGTFWPQ6QF]","timestamp":"2026-02-05 21:36:45"}
{"level":"info","message":"Created ChatMessage with id [pjOGehzQABkek1Uj]","timestamp":"2026-02-05 21:37:44"}
{"level":"info","message":"Created ChatMessage with id [vRPzHZShAjoOTRjj]","timestamp":"2026-02-05 21:39:43"}
{"level":"info","message":"Created ChatMessage with id [bXK0dU1HwkhUKeny]","timestamp":"2026-02-05 21:39:47"}
{"level":"info","message":"Created ChatMessage with id [xAuw0q1B4CcEssbU]","timestamp":"2026-02-05 21:40:34"}
{"level":"info","message":"Deleted 3 Token documents with ids: [mTRwizG9gtylB6jV,baKY5bwBEyHrCYt5,PNprvE8LXodOFrbB] in parent Scene [Xu5HbCrkGrO3llR2]","timestamp":"2026-02-05 21:41:56"}
{"level":"info","message":"Deleted 17 Drawing documents in parent Scene [Xu5HbCrkGrO3llR2]","timestamp":"2026-02-05 21:42:02"}
{"level":"info","message":"Created Drawing with id [TJ0DLPckf1IrAE7A] in parent Scene [Xu5HbCrkGrO3llR2]","timestamp":"2026-02-05 21:42:16"}
{"level":"info","message":"Deleted Drawing with id [TJ0DLPckf1IrAE7A] in parent Scene [Xu5HbCrkGrO3llR2]","timestamp":"2026-02-05 21:42:36"}
{"level":"info","message":"Created Drawing with id [cKSf8uuA2vR0UZGV] in parent Scene [Xu5HbCrkGrO3llR2]","timestamp":"2026-02-05 21:42:39"}
{"level":"info","message":"Deleted Drawing with id [cKSf8uuA2vR0UZGV] in parent Scene [Xu5HbCrkGrO3llR2]","timestamp":"2026-02-05 21:42:41"}
{"level":"info","message":"Deleted Token with id [IMy3VlW1hdWYQLbA] in parent Scene [Xu5HbCrkGrO3llR2]","timestamp":"2026-02-05 21:42:44"}
{"level":"info","message":"Created Token with id [pVCZp3HkW1IfLEl3] in parent Scene [Xu5HbCrkGrO3llR2]","timestamp":"2026-02-05 21:42:51"}
{"level":"info","message":"Created ChatMessage with id [BxBnIQ1xB7IiJOKA]","timestamp":"2026-02-05 21:48:18"}
{"level":"info","message":"Created ChatMessage with id [OBZUW1ZKAr96kWRC]","timestamp":"2026-02-05 21:48:32"}
{"level":"info","message":"Created ChatMessage with id [hUoPqkfQu6ILo5BF]","timestamp":"2026-02-05 21:48:46"}
{"level":"info","message":"Created ChatMessage with id [Hxp92BexareGEjUg]","timestamp":"2026-02-05 21:49:05"}
{"level":"info","message":"Created ChatMessage with id [JwBc9JQXJte8IO3e]","timestamp":"2026-02-05 21:49:05"}
{"level":"info","message":"Created Item with id [1x7xYML7BUYIa0AK] in parent Actor [8g19ugUuhptvOChr]","timestamp":"2026-02-05 21:50:48"}
{"level":"info","message":"Created ChatMessage with id [3ZW3c8dvFqyzsl8F]","timestamp":"2026-02-05 21:52:13"}
{"level":"info","message":"Created ChatMessage with id [JBW6E9JOxs7uphQH]","timestamp":"2026-02-05 21:52:20"}
{"level":"info","message":"Created Drawing with id [bcxgjzxRX1yZV7jA] in parent Scene [Xu5HbCrkGrO3llR2]","timestamp":"2026-02-05 21:53:20"}
{"level":"info","message":"Created Drawing with id [NFhDtIHL8ojFO7FV] in parent Scene [Xu5HbCrkGrO3llR2]","timestamp":"2026-02-05 21:53:33"}
{"level":"info","message":"Created Drawing with id [kV0C1npnre0W8j8e] in parent Scene [Xu5HbCrkGrO3llR2]","timestamp":"2026-02-05 21:53:34"}
{"level":"info","message":"Created Drawing with id [0MuCjhfjTloLk9d1] in parent Scene [Xu5HbCrkGrO3llR2]","timestamp":"2026-02-05 21:53:36"}
{"level":"info","message":"Created Drawing with id [Qq3Qbyhrh6yRyDB2] in parent Scene [Xu5HbCrkGrO3llR2]","timestamp":"2026-02-05 21:53:37"}
{"level":"info","message":"Created Drawing with id [bN9Tg1MYYtwUj2HV] in parent Scene [Xu5HbCrkGrO3llR2]","timestamp":"2026-02-05 21:53:38"}
{"level":"info","message":"Created Drawing with id [QIQ6XTG9S4VoH9yo] in parent Scene [Xu5HbCrkGrO3llR2]","timestamp":"2026-02-05 21:53:38"}
{"level":"info","message":"Created Drawing with id [ruDL6yxKusFYGVtK] in parent Scene [Xu5HbCrkGrO3llR2]","timestamp":"2026-02-05 21:53:40"}
{"level":"info","message":"Created Drawing with id [PN4f4IA9UjHpbEMB] in parent Scene [Xu5HbCrkGrO3llR2]","timestamp":"2026-02-05 21:53:47"}
{"level":"info","message":"Created Drawing with id [B0UJXbJOTBwuycET] in parent Scene [Xu5HbCrkGrO3llR2]","timestamp":"2026-02-05 21:53:48"}
{"level":"info","message":"Created Drawing with id [UxFQGFQCVoTiI1DA] in parent Scene [Xu5HbCrkGrO3llR2]","timestamp":"2026-02-05 21:53:51"}
{"level":"info","message":"Created Drawing with id [ENYsJsjuomeromHY] in parent Scene [Xu5HbCrkGrO3llR2]","timestamp":"2026-02-05 21:53:52"}
{"level":"info","message":"Created Drawing with id [a32qZ6mOOEM97AV4] in parent Scene [Xu5HbCrkGrO3llR2]","timestamp":"2026-02-05 21:53:53"}
{"level":"info","message":"Created Actor with id [T0FSSiYe742oqT2l]","timestamp":"2026-02-05 21:54:55"}
{"level":"info","message":"Created Token with id [tCuwQXUJ9qkSgxLk] in parent Scene [Xu5HbCrkGrO3llR2]","timestamp":"2026-02-05 21:54:55"}
{"level":"info","message":"Created Drawing with id [W8pudoRSfpBRHJI0] in parent Scene [Xu5HbCrkGrO3llR2]","timestamp":"2026-02-05 22:01:12"}
{"level":"info","message":"Created Drawing with id [lWbZg7OgDQL1S7Nj] in parent Scene [Xu5HbCrkGrO3llR2]","timestamp":"2026-02-05 22:01:29"}
{"level":"info","message":"Created ChatMessage with id [S3LKg7j8BjSrlWZN]","timestamp":"2026-02-05 22:02:20"}
{"level":"info","message":"Created ChatMessage with id [KJTlZDRgzBSlKxYs]","timestamp":"2026-02-05 22:02:24"}
{"level":"info","message":"Created Token with id [Y933Z3GwPPMcm6zT] in parent Scene [flEEJCHXVLOXXvub]","timestamp":"2026-02-05 22:03:53"}
{"level":"info","message":"Created Token with id [sfhz1UA7bQfEU0Xe] in parent Scene [flEEJCHXVLOXXvub]","timestamp":"2026-02-05 22:03:55"}
{"level":"info","message":"Created Token with id [xzNFHsMD7QzGU71F] in parent Scene [flEEJCHXVLOXXvub]","timestamp":"2026-02-05 22:03:57"}
{"level":"info","message":"Created Token with id [1HyxHlsqpj3WRjY6] in parent Scene [flEEJCHXVLOXXvub]","timestamp":"2026-02-05 22:04:03"}
{"level":"info","message":"Created ChatMessage with id [1dmZB3nIF5pGHHKR]","timestamp":"2026-02-05 22:06:49"}
{"level":"info","message":"Created ChatMessage with id [khXhIJKDxlb3obMQ]","timestamp":"2026-02-05 22:06:50"}
{"level":"info","message":"Created MeasuredTemplate with id [pTtjuu0PsCcV8QDX] in parent Scene [flEEJCHXVLOXXvub]","timestamp":"2026-02-05 22:07:07"}
{"level":"info","message":"Deleted MeasuredTemplate with id [pTtjuu0PsCcV8QDX] in parent Scene [flEEJCHXVLOXXvub]","timestamp":"2026-02-05 22:07:10"}
{"level":"info","message":"Created MeasuredTemplate with id [NwOkt0tBw7iVfEUG] in parent Scene [flEEJCHXVLOXXvub]","timestamp":"2026-02-05 22:07:17"}
{"level":"info","message":"Created MeasuredTemplate with id [YnFoxxEZWa6IWbCT] in parent Scene [flEEJCHXVLOXXvub]","timestamp":"2026-02-05 22:07:39"}
{"level":"info","message":"Deleted MeasuredTemplate with id [YnFoxxEZWa6IWbCT] in parent Scene [flEEJCHXVLOXXvub]","timestamp":"2026-02-05 22:07:44"}
{"level":"info","message":"Created ChatMessage with id [K6qFYfItI0TVTCYz]","timestamp":"2026-02-05 22:07:50"}
{"level":"info","message":"Created ChatMessage with id [qPo3WPyeWg7aoFFe]","timestamp":"2026-02-05 22:07:54"}
{"level":"info","message":"Deleted MeasuredTemplate with id [NwOkt0tBw7iVfEUG] in parent Scene [flEEJCHXVLOXXvub]","timestamp":"2026-02-05 22:08:08"}
{"level":"info","message":"Created Token with id [c0shXyyuZ0ryDnr8] in parent Scene [flEEJCHXVLOXXvub]","timestamp":"2026-02-05 22:08:15"}
{"level":"info","message":"Created Token with id [ugXPWGL37sziMbq2] in parent Scene [flEEJCHXVLOXXvub]","timestamp":"2026-02-05 22:08:19"}
{"level":"info","message":"Created Token with id [groeEv1MFESMiL5y] in parent Scene [flEEJCHXVLOXXvub]","timestamp":"2026-02-05 22:08:25"}
{"level":"info","message":"Created Token with id [wRyX80HdDBZmeFJ6] in parent Scene [flEEJCHXVLOXXvub]","timestamp":"2026-02-05 22:08:29"}
{"level":"info","message":"Created Token with id [DgESYgVJ5jiJ16xw] in parent Scene [flEEJCHXVLOXXvub]","timestamp":"2026-02-05 22:08:41"}
{"level":"info","message":"Created Token with id [OjDcZ0CPsp27drjW] in parent Scene [flEEJCHXVLOXXvub]","timestamp":"2026-02-05 22:08:43"}
{"level":"info","message":"Created ChatMessage with id [Sz0XN4nGfCVVZxL5]","timestamp":"2026-02-05 22:11:01"}
{"level":"info","message":"Created ChatMessage with id [mmxojOffOWm424qd]","timestamp":"2026-02-05 22:12:45"}
{"level":"info","message":"Created ChatMessage with id [o6oC5D0726bFANPI]","timestamp":"2026-02-05 22:12:48"}
{"level":"info","message":"Created ChatMessage with id [SX4Ysnpdf6z9d9px]","timestamp":"2026-02-05 22:12:48"}
{"level":"info","message":"Created ChatMessage with id [VFLxguXVFChqcrhS]","timestamp":"2026-02-05 22:13:58"}
{"level":"info","message":"Created ChatMessage with id [a0srbMo10O8DoUmI]","timestamp":"2026-02-05 22:14:01"}
{"level":"info","message":"Created ChatMessage with id [snYKPm9W5WQCJf7a]","timestamp":"2026-02-05 22:14:10"}
{"level":"info","message":"Created ChatMessage with id [cNEkEP5nLmvUeej6]","timestamp":"2026-02-05 22:15:18"}
{"level":"info","message":"Created ChatMessage with id [qZ2Uw6OnhTRZUJfn]","timestamp":"2026-02-05 22:15:41"}
{"level":"info","message":"Created ChatMessage with id [gfDj5bCwToCCoM1H]","timestamp":"2026-02-05 22:15:44"}
{"level":"info","message":"Created ChatMessage with id [fDuVNoIDvjUhmwEG]","timestamp":"2026-02-05 22:15:47"}
{"level":"info","message":"Created ChatMessage with id [Gg2sngOGjqVcOuE0]","timestamp":"2026-02-05 22:16:06"}
{"level":"info","message":"Created ChatMessage with id [OUqVW0GXj5pIzVpC]","timestamp":"2026-02-05 22:16:29"}
{"level":"info","message":"Created ActiveEffect with id [LkNXqvYeLej0FIev] in parent ActorDelta [Ef3WES1nNhk9foE2]","timestamp":"2026-02-05 22:17:06"}
{"level":"info","message":"Created ChatMessage with id [TfeT3Q42h2CSTvNU]","timestamp":"2026-02-05 22:17:22"}
{"level":"info","message":"Created ChatMessage with id [4uUeIaXNddzXF7HV]","timestamp":"2026-02-05 22:17:24"}
{"level":"info","message":"Deleted ActiveEffect with id [LkNXqvYeLej0FIev] in parent ActorDelta [Ef3WES1nNhk9foE2]","timestamp":"2026-02-05 22:17:56"}
{"level":"info","message":"Created ActiveEffect with id [zx0ocQoutTGGYNwJ] in parent ActorDelta [Ef3WES1nNhk9foE2]","timestamp":"2026-02-05 22:18:11"}
{"level":"info","message":"Created ChatMessage with id [V3bkFsPQxp6TlNql]","timestamp":"2026-02-05 22:18:33"}
{"level":"info","message":"Created ChatMessage with id [anJzwFdlMzWpkMvM]","timestamp":"2026-02-05 22:18:47"}
{"level":"info","message":"Created ChatMessage with id [qMSFlC62W12C1grH]","timestamp":"2026-02-05 22:18:58"}
{"level":"info","message":"Created ChatMessage with id [E3c9sRRUqYTjaW9G]","timestamp":"2026-02-05 22:19:07"}
{"level":"info","message":"Created ChatMessage with id [FPPXl41PAOkxO51j]","timestamp":"2026-02-05 22:19:18"}
{"level":"info","message":"Created ChatMessage with id [KCCl9CrbDyPNlVlp]","timestamp":"2026-02-05 22:19:21"}
{"level":"info","message":"Created MeasuredTemplate with id [jRrBqCLvy0CQ6Ys9] in parent Scene [flEEJCHXVLOXXvub]","timestamp":"2026-02-05 22:20:32"}
{"level":"info","message":"Deleted MeasuredTemplate with id [jRrBqCLvy0CQ6Ys9] in parent Scene [flEEJCHXVLOXXvub]","timestamp":"2026-02-05 22:20:33"}
{"level":"info","message":"Created MeasuredTemplate with id [A5pAyKVihgLAY7qo] in parent Scene [flEEJCHXVLOXXvub]","timestamp":"2026-02-05 22:21:55"}
{"level":"info","message":"Created MeasuredTemplate with id [rmDPWo0VWl4m1fc7] in parent Scene [flEEJCHXVLOXXvub]","timestamp":"2026-02-05 22:22:26"}
{"level":"info","message":"Deleted MeasuredTemplate with id [rmDPWo0VWl4m1fc7] in parent Scene [flEEJCHXVLOXXvub]","timestamp":"2026-02-05 22:22:29"}
{"level":"info","message":"Created MeasuredTemplate with id [36GhXIbEpn0RQw9w] in parent Scene [flEEJCHXVLOXXvub]","timestamp":"2026-02-05 22:22:40"}
{"level":"info","message":"Created ChatMessage with id [aJy1FVQcKh2vhKRJ]","timestamp":"2026-02-05 22:23:55"}
{"level":"info","message":"Created ChatMessage with id [4f3NN9FwI0jMPydd]","timestamp":"2026-02-05 22:24:47"}
{"level":"info","message":"Created ChatMessage with id [nO2MxsiunN7zr2lE]","timestamp":"2026-02-05 22:25:03"}
{"level":"info","message":"Created ChatMessage with id [jUf45k7p4thxUkEP]","timestamp":"2026-02-05 22:26:04"}
{"level":"info","message":"Created ChatMessage with id [KWJdHNJpRszfzZqZ]","timestamp":"2026-02-05 22:26:09"}
{"level":"info","message":"Created ChatMessage with id [OIr82ajYttJyyQYB]","timestamp":"2026-02-05 22:26:13"}
{"level":"info","message":"Created ChatMessage with id [7xtLR3SAaocJXjVU]","timestamp":"2026-02-05 22:26:50"}
{"level":"info","message":"Created ChatMessage with id [uxaI4Ufx1Tjut0jL]","timestamp":"2026-02-05 22:28:06"}
{"level":"info","message":"Created ChatMessage with id [09qcWQWngpBzJALc]","timestamp":"2026-02-05 22:29:03"}
{"level":"info","message":"Created ChatMessage with id [7qw3mKKuGB0QgEsj]","timestamp":"2026-02-05 22:30:28"}
{"level":"info","message":"Created ChatMessage with id [aACZbt8B4bfJUzrc]","timestamp":"2026-02-05 22:30:28"}
{"level":"info","message":"Created ChatMessage with id [bGblSeP2QPnyLg8g]","timestamp":"2026-02-05 22:31:41"}
{"level":"info","message":"Created ChatMessage with id [s6wuohpWwCbqGkvY]","timestamp":"2026-02-05 22:33:00"}
{"level":"info","message":"Created ChatMessage with id [BYKzHO98OrB53zCx]","timestamp":"2026-02-05 22:33:03"}
{"level":"info","message":"Created ChatMessage with id [oVC3FrFFBAO9JfbE]","timestamp":"2026-02-05 22:33:23"}
{"level":"info","message":"Created ChatMessage with id [Pbe5xCTq9C1CrC4s]","timestamp":"2026-02-05 22:33:26"}
{"level":"info","message":"Created ChatMessage with id [LHVw865iACn2xS0J]","timestamp":"2026-02-05 22:35:12"}
{"level":"info","message":"Created ChatMessage with id [YCUCuapqH6x6Dg7r]","timestamp":"2026-02-05 22:36:21"}
{"level":"info","message":"Created ChatMessage with id [TWirvsymcLT05tzV]","timestamp":"2026-02-05 22:36:24"}
{"level":"info","message":"Deleted Item with id [S3oomkqUJqIMKRyp] in parent Actor [8g19ugUuhptvOChr]","timestamp":"2026-02-05 22:38:08"}
{"level":"info","message":"Created ChatMessage with id [LWabL64hO0MIFPNm]","timestamp":"2026-02-05 22:39:18"}
{"level":"info","message":"Created ChatMessage with id [35mKbLKQR5sUaKeD]","timestamp":"2026-02-05 22:39:18"}
{"level":"info","message":"Created ChatMessage with id [Ua61uaEssZxOyATp]","timestamp":"2026-02-05 22:41:01"}
{"level":"info","message":"Created ChatMessage with id [2ncl0Xk2YVP27bMa]","timestamp":"2026-02-05 22:42:29"}
{"level":"info","message":"Created ChatMessage with id [Yvf0RlaTlGxhVPTa]","timestamp":"2026-02-05 22:43:29"}
{"level":"info","message":"Created ChatMessage with id [6u5QJoH8VW0MZva3]","timestamp":"2026-02-05 22:43:33"}
{"level":"info","message":"Created ChatMessage with id [Lw5nAUxAlpdYZqzV]","timestamp":"2026-02-05 22:45:09"}
{"level":"info","message":"Created ChatMessage with id [CPg4r7Tvhxozult9]","timestamp":"2026-02-05 22:45:27"}
{"level":"info","message":"Created ChatMessage with id [spDBpCx5Hofw4mDH]","timestamp":"2026-02-05 22:45:30"}
{"level":"info","message":"Created ChatMessage with id [xSlQhVC1mXfJ6lt6]","timestamp":"2026-02-05 22:46:09"}
{"level":"info","message":"Created ChatMessage with id [GfFsJgyr9PPXnNx3]","timestamp":"2026-02-05 22:46:51"}
{"level":"info","message":"Created ChatMessage with id [fIykRXVBIheeQWyc]","timestamp":"2026-02-05 22:46:55"}
{"level":"info","message":"Created ActiveEffect with id [5muhM4jZI3GNIIjA] in parent ActorDelta [vmgs10zqMrlu7xov]","timestamp":"2026-02-05 22:47:50"}
{"level":"info","message":"Created ActiveEffect with id [8CZQOBkP9QVLf8uA] in parent ActorDelta [PIITq4CAUEqjbsKG]","timestamp":"2026-02-05 22:48:20"}
{"level":"info","message":"Created ChatMessage with id [fcJ9Eflp5P135Hyb]","timestamp":"2026-02-05 22:48:39"}
{"level":"info","message":"Created ChatMessage with id [D24BCjTDtg2rwqIL]","timestamp":"2026-02-05 22:48:48"}
{"level":"info","message":"Deleted 2 Token documents with ids: [HNKRf3Iwyyt1Sv1F,tCuwQXUJ9qkSgxLk] in parent Scene [Xu5HbCrkGrO3llR2]","timestamp":"2026-02-05 22:49:15"}
{"level":"info","message":"Deleted Token with id [pVCZp3HkW1IfLEl3] in parent Scene [Xu5HbCrkGrO3llR2]","timestamp":"2026-02-05 22:49:20"}
{"level":"info","message":"Deleted 15 Drawing documents in parent Scene [Xu5HbCrkGrO3llR2]","timestamp":"2026-02-05 22:49:23"}
{"level":"info","message":"Created ChatMessage with id [JDlraLsb1PfYv05M]","timestamp":"2026-02-05 22:50:43"}
{"level":"info","message":"Created ChatMessage with id [qMZnxTRll6t3BEsm]","timestamp":"2026-02-05 22:50:47"}
{"level":"info","message":"Created ChatMessage with id [BJL71B3m1kpnVIIu]","timestamp":"2026-02-05 22:51:05"}
{"level":"info","message":"Created ChatMessage with id [emjuZ2PAlf8Dkrxz]","timestamp":"2026-02-05 22:51:37"}
{"level":"info","message":"Created Item with id [todlyATSZzLPTqnU] in parent Actor [8g19ugUuhptvOChr]","timestamp":"2026-02-05 22:51:45"}
{"level":"info","message":"Created ChatMessage with id [oSVmYExjhY57FWYg]","timestamp":"2026-02-05 22:51:47"}
{"level":"info","message":"Created ChatMessage with id [ohicQ1sSr1WAorac]","timestamp":"2026-02-05 22:51:58"}
{"level":"info","message":"Created ChatMessage with id [NxDg2W7Q13TLKgcL]","timestamp":"2026-02-05 22:54:48"}
{"level":"info","message":"Created ChatMessage with id [wTzmoHzhNLmcYAjs]","timestamp":"2026-02-05 22:54:53"}
{"level":"info","message":"Created ChatMessage with id [ewEDp4jprlnreBdA]","timestamp":"2026-02-05 22:55:14"}
{"level":"info","message":"Created ChatMessage with id [xNLhPV11rkU9Cs4B]","timestamp":"2026-02-05 22:55:18"}
{"level":"info","message":"Created Item with id [X6RMkIt89wf7qX2E] in parent Actor [Sz3Tz5M8ytNhlKx7]","timestamp":"2026-02-05 22:56:29"}
{"level":"info","message":"Created Item with id [LZrG6CFiSjpLA2F1] in parent Actor [Sz3Tz5M8ytNhlKx7]","timestamp":"2026-02-05 22:57:02"}
{"level":"info","message":"Created Item with id [VqEX5YwK5oL3r1t6] in parent Actor [Tqt6TydlhsS8cQE0]","timestamp":"2026-02-05 22:57:03"}
{"level":"info","message":"Created Item with id [GkmATIuemyFtQX1D] in parent Actor [V2sVeqLEQSonuum6]","timestamp":"2026-02-05 22:57:11"}
{"level":"info","message":"Created Item with id [c2putn9apuurJhWX] in parent Actor [8g19ugUuhptvOChr]","timestamp":"2026-02-05 22:57:22"}
{"level":"info","message":"Created Item with id [GYiOGeliRuB7YmYR] in parent Actor [Tqt6TydlhsS8cQE0]","timestamp":"2026-02-05 22:57:47"}
{"level":"info","message":"Deleted Item with id [1x7xYML7BUYIa0AK] in parent Actor [8g19ugUuhptvOChr]","timestamp":"2026-02-05 22:58:08"}
{"level":"info","message":"Created ChatMessage with id [JhIuyr5QsgK7vYr7]","timestamp":"2026-02-05 22:58:39"}
{"level":"info","message":"Created ChatMessage with id [jkij7ga3EInNegoa]","timestamp":"2026-02-05 23:00:21"}
{"level":"info","message":"Created ChatMessage with id [mL0B3uwUcEuyNGKb]","timestamp":"2026-02-05 23:00:43"}
{"level":"info","message":"Created ChatMessage with id [OEebxw0BbV9iiX6M]","timestamp":"2026-02-05 23:01:08"}
{"level":"info","message":"Created ChatMessage with id [DvwT02WmsIX19f6P]","timestamp":"2026-02-05 23:01:12"}
{"level":"info","message":"Created ChatMessage with id [m2i70jOjEcBAVqAm]","timestamp":"2026-02-05 23:01:16"}
{"level":"info","message":"Created ChatMessage with id [dRWcfjS3tbLe1H2S]","timestamp":"2026-02-05 23:01:24"}
{"level":"info","message":"Created ChatMessage with id [27KSB1WQGJvQB2gJ]","timestamp":"2026-02-05 23:01:51"}
{"level":"info","message":"Created Item with id [D5DN7NTJBxvkykmr] in parent Actor [Tqt6TydlhsS8cQE0]","timestamp":"2026-02-05 23:07:39"}
{"level":"info","message":"Shutting down Foundry Virtual Tabletop server","timestamp":"2026-02-05 23:20:04"}
{"level":"info","message":"Shut-down success. Goodbye!","timestamp":"2026-02-05 23:20:04"}
