{"level":"info","message":"Running on Node.js - Version 20.18.3","timestamp":"2026-01-01 13:58:32"}
{"level":"info","message":"Foundry Virtual Tabletop - Version 13 Build 348","timestamp":"2026-01-01 13:58:32"}
{"level":"info","message":"User Data Directory - \"../../Data\"","timestamp":"2026-01-01 13:58:32"}
{"level":"info","message":"Application Options:\n{\n  \"compressStatic\": true,\n  \"fullscreen\": false,\n  \"hostname\": null,\n  \"language\": \"en.core\",\n  \"localHostname\": null,\n  \"port\": 30000,\n  \"proxyPort\": null,\n  \"proxySSL\": false,\n  \"routePrefix\": null,\n  \"updateChannel\": \"stable\",\n  \"upnp\": true,\n  \"awsConfig\": null,\n  \"compressSocket\": true,\n  \"cssTheme\": \"dark\",\n  \"deleteNEDB\": false,\n  \"hotReload\": false,\n  \"passwordSalt\": null,\n  \"sslCert\": null,\n  \"sslKey\": null,\n  \"world\": \"fe-west-marches\",\n  \"serviceConfig\": null,\n  \"telemetry\": true,\n  \"adminPassword\": null,\n  \"noBackups\": false\n}","timestamp":"2026-01-01 13:58:32"}
{"level":"info","message":"Software license verification succeeded","timestamp":"2026-01-01 13:58:32"}
{"level":"info","message":"Requesting UPnP port forwarding to destination port 30000","timestamp":"2026-01-01 13:58:32"}
{"level":"info","message":"Running Electron application with version 34.4.0 using Chromium 132.0.6834.210","timestamp":"2026-01-01 13:58:32"}
{"level":"info","message":"Connected to database \"actors\"","timestamp":"2026-01-01 13:58:32"}
{"level":"info","message":"Launching World | Loading World Data - 7%","timestamp":"2026-01-01 13:58:32"}
{"level":"info","message":"Connected to database \"cards\"","timestamp":"2026-01-01 13:58:32"}
{"level":"info","message":"Launching World | Loading World Data - 14%","timestamp":"2026-01-01 13:58:32"}
{"level":"info","message":"Connected to database \"messages\"","timestamp":"2026-01-01 13:58:32"}
{"level":"info","message":"Launching World | Loading World Data - 21%","timestamp":"2026-01-01 13:58:32"}
{"level":"info","message":"Connected to database \"combats\"","timestamp":"2026-01-01 13:58:32"}
{"level":"info","message":"Launching World | Loading World Data - 29%","timestamp":"2026-01-01 13:58:32"}
{"level":"info","message":"Connected to database \"fog\"","timestamp":"2026-01-01 13:58:32"}
{"level":"info","message":"Launching World | Loading World Data - 36%","timestamp":"2026-01-01 13:58:32"}
{"level":"info","message":"Connected to database \"folders\"","timestamp":"2026-01-01 13:58:32"}
{"level":"info","message":"Launching World | Loading World Data - 43%","timestamp":"2026-01-01 13:58:32"}
{"level":"info","message":"Connected to database \"items\"","timestamp":"2026-01-01 13:58:32"}
{"level":"info","message":"Launching World | Loading World Data - 50%","timestamp":"2026-01-01 13:58:32"}
{"level":"info","message":"Connected to database \"journal\"","timestamp":"2026-01-01 13:58:32"}
{"level":"info","message":"Launching World | Loading World Data - 57%","timestamp":"2026-01-01 13:58:32"}
{"level":"info","message":"Connected to database \"macros\"","timestamp":"2026-01-01 13:58:32"}
{"level":"info","message":"Launching World | Loading World Data - 64%","timestamp":"2026-01-01 13:58:32"}
{"level":"info","message":"Connected to database \"playlists\"","timestamp":"2026-01-01 13:58:32"}
{"level":"info","message":"Launching World | Loading World Data - 71%","timestamp":"2026-01-01 13:58:32"}
{"level":"info","message":"Connected to database \"tables\"","timestamp":"2026-01-01 13:58:32"}
{"level":"info","message":"Launching World | Loading World Data - 79%","timestamp":"2026-01-01 13:58:32"}
{"level":"info","message":"Connected to database \"scenes\"","timestamp":"2026-01-01 13:58:32"}
{"level":"info","message":"Launching World | Loading World Data - 86%","timestamp":"2026-01-01 13:58:32"}
{"level":"info","message":"Connected to database \"settings\"","timestamp":"2026-01-01 13:58:32"}
{"level":"info","message":"Launching World | Loading World Data - 93%","timestamp":"2026-01-01 13:58:32"}
{"level":"info","message":"Connected to database \"users\"","timestamp":"2026-01-01 13:58:32"}
{"level":"info","message":"Launching World | Loading World Data - 100%","timestamp":"2026-01-01 13:58:32"}
{"level":"info","message":"Launching World | Migrating World Data - 7%","timestamp":"2026-01-01 13:58:33"}
{"level":"info","message":"Launching World | Migrating World Data - 14%","timestamp":"2026-01-01 13:58:33"}
{"level":"info","message":"Launching World | Migrating World Data - 21%","timestamp":"2026-01-01 13:58:33"}
{"level":"info","message":"Launching World | Migrating World Data - 29%","timestamp":"2026-01-01 13:58:33"}
{"level":"info","message":"Launching World | Migrating World Data - 36%","timestamp":"2026-01-01 13:58:33"}
{"level":"info","message":"Launching World | Migrating World Data - 43%","timestamp":"2026-01-01 13:58:33"}
{"level":"info","message":"Launching World | Migrating World Data - 50%","timestamp":"2026-01-01 13:58:33"}
{"level":"info","message":"Launching World | Migrating World Data - 57%","timestamp":"2026-01-01 13:58:33"}
{"level":"info","message":"Launching World | Migrating World Data - 64%","timestamp":"2026-01-01 13:58:33"}
{"level":"info","message":"Launching World | Migrating World Data - 71%","timestamp":"2026-01-01 13:58:33"}
{"level":"info","message":"Launching World | Migrating World Data - 79%","timestamp":"2026-01-01 13:58:33"}
{"level":"info","message":"Launching World | Migrating World Data - 86%","timestamp":"2026-01-01 13:58:33"}
{"level":"info","message":"Launching World | Migrating World Data - 93%","timestamp":"2026-01-01 13:58:33"}
{"level":"info","message":"Launching World | Migrating World Data - 100%","timestamp":"2026-01-01 13:58:33"}
{"level":"info","message":"Connected to database \"daggerheart.classes\"","timestamp":"2026-01-01 13:58:33"}
{"level":"info","message":"Launching World | Loading Package Data - 3%","timestamp":"2026-01-01 13:58:33"}
{"level":"info","message":"Connected to database \"daggerheart.subclasses\"","timestamp":"2026-01-01 13:58:33"}
{"level":"info","message":"Launching World | Loading Package Data - 6%","timestamp":"2026-01-01 13:58:33"}
{"level":"info","message":"Connected to database \"daggerheart.domains\"","timestamp":"2026-01-01 13:58:33"}
{"level":"info","message":"Launching World | Loading Package Data - 8%","timestamp":"2026-01-01 13:58:33"}
{"level":"info","message":"Connected to database \"daggerheart.ancestries\"","timestamp":"2026-01-01 13:58:33"}
{"level":"info","message":"Launching World | Loading Package Data - 11%","timestamp":"2026-01-01 13:58:33"}
{"level":"info","message":"Connected to database \"daggerheart.communities\"","timestamp":"2026-01-01 13:58:33"}
{"level":"info","message":"Launching World | Loading Package Data - 14%","timestamp":"2026-01-01 13:58:33"}
{"level":"info","message":"Connected to database \"daggerheart.weapons\"","timestamp":"2026-01-01 13:58:33"}
{"level":"info","message":"Launching World | Loading Package Data - 17%","timestamp":"2026-01-01 13:58:33"}
{"level":"info","message":"Connected to database \"daggerheart.armors\"","timestamp":"2026-01-01 13:58:33"}
{"level":"info","message":"Launching World | Loading Package Data - 19%","timestamp":"2026-01-01 13:58:33"}
{"level":"info","message":"Connected to database \"daggerheart.consumables\"","timestamp":"2026-01-01 13:58:33"}
{"level":"info","message":"Launching World | Loading Package Data - 22%","timestamp":"2026-01-01 13:58:33"}
{"level":"info","message":"Connected to database \"daggerheart.loot\"","timestamp":"2026-01-01 13:58:33"}
{"level":"info","message":"Launching World | Loading Package Data - 25%","timestamp":"2026-01-01 13:58:33"}
{"level":"info","message":"Connected to database \"daggerheart.adversaries\"","timestamp":"2026-01-01 13:58:33"}
{"level":"info","message":"Launching World | Loading Package Data - 28%","timestamp":"2026-01-01 13:58:33"}
{"level":"info","message":"Connected to database \"daggerheart.environments\"","timestamp":"2026-01-01 13:58:33"}
{"level":"info","message":"Launching World | Loading Package Data - 31%","timestamp":"2026-01-01 13:58:33"}
{"level":"info","message":"Connected to database \"daggerheart.journals\"","timestamp":"2026-01-01 13:58:33"}
{"level":"info","message":"Launching World | Loading Package Data - 33%","timestamp":"2026-01-01 13:58:33"}
{"level":"info","message":"Connected to database \"daggerheart.beastforms\"","timestamp":"2026-01-01 13:58:33"}
{"level":"info","message":"Launching World | Loading Package Data - 36%","timestamp":"2026-01-01 13:58:33"}
{"level":"info","message":"Connected to database \"art-for-daggerheart.art-for-dh-macros\"","timestamp":"2026-01-01 13:58:33"}
{"level":"info","message":"Launching World | Loading Package Data - 39%","timestamp":"2026-01-01 13:58:33"}
{"level":"info","message":"Connected to database \"daggerheart-extra-content.motherboard-items\"","timestamp":"2026-01-01 13:58:33"}
{"level":"info","message":"Launching World | Loading Package Data - 42%","timestamp":"2026-01-01 13:58:33"}
{"level":"info","message":"Connected to database \"daggerheart-extra-content.macros\"","timestamp":"2026-01-01 13:58:33"}
{"level":"info","message":"Launching World | Loading Package Data - 44%","timestamp":"2026-01-01 13:58:33"}
{"level":"info","message":"Connected to database \"daggerheart-extra-content.motherboard-tables\"","timestamp":"2026-01-01 13:58:33"}
{"level":"info","message":"Launching World | Loading Package Data - 47%","timestamp":"2026-01-01 13:58:33"}
{"level":"info","message":"Connected to database \"daggerheart-extra-content.adversaries-features\"","timestamp":"2026-01-01 13:58:33"}
{"level":"info","message":"Launching World | Loading Package Data - 50%","timestamp":"2026-01-01 13:58:33"}
{"level":"info","message":"Connected to database \"daggerheart-extra-content.useful-journals\"","timestamp":"2026-01-01 13:58:33"}
{"level":"info","message":"Launching World | Loading Package Data - 53%","timestamp":"2026-01-01 13:58:33"}
{"level":"info","message":"Connected to database \"daggerheart-extra-content.loot-and-consumable-tables\"","timestamp":"2026-01-01 13:58:33"}
{"level":"info","message":"Launching World | Loading Package Data - 56%","timestamp":"2026-01-01 13:58:33"}
{"level":"info","message":"Connected to database \"daggerheart-extra-content.more-adversaries\"","timestamp":"2026-01-01 13:58:33"}
{"level":"info","message":"Launching World | Loading Package Data - 58%","timestamp":"2026-01-01 13:58:33"}
{"level":"info","message":"Connected to database \"daggerheart-extra-content.more-items\"","timestamp":"2026-01-01 13:58:33"}
{"level":"info","message":"Launching World | Loading Package Data - 61%","timestamp":"2026-01-01 13:58:33"}
{"level":"info","message":"Connected to database \"daggerheart-extra-content.curses\"","timestamp":"2026-01-01 13:58:33"}
{"level":"info","message":"Launching World | Loading Package Data - 64%","timestamp":"2026-01-01 13:58:33"}
{"level":"info","message":"Connected to database \"daggerheart-extra-content.ancestry\"","timestamp":"2026-01-01 13:58:33"}
{"level":"info","message":"Launching World | Loading Package Data - 67%","timestamp":"2026-01-01 13:58:33"}
{"level":"info","message":"Connected to database \"daggerheart-extra-content.house-rules\"","timestamp":"2026-01-01 13:58:33"}
{"level":"info","message":"Launching World | Loading Package Data - 69%","timestamp":"2026-01-01 13:58:33"}
{"level":"info","message":"Connected to database \"daggerheart-extra-content.classes\"","timestamp":"2026-01-01 13:58:33"}
{"level":"info","message":"Launching World | Loading Package Data - 72%","timestamp":"2026-01-01 13:58:33"}
{"level":"info","message":"Connected to database \"daggerheart-extra-content.subclasses\"","timestamp":"2026-01-01 13:58:33"}
{"level":"info","message":"Launching World | Loading Package Data - 75%","timestamp":"2026-01-01 13:58:33"}
{"level":"info","message":"Connected to database \"the-void-unofficial.classes\"","timestamp":"2026-01-01 13:58:33"}
{"level":"info","message":"Launching World | Loading Package Data - 78%","timestamp":"2026-01-01 13:58:33"}
{"level":"info","message":"Connected to database \"the-void-unofficial.subclasses\"","timestamp":"2026-01-01 13:58:33"}
{"level":"info","message":"Launching World | Loading Package Data - 81%","timestamp":"2026-01-01 13:58:33"}
{"level":"info","message":"Connected to database \"the-void-unofficial.ancestries\"","timestamp":"2026-01-01 13:58:33"}
{"level":"info","message":"Launching World | Loading Package Data - 83%","timestamp":"2026-01-01 13:58:33"}
{"level":"info","message":"Connected to database \"the-void-unofficial.communities\"","timestamp":"2026-01-01 13:58:33"}
{"level":"info","message":"Launching World | Loading Package Data - 86%","timestamp":"2026-01-01 13:58:33"}
{"level":"info","message":"Connected to database \"the-void-unofficial.domains\"","timestamp":"2026-01-01 13:58:33"}
{"level":"info","message":"Launching World | Loading Package Data - 89%","timestamp":"2026-01-01 13:58:33"}
{"level":"info","message":"Connected to database \"the-void-unofficial.transformations\"","timestamp":"2026-01-01 13:58:33"}
{"level":"info","message":"Launching World | Loading Package Data - 92%","timestamp":"2026-01-01 13:58:33"}
{"level":"info","message":"Connected to database \"the-void-unofficial.weapons\"","timestamp":"2026-01-01 13:58:33"}
{"level":"info","message":"Launching World | Loading Package Data - 94%","timestamp":"2026-01-01 13:58:33"}
{"level":"info","message":"Connected to database \"the-void-unofficial.macros\"","timestamp":"2026-01-01 13:58:33"}
{"level":"info","message":"Launching World | Loading Package Data - 97%","timestamp":"2026-01-01 13:58:33"}
{"level":"info","message":"Connected to database \"the-void-unofficial.adversaries--environments\"","timestamp":"2026-01-01 13:58:33"}
{"level":"info","message":"Launching World | Loading Package Data - 100%","timestamp":"2026-01-01 13:58:33"}
{"level":"info","message":"Created 0 Folder documents with ids: []","timestamp":"2026-01-01 13:58:33"}
{"level":"info","message":"Launching World | Migrating Package Data - 3%","timestamp":"2026-01-01 13:58:33"}
{"level":"info","message":"Launching World | Migrating Package Data - 6%","timestamp":"2026-01-01 13:58:33"}
{"level":"info","message":"Launching World | Migrating Package Data - 8%","timestamp":"2026-01-01 13:58:33"}
{"level":"info","message":"Launching World | Migrating Package Data - 11%","timestamp":"2026-01-01 13:58:33"}
{"level":"info","message":"Launching World | Migrating Package Data - 14%","timestamp":"2026-01-01 13:58:33"}
{"level":"info","message":"Launching World | Migrating Package Data - 17%","timestamp":"2026-01-01 13:58:33"}
{"level":"info","message":"Launching World | Migrating Package Data - 19%","timestamp":"2026-01-01 13:58:33"}
{"level":"info","message":"Launching World | Migrating Package Data - 22%","timestamp":"2026-01-01 13:58:33"}
{"level":"info","message":"Launching World | Migrating Package Data - 25%","timestamp":"2026-01-01 13:58:33"}
{"level":"info","message":"Launching World | Migrating Package Data - 28%","timestamp":"2026-01-01 13:58:33"}
{"level":"info","message":"Launching World | Migrating Package Data - 31%","timestamp":"2026-01-01 13:58:33"}
{"level":"info","message":"Launching World | Migrating Package Data - 33%","timestamp":"2026-01-01 13:58:33"}
{"level":"info","message":"Launching World | Migrating Package Data - 36%","timestamp":"2026-01-01 13:58:33"}
{"level":"info","message":"Launching World | Migrating Package Data - 39%","timestamp":"2026-01-01 13:58:33"}
{"level":"info","message":"Launching World | Migrating Package Data - 42%","timestamp":"2026-01-01 13:58:33"}
{"level":"error","message":"An error occurred during the migration of Macro record [AksCh0ciaGx7BuyA] of database \"daggerheart-extra-content.macros\":\nError: Documents from a core version newer than the running version cannot be migrated\n    at Function._migrateRecord (file:///C:/Users/Juanjo/Desktop/Juegos/Foundry-daggerheart/Portable-FoundryVTT-v13.348/App/resources/app/dist/database/backend/server-document.mjs:1:3713)\n    at Function._migrateDocuments (file:///C:/Users/Juanjo/Desktop/Juegos/Foundry-daggerheart/Portable-FoundryVTT-v13.348/App/resources/app/dist/database/backend/server-document.mjs:1:2782)","timestamp":"2026-01-01 13:58:33"}
{"level":"error","message":"An error occurred during the migration of Macro record [Ek2uYtA3xm78MKEc] of database \"daggerheart-extra-content.macros\":\nError: Documents from a core version newer than the running version cannot be migrated\n    at Function._migrateRecord (file:///C:/Users/Juanjo/Desktop/Juegos/Foundry-daggerheart/Portable-FoundryVTT-v13.348/App/resources/app/dist/database/backend/server-document.mjs:1:3713)\n    at Function._migrateDocuments (file:///C:/Users/Juanjo/Desktop/Juegos/Foundry-daggerheart/Portable-FoundryVTT-v13.348/App/resources/app/dist/database/backend/server-document.mjs:1:2782)","timestamp":"2026-01-01 13:58:33"}
{"level":"error","message":"An error occurred during the migration of Macro record [FUXtgmbsROZ9EZ64] of database \"daggerheart-extra-content.macros\":\nError: Documents from a core version newer than the running version cannot be migrated\n    at Function._migrateRecord (file:///C:/Users/Juanjo/Desktop/Juegos/Foundry-daggerheart/Portable-FoundryVTT-v13.348/App/resources/app/dist/database/backend/server-document.mjs:1:3713)\n    at Function._migrateDocuments (file:///C:/Users/Juanjo/Desktop/Juegos/Foundry-daggerheart/Portable-FoundryVTT-v13.348/App/resources/app/dist/database/backend/server-document.mjs:1:2782)","timestamp":"2026-01-01 13:58:33"}
{"level":"error","message":"An error occurred during the migration of Macro record [KMIecMvorWDWynzv] of database \"daggerheart-extra-content.macros\":\nError: Documents from a core version newer than the running version cannot be migrated\n    at Function._migrateRecord (file:///C:/Users/Juanjo/Desktop/Juegos/Foundry-daggerheart/Portable-FoundryVTT-v13.348/App/resources/app/dist/database/backend/server-document.mjs:1:3713)\n    at Function._migrateDocuments (file:///C:/Users/Juanjo/Desktop/Juegos/Foundry-daggerheart/Portable-FoundryVTT-v13.348/App/resources/app/dist/database/backend/server-document.mjs:1:2782)","timestamp":"2026-01-01 13:58:33"}
{"level":"error","message":"An error occurred during the migration of Macro record [MrVaunevxMfD1jiI] of database \"daggerheart-extra-content.macros\":\nError: Documents from a core version newer than the running version cannot be migrated\n    at Function._migrateRecord (file:///C:/Users/Juanjo/Desktop/Juegos/Foundry-daggerheart/Portable-FoundryVTT-v13.348/App/resources/app/dist/database/backend/server-document.mjs:1:3713)\n    at Function._migrateDocuments (file:///C:/Users/Juanjo/Desktop/Juegos/Foundry-daggerheart/Portable-FoundryVTT-v13.348/App/resources/app/dist/database/backend/server-document.mjs:1:2782)","timestamp":"2026-01-01 13:58:33"}
{"level":"error","message":"An error occurred during the migration of Macro record [f4seowyhjSLdBpIw] of database \"daggerheart-extra-content.macros\":\nError: Documents from a core version newer than the running version cannot be migrated\n    at Function._migrateRecord (file:///C:/Users/Juanjo/Desktop/Juegos/Foundry-daggerheart/Portable-FoundryVTT-v13.348/App/resources/app/dist/database/backend/server-document.mjs:1:3713)\n    at Function._migrateDocuments (file:///C:/Users/Juanjo/Desktop/Juegos/Foundry-daggerheart/Portable-FoundryVTT-v13.348/App/resources/app/dist/database/backend/server-document.mjs:1:2782)","timestamp":"2026-01-01 13:58:33"}
{"level":"error","message":"An error occurred during the migration of Macro record [lCYBPohT8hPPOpeK] of database \"daggerheart-extra-content.macros\":\nError: Documents from a core version newer than the running version cannot be migrated\n    at Function._migrateRecord (file:///C:/Users/Juanjo/Desktop/Juegos/Foundry-daggerheart/Portable-FoundryVTT-v13.348/App/resources/app/dist/database/backend/server-document.mjs:1:3713)\n    at Function._migrateDocuments (file:///C:/Users/Juanjo/Desktop/Juegos/Foundry-daggerheart/Portable-FoundryVTT-v13.348/App/resources/app/dist/database/backend/server-document.mjs:1:2782)","timestamp":"2026-01-01 13:58:33"}
{"level":"error","message":"An error occurred during the migration of Macro record [mu2CD5fN0NvxcqYl] of database \"daggerheart-extra-content.macros\":\nError: Documents from a core version newer than the running version cannot be migrated\n    at Function._migrateRecord (file:///C:/Users/Juanjo/Desktop/Juegos/Foundry-daggerheart/Portable-FoundryVTT-v13.348/App/resources/app/dist/database/backend/server-document.mjs:1:3713)\n    at Function._migrateDocuments (file:///C:/Users/Juanjo/Desktop/Juegos/Foundry-daggerheart/Portable-FoundryVTT-v13.348/App/resources/app/dist/database/backend/server-document.mjs:1:2782)","timestamp":"2026-01-01 13:58:33"}
{"level":"error","message":"An error occurred during the migration of Macro record [zWi79s5QqaZnMMtX] of database \"daggerheart-extra-content.macros\":\nError: Documents from a core version newer than the running version cannot be migrated\n    at Function._migrateRecord (file:///C:/Users/Juanjo/Desktop/Juegos/Foundry-daggerheart/Portable-FoundryVTT-v13.348/App/resources/app/dist/database/backend/server-document.mjs:1:3713)\n    at Function._migrateDocuments (file:///C:/Users/Juanjo/Desktop/Juegos/Foundry-daggerheart/Portable-FoundryVTT-v13.348/App/resources/app/dist/database/backend/server-document.mjs:1:2782)","timestamp":"2026-01-01 13:58:33"}
{"level":"warn","message":"Database daggerheart-extra-content.macros was not fully migrated due to errors during migration.","timestamp":"2026-01-01 13:58:33"}
{"level":"info","message":"Launching World | Migrating Package Data - 44%","timestamp":"2026-01-01 13:58:33"}
{"level":"info","message":"Launching World | Migrating Package Data - 47%","timestamp":"2026-01-01 13:58:33"}
{"level":"info","message":"Launching World | Migrating Package Data - 50%","timestamp":"2026-01-01 13:58:33"}
{"level":"info","message":"Launching World | Migrating Package Data - 53%","timestamp":"2026-01-01 13:58:33"}
{"level":"info","message":"Launching World | Migrating Package Data - 56%","timestamp":"2026-01-01 13:58:33"}
{"level":"error","message":"An error occurred during the migration of Actor record [2owady11IfU1vset] of database \"daggerheart-extra-content.more-adversaries\":\nError: Documents from a core version newer than the running version cannot be migrated\n    at Function._migrateRecord (file:///C:/Users/Juanjo/Desktop/Juegos/Foundry-daggerheart/Portable-FoundryVTT-v13.348/App/resources/app/dist/database/backend/server-document.mjs:1:3713)\n    at Function._migrateDocuments (file:///C:/Users/Juanjo/Desktop/Juegos/Foundry-daggerheart/Portable-FoundryVTT-v13.348/App/resources/app/dist/database/backend/server-document.mjs:1:2782)","timestamp":"2026-01-01 13:58:33"}
{"level":"error","message":"An error occurred during the migration of Actor record [3wZn34orKgheuXnE] of database \"daggerheart-extra-content.more-adversaries\":\nError: Documents from a core version newer than the running version cannot be migrated\n    at Function._migrateRecord (file:///C:/Users/Juanjo/Desktop/Juegos/Foundry-daggerheart/Portable-FoundryVTT-v13.348/App/resources/app/dist/database/backend/server-document.mjs:1:3713)\n    at Function._migrateDocuments (file:///C:/Users/Juanjo/Desktop/Juegos/Foundry-daggerheart/Portable-FoundryVTT-v13.348/App/resources/app/dist/database/backend/server-document.mjs:1:2782)","timestamp":"2026-01-01 13:58:33"}
{"level":"error","message":"An error occurred during the migration of Actor record [4GkDrUgRyp9FHTAN] of database \"daggerheart-extra-content.more-adversaries\":\nError: Documents from a core version newer than the running version cannot be migrated\n    at Function._migrateRecord (file:///C:/Users/Juanjo/Desktop/Juegos/Foundry-daggerheart/Portable-FoundryVTT-v13.348/App/resources/app/dist/database/backend/server-document.mjs:1:3713)\n    at Function._migrateDocuments (file:///C:/Users/Juanjo/Desktop/Juegos/Foundry-daggerheart/Portable-FoundryVTT-v13.348/App/resources/app/dist/database/backend/server-document.mjs:1:2782)","timestamp":"2026-01-01 13:58:33"}
{"level":"error","message":"An error occurred during the migration of Actor record [6wxPxm4joQnoIjdX] of database \"daggerheart-extra-content.more-adversaries\":\nError: Documents from a core version newer than the running version cannot be migrated\n    at Function._migrateRecord (file:///C:/Users/Juanjo/Desktop/Juegos/Foundry-daggerheart/Portable-FoundryVTT-v13.348/App/resources/app/dist/database/backend/server-document.mjs:1:3713)\n    at Function._migrateDocuments (file:///C:/Users/Juanjo/Desktop/Juegos/Foundry-daggerheart/Portable-FoundryVTT-v13.348/App/resources/app/dist/database/backend/server-document.mjs:1:2782)","timestamp":"2026-01-01 13:58:33"}
{"level":"error","message":"An error occurred during the migration of Actor record [CBjyTRc9xNjmDAM4] of database \"daggerheart-extra-content.more-adversaries\":\nError: Documents from a core version newer than the running version cannot be migrated\n    at Function._migrateRecord (file:///C:/Users/Juanjo/Desktop/Juegos/Foundry-daggerheart/Portable-FoundryVTT-v13.348/App/resources/app/dist/database/backend/server-document.mjs:1:3713)\n    at Function._migrateDocuments (file:///C:/Users/Juanjo/Desktop/Juegos/Foundry-daggerheart/Portable-FoundryVTT-v13.348/App/resources/app/dist/database/backend/server-document.mjs:1:2782)","timestamp":"2026-01-01 13:58:33"}
{"level":"error","message":"An error occurred during the migration of Actor record [D2mYxxduZN4h55cD] of database \"daggerheart-extra-content.more-adversaries\":\nError: Documents from a core version newer than the running version cannot be migrated\n    at Function._migrateRecord (file:///C:/Users/Juanjo/Desktop/Juegos/Foundry-daggerheart/Portable-FoundryVTT-v13.348/App/resources/app/dist/database/backend/server-document.mjs:1:3713)\n    at Function._migrateDocuments (file:///C:/Users/Juanjo/Desktop/Juegos/Foundry-daggerheart/Portable-FoundryVTT-v13.348/App/resources/app/dist/database/backend/server-document.mjs:1:2782)","timestamp":"2026-01-01 13:58:33"}
{"level":"error","message":"An error occurred during the migration of Actor record [GZeCYbWDzYS2iCF9] of database \"daggerheart-extra-content.more-adversaries\":\nError: Documents from a core version newer than the running version cannot be migrated\n    at Function._migrateRecord (file:///C:/Users/Juanjo/Desktop/Juegos/Foundry-daggerheart/Portable-FoundryVTT-v13.348/App/resources/app/dist/database/backend/server-document.mjs:1:3713)\n    at Function._migrateDocuments (file:///C:/Users/Juanjo/Desktop/Juegos/Foundry-daggerheart/Portable-FoundryVTT-v13.348/App/resources/app/dist/database/backend/server-document.mjs:1:2782)","timestamp":"2026-01-01 13:58:33"}
{"level":"error","message":"An error occurred during the migration of Actor record [HFoDDFrRRoLOx6rS] of database \"daggerheart-extra-content.more-adversaries\":\nError: Documents from a core version newer than the running version cannot be migrated\n    at Function._migrateRecord (file:///C:/Users/Juanjo/Desktop/Juegos/Foundry-daggerheart/Portable-FoundryVTT-v13.348/App/resources/app/dist/database/backend/server-document.mjs:1:3713)\n    at Function._migrateDocuments (file:///C:/Users/Juanjo/Desktop/Juegos/Foundry-daggerheart/Portable-FoundryVTT-v13.348/App/resources/app/dist/database/backend/server-document.mjs:1:2782)","timestamp":"2026-01-01 13:58:33"}
{"level":"error","message":"An error occurred during the migration of Actor record [Je6XBGhfDKSY3DEk] of database \"daggerheart-extra-content.more-adversaries\":\nError: Documents from a core version newer than the running version cannot be migrated\n    at Function._migrateRecord (file:///C:/Users/Juanjo/Desktop/Juegos/Foundry-daggerheart/Portable-FoundryVTT-v13.348/App/resources/app/dist/database/backend/server-document.mjs:1:3713)\n    at Function._migrateDocuments (file:///C:/Users/Juanjo/Desktop/Juegos/Foundry-daggerheart/Portable-FoundryVTT-v13.348/App/resources/app/dist/database/backend/server-document.mjs:1:2782)","timestamp":"2026-01-01 13:58:33"}
{"level":"error","message":"An error occurred during the migration of Actor record [RIpmM1hiW9aRSlR5] of database \"daggerheart-extra-content.more-adversaries\":\nError: Documents from a core version newer than the running version cannot be migrated\n    at Function._migrateRecord (file:///C:/Users/Juanjo/Desktop/Juegos/Foundry-daggerheart/Portable-FoundryVTT-v13.348/App/resources/app/dist/database/backend/server-document.mjs:1:3713)\n    at Function._migrateDocuments (file:///C:/Users/Juanjo/Desktop/Juegos/Foundry-daggerheart/Portable-FoundryVTT-v13.348/App/resources/app/dist/database/backend/server-document.mjs:1:2782)","timestamp":"2026-01-01 13:58:33"}
{"level":"error","message":"An error occurred during the migration of Actor record [RlIaKDY410J1Braw] of database \"daggerheart-extra-content.more-adversaries\":\nError: Documents from a core version newer than the running version cannot be migrated\n    at Function._migrateRecord (file:///C:/Users/Juanjo/Desktop/Juegos/Foundry-daggerheart/Portable-FoundryVTT-v13.348/App/resources/app/dist/database/backend/server-document.mjs:1:3713)\n    at Function._migrateDocuments (file:///C:/Users/Juanjo/Desktop/Juegos/Foundry-daggerheart/Portable-FoundryVTT-v13.348/App/resources/app/dist/database/backend/server-document.mjs:1:2782)","timestamp":"2026-01-01 13:58:33"}
{"level":"error","message":"An error occurred during the migration of Actor record [Uu7RvfCQnjz6CNhI] of database \"daggerheart-extra-content.more-adversaries\":\nError: Documents from a core version newer than the running version cannot be migrated\n    at Function._migrateRecord (file:///C:/Users/Juanjo/Desktop/Juegos/Foundry-daggerheart/Portable-FoundryVTT-v13.348/App/resources/app/dist/database/backend/server-document.mjs:1:3713)\n    at Function._migrateDocuments (file:///C:/Users/Juanjo/Desktop/Juegos/Foundry-daggerheart/Portable-FoundryVTT-v13.348/App/resources/app/dist/database/backend/server-document.mjs:1:2782)","timestamp":"2026-01-01 13:58:33"}
{"level":"error","message":"An error occurred during the migration of Actor record [dz7P6qQlXyDH34fj] of database \"daggerheart-extra-content.more-adversaries\":\nError: Documents from a core version newer than the running version cannot be migrated\n    at Function._migrateRecord (file:///C:/Users/Juanjo/Desktop/Juegos/Foundry-daggerheart/Portable-FoundryVTT-v13.348/App/resources/app/dist/database/backend/server-document.mjs:1:3713)\n    at Function._migrateDocuments (file:///C:/Users/Juanjo/Desktop/Juegos/Foundry-daggerheart/Portable-FoundryVTT-v13.348/App/resources/app/dist/database/backend/server-document.mjs:1:2782)","timestamp":"2026-01-01 13:58:33"}
{"level":"error","message":"An error occurred during the migration of Actor record [eQ87jrVECayfpio3] of database \"daggerheart-extra-content.more-adversaries\":\nError: Documents from a core version newer than the running version cannot be migrated\n    at Function._migrateRecord (file:///C:/Users/Juanjo/Desktop/Juegos/Foundry-daggerheart/Portable-FoundryVTT-v13.348/App/resources/app/dist/database/backend/server-document.mjs:1:3713)\n    at Function._migrateDocuments (file:///C:/Users/Juanjo/Desktop/Juegos/Foundry-daggerheart/Portable-FoundryVTT-v13.348/App/resources/app/dist/database/backend/server-document.mjs:1:2782)","timestamp":"2026-01-01 13:58:33"}
{"level":"error","message":"An error occurred during the migration of Actor record [f7a0iCjxLOcnoOry] of database \"daggerheart-extra-content.more-adversaries\":\nError: Documents from a core version newer than the running version cannot be migrated\n    at Function._migrateRecord (file:///C:/Users/Juanjo/Desktop/Juegos/Foundry-daggerheart/Portable-FoundryVTT-v13.348/App/resources/app/dist/database/backend/server-document.mjs:1:3713)\n    at Function._migrateDocuments (file:///C:/Users/Juanjo/Desktop/Juegos/Foundry-daggerheart/Portable-FoundryVTT-v13.348/App/resources/app/dist/database/backend/server-document.mjs:1:2782)","timestamp":"2026-01-01 13:58:33"}
{"level":"error","message":"An error occurred during the migration of Actor record [j0ncG4oNxG6c7CoZ] of database \"daggerheart-extra-content.more-adversaries\":\nError: Documents from a core version newer than the running version cannot be migrated\n    at Function._migrateRecord (file:///C:/Users/Juanjo/Desktop/Juegos/Foundry-daggerheart/Portable-FoundryVTT-v13.348/App/resources/app/dist/database/backend/server-document.mjs:1:3713)\n    at Function._migrateDocuments (file:///C:/Users/Juanjo/Desktop/Juegos/Foundry-daggerheart/Portable-FoundryVTT-v13.348/App/resources/app/dist/database/backend/server-document.mjs:1:2782)","timestamp":"2026-01-01 13:58:33"}
{"level":"error","message":"An error occurred during the migration of Actor record [n7SBEHvb48tFamKO] of database \"daggerheart-extra-content.more-adversaries\":\nError: Documents from a core version newer than the running version cannot be migrated\n    at Function._migrateRecord (file:///C:/Users/Juanjo/Desktop/Juegos/Foundry-daggerheart/Portable-FoundryVTT-v13.348/App/resources/app/dist/database/backend/server-document.mjs:1:3713)\n    at Function._migrateDocuments (file:///C:/Users/Juanjo/Desktop/Juegos/Foundry-daggerheart/Portable-FoundryVTT-v13.348/App/resources/app/dist/database/backend/server-document.mjs:1:2782)","timestamp":"2026-01-01 13:58:33"}
{"level":"error","message":"An error occurred during the migration of Actor record [p7LYTbyuPUNisLQ5] of database \"daggerheart-extra-content.more-adversaries\":\nError: Documents from a core version newer than the running version cannot be migrated\n    at Function._migrateRecord (file:///C:/Users/Juanjo/Desktop/Juegos/Foundry-daggerheart/Portable-FoundryVTT-v13.348/App/resources/app/dist/database/backend/server-document.mjs:1:3713)\n    at Function._migrateDocuments (file:///C:/Users/Juanjo/Desktop/Juegos/Foundry-daggerheart/Portable-FoundryVTT-v13.348/App/resources/app/dist/database/backend/server-document.mjs:1:2782)","timestamp":"2026-01-01 13:58:33"}
{"level":"error","message":"An error occurred during the migration of Actor record [pCEWxOqd7C0B9DxO] of database \"daggerheart-extra-content.more-adversaries\":\nError: Documents from a core version newer than the running version cannot be migrated\n    at Function._migrateRecord (file:///C:/Users/Juanjo/Desktop/Juegos/Foundry-daggerheart/Portable-FoundryVTT-v13.348/App/resources/app/dist/database/backend/server-document.mjs:1:3713)\n    at Function._migrateDocuments (file:///C:/Users/Juanjo/Desktop/Juegos/Foundry-daggerheart/Portable-FoundryVTT-v13.348/App/resources/app/dist/database/backend/server-document.mjs:1:2782)","timestamp":"2026-01-01 13:58:33"}
{"level":"error","message":"An error occurred during the migration of Actor record [pCkMBn3zgF4WA1zz] of database \"daggerheart-extra-content.more-adversaries\":\nError: Documents from a core version newer than the running version cannot be migrated\n    at Function._migrateRecord (file:///C:/Users/Juanjo/Desktop/Juegos/Foundry-daggerheart/Portable-FoundryVTT-v13.348/App/resources/app/dist/database/backend/server-document.mjs:1:3713)\n    at Function._migrateDocuments (file:///C:/Users/Juanjo/Desktop/Juegos/Foundry-daggerheart/Portable-FoundryVTT-v13.348/App/resources/app/dist/database/backend/server-document.mjs:1:2782)","timestamp":"2026-01-01 13:58:33"}
{"level":"error","message":"An error occurred during the migration of Actor record [sEtsUW24RgFB83TQ] of database \"daggerheart-extra-content.more-adversaries\":\nError: Documents from a core version newer than the running version cannot be migrated\n    at Function._migrateRecord (file:///C:/Users/Juanjo/Desktop/Juegos/Foundry-daggerheart/Portable-FoundryVTT-v13.348/App/resources/app/dist/database/backend/server-document.mjs:1:3713)\n    at Function._migrateDocuments (file:///C:/Users/Juanjo/Desktop/Juegos/Foundry-daggerheart/Portable-FoundryVTT-v13.348/App/resources/app/dist/database/backend/server-document.mjs:1:2782)","timestamp":"2026-01-01 13:58:33"}
{"level":"error","message":"An error occurred during the migration of Actor record [sKqhR4Gzsc953DBq] of database \"daggerheart-extra-content.more-adversaries\":\nError: Documents from a core version newer than the running version cannot be migrated\n    at Function._migrateRecord (file:///C:/Users/Juanjo/Desktop/Juegos/Foundry-daggerheart/Portable-FoundryVTT-v13.348/App/resources/app/dist/database/backend/server-document.mjs:1:3713)\n    at Function._migrateDocuments (file:///C:/Users/Juanjo/Desktop/Juegos/Foundry-daggerheart/Portable-FoundryVTT-v13.348/App/resources/app/dist/database/backend/server-document.mjs:1:2782)","timestamp":"2026-01-01 13:58:33"}
{"level":"warn","message":"Database daggerheart-extra-content.more-adversaries was not fully migrated due to errors during migration.","timestamp":"2026-01-01 13:58:33"}
{"level":"info","message":"Launching World | Migrating Package Data - 58%","timestamp":"2026-01-01 13:58:33"}
{"level":"info","message":"Launching World | Migrating Package Data - 61%","timestamp":"2026-01-01 13:58:33"}
{"level":"info","message":"Launching World | Migrating Package Data - 64%","timestamp":"2026-01-01 13:58:33"}
{"level":"error","message":"An error occurred during the migration of Item record [04I86qVoEQ310sCR] of database \"daggerheart-extra-content.ancestry\":\nError: Documents from a core version newer than the running version cannot be migrated\n    at Function._migrateRecord (file:///C:/Users/Juanjo/Desktop/Juegos/Foundry-daggerheart/Portable-FoundryVTT-v13.348/App/resources/app/dist/database/backend/server-document.mjs:1:3713)\n    at Function._migrateDocuments (file:///C:/Users/Juanjo/Desktop/Juegos/Foundry-daggerheart/Portable-FoundryVTT-v13.348/App/resources/app/dist/database/backend/server-document.mjs:1:2782)","timestamp":"2026-01-01 13:58:33"}
{"level":"error","message":"An error occurred during the migration of Item record [2zyMaehKcKOEGM4E] of database \"daggerheart-extra-content.ancestry\":\nError: Documents from a core version newer than the running version cannot be migrated\n    at Function._migrateRecord (file:///C:/Users/Juanjo/Desktop/Juegos/Foundry-daggerheart/Portable-FoundryVTT-v13.348/App/resources/app/dist/database/backend/server-document.mjs:1:3713)\n    at Function._migrateDocuments (file:///C:/Users/Juanjo/Desktop/Juegos/Foundry-daggerheart/Portable-FoundryVTT-v13.348/App/resources/app/dist/database/backend/server-document.mjs:1:2782)","timestamp":"2026-01-01 13:58:33"}
{"level":"error","message":"An error occurred during the migration of Item record [Fc3hqveUPZNSVSk7] of database \"daggerheart-extra-content.ancestry\":\nError: Documents from a core version newer than the running version cannot be migrated\n    at Function._migrateRecord (file:///C:/Users/Juanjo/Desktop/Juegos/Foundry-daggerheart/Portable-FoundryVTT-v13.348/App/resources/app/dist/database/backend/server-document.mjs:1:3713)\n    at Function._migrateDocuments (file:///C:/Users/Juanjo/Desktop/Juegos/Foundry-daggerheart/Portable-FoundryVTT-v13.348/App/resources/app/dist/database/backend/server-document.mjs:1:2782)","timestamp":"2026-01-01 13:58:33"}
{"level":"error","message":"An error occurred during the migration of Item record [QbBbdOgrtxEIWQHB] of database \"daggerheart-extra-content.ancestry\":\nError: Documents from a core version newer than the running version cannot be migrated\n    at Function._migrateRecord (file:///C:/Users/Juanjo/Desktop/Juegos/Foundry-daggerheart/Portable-FoundryVTT-v13.348/App/resources/app/dist/database/backend/server-document.mjs:1:3713)\n    at Function._migrateDocuments (file:///C:/Users/Juanjo/Desktop/Juegos/Foundry-daggerheart/Portable-FoundryVTT-v13.348/App/resources/app/dist/database/backend/server-document.mjs:1:2782)","timestamp":"2026-01-01 13:58:33"}
{"level":"error","message":"An error occurred during the migration of Item record [WOHi9gvF8Ha10EnF] of database \"daggerheart-extra-content.ancestry\":\nError: Documents from a core version newer than the running version cannot be migrated\n    at Function._migrateRecord (file:///C:/Users/Juanjo/Desktop/Juegos/Foundry-daggerheart/Portable-FoundryVTT-v13.348/App/resources/app/dist/database/backend/server-document.mjs:1:3713)\n    at Function._migrateDocuments (file:///C:/Users/Juanjo/Desktop/Juegos/Foundry-daggerheart/Portable-FoundryVTT-v13.348/App/resources/app/dist/database/backend/server-document.mjs:1:2782)","timestamp":"2026-01-01 13:58:33"}
{"level":"error","message":"An error occurred during the migration of Item record [jP4n9wzq0wvfxULo] of database \"daggerheart-extra-content.ancestry\":\nError: Documents from a core version newer than the running version cannot be migrated\n    at Function._migrateRecord (file:///C:/Users/Juanjo/Desktop/Juegos/Foundry-daggerheart/Portable-FoundryVTT-v13.348/App/resources/app/dist/database/backend/server-document.mjs:1:3713)\n    at Function._migrateDocuments (file:///C:/Users/Juanjo/Desktop/Juegos/Foundry-daggerheart/Portable-FoundryVTT-v13.348/App/resources/app/dist/database/backend/server-document.mjs:1:2782)","timestamp":"2026-01-01 13:58:33"}
{"level":"error","message":"An error occurred during the migration of Item record [pjtNmhoBNxjrzRPk] of database \"daggerheart-extra-content.ancestry\":\nError: Documents from a core version newer than the running version cannot be migrated\n    at Function._migrateRecord (file:///C:/Users/Juanjo/Desktop/Juegos/Foundry-daggerheart/Portable-FoundryVTT-v13.348/App/resources/app/dist/database/backend/server-document.mjs:1:3713)\n    at Function._migrateDocuments (file:///C:/Users/Juanjo/Desktop/Juegos/Foundry-daggerheart/Portable-FoundryVTT-v13.348/App/resources/app/dist/database/backend/server-document.mjs:1:2782)","timestamp":"2026-01-01 13:58:33"}
{"level":"error","message":"An error occurred during the migration of Item record [vWfsYRjrKPUne2nZ] of database \"daggerheart-extra-content.ancestry\":\nError: Documents from a core version newer than the running version cannot be migrated\n    at Function._migrateRecord (file:///C:/Users/Juanjo/Desktop/Juegos/Foundry-daggerheart/Portable-FoundryVTT-v13.348/App/resources/app/dist/database/backend/server-document.mjs:1:3713)\n    at Function._migrateDocuments (file:///C:/Users/Juanjo/Desktop/Juegos/Foundry-daggerheart/Portable-FoundryVTT-v13.348/App/resources/app/dist/database/backend/server-document.mjs:1:2782)","timestamp":"2026-01-01 13:58:33"}
{"level":"error","message":"An error occurred during the migration of Item record [y4tOp4lUYpyC7YJW] of database \"daggerheart-extra-content.ancestry\":\nError: Documents from a core version newer than the running version cannot be migrated\n    at Function._migrateRecord (file:///C:/Users/Juanjo/Desktop/Juegos/Foundry-daggerheart/Portable-FoundryVTT-v13.348/App/resources/app/dist/database/backend/server-document.mjs:1:3713)\n    at Function._migrateDocuments (file:///C:/Users/Juanjo/Desktop/Juegos/Foundry-daggerheart/Portable-FoundryVTT-v13.348/App/resources/app/dist/database/backend/server-document.mjs:1:2782)","timestamp":"2026-01-01 13:58:33"}
{"level":"warn","message":"Database daggerheart-extra-content.ancestry was not fully migrated due to errors during migration.","timestamp":"2026-01-01 13:58:33"}
{"level":"info","message":"Launching World | Migrating Package Data - 67%","timestamp":"2026-01-01 13:58:33"}
{"level":"info","message":"Launching World | Migrating Package Data - 69%","timestamp":"2026-01-01 13:58:33"}
{"level":"error","message":"An error occurred during the migration of Item record [8D0NQR901j0Kx0zb] of database \"daggerheart-extra-content.classes\":\nError: Documents from a core version newer than the running version cannot be migrated\n    at Function._migrateRecord (file:///C:/Users/Juanjo/Desktop/Juegos/Foundry-daggerheart/Portable-FoundryVTT-v13.348/App/resources/app/dist/database/backend/server-document.mjs:1:3713)\n    at Function._migrateDocuments (file:///C:/Users/Juanjo/Desktop/Juegos/Foundry-daggerheart/Portable-FoundryVTT-v13.348/App/resources/app/dist/database/backend/server-document.mjs:1:2782)","timestamp":"2026-01-01 13:58:33"}
{"level":"error","message":"An error occurred during the migration of Item record [B90E3nk0uBeZpPw8] of database \"daggerheart-extra-content.classes\":\nError: Documents from a core version newer than the running version cannot be migrated\n    at Function._migrateRecord (file:///C:/Users/Juanjo/Desktop/Juegos/Foundry-daggerheart/Portable-FoundryVTT-v13.348/App/resources/app/dist/database/backend/server-document.mjs:1:3713)\n    at Function._migrateDocuments (file:///C:/Users/Juanjo/Desktop/Juegos/Foundry-daggerheart/Portable-FoundryVTT-v13.348/App/resources/app/dist/database/backend/server-document.mjs:1:2782)","timestamp":"2026-01-01 13:58:33"}
{"level":"error","message":"An error occurred during the migration of Item record [E5d3CnR98vEXt8QS] of database \"daggerheart-extra-content.classes\":\nError: Documents from a core version newer than the running version cannot be migrated\n    at Function._migrateRecord (file:///C:/Users/Juanjo/Desktop/Juegos/Foundry-daggerheart/Portable-FoundryVTT-v13.348/App/resources/app/dist/database/backend/server-document.mjs:1:3713)\n    at Function._migrateDocuments (file:///C:/Users/Juanjo/Desktop/Juegos/Foundry-daggerheart/Portable-FoundryVTT-v13.348/App/resources/app/dist/database/backend/server-document.mjs:1:2782)","timestamp":"2026-01-01 13:58:33"}
{"level":"error","message":"An error occurred during the migration of Item record [EcUepPeaFQz7tnme] of database \"daggerheart-extra-content.classes\":\nError: Documents from a core version newer than the running version cannot be migrated\n    at Function._migrateRecord (file:///C:/Users/Juanjo/Desktop/Juegos/Foundry-daggerheart/Portable-FoundryVTT-v13.348/App/resources/app/dist/database/backend/server-document.mjs:1:3713)\n    at Function._migrateDocuments (file:///C:/Users/Juanjo/Desktop/Juegos/Foundry-daggerheart/Portable-FoundryVTT-v13.348/App/resources/app/dist/database/backend/server-document.mjs:1:2782)","timestamp":"2026-01-01 13:58:33"}
{"level":"error","message":"An error occurred during the migration of Item record [MAT6l8tUvELiLK4L] of database \"daggerheart-extra-content.classes\":\nError: Documents from a core version newer than the running version cannot be migrated\n    at Function._migrateRecord (file:///C:/Users/Juanjo/Desktop/Juegos/Foundry-daggerheart/Portable-FoundryVTT-v13.348/App/resources/app/dist/database/backend/server-document.mjs:1:3713)\n    at Function._migrateDocuments (file:///C:/Users/Juanjo/Desktop/Juegos/Foundry-daggerheart/Portable-FoundryVTT-v13.348/App/resources/app/dist/database/backend/server-document.mjs:1:2782)","timestamp":"2026-01-01 13:58:33"}
{"level":"error","message":"An error occurred during the migration of Item record [N4mXcAWdpFYJdWZn] of database \"daggerheart-extra-content.classes\":\nError: Documents from a core version newer than the running version cannot be migrated\n    at Function._migrateRecord (file:///C:/Users/Juanjo/Desktop/Juegos/Foundry-daggerheart/Portable-FoundryVTT-v13.348/App/resources/app/dist/database/backend/server-document.mjs:1:3713)\n    at Function._migrateDocuments (file:///C:/Users/Juanjo/Desktop/Juegos/Foundry-daggerheart/Portable-FoundryVTT-v13.348/App/resources/app/dist/database/backend/server-document.mjs:1:2782)","timestamp":"2026-01-01 13:58:33"}
{"level":"error","message":"An error occurred during the migration of Item record [g01PAvRJsgiUHpnD] of database \"daggerheart-extra-content.classes\":\nError: Documents from a core version newer than the running version cannot be migrated\n    at Function._migrateRecord (file:///C:/Users/Juanjo/Desktop/Juegos/Foundry-daggerheart/Portable-FoundryVTT-v13.348/App/resources/app/dist/database/backend/server-document.mjs:1:3713)\n    at Function._migrateDocuments (file:///C:/Users/Juanjo/Desktop/Juegos/Foundry-daggerheart/Portable-FoundryVTT-v13.348/App/resources/app/dist/database/backend/server-document.mjs:1:2782)","timestamp":"2026-01-01 13:58:33"}
{"level":"error","message":"An error occurred during the migration of Item record [hXehaNaOdYzSJqxf] of database \"daggerheart-extra-content.classes\":\nError: Documents from a core version newer than the running version cannot be migrated\n    at Function._migrateRecord (file:///C:/Users/Juanjo/Desktop/Juegos/Foundry-daggerheart/Portable-FoundryVTT-v13.348/App/resources/app/dist/database/backend/server-document.mjs:1:3713)\n    at Function._migrateDocuments (file:///C:/Users/Juanjo/Desktop/Juegos/Foundry-daggerheart/Portable-FoundryVTT-v13.348/App/resources/app/dist/database/backend/server-document.mjs:1:2782)","timestamp":"2026-01-01 13:58:33"}
{"level":"error","message":"An error occurred during the migration of Item record [k4NTq8kIqQNNv9bl] of database \"daggerheart-extra-content.classes\":\nError: Documents from a core version newer than the running version cannot be migrated\n    at Function._migrateRecord (file:///C:/Users/Juanjo/Desktop/Juegos/Foundry-daggerheart/Portable-FoundryVTT-v13.348/App/resources/app/dist/database/backend/server-document.mjs:1:3713)\n    at Function._migrateDocuments (file:///C:/Users/Juanjo/Desktop/Juegos/Foundry-daggerheart/Portable-FoundryVTT-v13.348/App/resources/app/dist/database/backend/server-document.mjs:1:2782)","timestamp":"2026-01-01 13:58:33"}
{"level":"error","message":"An error occurred during the migration of Item record [m0xIb9uq6tlZdsoz] of database \"daggerheart-extra-content.classes\":\nError: Documents from a core version newer than the running version cannot be migrated\n    at Function._migrateRecord (file:///C:/Users/Juanjo/Desktop/Juegos/Foundry-daggerheart/Portable-FoundryVTT-v13.348/App/resources/app/dist/database/backend/server-document.mjs:1:3713)\n    at Function._migrateDocuments (file:///C:/Users/Juanjo/Desktop/Juegos/Foundry-daggerheart/Portable-FoundryVTT-v13.348/App/resources/app/dist/database/backend/server-document.mjs:1:2782)","timestamp":"2026-01-01 13:58:33"}
{"level":"error","message":"An error occurred during the migration of Item record [mYoYtle6DKA0UwQd] of database \"daggerheart-extra-content.classes\":\nError: Documents from a core version newer than the running version cannot be migrated\n    at Function._migrateRecord (file:///C:/Users/Juanjo/Desktop/Juegos/Foundry-daggerheart/Portable-FoundryVTT-v13.348/App/resources/app/dist/database/backend/server-document.mjs:1:3713)\n    at Function._migrateDocuments (file:///C:/Users/Juanjo/Desktop/Juegos/Foundry-daggerheart/Portable-FoundryVTT-v13.348/App/resources/app/dist/database/backend/server-document.mjs:1:2782)","timestamp":"2026-01-01 13:58:33"}
{"level":"error","message":"An error occurred during the migration of Item record [xGemeGMXhosaM22K] of database \"daggerheart-extra-content.classes\":\nError: Documents from a core version newer than the running version cannot be migrated\n    at Function._migrateRecord (file:///C:/Users/Juanjo/Desktop/Juegos/Foundry-daggerheart/Portable-FoundryVTT-v13.348/App/resources/app/dist/database/backend/server-document.mjs:1:3713)\n    at Function._migrateDocuments (file:///C:/Users/Juanjo/Desktop/Juegos/Foundry-daggerheart/Portable-FoundryVTT-v13.348/App/resources/app/dist/database/backend/server-document.mjs:1:2782)","timestamp":"2026-01-01 13:58:33"}
{"level":"error","message":"An error occurred during the migration of Item record [zzaKRTPuYEahfilp] of database \"daggerheart-extra-content.classes\":\nError: Documents from a core version newer than the running version cannot be migrated\n    at Function._migrateRecord (file:///C:/Users/Juanjo/Desktop/Juegos/Foundry-daggerheart/Portable-FoundryVTT-v13.348/App/resources/app/dist/database/backend/server-document.mjs:1:3713)\n    at Function._migrateDocuments (file:///C:/Users/Juanjo/Desktop/Juegos/Foundry-daggerheart/Portable-FoundryVTT-v13.348/App/resources/app/dist/database/backend/server-document.mjs:1:2782)","timestamp":"2026-01-01 13:58:33"}
{"level":"warn","message":"Database daggerheart-extra-content.classes was not fully migrated due to errors during migration.","timestamp":"2026-01-01 13:58:33"}
{"level":"info","message":"Launching World | Migrating Package Data - 72%","timestamp":"2026-01-01 13:58:33"}
{"level":"error","message":"An error occurred during the migration of Item record [0YAGrauVMvqpHUou] of database \"daggerheart-extra-content.subclasses\":\nError: Documents from a core version newer than the running version cannot be migrated\n    at Function._migrateRecord (file:///C:/Users/Juanjo/Desktop/Juegos/Foundry-daggerheart/Portable-FoundryVTT-v13.348/App/resources/app/dist/database/backend/server-document.mjs:1:3713)\n    at Function._migrateDocuments (file:///C:/Users/Juanjo/Desktop/Juegos/Foundry-daggerheart/Portable-FoundryVTT-v13.348/App/resources/app/dist/database/backend/server-document.mjs:1:2782)","timestamp":"2026-01-01 13:58:33"}
{"level":"error","message":"An error occurred during the migration of Item record [1vMdJBGISqJYzAA8] of database \"daggerheart-extra-content.subclasses\":\nError: Documents from a core version newer than the running version cannot be migrated\n    at Function._migrateRecord (file:///C:/Users/Juanjo/Desktop/Juegos/Foundry-daggerheart/Portable-FoundryVTT-v13.348/App/resources/app/dist/database/backend/server-document.mjs:1:3713)\n    at Function._migrateDocuments (file:///C:/Users/Juanjo/Desktop/Juegos/Foundry-daggerheart/Portable-FoundryVTT-v13.348/App/resources/app/dist/database/backend/server-document.mjs:1:2782)","timestamp":"2026-01-01 13:58:33"}
{"level":"error","message":"An error occurred during the migration of Item record [48oK5ke7KNhEoSBK] of database \"daggerheart-extra-content.subclasses\":\nError: Documents from a core version newer than the running version cannot be migrated\n    at Function._migrateRecord (file:///C:/Users/Juanjo/Desktop/Juegos/Foundry-daggerheart/Portable-FoundryVTT-v13.348/App/resources/app/dist/database/backend/server-document.mjs:1:3713)\n    at Function._migrateDocuments (file:///C:/Users/Juanjo/Desktop/Juegos/Foundry-daggerheart/Portable-FoundryVTT-v13.348/App/resources/app/dist/database/backend/server-document.mjs:1:2782)","timestamp":"2026-01-01 13:58:33"}
{"level":"error","message":"An error occurred during the migration of Item record [DeyoqbkHGP5Zm5bb] of database \"daggerheart-extra-content.subclasses\":\nError: Documents from a core version newer than the running version cannot be migrated\n    at Function._migrateRecord (file:///C:/Users/Juanjo/Desktop/Juegos/Foundry-daggerheart/Portable-FoundryVTT-v13.348/App/resources/app/dist/database/backend/server-document.mjs:1:3713)\n    at Function._migrateDocuments (file:///C:/Users/Juanjo/Desktop/Juegos/Foundry-daggerheart/Portable-FoundryVTT-v13.348/App/resources/app/dist/database/backend/server-document.mjs:1:2782)","timestamp":"2026-01-01 13:58:33"}
{"level":"error","message":"An error occurred during the migration of Item record [HQmOhlvOcO5GjiRG] of database \"daggerheart-extra-content.subclasses\":\nError: Documents from a core version newer than the running version cannot be migrated\n    at Function._migrateRecord (file:///C:/Users/Juanjo/Desktop/Juegos/Foundry-daggerheart/Portable-FoundryVTT-v13.348/App/resources/app/dist/database/backend/server-document.mjs:1:3713)\n    at Function._migrateDocuments (file:///C:/Users/Juanjo/Desktop/Juegos/Foundry-daggerheart/Portable-FoundryVTT-v13.348/App/resources/app/dist/database/backend/server-document.mjs:1:2782)","timestamp":"2026-01-01 13:58:33"}
{"level":"error","message":"An error occurred during the migration of Item record [LCqFlGKsObwYDIEm] of database \"daggerheart-extra-content.subclasses\":\nError: Documents from a core version newer than the running version cannot be migrated\n    at Function._migrateRecord (file:///C:/Users/Juanjo/Desktop/Juegos/Foundry-daggerheart/Portable-FoundryVTT-v13.348/App/resources/app/dist/database/backend/server-document.mjs:1:3713)\n    at Function._migrateDocuments (file:///C:/Users/Juanjo/Desktop/Juegos/Foundry-daggerheart/Portable-FoundryVTT-v13.348/App/resources/app/dist/database/backend/server-document.mjs:1:2782)","timestamp":"2026-01-01 13:58:33"}
{"level":"error","message":"An error occurred during the migration of Item record [ThjRka7o73hN3p0B] of database \"daggerheart-extra-content.subclasses\":\nError: Documents from a core version newer than the running version cannot be migrated\n    at Function._migrateRecord (file:///C:/Users/Juanjo/Desktop/Juegos/Foundry-daggerheart/Portable-FoundryVTT-v13.348/App/resources/app/dist/database/backend/server-document.mjs:1:3713)\n    at Function._migrateDocuments (file:///C:/Users/Juanjo/Desktop/Juegos/Foundry-daggerheart/Portable-FoundryVTT-v13.348/App/resources/app/dist/database/backend/server-document.mjs:1:2782)","timestamp":"2026-01-01 13:58:33"}
{"level":"error","message":"An error occurred during the migration of Item record [UOiFsix0pZrccp1y] of database \"daggerheart-extra-content.subclasses\":\nError: Documents from a core version newer than the running version cannot be migrated\n    at Function._migrateRecord (file:///C:/Users/Juanjo/Desktop/Juegos/Foundry-daggerheart/Portable-FoundryVTT-v13.348/App/resources/app/dist/database/backend/server-document.mjs:1:3713)\n    at Function._migrateDocuments (file:///C:/Users/Juanjo/Desktop/Juegos/Foundry-daggerheart/Portable-FoundryVTT-v13.348/App/resources/app/dist/database/backend/server-document.mjs:1:2782)","timestamp":"2026-01-01 13:58:33"}
{"level":"error","message":"An error occurred during the migration of Item record [YtPj46QA47slm76U] of database \"daggerheart-extra-content.subclasses\":\nError: Documents from a core version newer than the running version cannot be migrated\n    at Function._migrateRecord (file:///C:/Users/Juanjo/Desktop/Juegos/Foundry-daggerheart/Portable-FoundryVTT-v13.348/App/resources/app/dist/database/backend/server-document.mjs:1:3713)\n    at Function._migrateDocuments (file:///C:/Users/Juanjo/Desktop/Juegos/Foundry-daggerheart/Portable-FoundryVTT-v13.348/App/resources/app/dist/database/backend/server-document.mjs:1:2782)","timestamp":"2026-01-01 13:58:33"}
{"level":"error","message":"An error occurred during the migration of Item record [Z2oD6qtFjxzDYqWV] of database \"daggerheart-extra-content.subclasses\":\nError: Documents from a core version newer than the running version cannot be migrated\n    at Function._migrateRecord (file:///C:/Users/Juanjo/Desktop/Juegos/Foundry-daggerheart/Portable-FoundryVTT-v13.348/App/resources/app/dist/database/backend/server-document.mjs:1:3713)\n    at Function._migrateDocuments (file:///C:/Users/Juanjo/Desktop/Juegos/Foundry-daggerheart/Portable-FoundryVTT-v13.348/App/resources/app/dist/database/backend/server-document.mjs:1:2782)","timestamp":"2026-01-01 13:58:33"}
{"level":"error","message":"An error occurred during the migration of Item record [aKNaVPnQeDzCZl6w] of database \"daggerheart-extra-content.subclasses\":\nError: Documents from a core version newer than the running version cannot be migrated\n    at Function._migrateRecord (file:///C:/Users/Juanjo/Desktop/Juegos/Foundry-daggerheart/Portable-FoundryVTT-v13.348/App/resources/app/dist/database/backend/server-document.mjs:1:3713)\n    at Function._migrateDocuments (file:///C:/Users/Juanjo/Desktop/Juegos/Foundry-daggerheart/Portable-FoundryVTT-v13.348/App/resources/app/dist/database/backend/server-document.mjs:1:2782)","timestamp":"2026-01-01 13:58:33"}
{"level":"error","message":"An error occurred during the migration of Item record [bQMybQa340rpMCR8] of database \"daggerheart-extra-content.subclasses\":\nError: Documents from a core version newer than the running version cannot be migrated\n    at Function._migrateRecord (file:///C:/Users/Juanjo/Desktop/Juegos/Foundry-daggerheart/Portable-FoundryVTT-v13.348/App/resources/app/dist/database/backend/server-document.mjs:1:3713)\n    at Function._migrateDocuments (file:///C:/Users/Juanjo/Desktop/Juegos/Foundry-daggerheart/Portable-FoundryVTT-v13.348/App/resources/app/dist/database/backend/server-document.mjs:1:2782)","timestamp":"2026-01-01 13:58:33"}
{"level":"error","message":"An error occurred during the migration of Item record [eM46wwEPFHNI99sq] of database \"daggerheart-extra-content.subclasses\":\nError: Documents from a core version newer than the running version cannot be migrated\n    at Function._migrateRecord (file:///C:/Users/Juanjo/Desktop/Juegos/Foundry-daggerheart/Portable-FoundryVTT-v13.348/App/resources/app/dist/database/backend/server-document.mjs:1:3713)\n    at Function._migrateDocuments (file:///C:/Users/Juanjo/Desktop/Juegos/Foundry-daggerheart/Portable-FoundryVTT-v13.348/App/resources/app/dist/database/backend/server-document.mjs:1:2782)","timestamp":"2026-01-01 13:58:33"}
{"level":"error","message":"An error occurred during the migration of Item record [eQ8YQvNFJJnz9OqQ] of database \"daggerheart-extra-content.subclasses\":\nError: Documents from a core version newer than the running version cannot be migrated\n    at Function._migrateRecord (file:///C:/Users/Juanjo/Desktop/Juegos/Foundry-daggerheart/Portable-FoundryVTT-v13.348/App/resources/app/dist/database/backend/server-document.mjs:1:3713)\n    at Function._migrateDocuments (file:///C:/Users/Juanjo/Desktop/Juegos/Foundry-daggerheart/Portable-FoundryVTT-v13.348/App/resources/app/dist/database/backend/server-document.mjs:1:2782)","timestamp":"2026-01-01 13:58:33"}
{"level":"error","message":"An error occurred during the migration of Item record [hRIq3JkT9ZwZr5Qf] of database \"daggerheart-extra-content.subclasses\":\nError: Documents from a core version newer than the running version cannot be migrated\n    at Function._migrateRecord (file:///C:/Users/Juanjo/Desktop/Juegos/Foundry-daggerheart/Portable-FoundryVTT-v13.348/App/resources/app/dist/database/backend/server-document.mjs:1:3713)\n    at Function._migrateDocuments (file:///C:/Users/Juanjo/Desktop/Juegos/Foundry-daggerheart/Portable-FoundryVTT-v13.348/App/resources/app/dist/database/backend/server-document.mjs:1:2782)","timestamp":"2026-01-01 13:58:33"}
{"level":"error","message":"An error occurred during the migration of Item record [hZqlmZX7lIGN3auH] of database \"daggerheart-extra-content.subclasses\":\nError: Documents from a core version newer than the running version cannot be migrated\n    at Function._migrateRecord (file:///C:/Users/Juanjo/Desktop/Juegos/Foundry-daggerheart/Portable-FoundryVTT-v13.348/App/resources/app/dist/database/backend/server-document.mjs:1:3713)\n    at Function._migrateDocuments (file:///C:/Users/Juanjo/Desktop/Juegos/Foundry-daggerheart/Portable-FoundryVTT-v13.348/App/resources/app/dist/database/backend/server-document.mjs:1:2782)","timestamp":"2026-01-01 13:58:33"}
{"level":"error","message":"An error occurred during the migration of Item record [lwShv1Is6MN1zDor] of database \"daggerheart-extra-content.subclasses\":\nError: Documents from a core version newer than the running version cannot be migrated\n    at Function._migrateRecord (file:///C:/Users/Juanjo/Desktop/Juegos/Foundry-daggerheart/Portable-FoundryVTT-v13.348/App/resources/app/dist/database/backend/server-document.mjs:1:3713)\n    at Function._migrateDocuments (file:///C:/Users/Juanjo/Desktop/Juegos/Foundry-daggerheart/Portable-FoundryVTT-v13.348/App/resources/app/dist/database/backend/server-document.mjs:1:2782)","timestamp":"2026-01-01 13:58:33"}
{"level":"error","message":"An error occurred during the migration of Item record [oWFZxLUa6apOCBW6] of database \"daggerheart-extra-content.subclasses\":\nError: Documents from a core version newer than the running version cannot be migrated\n    at Function._migrateRecord (file:///C:/Users/Juanjo/Desktop/Juegos/Foundry-daggerheart/Portable-FoundryVTT-v13.348/App/resources/app/dist/database/backend/server-document.mjs:1:3713)\n    at Function._migrateDocuments (file:///C:/Users/Juanjo/Desktop/Juegos/Foundry-daggerheart/Portable-FoundryVTT-v13.348/App/resources/app/dist/database/backend/server-document.mjs:1:2782)","timestamp":"2026-01-01 13:58:33"}
{"level":"error","message":"An error occurred during the migration of Item record [uZZCmokDQbizjw1d] of database \"daggerheart-extra-content.subclasses\":\nError: Documents from a core version newer than the running version cannot be migrated\n    at Function._migrateRecord (file:///C:/Users/Juanjo/Desktop/Juegos/Foundry-daggerheart/Portable-FoundryVTT-v13.348/App/resources/app/dist/database/backend/server-document.mjs:1:3713)\n    at Function._migrateDocuments (file:///C:/Users/Juanjo/Desktop/Juegos/Foundry-daggerheart/Portable-FoundryVTT-v13.348/App/resources/app/dist/database/backend/server-document.mjs:1:2782)","timestamp":"2026-01-01 13:58:33"}
{"level":"error","message":"An error occurred during the migration of Item record [ytYGENKq8AtjYqTb] of database \"daggerheart-extra-content.subclasses\":\nError: Documents from a core version newer than the running version cannot be migrated\n    at Function._migrateRecord (file:///C:/Users/Juanjo/Desktop/Juegos/Foundry-daggerheart/Portable-FoundryVTT-v13.348/App/resources/app/dist/database/backend/server-document.mjs:1:3713)\n    at Function._migrateDocuments (file:///C:/Users/Juanjo/Desktop/Juegos/Foundry-daggerheart/Portable-FoundryVTT-v13.348/App/resources/app/dist/database/backend/server-document.mjs:1:2782)","timestamp":"2026-01-01 13:58:33"}
{"level":"warn","message":"Database daggerheart-extra-content.subclasses was not fully migrated due to errors during migration.","timestamp":"2026-01-01 13:58:33"}
{"level":"info","message":"Launching World | Migrating Package Data - 75%","timestamp":"2026-01-01 13:58:33"}
{"level":"error","message":"An error occurred during the migration of Item record [9X2envWaXGSWx82V] of database \"the-void-unofficial.classes\":\nError: Documents from a core version newer than the running version cannot be migrated\n    at Function._migrateRecord (file:///C:/Users/Juanjo/Desktop/Juegos/Foundry-daggerheart/Portable-FoundryVTT-v13.348/App/resources/app/dist/database/backend/server-document.mjs:1:3713)\n    at Function._migrateDocuments (file:///C:/Users/Juanjo/Desktop/Juegos/Foundry-daggerheart/Portable-FoundryVTT-v13.348/App/resources/app/dist/database/backend/server-document.mjs:1:2782)","timestamp":"2026-01-01 13:58:33"}
{"level":"error","message":"An error occurred during the migration of Item record [R0wYgWyPih4CpTE5] of database \"the-void-unofficial.classes\":\nError: Documents from a core version newer than the running version cannot be migrated\n    at Function._migrateRecord (file:///C:/Users/Juanjo/Desktop/Juegos/Foundry-daggerheart/Portable-FoundryVTT-v13.348/App/resources/app/dist/database/backend/server-document.mjs:1:3713)\n    at Function._migrateDocuments (file:///C:/Users/Juanjo/Desktop/Juegos/Foundry-daggerheart/Portable-FoundryVTT-v13.348/App/resources/app/dist/database/backend/server-document.mjs:1:2782)","timestamp":"2026-01-01 13:58:33"}
{"level":"error","message":"An error occurred during the migration of Item record [TGTBooD83OWXyQj1] of database \"the-void-unofficial.classes\":\nError: Documents from a core version newer than the running version cannot be migrated\n    at Function._migrateRecord (file:///C:/Users/Juanjo/Desktop/Juegos/Foundry-daggerheart/Portable-FoundryVTT-v13.348/App/resources/app/dist/database/backend/server-document.mjs:1:3713)\n    at Function._migrateDocuments (file:///C:/Users/Juanjo/Desktop/Juegos/Foundry-daggerheart/Portable-FoundryVTT-v13.348/App/resources/app/dist/database/backend/server-document.mjs:1:2782)","timestamp":"2026-01-01 13:58:33"}
{"level":"error","message":"An error occurred during the migration of Item record [gugHbXBWP24CFTJZ] of database \"the-void-unofficial.classes\":\nError: Documents from a core version newer than the running version cannot be migrated\n    at Function._migrateRecord (file:///C:/Users/Juanjo/Desktop/Juegos/Foundry-daggerheart/Portable-FoundryVTT-v13.348/App/resources/app/dist/database/backend/server-document.mjs:1:3713)\n    at Function._migrateDocuments (file:///C:/Users/Juanjo/Desktop/Juegos/Foundry-daggerheart/Portable-FoundryVTT-v13.348/App/resources/app/dist/database/backend/server-document.mjs:1:2782)","timestamp":"2026-01-01 13:58:33"}
{"level":"error","message":"An error occurred during the migration of Item record [m3CvI4nlskOu5jZS] of database \"the-void-unofficial.classes\":\nError: Documents from a core version newer than the running version cannot be migrated\n    at Function._migrateRecord (file:///C:/Users/Juanjo/Desktop/Juegos/Foundry-daggerheart/Portable-FoundryVTT-v13.348/App/resources/app/dist/database/backend/server-document.mjs:1:3713)\n    at Function._migrateDocuments (file:///C:/Users/Juanjo/Desktop/Juegos/Foundry-daggerheart/Portable-FoundryVTT-v13.348/App/resources/app/dist/database/backend/server-document.mjs:1:2782)","timestamp":"2026-01-01 13:58:33"}
{"level":"error","message":"An error occurred during the migration of Item record [otb0ThXWuqQzzWho] of database \"the-void-unofficial.classes\":\nError: Documents from a core version newer than the running version cannot be migrated\n    at Function._migrateRecord (file:///C:/Users/Juanjo/Desktop/Juegos/Foundry-daggerheart/Portable-FoundryVTT-v13.348/App/resources/app/dist/database/backend/server-document.mjs:1:3713)\n    at Function._migrateDocuments (file:///C:/Users/Juanjo/Desktop/Juegos/Foundry-daggerheart/Portable-FoundryVTT-v13.348/App/resources/app/dist/database/backend/server-document.mjs:1:2782)","timestamp":"2026-01-01 13:58:33"}
{"level":"error","message":"An error occurred during the migration of Item record [v5M0mxaTDJCyhAsR] of database \"the-void-unofficial.classes\":\nError: Documents from a core version newer than the running version cannot be migrated\n    at Function._migrateRecord (file:///C:/Users/Juanjo/Desktop/Juegos/Foundry-daggerheart/Portable-FoundryVTT-v13.348/App/resources/app/dist/database/backend/server-document.mjs:1:3713)\n    at Function._migrateDocuments (file:///C:/Users/Juanjo/Desktop/Juegos/Foundry-daggerheart/Portable-FoundryVTT-v13.348/App/resources/app/dist/database/backend/server-document.mjs:1:2782)","timestamp":"2026-01-01 13:58:33"}
{"level":"warn","message":"Database the-void-unofficial.classes was not fully migrated due to errors during migration.","timestamp":"2026-01-01 13:58:33"}
{"level":"info","message":"Launching World | Migrating Package Data - 78%","timestamp":"2026-01-01 13:58:33"}
{"level":"error","message":"An error occurred during the migration of Item record [1PPk39iarFpWylOi] of database \"the-void-unofficial.subclasses\":\nError: Documents from a core version newer than the running version cannot be migrated\n    at Function._migrateRecord (file:///C:/Users/Juanjo/Desktop/Juegos/Foundry-daggerheart/Portable-FoundryVTT-v13.348/App/resources/app/dist/database/backend/server-document.mjs:1:3713)\n    at Function._migrateDocuments (file:///C:/Users/Juanjo/Desktop/Juegos/Foundry-daggerheart/Portable-FoundryVTT-v13.348/App/resources/app/dist/database/backend/server-document.mjs:1:2782)","timestamp":"2026-01-01 13:58:33"}
{"level":"error","message":"An error occurred during the migration of Item record [4Jaekd41DdaPdWkw] of database \"the-void-unofficial.subclasses\":\nError: Documents from a core version newer than the running version cannot be migrated\n    at Function._migrateRecord (file:///C:/Users/Juanjo/Desktop/Juegos/Foundry-daggerheart/Portable-FoundryVTT-v13.348/App/resources/app/dist/database/backend/server-document.mjs:1:3713)\n    at Function._migrateDocuments (file:///C:/Users/Juanjo/Desktop/Juegos/Foundry-daggerheart/Portable-FoundryVTT-v13.348/App/resources/app/dist/database/backend/server-document.mjs:1:2782)","timestamp":"2026-01-01 13:58:33"}
{"level":"error","message":"An error occurred during the migration of Item record [8EGGJmnqPBs9CrO9] of database \"the-void-unofficial.subclasses\":\nError: Documents from a core version newer than the running version cannot be migrated\n    at Function._migrateRecord (file:///C:/Users/Juanjo/Desktop/Juegos/Foundry-daggerheart/Portable-FoundryVTT-v13.348/App/resources/app/dist/database/backend/server-document.mjs:1:3713)\n    at Function._migrateDocuments (file:///C:/Users/Juanjo/Desktop/Juegos/Foundry-daggerheart/Portable-FoundryVTT-v13.348/App/resources/app/dist/database/backend/server-document.mjs:1:2782)","timestamp":"2026-01-01 13:58:33"}
{"level":"error","message":"An error occurred during the migration of Item record [GXYbLE8fG6fmGvFE] of database \"the-void-unofficial.subclasses\":\nError: Documents from a core version newer than the running version cannot be migrated\n    at Function._migrateRecord (file:///C:/Users/Juanjo/Desktop/Juegos/Foundry-daggerheart/Portable-FoundryVTT-v13.348/App/resources/app/dist/database/backend/server-document.mjs:1:3713)\n    at Function._migrateDocuments (file:///C:/Users/Juanjo/Desktop/Juegos/Foundry-daggerheart/Portable-FoundryVTT-v13.348/App/resources/app/dist/database/backend/server-document.mjs:1:2782)","timestamp":"2026-01-01 13:58:33"}
{"level":"error","message":"An error occurred during the migration of Item record [H8iGhoEsLwbhmUjb] of database \"the-void-unofficial.subclasses\":\nError: Documents from a core version newer than the running version cannot be migrated\n    at Function._migrateRecord (file:///C:/Users/Juanjo/Desktop/Juegos/Foundry-daggerheart/Portable-FoundryVTT-v13.348/App/resources/app/dist/database/backend/server-document.mjs:1:3713)\n    at Function._migrateDocuments (file:///C:/Users/Juanjo/Desktop/Juegos/Foundry-daggerheart/Portable-FoundryVTT-v13.348/App/resources/app/dist/database/backend/server-document.mjs:1:2782)","timestamp":"2026-01-01 13:58:33"}
{"level":"error","message":"An error occurred during the migration of Item record [JIO4bvmWGH4tTXpQ] of database \"the-void-unofficial.subclasses\":\nError: Documents from a core version newer than the running version cannot be migrated\n    at Function._migrateRecord (file:///C:/Users/Juanjo/Desktop/Juegos/Foundry-daggerheart/Portable-FoundryVTT-v13.348/App/resources/app/dist/database/backend/server-document.mjs:1:3713)\n    at Function._migrateDocuments (file:///C:/Users/Juanjo/Desktop/Juegos/Foundry-daggerheart/Portable-FoundryVTT-v13.348/App/resources/app/dist/database/backend/server-document.mjs:1:2782)","timestamp":"2026-01-01 13:58:33"}
{"level":"error","message":"An error occurred during the migration of Item record [JWlQd6XSBB22ASBs] of database \"the-void-unofficial.subclasses\":\nError: Documents from a core version newer than the running version cannot be migrated\n    at Function._migrateRecord (file:///C:/Users/Juanjo/Desktop/Juegos/Foundry-daggerheart/Portable-FoundryVTT-v13.348/App/resources/app/dist/database/backend/server-document.mjs:1:3713)\n    at Function._migrateDocuments (file:///C:/Users/Juanjo/Desktop/Juegos/Foundry-daggerheart/Portable-FoundryVTT-v13.348/App/resources/app/dist/database/backend/server-document.mjs:1:2782)","timestamp":"2026-01-01 13:58:33"}
{"level":"error","message":"An error occurred during the migration of Item record [JiPSjjjWxSbnoQRe] of database \"the-void-unofficial.subclasses\":\nError: Documents from a core version newer than the running version cannot be migrated\n    at Function._migrateRecord (file:///C:/Users/Juanjo/Desktop/Juegos/Foundry-daggerheart/Portable-FoundryVTT-v13.348/App/resources/app/dist/database/backend/server-document.mjs:1:3713)\n    at Function._migrateDocuments (file:///C:/Users/Juanjo/Desktop/Juegos/Foundry-daggerheart/Portable-FoundryVTT-v13.348/App/resources/app/dist/database/backend/server-document.mjs:1:2782)","timestamp":"2026-01-01 13:58:33"}
{"level":"error","message":"An error occurred during the migration of Item record [XeSsopeDDreSRv5A] of database \"the-void-unofficial.subclasses\":\nError: Documents from a core version newer than the running version cannot be migrated\n    at Function._migrateRecord (file:///C:/Users/Juanjo/Desktop/Juegos/Foundry-daggerheart/Portable-FoundryVTT-v13.348/App/resources/app/dist/database/backend/server-document.mjs:1:3713)\n    at Function._migrateDocuments (file:///C:/Users/Juanjo/Desktop/Juegos/Foundry-daggerheart/Portable-FoundryVTT-v13.348/App/resources/app/dist/database/backend/server-document.mjs:1:2782)","timestamp":"2026-01-01 13:58:33"}
{"level":"error","message":"An error occurred during the migration of Item record [YN38IzjqW5paIy92] of database \"the-void-unofficial.subclasses\":\nError: Documents from a core version newer than the running version cannot be migrated\n    at Function._migrateRecord (file:///C:/Users/Juanjo/Desktop/Juegos/Foundry-daggerheart/Portable-FoundryVTT-v13.348/App/resources/app/dist/database/backend/server-document.mjs:1:3713)\n    at Function._migrateDocuments (file:///C:/Users/Juanjo/Desktop/Juegos/Foundry-daggerheart/Portable-FoundryVTT-v13.348/App/resources/app/dist/database/backend/server-document.mjs:1:2782)","timestamp":"2026-01-01 13:58:33"}
{"level":"error","message":"An error occurred during the migration of Item record [ZYdJamwMgRsiG733] of database \"the-void-unofficial.subclasses\":\nError: Documents from a core version newer than the running version cannot be migrated\n    at Function._migrateRecord (file:///C:/Users/Juanjo/Desktop/Juegos/Foundry-daggerheart/Portable-FoundryVTT-v13.348/App/resources/app/dist/database/backend/server-document.mjs:1:3713)\n    at Function._migrateDocuments (file:///C:/Users/Juanjo/Desktop/Juegos/Foundry-daggerheart/Portable-FoundryVTT-v13.348/App/resources/app/dist/database/backend/server-document.mjs:1:2782)","timestamp":"2026-01-01 13:58:33"}
{"level":"error","message":"An error occurred during the migration of Item record [aFtWBHgUBxsCptI2] of database \"the-void-unofficial.subclasses\":\nError: Documents from a core version newer than the running version cannot be migrated\n    at Function._migrateRecord (file:///C:/Users/Juanjo/Desktop/Juegos/Foundry-daggerheart/Portable-FoundryVTT-v13.348/App/resources/app/dist/database/backend/server-document.mjs:1:3713)\n    at Function._migrateDocuments (file:///C:/Users/Juanjo/Desktop/Juegos/Foundry-daggerheart/Portable-FoundryVTT-v13.348/App/resources/app/dist/database/backend/server-document.mjs:1:2782)","timestamp":"2026-01-01 13:58:33"}
{"level":"error","message":"An error occurred during the migration of Item record [h0PlfOo87vjMIR2n] of database \"the-void-unofficial.subclasses\":\nError: Documents from a core version newer than the running version cannot be migrated\n    at Function._migrateRecord (file:///C:/Users/Juanjo/Desktop/Juegos/Foundry-daggerheart/Portable-FoundryVTT-v13.348/App/resources/app/dist/database/backend/server-document.mjs:1:3713)\n    at Function._migrateDocuments (file:///C:/Users/Juanjo/Desktop/Juegos/Foundry-daggerheart/Portable-FoundryVTT-v13.348/App/resources/app/dist/database/backend/server-document.mjs:1:2782)","timestamp":"2026-01-01 13:58:33"}
{"level":"error","message":"An error occurred during the migration of Item record [h3bzYGrnwkKQBJ6d] of database \"the-void-unofficial.subclasses\":\nError: Documents from a core version newer than the running version cannot be migrated\n    at Function._migrateRecord (file:///C:/Users/Juanjo/Desktop/Juegos/Foundry-daggerheart/Portable-FoundryVTT-v13.348/App/resources/app/dist/database/backend/server-document.mjs:1:3713)\n    at Function._migrateDocuments (file:///C:/Users/Juanjo/Desktop/Juegos/Foundry-daggerheart/Portable-FoundryVTT-v13.348/App/resources/app/dist/database/backend/server-document.mjs:1:2782)","timestamp":"2026-01-01 13:58:33"}
{"level":"error","message":"An error occurred during the migration of Item record [mRNqGokQNZEK8GSP] of database \"the-void-unofficial.subclasses\":\nError: Documents from a core version newer than the running version cannot be migrated\n    at Function._migrateRecord (file:///C:/Users/Juanjo/Desktop/Juegos/Foundry-daggerheart/Portable-FoundryVTT-v13.348/App/resources/app/dist/database/backend/server-document.mjs:1:3713)\n    at Function._migrateDocuments (file:///C:/Users/Juanjo/Desktop/Juegos/Foundry-daggerheart/Portable-FoundryVTT-v13.348/App/resources/app/dist/database/backend/server-document.mjs:1:2782)","timestamp":"2026-01-01 13:58:33"}
{"level":"error","message":"An error occurred during the migration of Item record [sajwdoQ5JVzqeqsj] of database \"the-void-unofficial.subclasses\":\nError: Documents from a core version newer than the running version cannot be migrated\n    at Function._migrateRecord (file:///C:/Users/Juanjo/Desktop/Juegos/Foundry-daggerheart/Portable-FoundryVTT-v13.348/App/resources/app/dist/database/backend/server-document.mjs:1:3713)\n    at Function._migrateDocuments (file:///C:/Users/Juanjo/Desktop/Juegos/Foundry-daggerheart/Portable-FoundryVTT-v13.348/App/resources/app/dist/database/backend/server-document.mjs:1:2782)","timestamp":"2026-01-01 13:58:33"}
{"level":"error","message":"An error occurred during the migration of Item record [ulURXMXGHT33vnD9] of database \"the-void-unofficial.subclasses\":\nError: Documents from a core version newer than the running version cannot be migrated\n    at Function._migrateRecord (file:///C:/Users/Juanjo/Desktop/Juegos/Foundry-daggerheart/Portable-FoundryVTT-v13.348/App/resources/app/dist/database/backend/server-document.mjs:1:3713)\n    at Function._migrateDocuments (file:///C:/Users/Juanjo/Desktop/Juegos/Foundry-daggerheart/Portable-FoundryVTT-v13.348/App/resources/app/dist/database/backend/server-document.mjs:1:2782)","timestamp":"2026-01-01 13:58:33"}
{"level":"error","message":"An error occurred during the migration of Item record [zkpNSVJfpnR0InYL] of database \"the-void-unofficial.subclasses\":\nError: Documents from a core version newer than the running version cannot be migrated\n    at Function._migrateRecord (file:///C:/Users/Juanjo/Desktop/Juegos/Foundry-daggerheart/Portable-FoundryVTT-v13.348/App/resources/app/dist/database/backend/server-document.mjs:1:3713)\n    at Function._migrateDocuments (file:///C:/Users/Juanjo/Desktop/Juegos/Foundry-daggerheart/Portable-FoundryVTT-v13.348/App/resources/app/dist/database/backend/server-document.mjs:1:2782)","timestamp":"2026-01-01 13:58:33"}
{"level":"warn","message":"Database the-void-unofficial.subclasses was not fully migrated due to errors during migration.","timestamp":"2026-01-01 13:58:33"}
{"level":"info","message":"Launching World | Migrating Package Data - 81%","timestamp":"2026-01-01 13:58:33"}
{"level":"info","message":"Launching World | Migrating Package Data - 83%","timestamp":"2026-01-01 13:58:33"}
{"level":"info","message":"Launching World | Migrating Package Data - 86%","timestamp":"2026-01-01 13:58:33"}
{"level":"error","message":"An error occurred during the migration of Item record [0NoQWqYOiPdXdUhQ] of database \"the-void-unofficial.domains\":\nError: Documents from a core version newer than the running version cannot be migrated\n    at Function._migrateRecord (file:///C:/Users/Juanjo/Desktop/Juegos/Foundry-daggerheart/Portable-FoundryVTT-v13.348/App/resources/app/dist/database/backend/server-document.mjs:1:3713)\n    at Function._migrateDocuments (file:///C:/Users/Juanjo/Desktop/Juegos/Foundry-daggerheart/Portable-FoundryVTT-v13.348/App/resources/app/dist/database/backend/server-document.mjs:1:2782)","timestamp":"2026-01-01 13:58:33"}
{"level":"error","message":"An error occurred during the migration of Item record [176CHYdrz550TiEa] of database \"the-void-unofficial.domains\":\nError: Documents from a core version newer than the running version cannot be migrated\n    at Function._migrateRecord (file:///C:/Users/Juanjo/Desktop/Juegos/Foundry-daggerheart/Portable-FoundryVTT-v13.348/App/resources/app/dist/database/backend/server-document.mjs:1:3713)\n    at Function._migrateDocuments (file:///C:/Users/Juanjo/Desktop/Juegos/Foundry-daggerheart/Portable-FoundryVTT-v13.348/App/resources/app/dist/database/backend/server-document.mjs:1:2782)","timestamp":"2026-01-01 13:58:33"}
{"level":"error","message":"An error occurred during the migration of Item record [65NWcF4RSZgyJXFt] of database \"the-void-unofficial.domains\":\nError: Documents from a core version newer than the running version cannot be migrated\n    at Function._migrateRecord (file:///C:/Users/Juanjo/Desktop/Juegos/Foundry-daggerheart/Portable-FoundryVTT-v13.348/App/resources/app/dist/database/backend/server-document.mjs:1:3713)\n    at Function._migrateDocuments (file:///C:/Users/Juanjo/Desktop/Juegos/Foundry-daggerheart/Portable-FoundryVTT-v13.348/App/resources/app/dist/database/backend/server-document.mjs:1:2782)","timestamp":"2026-01-01 13:58:33"}
{"level":"error","message":"An error occurred during the migration of Item record [88xwPHpicN5uBo0f] of database \"the-void-unofficial.domains\":\nError: Documents from a core version newer than the running version cannot be migrated\n    at Function._migrateRecord (file:///C:/Users/Juanjo/Desktop/Juegos/Foundry-daggerheart/Portable-FoundryVTT-v13.348/App/resources/app/dist/database/backend/server-document.mjs:1:3713)\n    at Function._migrateDocuments (file:///C:/Users/Juanjo/Desktop/Juegos/Foundry-daggerheart/Portable-FoundryVTT-v13.348/App/resources/app/dist/database/backend/server-document.mjs:1:2782)","timestamp":"2026-01-01 13:58:33"}
{"level":"error","message":"An error occurred during the migration of Item record [9wxJJpH25cxmtx5W] of database \"the-void-unofficial.domains\":\nError: Documents from a core version newer than the running version cannot be migrated\n    at Function._migrateRecord (file:///C:/Users/Juanjo/Desktop/Juegos/Foundry-daggerheart/Portable-FoundryVTT-v13.348/App/resources/app/dist/database/backend/server-document.mjs:1:3713)\n    at Function._migrateDocuments (file:///C:/Users/Juanjo/Desktop/Juegos/Foundry-daggerheart/Portable-FoundryVTT-v13.348/App/resources/app/dist/database/backend/server-document.mjs:1:2782)","timestamp":"2026-01-01 13:58:33"}
{"level":"error","message":"An error occurred during the migration of Item record [BFkzJkWY4HejN4WR] of database \"the-void-unofficial.domains\":\nError: Documents from a core version newer than the running version cannot be migrated\n    at Function._migrateRecord (file:///C:/Users/Juanjo/Desktop/Juegos/Foundry-daggerheart/Portable-FoundryVTT-v13.348/App/resources/app/dist/database/backend/server-document.mjs:1:3713)\n    at Function._migrateDocuments (file:///C:/Users/Juanjo/Desktop/Juegos/Foundry-daggerheart/Portable-FoundryVTT-v13.348/App/resources/app/dist/database/backend/server-document.mjs:1:2782)","timestamp":"2026-01-01 13:58:33"}
{"level":"error","message":"An error occurred during the migration of Item record [BQF5xVKRVQdhGAf8] of database \"the-void-unofficial.domains\":\nError: Documents from a core version newer than the running version cannot be migrated\n    at Function._migrateRecord (file:///C:/Users/Juanjo/Desktop/Juegos/Foundry-daggerheart/Portable-FoundryVTT-v13.348/App/resources/app/dist/database/backend/server-document.mjs:1:3713)\n    at Function._migrateDocuments (file:///C:/Users/Juanjo/Desktop/Juegos/Foundry-daggerheart/Portable-FoundryVTT-v13.348/App/resources/app/dist/database/backend/server-document.mjs:1:2782)","timestamp":"2026-01-01 13:58:33"}
{"level":"error","message":"An error occurred during the migration of Item record [BctVkNUWYL5Eww2k] of database \"the-void-unofficial.domains\":\nError: Documents from a core version newer than the running version cannot be migrated\n    at Function._migrateRecord (file:///C:/Users/Juanjo/Desktop/Juegos/Foundry-daggerheart/Portable-FoundryVTT-v13.348/App/resources/app/dist/database/backend/server-document.mjs:1:3713)\n    at Function._migrateDocuments (file:///C:/Users/Juanjo/Desktop/Juegos/Foundry-daggerheart/Portable-FoundryVTT-v13.348/App/resources/app/dist/database/backend/server-document.mjs:1:2782)","timestamp":"2026-01-01 13:58:33"}
{"level":"error","message":"An error occurred during the migration of Item record [CQbmQH1Xqr1BjLWW] of database \"the-void-unofficial.domains\":\nError: Documents from a core version newer than the running version cannot be migrated\n    at Function._migrateRecord (file:///C:/Users/Juanjo/Desktop/Juegos/Foundry-daggerheart/Portable-FoundryVTT-v13.348/App/resources/app/dist/database/backend/server-document.mjs:1:3713)\n    at Function._migrateDocuments (file:///C:/Users/Juanjo/Desktop/Juegos/Foundry-daggerheart/Portable-FoundryVTT-v13.348/App/resources/app/dist/database/backend/server-document.mjs:1:2782)","timestamp":"2026-01-01 13:58:33"}
{"level":"error","message":"An error occurred during the migration of Item record [Du7UHRd0CweyuXil] of database \"the-void-unofficial.domains\":\nError: Documents from a core version newer than the running version cannot be migrated\n    at Function._migrateRecord (file:///C:/Users/Juanjo/Desktop/Juegos/Foundry-daggerheart/Portable-FoundryVTT-v13.348/App/resources/app/dist/database/backend/server-document.mjs:1:3713)\n    at Function._migrateDocuments (file:///C:/Users/Juanjo/Desktop/Juegos/Foundry-daggerheart/Portable-FoundryVTT-v13.348/App/resources/app/dist/database/backend/server-document.mjs:1:2782)","timestamp":"2026-01-01 13:58:33"}
{"level":"error","message":"An error occurred during the migration of Item record [LOPtjnPVjWQEzrZx] of database \"the-void-unofficial.domains\":\nError: Documents from a core version newer than the running version cannot be migrated\n    at Function._migrateRecord (file:///C:/Users/Juanjo/Desktop/Juegos/Foundry-daggerheart/Portable-FoundryVTT-v13.348/App/resources/app/dist/database/backend/server-document.mjs:1:3713)\n    at Function._migrateDocuments (file:///C:/Users/Juanjo/Desktop/Juegos/Foundry-daggerheart/Portable-FoundryVTT-v13.348/App/resources/app/dist/database/backend/server-document.mjs:1:2782)","timestamp":"2026-01-01 13:58:33"}
{"level":"error","message":"An error occurred during the migration of Item record [Q3RpYwdlDyCQPJHr] of database \"the-void-unofficial.domains\":\nError: Documents from a core version newer than the running version cannot be migrated\n    at Function._migrateRecord (file:///C:/Users/Juanjo/Desktop/Juegos/Foundry-daggerheart/Portable-FoundryVTT-v13.348/App/resources/app/dist/database/backend/server-document.mjs:1:3713)\n    at Function._migrateDocuments (file:///C:/Users/Juanjo/Desktop/Juegos/Foundry-daggerheart/Portable-FoundryVTT-v13.348/App/resources/app/dist/database/backend/server-document.mjs:1:2782)","timestamp":"2026-01-01 13:58:33"}
{"level":"error","message":"An error occurred during the migration of Item record [WAUpMdW2TD8KVusi] of database \"the-void-unofficial.domains\":\nError: Documents from a core version newer than the running version cannot be migrated\n    at Function._migrateRecord (file:///C:/Users/Juanjo/Desktop/Juegos/Foundry-daggerheart/Portable-FoundryVTT-v13.348/App/resources/app/dist/database/backend/server-document.mjs:1:3713)\n    at Function._migrateDocuments (file:///C:/Users/Juanjo/Desktop/Juegos/Foundry-daggerheart/Portable-FoundryVTT-v13.348/App/resources/app/dist/database/backend/server-document.mjs:1:2782)","timestamp":"2026-01-01 13:58:33"}
{"level":"error","message":"An error occurred during the migration of Item record [XGDsPevKx3P1mdpH] of database \"the-void-unofficial.domains\":\nError: Documents from a core version newer than the running version cannot be migrated\n    at Function._migrateRecord (file:///C:/Users/Juanjo/Desktop/Juegos/Foundry-daggerheart/Portable-FoundryVTT-v13.348/App/resources/app/dist/database/backend/server-document.mjs:1:3713)\n    at Function._migrateDocuments (file:///C:/Users/Juanjo/Desktop/Juegos/Foundry-daggerheart/Portable-FoundryVTT-v13.348/App/resources/app/dist/database/backend/server-document.mjs:1:2782)","timestamp":"2026-01-01 13:58:33"}
{"level":"error","message":"An error occurred during the migration of Item record [cOFRHlxyTtRlbumc] of database \"the-void-unofficial.domains\":\nError: Documents from a core version newer than the running version cannot be migrated\n    at Function._migrateRecord (file:///C:/Users/Juanjo/Desktop/Juegos/Foundry-daggerheart/Portable-FoundryVTT-v13.348/App/resources/app/dist/database/backend/server-document.mjs:1:3713)\n    at Function._migrateDocuments (file:///C:/Users/Juanjo/Desktop/Juegos/Foundry-daggerheart/Portable-FoundryVTT-v13.348/App/resources/app/dist/database/backend/server-document.mjs:1:2782)","timestamp":"2026-01-01 13:58:33"}
{"level":"error","message":"An error occurred during the migration of Item record [dVUQ7Rp9luM7Zekw] of database \"the-void-unofficial.domains\":\nError: Documents from a core version newer than the running version cannot be migrated\n    at Function._migrateRecord (file:///C:/Users/Juanjo/Desktop/Juegos/Foundry-daggerheart/Portable-FoundryVTT-v13.348/App/resources/app/dist/database/backend/server-document.mjs:1:3713)\n    at Function._migrateDocuments (file:///C:/Users/Juanjo/Desktop/Juegos/Foundry-daggerheart/Portable-FoundryVTT-v13.348/App/resources/app/dist/database/backend/server-document.mjs:1:2782)","timestamp":"2026-01-01 13:58:33"}
{"level":"error","message":"An error occurred during the migration of Item record [gSsxO2xiMxANuBIz] of database \"the-void-unofficial.domains\":\nError: Documents from a core version newer than the running version cannot be migrated\n    at Function._migrateRecord (file:///C:/Users/Juanjo/Desktop/Juegos/Foundry-daggerheart/Portable-FoundryVTT-v13.348/App/resources/app/dist/database/backend/server-document.mjs:1:3713)\n    at Function._migrateDocuments (file:///C:/Users/Juanjo/Desktop/Juegos/Foundry-daggerheart/Portable-FoundryVTT-v13.348/App/resources/app/dist/database/backend/server-document.mjs:1:2782)","timestamp":"2026-01-01 13:58:33"}
{"level":"error","message":"An error occurred during the migration of Item record [gaDhu9iAdChYFcm2] of database \"the-void-unofficial.domains\":\nError: Documents from a core version newer than the running version cannot be migrated\n    at Function._migrateRecord (file:///C:/Users/Juanjo/Desktop/Juegos/Foundry-daggerheart/Portable-FoundryVTT-v13.348/App/resources/app/dist/database/backend/server-document.mjs:1:3713)\n    at Function._migrateDocuments (file:///C:/Users/Juanjo/Desktop/Juegos/Foundry-daggerheart/Portable-FoundryVTT-v13.348/App/resources/app/dist/database/backend/server-document.mjs:1:2782)","timestamp":"2026-01-01 13:58:33"}
{"level":"error","message":"An error occurred during the migration of Item record [hmDOLwJEZlbuOKNT] of database \"the-void-unofficial.domains\":\nError: Documents from a core version newer than the running version cannot be migrated\n    at Function._migrateRecord (file:///C:/Users/Juanjo/Desktop/Juegos/Foundry-daggerheart/Portable-FoundryVTT-v13.348/App/resources/app/dist/database/backend/server-document.mjs:1:3713)\n    at Function._migrateDocuments (file:///C:/Users/Juanjo/Desktop/Juegos/Foundry-daggerheart/Portable-FoundryVTT-v13.348/App/resources/app/dist/database/backend/server-document.mjs:1:2782)","timestamp":"2026-01-01 13:58:33"}
{"level":"error","message":"An error occurred during the migration of Item record [lo8WVAuTWsAh6QBf] of database \"the-void-unofficial.domains\":\nError: Documents from a core version newer than the running version cannot be migrated\n    at Function._migrateRecord (file:///C:/Users/Juanjo/Desktop/Juegos/Foundry-daggerheart/Portable-FoundryVTT-v13.348/App/resources/app/dist/database/backend/server-document.mjs:1:3713)\n    at Function._migrateDocuments (file:///C:/Users/Juanjo/Desktop/Juegos/Foundry-daggerheart/Portable-FoundryVTT-v13.348/App/resources/app/dist/database/backend/server-document.mjs:1:2782)","timestamp":"2026-01-01 13:58:33"}
{"level":"error","message":"An error occurred during the migration of Item record [yGbgSMuL43quImEV] of database \"the-void-unofficial.domains\":\nError: Documents from a core version newer than the running version cannot be migrated\n    at Function._migrateRecord (file:///C:/Users/Juanjo/Desktop/Juegos/Foundry-daggerheart/Portable-FoundryVTT-v13.348/App/resources/app/dist/database/backend/server-document.mjs:1:3713)\n    at Function._migrateDocuments (file:///C:/Users/Juanjo/Desktop/Juegos/Foundry-daggerheart/Portable-FoundryVTT-v13.348/App/resources/app/dist/database/backend/server-document.mjs:1:2782)","timestamp":"2026-01-01 13:58:33"}
{"level":"warn","message":"Database the-void-unofficial.domains was not fully migrated due to errors during migration.","timestamp":"2026-01-01 13:58:33"}
{"level":"info","message":"Launching World | Migrating Package Data - 89%","timestamp":"2026-01-01 13:58:33"}
{"level":"info","message":"Launching World | Migrating Package Data - 92%","timestamp":"2026-01-01 13:58:33"}
{"level":"error","message":"An error occurred during the migration of Item record [cg2pnUEwJ7q4k28d] of database \"the-void-unofficial.weapons\":\nError: Documents from a core version newer than the running version cannot be migrated\n    at Function._migrateRecord (file:///C:/Users/Juanjo/Desktop/Juegos/Foundry-daggerheart/Portable-FoundryVTT-v13.348/App/resources/app/dist/database/backend/server-document.mjs:1:3713)\n    at Function._migrateDocuments (file:///C:/Users/Juanjo/Desktop/Juegos/Foundry-daggerheart/Portable-FoundryVTT-v13.348/App/resources/app/dist/database/backend/server-document.mjs:1:2782)","timestamp":"2026-01-01 13:58:33"}
{"level":"error","message":"An error occurred during the migration of Item record [lHFiIpH2lrBBaT4o] of database \"the-void-unofficial.weapons\":\nError: Documents from a core version newer than the running version cannot be migrated\n    at Function._migrateRecord (file:///C:/Users/Juanjo/Desktop/Juegos/Foundry-daggerheart/Portable-FoundryVTT-v13.348/App/resources/app/dist/database/backend/server-document.mjs:1:3713)\n    at Function._migrateDocuments (file:///C:/Users/Juanjo/Desktop/Juegos/Foundry-daggerheart/Portable-FoundryVTT-v13.348/App/resources/app/dist/database/backend/server-document.mjs:1:2782)","timestamp":"2026-01-01 13:58:33"}
{"level":"warn","message":"Database the-void-unofficial.weapons was not fully migrated due to errors during migration.","timestamp":"2026-01-01 13:58:33"}
{"level":"info","message":"Launching World | Migrating Package Data - 94%","timestamp":"2026-01-01 13:58:33"}
{"level":"info","message":"Launching World | Migrating Package Data - 97%","timestamp":"2026-01-01 13:58:33"}
{"level":"info","message":"Launching World | Migrating Package Data - 100%","timestamp":"2026-01-01 13:58:33"}
{"level":"info","message":"Launching World | Complete","timestamp":"2026-01-01 13:58:33"}
{"level":"info","message":"Server started and listening on port 30000","timestamp":"2026-01-01 13:58:33"}
{"level":"info","message":"Created client session 78c76f6553ea8ae271de8012","timestamp":"2026-01-01 13:58:35"}
{"ip":"::1","level":"info","message":"User authentication successful for user Gamemaster","session":"78c76f6553ea8ae271de8012","timestamp":"2026-01-01 13:59:01"}
{"level":"info","message":"Core software stable update 13.351 is available!","timestamp":"2026-01-01 13:59:02"}
{"level":"info","message":"Daggerheart update 1.4.4 is now available!","timestamp":"2026-01-01 13:59:02"}
{"level":"info","message":"Vended World data to User [sjVrMusZqwSBFvXT] in 840ms","timestamp":"2026-01-01 13:59:02"}
{"level":"info","message":"Toggling game pause status to false","timestamp":"2026-01-01 13:59:04"}
{"level":"info","message":"Created ChatMessage with id [Hx0NnxKUnhsTEHws]","timestamp":"2026-01-01 13:59:04"}
{"level":"info","message":"Deleted ChatMessage with id [Hx0NnxKUnhsTEHws]","timestamp":"2026-01-01 13:59:06"}
{"level":"info","message":"Created Scene with id [ycKLNftjIQHKTupU]","timestamp":"2026-01-01 14:13:51"}
{"level":"info","message":"Extracted base64 asset: \"..\\..\\Data\\Data\\worlds\\fe-west-marches\\assets\\scenes\\ycKLNftjIQHKTupU-thumb.webp\"","timestamp":"2026-01-01 14:14:14"}
{"level":"info","message":"Extracted base64 asset: \"..\\..\\Data\\Data\\worlds\\fe-west-marches\\assets\\scenes\\ycKLNftjIQHKTupU-thumb.webp\"","timestamp":"2026-01-01 14:26:20"}
{"level":"info","message":"Deleted extracted base64 asset: ..\\..\\Data\\Data\\worlds\\fe-west-marches\\assets\\scenes\\ycKLNftjIQHKTupU-thumb.webp","timestamp":"2026-01-01 14:26:25"}
{"level":"info","message":"Deleted Scene with id [ycKLNftjIQHKTupU]","timestamp":"2026-01-01 14:26:25"}
{"level":"info","message":"Created Scene with id [mMW3iozzr4PI2aEX]","timestamp":"2026-01-01 14:26:38"}
{"level":"info","message":"Extracted base64 asset: \"..\\..\\Data\\Data\\worlds\\fe-west-marches\\assets\\scenes\\mMW3iozzr4PI2aEX-thumb.webp\"","timestamp":"2026-01-01 14:27:03"}
{"level":"info","message":"Created Token with id [zwIRDKe6FEGxyx0C] in parent Scene [mMW3iozzr4PI2aEX]","timestamp":"2026-01-01 14:27:11"}
{"level":"info","message":"Deleted Token with id [zwIRDKe6FEGxyx0C] in parent Scene [mMW3iozzr4PI2aEX]","timestamp":"2026-01-01 14:27:16"}
{"level":"info","message":"Created Token with id [cWIpVdrXNHwmh9EE] in parent Scene [mMW3iozzr4PI2aEX]","timestamp":"2026-01-01 14:27:19"}
{"level":"info","message":"Created Token with id [RCeJLMbj6s8eu1Sf] in parent Scene [mMW3iozzr4PI2aEX]","timestamp":"2026-01-01 14:27:23"}
{"level":"info","message":"Created Token with id [X5WFCCMm27CY0HY0] in parent Scene [mMW3iozzr4PI2aEX]","timestamp":"2026-01-01 14:29:12"}
{"level":"info","message":"Created Token with id [bngj8EkvgEMrzhUy] in parent Scene [mMW3iozzr4PI2aEX]","timestamp":"2026-01-01 14:29:13"}
{"level":"info","message":"Created Token with id [mA3YEMiJJMLf6mMU] in parent Scene [mMW3iozzr4PI2aEX]","timestamp":"2026-01-01 14:29:14"}
{"level":"info","message":"Created Token with id [Y63PXrs0OnGZBW7e] in parent Scene [mMW3iozzr4PI2aEX]","timestamp":"2026-01-01 14:29:15"}
{"level":"info","message":"Created Token with id [XGA7S96kTuzZQztw] in parent Scene [mMW3iozzr4PI2aEX]","timestamp":"2026-01-01 14:29:16"}
{"level":"info","message":"Created Token with id [hsoAWJ0E5zREXL5N] in parent Scene [mMW3iozzr4PI2aEX]","timestamp":"2026-01-01 14:29:18"}
{"level":"info","message":"Created Token with id [QyKClqoMMvWiyMNI] in parent Scene [mMW3iozzr4PI2aEX]","timestamp":"2026-01-01 14:29:19"}
{"level":"info","message":"Created Token with id [czBhZJ6nR189twgZ] in parent Scene [mMW3iozzr4PI2aEX]","timestamp":"2026-01-01 14:29:21"}
{"level":"info","message":"Created Token with id [1kerGuZikTOPSvhH] in parent Scene [mMW3iozzr4PI2aEX]","timestamp":"2026-01-01 14:29:22"}
{"level":"info","message":"Created Token with id [ghPMS5aIFnOeNH7P] in parent Scene [mMW3iozzr4PI2aEX]","timestamp":"2026-01-01 14:29:24"}
{"level":"info","message":"Created Token with id [2b4emTeekQDKrWDh] in parent Scene [mMW3iozzr4PI2aEX]","timestamp":"2026-01-01 14:29:25"}
{"level":"info","message":"Created FogExploration with id [0SszqOlk1KIMqO7F]","timestamp":"2026-01-01 14:30:21"}
{"level":"info","message":"Created Scene with id [WqSJf5gf8Pvs1Fod]","timestamp":"2026-01-01 14:31:09"}
{"level":"info","message":"Extracted base64 asset: \"..\\..\\Data\\Data\\worlds\\fe-west-marches\\assets\\scenes\\WqSJf5gf8Pvs1Fod-thumb.webp\"","timestamp":"2026-01-01 14:31:27"}
{"level":"info","message":"Created Token with id [xurmrOaRg5VhwW7r] in parent Scene [WqSJf5gf8Pvs1Fod]","timestamp":"2026-01-01 14:31:37"}
{"level":"info","message":"Created Token with id [Osc7Vk743AV3otgL] in parent Scene [WqSJf5gf8Pvs1Fod]","timestamp":"2026-01-01 14:31:41"}
{"level":"info","message":"Created Token with id [uSPUmKzBqpTmiafJ] in parent Scene [WqSJf5gf8Pvs1Fod]","timestamp":"2026-01-01 14:31:42"}
{"level":"info","message":"Created Token with id [6hG7yrRfxpHxO28y] in parent Scene [WqSJf5gf8Pvs1Fod]","timestamp":"2026-01-01 14:31:44"}
{"level":"info","message":"Deleted extracted base64 asset: ..\\..\\Data\\Data\\worlds\\fe-west-marches\\assets\\scenes\\WqSJf5gf8Pvs1Fod-thumb.webp","timestamp":"2026-01-01 14:31:51"}
{"level":"info","message":"Deleted Scene with id [WqSJf5gf8Pvs1Fod]","timestamp":"2026-01-01 14:31:51"}
{"level":"info","message":"Created Scene with id [Yqxyw4nFncHCHwoT]","timestamp":"2026-01-01 14:32:00"}
{"level":"info","message":"Extracted base64 asset: \"..\\..\\Data\\Data\\worlds\\fe-west-marches\\assets\\scenes\\Yqxyw4nFncHCHwoT-thumb.webp\"","timestamp":"2026-01-01 14:32:12"}
{"level":"info","message":"Created Token with id [GhpnKh9g0wVtD7Y1] in parent Scene [Yqxyw4nFncHCHwoT]","timestamp":"2026-01-01 14:32:15"}
{"level":"info","message":"Created client session 5b71f2d33b3dc6897cee281e","timestamp":"2026-01-01 14:33:13"}
{"ip":"::ffff:192.168.18.77","level":"info","message":"User authentication successful for user Juanjo","session":"5b71f2d33b3dc6897cee281e","timestamp":"2026-01-01 14:33:19"}
{"level":"info","message":"Daggerheart update 1.4.4 is now available!","timestamp":"2026-01-01 14:33:20"}
{"level":"info","message":"Vended World data to User [tbPfLYIkcfydMgjn] in 763ms","timestamp":"2026-01-01 14:33:20"}
{"level":"info","message":"Created Token with id [ndFLUmr9XtPtDrTc] in parent Scene [Yqxyw4nFncHCHwoT]","timestamp":"2026-01-01 14:33:41"}
{"level":"info","message":"Created Token with id [WG9aKum0luxKXo4E] in parent Scene [Yqxyw4nFncHCHwoT]","timestamp":"2026-01-01 14:33:43"}
{"level":"info","message":"Created ChatMessage with id [biIDvTTzk3xqIYsh]","timestamp":"2026-01-01 14:33:57"}
{"level":"info","message":"Created Token with id [oqm5a4ETxM59FcHP] in parent Scene [Yqxyw4nFncHCHwoT]","timestamp":"2026-01-01 14:37:00"}
{"level":"info","message":"Created Token with id [fkLvsCG8zL6KkaIa] in parent Scene [Yqxyw4nFncHCHwoT]","timestamp":"2026-01-01 14:37:11"}
{"level":"info","message":"Connected to database \"actors\"","timestamp":"2026-01-01 14:44:55"}
{"level":"info","message":"Launching World | Loading World Data - 7%","timestamp":"2026-01-01 14:44:55"}
{"level":"info","message":"Connected to database \"cards\"","timestamp":"2026-01-01 14:44:55"}
{"level":"info","message":"Launching World | Loading World Data - 14%","timestamp":"2026-01-01 14:44:55"}
{"level":"info","message":"Connected to database \"messages\"","timestamp":"2026-01-01 14:44:55"}
{"level":"info","message":"Launching World | Loading World Data - 21%","timestamp":"2026-01-01 14:44:55"}
{"level":"info","message":"Connected to database \"combats\"","timestamp":"2026-01-01 14:44:55"}
{"level":"info","message":"Launching World | Loading World Data - 29%","timestamp":"2026-01-01 14:44:56"}
{"level":"info","message":"Connected to database \"fog\"","timestamp":"2026-01-01 14:44:56"}
{"level":"info","message":"Launching World | Loading World Data - 36%","timestamp":"2026-01-01 14:44:56"}
{"level":"info","message":"Connected to database \"folders\"","timestamp":"2026-01-01 14:44:56"}
{"level":"info","message":"Launching World | Loading World Data - 43%","timestamp":"2026-01-01 14:44:56"}
{"level":"info","message":"Connected to database \"items\"","timestamp":"2026-01-01 14:44:56"}
{"level":"info","message":"Launching World | Loading World Data - 50%","timestamp":"2026-01-01 14:44:56"}
{"level":"info","message":"Connected to database \"journal\"","timestamp":"2026-01-01 14:44:56"}
{"level":"info","message":"Launching World | Loading World Data - 57%","timestamp":"2026-01-01 14:44:56"}
{"level":"info","message":"Connected to database \"macros\"","timestamp":"2026-01-01 14:44:56"}
{"level":"info","message":"Launching World | Loading World Data - 64%","timestamp":"2026-01-01 14:44:56"}
{"level":"info","message":"Connected to database \"playlists\"","timestamp":"2026-01-01 14:44:56"}
{"level":"info","message":"Launching World | Loading World Data - 71%","timestamp":"2026-01-01 14:44:56"}
{"level":"info","message":"Connected to database \"tables\"","timestamp":"2026-01-01 14:44:56"}
{"level":"info","message":"Launching World | Loading World Data - 79%","timestamp":"2026-01-01 14:44:56"}
{"level":"info","message":"Connected to database \"scenes\"","timestamp":"2026-01-01 14:44:56"}
{"level":"info","message":"Launching World | Loading World Data - 86%","timestamp":"2026-01-01 14:44:56"}
{"level":"info","message":"Connected to database \"settings\"","timestamp":"2026-01-01 14:44:56"}
{"level":"info","message":"Launching World | Loading World Data - 93%","timestamp":"2026-01-01 14:44:56"}
{"level":"info","message":"Connected to database \"users\"","timestamp":"2026-01-01 14:44:56"}
{"level":"info","message":"Launching World | Loading World Data - 100%","timestamp":"2026-01-01 14:44:56"}
{"level":"info","message":"Launching World | Migrating World Data - 7%","timestamp":"2026-01-01 14:44:56"}
{"level":"info","message":"Launching World | Migrating World Data - 14%","timestamp":"2026-01-01 14:44:56"}
{"level":"info","message":"Launching World | Migrating World Data - 21%","timestamp":"2026-01-01 14:44:56"}
{"level":"info","message":"Launching World | Migrating World Data - 29%","timestamp":"2026-01-01 14:44:56"}
{"level":"info","message":"Launching World | Migrating World Data - 36%","timestamp":"2026-01-01 14:44:56"}
{"level":"info","message":"Launching World | Migrating World Data - 43%","timestamp":"2026-01-01 14:44:56"}
{"level":"info","message":"Launching World | Migrating World Data - 50%","timestamp":"2026-01-01 14:44:56"}
{"level":"info","message":"Launching World | Migrating World Data - 57%","timestamp":"2026-01-01 14:44:56"}
{"level":"info","message":"Launching World | Migrating World Data - 64%","timestamp":"2026-01-01 14:44:56"}
{"level":"info","message":"Launching World | Migrating World Data - 71%","timestamp":"2026-01-01 14:44:56"}
{"level":"info","message":"Launching World | Migrating World Data - 79%","timestamp":"2026-01-01 14:44:56"}
{"level":"info","message":"Launching World | Migrating World Data - 86%","timestamp":"2026-01-01 14:44:56"}
{"level":"info","message":"Launching World | Migrating World Data - 93%","timestamp":"2026-01-01 14:44:56"}
{"level":"info","message":"Launching World | Migrating World Data - 100%","timestamp":"2026-01-01 14:44:56"}
{"level":"info","message":"Connected to database \"daggerheart.classes\"","timestamp":"2026-01-01 14:44:56"}
{"level":"info","message":"Launching World | Loading Package Data - 3%","timestamp":"2026-01-01 14:44:56"}
{"level":"info","message":"Connected to database \"daggerheart.subclasses\"","timestamp":"2026-01-01 14:44:56"}
{"level":"info","message":"Launching World | Loading Package Data - 6%","timestamp":"2026-01-01 14:44:56"}
{"level":"info","message":"Connected to database \"daggerheart.domains\"","timestamp":"2026-01-01 14:44:56"}
{"level":"info","message":"Launching World | Loading Package Data - 8%","timestamp":"2026-01-01 14:44:56"}
{"level":"info","message":"Connected to database \"daggerheart.ancestries\"","timestamp":"2026-01-01 14:44:56"}
{"level":"info","message":"Launching World | Loading Package Data - 11%","timestamp":"2026-01-01 14:44:56"}
{"level":"info","message":"Connected to database \"daggerheart.communities\"","timestamp":"2026-01-01 14:44:56"}
{"level":"info","message":"Launching World | Loading Package Data - 14%","timestamp":"2026-01-01 14:44:56"}
{"level":"info","message":"Connected to database \"daggerheart.weapons\"","timestamp":"2026-01-01 14:44:56"}
{"level":"info","message":"Launching World | Loading Package Data - 17%","timestamp":"2026-01-01 14:44:56"}
{"level":"info","message":"Connected to database \"daggerheart.armors\"","timestamp":"2026-01-01 14:44:56"}
{"level":"info","message":"Launching World | Loading Package Data - 19%","timestamp":"2026-01-01 14:44:56"}
{"level":"info","message":"Connected to database \"daggerheart.consumables\"","timestamp":"2026-01-01 14:44:56"}
{"level":"info","message":"Launching World | Loading Package Data - 22%","timestamp":"2026-01-01 14:44:56"}
{"level":"info","message":"Connected to database \"daggerheart.loot\"","timestamp":"2026-01-01 14:44:56"}
{"level":"info","message":"Launching World | Loading Package Data - 25%","timestamp":"2026-01-01 14:44:56"}
{"level":"info","message":"Connected to database \"daggerheart.adversaries\"","timestamp":"2026-01-01 14:44:56"}
{"level":"info","message":"Launching World | Loading Package Data - 28%","timestamp":"2026-01-01 14:44:56"}
{"level":"info","message":"Connected to database \"daggerheart.environments\"","timestamp":"2026-01-01 14:44:56"}
{"level":"info","message":"Launching World | Loading Package Data - 31%","timestamp":"2026-01-01 14:44:56"}
{"level":"info","message":"Connected to database \"daggerheart.journals\"","timestamp":"2026-01-01 14:44:56"}
{"level":"info","message":"Launching World | Loading Package Data - 33%","timestamp":"2026-01-01 14:44:56"}
{"level":"info","message":"Connected to database \"daggerheart.beastforms\"","timestamp":"2026-01-01 14:44:56"}
{"level":"info","message":"Launching World | Loading Package Data - 36%","timestamp":"2026-01-01 14:44:56"}
{"level":"info","message":"Connected to database \"art-for-daggerheart.art-for-dh-macros\"","timestamp":"2026-01-01 14:44:56"}
{"level":"info","message":"Launching World | Loading Package Data - 39%","timestamp":"2026-01-01 14:44:56"}
{"level":"info","message":"Connected to database \"daggerheart-extra-content.motherboard-items\"","timestamp":"2026-01-01 14:44:56"}
{"level":"info","message":"Launching World | Loading Package Data - 42%","timestamp":"2026-01-01 14:44:56"}
{"level":"info","message":"Connected to database \"daggerheart-extra-content.macros\"","timestamp":"2026-01-01 14:44:56"}
{"level":"info","message":"Launching World | Loading Package Data - 44%","timestamp":"2026-01-01 14:44:56"}
{"level":"info","message":"Connected to database \"daggerheart-extra-content.motherboard-tables\"","timestamp":"2026-01-01 14:44:56"}
{"level":"info","message":"Launching World | Loading Package Data - 47%","timestamp":"2026-01-01 14:44:56"}
{"level":"info","message":"Connected to database \"daggerheart-extra-content.adversaries-features\"","timestamp":"2026-01-01 14:44:56"}
{"level":"info","message":"Launching World | Loading Package Data - 50%","timestamp":"2026-01-01 14:44:56"}
{"level":"info","message":"Connected to database \"daggerheart-extra-content.useful-journals\"","timestamp":"2026-01-01 14:44:56"}
{"level":"info","message":"Launching World | Loading Package Data - 53%","timestamp":"2026-01-01 14:44:56"}
{"level":"info","message":"Connected to database \"daggerheart-extra-content.loot-and-consumable-tables\"","timestamp":"2026-01-01 14:44:56"}
{"level":"info","message":"Launching World | Loading Package Data - 56%","timestamp":"2026-01-01 14:44:56"}
{"level":"info","message":"Connected to database \"daggerheart-extra-content.more-adversaries\"","timestamp":"2026-01-01 14:44:56"}
{"level":"info","message":"Launching World | Loading Package Data - 58%","timestamp":"2026-01-01 14:44:56"}
{"level":"info","message":"Connected to database \"daggerheart-extra-content.more-items\"","timestamp":"2026-01-01 14:44:56"}
{"level":"info","message":"Launching World | Loading Package Data - 61%","timestamp":"2026-01-01 14:44:56"}
{"level":"info","message":"Connected to database \"daggerheart-extra-content.curses\"","timestamp":"2026-01-01 14:44:56"}
{"level":"info","message":"Launching World | Loading Package Data - 64%","timestamp":"2026-01-01 14:44:56"}
{"level":"info","message":"Connected to database \"daggerheart-extra-content.ancestry\"","timestamp":"2026-01-01 14:44:56"}
{"level":"info","message":"Launching World | Loading Package Data - 67%","timestamp":"2026-01-01 14:44:56"}
{"level":"info","message":"Connected to database \"daggerheart-extra-content.house-rules\"","timestamp":"2026-01-01 14:44:56"}
{"level":"info","message":"Launching World | Loading Package Data - 69%","timestamp":"2026-01-01 14:44:56"}
{"level":"info","message":"Connected to database \"daggerheart-extra-content.classes\"","timestamp":"2026-01-01 14:44:56"}
{"level":"info","message":"Launching World | Loading Package Data - 72%","timestamp":"2026-01-01 14:44:56"}
{"level":"info","message":"Connected to database \"daggerheart-extra-content.subclasses\"","timestamp":"2026-01-01 14:44:56"}
{"level":"info","message":"Launching World | Loading Package Data - 75%","timestamp":"2026-01-01 14:44:56"}
{"level":"info","message":"Connected to database \"the-void-unofficial.classes\"","timestamp":"2026-01-01 14:44:56"}
{"level":"info","message":"Launching World | Loading Package Data - 78%","timestamp":"2026-01-01 14:44:56"}
{"level":"info","message":"Connected to database \"the-void-unofficial.subclasses\"","timestamp":"2026-01-01 14:44:56"}
{"level":"info","message":"Launching World | Loading Package Data - 81%","timestamp":"2026-01-01 14:44:56"}
{"level":"info","message":"Connected to database \"the-void-unofficial.ancestries\"","timestamp":"2026-01-01 14:44:56"}
{"level":"info","message":"Launching World | Loading Package Data - 83%","timestamp":"2026-01-01 14:44:56"}
{"level":"info","message":"Connected to database \"the-void-unofficial.communities\"","timestamp":"2026-01-01 14:44:56"}
{"level":"info","message":"Launching World | Loading Package Data - 86%","timestamp":"2026-01-01 14:44:56"}
{"level":"info","message":"Connected to database \"the-void-unofficial.domains\"","timestamp":"2026-01-01 14:44:56"}
{"level":"info","message":"Launching World | Loading Package Data - 89%","timestamp":"2026-01-01 14:44:56"}
{"level":"info","message":"Connected to database \"the-void-unofficial.transformations\"","timestamp":"2026-01-01 14:44:56"}
{"level":"info","message":"Launching World | Loading Package Data - 92%","timestamp":"2026-01-01 14:44:56"}
{"level":"info","message":"Connected to database \"the-void-unofficial.weapons\"","timestamp":"2026-01-01 14:44:56"}
{"level":"info","message":"Launching World | Loading Package Data - 94%","timestamp":"2026-01-01 14:44:56"}
{"level":"info","message":"Connected to database \"the-void-unofficial.macros\"","timestamp":"2026-01-01 14:44:56"}
{"level":"info","message":"Launching World | Loading Package Data - 97%","timestamp":"2026-01-01 14:44:56"}
{"level":"info","message":"Connected to database \"the-void-unofficial.adversaries--environments\"","timestamp":"2026-01-01 14:44:56"}
{"level":"info","message":"Launching World | Loading Package Data - 100%","timestamp":"2026-01-01 14:44:56"}
{"level":"info","message":"Created 0 Folder documents with ids: []","timestamp":"2026-01-01 14:44:56"}
{"level":"info","message":"Launching World | Migrating Package Data - 3%","timestamp":"2026-01-01 14:44:56"}
{"level":"info","message":"Launching World | Migrating Package Data - 6%","timestamp":"2026-01-01 14:44:56"}
{"level":"info","message":"Launching World | Migrating Package Data - 8%","timestamp":"2026-01-01 14:44:56"}
{"level":"info","message":"Launching World | Migrating Package Data - 11%","timestamp":"2026-01-01 14:44:56"}
{"level":"info","message":"Launching World | Migrating Package Data - 14%","timestamp":"2026-01-01 14:44:56"}
{"level":"info","message":"Launching World | Migrating Package Data - 17%","timestamp":"2026-01-01 14:44:56"}
{"level":"info","message":"Launching World | Migrating Package Data - 19%","timestamp":"2026-01-01 14:44:56"}
{"level":"info","message":"Launching World | Migrating Package Data - 22%","timestamp":"2026-01-01 14:44:56"}
{"level":"info","message":"Launching World | Migrating Package Data - 25%","timestamp":"2026-01-01 14:44:56"}
{"level":"info","message":"Launching World | Migrating Package Data - 28%","timestamp":"2026-01-01 14:44:56"}
{"level":"info","message":"Launching World | Migrating Package Data - 31%","timestamp":"2026-01-01 14:44:56"}
{"level":"info","message":"Launching World | Migrating Package Data - 33%","timestamp":"2026-01-01 14:44:56"}
{"level":"info","message":"Launching World | Migrating Package Data - 36%","timestamp":"2026-01-01 14:44:56"}
{"level":"info","message":"Launching World | Migrating Package Data - 39%","timestamp":"2026-01-01 14:44:56"}
{"level":"info","message":"Launching World | Migrating Package Data - 42%","timestamp":"2026-01-01 14:44:56"}
{"level":"error","message":"An error occurred during the migration of Macro record [AksCh0ciaGx7BuyA] of database \"daggerheart-extra-content.macros\":\nError: Documents from a core version newer than the running version cannot be migrated\n    at Function._migrateRecord (file:///C:/Users/Juanjo/Desktop/Juegos/Foundry-daggerheart/Portable-FoundryVTT-v13.348/App/resources/app/dist/database/backend/server-document.mjs:1:3713)\n    at Function._migrateDocuments (file:///C:/Users/Juanjo/Desktop/Juegos/Foundry-daggerheart/Portable-FoundryVTT-v13.348/App/resources/app/dist/database/backend/server-document.mjs:1:2782)","timestamp":"2026-01-01 14:44:56"}
{"level":"error","message":"An error occurred during the migration of Macro record [Ek2uYtA3xm78MKEc] of database \"daggerheart-extra-content.macros\":\nError: Documents from a core version newer than the running version cannot be migrated\n    at Function._migrateRecord (file:///C:/Users/Juanjo/Desktop/Juegos/Foundry-daggerheart/Portable-FoundryVTT-v13.348/App/resources/app/dist/database/backend/server-document.mjs:1:3713)\n    at Function._migrateDocuments (file:///C:/Users/Juanjo/Desktop/Juegos/Foundry-daggerheart/Portable-FoundryVTT-v13.348/App/resources/app/dist/database/backend/server-document.mjs:1:2782)","timestamp":"2026-01-01 14:44:56"}
{"level":"error","message":"An error occurred during the migration of Macro record [FUXtgmbsROZ9EZ64] of database \"daggerheart-extra-content.macros\":\nError: Documents from a core version newer than the running version cannot be migrated\n    at Function._migrateRecord (file:///C:/Users/Juanjo/Desktop/Juegos/Foundry-daggerheart/Portable-FoundryVTT-v13.348/App/resources/app/dist/database/backend/server-document.mjs:1:3713)\n    at Function._migrateDocuments (file:///C:/Users/Juanjo/Desktop/Juegos/Foundry-daggerheart/Portable-FoundryVTT-v13.348/App/resources/app/dist/database/backend/server-document.mjs:1:2782)","timestamp":"2026-01-01 14:44:56"}
{"level":"error","message":"An error occurred during the migration of Macro record [KMIecMvorWDWynzv] of database \"daggerheart-extra-content.macros\":\nError: Documents from a core version newer than the running version cannot be migrated\n    at Function._migrateRecord (file:///C:/Users/Juanjo/Desktop/Juegos/Foundry-daggerheart/Portable-FoundryVTT-v13.348/App/resources/app/dist/database/backend/server-document.mjs:1:3713)\n    at Function._migrateDocuments (file:///C:/Users/Juanjo/Desktop/Juegos/Foundry-daggerheart/Portable-FoundryVTT-v13.348/App/resources/app/dist/database/backend/server-document.mjs:1:2782)","timestamp":"2026-01-01 14:44:56"}
{"level":"error","message":"An error occurred during the migration of Macro record [MrVaunevxMfD1jiI] of database \"daggerheart-extra-content.macros\":\nError: Documents from a core version newer than the running version cannot be migrated\n    at Function._migrateRecord (file:///C:/Users/Juanjo/Desktop/Juegos/Foundry-daggerheart/Portable-FoundryVTT-v13.348/App/resources/app/dist/database/backend/server-document.mjs:1:3713)\n    at Function._migrateDocuments (file:///C:/Users/Juanjo/Desktop/Juegos/Foundry-daggerheart/Portable-FoundryVTT-v13.348/App/resources/app/dist/database/backend/server-document.mjs:1:2782)","timestamp":"2026-01-01 14:44:56"}
{"level":"error","message":"An error occurred during the migration of Macro record [f4seowyhjSLdBpIw] of database \"daggerheart-extra-content.macros\":\nError: Documents from a core version newer than the running version cannot be migrated\n    at Function._migrateRecord (file:///C:/Users/Juanjo/Desktop/Juegos/Foundry-daggerheart/Portable-FoundryVTT-v13.348/App/resources/app/dist/database/backend/server-document.mjs:1:3713)\n    at Function._migrateDocuments (file:///C:/Users/Juanjo/Desktop/Juegos/Foundry-daggerheart/Portable-FoundryVTT-v13.348/App/resources/app/dist/database/backend/server-document.mjs:1:2782)","timestamp":"2026-01-01 14:44:56"}
{"level":"error","message":"An error occurred during the migration of Macro record [lCYBPohT8hPPOpeK] of database \"daggerheart-extra-content.macros\":\nError: Documents from a core version newer than the running version cannot be migrated\n    at Function._migrateRecord (file:///C:/Users/Juanjo/Desktop/Juegos/Foundry-daggerheart/Portable-FoundryVTT-v13.348/App/resources/app/dist/database/backend/server-document.mjs:1:3713)\n    at Function._migrateDocuments (file:///C:/Users/Juanjo/Desktop/Juegos/Foundry-daggerheart/Portable-FoundryVTT-v13.348/App/resources/app/dist/database/backend/server-document.mjs:1:2782)","timestamp":"2026-01-01 14:44:56"}
{"level":"error","message":"An error occurred during the migration of Macro record [mu2CD5fN0NvxcqYl] of database \"daggerheart-extra-content.macros\":\nError: Documents from a core version newer than the running version cannot be migrated\n    at Function._migrateRecord (file:///C:/Users/Juanjo/Desktop/Juegos/Foundry-daggerheart/Portable-FoundryVTT-v13.348/App/resources/app/dist/database/backend/server-document.mjs:1:3713)\n    at Function._migrateDocuments (file:///C:/Users/Juanjo/Desktop/Juegos/Foundry-daggerheart/Portable-FoundryVTT-v13.348/App/resources/app/dist/database/backend/server-document.mjs:1:2782)","timestamp":"2026-01-01 14:44:56"}
{"level":"error","message":"An error occurred during the migration of Macro record [zWi79s5QqaZnMMtX] of database \"daggerheart-extra-content.macros\":\nError: Documents from a core version newer than the running version cannot be migrated\n    at Function._migrateRecord (file:///C:/Users/Juanjo/Desktop/Juegos/Foundry-daggerheart/Portable-FoundryVTT-v13.348/App/resources/app/dist/database/backend/server-document.mjs:1:3713)\n    at Function._migrateDocuments (file:///C:/Users/Juanjo/Desktop/Juegos/Foundry-daggerheart/Portable-FoundryVTT-v13.348/App/resources/app/dist/database/backend/server-document.mjs:1:2782)","timestamp":"2026-01-01 14:44:56"}
{"level":"warn","message":"Database daggerheart-extra-content.macros was not fully migrated due to errors during migration.","timestamp":"2026-01-01 14:44:56"}
{"level":"info","message":"Launching World | Migrating Package Data - 44%","timestamp":"2026-01-01 14:44:56"}
{"level":"info","message":"Launching World | Migrating Package Data - 47%","timestamp":"2026-01-01 14:44:56"}
{"level":"info","message":"Launching World | Migrating Package Data - 50%","timestamp":"2026-01-01 14:44:56"}
{"level":"info","message":"Launching World | Migrating Package Data - 53%","timestamp":"2026-01-01 14:44:56"}
{"level":"info","message":"Launching World | Migrating Package Data - 56%","timestamp":"2026-01-01 14:44:56"}
{"level":"error","message":"An error occurred during the migration of Actor record [2owady11IfU1vset] of database \"daggerheart-extra-content.more-adversaries\":\nError: Documents from a core version newer than the running version cannot be migrated\n    at Function._migrateRecord (file:///C:/Users/Juanjo/Desktop/Juegos/Foundry-daggerheart/Portable-FoundryVTT-v13.348/App/resources/app/dist/database/backend/server-document.mjs:1:3713)\n    at Function._migrateDocuments (file:///C:/Users/Juanjo/Desktop/Juegos/Foundry-daggerheart/Portable-FoundryVTT-v13.348/App/resources/app/dist/database/backend/server-document.mjs:1:2782)","timestamp":"2026-01-01 14:44:56"}
{"level":"error","message":"An error occurred during the migration of Actor record [3wZn34orKgheuXnE] of database \"daggerheart-extra-content.more-adversaries\":\nError: Documents from a core version newer than the running version cannot be migrated\n    at Function._migrateRecord (file:///C:/Users/Juanjo/Desktop/Juegos/Foundry-daggerheart/Portable-FoundryVTT-v13.348/App/resources/app/dist/database/backend/server-document.mjs:1:3713)\n    at Function._migrateDocuments (file:///C:/Users/Juanjo/Desktop/Juegos/Foundry-daggerheart/Portable-FoundryVTT-v13.348/App/resources/app/dist/database/backend/server-document.mjs:1:2782)","timestamp":"2026-01-01 14:44:56"}
{"level":"error","message":"An error occurred during the migration of Actor record [4GkDrUgRyp9FHTAN] of database \"daggerheart-extra-content.more-adversaries\":\nError: Documents from a core version newer than the running version cannot be migrated\n    at Function._migrateRecord (file:///C:/Users/Juanjo/Desktop/Juegos/Foundry-daggerheart/Portable-FoundryVTT-v13.348/App/resources/app/dist/database/backend/server-document.mjs:1:3713)\n    at Function._migrateDocuments (file:///C:/Users/Juanjo/Desktop/Juegos/Foundry-daggerheart/Portable-FoundryVTT-v13.348/App/resources/app/dist/database/backend/server-document.mjs:1:2782)","timestamp":"2026-01-01 14:44:56"}
{"level":"error","message":"An error occurred during the migration of Actor record [6wxPxm4joQnoIjdX] of database \"daggerheart-extra-content.more-adversaries\":\nError: Documents from a core version newer than the running version cannot be migrated\n    at Function._migrateRecord (file:///C:/Users/Juanjo/Desktop/Juegos/Foundry-daggerheart/Portable-FoundryVTT-v13.348/App/resources/app/dist/database/backend/server-document.mjs:1:3713)\n    at Function._migrateDocuments (file:///C:/Users/Juanjo/Desktop/Juegos/Foundry-daggerheart/Portable-FoundryVTT-v13.348/App/resources/app/dist/database/backend/server-document.mjs:1:2782)","timestamp":"2026-01-01 14:44:56"}
{"level":"error","message":"An error occurred during the migration of Actor record [CBjyTRc9xNjmDAM4] of database \"daggerheart-extra-content.more-adversaries\":\nError: Documents from a core version newer than the running version cannot be migrated\n    at Function._migrateRecord (file:///C:/Users/Juanjo/Desktop/Juegos/Foundry-daggerheart/Portable-FoundryVTT-v13.348/App/resources/app/dist/database/backend/server-document.mjs:1:3713)\n    at Function._migrateDocuments (file:///C:/Users/Juanjo/Desktop/Juegos/Foundry-daggerheart/Portable-FoundryVTT-v13.348/App/resources/app/dist/database/backend/server-document.mjs:1:2782)","timestamp":"2026-01-01 14:44:56"}
{"level":"error","message":"An error occurred during the migration of Actor record [D2mYxxduZN4h55cD] of database \"daggerheart-extra-content.more-adversaries\":\nError: Documents from a core version newer than the running version cannot be migrated\n    at Function._migrateRecord (file:///C:/Users/Juanjo/Desktop/Juegos/Foundry-daggerheart/Portable-FoundryVTT-v13.348/App/resources/app/dist/database/backend/server-document.mjs:1:3713)\n    at Function._migrateDocuments (file:///C:/Users/Juanjo/Desktop/Juegos/Foundry-daggerheart/Portable-FoundryVTT-v13.348/App/resources/app/dist/database/backend/server-document.mjs:1:2782)","timestamp":"2026-01-01 14:44:56"}
{"level":"error","message":"An error occurred during the migration of Actor record [GZeCYbWDzYS2iCF9] of database \"daggerheart-extra-content.more-adversaries\":\nError: Documents from a core version newer than the running version cannot be migrated\n    at Function._migrateRecord (file:///C:/Users/Juanjo/Desktop/Juegos/Foundry-daggerheart/Portable-FoundryVTT-v13.348/App/resources/app/dist/database/backend/server-document.mjs:1:3713)\n    at Function._migrateDocuments (file:///C:/Users/Juanjo/Desktop/Juegos/Foundry-daggerheart/Portable-FoundryVTT-v13.348/App/resources/app/dist/database/backend/server-document.mjs:1:2782)","timestamp":"2026-01-01 14:44:56"}
{"level":"error","message":"An error occurred during the migration of Actor record [HFoDDFrRRoLOx6rS] of database \"daggerheart-extra-content.more-adversaries\":\nError: Documents from a core version newer than the running version cannot be migrated\n    at Function._migrateRecord (file:///C:/Users/Juanjo/Desktop/Juegos/Foundry-daggerheart/Portable-FoundryVTT-v13.348/App/resources/app/dist/database/backend/server-document.mjs:1:3713)\n    at Function._migrateDocuments (file:///C:/Users/Juanjo/Desktop/Juegos/Foundry-daggerheart/Portable-FoundryVTT-v13.348/App/resources/app/dist/database/backend/server-document.mjs:1:2782)","timestamp":"2026-01-01 14:44:56"}
{"level":"error","message":"An error occurred during the migration of Actor record [Je6XBGhfDKSY3DEk] of database \"daggerheart-extra-content.more-adversaries\":\nError: Documents from a core version newer than the running version cannot be migrated\n    at Function._migrateRecord (file:///C:/Users/Juanjo/Desktop/Juegos/Foundry-daggerheart/Portable-FoundryVTT-v13.348/App/resources/app/dist/database/backend/server-document.mjs:1:3713)\n    at Function._migrateDocuments (file:///C:/Users/Juanjo/Desktop/Juegos/Foundry-daggerheart/Portable-FoundryVTT-v13.348/App/resources/app/dist/database/backend/server-document.mjs:1:2782)","timestamp":"2026-01-01 14:44:56"}
{"level":"error","message":"An error occurred during the migration of Actor record [RIpmM1hiW9aRSlR5] of database \"daggerheart-extra-content.more-adversaries\":\nError: Documents from a core version newer than the running version cannot be migrated\n    at Function._migrateRecord (file:///C:/Users/Juanjo/Desktop/Juegos/Foundry-daggerheart/Portable-FoundryVTT-v13.348/App/resources/app/dist/database/backend/server-document.mjs:1:3713)\n    at Function._migrateDocuments (file:///C:/Users/Juanjo/Desktop/Juegos/Foundry-daggerheart/Portable-FoundryVTT-v13.348/App/resources/app/dist/database/backend/server-document.mjs:1:2782)","timestamp":"2026-01-01 14:44:56"}
{"level":"error","message":"An error occurred during the migration of Actor record [RlIaKDY410J1Braw] of database \"daggerheart-extra-content.more-adversaries\":\nError: Documents from a core version newer than the running version cannot be migrated\n    at Function._migrateRecord (file:///C:/Users/Juanjo/Desktop/Juegos/Foundry-daggerheart/Portable-FoundryVTT-v13.348/App/resources/app/dist/database/backend/server-document.mjs:1:3713)\n    at Function._migrateDocuments (file:///C:/Users/Juanjo/Desktop/Juegos/Foundry-daggerheart/Portable-FoundryVTT-v13.348/App/resources/app/dist/database/backend/server-document.mjs:1:2782)","timestamp":"2026-01-01 14:44:56"}
{"level":"error","message":"An error occurred during the migration of Actor record [Uu7RvfCQnjz6CNhI] of database \"daggerheart-extra-content.more-adversaries\":\nError: Documents from a core version newer than the running version cannot be migrated\n    at Function._migrateRecord (file:///C:/Users/Juanjo/Desktop/Juegos/Foundry-daggerheart/Portable-FoundryVTT-v13.348/App/resources/app/dist/database/backend/server-document.mjs:1:3713)\n    at Function._migrateDocuments (file:///C:/Users/Juanjo/Desktop/Juegos/Foundry-daggerheart/Portable-FoundryVTT-v13.348/App/resources/app/dist/database/backend/server-document.mjs:1:2782)","timestamp":"2026-01-01 14:44:56"}
{"level":"error","message":"An error occurred during the migration of Actor record [dz7P6qQlXyDH34fj] of database \"daggerheart-extra-content.more-adversaries\":\nError: Documents from a core version newer than the running version cannot be migrated\n    at Function._migrateRecord (file:///C:/Users/Juanjo/Desktop/Juegos/Foundry-daggerheart/Portable-FoundryVTT-v13.348/App/resources/app/dist/database/backend/server-document.mjs:1:3713)\n    at Function._migrateDocuments (file:///C:/Users/Juanjo/Desktop/Juegos/Foundry-daggerheart/Portable-FoundryVTT-v13.348/App/resources/app/dist/database/backend/server-document.mjs:1:2782)","timestamp":"2026-01-01 14:44:56"}
{"level":"error","message":"An error occurred during the migration of Actor record [eQ87jrVECayfpio3] of database \"daggerheart-extra-content.more-adversaries\":\nError: Documents from a core version newer than the running version cannot be migrated\n    at Function._migrateRecord (file:///C:/Users/Juanjo/Desktop/Juegos/Foundry-daggerheart/Portable-FoundryVTT-v13.348/App/resources/app/dist/database/backend/server-document.mjs:1:3713)\n    at Function._migrateDocuments (file:///C:/Users/Juanjo/Desktop/Juegos/Foundry-daggerheart/Portable-FoundryVTT-v13.348/App/resources/app/dist/database/backend/server-document.mjs:1:2782)","timestamp":"2026-01-01 14:44:56"}
{"level":"error","message":"An error occurred during the migration of Actor record [f7a0iCjxLOcnoOry] of database \"daggerheart-extra-content.more-adversaries\":\nError: Documents from a core version newer than the running version cannot be migrated\n    at Function._migrateRecord (file:///C:/Users/Juanjo/Desktop/Juegos/Foundry-daggerheart/Portable-FoundryVTT-v13.348/App/resources/app/dist/database/backend/server-document.mjs:1:3713)\n    at Function._migrateDocuments (file:///C:/Users/Juanjo/Desktop/Juegos/Foundry-daggerheart/Portable-FoundryVTT-v13.348/App/resources/app/dist/database/backend/server-document.mjs:1:2782)","timestamp":"2026-01-01 14:44:56"}
{"level":"error","message":"An error occurred during the migration of Actor record [j0ncG4oNxG6c7CoZ] of database \"daggerheart-extra-content.more-adversaries\":\nError: Documents from a core version newer than the running version cannot be migrated\n    at Function._migrateRecord (file:///C:/Users/Juanjo/Desktop/Juegos/Foundry-daggerheart/Portable-FoundryVTT-v13.348/App/resources/app/dist/database/backend/server-document.mjs:1:3713)\n    at Function._migrateDocuments (file:///C:/Users/Juanjo/Desktop/Juegos/Foundry-daggerheart/Portable-FoundryVTT-v13.348/App/resources/app/dist/database/backend/server-document.mjs:1:2782)","timestamp":"2026-01-01 14:44:56"}
{"level":"error","message":"An error occurred during the migration of Actor record [n7SBEHvb48tFamKO] of database \"daggerheart-extra-content.more-adversaries\":\nError: Documents from a core version newer than the running version cannot be migrated\n    at Function._migrateRecord (file:///C:/Users/Juanjo/Desktop/Juegos/Foundry-daggerheart/Portable-FoundryVTT-v13.348/App/resources/app/dist/database/backend/server-document.mjs:1:3713)\n    at Function._migrateDocuments (file:///C:/Users/Juanjo/Desktop/Juegos/Foundry-daggerheart/Portable-FoundryVTT-v13.348/App/resources/app/dist/database/backend/server-document.mjs:1:2782)","timestamp":"2026-01-01 14:44:56"}
{"level":"error","message":"An error occurred during the migration of Actor record [p7LYTbyuPUNisLQ5] of database \"daggerheart-extra-content.more-adversaries\":\nError: Documents from a core version newer than the running version cannot be migrated\n    at Function._migrateRecord (file:///C:/Users/Juanjo/Desktop/Juegos/Foundry-daggerheart/Portable-FoundryVTT-v13.348/App/resources/app/dist/database/backend/server-document.mjs:1:3713)\n    at Function._migrateDocuments (file:///C:/Users/Juanjo/Desktop/Juegos/Foundry-daggerheart/Portable-FoundryVTT-v13.348/App/resources/app/dist/database/backend/server-document.mjs:1:2782)","timestamp":"2026-01-01 14:44:56"}
{"level":"error","message":"An error occurred during the migration of Actor record [pCEWxOqd7C0B9DxO] of database \"daggerheart-extra-content.more-adversaries\":\nError: Documents from a core version newer than the running version cannot be migrated\n    at Function._migrateRecord (file:///C:/Users/Juanjo/Desktop/Juegos/Foundry-daggerheart/Portable-FoundryVTT-v13.348/App/resources/app/dist/database/backend/server-document.mjs:1:3713)\n    at Function._migrateDocuments (file:///C:/Users/Juanjo/Desktop/Juegos/Foundry-daggerheart/Portable-FoundryVTT-v13.348/App/resources/app/dist/database/backend/server-document.mjs:1:2782)","timestamp":"2026-01-01 14:44:56"}
{"level":"error","message":"An error occurred during the migration of Actor record [pCkMBn3zgF4WA1zz] of database \"daggerheart-extra-content.more-adversaries\":\nError: Documents from a core version newer than the running version cannot be migrated\n    at Function._migrateRecord (file:///C:/Users/Juanjo/Desktop/Juegos/Foundry-daggerheart/Portable-FoundryVTT-v13.348/App/resources/app/dist/database/backend/server-document.mjs:1:3713)\n    at Function._migrateDocuments (file:///C:/Users/Juanjo/Desktop/Juegos/Foundry-daggerheart/Portable-FoundryVTT-v13.348/App/resources/app/dist/database/backend/server-document.mjs:1:2782)","timestamp":"2026-01-01 14:44:56"}
{"level":"error","message":"An error occurred during the migration of Actor record [sEtsUW24RgFB83TQ] of database \"daggerheart-extra-content.more-adversaries\":\nError: Documents from a core version newer than the running version cannot be migrated\n    at Function._migrateRecord (file:///C:/Users/Juanjo/Desktop/Juegos/Foundry-daggerheart/Portable-FoundryVTT-v13.348/App/resources/app/dist/database/backend/server-document.mjs:1:3713)\n    at Function._migrateDocuments (file:///C:/Users/Juanjo/Desktop/Juegos/Foundry-daggerheart/Portable-FoundryVTT-v13.348/App/resources/app/dist/database/backend/server-document.mjs:1:2782)","timestamp":"2026-01-01 14:44:56"}
{"level":"error","message":"An error occurred during the migration of Actor record [sKqhR4Gzsc953DBq] of database \"daggerheart-extra-content.more-adversaries\":\nError: Documents from a core version newer than the running version cannot be migrated\n    at Function._migrateRecord (file:///C:/Users/Juanjo/Desktop/Juegos/Foundry-daggerheart/Portable-FoundryVTT-v13.348/App/resources/app/dist/database/backend/server-document.mjs:1:3713)\n    at Function._migrateDocuments (file:///C:/Users/Juanjo/Desktop/Juegos/Foundry-daggerheart/Portable-FoundryVTT-v13.348/App/resources/app/dist/database/backend/server-document.mjs:1:2782)","timestamp":"2026-01-01 14:44:56"}
{"level":"warn","message":"Database daggerheart-extra-content.more-adversaries was not fully migrated due to errors during migration.","timestamp":"2026-01-01 14:44:56"}
{"level":"info","message":"Launching World | Migrating Package Data - 58%","timestamp":"2026-01-01 14:44:56"}
{"level":"info","message":"Launching World | Migrating Package Data - 61%","timestamp":"2026-01-01 14:44:56"}
{"level":"info","message":"Launching World | Migrating Package Data - 64%","timestamp":"2026-01-01 14:44:56"}
{"level":"error","message":"An error occurred during the migration of Item record [04I86qVoEQ310sCR] of database \"daggerheart-extra-content.ancestry\":\nError: Documents from a core version newer than the running version cannot be migrated\n    at Function._migrateRecord (file:///C:/Users/Juanjo/Desktop/Juegos/Foundry-daggerheart/Portable-FoundryVTT-v13.348/App/resources/app/dist/database/backend/server-document.mjs:1:3713)\n    at Function._migrateDocuments (file:///C:/Users/Juanjo/Desktop/Juegos/Foundry-daggerheart/Portable-FoundryVTT-v13.348/App/resources/app/dist/database/backend/server-document.mjs:1:2782)","timestamp":"2026-01-01 14:44:56"}
{"level":"error","message":"An error occurred during the migration of Item record [2zyMaehKcKOEGM4E] of database \"daggerheart-extra-content.ancestry\":\nError: Documents from a core version newer than the running version cannot be migrated\n    at Function._migrateRecord (file:///C:/Users/Juanjo/Desktop/Juegos/Foundry-daggerheart/Portable-FoundryVTT-v13.348/App/resources/app/dist/database/backend/server-document.mjs:1:3713)\n    at Function._migrateDocuments (file:///C:/Users/Juanjo/Desktop/Juegos/Foundry-daggerheart/Portable-FoundryVTT-v13.348/App/resources/app/dist/database/backend/server-document.mjs:1:2782)","timestamp":"2026-01-01 14:44:56"}
{"level":"error","message":"An error occurred during the migration of Item record [Fc3hqveUPZNSVSk7] of database \"daggerheart-extra-content.ancestry\":\nError: Documents from a core version newer than the running version cannot be migrated\n    at Function._migrateRecord (file:///C:/Users/Juanjo/Desktop/Juegos/Foundry-daggerheart/Portable-FoundryVTT-v13.348/App/resources/app/dist/database/backend/server-document.mjs:1:3713)\n    at Function._migrateDocuments (file:///C:/Users/Juanjo/Desktop/Juegos/Foundry-daggerheart/Portable-FoundryVTT-v13.348/App/resources/app/dist/database/backend/server-document.mjs:1:2782)","timestamp":"2026-01-01 14:44:56"}
{"level":"error","message":"An error occurred during the migration of Item record [QbBbdOgrtxEIWQHB] of database \"daggerheart-extra-content.ancestry\":\nError: Documents from a core version newer than the running version cannot be migrated\n    at Function._migrateRecord (file:///C:/Users/Juanjo/Desktop/Juegos/Foundry-daggerheart/Portable-FoundryVTT-v13.348/App/resources/app/dist/database/backend/server-document.mjs:1:3713)\n    at Function._migrateDocuments (file:///C:/Users/Juanjo/Desktop/Juegos/Foundry-daggerheart/Portable-FoundryVTT-v13.348/App/resources/app/dist/database/backend/server-document.mjs:1:2782)","timestamp":"2026-01-01 14:44:56"}
{"level":"error","message":"An error occurred during the migration of Item record [WOHi9gvF8Ha10EnF] of database \"daggerheart-extra-content.ancestry\":\nError: Documents from a core version newer than the running version cannot be migrated\n    at Function._migrateRecord (file:///C:/Users/Juanjo/Desktop/Juegos/Foundry-daggerheart/Portable-FoundryVTT-v13.348/App/resources/app/dist/database/backend/server-document.mjs:1:3713)\n    at Function._migrateDocuments (file:///C:/Users/Juanjo/Desktop/Juegos/Foundry-daggerheart/Portable-FoundryVTT-v13.348/App/resources/app/dist/database/backend/server-document.mjs:1:2782)","timestamp":"2026-01-01 14:44:56"}
{"level":"error","message":"An error occurred during the migration of Item record [jP4n9wzq0wvfxULo] of database \"daggerheart-extra-content.ancestry\":\nError: Documents from a core version newer than the running version cannot be migrated\n    at Function._migrateRecord (file:///C:/Users/Juanjo/Desktop/Juegos/Foundry-daggerheart/Portable-FoundryVTT-v13.348/App/resources/app/dist/database/backend/server-document.mjs:1:3713)\n    at Function._migrateDocuments (file:///C:/Users/Juanjo/Desktop/Juegos/Foundry-daggerheart/Portable-FoundryVTT-v13.348/App/resources/app/dist/database/backend/server-document.mjs:1:2782)","timestamp":"2026-01-01 14:44:56"}
{"level":"error","message":"An error occurred during the migration of Item record [pjtNmhoBNxjrzRPk] of database \"daggerheart-extra-content.ancestry\":\nError: Documents from a core version newer than the running version cannot be migrated\n    at Function._migrateRecord (file:///C:/Users/Juanjo/Desktop/Juegos/Foundry-daggerheart/Portable-FoundryVTT-v13.348/App/resources/app/dist/database/backend/server-document.mjs:1:3713)\n    at Function._migrateDocuments (file:///C:/Users/Juanjo/Desktop/Juegos/Foundry-daggerheart/Portable-FoundryVTT-v13.348/App/resources/app/dist/database/backend/server-document.mjs:1:2782)","timestamp":"2026-01-01 14:44:56"}
{"level":"error","message":"An error occurred during the migration of Item record [vWfsYRjrKPUne2nZ] of database \"daggerheart-extra-content.ancestry\":\nError: Documents from a core version newer than the running version cannot be migrated\n    at Function._migrateRecord (file:///C:/Users/Juanjo/Desktop/Juegos/Foundry-daggerheart/Portable-FoundryVTT-v13.348/App/resources/app/dist/database/backend/server-document.mjs:1:3713)\n    at Function._migrateDocuments (file:///C:/Users/Juanjo/Desktop/Juegos/Foundry-daggerheart/Portable-FoundryVTT-v13.348/App/resources/app/dist/database/backend/server-document.mjs:1:2782)","timestamp":"2026-01-01 14:44:56"}
{"level":"error","message":"An error occurred during the migration of Item record [y4tOp4lUYpyC7YJW] of database \"daggerheart-extra-content.ancestry\":\nError: Documents from a core version newer than the running version cannot be migrated\n    at Function._migrateRecord (file:///C:/Users/Juanjo/Desktop/Juegos/Foundry-daggerheart/Portable-FoundryVTT-v13.348/App/resources/app/dist/database/backend/server-document.mjs:1:3713)\n    at Function._migrateDocuments (file:///C:/Users/Juanjo/Desktop/Juegos/Foundry-daggerheart/Portable-FoundryVTT-v13.348/App/resources/app/dist/database/backend/server-document.mjs:1:2782)","timestamp":"2026-01-01 14:44:56"}
{"level":"warn","message":"Database daggerheart-extra-content.ancestry was not fully migrated due to errors during migration.","timestamp":"2026-01-01 14:44:56"}
{"level":"info","message":"Launching World | Migrating Package Data - 67%","timestamp":"2026-01-01 14:44:56"}
{"level":"info","message":"Launching World | Migrating Package Data - 69%","timestamp":"2026-01-01 14:44:56"}
{"level":"error","message":"An error occurred during the migration of Item record [8D0NQR901j0Kx0zb] of database \"daggerheart-extra-content.classes\":\nError: Documents from a core version newer than the running version cannot be migrated\n    at Function._migrateRecord (file:///C:/Users/Juanjo/Desktop/Juegos/Foundry-daggerheart/Portable-FoundryVTT-v13.348/App/resources/app/dist/database/backend/server-document.mjs:1:3713)\n    at Function._migrateDocuments (file:///C:/Users/Juanjo/Desktop/Juegos/Foundry-daggerheart/Portable-FoundryVTT-v13.348/App/resources/app/dist/database/backend/server-document.mjs:1:2782)","timestamp":"2026-01-01 14:44:56"}
{"level":"error","message":"An error occurred during the migration of Item record [B90E3nk0uBeZpPw8] of database \"daggerheart-extra-content.classes\":\nError: Documents from a core version newer than the running version cannot be migrated\n    at Function._migrateRecord (file:///C:/Users/Juanjo/Desktop/Juegos/Foundry-daggerheart/Portable-FoundryVTT-v13.348/App/resources/app/dist/database/backend/server-document.mjs:1:3713)\n    at Function._migrateDocuments (file:///C:/Users/Juanjo/Desktop/Juegos/Foundry-daggerheart/Portable-FoundryVTT-v13.348/App/resources/app/dist/database/backend/server-document.mjs:1:2782)","timestamp":"2026-01-01 14:44:56"}
{"level":"error","message":"An error occurred during the migration of Item record [E5d3CnR98vEXt8QS] of database \"daggerheart-extra-content.classes\":\nError: Documents from a core version newer than the running version cannot be migrated\n    at Function._migrateRecord (file:///C:/Users/Juanjo/Desktop/Juegos/Foundry-daggerheart/Portable-FoundryVTT-v13.348/App/resources/app/dist/database/backend/server-document.mjs:1:3713)\n    at Function._migrateDocuments (file:///C:/Users/Juanjo/Desktop/Juegos/Foundry-daggerheart/Portable-FoundryVTT-v13.348/App/resources/app/dist/database/backend/server-document.mjs:1:2782)","timestamp":"2026-01-01 14:44:56"}
{"level":"error","message":"An error occurred during the migration of Item record [EcUepPeaFQz7tnme] of database \"daggerheart-extra-content.classes\":\nError: Documents from a core version newer than the running version cannot be migrated\n    at Function._migrateRecord (file:///C:/Users/Juanjo/Desktop/Juegos/Foundry-daggerheart/Portable-FoundryVTT-v13.348/App/resources/app/dist/database/backend/server-document.mjs:1:3713)\n    at Function._migrateDocuments (file:///C:/Users/Juanjo/Desktop/Juegos/Foundry-daggerheart/Portable-FoundryVTT-v13.348/App/resources/app/dist/database/backend/server-document.mjs:1:2782)","timestamp":"2026-01-01 14:44:56"}
{"level":"error","message":"An error occurred during the migration of Item record [MAT6l8tUvELiLK4L] of database \"daggerheart-extra-content.classes\":\nError: Documents from a core version newer than the running version cannot be migrated\n    at Function._migrateRecord (file:///C:/Users/Juanjo/Desktop/Juegos/Foundry-daggerheart/Portable-FoundryVTT-v13.348/App/resources/app/dist/database/backend/server-document.mjs:1:3713)\n    at Function._migrateDocuments (file:///C:/Users/Juanjo/Desktop/Juegos/Foundry-daggerheart/Portable-FoundryVTT-v13.348/App/resources/app/dist/database/backend/server-document.mjs:1:2782)","timestamp":"2026-01-01 14:44:56"}
{"level":"error","message":"An error occurred during the migration of Item record [N4mXcAWdpFYJdWZn] of database \"daggerheart-extra-content.classes\":\nError: Documents from a core version newer than the running version cannot be migrated\n    at Function._migrateRecord (file:///C:/Users/Juanjo/Desktop/Juegos/Foundry-daggerheart/Portable-FoundryVTT-v13.348/App/resources/app/dist/database/backend/server-document.mjs:1:3713)\n    at Function._migrateDocuments (file:///C:/Users/Juanjo/Desktop/Juegos/Foundry-daggerheart/Portable-FoundryVTT-v13.348/App/resources/app/dist/database/backend/server-document.mjs:1:2782)","timestamp":"2026-01-01 14:44:56"}
{"level":"error","message":"An error occurred during the migration of Item record [g01PAvRJsgiUHpnD] of database \"daggerheart-extra-content.classes\":\nError: Documents from a core version newer than the running version cannot be migrated\n    at Function._migrateRecord (file:///C:/Users/Juanjo/Desktop/Juegos/Foundry-daggerheart/Portable-FoundryVTT-v13.348/App/resources/app/dist/database/backend/server-document.mjs:1:3713)\n    at Function._migrateDocuments (file:///C:/Users/Juanjo/Desktop/Juegos/Foundry-daggerheart/Portable-FoundryVTT-v13.348/App/resources/app/dist/database/backend/server-document.mjs:1:2782)","timestamp":"2026-01-01 14:44:56"}
{"level":"error","message":"An error occurred during the migration of Item record [hXehaNaOdYzSJqxf] of database \"daggerheart-extra-content.classes\":\nError: Documents from a core version newer than the running version cannot be migrated\n    at Function._migrateRecord (file:///C:/Users/Juanjo/Desktop/Juegos/Foundry-daggerheart/Portable-FoundryVTT-v13.348/App/resources/app/dist/database/backend/server-document.mjs:1:3713)\n    at Function._migrateDocuments (file:///C:/Users/Juanjo/Desktop/Juegos/Foundry-daggerheart/Portable-FoundryVTT-v13.348/App/resources/app/dist/database/backend/server-document.mjs:1:2782)","timestamp":"2026-01-01 14:44:56"}
{"level":"error","message":"An error occurred during the migration of Item record [k4NTq8kIqQNNv9bl] of database \"daggerheart-extra-content.classes\":\nError: Documents from a core version newer than the running version cannot be migrated\n    at Function._migrateRecord (file:///C:/Users/Juanjo/Desktop/Juegos/Foundry-daggerheart/Portable-FoundryVTT-v13.348/App/resources/app/dist/database/backend/server-document.mjs:1:3713)\n    at Function._migrateDocuments (file:///C:/Users/Juanjo/Desktop/Juegos/Foundry-daggerheart/Portable-FoundryVTT-v13.348/App/resources/app/dist/database/backend/server-document.mjs:1:2782)","timestamp":"2026-01-01 14:44:56"}
{"level":"error","message":"An error occurred during the migration of Item record [m0xIb9uq6tlZdsoz] of database \"daggerheart-extra-content.classes\":\nError: Documents from a core version newer than the running version cannot be migrated\n    at Function._migrateRecord (file:///C:/Users/Juanjo/Desktop/Juegos/Foundry-daggerheart/Portable-FoundryVTT-v13.348/App/resources/app/dist/database/backend/server-document.mjs:1:3713)\n    at Function._migrateDocuments (file:///C:/Users/Juanjo/Desktop/Juegos/Foundry-daggerheart/Portable-FoundryVTT-v13.348/App/resources/app/dist/database/backend/server-document.mjs:1:2782)","timestamp":"2026-01-01 14:44:56"}
{"level":"error","message":"An error occurred during the migration of Item record [mYoYtle6DKA0UwQd] of database \"daggerheart-extra-content.classes\":\nError: Documents from a core version newer than the running version cannot be migrated\n    at Function._migrateRecord (file:///C:/Users/Juanjo/Desktop/Juegos/Foundry-daggerheart/Portable-FoundryVTT-v13.348/App/resources/app/dist/database/backend/server-document.mjs:1:3713)\n    at Function._migrateDocuments (file:///C:/Users/Juanjo/Desktop/Juegos/Foundry-daggerheart/Portable-FoundryVTT-v13.348/App/resources/app/dist/database/backend/server-document.mjs:1:2782)","timestamp":"2026-01-01 14:44:56"}
{"level":"error","message":"An error occurred during the migration of Item record [xGemeGMXhosaM22K] of database \"daggerheart-extra-content.classes\":\nError: Documents from a core version newer than the running version cannot be migrated\n    at Function._migrateRecord (file:///C:/Users/Juanjo/Desktop/Juegos/Foundry-daggerheart/Portable-FoundryVTT-v13.348/App/resources/app/dist/database/backend/server-document.mjs:1:3713)\n    at Function._migrateDocuments (file:///C:/Users/Juanjo/Desktop/Juegos/Foundry-daggerheart/Portable-FoundryVTT-v13.348/App/resources/app/dist/database/backend/server-document.mjs:1:2782)","timestamp":"2026-01-01 14:44:56"}
{"level":"error","message":"An error occurred during the migration of Item record [zzaKRTPuYEahfilp] of database \"daggerheart-extra-content.classes\":\nError: Documents from a core version newer than the running version cannot be migrated\n    at Function._migrateRecord (file:///C:/Users/Juanjo/Desktop/Juegos/Foundry-daggerheart/Portable-FoundryVTT-v13.348/App/resources/app/dist/database/backend/server-document.mjs:1:3713)\n    at Function._migrateDocuments (file:///C:/Users/Juanjo/Desktop/Juegos/Foundry-daggerheart/Portable-FoundryVTT-v13.348/App/resources/app/dist/database/backend/server-document.mjs:1:2782)","timestamp":"2026-01-01 14:44:56"}
{"level":"warn","message":"Database daggerheart-extra-content.classes was not fully migrated due to errors during migration.","timestamp":"2026-01-01 14:44:56"}
{"level":"info","message":"Launching World | Migrating Package Data - 72%","timestamp":"2026-01-01 14:44:56"}
{"level":"error","message":"An error occurred during the migration of Item record [0YAGrauVMvqpHUou] of database \"daggerheart-extra-content.subclasses\":\nError: Documents from a core version newer than the running version cannot be migrated\n    at Function._migrateRecord (file:///C:/Users/Juanjo/Desktop/Juegos/Foundry-daggerheart/Portable-FoundryVTT-v13.348/App/resources/app/dist/database/backend/server-document.mjs:1:3713)\n    at Function._migrateDocuments (file:///C:/Users/Juanjo/Desktop/Juegos/Foundry-daggerheart/Portable-FoundryVTT-v13.348/App/resources/app/dist/database/backend/server-document.mjs:1:2782)","timestamp":"2026-01-01 14:44:56"}
{"level":"error","message":"An error occurred during the migration of Item record [1vMdJBGISqJYzAA8] of database \"daggerheart-extra-content.subclasses\":\nError: Documents from a core version newer than the running version cannot be migrated\n    at Function._migrateRecord (file:///C:/Users/Juanjo/Desktop/Juegos/Foundry-daggerheart/Portable-FoundryVTT-v13.348/App/resources/app/dist/database/backend/server-document.mjs:1:3713)\n    at Function._migrateDocuments (file:///C:/Users/Juanjo/Desktop/Juegos/Foundry-daggerheart/Portable-FoundryVTT-v13.348/App/resources/app/dist/database/backend/server-document.mjs:1:2782)","timestamp":"2026-01-01 14:44:56"}
{"level":"error","message":"An error occurred during the migration of Item record [48oK5ke7KNhEoSBK] of database \"daggerheart-extra-content.subclasses\":\nError: Documents from a core version newer than the running version cannot be migrated\n    at Function._migrateRecord (file:///C:/Users/Juanjo/Desktop/Juegos/Foundry-daggerheart/Portable-FoundryVTT-v13.348/App/resources/app/dist/database/backend/server-document.mjs:1:3713)\n    at Function._migrateDocuments (file:///C:/Users/Juanjo/Desktop/Juegos/Foundry-daggerheart/Portable-FoundryVTT-v13.348/App/resources/app/dist/database/backend/server-document.mjs:1:2782)","timestamp":"2026-01-01 14:44:56"}
{"level":"error","message":"An error occurred during the migration of Item record [DeyoqbkHGP5Zm5bb] of database \"daggerheart-extra-content.subclasses\":\nError: Documents from a core version newer than the running version cannot be migrated\n    at Function._migrateRecord (file:///C:/Users/Juanjo/Desktop/Juegos/Foundry-daggerheart/Portable-FoundryVTT-v13.348/App/resources/app/dist/database/backend/server-document.mjs:1:3713)\n    at Function._migrateDocuments (file:///C:/Users/Juanjo/Desktop/Juegos/Foundry-daggerheart/Portable-FoundryVTT-v13.348/App/resources/app/dist/database/backend/server-document.mjs:1:2782)","timestamp":"2026-01-01 14:44:56"}
{"level":"error","message":"An error occurred during the migration of Item record [HQmOhlvOcO5GjiRG] of database \"daggerheart-extra-content.subclasses\":\nError: Documents from a core version newer than the running version cannot be migrated\n    at Function._migrateRecord (file:///C:/Users/Juanjo/Desktop/Juegos/Foundry-daggerheart/Portable-FoundryVTT-v13.348/App/resources/app/dist/database/backend/server-document.mjs:1:3713)\n    at Function._migrateDocuments (file:///C:/Users/Juanjo/Desktop/Juegos/Foundry-daggerheart/Portable-FoundryVTT-v13.348/App/resources/app/dist/database/backend/server-document.mjs:1:2782)","timestamp":"2026-01-01 14:44:56"}
{"level":"error","message":"An error occurred during the migration of Item record [LCqFlGKsObwYDIEm] of database \"daggerheart-extra-content.subclasses\":\nError: Documents from a core version newer than the running version cannot be migrated\n    at Function._migrateRecord (file:///C:/Users/Juanjo/Desktop/Juegos/Foundry-daggerheart/Portable-FoundryVTT-v13.348/App/resources/app/dist/database/backend/server-document.mjs:1:3713)\n    at Function._migrateDocuments (file:///C:/Users/Juanjo/Desktop/Juegos/Foundry-daggerheart/Portable-FoundryVTT-v13.348/App/resources/app/dist/database/backend/server-document.mjs:1:2782)","timestamp":"2026-01-01 14:44:56"}
{"level":"error","message":"An error occurred during the migration of Item record [ThjRka7o73hN3p0B] of database \"daggerheart-extra-content.subclasses\":\nError: Documents from a core version newer than the running version cannot be migrated\n    at Function._migrateRecord (file:///C:/Users/Juanjo/Desktop/Juegos/Foundry-daggerheart/Portable-FoundryVTT-v13.348/App/resources/app/dist/database/backend/server-document.mjs:1:3713)\n    at Function._migrateDocuments (file:///C:/Users/Juanjo/Desktop/Juegos/Foundry-daggerheart/Portable-FoundryVTT-v13.348/App/resources/app/dist/database/backend/server-document.mjs:1:2782)","timestamp":"2026-01-01 14:44:56"}
{"level":"error","message":"An error occurred during the migration of Item record [UOiFsix0pZrccp1y] of database \"daggerheart-extra-content.subclasses\":\nError: Documents from a core version newer than the running version cannot be migrated\n    at Function._migrateRecord (file:///C:/Users/Juanjo/Desktop/Juegos/Foundry-daggerheart/Portable-FoundryVTT-v13.348/App/resources/app/dist/database/backend/server-document.mjs:1:3713)\n    at Function._migrateDocuments (file:///C:/Users/Juanjo/Desktop/Juegos/Foundry-daggerheart/Portable-FoundryVTT-v13.348/App/resources/app/dist/database/backend/server-document.mjs:1:2782)","timestamp":"2026-01-01 14:44:56"}
{"level":"error","message":"An error occurred during the migration of Item record [YtPj46QA47slm76U] of database \"daggerheart-extra-content.subclasses\":\nError: Documents from a core version newer than the running version cannot be migrated\n    at Function._migrateRecord (file:///C:/Users/Juanjo/Desktop/Juegos/Foundry-daggerheart/Portable-FoundryVTT-v13.348/App/resources/app/dist/database/backend/server-document.mjs:1:3713)\n    at Function._migrateDocuments (file:///C:/Users/Juanjo/Desktop/Juegos/Foundry-daggerheart/Portable-FoundryVTT-v13.348/App/resources/app/dist/database/backend/server-document.mjs:1:2782)","timestamp":"2026-01-01 14:44:56"}
{"level":"error","message":"An error occurred during the migration of Item record [Z2oD6qtFjxzDYqWV] of database \"daggerheart-extra-content.subclasses\":\nError: Documents from a core version newer than the running version cannot be migrated\n    at Function._migrateRecord (file:///C:/Users/Juanjo/Desktop/Juegos/Foundry-daggerheart/Portable-FoundryVTT-v13.348/App/resources/app/dist/database/backend/server-document.mjs:1:3713)\n    at Function._migrateDocuments (file:///C:/Users/Juanjo/Desktop/Juegos/Foundry-daggerheart/Portable-FoundryVTT-v13.348/App/resources/app/dist/database/backend/server-document.mjs:1:2782)","timestamp":"2026-01-01 14:44:56"}
{"level":"error","message":"An error occurred during the migration of Item record [aKNaVPnQeDzCZl6w] of database \"daggerheart-extra-content.subclasses\":\nError: Documents from a core version newer than the running version cannot be migrated\n    at Function._migrateRecord (file:///C:/Users/Juanjo/Desktop/Juegos/Foundry-daggerheart/Portable-FoundryVTT-v13.348/App/resources/app/dist/database/backend/server-document.mjs:1:3713)\n    at Function._migrateDocuments (file:///C:/Users/Juanjo/Desktop/Juegos/Foundry-daggerheart/Portable-FoundryVTT-v13.348/App/resources/app/dist/database/backend/server-document.mjs:1:2782)","timestamp":"2026-01-01 14:44:56"}
{"level":"error","message":"An error occurred during the migration of Item record [bQMybQa340rpMCR8] of database \"daggerheart-extra-content.subclasses\":\nError: Documents from a core version newer than the running version cannot be migrated\n    at Function._migrateRecord (file:///C:/Users/Juanjo/Desktop/Juegos/Foundry-daggerheart/Portable-FoundryVTT-v13.348/App/resources/app/dist/database/backend/server-document.mjs:1:3713)\n    at Function._migrateDocuments (file:///C:/Users/Juanjo/Desktop/Juegos/Foundry-daggerheart/Portable-FoundryVTT-v13.348/App/resources/app/dist/database/backend/server-document.mjs:1:2782)","timestamp":"2026-01-01 14:44:56"}
{"level":"error","message":"An error occurred during the migration of Item record [eM46wwEPFHNI99sq] of database \"daggerheart-extra-content.subclasses\":\nError: Documents from a core version newer than the running version cannot be migrated\n    at Function._migrateRecord (file:///C:/Users/Juanjo/Desktop/Juegos/Foundry-daggerheart/Portable-FoundryVTT-v13.348/App/resources/app/dist/database/backend/server-document.mjs:1:3713)\n    at Function._migrateDocuments (file:///C:/Users/Juanjo/Desktop/Juegos/Foundry-daggerheart/Portable-FoundryVTT-v13.348/App/resources/app/dist/database/backend/server-document.mjs:1:2782)","timestamp":"2026-01-01 14:44:56"}
{"level":"error","message":"An error occurred during the migration of Item record [eQ8YQvNFJJnz9OqQ] of database \"daggerheart-extra-content.subclasses\":\nError: Documents from a core version newer than the running version cannot be migrated\n    at Function._migrateRecord (file:///C:/Users/Juanjo/Desktop/Juegos/Foundry-daggerheart/Portable-FoundryVTT-v13.348/App/resources/app/dist/database/backend/server-document.mjs:1:3713)\n    at Function._migrateDocuments (file:///C:/Users/Juanjo/Desktop/Juegos/Foundry-daggerheart/Portable-FoundryVTT-v13.348/App/resources/app/dist/database/backend/server-document.mjs:1:2782)","timestamp":"2026-01-01 14:44:56"}
{"level":"error","message":"An error occurred during the migration of Item record [hRIq3JkT9ZwZr5Qf] of database \"daggerheart-extra-content.subclasses\":\nError: Documents from a core version newer than the running version cannot be migrated\n    at Function._migrateRecord (file:///C:/Users/Juanjo/Desktop/Juegos/Foundry-daggerheart/Portable-FoundryVTT-v13.348/App/resources/app/dist/database/backend/server-document.mjs:1:3713)\n    at Function._migrateDocuments (file:///C:/Users/Juanjo/Desktop/Juegos/Foundry-daggerheart/Portable-FoundryVTT-v13.348/App/resources/app/dist/database/backend/server-document.mjs:1:2782)","timestamp":"2026-01-01 14:44:56"}
{"level":"error","message":"An error occurred during the migration of Item record [hZqlmZX7lIGN3auH] of database \"daggerheart-extra-content.subclasses\":\nError: Documents from a core version newer than the running version cannot be migrated\n    at Function._migrateRecord (file:///C:/Users/Juanjo/Desktop/Juegos/Foundry-daggerheart/Portable-FoundryVTT-v13.348/App/resources/app/dist/database/backend/server-document.mjs:1:3713)\n    at Function._migrateDocuments (file:///C:/Users/Juanjo/Desktop/Juegos/Foundry-daggerheart/Portable-FoundryVTT-v13.348/App/resources/app/dist/database/backend/server-document.mjs:1:2782)","timestamp":"2026-01-01 14:44:56"}
{"level":"error","message":"An error occurred during the migration of Item record [lwShv1Is6MN1zDor] of database \"daggerheart-extra-content.subclasses\":\nError: Documents from a core version newer than the running version cannot be migrated\n    at Function._migrateRecord (file:///C:/Users/Juanjo/Desktop/Juegos/Foundry-daggerheart/Portable-FoundryVTT-v13.348/App/resources/app/dist/database/backend/server-document.mjs:1:3713)\n    at Function._migrateDocuments (file:///C:/Users/Juanjo/Desktop/Juegos/Foundry-daggerheart/Portable-FoundryVTT-v13.348/App/resources/app/dist/database/backend/server-document.mjs:1:2782)","timestamp":"2026-01-01 14:44:56"}
{"level":"error","message":"An error occurred during the migration of Item record [oWFZxLUa6apOCBW6] of database \"daggerheart-extra-content.subclasses\":\nError: Documents from a core version newer than the running version cannot be migrated\n    at Function._migrateRecord (file:///C:/Users/Juanjo/Desktop/Juegos/Foundry-daggerheart/Portable-FoundryVTT-v13.348/App/resources/app/dist/database/backend/server-document.mjs:1:3713)\n    at Function._migrateDocuments (file:///C:/Users/Juanjo/Desktop/Juegos/Foundry-daggerheart/Portable-FoundryVTT-v13.348/App/resources/app/dist/database/backend/server-document.mjs:1:2782)","timestamp":"2026-01-01 14:44:56"}
{"level":"error","message":"An error occurred during the migration of Item record [uZZCmokDQbizjw1d] of database \"daggerheart-extra-content.subclasses\":\nError: Documents from a core version newer than the running version cannot be migrated\n    at Function._migrateRecord (file:///C:/Users/Juanjo/Desktop/Juegos/Foundry-daggerheart/Portable-FoundryVTT-v13.348/App/resources/app/dist/database/backend/server-document.mjs:1:3713)\n    at Function._migrateDocuments (file:///C:/Users/Juanjo/Desktop/Juegos/Foundry-daggerheart/Portable-FoundryVTT-v13.348/App/resources/app/dist/database/backend/server-document.mjs:1:2782)","timestamp":"2026-01-01 14:44:56"}
{"level":"error","message":"An error occurred during the migration of Item record [ytYGENKq8AtjYqTb] of database \"daggerheart-extra-content.subclasses\":\nError: Documents from a core version newer than the running version cannot be migrated\n    at Function._migrateRecord (file:///C:/Users/Juanjo/Desktop/Juegos/Foundry-daggerheart/Portable-FoundryVTT-v13.348/App/resources/app/dist/database/backend/server-document.mjs:1:3713)\n    at Function._migrateDocuments (file:///C:/Users/Juanjo/Desktop/Juegos/Foundry-daggerheart/Portable-FoundryVTT-v13.348/App/resources/app/dist/database/backend/server-document.mjs:1:2782)","timestamp":"2026-01-01 14:44:56"}
{"level":"warn","message":"Database daggerheart-extra-content.subclasses was not fully migrated due to errors during migration.","timestamp":"2026-01-01 14:44:56"}
{"level":"info","message":"Launching World | Migrating Package Data - 75%","timestamp":"2026-01-01 14:44:56"}
{"level":"error","message":"An error occurred during the migration of Item record [9X2envWaXGSWx82V] of database \"the-void-unofficial.classes\":\nError: Documents from a core version newer than the running version cannot be migrated\n    at Function._migrateRecord (file:///C:/Users/Juanjo/Desktop/Juegos/Foundry-daggerheart/Portable-FoundryVTT-v13.348/App/resources/app/dist/database/backend/server-document.mjs:1:3713)\n    at Function._migrateDocuments (file:///C:/Users/Juanjo/Desktop/Juegos/Foundry-daggerheart/Portable-FoundryVTT-v13.348/App/resources/app/dist/database/backend/server-document.mjs:1:2782)","timestamp":"2026-01-01 14:44:56"}
{"level":"error","message":"An error occurred during the migration of Item record [R0wYgWyPih4CpTE5] of database \"the-void-unofficial.classes\":\nError: Documents from a core version newer than the running version cannot be migrated\n    at Function._migrateRecord (file:///C:/Users/Juanjo/Desktop/Juegos/Foundry-daggerheart/Portable-FoundryVTT-v13.348/App/resources/app/dist/database/backend/server-document.mjs:1:3713)\n    at Function._migrateDocuments (file:///C:/Users/Juanjo/Desktop/Juegos/Foundry-daggerheart/Portable-FoundryVTT-v13.348/App/resources/app/dist/database/backend/server-document.mjs:1:2782)","timestamp":"2026-01-01 14:44:56"}
{"level":"error","message":"An error occurred during the migration of Item record [TGTBooD83OWXyQj1] of database \"the-void-unofficial.classes\":\nError: Documents from a core version newer than the running version cannot be migrated\n    at Function._migrateRecord (file:///C:/Users/Juanjo/Desktop/Juegos/Foundry-daggerheart/Portable-FoundryVTT-v13.348/App/resources/app/dist/database/backend/server-document.mjs:1:3713)\n    at Function._migrateDocuments (file:///C:/Users/Juanjo/Desktop/Juegos/Foundry-daggerheart/Portable-FoundryVTT-v13.348/App/resources/app/dist/database/backend/server-document.mjs:1:2782)","timestamp":"2026-01-01 14:44:56"}
{"level":"error","message":"An error occurred during the migration of Item record [gugHbXBWP24CFTJZ] of database \"the-void-unofficial.classes\":\nError: Documents from a core version newer than the running version cannot be migrated\n    at Function._migrateRecord (file:///C:/Users/Juanjo/Desktop/Juegos/Foundry-daggerheart/Portable-FoundryVTT-v13.348/App/resources/app/dist/database/backend/server-document.mjs:1:3713)\n    at Function._migrateDocuments (file:///C:/Users/Juanjo/Desktop/Juegos/Foundry-daggerheart/Portable-FoundryVTT-v13.348/App/resources/app/dist/database/backend/server-document.mjs:1:2782)","timestamp":"2026-01-01 14:44:56"}
{"level":"error","message":"An error occurred during the migration of Item record [m3CvI4nlskOu5jZS] of database \"the-void-unofficial.classes\":\nError: Documents from a core version newer than the running version cannot be migrated\n    at Function._migrateRecord (file:///C:/Users/Juanjo/Desktop/Juegos/Foundry-daggerheart/Portable-FoundryVTT-v13.348/App/resources/app/dist/database/backend/server-document.mjs:1:3713)\n    at Function._migrateDocuments (file:///C:/Users/Juanjo/Desktop/Juegos/Foundry-daggerheart/Portable-FoundryVTT-v13.348/App/resources/app/dist/database/backend/server-document.mjs:1:2782)","timestamp":"2026-01-01 14:44:56"}
{"level":"error","message":"An error occurred during the migration of Item record [otb0ThXWuqQzzWho] of database \"the-void-unofficial.classes\":\nError: Documents from a core version newer than the running version cannot be migrated\n    at Function._migrateRecord (file:///C:/Users/Juanjo/Desktop/Juegos/Foundry-daggerheart/Portable-FoundryVTT-v13.348/App/resources/app/dist/database/backend/server-document.mjs:1:3713)\n    at Function._migrateDocuments (file:///C:/Users/Juanjo/Desktop/Juegos/Foundry-daggerheart/Portable-FoundryVTT-v13.348/App/resources/app/dist/database/backend/server-document.mjs:1:2782)","timestamp":"2026-01-01 14:44:56"}
{"level":"error","message":"An error occurred during the migration of Item record [v5M0mxaTDJCyhAsR] of database \"the-void-unofficial.classes\":\nError: Documents from a core version newer than the running version cannot be migrated\n    at Function._migrateRecord (file:///C:/Users/Juanjo/Desktop/Juegos/Foundry-daggerheart/Portable-FoundryVTT-v13.348/App/resources/app/dist/database/backend/server-document.mjs:1:3713)\n    at Function._migrateDocuments (file:///C:/Users/Juanjo/Desktop/Juegos/Foundry-daggerheart/Portable-FoundryVTT-v13.348/App/resources/app/dist/database/backend/server-document.mjs:1:2782)","timestamp":"2026-01-01 14:44:56"}
{"level":"warn","message":"Database the-void-unofficial.classes was not fully migrated due to errors during migration.","timestamp":"2026-01-01 14:44:56"}
{"level":"info","message":"Launching World | Migrating Package Data - 78%","timestamp":"2026-01-01 14:44:56"}
{"level":"error","message":"An error occurred during the migration of Item record [1PPk39iarFpWylOi] of database \"the-void-unofficial.subclasses\":\nError: Documents from a core version newer than the running version cannot be migrated\n    at Function._migrateRecord (file:///C:/Users/Juanjo/Desktop/Juegos/Foundry-daggerheart/Portable-FoundryVTT-v13.348/App/resources/app/dist/database/backend/server-document.mjs:1:3713)\n    at Function._migrateDocuments (file:///C:/Users/Juanjo/Desktop/Juegos/Foundry-daggerheart/Portable-FoundryVTT-v13.348/App/resources/app/dist/database/backend/server-document.mjs:1:2782)","timestamp":"2026-01-01 14:44:56"}
{"level":"error","message":"An error occurred during the migration of Item record [4Jaekd41DdaPdWkw] of database \"the-void-unofficial.subclasses\":\nError: Documents from a core version newer than the running version cannot be migrated\n    at Function._migrateRecord (file:///C:/Users/Juanjo/Desktop/Juegos/Foundry-daggerheart/Portable-FoundryVTT-v13.348/App/resources/app/dist/database/backend/server-document.mjs:1:3713)\n    at Function._migrateDocuments (file:///C:/Users/Juanjo/Desktop/Juegos/Foundry-daggerheart/Portable-FoundryVTT-v13.348/App/resources/app/dist/database/backend/server-document.mjs:1:2782)","timestamp":"2026-01-01 14:44:56"}
{"level":"error","message":"An error occurred during the migration of Item record [8EGGJmnqPBs9CrO9] of database \"the-void-unofficial.subclasses\":\nError: Documents from a core version newer than the running version cannot be migrated\n    at Function._migrateRecord (file:///C:/Users/Juanjo/Desktop/Juegos/Foundry-daggerheart/Portable-FoundryVTT-v13.348/App/resources/app/dist/database/backend/server-document.mjs:1:3713)\n    at Function._migrateDocuments (file:///C:/Users/Juanjo/Desktop/Juegos/Foundry-daggerheart/Portable-FoundryVTT-v13.348/App/resources/app/dist/database/backend/server-document.mjs:1:2782)","timestamp":"2026-01-01 14:44:56"}
{"level":"error","message":"An error occurred during the migration of Item record [GXYbLE8fG6fmGvFE] of database \"the-void-unofficial.subclasses\":\nError: Documents from a core version newer than the running version cannot be migrated\n    at Function._migrateRecord (file:///C:/Users/Juanjo/Desktop/Juegos/Foundry-daggerheart/Portable-FoundryVTT-v13.348/App/resources/app/dist/database/backend/server-document.mjs:1:3713)\n    at Function._migrateDocuments (file:///C:/Users/Juanjo/Desktop/Juegos/Foundry-daggerheart/Portable-FoundryVTT-v13.348/App/resources/app/dist/database/backend/server-document.mjs:1:2782)","timestamp":"2026-01-01 14:44:56"}
{"level":"error","message":"An error occurred during the migration of Item record [H8iGhoEsLwbhmUjb] of database \"the-void-unofficial.subclasses\":\nError: Documents from a core version newer than the running version cannot be migrated\n    at Function._migrateRecord (file:///C:/Users/Juanjo/Desktop/Juegos/Foundry-daggerheart/Portable-FoundryVTT-v13.348/App/resources/app/dist/database/backend/server-document.mjs:1:3713)\n    at Function._migrateDocuments (file:///C:/Users/Juanjo/Desktop/Juegos/Foundry-daggerheart/Portable-FoundryVTT-v13.348/App/resources/app/dist/database/backend/server-document.mjs:1:2782)","timestamp":"2026-01-01 14:44:56"}
{"level":"error","message":"An error occurred during the migration of Item record [JIO4bvmWGH4tTXpQ] of database \"the-void-unofficial.subclasses\":\nError: Documents from a core version newer than the running version cannot be migrated\n    at Function._migrateRecord (file:///C:/Users/Juanjo/Desktop/Juegos/Foundry-daggerheart/Portable-FoundryVTT-v13.348/App/resources/app/dist/database/backend/server-document.mjs:1:3713)\n    at Function._migrateDocuments (file:///C:/Users/Juanjo/Desktop/Juegos/Foundry-daggerheart/Portable-FoundryVTT-v13.348/App/resources/app/dist/database/backend/server-document.mjs:1:2782)","timestamp":"2026-01-01 14:44:56"}
{"level":"error","message":"An error occurred during the migration of Item record [JWlQd6XSBB22ASBs] of database \"the-void-unofficial.subclasses\":\nError: Documents from a core version newer than the running version cannot be migrated\n    at Function._migrateRecord (file:///C:/Users/Juanjo/Desktop/Juegos/Foundry-daggerheart/Portable-FoundryVTT-v13.348/App/resources/app/dist/database/backend/server-document.mjs:1:3713)\n    at Function._migrateDocuments (file:///C:/Users/Juanjo/Desktop/Juegos/Foundry-daggerheart/Portable-FoundryVTT-v13.348/App/resources/app/dist/database/backend/server-document.mjs:1:2782)","timestamp":"2026-01-01 14:44:56"}
{"level":"error","message":"An error occurred during the migration of Item record [JiPSjjjWxSbnoQRe] of database \"the-void-unofficial.subclasses\":\nError: Documents from a core version newer than the running version cannot be migrated\n    at Function._migrateRecord (file:///C:/Users/Juanjo/Desktop/Juegos/Foundry-daggerheart/Portable-FoundryVTT-v13.348/App/resources/app/dist/database/backend/server-document.mjs:1:3713)\n    at Function._migrateDocuments (file:///C:/Users/Juanjo/Desktop/Juegos/Foundry-daggerheart/Portable-FoundryVTT-v13.348/App/resources/app/dist/database/backend/server-document.mjs:1:2782)","timestamp":"2026-01-01 14:44:56"}
{"level":"error","message":"An error occurred during the migration of Item record [XeSsopeDDreSRv5A] of database \"the-void-unofficial.subclasses\":\nError: Documents from a core version newer than the running version cannot be migrated\n    at Function._migrateRecord (file:///C:/Users/Juanjo/Desktop/Juegos/Foundry-daggerheart/Portable-FoundryVTT-v13.348/App/resources/app/dist/database/backend/server-document.mjs:1:3713)\n    at Function._migrateDocuments (file:///C:/Users/Juanjo/Desktop/Juegos/Foundry-daggerheart/Portable-FoundryVTT-v13.348/App/resources/app/dist/database/backend/server-document.mjs:1:2782)","timestamp":"2026-01-01 14:44:56"}
{"level":"error","message":"An error occurred during the migration of Item record [YN38IzjqW5paIy92] of database \"the-void-unofficial.subclasses\":\nError: Documents from a core version newer than the running version cannot be migrated\n    at Function._migrateRecord (file:///C:/Users/Juanjo/Desktop/Juegos/Foundry-daggerheart/Portable-FoundryVTT-v13.348/App/resources/app/dist/database/backend/server-document.mjs:1:3713)\n    at Function._migrateDocuments (file:///C:/Users/Juanjo/Desktop/Juegos/Foundry-daggerheart/Portable-FoundryVTT-v13.348/App/resources/app/dist/database/backend/server-document.mjs:1:2782)","timestamp":"2026-01-01 14:44:56"}
{"level":"error","message":"An error occurred during the migration of Item record [ZYdJamwMgRsiG733] of database \"the-void-unofficial.subclasses\":\nError: Documents from a core version newer than the running version cannot be migrated\n    at Function._migrateRecord (file:///C:/Users/Juanjo/Desktop/Juegos/Foundry-daggerheart/Portable-FoundryVTT-v13.348/App/resources/app/dist/database/backend/server-document.mjs:1:3713)\n    at Function._migrateDocuments (file:///C:/Users/Juanjo/Desktop/Juegos/Foundry-daggerheart/Portable-FoundryVTT-v13.348/App/resources/app/dist/database/backend/server-document.mjs:1:2782)","timestamp":"2026-01-01 14:44:56"}
{"level":"error","message":"An error occurred during the migration of Item record [aFtWBHgUBxsCptI2] of database \"the-void-unofficial.subclasses\":\nError: Documents from a core version newer than the running version cannot be migrated\n    at Function._migrateRecord (file:///C:/Users/Juanjo/Desktop/Juegos/Foundry-daggerheart/Portable-FoundryVTT-v13.348/App/resources/app/dist/database/backend/server-document.mjs:1:3713)\n    at Function._migrateDocuments (file:///C:/Users/Juanjo/Desktop/Juegos/Foundry-daggerheart/Portable-FoundryVTT-v13.348/App/resources/app/dist/database/backend/server-document.mjs:1:2782)","timestamp":"2026-01-01 14:44:56"}
{"level":"error","message":"An error occurred during the migration of Item record [h0PlfOo87vjMIR2n] of database \"the-void-unofficial.subclasses\":\nError: Documents from a core version newer than the running version cannot be migrated\n    at Function._migrateRecord (file:///C:/Users/Juanjo/Desktop/Juegos/Foundry-daggerheart/Portable-FoundryVTT-v13.348/App/resources/app/dist/database/backend/server-document.mjs:1:3713)\n    at Function._migrateDocuments (file:///C:/Users/Juanjo/Desktop/Juegos/Foundry-daggerheart/Portable-FoundryVTT-v13.348/App/resources/app/dist/database/backend/server-document.mjs:1:2782)","timestamp":"2026-01-01 14:44:56"}
{"level":"error","message":"An error occurred during the migration of Item record [h3bzYGrnwkKQBJ6d] of database \"the-void-unofficial.subclasses\":\nError: Documents from a core version newer than the running version cannot be migrated\n    at Function._migrateRecord (file:///C:/Users/Juanjo/Desktop/Juegos/Foundry-daggerheart/Portable-FoundryVTT-v13.348/App/resources/app/dist/database/backend/server-document.mjs:1:3713)\n    at Function._migrateDocuments (file:///C:/Users/Juanjo/Desktop/Juegos/Foundry-daggerheart/Portable-FoundryVTT-v13.348/App/resources/app/dist/database/backend/server-document.mjs:1:2782)","timestamp":"2026-01-01 14:44:56"}
{"level":"error","message":"An error occurred during the migration of Item record [mRNqGokQNZEK8GSP] of database \"the-void-unofficial.subclasses\":\nError: Documents from a core version newer than the running version cannot be migrated\n    at Function._migrateRecord (file:///C:/Users/Juanjo/Desktop/Juegos/Foundry-daggerheart/Portable-FoundryVTT-v13.348/App/resources/app/dist/database/backend/server-document.mjs:1:3713)\n    at Function._migrateDocuments (file:///C:/Users/Juanjo/Desktop/Juegos/Foundry-daggerheart/Portable-FoundryVTT-v13.348/App/resources/app/dist/database/backend/server-document.mjs:1:2782)","timestamp":"2026-01-01 14:44:56"}
{"level":"error","message":"An error occurred during the migration of Item record [sajwdoQ5JVzqeqsj] of database \"the-void-unofficial.subclasses\":\nError: Documents from a core version newer than the running version cannot be migrated\n    at Function._migrateRecord (file:///C:/Users/Juanjo/Desktop/Juegos/Foundry-daggerheart/Portable-FoundryVTT-v13.348/App/resources/app/dist/database/backend/server-document.mjs:1:3713)\n    at Function._migrateDocuments (file:///C:/Users/Juanjo/Desktop/Juegos/Foundry-daggerheart/Portable-FoundryVTT-v13.348/App/resources/app/dist/database/backend/server-document.mjs:1:2782)","timestamp":"2026-01-01 14:44:56"}
{"level":"error","message":"An error occurred during the migration of Item record [ulURXMXGHT33vnD9] of database \"the-void-unofficial.subclasses\":\nError: Documents from a core version newer than the running version cannot be migrated\n    at Function._migrateRecord (file:///C:/Users/Juanjo/Desktop/Juegos/Foundry-daggerheart/Portable-FoundryVTT-v13.348/App/resources/app/dist/database/backend/server-document.mjs:1:3713)\n    at Function._migrateDocuments (file:///C:/Users/Juanjo/Desktop/Juegos/Foundry-daggerheart/Portable-FoundryVTT-v13.348/App/resources/app/dist/database/backend/server-document.mjs:1:2782)","timestamp":"2026-01-01 14:44:56"}
{"level":"error","message":"An error occurred during the migration of Item record [zkpNSVJfpnR0InYL] of database \"the-void-unofficial.subclasses\":\nError: Documents from a core version newer than the running version cannot be migrated\n    at Function._migrateRecord (file:///C:/Users/Juanjo/Desktop/Juegos/Foundry-daggerheart/Portable-FoundryVTT-v13.348/App/resources/app/dist/database/backend/server-document.mjs:1:3713)\n    at Function._migrateDocuments (file:///C:/Users/Juanjo/Desktop/Juegos/Foundry-daggerheart/Portable-FoundryVTT-v13.348/App/resources/app/dist/database/backend/server-document.mjs:1:2782)","timestamp":"2026-01-01 14:44:56"}
{"level":"warn","message":"Database the-void-unofficial.subclasses was not fully migrated due to errors during migration.","timestamp":"2026-01-01 14:44:56"}
{"level":"info","message":"Launching World | Migrating Package Data - 81%","timestamp":"2026-01-01 14:44:56"}
{"level":"info","message":"Launching World | Migrating Package Data - 83%","timestamp":"2026-01-01 14:44:56"}
{"level":"info","message":"Launching World | Migrating Package Data - 86%","timestamp":"2026-01-01 14:44:56"}
{"level":"error","message":"An error occurred during the migration of Item record [0NoQWqYOiPdXdUhQ] of database \"the-void-unofficial.domains\":\nError: Documents from a core version newer than the running version cannot be migrated\n    at Function._migrateRecord (file:///C:/Users/Juanjo/Desktop/Juegos/Foundry-daggerheart/Portable-FoundryVTT-v13.348/App/resources/app/dist/database/backend/server-document.mjs:1:3713)\n    at Function._migrateDocuments (file:///C:/Users/Juanjo/Desktop/Juegos/Foundry-daggerheart/Portable-FoundryVTT-v13.348/App/resources/app/dist/database/backend/server-document.mjs:1:2782)","timestamp":"2026-01-01 14:44:56"}
{"level":"error","message":"An error occurred during the migration of Item record [176CHYdrz550TiEa] of database \"the-void-unofficial.domains\":\nError: Documents from a core version newer than the running version cannot be migrated\n    at Function._migrateRecord (file:///C:/Users/Juanjo/Desktop/Juegos/Foundry-daggerheart/Portable-FoundryVTT-v13.348/App/resources/app/dist/database/backend/server-document.mjs:1:3713)\n    at Function._migrateDocuments (file:///C:/Users/Juanjo/Desktop/Juegos/Foundry-daggerheart/Portable-FoundryVTT-v13.348/App/resources/app/dist/database/backend/server-document.mjs:1:2782)","timestamp":"2026-01-01 14:44:56"}
{"level":"error","message":"An error occurred during the migration of Item record [65NWcF4RSZgyJXFt] of database \"the-void-unofficial.domains\":\nError: Documents from a core version newer than the running version cannot be migrated\n    at Function._migrateRecord (file:///C:/Users/Juanjo/Desktop/Juegos/Foundry-daggerheart/Portable-FoundryVTT-v13.348/App/resources/app/dist/database/backend/server-document.mjs:1:3713)\n    at Function._migrateDocuments (file:///C:/Users/Juanjo/Desktop/Juegos/Foundry-daggerheart/Portable-FoundryVTT-v13.348/App/resources/app/dist/database/backend/server-document.mjs:1:2782)","timestamp":"2026-01-01 14:44:56"}
{"level":"error","message":"An error occurred during the migration of Item record [88xwPHpicN5uBo0f] of database \"the-void-unofficial.domains\":\nError: Documents from a core version newer than the running version cannot be migrated\n    at Function._migrateRecord (file:///C:/Users/Juanjo/Desktop/Juegos/Foundry-daggerheart/Portable-FoundryVTT-v13.348/App/resources/app/dist/database/backend/server-document.mjs:1:3713)\n    at Function._migrateDocuments (file:///C:/Users/Juanjo/Desktop/Juegos/Foundry-daggerheart/Portable-FoundryVTT-v13.348/App/resources/app/dist/database/backend/server-document.mjs:1:2782)","timestamp":"2026-01-01 14:44:56"}
{"level":"error","message":"An error occurred during the migration of Item record [9wxJJpH25cxmtx5W] of database \"the-void-unofficial.domains\":\nError: Documents from a core version newer than the running version cannot be migrated\n    at Function._migrateRecord (file:///C:/Users/Juanjo/Desktop/Juegos/Foundry-daggerheart/Portable-FoundryVTT-v13.348/App/resources/app/dist/database/backend/server-document.mjs:1:3713)\n    at Function._migrateDocuments (file:///C:/Users/Juanjo/Desktop/Juegos/Foundry-daggerheart/Portable-FoundryVTT-v13.348/App/resources/app/dist/database/backend/server-document.mjs:1:2782)","timestamp":"2026-01-01 14:44:56"}
{"level":"error","message":"An error occurred during the migration of Item record [BFkzJkWY4HejN4WR] of database \"the-void-unofficial.domains\":\nError: Documents from a core version newer than the running version cannot be migrated\n    at Function._migrateRecord (file:///C:/Users/Juanjo/Desktop/Juegos/Foundry-daggerheart/Portable-FoundryVTT-v13.348/App/resources/app/dist/database/backend/server-document.mjs:1:3713)\n    at Function._migrateDocuments (file:///C:/Users/Juanjo/Desktop/Juegos/Foundry-daggerheart/Portable-FoundryVTT-v13.348/App/resources/app/dist/database/backend/server-document.mjs:1:2782)","timestamp":"2026-01-01 14:44:56"}
{"level":"error","message":"An error occurred during the migration of Item record [BQF5xVKRVQdhGAf8] of database \"the-void-unofficial.domains\":\nError: Documents from a core version newer than the running version cannot be migrated\n    at Function._migrateRecord (file:///C:/Users/Juanjo/Desktop/Juegos/Foundry-daggerheart/Portable-FoundryVTT-v13.348/App/resources/app/dist/database/backend/server-document.mjs:1:3713)\n    at Function._migrateDocuments (file:///C:/Users/Juanjo/Desktop/Juegos/Foundry-daggerheart/Portable-FoundryVTT-v13.348/App/resources/app/dist/database/backend/server-document.mjs:1:2782)","timestamp":"2026-01-01 14:44:56"}
{"level":"error","message":"An error occurred during the migration of Item record [BctVkNUWYL5Eww2k] of database \"the-void-unofficial.domains\":\nError: Documents from a core version newer than the running version cannot be migrated\n    at Function._migrateRecord (file:///C:/Users/Juanjo/Desktop/Juegos/Foundry-daggerheart/Portable-FoundryVTT-v13.348/App/resources/app/dist/database/backend/server-document.mjs:1:3713)\n    at Function._migrateDocuments (file:///C:/Users/Juanjo/Desktop/Juegos/Foundry-daggerheart/Portable-FoundryVTT-v13.348/App/resources/app/dist/database/backend/server-document.mjs:1:2782)","timestamp":"2026-01-01 14:44:56"}
{"level":"error","message":"An error occurred during the migration of Item record [CQbmQH1Xqr1BjLWW] of database \"the-void-unofficial.domains\":\nError: Documents from a core version newer than the running version cannot be migrated\n    at Function._migrateRecord (file:///C:/Users/Juanjo/Desktop/Juegos/Foundry-daggerheart/Portable-FoundryVTT-v13.348/App/resources/app/dist/database/backend/server-document.mjs:1:3713)\n    at Function._migrateDocuments (file:///C:/Users/Juanjo/Desktop/Juegos/Foundry-daggerheart/Portable-FoundryVTT-v13.348/App/resources/app/dist/database/backend/server-document.mjs:1:2782)","timestamp":"2026-01-01 14:44:56"}
{"level":"error","message":"An error occurred during the migration of Item record [Du7UHRd0CweyuXil] of database \"the-void-unofficial.domains\":\nError: Documents from a core version newer than the running version cannot be migrated\n    at Function._migrateRecord (file:///C:/Users/Juanjo/Desktop/Juegos/Foundry-daggerheart/Portable-FoundryVTT-v13.348/App/resources/app/dist/database/backend/server-document.mjs:1:3713)\n    at Function._migrateDocuments (file:///C:/Users/Juanjo/Desktop/Juegos/Foundry-daggerheart/Portable-FoundryVTT-v13.348/App/resources/app/dist/database/backend/server-document.mjs:1:2782)","timestamp":"2026-01-01 14:44:56"}
{"level":"error","message":"An error occurred during the migration of Item record [LOPtjnPVjWQEzrZx] of database \"the-void-unofficial.domains\":\nError: Documents from a core version newer than the running version cannot be migrated\n    at Function._migrateRecord (file:///C:/Users/Juanjo/Desktop/Juegos/Foundry-daggerheart/Portable-FoundryVTT-v13.348/App/resources/app/dist/database/backend/server-document.mjs:1:3713)\n    at Function._migrateDocuments (file:///C:/Users/Juanjo/Desktop/Juegos/Foundry-daggerheart/Portable-FoundryVTT-v13.348/App/resources/app/dist/database/backend/server-document.mjs:1:2782)","timestamp":"2026-01-01 14:44:56"}
{"level":"error","message":"An error occurred during the migration of Item record [Q3RpYwdlDyCQPJHr] of database \"the-void-unofficial.domains\":\nError: Documents from a core version newer than the running version cannot be migrated\n    at Function._migrateRecord (file:///C:/Users/Juanjo/Desktop/Juegos/Foundry-daggerheart/Portable-FoundryVTT-v13.348/App/resources/app/dist/database/backend/server-document.mjs:1:3713)\n    at Function._migrateDocuments (file:///C:/Users/Juanjo/Desktop/Juegos/Foundry-daggerheart/Portable-FoundryVTT-v13.348/App/resources/app/dist/database/backend/server-document.mjs:1:2782)","timestamp":"2026-01-01 14:44:56"}
{"level":"error","message":"An error occurred during the migration of Item record [WAUpMdW2TD8KVusi] of database \"the-void-unofficial.domains\":\nError: Documents from a core version newer than the running version cannot be migrated\n    at Function._migrateRecord (file:///C:/Users/Juanjo/Desktop/Juegos/Foundry-daggerheart/Portable-FoundryVTT-v13.348/App/resources/app/dist/database/backend/server-document.mjs:1:3713)\n    at Function._migrateDocuments (file:///C:/Users/Juanjo/Desktop/Juegos/Foundry-daggerheart/Portable-FoundryVTT-v13.348/App/resources/app/dist/database/backend/server-document.mjs:1:2782)","timestamp":"2026-01-01 14:44:56"}
{"level":"error","message":"An error occurred during the migration of Item record [XGDsPevKx3P1mdpH] of database \"the-void-unofficial.domains\":\nError: Documents from a core version newer than the running version cannot be migrated\n    at Function._migrateRecord (file:///C:/Users/Juanjo/Desktop/Juegos/Foundry-daggerheart/Portable-FoundryVTT-v13.348/App/resources/app/dist/database/backend/server-document.mjs:1:3713)\n    at Function._migrateDocuments (file:///C:/Users/Juanjo/Desktop/Juegos/Foundry-daggerheart/Portable-FoundryVTT-v13.348/App/resources/app/dist/database/backend/server-document.mjs:1:2782)","timestamp":"2026-01-01 14:44:56"}
{"level":"error","message":"An error occurred during the migration of Item record [cOFRHlxyTtRlbumc] of database \"the-void-unofficial.domains\":\nError: Documents from a core version newer than the running version cannot be migrated\n    at Function._migrateRecord (file:///C:/Users/Juanjo/Desktop/Juegos/Foundry-daggerheart/Portable-FoundryVTT-v13.348/App/resources/app/dist/database/backend/server-document.mjs:1:3713)\n    at Function._migrateDocuments (file:///C:/Users/Juanjo/Desktop/Juegos/Foundry-daggerheart/Portable-FoundryVTT-v13.348/App/resources/app/dist/database/backend/server-document.mjs:1:2782)","timestamp":"2026-01-01 14:44:56"}
{"level":"error","message":"An error occurred during the migration of Item record [dVUQ7Rp9luM7Zekw] of database \"the-void-unofficial.domains\":\nError: Documents from a core version newer than the running version cannot be migrated\n    at Function._migrateRecord (file:///C:/Users/Juanjo/Desktop/Juegos/Foundry-daggerheart/Portable-FoundryVTT-v13.348/App/resources/app/dist/database/backend/server-document.mjs:1:3713)\n    at Function._migrateDocuments (file:///C:/Users/Juanjo/Desktop/Juegos/Foundry-daggerheart/Portable-FoundryVTT-v13.348/App/resources/app/dist/database/backend/server-document.mjs:1:2782)","timestamp":"2026-01-01 14:44:56"}
{"level":"error","message":"An error occurred during the migration of Item record [gSsxO2xiMxANuBIz] of database \"the-void-unofficial.domains\":\nError: Documents from a core version newer than the running version cannot be migrated\n    at Function._migrateRecord (file:///C:/Users/Juanjo/Desktop/Juegos/Foundry-daggerheart/Portable-FoundryVTT-v13.348/App/resources/app/dist/database/backend/server-document.mjs:1:3713)\n    at Function._migrateDocuments (file:///C:/Users/Juanjo/Desktop/Juegos/Foundry-daggerheart/Portable-FoundryVTT-v13.348/App/resources/app/dist/database/backend/server-document.mjs:1:2782)","timestamp":"2026-01-01 14:44:56"}
{"level":"error","message":"An error occurred during the migration of Item record [gaDhu9iAdChYFcm2] of database \"the-void-unofficial.domains\":\nError: Documents from a core version newer than the running version cannot be migrated\n    at Function._migrateRecord (file:///C:/Users/Juanjo/Desktop/Juegos/Foundry-daggerheart/Portable-FoundryVTT-v13.348/App/resources/app/dist/database/backend/server-document.mjs:1:3713)\n    at Function._migrateDocuments (file:///C:/Users/Juanjo/Desktop/Juegos/Foundry-daggerheart/Portable-FoundryVTT-v13.348/App/resources/app/dist/database/backend/server-document.mjs:1:2782)","timestamp":"2026-01-01 14:44:56"}
{"level":"error","message":"An error occurred during the migration of Item record [hmDOLwJEZlbuOKNT] of database \"the-void-unofficial.domains\":\nError: Documents from a core version newer than the running version cannot be migrated\n    at Function._migrateRecord (file:///C:/Users/Juanjo/Desktop/Juegos/Foundry-daggerheart/Portable-FoundryVTT-v13.348/App/resources/app/dist/database/backend/server-document.mjs:1:3713)\n    at Function._migrateDocuments (file:///C:/Users/Juanjo/Desktop/Juegos/Foundry-daggerheart/Portable-FoundryVTT-v13.348/App/resources/app/dist/database/backend/server-document.mjs:1:2782)","timestamp":"2026-01-01 14:44:56"}
{"level":"error","message":"An error occurred during the migration of Item record [lo8WVAuTWsAh6QBf] of database \"the-void-unofficial.domains\":\nError: Documents from a core version newer than the running version cannot be migrated\n    at Function._migrateRecord (file:///C:/Users/Juanjo/Desktop/Juegos/Foundry-daggerheart/Portable-FoundryVTT-v13.348/App/resources/app/dist/database/backend/server-document.mjs:1:3713)\n    at Function._migrateDocuments (file:///C:/Users/Juanjo/Desktop/Juegos/Foundry-daggerheart/Portable-FoundryVTT-v13.348/App/resources/app/dist/database/backend/server-document.mjs:1:2782)","timestamp":"2026-01-01 14:44:56"}
{"level":"error","message":"An error occurred during the migration of Item record [yGbgSMuL43quImEV] of database \"the-void-unofficial.domains\":\nError: Documents from a core version newer than the running version cannot be migrated\n    at Function._migrateRecord (file:///C:/Users/Juanjo/Desktop/Juegos/Foundry-daggerheart/Portable-FoundryVTT-v13.348/App/resources/app/dist/database/backend/server-document.mjs:1:3713)\n    at Function._migrateDocuments (file:///C:/Users/Juanjo/Desktop/Juegos/Foundry-daggerheart/Portable-FoundryVTT-v13.348/App/resources/app/dist/database/backend/server-document.mjs:1:2782)","timestamp":"2026-01-01 14:44:56"}
{"level":"warn","message":"Database the-void-unofficial.domains was not fully migrated due to errors during migration.","timestamp":"2026-01-01 14:44:56"}
{"level":"info","message":"Launching World | Migrating Package Data - 89%","timestamp":"2026-01-01 14:44:56"}
{"level":"info","message":"Launching World | Migrating Package Data - 92%","timestamp":"2026-01-01 14:44:56"}
{"level":"error","message":"An error occurred during the migration of Item record [cg2pnUEwJ7q4k28d] of database \"the-void-unofficial.weapons\":\nError: Documents from a core version newer than the running version cannot be migrated\n    at Function._migrateRecord (file:///C:/Users/Juanjo/Desktop/Juegos/Foundry-daggerheart/Portable-FoundryVTT-v13.348/App/resources/app/dist/database/backend/server-document.mjs:1:3713)\n    at Function._migrateDocuments (file:///C:/Users/Juanjo/Desktop/Juegos/Foundry-daggerheart/Portable-FoundryVTT-v13.348/App/resources/app/dist/database/backend/server-document.mjs:1:2782)","timestamp":"2026-01-01 14:44:56"}
{"level":"error","message":"An error occurred during the migration of Item record [lHFiIpH2lrBBaT4o] of database \"the-void-unofficial.weapons\":\nError: Documents from a core version newer than the running version cannot be migrated\n    at Function._migrateRecord (file:///C:/Users/Juanjo/Desktop/Juegos/Foundry-daggerheart/Portable-FoundryVTT-v13.348/App/resources/app/dist/database/backend/server-document.mjs:1:3713)\n    at Function._migrateDocuments (file:///C:/Users/Juanjo/Desktop/Juegos/Foundry-daggerheart/Portable-FoundryVTT-v13.348/App/resources/app/dist/database/backend/server-document.mjs:1:2782)","timestamp":"2026-01-01 14:44:56"}
{"level":"warn","message":"Database the-void-unofficial.weapons was not fully migrated due to errors during migration.","timestamp":"2026-01-01 14:44:56"}
{"level":"info","message":"Launching World | Migrating Package Data - 94%","timestamp":"2026-01-01 14:44:56"}
{"level":"info","message":"Launching World | Migrating Package Data - 97%","timestamp":"2026-01-01 14:44:56"}
{"level":"info","message":"Launching World | Migrating Package Data - 100%","timestamp":"2026-01-01 14:44:56"}
{"level":"info","message":"Launching World | Complete","timestamp":"2026-01-01 14:44:56"}
{"ip":"::1","level":"info","message":"User authentication successful for user Gamemaster","session":"78c76f6553ea8ae271de8012","timestamp":"2026-01-01 14:44:58"}
{"level":"info","message":"Daggerheart update 1.4.4 is now available!","timestamp":"2026-01-01 14:45:00"}
{"level":"info","message":"Vended World data to User [sjVrMusZqwSBFvXT] in 838ms","timestamp":"2026-01-01 14:45:00"}
{"level":"info","message":"Toggling game pause status to false","timestamp":"2026-01-01 14:45:02"}
{"level":"info","message":"Created ChatMessage with id [X2ejaS36IzahTSpe]","timestamp":"2026-01-01 14:45:02"}
{"level":"info","message":"Deleted ChatMessage with id [X2ejaS36IzahTSpe]","timestamp":"2026-01-01 14:45:04"}
{"level":"info","message":"Daggerheart update 1.4.4 is now available!","timestamp":"2026-01-01 14:45:24"}
{"level":"info","message":"Vended World data to User [tbPfLYIkcfydMgjn] in 364ms","timestamp":"2026-01-01 14:45:24"}
{"level":"info","message":"Created Token with id [j9mFChCPy7ACrluE] in parent Scene [Yqxyw4nFncHCHwoT]","timestamp":"2026-01-01 14:46:09"}
{"level":"info","message":"Created Token with id [HOovrxmXF3uwuDIh] in parent Scene [Yqxyw4nFncHCHwoT]","timestamp":"2026-01-01 14:46:10"}
{"level":"info","message":"Created Token with id [BRC7SuTYFaK6EIv2] in parent Scene [Yqxyw4nFncHCHwoT]","timestamp":"2026-01-01 14:46:11"}
{"level":"info","message":"Created Token with id [5MwN6blo8MM2yLFa] in parent Scene [Yqxyw4nFncHCHwoT]","timestamp":"2026-01-01 14:46:42"}
{"level":"info","message":"Created Token with id [UsVEsGU2lKksE8qR] in parent Scene [Yqxyw4nFncHCHwoT]","timestamp":"2026-01-01 14:46:43"}
{"level":"info","message":"Created Token with id [eZuRiRCB2deT6Coq] in parent Scene [Yqxyw4nFncHCHwoT]","timestamp":"2026-01-01 14:46:43"}
{"level":"info","message":"Deleted 3 Token documents with ids: [5MwN6blo8MM2yLFa,UsVEsGU2lKksE8qR,eZuRiRCB2deT6Coq] in parent Scene [Yqxyw4nFncHCHwoT]","timestamp":"2026-01-01 14:46:53"}
{"level":"info","message":"Deleted 3 Token documents with ids: [BRC7SuTYFaK6EIv2,oqm5a4ETxM59FcHP,HOovrxmXF3uwuDIh] in parent Scene [Yqxyw4nFncHCHwoT]","timestamp":"2026-01-01 14:53:53"}
{"level":"info","message":"Created Token with id [QawAZ2JAzh2M9Nn5] in parent Scene [Yqxyw4nFncHCHwoT]","timestamp":"2026-01-01 14:54:04"}
{"level":"info","message":"Created Token with id [qHyN8t5TTVAiTUaT] in parent Scene [Yqxyw4nFncHCHwoT]","timestamp":"2026-01-01 14:54:06"}
{"level":"info","message":"Created Token with id [EL5ZmKFptvnkuLa5] in parent Scene [Yqxyw4nFncHCHwoT]","timestamp":"2026-01-01 14:54:08"}
{"level":"info","message":"Created Token with id [pdjYkEBeCcNHpU9y] in parent Scene [Yqxyw4nFncHCHwoT]","timestamp":"2026-01-01 14:55:12"}
{"level":"info","message":"Created Token with id [166XHquR9Rjf0ggl] in parent Scene [Yqxyw4nFncHCHwoT]","timestamp":"2026-01-01 14:55:13"}
{"level":"info","message":"Created Token with id [mgfhZunDvbIeJuye] in parent Scene [Yqxyw4nFncHCHwoT]","timestamp":"2026-01-01 14:55:14"}
{"level":"info","message":"Created Token with id [LnUS0Tv3IF8ffL5s] in parent Scene [Yqxyw4nFncHCHwoT]","timestamp":"2026-01-01 14:55:15"}
{"level":"info","message":"Created Token with id [maIAP3PaJXFItkgM] in parent Scene [Yqxyw4nFncHCHwoT]","timestamp":"2026-01-01 14:55:16"}
{"level":"info","message":"Created Token with id [BSIBjnysuRABwKGt] in parent Scene [Yqxyw4nFncHCHwoT]","timestamp":"2026-01-01 14:55:17"}
{"level":"info","message":"Created Token with id [91ezPWUaoFFuFkYh] in parent Scene [Yqxyw4nFncHCHwoT]","timestamp":"2026-01-01 14:55:21"}
{"level":"info","message":"Created Token with id [PYogPRONKCAWjqGS] in parent Scene [Yqxyw4nFncHCHwoT]","timestamp":"2026-01-01 14:55:22"}
{"level":"info","message":"Deleted Token with id [j9mFChCPy7ACrluE] in parent Scene [Yqxyw4nFncHCHwoT]","timestamp":"2026-01-01 14:55:24"}
{"level":"info","message":"Deleted Token with id [BSIBjnysuRABwKGt] in parent Scene [Yqxyw4nFncHCHwoT]","timestamp":"2026-01-01 14:55:33"}
{"level":"info","message":"Created Token with id [2OWA6odBAxAJiead] in parent Scene [Yqxyw4nFncHCHwoT]","timestamp":"2026-01-01 14:55:35"}
{"level":"info","message":"Created Token with id [KR9faJUiLJHvbvMN] in parent Scene [Yqxyw4nFncHCHwoT]","timestamp":"2026-01-01 14:55:36"}
{"level":"info","message":"Created Token with id [C97uhZevi5FrhHwc] in parent Scene [Yqxyw4nFncHCHwoT]","timestamp":"2026-01-01 14:55:37"}
{"level":"info","message":"Created Token with id [X5NBVjEYZgh6cDkk] in parent Scene [Yqxyw4nFncHCHwoT]","timestamp":"2026-01-01 14:55:39"}
{"level":"info","message":"Created Actor with id [eQeO52mIJkwlSmNo]","timestamp":"2026-01-01 14:57:27"}
{"level":"info","message":"Created Token with id [xCr0jnLXONqV9dah] in parent Scene [Yqxyw4nFncHCHwoT]","timestamp":"2026-01-01 14:57:27"}
{"level":"info","message":"Created Actor with id [JhuLq5nIufJV7eje]","timestamp":"2026-01-01 14:57:40"}
{"level":"info","message":"Created Token with id [MSEANtxiomXwTvPM] in parent Scene [Yqxyw4nFncHCHwoT]","timestamp":"2026-01-01 14:57:40"}
{"level":"info","message":"Created Actor with id [gGt7EDIEydYHVE2b]","timestamp":"2026-01-01 14:57:56"}
{"level":"info","message":"Created Token with id [LHflGhHDKFyfU8dm] in parent Scene [Yqxyw4nFncHCHwoT]","timestamp":"2026-01-01 14:57:56"}
{"level":"info","message":"Created Actor with id [lJUPRp1INsgqBWcD]","timestamp":"2026-01-01 14:58:01"}
{"level":"info","message":"Created Token with id [H2hlYiMxzitAAhTq] in parent Scene [Yqxyw4nFncHCHwoT]","timestamp":"2026-01-01 14:58:01"}
{"level":"info","message":"Created Actor with id [hQAMxHQgvuypk7Wy]","timestamp":"2026-01-01 14:58:08"}
{"level":"info","message":"Created Token with id [OHtXMuKXa3Tq9laM] in parent Scene [Yqxyw4nFncHCHwoT]","timestamp":"2026-01-01 14:58:08"}
{"level":"info","message":"Created Token with id [Yz2zKhVBpLrsbFU9] in parent Scene [Yqxyw4nFncHCHwoT]","timestamp":"2026-01-01 14:58:27"}
{"level":"info","message":"Created Token with id [kiwOnwfb7KI325hx] in parent Scene [Yqxyw4nFncHCHwoT]","timestamp":"2026-01-01 14:58:28"}
{"level":"info","message":"Created Token with id [LvZw3Kfw1I5tBNja] in parent Scene [Yqxyw4nFncHCHwoT]","timestamp":"2026-01-01 14:58:29"}
{"level":"info","message":"Deleted 3 Token documents with ids: [Yz2zKhVBpLrsbFU9,kiwOnwfb7KI325hx,LvZw3Kfw1I5tBNja] in parent Scene [Yqxyw4nFncHCHwoT]","timestamp":"2026-01-01 14:58:31"}
{"level":"info","message":"Deleted 5 Token documents with ids: [xCr0jnLXONqV9dah,MSEANtxiomXwTvPM,LHflGhHDKFyfU8dm,H2hlYiMxzitAAhTq,OHtXMuKXa3Tq9laM] in parent Scene [Yqxyw4nFncHCHwoT]","timestamp":"2026-01-01 14:58:35"}
{"level":"info","message":"Deleted Actor with id [eQeO52mIJkwlSmNo]","timestamp":"2026-01-01 14:59:01"}
{"level":"info","message":"Deleted Actor with id [gGt7EDIEydYHVE2b]","timestamp":"2026-01-01 14:59:03"}
{"level":"info","message":"Deleted Actor with id [hQAMxHQgvuypk7Wy]","timestamp":"2026-01-01 14:59:05"}
{"level":"info","message":"Deleted Actor with id [JhuLq5nIufJV7eje]","timestamp":"2026-01-01 14:59:07"}
{"level":"info","message":"Deleted Actor with id [lJUPRp1INsgqBWcD]","timestamp":"2026-01-01 14:59:09"}
{"level":"info","message":"Created client session 66eb9e1b3a368953a5ad4ad6","timestamp":"2026-01-01 14:59:22"}
{"level":"info","message":"Downloading package - 0%","timestamp":"2026-01-01 14:59:56"}
{"level":"info","message":"Downloading package - 1%","timestamp":"2026-01-01 14:59:56"}
{"level":"info","message":"Downloading package - 2%","timestamp":"2026-01-01 14:59:56"}
{"level":"info","message":"Downloading package - 3%","timestamp":"2026-01-01 14:59:56"}
{"level":"info","message":"Downloading package - 4%","timestamp":"2026-01-01 14:59:56"}
{"level":"info","message":"Downloading package - 5%","timestamp":"2026-01-01 14:59:56"}
{"level":"info","message":"Downloading package - 6%","timestamp":"2026-01-01 14:59:56"}
{"level":"info","message":"Downloading package - 7%","timestamp":"2026-01-01 14:59:56"}
{"level":"info","message":"Downloading package - 8%","timestamp":"2026-01-01 14:59:56"}
{"level":"info","message":"Downloading package - 9%","timestamp":"2026-01-01 14:59:56"}
{"level":"info","message":"Downloading package - 10%","timestamp":"2026-01-01 14:59:56"}
{"level":"info","message":"Downloading package - 11%","timestamp":"2026-01-01 14:59:56"}
{"level":"info","message":"Downloading package - 12%","timestamp":"2026-01-01 14:59:56"}
{"level":"info","message":"Downloading package - 13%","timestamp":"2026-01-01 14:59:56"}
{"level":"info","message":"Downloading package - 14%","timestamp":"2026-01-01 14:59:56"}
{"level":"info","message":"Downloading package - 15%","timestamp":"2026-01-01 14:59:56"}
{"level":"info","message":"Downloading package - 16%","timestamp":"2026-01-01 14:59:56"}
{"level":"info","message":"Downloading package - 17%","timestamp":"2026-01-01 14:59:56"}
{"level":"info","message":"Downloading package - 18%","timestamp":"2026-01-01 14:59:56"}
{"level":"info","message":"Downloading package - 19%","timestamp":"2026-01-01 14:59:56"}
{"level":"info","message":"Downloading package - 20%","timestamp":"2026-01-01 14:59:56"}
{"level":"info","message":"Downloading package - 21%","timestamp":"2026-01-01 14:59:56"}
{"level":"info","message":"Downloading package - 22%","timestamp":"2026-01-01 14:59:56"}
{"level":"info","message":"Downloading package - 23%","timestamp":"2026-01-01 14:59:56"}
{"level":"info","message":"Downloading package - 24%","timestamp":"2026-01-01 14:59:56"}
{"level":"info","message":"Downloading package - 25%","timestamp":"2026-01-01 14:59:56"}
{"level":"info","message":"Downloading package - 26%","timestamp":"2026-01-01 14:59:56"}
{"level":"info","message":"Downloading package - 27%","timestamp":"2026-01-01 14:59:56"}
{"level":"info","message":"Downloading package - 28%","timestamp":"2026-01-01 14:59:56"}
{"level":"info","message":"Downloading package - 29%","timestamp":"2026-01-01 14:59:56"}
{"level":"info","message":"Downloading package - 30%","timestamp":"2026-01-01 14:59:56"}
{"level":"info","message":"Downloading package - 31%","timestamp":"2026-01-01 14:59:56"}
{"level":"info","message":"Downloading package - 32%","timestamp":"2026-01-01 14:59:56"}
{"level":"info","message":"Downloading package - 33%","timestamp":"2026-01-01 14:59:56"}
{"level":"info","message":"Downloading package - 34%","timestamp":"2026-01-01 14:59:56"}
{"level":"info","message":"Downloading package - 35%","timestamp":"2026-01-01 14:59:56"}
{"level":"info","message":"Downloading package - 36%","timestamp":"2026-01-01 14:59:56"}
{"level":"info","message":"Downloading package - 37%","timestamp":"2026-01-01 14:59:56"}
{"level":"info","message":"Downloading package - 38%","timestamp":"2026-01-01 14:59:56"}
{"level":"info","message":"Downloading package - 39%","timestamp":"2026-01-01 14:59:56"}
{"level":"info","message":"Downloading package - 40%","timestamp":"2026-01-01 14:59:56"}
{"level":"info","message":"Downloading package - 41%","timestamp":"2026-01-01 14:59:56"}
{"level":"info","message":"Downloading package - 42%","timestamp":"2026-01-01 14:59:56"}
{"level":"info","message":"Downloading package - 43%","timestamp":"2026-01-01 14:59:56"}
{"level":"info","message":"Downloading package - 44%","timestamp":"2026-01-01 14:59:56"}
{"level":"info","message":"Downloading package - 45%","timestamp":"2026-01-01 14:59:56"}
{"level":"info","message":"Downloading package - 46%","timestamp":"2026-01-01 14:59:56"}
{"level":"info","message":"Downloading package - 47%","timestamp":"2026-01-01 14:59:56"}
{"level":"info","message":"Downloading package - 48%","timestamp":"2026-01-01 14:59:56"}
{"level":"info","message":"Downloading package - 49%","timestamp":"2026-01-01 14:59:56"}
{"level":"info","message":"Downloading package - 50%","timestamp":"2026-01-01 14:59:56"}
{"level":"info","message":"Downloading package - 51%","timestamp":"2026-01-01 14:59:56"}
{"level":"info","message":"Downloading package - 52%","timestamp":"2026-01-01 14:59:56"}
{"level":"info","message":"Downloading package - 53%","timestamp":"2026-01-01 14:59:56"}
{"level":"info","message":"Downloading package - 54%","timestamp":"2026-01-01 14:59:56"}
{"level":"info","message":"Downloading package - 55%","timestamp":"2026-01-01 14:59:56"}
{"level":"info","message":"Downloading package - 56%","timestamp":"2026-01-01 14:59:56"}
{"level":"info","message":"Downloading package - 57%","timestamp":"2026-01-01 14:59:56"}
{"level":"info","message":"Downloading package - 58%","timestamp":"2026-01-01 14:59:56"}
{"level":"info","message":"Downloading package - 59%","timestamp":"2026-01-01 14:59:56"}
{"level":"info","message":"Downloading package - 60%","timestamp":"2026-01-01 14:59:56"}
{"level":"info","message":"Downloading package - 61%","timestamp":"2026-01-01 14:59:56"}
{"level":"info","message":"Downloading package - 62%","timestamp":"2026-01-01 14:59:56"}
{"level":"info","message":"Downloading package - 63%","timestamp":"2026-01-01 14:59:56"}
{"level":"info","message":"Downloading package - 64%","timestamp":"2026-01-01 14:59:56"}
{"level":"info","message":"Downloading package - 65%","timestamp":"2026-01-01 14:59:56"}
{"level":"info","message":"Downloading package - 66%","timestamp":"2026-01-01 14:59:56"}
{"level":"info","message":"Downloading package - 67%","timestamp":"2026-01-01 14:59:56"}
{"level":"info","message":"Downloading package - 68%","timestamp":"2026-01-01 14:59:56"}
{"level":"info","message":"Downloading package - 69%","timestamp":"2026-01-01 14:59:56"}
{"level":"info","message":"Downloading package - 70%","timestamp":"2026-01-01 14:59:56"}
{"level":"info","message":"Downloading package - 71%","timestamp":"2026-01-01 14:59:56"}
{"level":"info","message":"Downloading package - 72%","timestamp":"2026-01-01 14:59:56"}
{"level":"info","message":"Downloading package - 73%","timestamp":"2026-01-01 14:59:56"}
{"level":"info","message":"Downloading package - 74%","timestamp":"2026-01-01 14:59:56"}
{"level":"info","message":"Downloading package - 75%","timestamp":"2026-01-01 14:59:56"}
{"level":"info","message":"Downloading package - 76%","timestamp":"2026-01-01 14:59:56"}
{"level":"info","message":"Downloading package - 77%","timestamp":"2026-01-01 14:59:56"}
{"level":"info","message":"Downloading package - 78%","timestamp":"2026-01-01 14:59:56"}
{"level":"info","message":"Downloading package - 79%","timestamp":"2026-01-01 14:59:56"}
{"level":"info","message":"Downloading package - 80%","timestamp":"2026-01-01 14:59:56"}
{"level":"info","message":"Downloading package - 81%","timestamp":"2026-01-01 14:59:56"}
{"level":"info","message":"Downloading package - 82%","timestamp":"2026-01-01 14:59:56"}
{"level":"info","message":"Downloading package - 83%","timestamp":"2026-01-01 14:59:56"}
{"level":"info","message":"Downloading package - 84%","timestamp":"2026-01-01 14:59:56"}
{"level":"info","message":"Downloading package - 85%","timestamp":"2026-01-01 14:59:56"}
{"level":"info","message":"Downloading package - 86%","timestamp":"2026-01-01 14:59:56"}
{"level":"info","message":"Downloading package - 87%","timestamp":"2026-01-01 14:59:56"}
{"level":"info","message":"Downloading package - 88%","timestamp":"2026-01-01 14:59:56"}
{"level":"info","message":"Downloading package - 89%","timestamp":"2026-01-01 14:59:56"}
{"level":"info","message":"Downloading package - 90%","timestamp":"2026-01-01 14:59:56"}
{"level":"info","message":"Downloading package - 91%","timestamp":"2026-01-01 14:59:56"}
{"level":"info","message":"Downloading package - 92%","timestamp":"2026-01-01 14:59:56"}
{"level":"info","message":"Downloading package - 93%","timestamp":"2026-01-01 14:59:56"}
{"level":"info","message":"Downloading package - 94%","timestamp":"2026-01-01 14:59:56"}
{"level":"info","message":"Downloading package - 95%","timestamp":"2026-01-01 14:59:56"}
{"level":"info","message":"Downloading package - 96%","timestamp":"2026-01-01 14:59:56"}
{"level":"info","message":"Downloading package - 97%","timestamp":"2026-01-01 14:59:56"}
{"level":"info","message":"Downloading package - 98%","timestamp":"2026-01-01 14:59:56"}
{"level":"info","message":"Downloading package - 99%","timestamp":"2026-01-01 14:59:56"}
{"level":"info","message":"Downloading package - 100%","timestamp":"2026-01-01 14:59:56"}
{"level":"info","message":"Installing package - 1%","timestamp":"2026-01-01 14:59:56"}
{"level":"info","message":"Installing package - 3%","timestamp":"2026-01-01 14:59:56"}
{"level":"info","message":"Installing package - 4%","timestamp":"2026-01-01 14:59:56"}
{"level":"info","message":"Installing package - 6%","timestamp":"2026-01-01 14:59:56"}
{"level":"info","message":"Installing package - 7%","timestamp":"2026-01-01 14:59:56"}
{"level":"info","message":"Installing package - 9%","timestamp":"2026-01-01 14:59:56"}
{"level":"info","message":"Installing package - 10%","timestamp":"2026-01-01 14:59:56"}
{"level":"info","message":"Installing package - 12%","timestamp":"2026-01-01 14:59:56"}
{"level":"info","message":"Installing package - 13%","timestamp":"2026-01-01 14:59:56"}
{"level":"info","message":"Installing package - 14%","timestamp":"2026-01-01 14:59:56"}
{"level":"info","message":"Installing package - 16%","timestamp":"2026-01-01 14:59:56"}
{"level":"info","message":"Installing package - 17%","timestamp":"2026-01-01 14:59:56"}
{"level":"info","message":"Installing package - 19%","timestamp":"2026-01-01 14:59:56"}
{"level":"info","message":"Installing package - 20%","timestamp":"2026-01-01 14:59:56"}
{"level":"info","message":"Installing package - 22%","timestamp":"2026-01-01 14:59:56"}
{"level":"info","message":"Installing package - 23%","timestamp":"2026-01-01 14:59:56"}
{"level":"info","message":"Installing package - 25%","timestamp":"2026-01-01 14:59:56"}
{"level":"info","message":"Installing package - 26%","timestamp":"2026-01-01 14:59:56"}
{"level":"info","message":"Installing package - 28%","timestamp":"2026-01-01 14:59:56"}
{"level":"info","message":"Installing package - 29%","timestamp":"2026-01-01 14:59:56"}
{"level":"info","message":"Installing package - 30%","timestamp":"2026-01-01 14:59:56"}
{"level":"info","message":"Installing package - 32%","timestamp":"2026-01-01 14:59:56"}
{"level":"info","message":"Installing package - 33%","timestamp":"2026-01-01 14:59:56"}
{"level":"info","message":"Installing package - 35%","timestamp":"2026-01-01 14:59:56"}
{"level":"info","message":"Installing package - 36%","timestamp":"2026-01-01 14:59:56"}
{"level":"info","message":"Installing package - 38%","timestamp":"2026-01-01 14:59:56"}
{"level":"info","message":"Installing package - 39%","timestamp":"2026-01-01 14:59:56"}
{"level":"info","message":"Installing package - 41%","timestamp":"2026-01-01 14:59:56"}
{"level":"info","message":"Installing package - 42%","timestamp":"2026-01-01 14:59:56"}
{"level":"info","message":"Installing package - 43%","timestamp":"2026-01-01 14:59:56"}
{"level":"info","message":"Installing package - 45%","timestamp":"2026-01-01 14:59:56"}
{"level":"info","message":"Installing package - 46%","timestamp":"2026-01-01 14:59:56"}
{"level":"info","message":"Installing package - 48%","timestamp":"2026-01-01 14:59:56"}
{"level":"info","message":"Installing package - 49%","timestamp":"2026-01-01 14:59:56"}
{"level":"info","message":"Installing package - 51%","timestamp":"2026-01-01 14:59:56"}
{"level":"info","message":"Installing package - 52%","timestamp":"2026-01-01 14:59:56"}
{"level":"info","message":"Installing package - 54%","timestamp":"2026-01-01 14:59:56"}
{"level":"info","message":"Installing package - 55%","timestamp":"2026-01-01 14:59:56"}
{"level":"info","message":"Installing package - 57%","timestamp":"2026-01-01 14:59:56"}
{"level":"info","message":"Installing package - 58%","timestamp":"2026-01-01 14:59:56"}
{"level":"info","message":"Installing package - 59%","timestamp":"2026-01-01 14:59:56"}
{"level":"info","message":"Installing package - 61%","timestamp":"2026-01-01 14:59:56"}
{"level":"info","message":"Installing package - 62%","timestamp":"2026-01-01 14:59:56"}
{"level":"info","message":"Installing package - 64%","timestamp":"2026-01-01 14:59:56"}
{"level":"info","message":"Installing package - 65%","timestamp":"2026-01-01 14:59:56"}
{"level":"info","message":"Installing package - 67%","timestamp":"2026-01-01 14:59:56"}
{"level":"info","message":"Installing package - 68%","timestamp":"2026-01-01 14:59:56"}
{"level":"info","message":"Installing package - 70%","timestamp":"2026-01-01 14:59:56"}
{"level":"info","message":"Installing package - 71%","timestamp":"2026-01-01 14:59:56"}
{"level":"info","message":"Installing package - 72%","timestamp":"2026-01-01 14:59:56"}
{"level":"info","message":"Installing package - 74%","timestamp":"2026-01-01 14:59:56"}
{"level":"info","message":"Installing package - 75%","timestamp":"2026-01-01 14:59:56"}
{"level":"info","message":"Installing package - 77%","timestamp":"2026-01-01 14:59:56"}
{"level":"info","message":"Installing package - 78%","timestamp":"2026-01-01 14:59:56"}
{"level":"info","message":"Installing package - 80%","timestamp":"2026-01-01 14:59:56"}
{"level":"info","message":"Installing package - 81%","timestamp":"2026-01-01 14:59:56"}
{"level":"info","message":"Installing package - 83%","timestamp":"2026-01-01 14:59:56"}
{"level":"info","message":"Installing package - 84%","timestamp":"2026-01-01 14:59:56"}
{"level":"info","message":"Installing package - 86%","timestamp":"2026-01-01 14:59:56"}
{"level":"info","message":"Installing package - 87%","timestamp":"2026-01-01 14:59:56"}
{"level":"info","message":"Installing package - 88%","timestamp":"2026-01-01 14:59:56"}
{"level":"info","message":"Installing package - 90%","timestamp":"2026-01-01 14:59:56"}
{"level":"info","message":"Installing package - 91%","timestamp":"2026-01-01 14:59:56"}
{"level":"info","message":"Installing package - 93%","timestamp":"2026-01-01 14:59:56"}
{"level":"info","message":"Installing package - 94%","timestamp":"2026-01-01 14:59:56"}
{"level":"info","message":"Installing package - 96%","timestamp":"2026-01-01 14:59:56"}
{"level":"info","message":"Installing package - 97%","timestamp":"2026-01-01 14:59:56"}
{"level":"info","message":"Installing package - 99%","timestamp":"2026-01-01 14:59:56"}
{"level":"info","message":"Installing package - 100%","timestamp":"2026-01-01 14:59:56"}
{"level":"info","message":"Installed module token-mold","timestamp":"2026-01-01 14:59:56"}
{"level":"info","message":"complete - 100%","timestamp":"2026-01-01 14:59:56"}
{"level":"info","message":"Connected to database \"actors\"","timestamp":"2026-01-01 15:00:01"}
{"level":"info","message":"Launching World | Loading World Data - 7%","timestamp":"2026-01-01 15:00:01"}
{"level":"info","message":"Connected to database \"cards\"","timestamp":"2026-01-01 15:00:01"}
{"level":"info","message":"Launching World | Loading World Data - 14%","timestamp":"2026-01-01 15:00:01"}
{"level":"info","message":"Connected to database \"messages\"","timestamp":"2026-01-01 15:00:01"}
{"level":"info","message":"Launching World | Loading World Data - 21%","timestamp":"2026-01-01 15:00:01"}
{"level":"info","message":"Connected to database \"combats\"","timestamp":"2026-01-01 15:00:01"}
{"level":"info","message":"Launching World | Loading World Data - 29%","timestamp":"2026-01-01 15:00:01"}
{"level":"info","message":"Connected to database \"fog\"","timestamp":"2026-01-01 15:00:01"}
{"level":"info","message":"Launching World | Loading World Data - 36%","timestamp":"2026-01-01 15:00:01"}
{"level":"info","message":"Connected to database \"folders\"","timestamp":"2026-01-01 15:00:01"}
{"level":"info","message":"Launching World | Loading World Data - 43%","timestamp":"2026-01-01 15:00:01"}
{"level":"info","message":"Connected to database \"items\"","timestamp":"2026-01-01 15:00:01"}
{"level":"info","message":"Launching World | Loading World Data - 50%","timestamp":"2026-01-01 15:00:01"}
{"level":"info","message":"Connected to database \"journal\"","timestamp":"2026-01-01 15:00:01"}
{"level":"info","message":"Launching World | Loading World Data - 57%","timestamp":"2026-01-01 15:00:01"}
{"level":"info","message":"Connected to database \"macros\"","timestamp":"2026-01-01 15:00:01"}
{"level":"info","message":"Launching World | Loading World Data - 64%","timestamp":"2026-01-01 15:00:01"}
{"level":"info","message":"Connected to database \"playlists\"","timestamp":"2026-01-01 15:00:01"}
{"level":"info","message":"Launching World | Loading World Data - 71%","timestamp":"2026-01-01 15:00:01"}
{"level":"info","message":"Connected to database \"tables\"","timestamp":"2026-01-01 15:00:01"}
{"level":"info","message":"Launching World | Loading World Data - 79%","timestamp":"2026-01-01 15:00:01"}
{"level":"info","message":"Connected to database \"scenes\"","timestamp":"2026-01-01 15:00:01"}
{"level":"info","message":"Launching World | Loading World Data - 86%","timestamp":"2026-01-01 15:00:01"}
{"level":"info","message":"Connected to database \"settings\"","timestamp":"2026-01-01 15:00:01"}
{"level":"info","message":"Launching World | Loading World Data - 93%","timestamp":"2026-01-01 15:00:01"}
{"level":"info","message":"Connected to database \"users\"","timestamp":"2026-01-01 15:00:01"}
{"level":"info","message":"Launching World | Loading World Data - 100%","timestamp":"2026-01-01 15:00:01"}
{"level":"info","message":"Launching World | Migrating World Data - 7%","timestamp":"2026-01-01 15:00:01"}
{"level":"info","message":"Launching World | Migrating World Data - 14%","timestamp":"2026-01-01 15:00:01"}
{"level":"info","message":"Launching World | Migrating World Data - 21%","timestamp":"2026-01-01 15:00:01"}
{"level":"info","message":"Launching World | Migrating World Data - 29%","timestamp":"2026-01-01 15:00:01"}
{"level":"info","message":"Launching World | Migrating World Data - 36%","timestamp":"2026-01-01 15:00:01"}
{"level":"info","message":"Launching World | Migrating World Data - 43%","timestamp":"2026-01-01 15:00:01"}
{"level":"info","message":"Launching World | Migrating World Data - 50%","timestamp":"2026-01-01 15:00:01"}
{"level":"info","message":"Launching World | Migrating World Data - 57%","timestamp":"2026-01-01 15:00:01"}
{"level":"info","message":"Launching World | Migrating World Data - 64%","timestamp":"2026-01-01 15:00:01"}
{"level":"info","message":"Launching World | Migrating World Data - 71%","timestamp":"2026-01-01 15:00:01"}
{"level":"info","message":"Launching World | Migrating World Data - 79%","timestamp":"2026-01-01 15:00:01"}
{"level":"info","message":"Launching World | Migrating World Data - 86%","timestamp":"2026-01-01 15:00:01"}
{"level":"info","message":"Launching World | Migrating World Data - 93%","timestamp":"2026-01-01 15:00:01"}
{"level":"info","message":"Launching World | Migrating World Data - 100%","timestamp":"2026-01-01 15:00:01"}
{"level":"info","message":"Connected to database \"daggerheart.classes\"","timestamp":"2026-01-01 15:00:01"}
{"level":"info","message":"Launching World | Loading Package Data - 3%","timestamp":"2026-01-01 15:00:01"}
{"level":"info","message":"Connected to database \"daggerheart.subclasses\"","timestamp":"2026-01-01 15:00:01"}
{"level":"info","message":"Launching World | Loading Package Data - 6%","timestamp":"2026-01-01 15:00:01"}
{"level":"info","message":"Connected to database \"daggerheart.domains\"","timestamp":"2026-01-01 15:00:01"}
{"level":"info","message":"Launching World | Loading Package Data - 8%","timestamp":"2026-01-01 15:00:01"}
{"level":"info","message":"Connected to database \"daggerheart.ancestries\"","timestamp":"2026-01-01 15:00:01"}
{"level":"info","message":"Launching World | Loading Package Data - 11%","timestamp":"2026-01-01 15:00:01"}
{"level":"info","message":"Connected to database \"daggerheart.communities\"","timestamp":"2026-01-01 15:00:01"}
{"level":"info","message":"Launching World | Loading Package Data - 14%","timestamp":"2026-01-01 15:00:01"}
{"level":"info","message":"Connected to database \"daggerheart.weapons\"","timestamp":"2026-01-01 15:00:01"}
{"level":"info","message":"Launching World | Loading Package Data - 17%","timestamp":"2026-01-01 15:00:01"}
{"level":"info","message":"Connected to database \"daggerheart.armors\"","timestamp":"2026-01-01 15:00:01"}
{"level":"info","message":"Launching World | Loading Package Data - 19%","timestamp":"2026-01-01 15:00:01"}
{"level":"info","message":"Connected to database \"daggerheart.consumables\"","timestamp":"2026-01-01 15:00:01"}
{"level":"info","message":"Launching World | Loading Package Data - 22%","timestamp":"2026-01-01 15:00:01"}
{"level":"info","message":"Connected to database \"daggerheart.loot\"","timestamp":"2026-01-01 15:00:01"}
{"level":"info","message":"Launching World | Loading Package Data - 25%","timestamp":"2026-01-01 15:00:01"}
{"level":"info","message":"Connected to database \"daggerheart.adversaries\"","timestamp":"2026-01-01 15:00:01"}
{"level":"info","message":"Launching World | Loading Package Data - 28%","timestamp":"2026-01-01 15:00:02"}
{"level":"info","message":"Connected to database \"daggerheart.environments\"","timestamp":"2026-01-01 15:00:02"}
{"level":"info","message":"Launching World | Loading Package Data - 31%","timestamp":"2026-01-01 15:00:02"}
{"level":"info","message":"Connected to database \"daggerheart.journals\"","timestamp":"2026-01-01 15:00:02"}
{"level":"info","message":"Launching World | Loading Package Data - 33%","timestamp":"2026-01-01 15:00:02"}
{"level":"info","message":"Connected to database \"daggerheart.beastforms\"","timestamp":"2026-01-01 15:00:02"}
{"level":"info","message":"Launching World | Loading Package Data - 36%","timestamp":"2026-01-01 15:00:02"}
{"level":"info","message":"Connected to database \"art-for-daggerheart.art-for-dh-macros\"","timestamp":"2026-01-01 15:00:02"}
{"level":"info","message":"Launching World | Loading Package Data - 39%","timestamp":"2026-01-01 15:00:02"}
{"level":"info","message":"Connected to database \"daggerheart-extra-content.motherboard-items\"","timestamp":"2026-01-01 15:00:02"}
{"level":"info","message":"Launching World | Loading Package Data - 42%","timestamp":"2026-01-01 15:00:02"}
{"level":"info","message":"Connected to database \"daggerheart-extra-content.macros\"","timestamp":"2026-01-01 15:00:02"}
{"level":"info","message":"Launching World | Loading Package Data - 44%","timestamp":"2026-01-01 15:00:02"}
{"level":"info","message":"Connected to database \"daggerheart-extra-content.motherboard-tables\"","timestamp":"2026-01-01 15:00:02"}
{"level":"info","message":"Launching World | Loading Package Data - 47%","timestamp":"2026-01-01 15:00:02"}
{"level":"info","message":"Connected to database \"daggerheart-extra-content.adversaries-features\"","timestamp":"2026-01-01 15:00:02"}
{"level":"info","message":"Launching World | Loading Package Data - 50%","timestamp":"2026-01-01 15:00:02"}
{"level":"info","message":"Connected to database \"daggerheart-extra-content.useful-journals\"","timestamp":"2026-01-01 15:00:02"}
{"level":"info","message":"Launching World | Loading Package Data - 53%","timestamp":"2026-01-01 15:00:02"}
{"level":"info","message":"Connected to database \"daggerheart-extra-content.loot-and-consumable-tables\"","timestamp":"2026-01-01 15:00:02"}
{"level":"info","message":"Launching World | Loading Package Data - 56%","timestamp":"2026-01-01 15:00:02"}
{"level":"info","message":"Connected to database \"daggerheart-extra-content.more-adversaries\"","timestamp":"2026-01-01 15:00:02"}
{"level":"info","message":"Launching World | Loading Package Data - 58%","timestamp":"2026-01-01 15:00:02"}
{"level":"info","message":"Connected to database \"daggerheart-extra-content.more-items\"","timestamp":"2026-01-01 15:00:02"}
{"level":"info","message":"Launching World | Loading Package Data - 61%","timestamp":"2026-01-01 15:00:02"}
{"level":"info","message":"Connected to database \"daggerheart-extra-content.curses\"","timestamp":"2026-01-01 15:00:02"}
{"level":"info","message":"Launching World | Loading Package Data - 64%","timestamp":"2026-01-01 15:00:02"}
{"level":"info","message":"Connected to database \"daggerheart-extra-content.ancestry\"","timestamp":"2026-01-01 15:00:02"}
{"level":"info","message":"Launching World | Loading Package Data - 67%","timestamp":"2026-01-01 15:00:02"}
{"level":"info","message":"Connected to database \"daggerheart-extra-content.house-rules\"","timestamp":"2026-01-01 15:00:02"}
{"level":"info","message":"Launching World | Loading Package Data - 69%","timestamp":"2026-01-01 15:00:02"}
{"level":"info","message":"Connected to database \"daggerheart-extra-content.classes\"","timestamp":"2026-01-01 15:00:02"}
{"level":"info","message":"Launching World | Loading Package Data - 72%","timestamp":"2026-01-01 15:00:02"}
{"level":"info","message":"Connected to database \"daggerheart-extra-content.subclasses\"","timestamp":"2026-01-01 15:00:02"}
{"level":"info","message":"Launching World | Loading Package Data - 75%","timestamp":"2026-01-01 15:00:02"}
{"level":"info","message":"Connected to database \"the-void-unofficial.classes\"","timestamp":"2026-01-01 15:00:02"}
{"level":"info","message":"Launching World | Loading Package Data - 78%","timestamp":"2026-01-01 15:00:02"}
{"level":"info","message":"Connected to database \"the-void-unofficial.subclasses\"","timestamp":"2026-01-01 15:00:02"}
{"level":"info","message":"Launching World | Loading Package Data - 81%","timestamp":"2026-01-01 15:00:02"}
{"level":"info","message":"Connected to database \"the-void-unofficial.ancestries\"","timestamp":"2026-01-01 15:00:02"}
{"level":"info","message":"Launching World | Loading Package Data - 83%","timestamp":"2026-01-01 15:00:02"}
{"level":"info","message":"Connected to database \"the-void-unofficial.communities\"","timestamp":"2026-01-01 15:00:02"}
{"level":"info","message":"Launching World | Loading Package Data - 86%","timestamp":"2026-01-01 15:00:02"}
{"level":"info","message":"Connected to database \"the-void-unofficial.domains\"","timestamp":"2026-01-01 15:00:02"}
{"level":"info","message":"Launching World | Loading Package Data - 89%","timestamp":"2026-01-01 15:00:02"}
{"level":"info","message":"Connected to database \"the-void-unofficial.transformations\"","timestamp":"2026-01-01 15:00:02"}
{"level":"info","message":"Launching World | Loading Package Data - 92%","timestamp":"2026-01-01 15:00:02"}
{"level":"info","message":"Connected to database \"the-void-unofficial.weapons\"","timestamp":"2026-01-01 15:00:02"}
{"level":"info","message":"Launching World | Loading Package Data - 94%","timestamp":"2026-01-01 15:00:02"}
{"level":"info","message":"Connected to database \"the-void-unofficial.macros\"","timestamp":"2026-01-01 15:00:02"}
{"level":"info","message":"Launching World | Loading Package Data - 97%","timestamp":"2026-01-01 15:00:02"}
{"level":"info","message":"Connected to database \"the-void-unofficial.adversaries--environments\"","timestamp":"2026-01-01 15:00:02"}
{"level":"info","message":"Launching World | Loading Package Data - 100%","timestamp":"2026-01-01 15:00:02"}
{"level":"info","message":"Created 0 Folder documents with ids: []","timestamp":"2026-01-01 15:00:02"}
{"level":"info","message":"Launching World | Migrating Package Data - 3%","timestamp":"2026-01-01 15:00:02"}
{"level":"info","message":"Launching World | Migrating Package Data - 6%","timestamp":"2026-01-01 15:00:02"}
{"level":"info","message":"Launching World | Migrating Package Data - 8%","timestamp":"2026-01-01 15:00:02"}
{"level":"info","message":"Launching World | Migrating Package Data - 11%","timestamp":"2026-01-01 15:00:02"}
{"level":"info","message":"Launching World | Migrating Package Data - 14%","timestamp":"2026-01-01 15:00:02"}
{"level":"info","message":"Launching World | Migrating Package Data - 17%","timestamp":"2026-01-01 15:00:02"}
{"level":"info","message":"Launching World | Migrating Package Data - 19%","timestamp":"2026-01-01 15:00:02"}
{"level":"info","message":"Launching World | Migrating Package Data - 22%","timestamp":"2026-01-01 15:00:02"}
{"level":"info","message":"Launching World | Migrating Package Data - 25%","timestamp":"2026-01-01 15:00:02"}
{"level":"info","message":"Launching World | Migrating Package Data - 28%","timestamp":"2026-01-01 15:00:02"}
{"level":"info","message":"Launching World | Migrating Package Data - 31%","timestamp":"2026-01-01 15:00:02"}
{"level":"info","message":"Launching World | Migrating Package Data - 33%","timestamp":"2026-01-01 15:00:02"}
{"level":"info","message":"Launching World | Migrating Package Data - 36%","timestamp":"2026-01-01 15:00:02"}
{"level":"info","message":"Launching World | Migrating Package Data - 39%","timestamp":"2026-01-01 15:00:02"}
{"level":"info","message":"Launching World | Migrating Package Data - 42%","timestamp":"2026-01-01 15:00:02"}
{"level":"error","message":"An error occurred during the migration of Macro record [AksCh0ciaGx7BuyA] of database \"daggerheart-extra-content.macros\":\nError: Documents from a core version newer than the running version cannot be migrated\n    at Function._migrateRecord (file:///C:/Users/Juanjo/Desktop/Juegos/Foundry-daggerheart/Portable-FoundryVTT-v13.348/App/resources/app/dist/database/backend/server-document.mjs:1:3713)\n    at Function._migrateDocuments (file:///C:/Users/Juanjo/Desktop/Juegos/Foundry-daggerheart/Portable-FoundryVTT-v13.348/App/resources/app/dist/database/backend/server-document.mjs:1:2782)","timestamp":"2026-01-01 15:00:02"}
{"level":"error","message":"An error occurred during the migration of Macro record [Ek2uYtA3xm78MKEc] of database \"daggerheart-extra-content.macros\":\nError: Documents from a core version newer than the running version cannot be migrated\n    at Function._migrateRecord (file:///C:/Users/Juanjo/Desktop/Juegos/Foundry-daggerheart/Portable-FoundryVTT-v13.348/App/resources/app/dist/database/backend/server-document.mjs:1:3713)\n    at Function._migrateDocuments (file:///C:/Users/Juanjo/Desktop/Juegos/Foundry-daggerheart/Portable-FoundryVTT-v13.348/App/resources/app/dist/database/backend/server-document.mjs:1:2782)","timestamp":"2026-01-01 15:00:02"}
{"level":"error","message":"An error occurred during the migration of Macro record [FUXtgmbsROZ9EZ64] of database \"daggerheart-extra-content.macros\":\nError: Documents from a core version newer than the running version cannot be migrated\n    at Function._migrateRecord (file:///C:/Users/Juanjo/Desktop/Juegos/Foundry-daggerheart/Portable-FoundryVTT-v13.348/App/resources/app/dist/database/backend/server-document.mjs:1:3713)\n    at Function._migrateDocuments (file:///C:/Users/Juanjo/Desktop/Juegos/Foundry-daggerheart/Portable-FoundryVTT-v13.348/App/resources/app/dist/database/backend/server-document.mjs:1:2782)","timestamp":"2026-01-01 15:00:02"}
{"level":"error","message":"An error occurred during the migration of Macro record [KMIecMvorWDWynzv] of database \"daggerheart-extra-content.macros\":\nError: Documents from a core version newer than the running version cannot be migrated\n    at Function._migrateRecord (file:///C:/Users/Juanjo/Desktop/Juegos/Foundry-daggerheart/Portable-FoundryVTT-v13.348/App/resources/app/dist/database/backend/server-document.mjs:1:3713)\n    at Function._migrateDocuments (file:///C:/Users/Juanjo/Desktop/Juegos/Foundry-daggerheart/Portable-FoundryVTT-v13.348/App/resources/app/dist/database/backend/server-document.mjs:1:2782)","timestamp":"2026-01-01 15:00:02"}
{"level":"error","message":"An error occurred during the migration of Macro record [MrVaunevxMfD1jiI] of database \"daggerheart-extra-content.macros\":\nError: Documents from a core version newer than the running version cannot be migrated\n    at Function._migrateRecord (file:///C:/Users/Juanjo/Desktop/Juegos/Foundry-daggerheart/Portable-FoundryVTT-v13.348/App/resources/app/dist/database/backend/server-document.mjs:1:3713)\n    at Function._migrateDocuments (file:///C:/Users/Juanjo/Desktop/Juegos/Foundry-daggerheart/Portable-FoundryVTT-v13.348/App/resources/app/dist/database/backend/server-document.mjs:1:2782)","timestamp":"2026-01-01 15:00:02"}
{"level":"error","message":"An error occurred during the migration of Macro record [f4seowyhjSLdBpIw] of database \"daggerheart-extra-content.macros\":\nError: Documents from a core version newer than the running version cannot be migrated\n    at Function._migrateRecord (file:///C:/Users/Juanjo/Desktop/Juegos/Foundry-daggerheart/Portable-FoundryVTT-v13.348/App/resources/app/dist/database/backend/server-document.mjs:1:3713)\n    at Function._migrateDocuments (file:///C:/Users/Juanjo/Desktop/Juegos/Foundry-daggerheart/Portable-FoundryVTT-v13.348/App/resources/app/dist/database/backend/server-document.mjs:1:2782)","timestamp":"2026-01-01 15:00:02"}
{"level":"error","message":"An error occurred during the migration of Macro record [lCYBPohT8hPPOpeK] of database \"daggerheart-extra-content.macros\":\nError: Documents from a core version newer than the running version cannot be migrated\n    at Function._migrateRecord (file:///C:/Users/Juanjo/Desktop/Juegos/Foundry-daggerheart/Portable-FoundryVTT-v13.348/App/resources/app/dist/database/backend/server-document.mjs:1:3713)\n    at Function._migrateDocuments (file:///C:/Users/Juanjo/Desktop/Juegos/Foundry-daggerheart/Portable-FoundryVTT-v13.348/App/resources/app/dist/database/backend/server-document.mjs:1:2782)","timestamp":"2026-01-01 15:00:02"}
{"level":"error","message":"An error occurred during the migration of Macro record [mu2CD5fN0NvxcqYl] of database \"daggerheart-extra-content.macros\":\nError: Documents from a core version newer than the running version cannot be migrated\n    at Function._migrateRecord (file:///C:/Users/Juanjo/Desktop/Juegos/Foundry-daggerheart/Portable-FoundryVTT-v13.348/App/resources/app/dist/database/backend/server-document.mjs:1:3713)\n    at Function._migrateDocuments (file:///C:/Users/Juanjo/Desktop/Juegos/Foundry-daggerheart/Portable-FoundryVTT-v13.348/App/resources/app/dist/database/backend/server-document.mjs:1:2782)","timestamp":"2026-01-01 15:00:02"}
{"level":"error","message":"An error occurred during the migration of Macro record [zWi79s5QqaZnMMtX] of database \"daggerheart-extra-content.macros\":\nError: Documents from a core version newer than the running version cannot be migrated\n    at Function._migrateRecord (file:///C:/Users/Juanjo/Desktop/Juegos/Foundry-daggerheart/Portable-FoundryVTT-v13.348/App/resources/app/dist/database/backend/server-document.mjs:1:3713)\n    at Function._migrateDocuments (file:///C:/Users/Juanjo/Desktop/Juegos/Foundry-daggerheart/Portable-FoundryVTT-v13.348/App/resources/app/dist/database/backend/server-document.mjs:1:2782)","timestamp":"2026-01-01 15:00:02"}
{"level":"warn","message":"Database daggerheart-extra-content.macros was not fully migrated due to errors during migration.","timestamp":"2026-01-01 15:00:02"}
{"level":"info","message":"Launching World | Migrating Package Data - 44%","timestamp":"2026-01-01 15:00:02"}
{"level":"info","message":"Launching World | Migrating Package Data - 47%","timestamp":"2026-01-01 15:00:02"}
{"level":"info","message":"Launching World | Migrating Package Data - 50%","timestamp":"2026-01-01 15:00:02"}
{"level":"info","message":"Launching World | Migrating Package Data - 53%","timestamp":"2026-01-01 15:00:02"}
{"level":"info","message":"Launching World | Migrating Package Data - 56%","timestamp":"2026-01-01 15:00:02"}
{"level":"error","message":"An error occurred during the migration of Actor record [2owady11IfU1vset] of database \"daggerheart-extra-content.more-adversaries\":\nError: Documents from a core version newer than the running version cannot be migrated\n    at Function._migrateRecord (file:///C:/Users/Juanjo/Desktop/Juegos/Foundry-daggerheart/Portable-FoundryVTT-v13.348/App/resources/app/dist/database/backend/server-document.mjs:1:3713)\n    at Function._migrateDocuments (file:///C:/Users/Juanjo/Desktop/Juegos/Foundry-daggerheart/Portable-FoundryVTT-v13.348/App/resources/app/dist/database/backend/server-document.mjs:1:2782)","timestamp":"2026-01-01 15:00:02"}
{"level":"error","message":"An error occurred during the migration of Actor record [3wZn34orKgheuXnE] of database \"daggerheart-extra-content.more-adversaries\":\nError: Documents from a core version newer than the running version cannot be migrated\n    at Function._migrateRecord (file:///C:/Users/Juanjo/Desktop/Juegos/Foundry-daggerheart/Portable-FoundryVTT-v13.348/App/resources/app/dist/database/backend/server-document.mjs:1:3713)\n    at Function._migrateDocuments (file:///C:/Users/Juanjo/Desktop/Juegos/Foundry-daggerheart/Portable-FoundryVTT-v13.348/App/resources/app/dist/database/backend/server-document.mjs:1:2782)","timestamp":"2026-01-01 15:00:02"}
{"level":"error","message":"An error occurred during the migration of Actor record [4GkDrUgRyp9FHTAN] of database \"daggerheart-extra-content.more-adversaries\":\nError: Documents from a core version newer than the running version cannot be migrated\n    at Function._migrateRecord (file:///C:/Users/Juanjo/Desktop/Juegos/Foundry-daggerheart/Portable-FoundryVTT-v13.348/App/resources/app/dist/database/backend/server-document.mjs:1:3713)\n    at Function._migrateDocuments (file:///C:/Users/Juanjo/Desktop/Juegos/Foundry-daggerheart/Portable-FoundryVTT-v13.348/App/resources/app/dist/database/backend/server-document.mjs:1:2782)","timestamp":"2026-01-01 15:00:02"}
{"level":"error","message":"An error occurred during the migration of Actor record [6wxPxm4joQnoIjdX] of database \"daggerheart-extra-content.more-adversaries\":\nError: Documents from a core version newer than the running version cannot be migrated\n    at Function._migrateRecord (file:///C:/Users/Juanjo/Desktop/Juegos/Foundry-daggerheart/Portable-FoundryVTT-v13.348/App/resources/app/dist/database/backend/server-document.mjs:1:3713)\n    at Function._migrateDocuments (file:///C:/Users/Juanjo/Desktop/Juegos/Foundry-daggerheart/Portable-FoundryVTT-v13.348/App/resources/app/dist/database/backend/server-document.mjs:1:2782)","timestamp":"2026-01-01 15:00:02"}
{"level":"error","message":"An error occurred during the migration of Actor record [CBjyTRc9xNjmDAM4] of database \"daggerheart-extra-content.more-adversaries\":\nError: Documents from a core version newer than the running version cannot be migrated\n    at Function._migrateRecord (file:///C:/Users/Juanjo/Desktop/Juegos/Foundry-daggerheart/Portable-FoundryVTT-v13.348/App/resources/app/dist/database/backend/server-document.mjs:1:3713)\n    at Function._migrateDocuments (file:///C:/Users/Juanjo/Desktop/Juegos/Foundry-daggerheart/Portable-FoundryVTT-v13.348/App/resources/app/dist/database/backend/server-document.mjs:1:2782)","timestamp":"2026-01-01 15:00:02"}
{"level":"error","message":"An error occurred during the migration of Actor record [D2mYxxduZN4h55cD] of database \"daggerheart-extra-content.more-adversaries\":\nError: Documents from a core version newer than the running version cannot be migrated\n    at Function._migrateRecord (file:///C:/Users/Juanjo/Desktop/Juegos/Foundry-daggerheart/Portable-FoundryVTT-v13.348/App/resources/app/dist/database/backend/server-document.mjs:1:3713)\n    at Function._migrateDocuments (file:///C:/Users/Juanjo/Desktop/Juegos/Foundry-daggerheart/Portable-FoundryVTT-v13.348/App/resources/app/dist/database/backend/server-document.mjs:1:2782)","timestamp":"2026-01-01 15:00:02"}
{"level":"error","message":"An error occurred during the migration of Actor record [GZeCYbWDzYS2iCF9] of database \"daggerheart-extra-content.more-adversaries\":\nError: Documents from a core version newer than the running version cannot be migrated\n    at Function._migrateRecord (file:///C:/Users/Juanjo/Desktop/Juegos/Foundry-daggerheart/Portable-FoundryVTT-v13.348/App/resources/app/dist/database/backend/server-document.mjs:1:3713)\n    at Function._migrateDocuments (file:///C:/Users/Juanjo/Desktop/Juegos/Foundry-daggerheart/Portable-FoundryVTT-v13.348/App/resources/app/dist/database/backend/server-document.mjs:1:2782)","timestamp":"2026-01-01 15:00:02"}
{"level":"error","message":"An error occurred during the migration of Actor record [HFoDDFrRRoLOx6rS] of database \"daggerheart-extra-content.more-adversaries\":\nError: Documents from a core version newer than the running version cannot be migrated\n    at Function._migrateRecord (file:///C:/Users/Juanjo/Desktop/Juegos/Foundry-daggerheart/Portable-FoundryVTT-v13.348/App/resources/app/dist/database/backend/server-document.mjs:1:3713)\n    at Function._migrateDocuments (file:///C:/Users/Juanjo/Desktop/Juegos/Foundry-daggerheart/Portable-FoundryVTT-v13.348/App/resources/app/dist/database/backend/server-document.mjs:1:2782)","timestamp":"2026-01-01 15:00:02"}
{"level":"error","message":"An error occurred during the migration of Actor record [Je6XBGhfDKSY3DEk] of database \"daggerheart-extra-content.more-adversaries\":\nError: Documents from a core version newer than the running version cannot be migrated\n    at Function._migrateRecord (file:///C:/Users/Juanjo/Desktop/Juegos/Foundry-daggerheart/Portable-FoundryVTT-v13.348/App/resources/app/dist/database/backend/server-document.mjs:1:3713)\n    at Function._migrateDocuments (file:///C:/Users/Juanjo/Desktop/Juegos/Foundry-daggerheart/Portable-FoundryVTT-v13.348/App/resources/app/dist/database/backend/server-document.mjs:1:2782)","timestamp":"2026-01-01 15:00:02"}
{"level":"error","message":"An error occurred during the migration of Actor record [RIpmM1hiW9aRSlR5] of database \"daggerheart-extra-content.more-adversaries\":\nError: Documents from a core version newer than the running version cannot be migrated\n    at Function._migrateRecord (file:///C:/Users/Juanjo/Desktop/Juegos/Foundry-daggerheart/Portable-FoundryVTT-v13.348/App/resources/app/dist/database/backend/server-document.mjs:1:3713)\n    at Function._migrateDocuments (file:///C:/Users/Juanjo/Desktop/Juegos/Foundry-daggerheart/Portable-FoundryVTT-v13.348/App/resources/app/dist/database/backend/server-document.mjs:1:2782)","timestamp":"2026-01-01 15:00:02"}
{"level":"error","message":"An error occurred during the migration of Actor record [RlIaKDY410J1Braw] of database \"daggerheart-extra-content.more-adversaries\":\nError: Documents from a core version newer than the running version cannot be migrated\n    at Function._migrateRecord (file:///C:/Users/Juanjo/Desktop/Juegos/Foundry-daggerheart/Portable-FoundryVTT-v13.348/App/resources/app/dist/database/backend/server-document.mjs:1:3713)\n    at Function._migrateDocuments (file:///C:/Users/Juanjo/Desktop/Juegos/Foundry-daggerheart/Portable-FoundryVTT-v13.348/App/resources/app/dist/database/backend/server-document.mjs:1:2782)","timestamp":"2026-01-01 15:00:02"}
{"level":"error","message":"An error occurred during the migration of Actor record [Uu7RvfCQnjz6CNhI] of database \"daggerheart-extra-content.more-adversaries\":\nError: Documents from a core version newer than the running version cannot be migrated\n    at Function._migrateRecord (file:///C:/Users/Juanjo/Desktop/Juegos/Foundry-daggerheart/Portable-FoundryVTT-v13.348/App/resources/app/dist/database/backend/server-document.mjs:1:3713)\n    at Function._migrateDocuments (file:///C:/Users/Juanjo/Desktop/Juegos/Foundry-daggerheart/Portable-FoundryVTT-v13.348/App/resources/app/dist/database/backend/server-document.mjs:1:2782)","timestamp":"2026-01-01 15:00:02"}
{"level":"error","message":"An error occurred during the migration of Actor record [dz7P6qQlXyDH34fj] of database \"daggerheart-extra-content.more-adversaries\":\nError: Documents from a core version newer than the running version cannot be migrated\n    at Function._migrateRecord (file:///C:/Users/Juanjo/Desktop/Juegos/Foundry-daggerheart/Portable-FoundryVTT-v13.348/App/resources/app/dist/database/backend/server-document.mjs:1:3713)\n    at Function._migrateDocuments (file:///C:/Users/Juanjo/Desktop/Juegos/Foundry-daggerheart/Portable-FoundryVTT-v13.348/App/resources/app/dist/database/backend/server-document.mjs:1:2782)","timestamp":"2026-01-01 15:00:02"}
{"level":"error","message":"An error occurred during the migration of Actor record [eQ87jrVECayfpio3] of database \"daggerheart-extra-content.more-adversaries\":\nError: Documents from a core version newer than the running version cannot be migrated\n    at Function._migrateRecord (file:///C:/Users/Juanjo/Desktop/Juegos/Foundry-daggerheart/Portable-FoundryVTT-v13.348/App/resources/app/dist/database/backend/server-document.mjs:1:3713)\n    at Function._migrateDocuments (file:///C:/Users/Juanjo/Desktop/Juegos/Foundry-daggerheart/Portable-FoundryVTT-v13.348/App/resources/app/dist/database/backend/server-document.mjs:1:2782)","timestamp":"2026-01-01 15:00:02"}
{"level":"error","message":"An error occurred during the migration of Actor record [f7a0iCjxLOcnoOry] of database \"daggerheart-extra-content.more-adversaries\":\nError: Documents from a core version newer than the running version cannot be migrated\n    at Function._migrateRecord (file:///C:/Users/Juanjo/Desktop/Juegos/Foundry-daggerheart/Portable-FoundryVTT-v13.348/App/resources/app/dist/database/backend/server-document.mjs:1:3713)\n    at Function._migrateDocuments (file:///C:/Users/Juanjo/Desktop/Juegos/Foundry-daggerheart/Portable-FoundryVTT-v13.348/App/resources/app/dist/database/backend/server-document.mjs:1:2782)","timestamp":"2026-01-01 15:00:02"}
{"level":"error","message":"An error occurred during the migration of Actor record [j0ncG4oNxG6c7CoZ] of database \"daggerheart-extra-content.more-adversaries\":\nError: Documents from a core version newer than the running version cannot be migrated\n    at Function._migrateRecord (file:///C:/Users/Juanjo/Desktop/Juegos/Foundry-daggerheart/Portable-FoundryVTT-v13.348/App/resources/app/dist/database/backend/server-document.mjs:1:3713)\n    at Function._migrateDocuments (file:///C:/Users/Juanjo/Desktop/Juegos/Foundry-daggerheart/Portable-FoundryVTT-v13.348/App/resources/app/dist/database/backend/server-document.mjs:1:2782)","timestamp":"2026-01-01 15:00:02"}
{"level":"error","message":"An error occurred during the migration of Actor record [n7SBEHvb48tFamKO] of database \"daggerheart-extra-content.more-adversaries\":\nError: Documents from a core version newer than the running version cannot be migrated\n    at Function._migrateRecord (file:///C:/Users/Juanjo/Desktop/Juegos/Foundry-daggerheart/Portable-FoundryVTT-v13.348/App/resources/app/dist/database/backend/server-document.mjs:1:3713)\n    at Function._migrateDocuments (file:///C:/Users/Juanjo/Desktop/Juegos/Foundry-daggerheart/Portable-FoundryVTT-v13.348/App/resources/app/dist/database/backend/server-document.mjs:1:2782)","timestamp":"2026-01-01 15:00:02"}
{"level":"error","message":"An error occurred during the migration of Actor record [p7LYTbyuPUNisLQ5] of database \"daggerheart-extra-content.more-adversaries\":\nError: Documents from a core version newer than the running version cannot be migrated\n    at Function._migrateRecord (file:///C:/Users/Juanjo/Desktop/Juegos/Foundry-daggerheart/Portable-FoundryVTT-v13.348/App/resources/app/dist/database/backend/server-document.mjs:1:3713)\n    at Function._migrateDocuments (file:///C:/Users/Juanjo/Desktop/Juegos/Foundry-daggerheart/Portable-FoundryVTT-v13.348/App/resources/app/dist/database/backend/server-document.mjs:1:2782)","timestamp":"2026-01-01 15:00:02"}
{"level":"error","message":"An error occurred during the migration of Actor record [pCEWxOqd7C0B9DxO] of database \"daggerheart-extra-content.more-adversaries\":\nError: Documents from a core version newer than the running version cannot be migrated\n    at Function._migrateRecord (file:///C:/Users/Juanjo/Desktop/Juegos/Foundry-daggerheart/Portable-FoundryVTT-v13.348/App/resources/app/dist/database/backend/server-document.mjs:1:3713)\n    at Function._migrateDocuments (file:///C:/Users/Juanjo/Desktop/Juegos/Foundry-daggerheart/Portable-FoundryVTT-v13.348/App/resources/app/dist/database/backend/server-document.mjs:1:2782)","timestamp":"2026-01-01 15:00:02"}
{"level":"error","message":"An error occurred during the migration of Actor record [pCkMBn3zgF4WA1zz] of database \"daggerheart-extra-content.more-adversaries\":\nError: Documents from a core version newer than the running version cannot be migrated\n    at Function._migrateRecord (file:///C:/Users/Juanjo/Desktop/Juegos/Foundry-daggerheart/Portable-FoundryVTT-v13.348/App/resources/app/dist/database/backend/server-document.mjs:1:3713)\n    at Function._migrateDocuments (file:///C:/Users/Juanjo/Desktop/Juegos/Foundry-daggerheart/Portable-FoundryVTT-v13.348/App/resources/app/dist/database/backend/server-document.mjs:1:2782)","timestamp":"2026-01-01 15:00:02"}
{"level":"error","message":"An error occurred during the migration of Actor record [sEtsUW24RgFB83TQ] of database \"daggerheart-extra-content.more-adversaries\":\nError: Documents from a core version newer than the running version cannot be migrated\n    at Function._migrateRecord (file:///C:/Users/Juanjo/Desktop/Juegos/Foundry-daggerheart/Portable-FoundryVTT-v13.348/App/resources/app/dist/database/backend/server-document.mjs:1:3713)\n    at Function._migrateDocuments (file:///C:/Users/Juanjo/Desktop/Juegos/Foundry-daggerheart/Portable-FoundryVTT-v13.348/App/resources/app/dist/database/backend/server-document.mjs:1:2782)","timestamp":"2026-01-01 15:00:02"}
{"level":"error","message":"An error occurred during the migration of Actor record [sKqhR4Gzsc953DBq] of database \"daggerheart-extra-content.more-adversaries\":\nError: Documents from a core version newer than the running version cannot be migrated\n    at Function._migrateRecord (file:///C:/Users/Juanjo/Desktop/Juegos/Foundry-daggerheart/Portable-FoundryVTT-v13.348/App/resources/app/dist/database/backend/server-document.mjs:1:3713)\n    at Function._migrateDocuments (file:///C:/Users/Juanjo/Desktop/Juegos/Foundry-daggerheart/Portable-FoundryVTT-v13.348/App/resources/app/dist/database/backend/server-document.mjs:1:2782)","timestamp":"2026-01-01 15:00:02"}
{"level":"warn","message":"Database daggerheart-extra-content.more-adversaries was not fully migrated due to errors during migration.","timestamp":"2026-01-01 15:00:02"}
{"level":"info","message":"Launching World | Migrating Package Data - 58%","timestamp":"2026-01-01 15:00:02"}
{"level":"info","message":"Launching World | Migrating Package Data - 61%","timestamp":"2026-01-01 15:00:02"}
{"level":"info","message":"Launching World | Migrating Package Data - 64%","timestamp":"2026-01-01 15:00:02"}
{"level":"error","message":"An error occurred during the migration of Item record [04I86qVoEQ310sCR] of database \"daggerheart-extra-content.ancestry\":\nError: Documents from a core version newer than the running version cannot be migrated\n    at Function._migrateRecord (file:///C:/Users/Juanjo/Desktop/Juegos/Foundry-daggerheart/Portable-FoundryVTT-v13.348/App/resources/app/dist/database/backend/server-document.mjs:1:3713)\n    at Function._migrateDocuments (file:///C:/Users/Juanjo/Desktop/Juegos/Foundry-daggerheart/Portable-FoundryVTT-v13.348/App/resources/app/dist/database/backend/server-document.mjs:1:2782)","timestamp":"2026-01-01 15:00:02"}
{"level":"error","message":"An error occurred during the migration of Item record [2zyMaehKcKOEGM4E] of database \"daggerheart-extra-content.ancestry\":\nError: Documents from a core version newer than the running version cannot be migrated\n    at Function._migrateRecord (file:///C:/Users/Juanjo/Desktop/Juegos/Foundry-daggerheart/Portable-FoundryVTT-v13.348/App/resources/app/dist/database/backend/server-document.mjs:1:3713)\n    at Function._migrateDocuments (file:///C:/Users/Juanjo/Desktop/Juegos/Foundry-daggerheart/Portable-FoundryVTT-v13.348/App/resources/app/dist/database/backend/server-document.mjs:1:2782)","timestamp":"2026-01-01 15:00:02"}
{"level":"error","message":"An error occurred during the migration of Item record [Fc3hqveUPZNSVSk7] of database \"daggerheart-extra-content.ancestry\":\nError: Documents from a core version newer than the running version cannot be migrated\n    at Function._migrateRecord (file:///C:/Users/Juanjo/Desktop/Juegos/Foundry-daggerheart/Portable-FoundryVTT-v13.348/App/resources/app/dist/database/backend/server-document.mjs:1:3713)\n    at Function._migrateDocuments (file:///C:/Users/Juanjo/Desktop/Juegos/Foundry-daggerheart/Portable-FoundryVTT-v13.348/App/resources/app/dist/database/backend/server-document.mjs:1:2782)","timestamp":"2026-01-01 15:00:02"}
{"level":"error","message":"An error occurred during the migration of Item record [QbBbdOgrtxEIWQHB] of database \"daggerheart-extra-content.ancestry\":\nError: Documents from a core version newer than the running version cannot be migrated\n    at Function._migrateRecord (file:///C:/Users/Juanjo/Desktop/Juegos/Foundry-daggerheart/Portable-FoundryVTT-v13.348/App/resources/app/dist/database/backend/server-document.mjs:1:3713)\n    at Function._migrateDocuments (file:///C:/Users/Juanjo/Desktop/Juegos/Foundry-daggerheart/Portable-FoundryVTT-v13.348/App/resources/app/dist/database/backend/server-document.mjs:1:2782)","timestamp":"2026-01-01 15:00:02"}
{"level":"error","message":"An error occurred during the migration of Item record [WOHi9gvF8Ha10EnF] of database \"daggerheart-extra-content.ancestry\":\nError: Documents from a core version newer than the running version cannot be migrated\n    at Function._migrateRecord (file:///C:/Users/Juanjo/Desktop/Juegos/Foundry-daggerheart/Portable-FoundryVTT-v13.348/App/resources/app/dist/database/backend/server-document.mjs:1:3713)\n    at Function._migrateDocuments (file:///C:/Users/Juanjo/Desktop/Juegos/Foundry-daggerheart/Portable-FoundryVTT-v13.348/App/resources/app/dist/database/backend/server-document.mjs:1:2782)","timestamp":"2026-01-01 15:00:02"}
{"level":"error","message":"An error occurred during the migration of Item record [jP4n9wzq0wvfxULo] of database \"daggerheart-extra-content.ancestry\":\nError: Documents from a core version newer than the running version cannot be migrated\n    at Function._migrateRecord (file:///C:/Users/Juanjo/Desktop/Juegos/Foundry-daggerheart/Portable-FoundryVTT-v13.348/App/resources/app/dist/database/backend/server-document.mjs:1:3713)\n    at Function._migrateDocuments (file:///C:/Users/Juanjo/Desktop/Juegos/Foundry-daggerheart/Portable-FoundryVTT-v13.348/App/resources/app/dist/database/backend/server-document.mjs:1:2782)","timestamp":"2026-01-01 15:00:02"}
{"level":"error","message":"An error occurred during the migration of Item record [pjtNmhoBNxjrzRPk] of database \"daggerheart-extra-content.ancestry\":\nError: Documents from a core version newer than the running version cannot be migrated\n    at Function._migrateRecord (file:///C:/Users/Juanjo/Desktop/Juegos/Foundry-daggerheart/Portable-FoundryVTT-v13.348/App/resources/app/dist/database/backend/server-document.mjs:1:3713)\n    at Function._migrateDocuments (file:///C:/Users/Juanjo/Desktop/Juegos/Foundry-daggerheart/Portable-FoundryVTT-v13.348/App/resources/app/dist/database/backend/server-document.mjs:1:2782)","timestamp":"2026-01-01 15:00:02"}
{"level":"error","message":"An error occurred during the migration of Item record [vWfsYRjrKPUne2nZ] of database \"daggerheart-extra-content.ancestry\":\nError: Documents from a core version newer than the running version cannot be migrated\n    at Function._migrateRecord (file:///C:/Users/Juanjo/Desktop/Juegos/Foundry-daggerheart/Portable-FoundryVTT-v13.348/App/resources/app/dist/database/backend/server-document.mjs:1:3713)\n    at Function._migrateDocuments (file:///C:/Users/Juanjo/Desktop/Juegos/Foundry-daggerheart/Portable-FoundryVTT-v13.348/App/resources/app/dist/database/backend/server-document.mjs:1:2782)","timestamp":"2026-01-01 15:00:02"}
{"level":"error","message":"An error occurred during the migration of Item record [y4tOp4lUYpyC7YJW] of database \"daggerheart-extra-content.ancestry\":\nError: Documents from a core version newer than the running version cannot be migrated\n    at Function._migrateRecord (file:///C:/Users/Juanjo/Desktop/Juegos/Foundry-daggerheart/Portable-FoundryVTT-v13.348/App/resources/app/dist/database/backend/server-document.mjs:1:3713)\n    at Function._migrateDocuments (file:///C:/Users/Juanjo/Desktop/Juegos/Foundry-daggerheart/Portable-FoundryVTT-v13.348/App/resources/app/dist/database/backend/server-document.mjs:1:2782)","timestamp":"2026-01-01 15:00:02"}
{"level":"warn","message":"Database daggerheart-extra-content.ancestry was not fully migrated due to errors during migration.","timestamp":"2026-01-01 15:00:02"}
{"level":"info","message":"Launching World | Migrating Package Data - 67%","timestamp":"2026-01-01 15:00:02"}
{"level":"info","message":"Launching World | Migrating Package Data - 69%","timestamp":"2026-01-01 15:00:02"}
{"level":"error","message":"An error occurred during the migration of Item record [8D0NQR901j0Kx0zb] of database \"daggerheart-extra-content.classes\":\nError: Documents from a core version newer than the running version cannot be migrated\n    at Function._migrateRecord (file:///C:/Users/Juanjo/Desktop/Juegos/Foundry-daggerheart/Portable-FoundryVTT-v13.348/App/resources/app/dist/database/backend/server-document.mjs:1:3713)\n    at Function._migrateDocuments (file:///C:/Users/Juanjo/Desktop/Juegos/Foundry-daggerheart/Portable-FoundryVTT-v13.348/App/resources/app/dist/database/backend/server-document.mjs:1:2782)","timestamp":"2026-01-01 15:00:02"}
{"level":"error","message":"An error occurred during the migration of Item record [B90E3nk0uBeZpPw8] of database \"daggerheart-extra-content.classes\":\nError: Documents from a core version newer than the running version cannot be migrated\n    at Function._migrateRecord (file:///C:/Users/Juanjo/Desktop/Juegos/Foundry-daggerheart/Portable-FoundryVTT-v13.348/App/resources/app/dist/database/backend/server-document.mjs:1:3713)\n    at Function._migrateDocuments (file:///C:/Users/Juanjo/Desktop/Juegos/Foundry-daggerheart/Portable-FoundryVTT-v13.348/App/resources/app/dist/database/backend/server-document.mjs:1:2782)","timestamp":"2026-01-01 15:00:02"}
{"level":"error","message":"An error occurred during the migration of Item record [E5d3CnR98vEXt8QS] of database \"daggerheart-extra-content.classes\":\nError: Documents from a core version newer than the running version cannot be migrated\n    at Function._migrateRecord (file:///C:/Users/Juanjo/Desktop/Juegos/Foundry-daggerheart/Portable-FoundryVTT-v13.348/App/resources/app/dist/database/backend/server-document.mjs:1:3713)\n    at Function._migrateDocuments (file:///C:/Users/Juanjo/Desktop/Juegos/Foundry-daggerheart/Portable-FoundryVTT-v13.348/App/resources/app/dist/database/backend/server-document.mjs:1:2782)","timestamp":"2026-01-01 15:00:02"}
{"level":"error","message":"An error occurred during the migration of Item record [EcUepPeaFQz7tnme] of database \"daggerheart-extra-content.classes\":\nError: Documents from a core version newer than the running version cannot be migrated\n    at Function._migrateRecord (file:///C:/Users/Juanjo/Desktop/Juegos/Foundry-daggerheart/Portable-FoundryVTT-v13.348/App/resources/app/dist/database/backend/server-document.mjs:1:3713)\n    at Function._migrateDocuments (file:///C:/Users/Juanjo/Desktop/Juegos/Foundry-daggerheart/Portable-FoundryVTT-v13.348/App/resources/app/dist/database/backend/server-document.mjs:1:2782)","timestamp":"2026-01-01 15:00:02"}
{"level":"error","message":"An error occurred during the migration of Item record [MAT6l8tUvELiLK4L] of database \"daggerheart-extra-content.classes\":\nError: Documents from a core version newer than the running version cannot be migrated\n    at Function._migrateRecord (file:///C:/Users/Juanjo/Desktop/Juegos/Foundry-daggerheart/Portable-FoundryVTT-v13.348/App/resources/app/dist/database/backend/server-document.mjs:1:3713)\n    at Function._migrateDocuments (file:///C:/Users/Juanjo/Desktop/Juegos/Foundry-daggerheart/Portable-FoundryVTT-v13.348/App/resources/app/dist/database/backend/server-document.mjs:1:2782)","timestamp":"2026-01-01 15:00:02"}
{"level":"error","message":"An error occurred during the migration of Item record [N4mXcAWdpFYJdWZn] of database \"daggerheart-extra-content.classes\":\nError: Documents from a core version newer than the running version cannot be migrated\n    at Function._migrateRecord (file:///C:/Users/Juanjo/Desktop/Juegos/Foundry-daggerheart/Portable-FoundryVTT-v13.348/App/resources/app/dist/database/backend/server-document.mjs:1:3713)\n    at Function._migrateDocuments (file:///C:/Users/Juanjo/Desktop/Juegos/Foundry-daggerheart/Portable-FoundryVTT-v13.348/App/resources/app/dist/database/backend/server-document.mjs:1:2782)","timestamp":"2026-01-01 15:00:02"}
{"level":"error","message":"An error occurred during the migration of Item record [g01PAvRJsgiUHpnD] of database \"daggerheart-extra-content.classes\":\nError: Documents from a core version newer than the running version cannot be migrated\n    at Function._migrateRecord (file:///C:/Users/Juanjo/Desktop/Juegos/Foundry-daggerheart/Portable-FoundryVTT-v13.348/App/resources/app/dist/database/backend/server-document.mjs:1:3713)\n    at Function._migrateDocuments (file:///C:/Users/Juanjo/Desktop/Juegos/Foundry-daggerheart/Portable-FoundryVTT-v13.348/App/resources/app/dist/database/backend/server-document.mjs:1:2782)","timestamp":"2026-01-01 15:00:02"}
{"level":"error","message":"An error occurred during the migration of Item record [hXehaNaOdYzSJqxf] of database \"daggerheart-extra-content.classes\":\nError: Documents from a core version newer than the running version cannot be migrated\n    at Function._migrateRecord (file:///C:/Users/Juanjo/Desktop/Juegos/Foundry-daggerheart/Portable-FoundryVTT-v13.348/App/resources/app/dist/database/backend/server-document.mjs:1:3713)\n    at Function._migrateDocuments (file:///C:/Users/Juanjo/Desktop/Juegos/Foundry-daggerheart/Portable-FoundryVTT-v13.348/App/resources/app/dist/database/backend/server-document.mjs:1:2782)","timestamp":"2026-01-01 15:00:02"}
{"level":"error","message":"An error occurred during the migration of Item record [k4NTq8kIqQNNv9bl] of database \"daggerheart-extra-content.classes\":\nError: Documents from a core version newer than the running version cannot be migrated\n    at Function._migrateRecord (file:///C:/Users/Juanjo/Desktop/Juegos/Foundry-daggerheart/Portable-FoundryVTT-v13.348/App/resources/app/dist/database/backend/server-document.mjs:1:3713)\n    at Function._migrateDocuments (file:///C:/Users/Juanjo/Desktop/Juegos/Foundry-daggerheart/Portable-FoundryVTT-v13.348/App/resources/app/dist/database/backend/server-document.mjs:1:2782)","timestamp":"2026-01-01 15:00:02"}
{"level":"error","message":"An error occurred during the migration of Item record [m0xIb9uq6tlZdsoz] of database \"daggerheart-extra-content.classes\":\nError: Documents from a core version newer than the running version cannot be migrated\n    at Function._migrateRecord (file:///C:/Users/Juanjo/Desktop/Juegos/Foundry-daggerheart/Portable-FoundryVTT-v13.348/App/resources/app/dist/database/backend/server-document.mjs:1:3713)\n    at Function._migrateDocuments (file:///C:/Users/Juanjo/Desktop/Juegos/Foundry-daggerheart/Portable-FoundryVTT-v13.348/App/resources/app/dist/database/backend/server-document.mjs:1:2782)","timestamp":"2026-01-01 15:00:02"}
{"level":"error","message":"An error occurred during the migration of Item record [mYoYtle6DKA0UwQd] of database \"daggerheart-extra-content.classes\":\nError: Documents from a core version newer than the running version cannot be migrated\n    at Function._migrateRecord (file:///C:/Users/Juanjo/Desktop/Juegos/Foundry-daggerheart/Portable-FoundryVTT-v13.348/App/resources/app/dist/database/backend/server-document.mjs:1:3713)\n    at Function._migrateDocuments (file:///C:/Users/Juanjo/Desktop/Juegos/Foundry-daggerheart/Portable-FoundryVTT-v13.348/App/resources/app/dist/database/backend/server-document.mjs:1:2782)","timestamp":"2026-01-01 15:00:02"}
{"level":"error","message":"An error occurred during the migration of Item record [xGemeGMXhosaM22K] of database \"daggerheart-extra-content.classes\":\nError: Documents from a core version newer than the running version cannot be migrated\n    at Function._migrateRecord (file:///C:/Users/Juanjo/Desktop/Juegos/Foundry-daggerheart/Portable-FoundryVTT-v13.348/App/resources/app/dist/database/backend/server-document.mjs:1:3713)\n    at Function._migrateDocuments (file:///C:/Users/Juanjo/Desktop/Juegos/Foundry-daggerheart/Portable-FoundryVTT-v13.348/App/resources/app/dist/database/backend/server-document.mjs:1:2782)","timestamp":"2026-01-01 15:00:02"}
{"level":"error","message":"An error occurred during the migration of Item record [zzaKRTPuYEahfilp] of database \"daggerheart-extra-content.classes\":\nError: Documents from a core version newer than the running version cannot be migrated\n    at Function._migrateRecord (file:///C:/Users/Juanjo/Desktop/Juegos/Foundry-daggerheart/Portable-FoundryVTT-v13.348/App/resources/app/dist/database/backend/server-document.mjs:1:3713)\n    at Function._migrateDocuments (file:///C:/Users/Juanjo/Desktop/Juegos/Foundry-daggerheart/Portable-FoundryVTT-v13.348/App/resources/app/dist/database/backend/server-document.mjs:1:2782)","timestamp":"2026-01-01 15:00:02"}
{"level":"warn","message":"Database daggerheart-extra-content.classes was not fully migrated due to errors during migration.","timestamp":"2026-01-01 15:00:02"}
{"level":"info","message":"Launching World | Migrating Package Data - 72%","timestamp":"2026-01-01 15:00:02"}
{"level":"error","message":"An error occurred during the migration of Item record [0YAGrauVMvqpHUou] of database \"daggerheart-extra-content.subclasses\":\nError: Documents from a core version newer than the running version cannot be migrated\n    at Function._migrateRecord (file:///C:/Users/Juanjo/Desktop/Juegos/Foundry-daggerheart/Portable-FoundryVTT-v13.348/App/resources/app/dist/database/backend/server-document.mjs:1:3713)\n    at Function._migrateDocuments (file:///C:/Users/Juanjo/Desktop/Juegos/Foundry-daggerheart/Portable-FoundryVTT-v13.348/App/resources/app/dist/database/backend/server-document.mjs:1:2782)","timestamp":"2026-01-01 15:00:02"}
{"level":"error","message":"An error occurred during the migration of Item record [1vMdJBGISqJYzAA8] of database \"daggerheart-extra-content.subclasses\":\nError: Documents from a core version newer than the running version cannot be migrated\n    at Function._migrateRecord (file:///C:/Users/Juanjo/Desktop/Juegos/Foundry-daggerheart/Portable-FoundryVTT-v13.348/App/resources/app/dist/database/backend/server-document.mjs:1:3713)\n    at Function._migrateDocuments (file:///C:/Users/Juanjo/Desktop/Juegos/Foundry-daggerheart/Portable-FoundryVTT-v13.348/App/resources/app/dist/database/backend/server-document.mjs:1:2782)","timestamp":"2026-01-01 15:00:02"}
{"level":"error","message":"An error occurred during the migration of Item record [48oK5ke7KNhEoSBK] of database \"daggerheart-extra-content.subclasses\":\nError: Documents from a core version newer than the running version cannot be migrated\n    at Function._migrateRecord (file:///C:/Users/Juanjo/Desktop/Juegos/Foundry-daggerheart/Portable-FoundryVTT-v13.348/App/resources/app/dist/database/backend/server-document.mjs:1:3713)\n    at Function._migrateDocuments (file:///C:/Users/Juanjo/Desktop/Juegos/Foundry-daggerheart/Portable-FoundryVTT-v13.348/App/resources/app/dist/database/backend/server-document.mjs:1:2782)","timestamp":"2026-01-01 15:00:02"}
{"level":"error","message":"An error occurred during the migration of Item record [DeyoqbkHGP5Zm5bb] of database \"daggerheart-extra-content.subclasses\":\nError: Documents from a core version newer than the running version cannot be migrated\n    at Function._migrateRecord (file:///C:/Users/Juanjo/Desktop/Juegos/Foundry-daggerheart/Portable-FoundryVTT-v13.348/App/resources/app/dist/database/backend/server-document.mjs:1:3713)\n    at Function._migrateDocuments (file:///C:/Users/Juanjo/Desktop/Juegos/Foundry-daggerheart/Portable-FoundryVTT-v13.348/App/resources/app/dist/database/backend/server-document.mjs:1:2782)","timestamp":"2026-01-01 15:00:02"}
{"level":"error","message":"An error occurred during the migration of Item record [HQmOhlvOcO5GjiRG] of database \"daggerheart-extra-content.subclasses\":\nError: Documents from a core version newer than the running version cannot be migrated\n    at Function._migrateRecord (file:///C:/Users/Juanjo/Desktop/Juegos/Foundry-daggerheart/Portable-FoundryVTT-v13.348/App/resources/app/dist/database/backend/server-document.mjs:1:3713)\n    at Function._migrateDocuments (file:///C:/Users/Juanjo/Desktop/Juegos/Foundry-daggerheart/Portable-FoundryVTT-v13.348/App/resources/app/dist/database/backend/server-document.mjs:1:2782)","timestamp":"2026-01-01 15:00:02"}
{"level":"error","message":"An error occurred during the migration of Item record [LCqFlGKsObwYDIEm] of database \"daggerheart-extra-content.subclasses\":\nError: Documents from a core version newer than the running version cannot be migrated\n    at Function._migrateRecord (file:///C:/Users/Juanjo/Desktop/Juegos/Foundry-daggerheart/Portable-FoundryVTT-v13.348/App/resources/app/dist/database/backend/server-document.mjs:1:3713)\n    at Function._migrateDocuments (file:///C:/Users/Juanjo/Desktop/Juegos/Foundry-daggerheart/Portable-FoundryVTT-v13.348/App/resources/app/dist/database/backend/server-document.mjs:1:2782)","timestamp":"2026-01-01 15:00:02"}
{"level":"error","message":"An error occurred during the migration of Item record [ThjRka7o73hN3p0B] of database \"daggerheart-extra-content.subclasses\":\nError: Documents from a core version newer than the running version cannot be migrated\n    at Function._migrateRecord (file:///C:/Users/Juanjo/Desktop/Juegos/Foundry-daggerheart/Portable-FoundryVTT-v13.348/App/resources/app/dist/database/backend/server-document.mjs:1:3713)\n    at Function._migrateDocuments (file:///C:/Users/Juanjo/Desktop/Juegos/Foundry-daggerheart/Portable-FoundryVTT-v13.348/App/resources/app/dist/database/backend/server-document.mjs:1:2782)","timestamp":"2026-01-01 15:00:02"}
{"level":"error","message":"An error occurred during the migration of Item record [UOiFsix0pZrccp1y] of database \"daggerheart-extra-content.subclasses\":\nError: Documents from a core version newer than the running version cannot be migrated\n    at Function._migrateRecord (file:///C:/Users/Juanjo/Desktop/Juegos/Foundry-daggerheart/Portable-FoundryVTT-v13.348/App/resources/app/dist/database/backend/server-document.mjs:1:3713)\n    at Function._migrateDocuments (file:///C:/Users/Juanjo/Desktop/Juegos/Foundry-daggerheart/Portable-FoundryVTT-v13.348/App/resources/app/dist/database/backend/server-document.mjs:1:2782)","timestamp":"2026-01-01 15:00:02"}
{"level":"error","message":"An error occurred during the migration of Item record [YtPj46QA47slm76U] of database \"daggerheart-extra-content.subclasses\":\nError: Documents from a core version newer than the running version cannot be migrated\n    at Function._migrateRecord (file:///C:/Users/Juanjo/Desktop/Juegos/Foundry-daggerheart/Portable-FoundryVTT-v13.348/App/resources/app/dist/database/backend/server-document.mjs:1:3713)\n    at Function._migrateDocuments (file:///C:/Users/Juanjo/Desktop/Juegos/Foundry-daggerheart/Portable-FoundryVTT-v13.348/App/resources/app/dist/database/backend/server-document.mjs:1:2782)","timestamp":"2026-01-01 15:00:02"}
{"level":"error","message":"An error occurred during the migration of Item record [Z2oD6qtFjxzDYqWV] of database \"daggerheart-extra-content.subclasses\":\nError: Documents from a core version newer than the running version cannot be migrated\n    at Function._migrateRecord (file:///C:/Users/Juanjo/Desktop/Juegos/Foundry-daggerheart/Portable-FoundryVTT-v13.348/App/resources/app/dist/database/backend/server-document.mjs:1:3713)\n    at Function._migrateDocuments (file:///C:/Users/Juanjo/Desktop/Juegos/Foundry-daggerheart/Portable-FoundryVTT-v13.348/App/resources/app/dist/database/backend/server-document.mjs:1:2782)","timestamp":"2026-01-01 15:00:02"}
{"level":"error","message":"An error occurred during the migration of Item record [aKNaVPnQeDzCZl6w] of database \"daggerheart-extra-content.subclasses\":\nError: Documents from a core version newer than the running version cannot be migrated\n    at Function._migrateRecord (file:///C:/Users/Juanjo/Desktop/Juegos/Foundry-daggerheart/Portable-FoundryVTT-v13.348/App/resources/app/dist/database/backend/server-document.mjs:1:3713)\n    at Function._migrateDocuments (file:///C:/Users/Juanjo/Desktop/Juegos/Foundry-daggerheart/Portable-FoundryVTT-v13.348/App/resources/app/dist/database/backend/server-document.mjs:1:2782)","timestamp":"2026-01-01 15:00:02"}
{"level":"error","message":"An error occurred during the migration of Item record [bQMybQa340rpMCR8] of database \"daggerheart-extra-content.subclasses\":\nError: Documents from a core version newer than the running version cannot be migrated\n    at Function._migrateRecord (file:///C:/Users/Juanjo/Desktop/Juegos/Foundry-daggerheart/Portable-FoundryVTT-v13.348/App/resources/app/dist/database/backend/server-document.mjs:1:3713)\n    at Function._migrateDocuments (file:///C:/Users/Juanjo/Desktop/Juegos/Foundry-daggerheart/Portable-FoundryVTT-v13.348/App/resources/app/dist/database/backend/server-document.mjs:1:2782)","timestamp":"2026-01-01 15:00:02"}
{"level":"error","message":"An error occurred during the migration of Item record [eM46wwEPFHNI99sq] of database \"daggerheart-extra-content.subclasses\":\nError: Documents from a core version newer than the running version cannot be migrated\n    at Function._migrateRecord (file:///C:/Users/Juanjo/Desktop/Juegos/Foundry-daggerheart/Portable-FoundryVTT-v13.348/App/resources/app/dist/database/backend/server-document.mjs:1:3713)\n    at Function._migrateDocuments (file:///C:/Users/Juanjo/Desktop/Juegos/Foundry-daggerheart/Portable-FoundryVTT-v13.348/App/resources/app/dist/database/backend/server-document.mjs:1:2782)","timestamp":"2026-01-01 15:00:02"}
{"level":"error","message":"An error occurred during the migration of Item record [eQ8YQvNFJJnz9OqQ] of database \"daggerheart-extra-content.subclasses\":\nError: Documents from a core version newer than the running version cannot be migrated\n    at Function._migrateRecord (file:///C:/Users/Juanjo/Desktop/Juegos/Foundry-daggerheart/Portable-FoundryVTT-v13.348/App/resources/app/dist/database/backend/server-document.mjs:1:3713)\n    at Function._migrateDocuments (file:///C:/Users/Juanjo/Desktop/Juegos/Foundry-daggerheart/Portable-FoundryVTT-v13.348/App/resources/app/dist/database/backend/server-document.mjs:1:2782)","timestamp":"2026-01-01 15:00:02"}
{"level":"error","message":"An error occurred during the migration of Item record [hRIq3JkT9ZwZr5Qf] of database \"daggerheart-extra-content.subclasses\":\nError: Documents from a core version newer than the running version cannot be migrated\n    at Function._migrateRecord (file:///C:/Users/Juanjo/Desktop/Juegos/Foundry-daggerheart/Portable-FoundryVTT-v13.348/App/resources/app/dist/database/backend/server-document.mjs:1:3713)\n    at Function._migrateDocuments (file:///C:/Users/Juanjo/Desktop/Juegos/Foundry-daggerheart/Portable-FoundryVTT-v13.348/App/resources/app/dist/database/backend/server-document.mjs:1:2782)","timestamp":"2026-01-01 15:00:02"}
{"level":"error","message":"An error occurred during the migration of Item record [hZqlmZX7lIGN3auH] of database \"daggerheart-extra-content.subclasses\":\nError: Documents from a core version newer than the running version cannot be migrated\n    at Function._migrateRecord (file:///C:/Users/Juanjo/Desktop/Juegos/Foundry-daggerheart/Portable-FoundryVTT-v13.348/App/resources/app/dist/database/backend/server-document.mjs:1:3713)\n    at Function._migrateDocuments (file:///C:/Users/Juanjo/Desktop/Juegos/Foundry-daggerheart/Portable-FoundryVTT-v13.348/App/resources/app/dist/database/backend/server-document.mjs:1:2782)","timestamp":"2026-01-01 15:00:02"}
{"level":"error","message":"An error occurred during the migration of Item record [lwShv1Is6MN1zDor] of database \"daggerheart-extra-content.subclasses\":\nError: Documents from a core version newer than the running version cannot be migrated\n    at Function._migrateRecord (file:///C:/Users/Juanjo/Desktop/Juegos/Foundry-daggerheart/Portable-FoundryVTT-v13.348/App/resources/app/dist/database/backend/server-document.mjs:1:3713)\n    at Function._migrateDocuments (file:///C:/Users/Juanjo/Desktop/Juegos/Foundry-daggerheart/Portable-FoundryVTT-v13.348/App/resources/app/dist/database/backend/server-document.mjs:1:2782)","timestamp":"2026-01-01 15:00:02"}
{"level":"error","message":"An error occurred during the migration of Item record [oWFZxLUa6apOCBW6] of database \"daggerheart-extra-content.subclasses\":\nError: Documents from a core version newer than the running version cannot be migrated\n    at Function._migrateRecord (file:///C:/Users/Juanjo/Desktop/Juegos/Foundry-daggerheart/Portable-FoundryVTT-v13.348/App/resources/app/dist/database/backend/server-document.mjs:1:3713)\n    at Function._migrateDocuments (file:///C:/Users/Juanjo/Desktop/Juegos/Foundry-daggerheart/Portable-FoundryVTT-v13.348/App/resources/app/dist/database/backend/server-document.mjs:1:2782)","timestamp":"2026-01-01 15:00:02"}
{"level":"error","message":"An error occurred during the migration of Item record [uZZCmokDQbizjw1d] of database \"daggerheart-extra-content.subclasses\":\nError: Documents from a core version newer than the running version cannot be migrated\n    at Function._migrateRecord (file:///C:/Users/Juanjo/Desktop/Juegos/Foundry-daggerheart/Portable-FoundryVTT-v13.348/App/resources/app/dist/database/backend/server-document.mjs:1:3713)\n    at Function._migrateDocuments (file:///C:/Users/Juanjo/Desktop/Juegos/Foundry-daggerheart/Portable-FoundryVTT-v13.348/App/resources/app/dist/database/backend/server-document.mjs:1:2782)","timestamp":"2026-01-01 15:00:02"}
{"level":"error","message":"An error occurred during the migration of Item record [ytYGENKq8AtjYqTb] of database \"daggerheart-extra-content.subclasses\":\nError: Documents from a core version newer than the running version cannot be migrated\n    at Function._migrateRecord (file:///C:/Users/Juanjo/Desktop/Juegos/Foundry-daggerheart/Portable-FoundryVTT-v13.348/App/resources/app/dist/database/backend/server-document.mjs:1:3713)\n    at Function._migrateDocuments (file:///C:/Users/Juanjo/Desktop/Juegos/Foundry-daggerheart/Portable-FoundryVTT-v13.348/App/resources/app/dist/database/backend/server-document.mjs:1:2782)","timestamp":"2026-01-01 15:00:02"}
{"level":"warn","message":"Database daggerheart-extra-content.subclasses was not fully migrated due to errors during migration.","timestamp":"2026-01-01 15:00:02"}
{"level":"info","message":"Launching World | Migrating Package Data - 75%","timestamp":"2026-01-01 15:00:02"}
{"level":"error","message":"An error occurred during the migration of Item record [9X2envWaXGSWx82V] of database \"the-void-unofficial.classes\":\nError: Documents from a core version newer than the running version cannot be migrated\n    at Function._migrateRecord (file:///C:/Users/Juanjo/Desktop/Juegos/Foundry-daggerheart/Portable-FoundryVTT-v13.348/App/resources/app/dist/database/backend/server-document.mjs:1:3713)\n    at Function._migrateDocuments (file:///C:/Users/Juanjo/Desktop/Juegos/Foundry-daggerheart/Portable-FoundryVTT-v13.348/App/resources/app/dist/database/backend/server-document.mjs:1:2782)","timestamp":"2026-01-01 15:00:02"}
{"level":"error","message":"An error occurred during the migration of Item record [R0wYgWyPih4CpTE5] of database \"the-void-unofficial.classes\":\nError: Documents from a core version newer than the running version cannot be migrated\n    at Function._migrateRecord (file:///C:/Users/Juanjo/Desktop/Juegos/Foundry-daggerheart/Portable-FoundryVTT-v13.348/App/resources/app/dist/database/backend/server-document.mjs:1:3713)\n    at Function._migrateDocuments (file:///C:/Users/Juanjo/Desktop/Juegos/Foundry-daggerheart/Portable-FoundryVTT-v13.348/App/resources/app/dist/database/backend/server-document.mjs:1:2782)","timestamp":"2026-01-01 15:00:02"}
{"level":"error","message":"An error occurred during the migration of Item record [TGTBooD83OWXyQj1] of database \"the-void-unofficial.classes\":\nError: Documents from a core version newer than the running version cannot be migrated\n    at Function._migrateRecord (file:///C:/Users/Juanjo/Desktop/Juegos/Foundry-daggerheart/Portable-FoundryVTT-v13.348/App/resources/app/dist/database/backend/server-document.mjs:1:3713)\n    at Function._migrateDocuments (file:///C:/Users/Juanjo/Desktop/Juegos/Foundry-daggerheart/Portable-FoundryVTT-v13.348/App/resources/app/dist/database/backend/server-document.mjs:1:2782)","timestamp":"2026-01-01 15:00:02"}
{"level":"error","message":"An error occurred during the migration of Item record [gugHbXBWP24CFTJZ] of database \"the-void-unofficial.classes\":\nError: Documents from a core version newer than the running version cannot be migrated\n    at Function._migrateRecord (file:///C:/Users/Juanjo/Desktop/Juegos/Foundry-daggerheart/Portable-FoundryVTT-v13.348/App/resources/app/dist/database/backend/server-document.mjs:1:3713)\n    at Function._migrateDocuments (file:///C:/Users/Juanjo/Desktop/Juegos/Foundry-daggerheart/Portable-FoundryVTT-v13.348/App/resources/app/dist/database/backend/server-document.mjs:1:2782)","timestamp":"2026-01-01 15:00:02"}
{"level":"error","message":"An error occurred during the migration of Item record [m3CvI4nlskOu5jZS] of database \"the-void-unofficial.classes\":\nError: Documents from a core version newer than the running version cannot be migrated\n    at Function._migrateRecord (file:///C:/Users/Juanjo/Desktop/Juegos/Foundry-daggerheart/Portable-FoundryVTT-v13.348/App/resources/app/dist/database/backend/server-document.mjs:1:3713)\n    at Function._migrateDocuments (file:///C:/Users/Juanjo/Desktop/Juegos/Foundry-daggerheart/Portable-FoundryVTT-v13.348/App/resources/app/dist/database/backend/server-document.mjs:1:2782)","timestamp":"2026-01-01 15:00:02"}
{"level":"error","message":"An error occurred during the migration of Item record [otb0ThXWuqQzzWho] of database \"the-void-unofficial.classes\":\nError: Documents from a core version newer than the running version cannot be migrated\n    at Function._migrateRecord (file:///C:/Users/Juanjo/Desktop/Juegos/Foundry-daggerheart/Portable-FoundryVTT-v13.348/App/resources/app/dist/database/backend/server-document.mjs:1:3713)\n    at Function._migrateDocuments (file:///C:/Users/Juanjo/Desktop/Juegos/Foundry-daggerheart/Portable-FoundryVTT-v13.348/App/resources/app/dist/database/backend/server-document.mjs:1:2782)","timestamp":"2026-01-01 15:00:02"}
{"level":"error","message":"An error occurred during the migration of Item record [v5M0mxaTDJCyhAsR] of database \"the-void-unofficial.classes\":\nError: Documents from a core version newer than the running version cannot be migrated\n    at Function._migrateRecord (file:///C:/Users/Juanjo/Desktop/Juegos/Foundry-daggerheart/Portable-FoundryVTT-v13.348/App/resources/app/dist/database/backend/server-document.mjs:1:3713)\n    at Function._migrateDocuments (file:///C:/Users/Juanjo/Desktop/Juegos/Foundry-daggerheart/Portable-FoundryVTT-v13.348/App/resources/app/dist/database/backend/server-document.mjs:1:2782)","timestamp":"2026-01-01 15:00:02"}
{"level":"warn","message":"Database the-void-unofficial.classes was not fully migrated due to errors during migration.","timestamp":"2026-01-01 15:00:02"}
{"level":"info","message":"Launching World | Migrating Package Data - 78%","timestamp":"2026-01-01 15:00:02"}
{"level":"error","message":"An error occurred during the migration of Item record [1PPk39iarFpWylOi] of database \"the-void-unofficial.subclasses\":\nError: Documents from a core version newer than the running version cannot be migrated\n    at Function._migrateRecord (file:///C:/Users/Juanjo/Desktop/Juegos/Foundry-daggerheart/Portable-FoundryVTT-v13.348/App/resources/app/dist/database/backend/server-document.mjs:1:3713)\n    at Function._migrateDocuments (file:///C:/Users/Juanjo/Desktop/Juegos/Foundry-daggerheart/Portable-FoundryVTT-v13.348/App/resources/app/dist/database/backend/server-document.mjs:1:2782)","timestamp":"2026-01-01 15:00:02"}
{"level":"error","message":"An error occurred during the migration of Item record [4Jaekd41DdaPdWkw] of database \"the-void-unofficial.subclasses\":\nError: Documents from a core version newer than the running version cannot be migrated\n    at Function._migrateRecord (file:///C:/Users/Juanjo/Desktop/Juegos/Foundry-daggerheart/Portable-FoundryVTT-v13.348/App/resources/app/dist/database/backend/server-document.mjs:1:3713)\n    at Function._migrateDocuments (file:///C:/Users/Juanjo/Desktop/Juegos/Foundry-daggerheart/Portable-FoundryVTT-v13.348/App/resources/app/dist/database/backend/server-document.mjs:1:2782)","timestamp":"2026-01-01 15:00:02"}
{"level":"error","message":"An error occurred during the migration of Item record [8EGGJmnqPBs9CrO9] of database \"the-void-unofficial.subclasses\":\nError: Documents from a core version newer than the running version cannot be migrated\n    at Function._migrateRecord (file:///C:/Users/Juanjo/Desktop/Juegos/Foundry-daggerheart/Portable-FoundryVTT-v13.348/App/resources/app/dist/database/backend/server-document.mjs:1:3713)\n    at Function._migrateDocuments (file:///C:/Users/Juanjo/Desktop/Juegos/Foundry-daggerheart/Portable-FoundryVTT-v13.348/App/resources/app/dist/database/backend/server-document.mjs:1:2782)","timestamp":"2026-01-01 15:00:02"}
{"level":"error","message":"An error occurred during the migration of Item record [GXYbLE8fG6fmGvFE] of database \"the-void-unofficial.subclasses\":\nError: Documents from a core version newer than the running version cannot be migrated\n    at Function._migrateRecord (file:///C:/Users/Juanjo/Desktop/Juegos/Foundry-daggerheart/Portable-FoundryVTT-v13.348/App/resources/app/dist/database/backend/server-document.mjs:1:3713)\n    at Function._migrateDocuments (file:///C:/Users/Juanjo/Desktop/Juegos/Foundry-daggerheart/Portable-FoundryVTT-v13.348/App/resources/app/dist/database/backend/server-document.mjs:1:2782)","timestamp":"2026-01-01 15:00:02"}
{"level":"error","message":"An error occurred during the migration of Item record [H8iGhoEsLwbhmUjb] of database \"the-void-unofficial.subclasses\":\nError: Documents from a core version newer than the running version cannot be migrated\n    at Function._migrateRecord (file:///C:/Users/Juanjo/Desktop/Juegos/Foundry-daggerheart/Portable-FoundryVTT-v13.348/App/resources/app/dist/database/backend/server-document.mjs:1:3713)\n    at Function._migrateDocuments (file:///C:/Users/Juanjo/Desktop/Juegos/Foundry-daggerheart/Portable-FoundryVTT-v13.348/App/resources/app/dist/database/backend/server-document.mjs:1:2782)","timestamp":"2026-01-01 15:00:02"}
{"level":"error","message":"An error occurred during the migration of Item record [JIO4bvmWGH4tTXpQ] of database \"the-void-unofficial.subclasses\":\nError: Documents from a core version newer than the running version cannot be migrated\n    at Function._migrateRecord (file:///C:/Users/Juanjo/Desktop/Juegos/Foundry-daggerheart/Portable-FoundryVTT-v13.348/App/resources/app/dist/database/backend/server-document.mjs:1:3713)\n    at Function._migrateDocuments (file:///C:/Users/Juanjo/Desktop/Juegos/Foundry-daggerheart/Portable-FoundryVTT-v13.348/App/resources/app/dist/database/backend/server-document.mjs:1:2782)","timestamp":"2026-01-01 15:00:02"}
{"level":"error","message":"An error occurred during the migration of Item record [JWlQd6XSBB22ASBs] of database \"the-void-unofficial.subclasses\":\nError: Documents from a core version newer than the running version cannot be migrated\n    at Function._migrateRecord (file:///C:/Users/Juanjo/Desktop/Juegos/Foundry-daggerheart/Portable-FoundryVTT-v13.348/App/resources/app/dist/database/backend/server-document.mjs:1:3713)\n    at Function._migrateDocuments (file:///C:/Users/Juanjo/Desktop/Juegos/Foundry-daggerheart/Portable-FoundryVTT-v13.348/App/resources/app/dist/database/backend/server-document.mjs:1:2782)","timestamp":"2026-01-01 15:00:02"}
{"level":"error","message":"An error occurred during the migration of Item record [JiPSjjjWxSbnoQRe] of database \"the-void-unofficial.subclasses\":\nError: Documents from a core version newer than the running version cannot be migrated\n    at Function._migrateRecord (file:///C:/Users/Juanjo/Desktop/Juegos/Foundry-daggerheart/Portable-FoundryVTT-v13.348/App/resources/app/dist/database/backend/server-document.mjs:1:3713)\n    at Function._migrateDocuments (file:///C:/Users/Juanjo/Desktop/Juegos/Foundry-daggerheart/Portable-FoundryVTT-v13.348/App/resources/app/dist/database/backend/server-document.mjs:1:2782)","timestamp":"2026-01-01 15:00:02"}
{"level":"error","message":"An error occurred during the migration of Item record [XeSsopeDDreSRv5A] of database \"the-void-unofficial.subclasses\":\nError: Documents from a core version newer than the running version cannot be migrated\n    at Function._migrateRecord (file:///C:/Users/Juanjo/Desktop/Juegos/Foundry-daggerheart/Portable-FoundryVTT-v13.348/App/resources/app/dist/database/backend/server-document.mjs:1:3713)\n    at Function._migrateDocuments (file:///C:/Users/Juanjo/Desktop/Juegos/Foundry-daggerheart/Portable-FoundryVTT-v13.348/App/resources/app/dist/database/backend/server-document.mjs:1:2782)","timestamp":"2026-01-01 15:00:02"}
{"level":"error","message":"An error occurred during the migration of Item record [YN38IzjqW5paIy92] of database \"the-void-unofficial.subclasses\":\nError: Documents from a core version newer than the running version cannot be migrated\n    at Function._migrateRecord (file:///C:/Users/Juanjo/Desktop/Juegos/Foundry-daggerheart/Portable-FoundryVTT-v13.348/App/resources/app/dist/database/backend/server-document.mjs:1:3713)\n    at Function._migrateDocuments (file:///C:/Users/Juanjo/Desktop/Juegos/Foundry-daggerheart/Portable-FoundryVTT-v13.348/App/resources/app/dist/database/backend/server-document.mjs:1:2782)","timestamp":"2026-01-01 15:00:02"}
{"level":"error","message":"An error occurred during the migration of Item record [ZYdJamwMgRsiG733] of database \"the-void-unofficial.subclasses\":\nError: Documents from a core version newer than the running version cannot be migrated\n    at Function._migrateRecord (file:///C:/Users/Juanjo/Desktop/Juegos/Foundry-daggerheart/Portable-FoundryVTT-v13.348/App/resources/app/dist/database/backend/server-document.mjs:1:3713)\n    at Function._migrateDocuments (file:///C:/Users/Juanjo/Desktop/Juegos/Foundry-daggerheart/Portable-FoundryVTT-v13.348/App/resources/app/dist/database/backend/server-document.mjs:1:2782)","timestamp":"2026-01-01 15:00:02"}
{"level":"error","message":"An error occurred during the migration of Item record [aFtWBHgUBxsCptI2] of database \"the-void-unofficial.subclasses\":\nError: Documents from a core version newer than the running version cannot be migrated\n    at Function._migrateRecord (file:///C:/Users/Juanjo/Desktop/Juegos/Foundry-daggerheart/Portable-FoundryVTT-v13.348/App/resources/app/dist/database/backend/server-document.mjs:1:3713)\n    at Function._migrateDocuments (file:///C:/Users/Juanjo/Desktop/Juegos/Foundry-daggerheart/Portable-FoundryVTT-v13.348/App/resources/app/dist/database/backend/server-document.mjs:1:2782)","timestamp":"2026-01-01 15:00:02"}
{"level":"error","message":"An error occurred during the migration of Item record [h0PlfOo87vjMIR2n] of database \"the-void-unofficial.subclasses\":\nError: Documents from a core version newer than the running version cannot be migrated\n    at Function._migrateRecord (file:///C:/Users/Juanjo/Desktop/Juegos/Foundry-daggerheart/Portable-FoundryVTT-v13.348/App/resources/app/dist/database/backend/server-document.mjs:1:3713)\n    at Function._migrateDocuments (file:///C:/Users/Juanjo/Desktop/Juegos/Foundry-daggerheart/Portable-FoundryVTT-v13.348/App/resources/app/dist/database/backend/server-document.mjs:1:2782)","timestamp":"2026-01-01 15:00:02"}
{"level":"error","message":"An error occurred during the migration of Item record [h3bzYGrnwkKQBJ6d] of database \"the-void-unofficial.subclasses\":\nError: Documents from a core version newer than the running version cannot be migrated\n    at Function._migrateRecord (file:///C:/Users/Juanjo/Desktop/Juegos/Foundry-daggerheart/Portable-FoundryVTT-v13.348/App/resources/app/dist/database/backend/server-document.mjs:1:3713)\n    at Function._migrateDocuments (file:///C:/Users/Juanjo/Desktop/Juegos/Foundry-daggerheart/Portable-FoundryVTT-v13.348/App/resources/app/dist/database/backend/server-document.mjs:1:2782)","timestamp":"2026-01-01 15:00:02"}
{"level":"error","message":"An error occurred during the migration of Item record [mRNqGokQNZEK8GSP] of database \"the-void-unofficial.subclasses\":\nError: Documents from a core version newer than the running version cannot be migrated\n    at Function._migrateRecord (file:///C:/Users/Juanjo/Desktop/Juegos/Foundry-daggerheart/Portable-FoundryVTT-v13.348/App/resources/app/dist/database/backend/server-document.mjs:1:3713)\n    at Function._migrateDocuments (file:///C:/Users/Juanjo/Desktop/Juegos/Foundry-daggerheart/Portable-FoundryVTT-v13.348/App/resources/app/dist/database/backend/server-document.mjs:1:2782)","timestamp":"2026-01-01 15:00:02"}
{"level":"error","message":"An error occurred during the migration of Item record [sajwdoQ5JVzqeqsj] of database \"the-void-unofficial.subclasses\":\nError: Documents from a core version newer than the running version cannot be migrated\n    at Function._migrateRecord (file:///C:/Users/Juanjo/Desktop/Juegos/Foundry-daggerheart/Portable-FoundryVTT-v13.348/App/resources/app/dist/database/backend/server-document.mjs:1:3713)\n    at Function._migrateDocuments (file:///C:/Users/Juanjo/Desktop/Juegos/Foundry-daggerheart/Portable-FoundryVTT-v13.348/App/resources/app/dist/database/backend/server-document.mjs:1:2782)","timestamp":"2026-01-01 15:00:02"}
{"level":"error","message":"An error occurred during the migration of Item record [ulURXMXGHT33vnD9] of database \"the-void-unofficial.subclasses\":\nError: Documents from a core version newer than the running version cannot be migrated\n    at Function._migrateRecord (file:///C:/Users/Juanjo/Desktop/Juegos/Foundry-daggerheart/Portable-FoundryVTT-v13.348/App/resources/app/dist/database/backend/server-document.mjs:1:3713)\n    at Function._migrateDocuments (file:///C:/Users/Juanjo/Desktop/Juegos/Foundry-daggerheart/Portable-FoundryVTT-v13.348/App/resources/app/dist/database/backend/server-document.mjs:1:2782)","timestamp":"2026-01-01 15:00:02"}
{"level":"error","message":"An error occurred during the migration of Item record [zkpNSVJfpnR0InYL] of database \"the-void-unofficial.subclasses\":\nError: Documents from a core version newer than the running version cannot be migrated\n    at Function._migrateRecord (file:///C:/Users/Juanjo/Desktop/Juegos/Foundry-daggerheart/Portable-FoundryVTT-v13.348/App/resources/app/dist/database/backend/server-document.mjs:1:3713)\n    at Function._migrateDocuments (file:///C:/Users/Juanjo/Desktop/Juegos/Foundry-daggerheart/Portable-FoundryVTT-v13.348/App/resources/app/dist/database/backend/server-document.mjs:1:2782)","timestamp":"2026-01-01 15:00:02"}
{"level":"warn","message":"Database the-void-unofficial.subclasses was not fully migrated due to errors during migration.","timestamp":"2026-01-01 15:00:02"}
{"level":"info","message":"Launching World | Migrating Package Data - 81%","timestamp":"2026-01-01 15:00:02"}
{"level":"info","message":"Launching World | Migrating Package Data - 83%","timestamp":"2026-01-01 15:00:02"}
{"level":"info","message":"Launching World | Migrating Package Data - 86%","timestamp":"2026-01-01 15:00:02"}
{"level":"error","message":"An error occurred during the migration of Item record [0NoQWqYOiPdXdUhQ] of database \"the-void-unofficial.domains\":\nError: Documents from a core version newer than the running version cannot be migrated\n    at Function._migrateRecord (file:///C:/Users/Juanjo/Desktop/Juegos/Foundry-daggerheart/Portable-FoundryVTT-v13.348/App/resources/app/dist/database/backend/server-document.mjs:1:3713)\n    at Function._migrateDocuments (file:///C:/Users/Juanjo/Desktop/Juegos/Foundry-daggerheart/Portable-FoundryVTT-v13.348/App/resources/app/dist/database/backend/server-document.mjs:1:2782)","timestamp":"2026-01-01 15:00:02"}
{"level":"error","message":"An error occurred during the migration of Item record [176CHYdrz550TiEa] of database \"the-void-unofficial.domains\":\nError: Documents from a core version newer than the running version cannot be migrated\n    at Function._migrateRecord (file:///C:/Users/Juanjo/Desktop/Juegos/Foundry-daggerheart/Portable-FoundryVTT-v13.348/App/resources/app/dist/database/backend/server-document.mjs:1:3713)\n    at Function._migrateDocuments (file:///C:/Users/Juanjo/Desktop/Juegos/Foundry-daggerheart/Portable-FoundryVTT-v13.348/App/resources/app/dist/database/backend/server-document.mjs:1:2782)","timestamp":"2026-01-01 15:00:02"}
{"level":"error","message":"An error occurred during the migration of Item record [65NWcF4RSZgyJXFt] of database \"the-void-unofficial.domains\":\nError: Documents from a core version newer than the running version cannot be migrated\n    at Function._migrateRecord (file:///C:/Users/Juanjo/Desktop/Juegos/Foundry-daggerheart/Portable-FoundryVTT-v13.348/App/resources/app/dist/database/backend/server-document.mjs:1:3713)\n    at Function._migrateDocuments (file:///C:/Users/Juanjo/Desktop/Juegos/Foundry-daggerheart/Portable-FoundryVTT-v13.348/App/resources/app/dist/database/backend/server-document.mjs:1:2782)","timestamp":"2026-01-01 15:00:02"}
{"level":"error","message":"An error occurred during the migration of Item record [88xwPHpicN5uBo0f] of database \"the-void-unofficial.domains\":\nError: Documents from a core version newer than the running version cannot be migrated\n    at Function._migrateRecord (file:///C:/Users/Juanjo/Desktop/Juegos/Foundry-daggerheart/Portable-FoundryVTT-v13.348/App/resources/app/dist/database/backend/server-document.mjs:1:3713)\n    at Function._migrateDocuments (file:///C:/Users/Juanjo/Desktop/Juegos/Foundry-daggerheart/Portable-FoundryVTT-v13.348/App/resources/app/dist/database/backend/server-document.mjs:1:2782)","timestamp":"2026-01-01 15:00:02"}
{"level":"error","message":"An error occurred during the migration of Item record [9wxJJpH25cxmtx5W] of database \"the-void-unofficial.domains\":\nError: Documents from a core version newer than the running version cannot be migrated\n    at Function._migrateRecord (file:///C:/Users/Juanjo/Desktop/Juegos/Foundry-daggerheart/Portable-FoundryVTT-v13.348/App/resources/app/dist/database/backend/server-document.mjs:1:3713)\n    at Function._migrateDocuments (file:///C:/Users/Juanjo/Desktop/Juegos/Foundry-daggerheart/Portable-FoundryVTT-v13.348/App/resources/app/dist/database/backend/server-document.mjs:1:2782)","timestamp":"2026-01-01 15:00:02"}
{"level":"error","message":"An error occurred during the migration of Item record [BFkzJkWY4HejN4WR] of database \"the-void-unofficial.domains\":\nError: Documents from a core version newer than the running version cannot be migrated\n    at Function._migrateRecord (file:///C:/Users/Juanjo/Desktop/Juegos/Foundry-daggerheart/Portable-FoundryVTT-v13.348/App/resources/app/dist/database/backend/server-document.mjs:1:3713)\n    at Function._migrateDocuments (file:///C:/Users/Juanjo/Desktop/Juegos/Foundry-daggerheart/Portable-FoundryVTT-v13.348/App/resources/app/dist/database/backend/server-document.mjs:1:2782)","timestamp":"2026-01-01 15:00:02"}
{"level":"error","message":"An error occurred during the migration of Item record [BQF5xVKRVQdhGAf8] of database \"the-void-unofficial.domains\":\nError: Documents from a core version newer than the running version cannot be migrated\n    at Function._migrateRecord (file:///C:/Users/Juanjo/Desktop/Juegos/Foundry-daggerheart/Portable-FoundryVTT-v13.348/App/resources/app/dist/database/backend/server-document.mjs:1:3713)\n    at Function._migrateDocuments (file:///C:/Users/Juanjo/Desktop/Juegos/Foundry-daggerheart/Portable-FoundryVTT-v13.348/App/resources/app/dist/database/backend/server-document.mjs:1:2782)","timestamp":"2026-01-01 15:00:02"}
{"level":"error","message":"An error occurred during the migration of Item record [BctVkNUWYL5Eww2k] of database \"the-void-unofficial.domains\":\nError: Documents from a core version newer than the running version cannot be migrated\n    at Function._migrateRecord (file:///C:/Users/Juanjo/Desktop/Juegos/Foundry-daggerheart/Portable-FoundryVTT-v13.348/App/resources/app/dist/database/backend/server-document.mjs:1:3713)\n    at Function._migrateDocuments (file:///C:/Users/Juanjo/Desktop/Juegos/Foundry-daggerheart/Portable-FoundryVTT-v13.348/App/resources/app/dist/database/backend/server-document.mjs:1:2782)","timestamp":"2026-01-01 15:00:02"}
{"level":"error","message":"An error occurred during the migration of Item record [CQbmQH1Xqr1BjLWW] of database \"the-void-unofficial.domains\":\nError: Documents from a core version newer than the running version cannot be migrated\n    at Function._migrateRecord (file:///C:/Users/Juanjo/Desktop/Juegos/Foundry-daggerheart/Portable-FoundryVTT-v13.348/App/resources/app/dist/database/backend/server-document.mjs:1:3713)\n    at Function._migrateDocuments (file:///C:/Users/Juanjo/Desktop/Juegos/Foundry-daggerheart/Portable-FoundryVTT-v13.348/App/resources/app/dist/database/backend/server-document.mjs:1:2782)","timestamp":"2026-01-01 15:00:02"}
{"level":"error","message":"An error occurred during the migration of Item record [Du7UHRd0CweyuXil] of database \"the-void-unofficial.domains\":\nError: Documents from a core version newer than the running version cannot be migrated\n    at Function._migrateRecord (file:///C:/Users/Juanjo/Desktop/Juegos/Foundry-daggerheart/Portable-FoundryVTT-v13.348/App/resources/app/dist/database/backend/server-document.mjs:1:3713)\n    at Function._migrateDocuments (file:///C:/Users/Juanjo/Desktop/Juegos/Foundry-daggerheart/Portable-FoundryVTT-v13.348/App/resources/app/dist/database/backend/server-document.mjs:1:2782)","timestamp":"2026-01-01 15:00:02"}
{"level":"error","message":"An error occurred during the migration of Item record [LOPtjnPVjWQEzrZx] of database \"the-void-unofficial.domains\":\nError: Documents from a core version newer than the running version cannot be migrated\n    at Function._migrateRecord (file:///C:/Users/Juanjo/Desktop/Juegos/Foundry-daggerheart/Portable-FoundryVTT-v13.348/App/resources/app/dist/database/backend/server-document.mjs:1:3713)\n    at Function._migrateDocuments (file:///C:/Users/Juanjo/Desktop/Juegos/Foundry-daggerheart/Portable-FoundryVTT-v13.348/App/resources/app/dist/database/backend/server-document.mjs:1:2782)","timestamp":"2026-01-01 15:00:02"}
{"level":"error","message":"An error occurred during the migration of Item record [Q3RpYwdlDyCQPJHr] of database \"the-void-unofficial.domains\":\nError: Documents from a core version newer than the running version cannot be migrated\n    at Function._migrateRecord (file:///C:/Users/Juanjo/Desktop/Juegos/Foundry-daggerheart/Portable-FoundryVTT-v13.348/App/resources/app/dist/database/backend/server-document.mjs:1:3713)\n    at Function._migrateDocuments (file:///C:/Users/Juanjo/Desktop/Juegos/Foundry-daggerheart/Portable-FoundryVTT-v13.348/App/resources/app/dist/database/backend/server-document.mjs:1:2782)","timestamp":"2026-01-01 15:00:02"}
{"level":"error","message":"An error occurred during the migration of Item record [WAUpMdW2TD8KVusi] of database \"the-void-unofficial.domains\":\nError: Documents from a core version newer than the running version cannot be migrated\n    at Function._migrateRecord (file:///C:/Users/Juanjo/Desktop/Juegos/Foundry-daggerheart/Portable-FoundryVTT-v13.348/App/resources/app/dist/database/backend/server-document.mjs:1:3713)\n    at Function._migrateDocuments (file:///C:/Users/Juanjo/Desktop/Juegos/Foundry-daggerheart/Portable-FoundryVTT-v13.348/App/resources/app/dist/database/backend/server-document.mjs:1:2782)","timestamp":"2026-01-01 15:00:02"}
{"level":"error","message":"An error occurred during the migration of Item record [XGDsPevKx3P1mdpH] of database \"the-void-unofficial.domains\":\nError: Documents from a core version newer than the running version cannot be migrated\n    at Function._migrateRecord (file:///C:/Users/Juanjo/Desktop/Juegos/Foundry-daggerheart/Portable-FoundryVTT-v13.348/App/resources/app/dist/database/backend/server-document.mjs:1:3713)\n    at Function._migrateDocuments (file:///C:/Users/Juanjo/Desktop/Juegos/Foundry-daggerheart/Portable-FoundryVTT-v13.348/App/resources/app/dist/database/backend/server-document.mjs:1:2782)","timestamp":"2026-01-01 15:00:02"}
{"level":"error","message":"An error occurred during the migration of Item record [cOFRHlxyTtRlbumc] of database \"the-void-unofficial.domains\":\nError: Documents from a core version newer than the running version cannot be migrated\n    at Function._migrateRecord (file:///C:/Users/Juanjo/Desktop/Juegos/Foundry-daggerheart/Portable-FoundryVTT-v13.348/App/resources/app/dist/database/backend/server-document.mjs:1:3713)\n    at Function._migrateDocuments (file:///C:/Users/Juanjo/Desktop/Juegos/Foundry-daggerheart/Portable-FoundryVTT-v13.348/App/resources/app/dist/database/backend/server-document.mjs:1:2782)","timestamp":"2026-01-01 15:00:02"}
{"level":"error","message":"An error occurred during the migration of Item record [dVUQ7Rp9luM7Zekw] of database \"the-void-unofficial.domains\":\nError: Documents from a core version newer than the running version cannot be migrated\n    at Function._migrateRecord (file:///C:/Users/Juanjo/Desktop/Juegos/Foundry-daggerheart/Portable-FoundryVTT-v13.348/App/resources/app/dist/database/backend/server-document.mjs:1:3713)\n    at Function._migrateDocuments (file:///C:/Users/Juanjo/Desktop/Juegos/Foundry-daggerheart/Portable-FoundryVTT-v13.348/App/resources/app/dist/database/backend/server-document.mjs:1:2782)","timestamp":"2026-01-01 15:00:02"}
{"level":"error","message":"An error occurred during the migration of Item record [gSsxO2xiMxANuBIz] of database \"the-void-unofficial.domains\":\nError: Documents from a core version newer than the running version cannot be migrated\n    at Function._migrateRecord (file:///C:/Users/Juanjo/Desktop/Juegos/Foundry-daggerheart/Portable-FoundryVTT-v13.348/App/resources/app/dist/database/backend/server-document.mjs:1:3713)\n    at Function._migrateDocuments (file:///C:/Users/Juanjo/Desktop/Juegos/Foundry-daggerheart/Portable-FoundryVTT-v13.348/App/resources/app/dist/database/backend/server-document.mjs:1:2782)","timestamp":"2026-01-01 15:00:02"}
{"level":"error","message":"An error occurred during the migration of Item record [gaDhu9iAdChYFcm2] of database \"the-void-unofficial.domains\":\nError: Documents from a core version newer than the running version cannot be migrated\n    at Function._migrateRecord (file:///C:/Users/Juanjo/Desktop/Juegos/Foundry-daggerheart/Portable-FoundryVTT-v13.348/App/resources/app/dist/database/backend/server-document.mjs:1:3713)\n    at Function._migrateDocuments (file:///C:/Users/Juanjo/Desktop/Juegos/Foundry-daggerheart/Portable-FoundryVTT-v13.348/App/resources/app/dist/database/backend/server-document.mjs:1:2782)","timestamp":"2026-01-01 15:00:02"}
{"level":"error","message":"An error occurred during the migration of Item record [hmDOLwJEZlbuOKNT] of database \"the-void-unofficial.domains\":\nError: Documents from a core version newer than the running version cannot be migrated\n    at Function._migrateRecord (file:///C:/Users/Juanjo/Desktop/Juegos/Foundry-daggerheart/Portable-FoundryVTT-v13.348/App/resources/app/dist/database/backend/server-document.mjs:1:3713)\n    at Function._migrateDocuments (file:///C:/Users/Juanjo/Desktop/Juegos/Foundry-daggerheart/Portable-FoundryVTT-v13.348/App/resources/app/dist/database/backend/server-document.mjs:1:2782)","timestamp":"2026-01-01 15:00:02"}
{"level":"error","message":"An error occurred during the migration of Item record [lo8WVAuTWsAh6QBf] of database \"the-void-unofficial.domains\":\nError: Documents from a core version newer than the running version cannot be migrated\n    at Function._migrateRecord (file:///C:/Users/Juanjo/Desktop/Juegos/Foundry-daggerheart/Portable-FoundryVTT-v13.348/App/resources/app/dist/database/backend/server-document.mjs:1:3713)\n    at Function._migrateDocuments (file:///C:/Users/Juanjo/Desktop/Juegos/Foundry-daggerheart/Portable-FoundryVTT-v13.348/App/resources/app/dist/database/backend/server-document.mjs:1:2782)","timestamp":"2026-01-01 15:00:02"}
{"level":"error","message":"An error occurred during the migration of Item record [yGbgSMuL43quImEV] of database \"the-void-unofficial.domains\":\nError: Documents from a core version newer than the running version cannot be migrated\n    at Function._migrateRecord (file:///C:/Users/Juanjo/Desktop/Juegos/Foundry-daggerheart/Portable-FoundryVTT-v13.348/App/resources/app/dist/database/backend/server-document.mjs:1:3713)\n    at Function._migrateDocuments (file:///C:/Users/Juanjo/Desktop/Juegos/Foundry-daggerheart/Portable-FoundryVTT-v13.348/App/resources/app/dist/database/backend/server-document.mjs:1:2782)","timestamp":"2026-01-01 15:00:02"}
{"level":"warn","message":"Database the-void-unofficial.domains was not fully migrated due to errors during migration.","timestamp":"2026-01-01 15:00:02"}
{"level":"info","message":"Launching World | Migrating Package Data - 89%","timestamp":"2026-01-01 15:00:02"}
{"level":"info","message":"Launching World | Migrating Package Data - 92%","timestamp":"2026-01-01 15:00:02"}
{"level":"error","message":"An error occurred during the migration of Item record [cg2pnUEwJ7q4k28d] of database \"the-void-unofficial.weapons\":\nError: Documents from a core version newer than the running version cannot be migrated\n    at Function._migrateRecord (file:///C:/Users/Juanjo/Desktop/Juegos/Foundry-daggerheart/Portable-FoundryVTT-v13.348/App/resources/app/dist/database/backend/server-document.mjs:1:3713)\n    at Function._migrateDocuments (file:///C:/Users/Juanjo/Desktop/Juegos/Foundry-daggerheart/Portable-FoundryVTT-v13.348/App/resources/app/dist/database/backend/server-document.mjs:1:2782)","timestamp":"2026-01-01 15:00:02"}
{"level":"error","message":"An error occurred during the migration of Item record [lHFiIpH2lrBBaT4o] of database \"the-void-unofficial.weapons\":\nError: Documents from a core version newer than the running version cannot be migrated\n    at Function._migrateRecord (file:///C:/Users/Juanjo/Desktop/Juegos/Foundry-daggerheart/Portable-FoundryVTT-v13.348/App/resources/app/dist/database/backend/server-document.mjs:1:3713)\n    at Function._migrateDocuments (file:///C:/Users/Juanjo/Desktop/Juegos/Foundry-daggerheart/Portable-FoundryVTT-v13.348/App/resources/app/dist/database/backend/server-document.mjs:1:2782)","timestamp":"2026-01-01 15:00:02"}
{"level":"warn","message":"Database the-void-unofficial.weapons was not fully migrated due to errors during migration.","timestamp":"2026-01-01 15:00:02"}
{"level":"info","message":"Launching World | Migrating Package Data - 94%","timestamp":"2026-01-01 15:00:02"}
{"level":"info","message":"Launching World | Migrating Package Data - 97%","timestamp":"2026-01-01 15:00:02"}
{"level":"info","message":"Launching World | Migrating Package Data - 100%","timestamp":"2026-01-01 15:00:02"}
{"level":"info","message":"Launching World | Complete","timestamp":"2026-01-01 15:00:02"}
{"ip":"::1","level":"info","message":"User authentication successful for user Gamemaster","session":"78c76f6553ea8ae271de8012","timestamp":"2026-01-01 15:00:03"}
{"level":"info","message":"Daggerheart update 1.4.4 is now available!","timestamp":"2026-01-01 15:00:05"}
{"level":"info","message":"Vended World data to User [sjVrMusZqwSBFvXT] in 712ms","timestamp":"2026-01-01 15:00:05"}
{"level":"info","message":"Created ChatMessage with id [NndfBa69ZJFtMzJe]","timestamp":"2026-01-01 15:00:07"}
{"level":"info","message":"Deleted ChatMessage with id [NndfBa69ZJFtMzJe]","timestamp":"2026-01-01 15:00:09"}
{"level":"info","message":"Connected to database \"token-mold.adjectives\"","timestamp":"2026-01-01 15:00:16"}
{"level":"info","message":"Created 0 Folder documents with ids: []","timestamp":"2026-01-01 15:00:16"}
{"level":"error","message":"An error occurred during the migration of Macro record [AksCh0ciaGx7BuyA] of database \"daggerheart-extra-content.macros\":\nError: Documents from a core version newer than the running version cannot be migrated\n    at Function._migrateRecord (file:///C:/Users/Juanjo/Desktop/Juegos/Foundry-daggerheart/Portable-FoundryVTT-v13.348/App/resources/app/dist/database/backend/server-document.mjs:1:3713)\n    at Function._migrateDocuments (file:///C:/Users/Juanjo/Desktop/Juegos/Foundry-daggerheart/Portable-FoundryVTT-v13.348/App/resources/app/dist/database/backend/server-document.mjs:1:2782)","timestamp":"2026-01-01 15:00:16"}
{"level":"error","message":"An error occurred during the migration of Macro record [Ek2uYtA3xm78MKEc] of database \"daggerheart-extra-content.macros\":\nError: Documents from a core version newer than the running version cannot be migrated\n    at Function._migrateRecord (file:///C:/Users/Juanjo/Desktop/Juegos/Foundry-daggerheart/Portable-FoundryVTT-v13.348/App/resources/app/dist/database/backend/server-document.mjs:1:3713)\n    at Function._migrateDocuments (file:///C:/Users/Juanjo/Desktop/Juegos/Foundry-daggerheart/Portable-FoundryVTT-v13.348/App/resources/app/dist/database/backend/server-document.mjs:1:2782)","timestamp":"2026-01-01 15:00:16"}
{"level":"error","message":"An error occurred during the migration of Macro record [FUXtgmbsROZ9EZ64] of database \"daggerheart-extra-content.macros\":\nError: Documents from a core version newer than the running version cannot be migrated\n    at Function._migrateRecord (file:///C:/Users/Juanjo/Desktop/Juegos/Foundry-daggerheart/Portable-FoundryVTT-v13.348/App/resources/app/dist/database/backend/server-document.mjs:1:3713)\n    at Function._migrateDocuments (file:///C:/Users/Juanjo/Desktop/Juegos/Foundry-daggerheart/Portable-FoundryVTT-v13.348/App/resources/app/dist/database/backend/server-document.mjs:1:2782)","timestamp":"2026-01-01 15:00:16"}
{"level":"error","message":"An error occurred during the migration of Macro record [KMIecMvorWDWynzv] of database \"daggerheart-extra-content.macros\":\nError: Documents from a core version newer than the running version cannot be migrated\n    at Function._migrateRecord (file:///C:/Users/Juanjo/Desktop/Juegos/Foundry-daggerheart/Portable-FoundryVTT-v13.348/App/resources/app/dist/database/backend/server-document.mjs:1:3713)\n    at Function._migrateDocuments (file:///C:/Users/Juanjo/Desktop/Juegos/Foundry-daggerheart/Portable-FoundryVTT-v13.348/App/resources/app/dist/database/backend/server-document.mjs:1:2782)","timestamp":"2026-01-01 15:00:16"}
{"level":"error","message":"An error occurred during the migration of Macro record [MrVaunevxMfD1jiI] of database \"daggerheart-extra-content.macros\":\nError: Documents from a core version newer than the running version cannot be migrated\n    at Function._migrateRecord (file:///C:/Users/Juanjo/Desktop/Juegos/Foundry-daggerheart/Portable-FoundryVTT-v13.348/App/resources/app/dist/database/backend/server-document.mjs:1:3713)\n    at Function._migrateDocuments (file:///C:/Users/Juanjo/Desktop/Juegos/Foundry-daggerheart/Portable-FoundryVTT-v13.348/App/resources/app/dist/database/backend/server-document.mjs:1:2782)","timestamp":"2026-01-01 15:00:16"}
{"level":"error","message":"An error occurred during the migration of Macro record [f4seowyhjSLdBpIw] of database \"daggerheart-extra-content.macros\":\nError: Documents from a core version newer than the running version cannot be migrated\n    at Function._migrateRecord (file:///C:/Users/Juanjo/Desktop/Juegos/Foundry-daggerheart/Portable-FoundryVTT-v13.348/App/resources/app/dist/database/backend/server-document.mjs:1:3713)\n    at Function._migrateDocuments (file:///C:/Users/Juanjo/Desktop/Juegos/Foundry-daggerheart/Portable-FoundryVTT-v13.348/App/resources/app/dist/database/backend/server-document.mjs:1:2782)","timestamp":"2026-01-01 15:00:16"}
{"level":"error","message":"An error occurred during the migration of Macro record [lCYBPohT8hPPOpeK] of database \"daggerheart-extra-content.macros\":\nError: Documents from a core version newer than the running version cannot be migrated\n    at Function._migrateRecord (file:///C:/Users/Juanjo/Desktop/Juegos/Foundry-daggerheart/Portable-FoundryVTT-v13.348/App/resources/app/dist/database/backend/server-document.mjs:1:3713)\n    at Function._migrateDocuments (file:///C:/Users/Juanjo/Desktop/Juegos/Foundry-daggerheart/Portable-FoundryVTT-v13.348/App/resources/app/dist/database/backend/server-document.mjs:1:2782)","timestamp":"2026-01-01 15:00:16"}
{"level":"error","message":"An error occurred during the migration of Macro record [mu2CD5fN0NvxcqYl] of database \"daggerheart-extra-content.macros\":\nError: Documents from a core version newer than the running version cannot be migrated\n    at Function._migrateRecord (file:///C:/Users/Juanjo/Desktop/Juegos/Foundry-daggerheart/Portable-FoundryVTT-v13.348/App/resources/app/dist/database/backend/server-document.mjs:1:3713)\n    at Function._migrateDocuments (file:///C:/Users/Juanjo/Desktop/Juegos/Foundry-daggerheart/Portable-FoundryVTT-v13.348/App/resources/app/dist/database/backend/server-document.mjs:1:2782)","timestamp":"2026-01-01 15:00:16"}
{"level":"error","message":"An error occurred during the migration of Macro record [zWi79s5QqaZnMMtX] of database \"daggerheart-extra-content.macros\":\nError: Documents from a core version newer than the running version cannot be migrated\n    at Function._migrateRecord (file:///C:/Users/Juanjo/Desktop/Juegos/Foundry-daggerheart/Portable-FoundryVTT-v13.348/App/resources/app/dist/database/backend/server-document.mjs:1:3713)\n    at Function._migrateDocuments (file:///C:/Users/Juanjo/Desktop/Juegos/Foundry-daggerheart/Portable-FoundryVTT-v13.348/App/resources/app/dist/database/backend/server-document.mjs:1:2782)","timestamp":"2026-01-01 15:00:16"}
{"level":"warn","message":"Database daggerheart-extra-content.macros was not fully migrated due to errors during migration.","timestamp":"2026-01-01 15:00:16"}
{"level":"error","message":"An error occurred during the migration of Actor record [2owady11IfU1vset] of database \"daggerheart-extra-content.more-adversaries\":\nError: Documents from a core version newer than the running version cannot be migrated\n    at Function._migrateRecord (file:///C:/Users/Juanjo/Desktop/Juegos/Foundry-daggerheart/Portable-FoundryVTT-v13.348/App/resources/app/dist/database/backend/server-document.mjs:1:3713)\n    at Function._migrateDocuments (file:///C:/Users/Juanjo/Desktop/Juegos/Foundry-daggerheart/Portable-FoundryVTT-v13.348/App/resources/app/dist/database/backend/server-document.mjs:1:2782)","timestamp":"2026-01-01 15:00:16"}
{"level":"error","message":"An error occurred during the migration of Actor record [3wZn34orKgheuXnE] of database \"daggerheart-extra-content.more-adversaries\":\nError: Documents from a core version newer than the running version cannot be migrated\n    at Function._migrateRecord (file:///C:/Users/Juanjo/Desktop/Juegos/Foundry-daggerheart/Portable-FoundryVTT-v13.348/App/resources/app/dist/database/backend/server-document.mjs:1:3713)\n    at Function._migrateDocuments (file:///C:/Users/Juanjo/Desktop/Juegos/Foundry-daggerheart/Portable-FoundryVTT-v13.348/App/resources/app/dist/database/backend/server-document.mjs:1:2782)","timestamp":"2026-01-01 15:00:16"}
{"level":"error","message":"An error occurred during the migration of Actor record [4GkDrUgRyp9FHTAN] of database \"daggerheart-extra-content.more-adversaries\":\nError: Documents from a core version newer than the running version cannot be migrated\n    at Function._migrateRecord (file:///C:/Users/Juanjo/Desktop/Juegos/Foundry-daggerheart/Portable-FoundryVTT-v13.348/App/resources/app/dist/database/backend/server-document.mjs:1:3713)\n    at Function._migrateDocuments (file:///C:/Users/Juanjo/Desktop/Juegos/Foundry-daggerheart/Portable-FoundryVTT-v13.348/App/resources/app/dist/database/backend/server-document.mjs:1:2782)","timestamp":"2026-01-01 15:00:16"}
{"level":"error","message":"An error occurred during the migration of Actor record [6wxPxm4joQnoIjdX] of database \"daggerheart-extra-content.more-adversaries\":\nError: Documents from a core version newer than the running version cannot be migrated\n    at Function._migrateRecord (file:///C:/Users/Juanjo/Desktop/Juegos/Foundry-daggerheart/Portable-FoundryVTT-v13.348/App/resources/app/dist/database/backend/server-document.mjs:1:3713)\n    at Function._migrateDocuments (file:///C:/Users/Juanjo/Desktop/Juegos/Foundry-daggerheart/Portable-FoundryVTT-v13.348/App/resources/app/dist/database/backend/server-document.mjs:1:2782)","timestamp":"2026-01-01 15:00:16"}
{"level":"error","message":"An error occurred during the migration of Actor record [CBjyTRc9xNjmDAM4] of database \"daggerheart-extra-content.more-adversaries\":\nError: Documents from a core version newer than the running version cannot be migrated\n    at Function._migrateRecord (file:///C:/Users/Juanjo/Desktop/Juegos/Foundry-daggerheart/Portable-FoundryVTT-v13.348/App/resources/app/dist/database/backend/server-document.mjs:1:3713)\n    at Function._migrateDocuments (file:///C:/Users/Juanjo/Desktop/Juegos/Foundry-daggerheart/Portable-FoundryVTT-v13.348/App/resources/app/dist/database/backend/server-document.mjs:1:2782)","timestamp":"2026-01-01 15:00:16"}
{"level":"error","message":"An error occurred during the migration of Actor record [D2mYxxduZN4h55cD] of database \"daggerheart-extra-content.more-adversaries\":\nError: Documents from a core version newer than the running version cannot be migrated\n    at Function._migrateRecord (file:///C:/Users/Juanjo/Desktop/Juegos/Foundry-daggerheart/Portable-FoundryVTT-v13.348/App/resources/app/dist/database/backend/server-document.mjs:1:3713)\n    at Function._migrateDocuments (file:///C:/Users/Juanjo/Desktop/Juegos/Foundry-daggerheart/Portable-FoundryVTT-v13.348/App/resources/app/dist/database/backend/server-document.mjs:1:2782)","timestamp":"2026-01-01 15:00:16"}
{"level":"error","message":"An error occurred during the migration of Actor record [GZeCYbWDzYS2iCF9] of database \"daggerheart-extra-content.more-adversaries\":\nError: Documents from a core version newer than the running version cannot be migrated\n    at Function._migrateRecord (file:///C:/Users/Juanjo/Desktop/Juegos/Foundry-daggerheart/Portable-FoundryVTT-v13.348/App/resources/app/dist/database/backend/server-document.mjs:1:3713)\n    at Function._migrateDocuments (file:///C:/Users/Juanjo/Desktop/Juegos/Foundry-daggerheart/Portable-FoundryVTT-v13.348/App/resources/app/dist/database/backend/server-document.mjs:1:2782)","timestamp":"2026-01-01 15:00:16"}
{"level":"error","message":"An error occurred during the migration of Actor record [HFoDDFrRRoLOx6rS] of database \"daggerheart-extra-content.more-adversaries\":\nError: Documents from a core version newer than the running version cannot be migrated\n    at Function._migrateRecord (file:///C:/Users/Juanjo/Desktop/Juegos/Foundry-daggerheart/Portable-FoundryVTT-v13.348/App/resources/app/dist/database/backend/server-document.mjs:1:3713)\n    at Function._migrateDocuments (file:///C:/Users/Juanjo/Desktop/Juegos/Foundry-daggerheart/Portable-FoundryVTT-v13.348/App/resources/app/dist/database/backend/server-document.mjs:1:2782)","timestamp":"2026-01-01 15:00:16"}
{"level":"error","message":"An error occurred during the migration of Actor record [Je6XBGhfDKSY3DEk] of database \"daggerheart-extra-content.more-adversaries\":\nError: Documents from a core version newer than the running version cannot be migrated\n    at Function._migrateRecord (file:///C:/Users/Juanjo/Desktop/Juegos/Foundry-daggerheart/Portable-FoundryVTT-v13.348/App/resources/app/dist/database/backend/server-document.mjs:1:3713)\n    at Function._migrateDocuments (file:///C:/Users/Juanjo/Desktop/Juegos/Foundry-daggerheart/Portable-FoundryVTT-v13.348/App/resources/app/dist/database/backend/server-document.mjs:1:2782)","timestamp":"2026-01-01 15:00:16"}
{"level":"error","message":"An error occurred during the migration of Actor record [RIpmM1hiW9aRSlR5] of database \"daggerheart-extra-content.more-adversaries\":\nError: Documents from a core version newer than the running version cannot be migrated\n    at Function._migrateRecord (file:///C:/Users/Juanjo/Desktop/Juegos/Foundry-daggerheart/Portable-FoundryVTT-v13.348/App/resources/app/dist/database/backend/server-document.mjs:1:3713)\n    at Function._migrateDocuments (file:///C:/Users/Juanjo/Desktop/Juegos/Foundry-daggerheart/Portable-FoundryVTT-v13.348/App/resources/app/dist/database/backend/server-document.mjs:1:2782)","timestamp":"2026-01-01 15:00:16"}
{"level":"error","message":"An error occurred during the migration of Actor record [RlIaKDY410J1Braw] of database \"daggerheart-extra-content.more-adversaries\":\nError: Documents from a core version newer than the running version cannot be migrated\n    at Function._migrateRecord (file:///C:/Users/Juanjo/Desktop/Juegos/Foundry-daggerheart/Portable-FoundryVTT-v13.348/App/resources/app/dist/database/backend/server-document.mjs:1:3713)\n    at Function._migrateDocuments (file:///C:/Users/Juanjo/Desktop/Juegos/Foundry-daggerheart/Portable-FoundryVTT-v13.348/App/resources/app/dist/database/backend/server-document.mjs:1:2782)","timestamp":"2026-01-01 15:00:16"}
{"level":"error","message":"An error occurred during the migration of Actor record [Uu7RvfCQnjz6CNhI] of database \"daggerheart-extra-content.more-adversaries\":\nError: Documents from a core version newer than the running version cannot be migrated\n    at Function._migrateRecord (file:///C:/Users/Juanjo/Desktop/Juegos/Foundry-daggerheart/Portable-FoundryVTT-v13.348/App/resources/app/dist/database/backend/server-document.mjs:1:3713)\n    at Function._migrateDocuments (file:///C:/Users/Juanjo/Desktop/Juegos/Foundry-daggerheart/Portable-FoundryVTT-v13.348/App/resources/app/dist/database/backend/server-document.mjs:1:2782)","timestamp":"2026-01-01 15:00:16"}
{"level":"error","message":"An error occurred during the migration of Actor record [dz7P6qQlXyDH34fj] of database \"daggerheart-extra-content.more-adversaries\":\nError: Documents from a core version newer than the running version cannot be migrated\n    at Function._migrateRecord (file:///C:/Users/Juanjo/Desktop/Juegos/Foundry-daggerheart/Portable-FoundryVTT-v13.348/App/resources/app/dist/database/backend/server-document.mjs:1:3713)\n    at Function._migrateDocuments (file:///C:/Users/Juanjo/Desktop/Juegos/Foundry-daggerheart/Portable-FoundryVTT-v13.348/App/resources/app/dist/database/backend/server-document.mjs:1:2782)","timestamp":"2026-01-01 15:00:16"}
{"level":"error","message":"An error occurred during the migration of Actor record [eQ87jrVECayfpio3] of database \"daggerheart-extra-content.more-adversaries\":\nError: Documents from a core version newer than the running version cannot be migrated\n    at Function._migrateRecord (file:///C:/Users/Juanjo/Desktop/Juegos/Foundry-daggerheart/Portable-FoundryVTT-v13.348/App/resources/app/dist/database/backend/server-document.mjs:1:3713)\n    at Function._migrateDocuments (file:///C:/Users/Juanjo/Desktop/Juegos/Foundry-daggerheart/Portable-FoundryVTT-v13.348/App/resources/app/dist/database/backend/server-document.mjs:1:2782)","timestamp":"2026-01-01 15:00:16"}
{"level":"error","message":"An error occurred during the migration of Actor record [f7a0iCjxLOcnoOry] of database \"daggerheart-extra-content.more-adversaries\":\nError: Documents from a core version newer than the running version cannot be migrated\n    at Function._migrateRecord (file:///C:/Users/Juanjo/Desktop/Juegos/Foundry-daggerheart/Portable-FoundryVTT-v13.348/App/resources/app/dist/database/backend/server-document.mjs:1:3713)\n    at Function._migrateDocuments (file:///C:/Users/Juanjo/Desktop/Juegos/Foundry-daggerheart/Portable-FoundryVTT-v13.348/App/resources/app/dist/database/backend/server-document.mjs:1:2782)","timestamp":"2026-01-01 15:00:16"}
{"level":"error","message":"An error occurred during the migration of Actor record [j0ncG4oNxG6c7CoZ] of database \"daggerheart-extra-content.more-adversaries\":\nError: Documents from a core version newer than the running version cannot be migrated\n    at Function._migrateRecord (file:///C:/Users/Juanjo/Desktop/Juegos/Foundry-daggerheart/Portable-FoundryVTT-v13.348/App/resources/app/dist/database/backend/server-document.mjs:1:3713)\n    at Function._migrateDocuments (file:///C:/Users/Juanjo/Desktop/Juegos/Foundry-daggerheart/Portable-FoundryVTT-v13.348/App/resources/app/dist/database/backend/server-document.mjs:1:2782)","timestamp":"2026-01-01 15:00:16"}
{"level":"error","message":"An error occurred during the migration of Actor record [n7SBEHvb48tFamKO] of database \"daggerheart-extra-content.more-adversaries\":\nError: Documents from a core version newer than the running version cannot be migrated\n    at Function._migrateRecord (file:///C:/Users/Juanjo/Desktop/Juegos/Foundry-daggerheart/Portable-FoundryVTT-v13.348/App/resources/app/dist/database/backend/server-document.mjs:1:3713)\n    at Function._migrateDocuments (file:///C:/Users/Juanjo/Desktop/Juegos/Foundry-daggerheart/Portable-FoundryVTT-v13.348/App/resources/app/dist/database/backend/server-document.mjs:1:2782)","timestamp":"2026-01-01 15:00:16"}
{"level":"error","message":"An error occurred during the migration of Actor record [p7LYTbyuPUNisLQ5] of database \"daggerheart-extra-content.more-adversaries\":\nError: Documents from a core version newer than the running version cannot be migrated\n    at Function._migrateRecord (file:///C:/Users/Juanjo/Desktop/Juegos/Foundry-daggerheart/Portable-FoundryVTT-v13.348/App/resources/app/dist/database/backend/server-document.mjs:1:3713)\n    at Function._migrateDocuments (file:///C:/Users/Juanjo/Desktop/Juegos/Foundry-daggerheart/Portable-FoundryVTT-v13.348/App/resources/app/dist/database/backend/server-document.mjs:1:2782)","timestamp":"2026-01-01 15:00:16"}
{"level":"error","message":"An error occurred during the migration of Actor record [pCEWxOqd7C0B9DxO] of database \"daggerheart-extra-content.more-adversaries\":\nError: Documents from a core version newer than the running version cannot be migrated\n    at Function._migrateRecord (file:///C:/Users/Juanjo/Desktop/Juegos/Foundry-daggerheart/Portable-FoundryVTT-v13.348/App/resources/app/dist/database/backend/server-document.mjs:1:3713)\n    at Function._migrateDocuments (file:///C:/Users/Juanjo/Desktop/Juegos/Foundry-daggerheart/Portable-FoundryVTT-v13.348/App/resources/app/dist/database/backend/server-document.mjs:1:2782)","timestamp":"2026-01-01 15:00:16"}
{"level":"error","message":"An error occurred during the migration of Actor record [pCkMBn3zgF4WA1zz] of database \"daggerheart-extra-content.more-adversaries\":\nError: Documents from a core version newer than the running version cannot be migrated\n    at Function._migrateRecord (file:///C:/Users/Juanjo/Desktop/Juegos/Foundry-daggerheart/Portable-FoundryVTT-v13.348/App/resources/app/dist/database/backend/server-document.mjs:1:3713)\n    at Function._migrateDocuments (file:///C:/Users/Juanjo/Desktop/Juegos/Foundry-daggerheart/Portable-FoundryVTT-v13.348/App/resources/app/dist/database/backend/server-document.mjs:1:2782)","timestamp":"2026-01-01 15:00:16"}
{"level":"error","message":"An error occurred during the migration of Actor record [sEtsUW24RgFB83TQ] of database \"daggerheart-extra-content.more-adversaries\":\nError: Documents from a core version newer than the running version cannot be migrated\n    at Function._migrateRecord (file:///C:/Users/Juanjo/Desktop/Juegos/Foundry-daggerheart/Portable-FoundryVTT-v13.348/App/resources/app/dist/database/backend/server-document.mjs:1:3713)\n    at Function._migrateDocuments (file:///C:/Users/Juanjo/Desktop/Juegos/Foundry-daggerheart/Portable-FoundryVTT-v13.348/App/resources/app/dist/database/backend/server-document.mjs:1:2782)","timestamp":"2026-01-01 15:00:16"}
{"level":"error","message":"An error occurred during the migration of Actor record [sKqhR4Gzsc953DBq] of database \"daggerheart-extra-content.more-adversaries\":\nError: Documents from a core version newer than the running version cannot be migrated\n    at Function._migrateRecord (file:///C:/Users/Juanjo/Desktop/Juegos/Foundry-daggerheart/Portable-FoundryVTT-v13.348/App/resources/app/dist/database/backend/server-document.mjs:1:3713)\n    at Function._migrateDocuments (file:///C:/Users/Juanjo/Desktop/Juegos/Foundry-daggerheart/Portable-FoundryVTT-v13.348/App/resources/app/dist/database/backend/server-document.mjs:1:2782)","timestamp":"2026-01-01 15:00:16"}
{"level":"warn","message":"Database daggerheart-extra-content.more-adversaries was not fully migrated due to errors during migration.","timestamp":"2026-01-01 15:00:16"}
{"level":"error","message":"An error occurred during the migration of Item record [04I86qVoEQ310sCR] of database \"daggerheart-extra-content.ancestry\":\nError: Documents from a core version newer than the running version cannot be migrated\n    at Function._migrateRecord (file:///C:/Users/Juanjo/Desktop/Juegos/Foundry-daggerheart/Portable-FoundryVTT-v13.348/App/resources/app/dist/database/backend/server-document.mjs:1:3713)\n    at Function._migrateDocuments (file:///C:/Users/Juanjo/Desktop/Juegos/Foundry-daggerheart/Portable-FoundryVTT-v13.348/App/resources/app/dist/database/backend/server-document.mjs:1:2782)","timestamp":"2026-01-01 15:00:16"}
{"level":"error","message":"An error occurred during the migration of Item record [2zyMaehKcKOEGM4E] of database \"daggerheart-extra-content.ancestry\":\nError: Documents from a core version newer than the running version cannot be migrated\n    at Function._migrateRecord (file:///C:/Users/Juanjo/Desktop/Juegos/Foundry-daggerheart/Portable-FoundryVTT-v13.348/App/resources/app/dist/database/backend/server-document.mjs:1:3713)\n    at Function._migrateDocuments (file:///C:/Users/Juanjo/Desktop/Juegos/Foundry-daggerheart/Portable-FoundryVTT-v13.348/App/resources/app/dist/database/backend/server-document.mjs:1:2782)","timestamp":"2026-01-01 15:00:16"}
{"level":"error","message":"An error occurred during the migration of Item record [Fc3hqveUPZNSVSk7] of database \"daggerheart-extra-content.ancestry\":\nError: Documents from a core version newer than the running version cannot be migrated\n    at Function._migrateRecord (file:///C:/Users/Juanjo/Desktop/Juegos/Foundry-daggerheart/Portable-FoundryVTT-v13.348/App/resources/app/dist/database/backend/server-document.mjs:1:3713)\n    at Function._migrateDocuments (file:///C:/Users/Juanjo/Desktop/Juegos/Foundry-daggerheart/Portable-FoundryVTT-v13.348/App/resources/app/dist/database/backend/server-document.mjs:1:2782)","timestamp":"2026-01-01 15:00:16"}
{"level":"error","message":"An error occurred during the migration of Item record [QbBbdOgrtxEIWQHB] of database \"daggerheart-extra-content.ancestry\":\nError: Documents from a core version newer than the running version cannot be migrated\n    at Function._migrateRecord (file:///C:/Users/Juanjo/Desktop/Juegos/Foundry-daggerheart/Portable-FoundryVTT-v13.348/App/resources/app/dist/database/backend/server-document.mjs:1:3713)\n    at Function._migrateDocuments (file:///C:/Users/Juanjo/Desktop/Juegos/Foundry-daggerheart/Portable-FoundryVTT-v13.348/App/resources/app/dist/database/backend/server-document.mjs:1:2782)","timestamp":"2026-01-01 15:00:16"}
{"level":"error","message":"An error occurred during the migration of Item record [WOHi9gvF8Ha10EnF] of database \"daggerheart-extra-content.ancestry\":\nError: Documents from a core version newer than the running version cannot be migrated\n    at Function._migrateRecord (file:///C:/Users/Juanjo/Desktop/Juegos/Foundry-daggerheart/Portable-FoundryVTT-v13.348/App/resources/app/dist/database/backend/server-document.mjs:1:3713)\n    at Function._migrateDocuments (file:///C:/Users/Juanjo/Desktop/Juegos/Foundry-daggerheart/Portable-FoundryVTT-v13.348/App/resources/app/dist/database/backend/server-document.mjs:1:2782)","timestamp":"2026-01-01 15:00:16"}
{"level":"error","message":"An error occurred during the migration of Item record [jP4n9wzq0wvfxULo] of database \"daggerheart-extra-content.ancestry\":\nError: Documents from a core version newer than the running version cannot be migrated\n    at Function._migrateRecord (file:///C:/Users/Juanjo/Desktop/Juegos/Foundry-daggerheart/Portable-FoundryVTT-v13.348/App/resources/app/dist/database/backend/server-document.mjs:1:3713)\n    at Function._migrateDocuments (file:///C:/Users/Juanjo/Desktop/Juegos/Foundry-daggerheart/Portable-FoundryVTT-v13.348/App/resources/app/dist/database/backend/server-document.mjs:1:2782)","timestamp":"2026-01-01 15:00:16"}
{"level":"error","message":"An error occurred during the migration of Item record [pjtNmhoBNxjrzRPk] of database \"daggerheart-extra-content.ancestry\":\nError: Documents from a core version newer than the running version cannot be migrated\n    at Function._migrateRecord (file:///C:/Users/Juanjo/Desktop/Juegos/Foundry-daggerheart/Portable-FoundryVTT-v13.348/App/resources/app/dist/database/backend/server-document.mjs:1:3713)\n    at Function._migrateDocuments (file:///C:/Users/Juanjo/Desktop/Juegos/Foundry-daggerheart/Portable-FoundryVTT-v13.348/App/resources/app/dist/database/backend/server-document.mjs:1:2782)","timestamp":"2026-01-01 15:00:16"}
{"level":"error","message":"An error occurred during the migration of Item record [vWfsYRjrKPUne2nZ] of database \"daggerheart-extra-content.ancestry\":\nError: Documents from a core version newer than the running version cannot be migrated\n    at Function._migrateRecord (file:///C:/Users/Juanjo/Desktop/Juegos/Foundry-daggerheart/Portable-FoundryVTT-v13.348/App/resources/app/dist/database/backend/server-document.mjs:1:3713)\n    at Function._migrateDocuments (file:///C:/Users/Juanjo/Desktop/Juegos/Foundry-daggerheart/Portable-FoundryVTT-v13.348/App/resources/app/dist/database/backend/server-document.mjs:1:2782)","timestamp":"2026-01-01 15:00:16"}
{"level":"error","message":"An error occurred during the migration of Item record [y4tOp4lUYpyC7YJW] of database \"daggerheart-extra-content.ancestry\":\nError: Documents from a core version newer than the running version cannot be migrated\n    at Function._migrateRecord (file:///C:/Users/Juanjo/Desktop/Juegos/Foundry-daggerheart/Portable-FoundryVTT-v13.348/App/resources/app/dist/database/backend/server-document.mjs:1:3713)\n    at Function._migrateDocuments (file:///C:/Users/Juanjo/Desktop/Juegos/Foundry-daggerheart/Portable-FoundryVTT-v13.348/App/resources/app/dist/database/backend/server-document.mjs:1:2782)","timestamp":"2026-01-01 15:00:16"}
{"level":"warn","message":"Database daggerheart-extra-content.ancestry was not fully migrated due to errors during migration.","timestamp":"2026-01-01 15:00:16"}
{"level":"error","message":"An error occurred during the migration of Item record [8D0NQR901j0Kx0zb] of database \"daggerheart-extra-content.classes\":\nError: Documents from a core version newer than the running version cannot be migrated\n    at Function._migrateRecord (file:///C:/Users/Juanjo/Desktop/Juegos/Foundry-daggerheart/Portable-FoundryVTT-v13.348/App/resources/app/dist/database/backend/server-document.mjs:1:3713)\n    at Function._migrateDocuments (file:///C:/Users/Juanjo/Desktop/Juegos/Foundry-daggerheart/Portable-FoundryVTT-v13.348/App/resources/app/dist/database/backend/server-document.mjs:1:2782)","timestamp":"2026-01-01 15:00:16"}
{"level":"error","message":"An error occurred during the migration of Item record [B90E3nk0uBeZpPw8] of database \"daggerheart-extra-content.classes\":\nError: Documents from a core version newer than the running version cannot be migrated\n    at Function._migrateRecord (file:///C:/Users/Juanjo/Desktop/Juegos/Foundry-daggerheart/Portable-FoundryVTT-v13.348/App/resources/app/dist/database/backend/server-document.mjs:1:3713)\n    at Function._migrateDocuments (file:///C:/Users/Juanjo/Desktop/Juegos/Foundry-daggerheart/Portable-FoundryVTT-v13.348/App/resources/app/dist/database/backend/server-document.mjs:1:2782)","timestamp":"2026-01-01 15:00:16"}
{"level":"error","message":"An error occurred during the migration of Item record [E5d3CnR98vEXt8QS] of database \"daggerheart-extra-content.classes\":\nError: Documents from a core version newer than the running version cannot be migrated\n    at Function._migrateRecord (file:///C:/Users/Juanjo/Desktop/Juegos/Foundry-daggerheart/Portable-FoundryVTT-v13.348/App/resources/app/dist/database/backend/server-document.mjs:1:3713)\n    at Function._migrateDocuments (file:///C:/Users/Juanjo/Desktop/Juegos/Foundry-daggerheart/Portable-FoundryVTT-v13.348/App/resources/app/dist/database/backend/server-document.mjs:1:2782)","timestamp":"2026-01-01 15:00:16"}
{"level":"error","message":"An error occurred during the migration of Item record [EcUepPeaFQz7tnme] of database \"daggerheart-extra-content.classes\":\nError: Documents from a core version newer than the running version cannot be migrated\n    at Function._migrateRecord (file:///C:/Users/Juanjo/Desktop/Juegos/Foundry-daggerheart/Portable-FoundryVTT-v13.348/App/resources/app/dist/database/backend/server-document.mjs:1:3713)\n    at Function._migrateDocuments (file:///C:/Users/Juanjo/Desktop/Juegos/Foundry-daggerheart/Portable-FoundryVTT-v13.348/App/resources/app/dist/database/backend/server-document.mjs:1:2782)","timestamp":"2026-01-01 15:00:16"}
{"level":"error","message":"An error occurred during the migration of Item record [MAT6l8tUvELiLK4L] of database \"daggerheart-extra-content.classes\":\nError: Documents from a core version newer than the running version cannot be migrated\n    at Function._migrateRecord (file:///C:/Users/Juanjo/Desktop/Juegos/Foundry-daggerheart/Portable-FoundryVTT-v13.348/App/resources/app/dist/database/backend/server-document.mjs:1:3713)\n    at Function._migrateDocuments (file:///C:/Users/Juanjo/Desktop/Juegos/Foundry-daggerheart/Portable-FoundryVTT-v13.348/App/resources/app/dist/database/backend/server-document.mjs:1:2782)","timestamp":"2026-01-01 15:00:16"}
{"level":"error","message":"An error occurred during the migration of Item record [N4mXcAWdpFYJdWZn] of database \"daggerheart-extra-content.classes\":\nError: Documents from a core version newer than the running version cannot be migrated\n    at Function._migrateRecord (file:///C:/Users/Juanjo/Desktop/Juegos/Foundry-daggerheart/Portable-FoundryVTT-v13.348/App/resources/app/dist/database/backend/server-document.mjs:1:3713)\n    at Function._migrateDocuments (file:///C:/Users/Juanjo/Desktop/Juegos/Foundry-daggerheart/Portable-FoundryVTT-v13.348/App/resources/app/dist/database/backend/server-document.mjs:1:2782)","timestamp":"2026-01-01 15:00:16"}
{"level":"error","message":"An error occurred during the migration of Item record [g01PAvRJsgiUHpnD] of database \"daggerheart-extra-content.classes\":\nError: Documents from a core version newer than the running version cannot be migrated\n    at Function._migrateRecord (file:///C:/Users/Juanjo/Desktop/Juegos/Foundry-daggerheart/Portable-FoundryVTT-v13.348/App/resources/app/dist/database/backend/server-document.mjs:1:3713)\n    at Function._migrateDocuments (file:///C:/Users/Juanjo/Desktop/Juegos/Foundry-daggerheart/Portable-FoundryVTT-v13.348/App/resources/app/dist/database/backend/server-document.mjs:1:2782)","timestamp":"2026-01-01 15:00:16"}
{"level":"error","message":"An error occurred during the migration of Item record [hXehaNaOdYzSJqxf] of database \"daggerheart-extra-content.classes\":\nError: Documents from a core version newer than the running version cannot be migrated\n    at Function._migrateRecord (file:///C:/Users/Juanjo/Desktop/Juegos/Foundry-daggerheart/Portable-FoundryVTT-v13.348/App/resources/app/dist/database/backend/server-document.mjs:1:3713)\n    at Function._migrateDocuments (file:///C:/Users/Juanjo/Desktop/Juegos/Foundry-daggerheart/Portable-FoundryVTT-v13.348/App/resources/app/dist/database/backend/server-document.mjs:1:2782)","timestamp":"2026-01-01 15:00:16"}
{"level":"error","message":"An error occurred during the migration of Item record [k4NTq8kIqQNNv9bl] of database \"daggerheart-extra-content.classes\":\nError: Documents from a core version newer than the running version cannot be migrated\n    at Function._migrateRecord (file:///C:/Users/Juanjo/Desktop/Juegos/Foundry-daggerheart/Portable-FoundryVTT-v13.348/App/resources/app/dist/database/backend/server-document.mjs:1:3713)\n    at Function._migrateDocuments (file:///C:/Users/Juanjo/Desktop/Juegos/Foundry-daggerheart/Portable-FoundryVTT-v13.348/App/resources/app/dist/database/backend/server-document.mjs:1:2782)","timestamp":"2026-01-01 15:00:16"}
{"level":"error","message":"An error occurred during the migration of Item record [m0xIb9uq6tlZdsoz] of database \"daggerheart-extra-content.classes\":\nError: Documents from a core version newer than the running version cannot be migrated\n    at Function._migrateRecord (file:///C:/Users/Juanjo/Desktop/Juegos/Foundry-daggerheart/Portable-FoundryVTT-v13.348/App/resources/app/dist/database/backend/server-document.mjs:1:3713)\n    at Function._migrateDocuments (file:///C:/Users/Juanjo/Desktop/Juegos/Foundry-daggerheart/Portable-FoundryVTT-v13.348/App/resources/app/dist/database/backend/server-document.mjs:1:2782)","timestamp":"2026-01-01 15:00:16"}
{"level":"error","message":"An error occurred during the migration of Item record [mYoYtle6DKA0UwQd] of database \"daggerheart-extra-content.classes\":\nError: Documents from a core version newer than the running version cannot be migrated\n    at Function._migrateRecord (file:///C:/Users/Juanjo/Desktop/Juegos/Foundry-daggerheart/Portable-FoundryVTT-v13.348/App/resources/app/dist/database/backend/server-document.mjs:1:3713)\n    at Function._migrateDocuments (file:///C:/Users/Juanjo/Desktop/Juegos/Foundry-daggerheart/Portable-FoundryVTT-v13.348/App/resources/app/dist/database/backend/server-document.mjs:1:2782)","timestamp":"2026-01-01 15:00:16"}
{"level":"error","message":"An error occurred during the migration of Item record [xGemeGMXhosaM22K] of database \"daggerheart-extra-content.classes\":\nError: Documents from a core version newer than the running version cannot be migrated\n    at Function._migrateRecord (file:///C:/Users/Juanjo/Desktop/Juegos/Foundry-daggerheart/Portable-FoundryVTT-v13.348/App/resources/app/dist/database/backend/server-document.mjs:1:3713)\n    at Function._migrateDocuments (file:///C:/Users/Juanjo/Desktop/Juegos/Foundry-daggerheart/Portable-FoundryVTT-v13.348/App/resources/app/dist/database/backend/server-document.mjs:1:2782)","timestamp":"2026-01-01 15:00:16"}
{"level":"error","message":"An error occurred during the migration of Item record [zzaKRTPuYEahfilp] of database \"daggerheart-extra-content.classes\":\nError: Documents from a core version newer than the running version cannot be migrated\n    at Function._migrateRecord (file:///C:/Users/Juanjo/Desktop/Juegos/Foundry-daggerheart/Portable-FoundryVTT-v13.348/App/resources/app/dist/database/backend/server-document.mjs:1:3713)\n    at Function._migrateDocuments (file:///C:/Users/Juanjo/Desktop/Juegos/Foundry-daggerheart/Portable-FoundryVTT-v13.348/App/resources/app/dist/database/backend/server-document.mjs:1:2782)","timestamp":"2026-01-01 15:00:16"}
{"level":"warn","message":"Database daggerheart-extra-content.classes was not fully migrated due to errors during migration.","timestamp":"2026-01-01 15:00:16"}
{"level":"error","message":"An error occurred during the migration of Item record [0YAGrauVMvqpHUou] of database \"daggerheart-extra-content.subclasses\":\nError: Documents from a core version newer than the running version cannot be migrated\n    at Function._migrateRecord (file:///C:/Users/Juanjo/Desktop/Juegos/Foundry-daggerheart/Portable-FoundryVTT-v13.348/App/resources/app/dist/database/backend/server-document.mjs:1:3713)\n    at Function._migrateDocuments (file:///C:/Users/Juanjo/Desktop/Juegos/Foundry-daggerheart/Portable-FoundryVTT-v13.348/App/resources/app/dist/database/backend/server-document.mjs:1:2782)","timestamp":"2026-01-01 15:00:16"}
{"level":"error","message":"An error occurred during the migration of Item record [1vMdJBGISqJYzAA8] of database \"daggerheart-extra-content.subclasses\":\nError: Documents from a core version newer than the running version cannot be migrated\n    at Function._migrateRecord (file:///C:/Users/Juanjo/Desktop/Juegos/Foundry-daggerheart/Portable-FoundryVTT-v13.348/App/resources/app/dist/database/backend/server-document.mjs:1:3713)\n    at Function._migrateDocuments (file:///C:/Users/Juanjo/Desktop/Juegos/Foundry-daggerheart/Portable-FoundryVTT-v13.348/App/resources/app/dist/database/backend/server-document.mjs:1:2782)","timestamp":"2026-01-01 15:00:16"}
{"level":"error","message":"An error occurred during the migration of Item record [48oK5ke7KNhEoSBK] of database \"daggerheart-extra-content.subclasses\":\nError: Documents from a core version newer than the running version cannot be migrated\n    at Function._migrateRecord (file:///C:/Users/Juanjo/Desktop/Juegos/Foundry-daggerheart/Portable-FoundryVTT-v13.348/App/resources/app/dist/database/backend/server-document.mjs:1:3713)\n    at Function._migrateDocuments (file:///C:/Users/Juanjo/Desktop/Juegos/Foundry-daggerheart/Portable-FoundryVTT-v13.348/App/resources/app/dist/database/backend/server-document.mjs:1:2782)","timestamp":"2026-01-01 15:00:16"}
{"level":"error","message":"An error occurred during the migration of Item record [DeyoqbkHGP5Zm5bb] of database \"daggerheart-extra-content.subclasses\":\nError: Documents from a core version newer than the running version cannot be migrated\n    at Function._migrateRecord (file:///C:/Users/Juanjo/Desktop/Juegos/Foundry-daggerheart/Portable-FoundryVTT-v13.348/App/resources/app/dist/database/backend/server-document.mjs:1:3713)\n    at Function._migrateDocuments (file:///C:/Users/Juanjo/Desktop/Juegos/Foundry-daggerheart/Portable-FoundryVTT-v13.348/App/resources/app/dist/database/backend/server-document.mjs:1:2782)","timestamp":"2026-01-01 15:00:16"}
{"level":"error","message":"An error occurred during the migration of Item record [HQmOhlvOcO5GjiRG] of database \"daggerheart-extra-content.subclasses\":\nError: Documents from a core version newer than the running version cannot be migrated\n    at Function._migrateRecord (file:///C:/Users/Juanjo/Desktop/Juegos/Foundry-daggerheart/Portable-FoundryVTT-v13.348/App/resources/app/dist/database/backend/server-document.mjs:1:3713)\n    at Function._migrateDocuments (file:///C:/Users/Juanjo/Desktop/Juegos/Foundry-daggerheart/Portable-FoundryVTT-v13.348/App/resources/app/dist/database/backend/server-document.mjs:1:2782)","timestamp":"2026-01-01 15:00:16"}
{"level":"error","message":"An error occurred during the migration of Item record [LCqFlGKsObwYDIEm] of database \"daggerheart-extra-content.subclasses\":\nError: Documents from a core version newer than the running version cannot be migrated\n    at Function._migrateRecord (file:///C:/Users/Juanjo/Desktop/Juegos/Foundry-daggerheart/Portable-FoundryVTT-v13.348/App/resources/app/dist/database/backend/server-document.mjs:1:3713)\n    at Function._migrateDocuments (file:///C:/Users/Juanjo/Desktop/Juegos/Foundry-daggerheart/Portable-FoundryVTT-v13.348/App/resources/app/dist/database/backend/server-document.mjs:1:2782)","timestamp":"2026-01-01 15:00:16"}
{"level":"error","message":"An error occurred during the migration of Item record [ThjRka7o73hN3p0B] of database \"daggerheart-extra-content.subclasses\":\nError: Documents from a core version newer than the running version cannot be migrated\n    at Function._migrateRecord (file:///C:/Users/Juanjo/Desktop/Juegos/Foundry-daggerheart/Portable-FoundryVTT-v13.348/App/resources/app/dist/database/backend/server-document.mjs:1:3713)\n    at Function._migrateDocuments (file:///C:/Users/Juanjo/Desktop/Juegos/Foundry-daggerheart/Portable-FoundryVTT-v13.348/App/resources/app/dist/database/backend/server-document.mjs:1:2782)","timestamp":"2026-01-01 15:00:16"}
{"level":"error","message":"An error occurred during the migration of Item record [UOiFsix0pZrccp1y] of database \"daggerheart-extra-content.subclasses\":\nError: Documents from a core version newer than the running version cannot be migrated\n    at Function._migrateRecord (file:///C:/Users/Juanjo/Desktop/Juegos/Foundry-daggerheart/Portable-FoundryVTT-v13.348/App/resources/app/dist/database/backend/server-document.mjs:1:3713)\n    at Function._migrateDocuments (file:///C:/Users/Juanjo/Desktop/Juegos/Foundry-daggerheart/Portable-FoundryVTT-v13.348/App/resources/app/dist/database/backend/server-document.mjs:1:2782)","timestamp":"2026-01-01 15:00:16"}
{"level":"error","message":"An error occurred during the migration of Item record [YtPj46QA47slm76U] of database \"daggerheart-extra-content.subclasses\":\nError: Documents from a core version newer than the running version cannot be migrated\n    at Function._migrateRecord (file:///C:/Users/Juanjo/Desktop/Juegos/Foundry-daggerheart/Portable-FoundryVTT-v13.348/App/resources/app/dist/database/backend/server-document.mjs:1:3713)\n    at Function._migrateDocuments (file:///C:/Users/Juanjo/Desktop/Juegos/Foundry-daggerheart/Portable-FoundryVTT-v13.348/App/resources/app/dist/database/backend/server-document.mjs:1:2782)","timestamp":"2026-01-01 15:00:16"}
{"level":"error","message":"An error occurred during the migration of Item record [Z2oD6qtFjxzDYqWV] of database \"daggerheart-extra-content.subclasses\":\nError: Documents from a core version newer than the running version cannot be migrated\n    at Function._migrateRecord (file:///C:/Users/Juanjo/Desktop/Juegos/Foundry-daggerheart/Portable-FoundryVTT-v13.348/App/resources/app/dist/database/backend/server-document.mjs:1:3713)\n    at Function._migrateDocuments (file:///C:/Users/Juanjo/Desktop/Juegos/Foundry-daggerheart/Portable-FoundryVTT-v13.348/App/resources/app/dist/database/backend/server-document.mjs:1:2782)","timestamp":"2026-01-01 15:00:16"}
{"level":"error","message":"An error occurred during the migration of Item record [aKNaVPnQeDzCZl6w] of database \"daggerheart-extra-content.subclasses\":\nError: Documents from a core version newer than the running version cannot be migrated\n    at Function._migrateRecord (file:///C:/Users/Juanjo/Desktop/Juegos/Foundry-daggerheart/Portable-FoundryVTT-v13.348/App/resources/app/dist/database/backend/server-document.mjs:1:3713)\n    at Function._migrateDocuments (file:///C:/Users/Juanjo/Desktop/Juegos/Foundry-daggerheart/Portable-FoundryVTT-v13.348/App/resources/app/dist/database/backend/server-document.mjs:1:2782)","timestamp":"2026-01-01 15:00:16"}
{"level":"error","message":"An error occurred during the migration of Item record [bQMybQa340rpMCR8] of database \"daggerheart-extra-content.subclasses\":\nError: Documents from a core version newer than the running version cannot be migrated\n    at Function._migrateRecord (file:///C:/Users/Juanjo/Desktop/Juegos/Foundry-daggerheart/Portable-FoundryVTT-v13.348/App/resources/app/dist/database/backend/server-document.mjs:1:3713)\n    at Function._migrateDocuments (file:///C:/Users/Juanjo/Desktop/Juegos/Foundry-daggerheart/Portable-FoundryVTT-v13.348/App/resources/app/dist/database/backend/server-document.mjs:1:2782)","timestamp":"2026-01-01 15:00:16"}
{"level":"error","message":"An error occurred during the migration of Item record [eM46wwEPFHNI99sq] of database \"daggerheart-extra-content.subclasses\":\nError: Documents from a core version newer than the running version cannot be migrated\n    at Function._migrateRecord (file:///C:/Users/Juanjo/Desktop/Juegos/Foundry-daggerheart/Portable-FoundryVTT-v13.348/App/resources/app/dist/database/backend/server-document.mjs:1:3713)\n    at Function._migrateDocuments (file:///C:/Users/Juanjo/Desktop/Juegos/Foundry-daggerheart/Portable-FoundryVTT-v13.348/App/resources/app/dist/database/backend/server-document.mjs:1:2782)","timestamp":"2026-01-01 15:00:16"}
{"level":"error","message":"An error occurred during the migration of Item record [eQ8YQvNFJJnz9OqQ] of database \"daggerheart-extra-content.subclasses\":\nError: Documents from a core version newer than the running version cannot be migrated\n    at Function._migrateRecord (file:///C:/Users/Juanjo/Desktop/Juegos/Foundry-daggerheart/Portable-FoundryVTT-v13.348/App/resources/app/dist/database/backend/server-document.mjs:1:3713)\n    at Function._migrateDocuments (file:///C:/Users/Juanjo/Desktop/Juegos/Foundry-daggerheart/Portable-FoundryVTT-v13.348/App/resources/app/dist/database/backend/server-document.mjs:1:2782)","timestamp":"2026-01-01 15:00:16"}
{"level":"error","message":"An error occurred during the migration of Item record [hRIq3JkT9ZwZr5Qf] of database \"daggerheart-extra-content.subclasses\":\nError: Documents from a core version newer than the running version cannot be migrated\n    at Function._migrateRecord (file:///C:/Users/Juanjo/Desktop/Juegos/Foundry-daggerheart/Portable-FoundryVTT-v13.348/App/resources/app/dist/database/backend/server-document.mjs:1:3713)\n    at Function._migrateDocuments (file:///C:/Users/Juanjo/Desktop/Juegos/Foundry-daggerheart/Portable-FoundryVTT-v13.348/App/resources/app/dist/database/backend/server-document.mjs:1:2782)","timestamp":"2026-01-01 15:00:16"}
{"level":"error","message":"An error occurred during the migration of Item record [hZqlmZX7lIGN3auH] of database \"daggerheart-extra-content.subclasses\":\nError: Documents from a core version newer than the running version cannot be migrated\n    at Function._migrateRecord (file:///C:/Users/Juanjo/Desktop/Juegos/Foundry-daggerheart/Portable-FoundryVTT-v13.348/App/resources/app/dist/database/backend/server-document.mjs:1:3713)\n    at Function._migrateDocuments (file:///C:/Users/Juanjo/Desktop/Juegos/Foundry-daggerheart/Portable-FoundryVTT-v13.348/App/resources/app/dist/database/backend/server-document.mjs:1:2782)","timestamp":"2026-01-01 15:00:16"}
{"level":"error","message":"An error occurred during the migration of Item record [lwShv1Is6MN1zDor] of database \"daggerheart-extra-content.subclasses\":\nError: Documents from a core version newer than the running version cannot be migrated\n    at Function._migrateRecord (file:///C:/Users/Juanjo/Desktop/Juegos/Foundry-daggerheart/Portable-FoundryVTT-v13.348/App/resources/app/dist/database/backend/server-document.mjs:1:3713)\n    at Function._migrateDocuments (file:///C:/Users/Juanjo/Desktop/Juegos/Foundry-daggerheart/Portable-FoundryVTT-v13.348/App/resources/app/dist/database/backend/server-document.mjs:1:2782)","timestamp":"2026-01-01 15:00:16"}
{"level":"error","message":"An error occurred during the migration of Item record [oWFZxLUa6apOCBW6] of database \"daggerheart-extra-content.subclasses\":\nError: Documents from a core version newer than the running version cannot be migrated\n    at Function._migrateRecord (file:///C:/Users/Juanjo/Desktop/Juegos/Foundry-daggerheart/Portable-FoundryVTT-v13.348/App/resources/app/dist/database/backend/server-document.mjs:1:3713)\n    at Function._migrateDocuments (file:///C:/Users/Juanjo/Desktop/Juegos/Foundry-daggerheart/Portable-FoundryVTT-v13.348/App/resources/app/dist/database/backend/server-document.mjs:1:2782)","timestamp":"2026-01-01 15:00:16"}
{"level":"error","message":"An error occurred during the migration of Item record [uZZCmokDQbizjw1d] of database \"daggerheart-extra-content.subclasses\":\nError: Documents from a core version newer than the running version cannot be migrated\n    at Function._migrateRecord (file:///C:/Users/Juanjo/Desktop/Juegos/Foundry-daggerheart/Portable-FoundryVTT-v13.348/App/resources/app/dist/database/backend/server-document.mjs:1:3713)\n    at Function._migrateDocuments (file:///C:/Users/Juanjo/Desktop/Juegos/Foundry-daggerheart/Portable-FoundryVTT-v13.348/App/resources/app/dist/database/backend/server-document.mjs:1:2782)","timestamp":"2026-01-01 15:00:16"}
{"level":"error","message":"An error occurred during the migration of Item record [ytYGENKq8AtjYqTb] of database \"daggerheart-extra-content.subclasses\":\nError: Documents from a core version newer than the running version cannot be migrated\n    at Function._migrateRecord (file:///C:/Users/Juanjo/Desktop/Juegos/Foundry-daggerheart/Portable-FoundryVTT-v13.348/App/resources/app/dist/database/backend/server-document.mjs:1:3713)\n    at Function._migrateDocuments (file:///C:/Users/Juanjo/Desktop/Juegos/Foundry-daggerheart/Portable-FoundryVTT-v13.348/App/resources/app/dist/database/backend/server-document.mjs:1:2782)","timestamp":"2026-01-01 15:00:16"}
{"level":"warn","message":"Database daggerheart-extra-content.subclasses was not fully migrated due to errors during migration.","timestamp":"2026-01-01 15:00:16"}
{"level":"error","message":"An error occurred during the migration of Item record [9X2envWaXGSWx82V] of database \"the-void-unofficial.classes\":\nError: Documents from a core version newer than the running version cannot be migrated\n    at Function._migrateRecord (file:///C:/Users/Juanjo/Desktop/Juegos/Foundry-daggerheart/Portable-FoundryVTT-v13.348/App/resources/app/dist/database/backend/server-document.mjs:1:3713)\n    at Function._migrateDocuments (file:///C:/Users/Juanjo/Desktop/Juegos/Foundry-daggerheart/Portable-FoundryVTT-v13.348/App/resources/app/dist/database/backend/server-document.mjs:1:2782)","timestamp":"2026-01-01 15:00:16"}
{"level":"error","message":"An error occurred during the migration of Item record [R0wYgWyPih4CpTE5] of database \"the-void-unofficial.classes\":\nError: Documents from a core version newer than the running version cannot be migrated\n    at Function._migrateRecord (file:///C:/Users/Juanjo/Desktop/Juegos/Foundry-daggerheart/Portable-FoundryVTT-v13.348/App/resources/app/dist/database/backend/server-document.mjs:1:3713)\n    at Function._migrateDocuments (file:///C:/Users/Juanjo/Desktop/Juegos/Foundry-daggerheart/Portable-FoundryVTT-v13.348/App/resources/app/dist/database/backend/server-document.mjs:1:2782)","timestamp":"2026-01-01 15:00:16"}
{"level":"error","message":"An error occurred during the migration of Item record [TGTBooD83OWXyQj1] of database \"the-void-unofficial.classes\":\nError: Documents from a core version newer than the running version cannot be migrated\n    at Function._migrateRecord (file:///C:/Users/Juanjo/Desktop/Juegos/Foundry-daggerheart/Portable-FoundryVTT-v13.348/App/resources/app/dist/database/backend/server-document.mjs:1:3713)\n    at Function._migrateDocuments (file:///C:/Users/Juanjo/Desktop/Juegos/Foundry-daggerheart/Portable-FoundryVTT-v13.348/App/resources/app/dist/database/backend/server-document.mjs:1:2782)","timestamp":"2026-01-01 15:00:16"}
{"level":"error","message":"An error occurred during the migration of Item record [gugHbXBWP24CFTJZ] of database \"the-void-unofficial.classes\":\nError: Documents from a core version newer than the running version cannot be migrated\n    at Function._migrateRecord (file:///C:/Users/Juanjo/Desktop/Juegos/Foundry-daggerheart/Portable-FoundryVTT-v13.348/App/resources/app/dist/database/backend/server-document.mjs:1:3713)\n    at Function._migrateDocuments (file:///C:/Users/Juanjo/Desktop/Juegos/Foundry-daggerheart/Portable-FoundryVTT-v13.348/App/resources/app/dist/database/backend/server-document.mjs:1:2782)","timestamp":"2026-01-01 15:00:16"}
{"level":"error","message":"An error occurred during the migration of Item record [m3CvI4nlskOu5jZS] of database \"the-void-unofficial.classes\":\nError: Documents from a core version newer than the running version cannot be migrated\n    at Function._migrateRecord (file:///C:/Users/Juanjo/Desktop/Juegos/Foundry-daggerheart/Portable-FoundryVTT-v13.348/App/resources/app/dist/database/backend/server-document.mjs:1:3713)\n    at Function._migrateDocuments (file:///C:/Users/Juanjo/Desktop/Juegos/Foundry-daggerheart/Portable-FoundryVTT-v13.348/App/resources/app/dist/database/backend/server-document.mjs:1:2782)","timestamp":"2026-01-01 15:00:16"}
{"level":"error","message":"An error occurred during the migration of Item record [otb0ThXWuqQzzWho] of database \"the-void-unofficial.classes\":\nError: Documents from a core version newer than the running version cannot be migrated\n    at Function._migrateRecord (file:///C:/Users/Juanjo/Desktop/Juegos/Foundry-daggerheart/Portable-FoundryVTT-v13.348/App/resources/app/dist/database/backend/server-document.mjs:1:3713)\n    at Function._migrateDocuments (file:///C:/Users/Juanjo/Desktop/Juegos/Foundry-daggerheart/Portable-FoundryVTT-v13.348/App/resources/app/dist/database/backend/server-document.mjs:1:2782)","timestamp":"2026-01-01 15:00:16"}
{"level":"error","message":"An error occurred during the migration of Item record [v5M0mxaTDJCyhAsR] of database \"the-void-unofficial.classes\":\nError: Documents from a core version newer than the running version cannot be migrated\n    at Function._migrateRecord (file:///C:/Users/Juanjo/Desktop/Juegos/Foundry-daggerheart/Portable-FoundryVTT-v13.348/App/resources/app/dist/database/backend/server-document.mjs:1:3713)\n    at Function._migrateDocuments (file:///C:/Users/Juanjo/Desktop/Juegos/Foundry-daggerheart/Portable-FoundryVTT-v13.348/App/resources/app/dist/database/backend/server-document.mjs:1:2782)","timestamp":"2026-01-01 15:00:16"}
{"level":"warn","message":"Database the-void-unofficial.classes was not fully migrated due to errors during migration.","timestamp":"2026-01-01 15:00:16"}
{"level":"error","message":"An error occurred during the migration of Item record [1PPk39iarFpWylOi] of database \"the-void-unofficial.subclasses\":\nError: Documents from a core version newer than the running version cannot be migrated\n    at Function._migrateRecord (file:///C:/Users/Juanjo/Desktop/Juegos/Foundry-daggerheart/Portable-FoundryVTT-v13.348/App/resources/app/dist/database/backend/server-document.mjs:1:3713)\n    at Function._migrateDocuments (file:///C:/Users/Juanjo/Desktop/Juegos/Foundry-daggerheart/Portable-FoundryVTT-v13.348/App/resources/app/dist/database/backend/server-document.mjs:1:2782)","timestamp":"2026-01-01 15:00:16"}
{"level":"error","message":"An error occurred during the migration of Item record [4Jaekd41DdaPdWkw] of database \"the-void-unofficial.subclasses\":\nError: Documents from a core version newer than the running version cannot be migrated\n    at Function._migrateRecord (file:///C:/Users/Juanjo/Desktop/Juegos/Foundry-daggerheart/Portable-FoundryVTT-v13.348/App/resources/app/dist/database/backend/server-document.mjs:1:3713)\n    at Function._migrateDocuments (file:///C:/Users/Juanjo/Desktop/Juegos/Foundry-daggerheart/Portable-FoundryVTT-v13.348/App/resources/app/dist/database/backend/server-document.mjs:1:2782)","timestamp":"2026-01-01 15:00:16"}
{"level":"error","message":"An error occurred during the migration of Item record [8EGGJmnqPBs9CrO9] of database \"the-void-unofficial.subclasses\":\nError: Documents from a core version newer than the running version cannot be migrated\n    at Function._migrateRecord (file:///C:/Users/Juanjo/Desktop/Juegos/Foundry-daggerheart/Portable-FoundryVTT-v13.348/App/resources/app/dist/database/backend/server-document.mjs:1:3713)\n    at Function._migrateDocuments (file:///C:/Users/Juanjo/Desktop/Juegos/Foundry-daggerheart/Portable-FoundryVTT-v13.348/App/resources/app/dist/database/backend/server-document.mjs:1:2782)","timestamp":"2026-01-01 15:00:16"}
{"level":"error","message":"An error occurred during the migration of Item record [GXYbLE8fG6fmGvFE] of database \"the-void-unofficial.subclasses\":\nError: Documents from a core version newer than the running version cannot be migrated\n    at Function._migrateRecord (file:///C:/Users/Juanjo/Desktop/Juegos/Foundry-daggerheart/Portable-FoundryVTT-v13.348/App/resources/app/dist/database/backend/server-document.mjs:1:3713)\n    at Function._migrateDocuments (file:///C:/Users/Juanjo/Desktop/Juegos/Foundry-daggerheart/Portable-FoundryVTT-v13.348/App/resources/app/dist/database/backend/server-document.mjs:1:2782)","timestamp":"2026-01-01 15:00:16"}
{"level":"error","message":"An error occurred during the migration of Item record [H8iGhoEsLwbhmUjb] of database \"the-void-unofficial.subclasses\":\nError: Documents from a core version newer than the running version cannot be migrated\n    at Function._migrateRecord (file:///C:/Users/Juanjo/Desktop/Juegos/Foundry-daggerheart/Portable-FoundryVTT-v13.348/App/resources/app/dist/database/backend/server-document.mjs:1:3713)\n    at Function._migrateDocuments (file:///C:/Users/Juanjo/Desktop/Juegos/Foundry-daggerheart/Portable-FoundryVTT-v13.348/App/resources/app/dist/database/backend/server-document.mjs:1:2782)","timestamp":"2026-01-01 15:00:16"}
{"level":"error","message":"An error occurred during the migration of Item record [JIO4bvmWGH4tTXpQ] of database \"the-void-unofficial.subclasses\":\nError: Documents from a core version newer than the running version cannot be migrated\n    at Function._migrateRecord (file:///C:/Users/Juanjo/Desktop/Juegos/Foundry-daggerheart/Portable-FoundryVTT-v13.348/App/resources/app/dist/database/backend/server-document.mjs:1:3713)\n    at Function._migrateDocuments (file:///C:/Users/Juanjo/Desktop/Juegos/Foundry-daggerheart/Portable-FoundryVTT-v13.348/App/resources/app/dist/database/backend/server-document.mjs:1:2782)","timestamp":"2026-01-01 15:00:16"}
{"level":"error","message":"An error occurred during the migration of Item record [JWlQd6XSBB22ASBs] of database \"the-void-unofficial.subclasses\":\nError: Documents from a core version newer than the running version cannot be migrated\n    at Function._migrateRecord (file:///C:/Users/Juanjo/Desktop/Juegos/Foundry-daggerheart/Portable-FoundryVTT-v13.348/App/resources/app/dist/database/backend/server-document.mjs:1:3713)\n    at Function._migrateDocuments (file:///C:/Users/Juanjo/Desktop/Juegos/Foundry-daggerheart/Portable-FoundryVTT-v13.348/App/resources/app/dist/database/backend/server-document.mjs:1:2782)","timestamp":"2026-01-01 15:00:16"}
{"level":"error","message":"An error occurred during the migration of Item record [JiPSjjjWxSbnoQRe] of database \"the-void-unofficial.subclasses\":\nError: Documents from a core version newer than the running version cannot be migrated\n    at Function._migrateRecord (file:///C:/Users/Juanjo/Desktop/Juegos/Foundry-daggerheart/Portable-FoundryVTT-v13.348/App/resources/app/dist/database/backend/server-document.mjs:1:3713)\n    at Function._migrateDocuments (file:///C:/Users/Juanjo/Desktop/Juegos/Foundry-daggerheart/Portable-FoundryVTT-v13.348/App/resources/app/dist/database/backend/server-document.mjs:1:2782)","timestamp":"2026-01-01 15:00:16"}
{"level":"error","message":"An error occurred during the migration of Item record [XeSsopeDDreSRv5A] of database \"the-void-unofficial.subclasses\":\nError: Documents from a core version newer than the running version cannot be migrated\n    at Function._migrateRecord (file:///C:/Users/Juanjo/Desktop/Juegos/Foundry-daggerheart/Portable-FoundryVTT-v13.348/App/resources/app/dist/database/backend/server-document.mjs:1:3713)\n    at Function._migrateDocuments (file:///C:/Users/Juanjo/Desktop/Juegos/Foundry-daggerheart/Portable-FoundryVTT-v13.348/App/resources/app/dist/database/backend/server-document.mjs:1:2782)","timestamp":"2026-01-01 15:00:16"}
{"level":"error","message":"An error occurred during the migration of Item record [YN38IzjqW5paIy92] of database \"the-void-unofficial.subclasses\":\nError: Documents from a core version newer than the running version cannot be migrated\n    at Function._migrateRecord (file:///C:/Users/Juanjo/Desktop/Juegos/Foundry-daggerheart/Portable-FoundryVTT-v13.348/App/resources/app/dist/database/backend/server-document.mjs:1:3713)\n    at Function._migrateDocuments (file:///C:/Users/Juanjo/Desktop/Juegos/Foundry-daggerheart/Portable-FoundryVTT-v13.348/App/resources/app/dist/database/backend/server-document.mjs:1:2782)","timestamp":"2026-01-01 15:00:16"}
{"level":"error","message":"An error occurred during the migration of Item record [ZYdJamwMgRsiG733] of database \"the-void-unofficial.subclasses\":\nError: Documents from a core version newer than the running version cannot be migrated\n    at Function._migrateRecord (file:///C:/Users/Juanjo/Desktop/Juegos/Foundry-daggerheart/Portable-FoundryVTT-v13.348/App/resources/app/dist/database/backend/server-document.mjs:1:3713)\n    at Function._migrateDocuments (file:///C:/Users/Juanjo/Desktop/Juegos/Foundry-daggerheart/Portable-FoundryVTT-v13.348/App/resources/app/dist/database/backend/server-document.mjs:1:2782)","timestamp":"2026-01-01 15:00:16"}
{"level":"error","message":"An error occurred during the migration of Item record [aFtWBHgUBxsCptI2] of database \"the-void-unofficial.subclasses\":\nError: Documents from a core version newer than the running version cannot be migrated\n    at Function._migrateRecord (file:///C:/Users/Juanjo/Desktop/Juegos/Foundry-daggerheart/Portable-FoundryVTT-v13.348/App/resources/app/dist/database/backend/server-document.mjs:1:3713)\n    at Function._migrateDocuments (file:///C:/Users/Juanjo/Desktop/Juegos/Foundry-daggerheart/Portable-FoundryVTT-v13.348/App/resources/app/dist/database/backend/server-document.mjs:1:2782)","timestamp":"2026-01-01 15:00:16"}
{"level":"error","message":"An error occurred during the migration of Item record [h0PlfOo87vjMIR2n] of database \"the-void-unofficial.subclasses\":\nError: Documents from a core version newer than the running version cannot be migrated\n    at Function._migrateRecord (file:///C:/Users/Juanjo/Desktop/Juegos/Foundry-daggerheart/Portable-FoundryVTT-v13.348/App/resources/app/dist/database/backend/server-document.mjs:1:3713)\n    at Function._migrateDocuments (file:///C:/Users/Juanjo/Desktop/Juegos/Foundry-daggerheart/Portable-FoundryVTT-v13.348/App/resources/app/dist/database/backend/server-document.mjs:1:2782)","timestamp":"2026-01-01 15:00:16"}
{"level":"error","message":"An error occurred during the migration of Item record [h3bzYGrnwkKQBJ6d] of database \"the-void-unofficial.subclasses\":\nError: Documents from a core version newer than the running version cannot be migrated\n    at Function._migrateRecord (file:///C:/Users/Juanjo/Desktop/Juegos/Foundry-daggerheart/Portable-FoundryVTT-v13.348/App/resources/app/dist/database/backend/server-document.mjs:1:3713)\n    at Function._migrateDocuments (file:///C:/Users/Juanjo/Desktop/Juegos/Foundry-daggerheart/Portable-FoundryVTT-v13.348/App/resources/app/dist/database/backend/server-document.mjs:1:2782)","timestamp":"2026-01-01 15:00:16"}
{"level":"error","message":"An error occurred during the migration of Item record [mRNqGokQNZEK8GSP] of database \"the-void-unofficial.subclasses\":\nError: Documents from a core version newer than the running version cannot be migrated\n    at Function._migrateRecord (file:///C:/Users/Juanjo/Desktop/Juegos/Foundry-daggerheart/Portable-FoundryVTT-v13.348/App/resources/app/dist/database/backend/server-document.mjs:1:3713)\n    at Function._migrateDocuments (file:///C:/Users/Juanjo/Desktop/Juegos/Foundry-daggerheart/Portable-FoundryVTT-v13.348/App/resources/app/dist/database/backend/server-document.mjs:1:2782)","timestamp":"2026-01-01 15:00:16"}
{"level":"error","message":"An error occurred during the migration of Item record [sajwdoQ5JVzqeqsj] of database \"the-void-unofficial.subclasses\":\nError: Documents from a core version newer than the running version cannot be migrated\n    at Function._migrateRecord (file:///C:/Users/Juanjo/Desktop/Juegos/Foundry-daggerheart/Portable-FoundryVTT-v13.348/App/resources/app/dist/database/backend/server-document.mjs:1:3713)\n    at Function._migrateDocuments (file:///C:/Users/Juanjo/Desktop/Juegos/Foundry-daggerheart/Portable-FoundryVTT-v13.348/App/resources/app/dist/database/backend/server-document.mjs:1:2782)","timestamp":"2026-01-01 15:00:16"}
{"level":"error","message":"An error occurred during the migration of Item record [ulURXMXGHT33vnD9] of database \"the-void-unofficial.subclasses\":\nError: Documents from a core version newer than the running version cannot be migrated\n    at Function._migrateRecord (file:///C:/Users/Juanjo/Desktop/Juegos/Foundry-daggerheart/Portable-FoundryVTT-v13.348/App/resources/app/dist/database/backend/server-document.mjs:1:3713)\n    at Function._migrateDocuments (file:///C:/Users/Juanjo/Desktop/Juegos/Foundry-daggerheart/Portable-FoundryVTT-v13.348/App/resources/app/dist/database/backend/server-document.mjs:1:2782)","timestamp":"2026-01-01 15:00:16"}
{"level":"error","message":"An error occurred during the migration of Item record [zkpNSVJfpnR0InYL] of database \"the-void-unofficial.subclasses\":\nError: Documents from a core version newer than the running version cannot be migrated\n    at Function._migrateRecord (file:///C:/Users/Juanjo/Desktop/Juegos/Foundry-daggerheart/Portable-FoundryVTT-v13.348/App/resources/app/dist/database/backend/server-document.mjs:1:3713)\n    at Function._migrateDocuments (file:///C:/Users/Juanjo/Desktop/Juegos/Foundry-daggerheart/Portable-FoundryVTT-v13.348/App/resources/app/dist/database/backend/server-document.mjs:1:2782)","timestamp":"2026-01-01 15:00:16"}
{"level":"warn","message":"Database the-void-unofficial.subclasses was not fully migrated due to errors during migration.","timestamp":"2026-01-01 15:00:16"}
{"level":"error","message":"An error occurred during the migration of Item record [0NoQWqYOiPdXdUhQ] of database \"the-void-unofficial.domains\":\nError: Documents from a core version newer than the running version cannot be migrated\n    at Function._migrateRecord (file:///C:/Users/Juanjo/Desktop/Juegos/Foundry-daggerheart/Portable-FoundryVTT-v13.348/App/resources/app/dist/database/backend/server-document.mjs:1:3713)\n    at Function._migrateDocuments (file:///C:/Users/Juanjo/Desktop/Juegos/Foundry-daggerheart/Portable-FoundryVTT-v13.348/App/resources/app/dist/database/backend/server-document.mjs:1:2782)","timestamp":"2026-01-01 15:00:16"}
{"level":"error","message":"An error occurred during the migration of Item record [176CHYdrz550TiEa] of database \"the-void-unofficial.domains\":\nError: Documents from a core version newer than the running version cannot be migrated\n    at Function._migrateRecord (file:///C:/Users/Juanjo/Desktop/Juegos/Foundry-daggerheart/Portable-FoundryVTT-v13.348/App/resources/app/dist/database/backend/server-document.mjs:1:3713)\n    at Function._migrateDocuments (file:///C:/Users/Juanjo/Desktop/Juegos/Foundry-daggerheart/Portable-FoundryVTT-v13.348/App/resources/app/dist/database/backend/server-document.mjs:1:2782)","timestamp":"2026-01-01 15:00:16"}
{"level":"error","message":"An error occurred during the migration of Item record [65NWcF4RSZgyJXFt] of database \"the-void-unofficial.domains\":\nError: Documents from a core version newer than the running version cannot be migrated\n    at Function._migrateRecord (file:///C:/Users/Juanjo/Desktop/Juegos/Foundry-daggerheart/Portable-FoundryVTT-v13.348/App/resources/app/dist/database/backend/server-document.mjs:1:3713)\n    at Function._migrateDocuments (file:///C:/Users/Juanjo/Desktop/Juegos/Foundry-daggerheart/Portable-FoundryVTT-v13.348/App/resources/app/dist/database/backend/server-document.mjs:1:2782)","timestamp":"2026-01-01 15:00:16"}
{"level":"error","message":"An error occurred during the migration of Item record [88xwPHpicN5uBo0f] of database \"the-void-unofficial.domains\":\nError: Documents from a core version newer than the running version cannot be migrated\n    at Function._migrateRecord (file:///C:/Users/Juanjo/Desktop/Juegos/Foundry-daggerheart/Portable-FoundryVTT-v13.348/App/resources/app/dist/database/backend/server-document.mjs:1:3713)\n    at Function._migrateDocuments (file:///C:/Users/Juanjo/Desktop/Juegos/Foundry-daggerheart/Portable-FoundryVTT-v13.348/App/resources/app/dist/database/backend/server-document.mjs:1:2782)","timestamp":"2026-01-01 15:00:16"}
{"level":"error","message":"An error occurred during the migration of Item record [9wxJJpH25cxmtx5W] of database \"the-void-unofficial.domains\":\nError: Documents from a core version newer than the running version cannot be migrated\n    at Function._migrateRecord (file:///C:/Users/Juanjo/Desktop/Juegos/Foundry-daggerheart/Portable-FoundryVTT-v13.348/App/resources/app/dist/database/backend/server-document.mjs:1:3713)\n    at Function._migrateDocuments (file:///C:/Users/Juanjo/Desktop/Juegos/Foundry-daggerheart/Portable-FoundryVTT-v13.348/App/resources/app/dist/database/backend/server-document.mjs:1:2782)","timestamp":"2026-01-01 15:00:16"}
{"level":"error","message":"An error occurred during the migration of Item record [BFkzJkWY4HejN4WR] of database \"the-void-unofficial.domains\":\nError: Documents from a core version newer than the running version cannot be migrated\n    at Function._migrateRecord (file:///C:/Users/Juanjo/Desktop/Juegos/Foundry-daggerheart/Portable-FoundryVTT-v13.348/App/resources/app/dist/database/backend/server-document.mjs:1:3713)\n    at Function._migrateDocuments (file:///C:/Users/Juanjo/Desktop/Juegos/Foundry-daggerheart/Portable-FoundryVTT-v13.348/App/resources/app/dist/database/backend/server-document.mjs:1:2782)","timestamp":"2026-01-01 15:00:16"}
{"level":"error","message":"An error occurred during the migration of Item record [BQF5xVKRVQdhGAf8] of database \"the-void-unofficial.domains\":\nError: Documents from a core version newer than the running version cannot be migrated\n    at Function._migrateRecord (file:///C:/Users/Juanjo/Desktop/Juegos/Foundry-daggerheart/Portable-FoundryVTT-v13.348/App/resources/app/dist/database/backend/server-document.mjs:1:3713)\n    at Function._migrateDocuments (file:///C:/Users/Juanjo/Desktop/Juegos/Foundry-daggerheart/Portable-FoundryVTT-v13.348/App/resources/app/dist/database/backend/server-document.mjs:1:2782)","timestamp":"2026-01-01 15:00:16"}
{"level":"error","message":"An error occurred during the migration of Item record [BctVkNUWYL5Eww2k] of database \"the-void-unofficial.domains\":\nError: Documents from a core version newer than the running version cannot be migrated\n    at Function._migrateRecord (file:///C:/Users/Juanjo/Desktop/Juegos/Foundry-daggerheart/Portable-FoundryVTT-v13.348/App/resources/app/dist/database/backend/server-document.mjs:1:3713)\n    at Function._migrateDocuments (file:///C:/Users/Juanjo/Desktop/Juegos/Foundry-daggerheart/Portable-FoundryVTT-v13.348/App/resources/app/dist/database/backend/server-document.mjs:1:2782)","timestamp":"2026-01-01 15:00:16"}
{"level":"error","message":"An error occurred during the migration of Item record [CQbmQH1Xqr1BjLWW] of database \"the-void-unofficial.domains\":\nError: Documents from a core version newer than the running version cannot be migrated\n    at Function._migrateRecord (file:///C:/Users/Juanjo/Desktop/Juegos/Foundry-daggerheart/Portable-FoundryVTT-v13.348/App/resources/app/dist/database/backend/server-document.mjs:1:3713)\n    at Function._migrateDocuments (file:///C:/Users/Juanjo/Desktop/Juegos/Foundry-daggerheart/Portable-FoundryVTT-v13.348/App/resources/app/dist/database/backend/server-document.mjs:1:2782)","timestamp":"2026-01-01 15:00:16"}
{"level":"error","message":"An error occurred during the migration of Item record [Du7UHRd0CweyuXil] of database \"the-void-unofficial.domains\":\nError: Documents from a core version newer than the running version cannot be migrated\n    at Function._migrateRecord (file:///C:/Users/Juanjo/Desktop/Juegos/Foundry-daggerheart/Portable-FoundryVTT-v13.348/App/resources/app/dist/database/backend/server-document.mjs:1:3713)\n    at Function._migrateDocuments (file:///C:/Users/Juanjo/Desktop/Juegos/Foundry-daggerheart/Portable-FoundryVTT-v13.348/App/resources/app/dist/database/backend/server-document.mjs:1:2782)","timestamp":"2026-01-01 15:00:16"}
{"level":"error","message":"An error occurred during the migration of Item record [LOPtjnPVjWQEzrZx] of database \"the-void-unofficial.domains\":\nError: Documents from a core version newer than the running version cannot be migrated\n    at Function._migrateRecord (file:///C:/Users/Juanjo/Desktop/Juegos/Foundry-daggerheart/Portable-FoundryVTT-v13.348/App/resources/app/dist/database/backend/server-document.mjs:1:3713)\n    at Function._migrateDocuments (file:///C:/Users/Juanjo/Desktop/Juegos/Foundry-daggerheart/Portable-FoundryVTT-v13.348/App/resources/app/dist/database/backend/server-document.mjs:1:2782)","timestamp":"2026-01-01 15:00:16"}
{"level":"error","message":"An error occurred during the migration of Item record [Q3RpYwdlDyCQPJHr] of database \"the-void-unofficial.domains\":\nError: Documents from a core version newer than the running version cannot be migrated\n    at Function._migrateRecord (file:///C:/Users/Juanjo/Desktop/Juegos/Foundry-daggerheart/Portable-FoundryVTT-v13.348/App/resources/app/dist/database/backend/server-document.mjs:1:3713)\n    at Function._migrateDocuments (file:///C:/Users/Juanjo/Desktop/Juegos/Foundry-daggerheart/Portable-FoundryVTT-v13.348/App/resources/app/dist/database/backend/server-document.mjs:1:2782)","timestamp":"2026-01-01 15:00:16"}
{"level":"error","message":"An error occurred during the migration of Item record [WAUpMdW2TD8KVusi] of database \"the-void-unofficial.domains\":\nError: Documents from a core version newer than the running version cannot be migrated\n    at Function._migrateRecord (file:///C:/Users/Juanjo/Desktop/Juegos/Foundry-daggerheart/Portable-FoundryVTT-v13.348/App/resources/app/dist/database/backend/server-document.mjs:1:3713)\n    at Function._migrateDocuments (file:///C:/Users/Juanjo/Desktop/Juegos/Foundry-daggerheart/Portable-FoundryVTT-v13.348/App/resources/app/dist/database/backend/server-document.mjs:1:2782)","timestamp":"2026-01-01 15:00:16"}
{"level":"error","message":"An error occurred during the migration of Item record [XGDsPevKx3P1mdpH] of database \"the-void-unofficial.domains\":\nError: Documents from a core version newer than the running version cannot be migrated\n    at Function._migrateRecord (file:///C:/Users/Juanjo/Desktop/Juegos/Foundry-daggerheart/Portable-FoundryVTT-v13.348/App/resources/app/dist/database/backend/server-document.mjs:1:3713)\n    at Function._migrateDocuments (file:///C:/Users/Juanjo/Desktop/Juegos/Foundry-daggerheart/Portable-FoundryVTT-v13.348/App/resources/app/dist/database/backend/server-document.mjs:1:2782)","timestamp":"2026-01-01 15:00:16"}
{"level":"error","message":"An error occurred during the migration of Item record [cOFRHlxyTtRlbumc] of database \"the-void-unofficial.domains\":\nError: Documents from a core version newer than the running version cannot be migrated\n    at Function._migrateRecord (file:///C:/Users/Juanjo/Desktop/Juegos/Foundry-daggerheart/Portable-FoundryVTT-v13.348/App/resources/app/dist/database/backend/server-document.mjs:1:3713)\n    at Function._migrateDocuments (file:///C:/Users/Juanjo/Desktop/Juegos/Foundry-daggerheart/Portable-FoundryVTT-v13.348/App/resources/app/dist/database/backend/server-document.mjs:1:2782)","timestamp":"2026-01-01 15:00:16"}
{"level":"error","message":"An error occurred during the migration of Item record [dVUQ7Rp9luM7Zekw] of database \"the-void-unofficial.domains\":\nError: Documents from a core version newer than the running version cannot be migrated\n    at Function._migrateRecord (file:///C:/Users/Juanjo/Desktop/Juegos/Foundry-daggerheart/Portable-FoundryVTT-v13.348/App/resources/app/dist/database/backend/server-document.mjs:1:3713)\n    at Function._migrateDocuments (file:///C:/Users/Juanjo/Desktop/Juegos/Foundry-daggerheart/Portable-FoundryVTT-v13.348/App/resources/app/dist/database/backend/server-document.mjs:1:2782)","timestamp":"2026-01-01 15:00:16"}
{"level":"error","message":"An error occurred during the migration of Item record [gSsxO2xiMxANuBIz] of database \"the-void-unofficial.domains\":\nError: Documents from a core version newer than the running version cannot be migrated\n    at Function._migrateRecord (file:///C:/Users/Juanjo/Desktop/Juegos/Foundry-daggerheart/Portable-FoundryVTT-v13.348/App/resources/app/dist/database/backend/server-document.mjs:1:3713)\n    at Function._migrateDocuments (file:///C:/Users/Juanjo/Desktop/Juegos/Foundry-daggerheart/Portable-FoundryVTT-v13.348/App/resources/app/dist/database/backend/server-document.mjs:1:2782)","timestamp":"2026-01-01 15:00:16"}
{"level":"error","message":"An error occurred during the migration of Item record [gaDhu9iAdChYFcm2] of database \"the-void-unofficial.domains\":\nError: Documents from a core version newer than the running version cannot be migrated\n    at Function._migrateRecord (file:///C:/Users/Juanjo/Desktop/Juegos/Foundry-daggerheart/Portable-FoundryVTT-v13.348/App/resources/app/dist/database/backend/server-document.mjs:1:3713)\n    at Function._migrateDocuments (file:///C:/Users/Juanjo/Desktop/Juegos/Foundry-daggerheart/Portable-FoundryVTT-v13.348/App/resources/app/dist/database/backend/server-document.mjs:1:2782)","timestamp":"2026-01-01 15:00:16"}
{"level":"error","message":"An error occurred during the migration of Item record [hmDOLwJEZlbuOKNT] of database \"the-void-unofficial.domains\":\nError: Documents from a core version newer than the running version cannot be migrated\n    at Function._migrateRecord (file:///C:/Users/Juanjo/Desktop/Juegos/Foundry-daggerheart/Portable-FoundryVTT-v13.348/App/resources/app/dist/database/backend/server-document.mjs:1:3713)\n    at Function._migrateDocuments (file:///C:/Users/Juanjo/Desktop/Juegos/Foundry-daggerheart/Portable-FoundryVTT-v13.348/App/resources/app/dist/database/backend/server-document.mjs:1:2782)","timestamp":"2026-01-01 15:00:16"}
{"level":"error","message":"An error occurred during the migration of Item record [lo8WVAuTWsAh6QBf] of database \"the-void-unofficial.domains\":\nError: Documents from a core version newer than the running version cannot be migrated\n    at Function._migrateRecord (file:///C:/Users/Juanjo/Desktop/Juegos/Foundry-daggerheart/Portable-FoundryVTT-v13.348/App/resources/app/dist/database/backend/server-document.mjs:1:3713)\n    at Function._migrateDocuments (file:///C:/Users/Juanjo/Desktop/Juegos/Foundry-daggerheart/Portable-FoundryVTT-v13.348/App/resources/app/dist/database/backend/server-document.mjs:1:2782)","timestamp":"2026-01-01 15:00:16"}
{"level":"error","message":"An error occurred during the migration of Item record [yGbgSMuL43quImEV] of database \"the-void-unofficial.domains\":\nError: Documents from a core version newer than the running version cannot be migrated\n    at Function._migrateRecord (file:///C:/Users/Juanjo/Desktop/Juegos/Foundry-daggerheart/Portable-FoundryVTT-v13.348/App/resources/app/dist/database/backend/server-document.mjs:1:3713)\n    at Function._migrateDocuments (file:///C:/Users/Juanjo/Desktop/Juegos/Foundry-daggerheart/Portable-FoundryVTT-v13.348/App/resources/app/dist/database/backend/server-document.mjs:1:2782)","timestamp":"2026-01-01 15:00:16"}
{"level":"warn","message":"Database the-void-unofficial.domains was not fully migrated due to errors during migration.","timestamp":"2026-01-01 15:00:16"}
{"level":"error","message":"An error occurred during the migration of Item record [cg2pnUEwJ7q4k28d] of database \"the-void-unofficial.weapons\":\nError: Documents from a core version newer than the running version cannot be migrated\n    at Function._migrateRecord (file:///C:/Users/Juanjo/Desktop/Juegos/Foundry-daggerheart/Portable-FoundryVTT-v13.348/App/resources/app/dist/database/backend/server-document.mjs:1:3713)\n    at Function._migrateDocuments (file:///C:/Users/Juanjo/Desktop/Juegos/Foundry-daggerheart/Portable-FoundryVTT-v13.348/App/resources/app/dist/database/backend/server-document.mjs:1:2782)","timestamp":"2026-01-01 15:00:16"}
{"level":"error","message":"An error occurred during the migration of Item record [lHFiIpH2lrBBaT4o] of database \"the-void-unofficial.weapons\":\nError: Documents from a core version newer than the running version cannot be migrated\n    at Function._migrateRecord (file:///C:/Users/Juanjo/Desktop/Juegos/Foundry-daggerheart/Portable-FoundryVTT-v13.348/App/resources/app/dist/database/backend/server-document.mjs:1:3713)\n    at Function._migrateDocuments (file:///C:/Users/Juanjo/Desktop/Juegos/Foundry-daggerheart/Portable-FoundryVTT-v13.348/App/resources/app/dist/database/backend/server-document.mjs:1:2782)","timestamp":"2026-01-01 15:00:16"}
{"level":"warn","message":"Database the-void-unofficial.weapons was not fully migrated due to errors during migration.","timestamp":"2026-01-01 15:00:16"}
{"level":"info","message":"Migrated RollTable record [BGNM2VPUyFfA5ZMJ] of database \"token-mold.adjectives\".","timestamp":"2026-01-01 15:00:16"}
{"level":"info","message":"Migrated RollTable record [H0BSHD6uCDodIT5x] of database \"token-mold.adjectives\".","timestamp":"2026-01-01 15:00:17"}
{"level":"info","message":"Migrated RollTable record [UP1c6ePegr8fXFOr] of database \"token-mold.adjectives\".","timestamp":"2026-01-01 15:00:17"}
{"level":"info","message":"Migrated RollTable record [V7AqF84KsZt56rC6] of database \"token-mold.adjectives\".","timestamp":"2026-01-01 15:00:17"}
{"level":"info","message":"Migrated RollTable record [flvS77gTJuTQjrJ9] of database \"token-mold.adjectives\".","timestamp":"2026-01-01 15:00:17"}
{"level":"info","message":"Migrated RollTable record [jsneDonuJ4Y0mk7f] of database \"token-mold.adjectives\".","timestamp":"2026-01-01 15:00:17"}
{"level":"info","message":"Migrated RollTable record [nrPtDYJkckptGsmr] of database \"token-mold.adjectives\".","timestamp":"2026-01-01 15:00:17"}
{"level":"info","message":"Persisting migrated RollTable record [BGNM2VPUyFfA5ZMJ] of database \"token-mold.adjectives\".","timestamp":"2026-01-01 15:00:17"}
{"level":"info","message":"Persisting migrated RollTable record [H0BSHD6uCDodIT5x] of database \"token-mold.adjectives\".","timestamp":"2026-01-01 15:00:17"}
{"level":"info","message":"Persisting migrated RollTable record [UP1c6ePegr8fXFOr] of database \"token-mold.adjectives\".","timestamp":"2026-01-01 15:00:17"}
{"level":"info","message":"Persisting migrated RollTable record [V7AqF84KsZt56rC6] of database \"token-mold.adjectives\".","timestamp":"2026-01-01 15:00:17"}
{"level":"info","message":"Persisting migrated RollTable record [flvS77gTJuTQjrJ9] of database \"token-mold.adjectives\".","timestamp":"2026-01-01 15:00:17"}
{"level":"info","message":"Persisting migrated RollTable record [jsneDonuJ4Y0mk7f] of database \"token-mold.adjectives\".","timestamp":"2026-01-01 15:00:17"}
{"level":"info","message":"Persisting migrated RollTable record [nrPtDYJkckptGsmr] of database \"token-mold.adjectives\".","timestamp":"2026-01-01 15:00:17"}
{"level":"info","message":"Completed migration of database \"token-mold.adjectives.\"","timestamp":"2026-01-01 15:00:17"}
{"level":"info","message":"Daggerheart update 1.4.4 is now available!","timestamp":"2026-01-01 15:00:18"}
{"level":"info","message":"Vended World data to User [sjVrMusZqwSBFvXT] in 359ms","timestamp":"2026-01-01 15:00:18"}
{"level":"info","message":"Created ChatMessage with id [zWUVZkxL0rOdrePg]","timestamp":"2026-01-01 15:00:19"}
{"level":"info","message":"Toggling game pause status to false","timestamp":"2026-01-01 15:00:19"}
{"level":"info","message":"Deleted ChatMessage with id [zWUVZkxL0rOdrePg]","timestamp":"2026-01-01 15:00:20"}
{"level":"info","message":"Created Setting with id [h9cNFZWcapXZpuVi]","timestamp":"2026-01-01 15:00:23"}
{"level":"info","message":"Created Token with id [7hm1Im7IlpCS7w7p] in parent Scene [Yqxyw4nFncHCHwoT]","timestamp":"2026-01-01 15:01:52"}
{"ip":"::ffff:192.168.18.77","level":"info","message":"User authentication successful for user Juanjo","session":"66eb9e1b3a368953a5ad4ad6","timestamp":"2026-01-01 15:02:00"}
{"level":"info","message":"Daggerheart update 1.4.4 is now available!","timestamp":"2026-01-01 15:02:01"}
{"level":"info","message":"Vended World data to User [tbPfLYIkcfydMgjn] in 475ms","timestamp":"2026-01-01 15:02:01"}
{"level":"info","message":"Created Token with id [R54RoeaxWmlh1YIx] in parent Scene [Yqxyw4nFncHCHwoT]","timestamp":"2026-01-01 15:02:11"}
{"level":"info","message":"Created Token with id [bRiD8Oam2iCHwkYU] in parent Scene [Yqxyw4nFncHCHwoT]","timestamp":"2026-01-01 15:02:27"}
{"level":"info","message":"Created Token with id [9Ve1KtkWKim2RRiF] in parent Scene [Yqxyw4nFncHCHwoT]","timestamp":"2026-01-01 15:03:23"}
{"level":"info","message":"Deleted 4 Token documents with ids: [R54RoeaxWmlh1YIx,7hm1Im7IlpCS7w7p,bRiD8Oam2iCHwkYU,9Ve1KtkWKim2RRiF] in parent Scene [Yqxyw4nFncHCHwoT]","timestamp":"2026-01-01 15:03:30"}
{"level":"info","message":"Created Token with id [Ta5kUv4kl1bB9V30] in parent Scene [Yqxyw4nFncHCHwoT]","timestamp":"2026-01-01 15:03:32"}
{"level":"info","message":"Created Token with id [aUwEhp8Kh7FNft8A] in parent Scene [Yqxyw4nFncHCHwoT]","timestamp":"2026-01-01 15:03:33"}
{"level":"info","message":"Created Token with id [ZkkazGe0TvpjOAXp] in parent Scene [Yqxyw4nFncHCHwoT]","timestamp":"2026-01-01 15:03:35"}
{"level":"info","message":"Created Token with id [TIQ9IcgX0q1Y4zD0] in parent Scene [Yqxyw4nFncHCHwoT]","timestamp":"2026-01-01 15:03:36"}
{"level":"info","message":"Created Token with id [dDGCcyDQR41FEYba] in parent Scene [Yqxyw4nFncHCHwoT]","timestamp":"2026-01-01 15:03:59"}
{"level":"info","message":"Deleted 18 Token documents in parent Scene [Yqxyw4nFncHCHwoT]","timestamp":"2026-01-01 15:04:21"}
{"level":"info","message":"Deleted 13 Token documents in parent Scene [mMW3iozzr4PI2aEX]","timestamp":"2026-01-01 15:04:42"}
{"level":"info","message":"Created Token with id [KQNhkKHYayKUMp04] in parent Scene [Yqxyw4nFncHCHwoT]","timestamp":"2026-01-01 15:05:08"}
{"level":"info","message":"Created Token with id [hKiGmRrVTakdZLlu] in parent Scene [Yqxyw4nFncHCHwoT]","timestamp":"2026-01-01 15:05:09"}
{"level":"info","message":"Created Token with id [t4hWMAzjnNFybtpX] in parent Scene [Yqxyw4nFncHCHwoT]","timestamp":"2026-01-01 15:05:10"}
{"level":"info","message":"Created Token with id [ksIuewadDLQXfqjU] in parent Scene [Yqxyw4nFncHCHwoT]","timestamp":"2026-01-01 15:05:10"}
{"level":"info","message":"Created Token with id [3AAJvp7YEjB81qHY] in parent Scene [Yqxyw4nFncHCHwoT]","timestamp":"2026-01-01 15:05:11"}
{"level":"info","message":"Created Token with id [GL8HiA3i4vCwlcJI] in parent Scene [Yqxyw4nFncHCHwoT]","timestamp":"2026-01-01 15:05:12"}
{"level":"info","message":"Created Token with id [ljEX68GETIjKJdd3] in parent Scene [Yqxyw4nFncHCHwoT]","timestamp":"2026-01-01 15:05:13"}
{"level":"info","message":"Created Token with id [NtUzDScgpxsg0DUd] in parent Scene [Yqxyw4nFncHCHwoT]","timestamp":"2026-01-01 15:05:15"}
{"level":"info","message":"Created Token with id [GeEQgDonXgohQmtV] in parent Scene [Yqxyw4nFncHCHwoT]","timestamp":"2026-01-01 15:05:16"}
{"level":"info","message":"Created Token with id [Vh5FnDdjjInfIy1L] in parent Scene [Yqxyw4nFncHCHwoT]","timestamp":"2026-01-01 15:05:17"}
{"level":"info","message":"Created Token with id [TMyT45Na0ki699ES] in parent Scene [Yqxyw4nFncHCHwoT]","timestamp":"2026-01-01 15:05:18"}
{"level":"info","message":"Created Token with id [vgbX9Kp8DlLb3qJh] in parent Scene [Yqxyw4nFncHCHwoT]","timestamp":"2026-01-01 15:05:19"}
{"level":"info","message":"Created Token with id [BrJYZB32PjqGcMuJ] in parent Scene [Yqxyw4nFncHCHwoT]","timestamp":"2026-01-01 15:07:08"}
{"level":"info","message":"Deleted 13 Token documents in parent Scene [Yqxyw4nFncHCHwoT]","timestamp":"2026-01-01 15:10:16"}
{"level":"info","message":"Created 0 Folder documents with ids: []","timestamp":"2026-01-01 15:10:29"}
{"level":"error","message":"An error occurred during the migration of Macro record [AksCh0ciaGx7BuyA] of database \"daggerheart-extra-content.macros\":\nError: Documents from a core version newer than the running version cannot be migrated\n    at Function._migrateRecord (file:///C:/Users/Juanjo/Desktop/Juegos/Foundry-daggerheart/Portable-FoundryVTT-v13.348/App/resources/app/dist/database/backend/server-document.mjs:1:3713)\n    at Function._migrateDocuments (file:///C:/Users/Juanjo/Desktop/Juegos/Foundry-daggerheart/Portable-FoundryVTT-v13.348/App/resources/app/dist/database/backend/server-document.mjs:1:2782)","timestamp":"2026-01-01 15:10:29"}
{"level":"error","message":"An error occurred during the migration of Macro record [Ek2uYtA3xm78MKEc] of database \"daggerheart-extra-content.macros\":\nError: Documents from a core version newer than the running version cannot be migrated\n    at Function._migrateRecord (file:///C:/Users/Juanjo/Desktop/Juegos/Foundry-daggerheart/Portable-FoundryVTT-v13.348/App/resources/app/dist/database/backend/server-document.mjs:1:3713)\n    at Function._migrateDocuments (file:///C:/Users/Juanjo/Desktop/Juegos/Foundry-daggerheart/Portable-FoundryVTT-v13.348/App/resources/app/dist/database/backend/server-document.mjs:1:2782)","timestamp":"2026-01-01 15:10:29"}
{"level":"error","message":"An error occurred during the migration of Macro record [FUXtgmbsROZ9EZ64] of database \"daggerheart-extra-content.macros\":\nError: Documents from a core version newer than the running version cannot be migrated\n    at Function._migrateRecord (file:///C:/Users/Juanjo/Desktop/Juegos/Foundry-daggerheart/Portable-FoundryVTT-v13.348/App/resources/app/dist/database/backend/server-document.mjs:1:3713)\n    at Function._migrateDocuments (file:///C:/Users/Juanjo/Desktop/Juegos/Foundry-daggerheart/Portable-FoundryVTT-v13.348/App/resources/app/dist/database/backend/server-document.mjs:1:2782)","timestamp":"2026-01-01 15:10:29"}
{"level":"error","message":"An error occurred during the migration of Macro record [KMIecMvorWDWynzv] of database \"daggerheart-extra-content.macros\":\nError: Documents from a core version newer than the running version cannot be migrated\n    at Function._migrateRecord (file:///C:/Users/Juanjo/Desktop/Juegos/Foundry-daggerheart/Portable-FoundryVTT-v13.348/App/resources/app/dist/database/backend/server-document.mjs:1:3713)\n    at Function._migrateDocuments (file:///C:/Users/Juanjo/Desktop/Juegos/Foundry-daggerheart/Portable-FoundryVTT-v13.348/App/resources/app/dist/database/backend/server-document.mjs:1:2782)","timestamp":"2026-01-01 15:10:29"}
{"level":"error","message":"An error occurred during the migration of Macro record [MrVaunevxMfD1jiI] of database \"daggerheart-extra-content.macros\":\nError: Documents from a core version newer than the running version cannot be migrated\n    at Function._migrateRecord (file:///C:/Users/Juanjo/Desktop/Juegos/Foundry-daggerheart/Portable-FoundryVTT-v13.348/App/resources/app/dist/database/backend/server-document.mjs:1:3713)\n    at Function._migrateDocuments (file:///C:/Users/Juanjo/Desktop/Juegos/Foundry-daggerheart/Portable-FoundryVTT-v13.348/App/resources/app/dist/database/backend/server-document.mjs:1:2782)","timestamp":"2026-01-01 15:10:29"}
{"level":"error","message":"An error occurred during the migration of Macro record [f4seowyhjSLdBpIw] of database \"daggerheart-extra-content.macros\":\nError: Documents from a core version newer than the running version cannot be migrated\n    at Function._migrateRecord (file:///C:/Users/Juanjo/Desktop/Juegos/Foundry-daggerheart/Portable-FoundryVTT-v13.348/App/resources/app/dist/database/backend/server-document.mjs:1:3713)\n    at Function._migrateDocuments (file:///C:/Users/Juanjo/Desktop/Juegos/Foundry-daggerheart/Portable-FoundryVTT-v13.348/App/resources/app/dist/database/backend/server-document.mjs:1:2782)","timestamp":"2026-01-01 15:10:29"}
{"level":"error","message":"An error occurred during the migration of Macro record [lCYBPohT8hPPOpeK] of database \"daggerheart-extra-content.macros\":\nError: Documents from a core version newer than the running version cannot be migrated\n    at Function._migrateRecord (file:///C:/Users/Juanjo/Desktop/Juegos/Foundry-daggerheart/Portable-FoundryVTT-v13.348/App/resources/app/dist/database/backend/server-document.mjs:1:3713)\n    at Function._migrateDocuments (file:///C:/Users/Juanjo/Desktop/Juegos/Foundry-daggerheart/Portable-FoundryVTT-v13.348/App/resources/app/dist/database/backend/server-document.mjs:1:2782)","timestamp":"2026-01-01 15:10:29"}
{"level":"error","message":"An error occurred during the migration of Macro record [mu2CD5fN0NvxcqYl] of database \"daggerheart-extra-content.macros\":\nError: Documents from a core version newer than the running version cannot be migrated\n    at Function._migrateRecord (file:///C:/Users/Juanjo/Desktop/Juegos/Foundry-daggerheart/Portable-FoundryVTT-v13.348/App/resources/app/dist/database/backend/server-document.mjs:1:3713)\n    at Function._migrateDocuments (file:///C:/Users/Juanjo/Desktop/Juegos/Foundry-daggerheart/Portable-FoundryVTT-v13.348/App/resources/app/dist/database/backend/server-document.mjs:1:2782)","timestamp":"2026-01-01 15:10:29"}
{"level":"error","message":"An error occurred during the migration of Macro record [zWi79s5QqaZnMMtX] of database \"daggerheart-extra-content.macros\":\nError: Documents from a core version newer than the running version cannot be migrated\n    at Function._migrateRecord (file:///C:/Users/Juanjo/Desktop/Juegos/Foundry-daggerheart/Portable-FoundryVTT-v13.348/App/resources/app/dist/database/backend/server-document.mjs:1:3713)\n    at Function._migrateDocuments (file:///C:/Users/Juanjo/Desktop/Juegos/Foundry-daggerheart/Portable-FoundryVTT-v13.348/App/resources/app/dist/database/backend/server-document.mjs:1:2782)","timestamp":"2026-01-01 15:10:29"}
{"level":"warn","message":"Database daggerheart-extra-content.macros was not fully migrated due to errors during migration.","timestamp":"2026-01-01 15:10:29"}
{"level":"error","message":"An error occurred during the migration of Actor record [2owady11IfU1vset] of database \"daggerheart-extra-content.more-adversaries\":\nError: Documents from a core version newer than the running version cannot be migrated\n    at Function._migrateRecord (file:///C:/Users/Juanjo/Desktop/Juegos/Foundry-daggerheart/Portable-FoundryVTT-v13.348/App/resources/app/dist/database/backend/server-document.mjs:1:3713)\n    at Function._migrateDocuments (file:///C:/Users/Juanjo/Desktop/Juegos/Foundry-daggerheart/Portable-FoundryVTT-v13.348/App/resources/app/dist/database/backend/server-document.mjs:1:2782)","timestamp":"2026-01-01 15:10:29"}
{"level":"error","message":"An error occurred during the migration of Actor record [3wZn34orKgheuXnE] of database \"daggerheart-extra-content.more-adversaries\":\nError: Documents from a core version newer than the running version cannot be migrated\n    at Function._migrateRecord (file:///C:/Users/Juanjo/Desktop/Juegos/Foundry-daggerheart/Portable-FoundryVTT-v13.348/App/resources/app/dist/database/backend/server-document.mjs:1:3713)\n    at Function._migrateDocuments (file:///C:/Users/Juanjo/Desktop/Juegos/Foundry-daggerheart/Portable-FoundryVTT-v13.348/App/resources/app/dist/database/backend/server-document.mjs:1:2782)","timestamp":"2026-01-01 15:10:29"}
{"level":"error","message":"An error occurred during the migration of Actor record [4GkDrUgRyp9FHTAN] of database \"daggerheart-extra-content.more-adversaries\":\nError: Documents from a core version newer than the running version cannot be migrated\n    at Function._migrateRecord (file:///C:/Users/Juanjo/Desktop/Juegos/Foundry-daggerheart/Portable-FoundryVTT-v13.348/App/resources/app/dist/database/backend/server-document.mjs:1:3713)\n    at Function._migrateDocuments (file:///C:/Users/Juanjo/Desktop/Juegos/Foundry-daggerheart/Portable-FoundryVTT-v13.348/App/resources/app/dist/database/backend/server-document.mjs:1:2782)","timestamp":"2026-01-01 15:10:29"}
{"level":"error","message":"An error occurred during the migration of Actor record [6wxPxm4joQnoIjdX] of database \"daggerheart-extra-content.more-adversaries\":\nError: Documents from a core version newer than the running version cannot be migrated\n    at Function._migrateRecord (file:///C:/Users/Juanjo/Desktop/Juegos/Foundry-daggerheart/Portable-FoundryVTT-v13.348/App/resources/app/dist/database/backend/server-document.mjs:1:3713)\n    at Function._migrateDocuments (file:///C:/Users/Juanjo/Desktop/Juegos/Foundry-daggerheart/Portable-FoundryVTT-v13.348/App/resources/app/dist/database/backend/server-document.mjs:1:2782)","timestamp":"2026-01-01 15:10:29"}
{"level":"error","message":"An error occurred during the migration of Actor record [CBjyTRc9xNjmDAM4] of database \"daggerheart-extra-content.more-adversaries\":\nError: Documents from a core version newer than the running version cannot be migrated\n    at Function._migrateRecord (file:///C:/Users/Juanjo/Desktop/Juegos/Foundry-daggerheart/Portable-FoundryVTT-v13.348/App/resources/app/dist/database/backend/server-document.mjs:1:3713)\n    at Function._migrateDocuments (file:///C:/Users/Juanjo/Desktop/Juegos/Foundry-daggerheart/Portable-FoundryVTT-v13.348/App/resources/app/dist/database/backend/server-document.mjs:1:2782)","timestamp":"2026-01-01 15:10:29"}
{"level":"error","message":"An error occurred during the migration of Actor record [D2mYxxduZN4h55cD] of database \"daggerheart-extra-content.more-adversaries\":\nError: Documents from a core version newer than the running version cannot be migrated\n    at Function._migrateRecord (file:///C:/Users/Juanjo/Desktop/Juegos/Foundry-daggerheart/Portable-FoundryVTT-v13.348/App/resources/app/dist/database/backend/server-document.mjs:1:3713)\n    at Function._migrateDocuments (file:///C:/Users/Juanjo/Desktop/Juegos/Foundry-daggerheart/Portable-FoundryVTT-v13.348/App/resources/app/dist/database/backend/server-document.mjs:1:2782)","timestamp":"2026-01-01 15:10:29"}
{"level":"error","message":"An error occurred during the migration of Actor record [GZeCYbWDzYS2iCF9] of database \"daggerheart-extra-content.more-adversaries\":\nError: Documents from a core version newer than the running version cannot be migrated\n    at Function._migrateRecord (file:///C:/Users/Juanjo/Desktop/Juegos/Foundry-daggerheart/Portable-FoundryVTT-v13.348/App/resources/app/dist/database/backend/server-document.mjs:1:3713)\n    at Function._migrateDocuments (file:///C:/Users/Juanjo/Desktop/Juegos/Foundry-daggerheart/Portable-FoundryVTT-v13.348/App/resources/app/dist/database/backend/server-document.mjs:1:2782)","timestamp":"2026-01-01 15:10:29"}
{"level":"error","message":"An error occurred during the migration of Actor record [HFoDDFrRRoLOx6rS] of database \"daggerheart-extra-content.more-adversaries\":\nError: Documents from a core version newer than the running version cannot be migrated\n    at Function._migrateRecord (file:///C:/Users/Juanjo/Desktop/Juegos/Foundry-daggerheart/Portable-FoundryVTT-v13.348/App/resources/app/dist/database/backend/server-document.mjs:1:3713)\n    at Function._migrateDocuments (file:///C:/Users/Juanjo/Desktop/Juegos/Foundry-daggerheart/Portable-FoundryVTT-v13.348/App/resources/app/dist/database/backend/server-document.mjs:1:2782)","timestamp":"2026-01-01 15:10:29"}
{"level":"error","message":"An error occurred during the migration of Actor record [Je6XBGhfDKSY3DEk] of database \"daggerheart-extra-content.more-adversaries\":\nError: Documents from a core version newer than the running version cannot be migrated\n    at Function._migrateRecord (file:///C:/Users/Juanjo/Desktop/Juegos/Foundry-daggerheart/Portable-FoundryVTT-v13.348/App/resources/app/dist/database/backend/server-document.mjs:1:3713)\n    at Function._migrateDocuments (file:///C:/Users/Juanjo/Desktop/Juegos/Foundry-daggerheart/Portable-FoundryVTT-v13.348/App/resources/app/dist/database/backend/server-document.mjs:1:2782)","timestamp":"2026-01-01 15:10:29"}
{"level":"error","message":"An error occurred during the migration of Actor record [RIpmM1hiW9aRSlR5] of database \"daggerheart-extra-content.more-adversaries\":\nError: Documents from a core version newer than the running version cannot be migrated\n    at Function._migrateRecord (file:///C:/Users/Juanjo/Desktop/Juegos/Foundry-daggerheart/Portable-FoundryVTT-v13.348/App/resources/app/dist/database/backend/server-document.mjs:1:3713)\n    at Function._migrateDocuments (file:///C:/Users/Juanjo/Desktop/Juegos/Foundry-daggerheart/Portable-FoundryVTT-v13.348/App/resources/app/dist/database/backend/server-document.mjs:1:2782)","timestamp":"2026-01-01 15:10:29"}
{"level":"error","message":"An error occurred during the migration of Actor record [RlIaKDY410J1Braw] of database \"daggerheart-extra-content.more-adversaries\":\nError: Documents from a core version newer than the running version cannot be migrated\n    at Function._migrateRecord (file:///C:/Users/Juanjo/Desktop/Juegos/Foundry-daggerheart/Portable-FoundryVTT-v13.348/App/resources/app/dist/database/backend/server-document.mjs:1:3713)\n    at Function._migrateDocuments (file:///C:/Users/Juanjo/Desktop/Juegos/Foundry-daggerheart/Portable-FoundryVTT-v13.348/App/resources/app/dist/database/backend/server-document.mjs:1:2782)","timestamp":"2026-01-01 15:10:29"}
{"level":"error","message":"An error occurred during the migration of Actor record [Uu7RvfCQnjz6CNhI] of database \"daggerheart-extra-content.more-adversaries\":\nError: Documents from a core version newer than the running version cannot be migrated\n    at Function._migrateRecord (file:///C:/Users/Juanjo/Desktop/Juegos/Foundry-daggerheart/Portable-FoundryVTT-v13.348/App/resources/app/dist/database/backend/server-document.mjs:1:3713)\n    at Function._migrateDocuments (file:///C:/Users/Juanjo/Desktop/Juegos/Foundry-daggerheart/Portable-FoundryVTT-v13.348/App/resources/app/dist/database/backend/server-document.mjs:1:2782)","timestamp":"2026-01-01 15:10:29"}
{"level":"error","message":"An error occurred during the migration of Actor record [dz7P6qQlXyDH34fj] of database \"daggerheart-extra-content.more-adversaries\":\nError: Documents from a core version newer than the running version cannot be migrated\n    at Function._migrateRecord (file:///C:/Users/Juanjo/Desktop/Juegos/Foundry-daggerheart/Portable-FoundryVTT-v13.348/App/resources/app/dist/database/backend/server-document.mjs:1:3713)\n    at Function._migrateDocuments (file:///C:/Users/Juanjo/Desktop/Juegos/Foundry-daggerheart/Portable-FoundryVTT-v13.348/App/resources/app/dist/database/backend/server-document.mjs:1:2782)","timestamp":"2026-01-01 15:10:29"}
{"level":"error","message":"An error occurred during the migration of Actor record [eQ87jrVECayfpio3] of database \"daggerheart-extra-content.more-adversaries\":\nError: Documents from a core version newer than the running version cannot be migrated\n    at Function._migrateRecord (file:///C:/Users/Juanjo/Desktop/Juegos/Foundry-daggerheart/Portable-FoundryVTT-v13.348/App/resources/app/dist/database/backend/server-document.mjs:1:3713)\n    at Function._migrateDocuments (file:///C:/Users/Juanjo/Desktop/Juegos/Foundry-daggerheart/Portable-FoundryVTT-v13.348/App/resources/app/dist/database/backend/server-document.mjs:1:2782)","timestamp":"2026-01-01 15:10:29"}
{"level":"error","message":"An error occurred during the migration of Actor record [f7a0iCjxLOcnoOry] of database \"daggerheart-extra-content.more-adversaries\":\nError: Documents from a core version newer than the running version cannot be migrated\n    at Function._migrateRecord (file:///C:/Users/Juanjo/Desktop/Juegos/Foundry-daggerheart/Portable-FoundryVTT-v13.348/App/resources/app/dist/database/backend/server-document.mjs:1:3713)\n    at Function._migrateDocuments (file:///C:/Users/Juanjo/Desktop/Juegos/Foundry-daggerheart/Portable-FoundryVTT-v13.348/App/resources/app/dist/database/backend/server-document.mjs:1:2782)","timestamp":"2026-01-01 15:10:29"}
{"level":"error","message":"An error occurred during the migration of Actor record [j0ncG4oNxG6c7CoZ] of database \"daggerheart-extra-content.more-adversaries\":\nError: Documents from a core version newer than the running version cannot be migrated\n    at Function._migrateRecord (file:///C:/Users/Juanjo/Desktop/Juegos/Foundry-daggerheart/Portable-FoundryVTT-v13.348/App/resources/app/dist/database/backend/server-document.mjs:1:3713)\n    at Function._migrateDocuments (file:///C:/Users/Juanjo/Desktop/Juegos/Foundry-daggerheart/Portable-FoundryVTT-v13.348/App/resources/app/dist/database/backend/server-document.mjs:1:2782)","timestamp":"2026-01-01 15:10:29"}
{"level":"error","message":"An error occurred during the migration of Actor record [n7SBEHvb48tFamKO] of database \"daggerheart-extra-content.more-adversaries\":\nError: Documents from a core version newer than the running version cannot be migrated\n    at Function._migrateRecord (file:///C:/Users/Juanjo/Desktop/Juegos/Foundry-daggerheart/Portable-FoundryVTT-v13.348/App/resources/app/dist/database/backend/server-document.mjs:1:3713)\n    at Function._migrateDocuments (file:///C:/Users/Juanjo/Desktop/Juegos/Foundry-daggerheart/Portable-FoundryVTT-v13.348/App/resources/app/dist/database/backend/server-document.mjs:1:2782)","timestamp":"2026-01-01 15:10:29"}
{"level":"error","message":"An error occurred during the migration of Actor record [p7LYTbyuPUNisLQ5] of database \"daggerheart-extra-content.more-adversaries\":\nError: Documents from a core version newer than the running version cannot be migrated\n    at Function._migrateRecord (file:///C:/Users/Juanjo/Desktop/Juegos/Foundry-daggerheart/Portable-FoundryVTT-v13.348/App/resources/app/dist/database/backend/server-document.mjs:1:3713)\n    at Function._migrateDocuments (file:///C:/Users/Juanjo/Desktop/Juegos/Foundry-daggerheart/Portable-FoundryVTT-v13.348/App/resources/app/dist/database/backend/server-document.mjs:1:2782)","timestamp":"2026-01-01 15:10:29"}
{"level":"error","message":"An error occurred during the migration of Actor record [pCEWxOqd7C0B9DxO] of database \"daggerheart-extra-content.more-adversaries\":\nError: Documents from a core version newer than the running version cannot be migrated\n    at Function._migrateRecord (file:///C:/Users/Juanjo/Desktop/Juegos/Foundry-daggerheart/Portable-FoundryVTT-v13.348/App/resources/app/dist/database/backend/server-document.mjs:1:3713)\n    at Function._migrateDocuments (file:///C:/Users/Juanjo/Desktop/Juegos/Foundry-daggerheart/Portable-FoundryVTT-v13.348/App/resources/app/dist/database/backend/server-document.mjs:1:2782)","timestamp":"2026-01-01 15:10:29"}
{"level":"error","message":"An error occurred during the migration of Actor record [pCkMBn3zgF4WA1zz] of database \"daggerheart-extra-content.more-adversaries\":\nError: Documents from a core version newer than the running version cannot be migrated\n    at Function._migrateRecord (file:///C:/Users/Juanjo/Desktop/Juegos/Foundry-daggerheart/Portable-FoundryVTT-v13.348/App/resources/app/dist/database/backend/server-document.mjs:1:3713)\n    at Function._migrateDocuments (file:///C:/Users/Juanjo/Desktop/Juegos/Foundry-daggerheart/Portable-FoundryVTT-v13.348/App/resources/app/dist/database/backend/server-document.mjs:1:2782)","timestamp":"2026-01-01 15:10:29"}
{"level":"error","message":"An error occurred during the migration of Actor record [sEtsUW24RgFB83TQ] of database \"daggerheart-extra-content.more-adversaries\":\nError: Documents from a core version newer than the running version cannot be migrated\n    at Function._migrateRecord (file:///C:/Users/Juanjo/Desktop/Juegos/Foundry-daggerheart/Portable-FoundryVTT-v13.348/App/resources/app/dist/database/backend/server-document.mjs:1:3713)\n    at Function._migrateDocuments (file:///C:/Users/Juanjo/Desktop/Juegos/Foundry-daggerheart/Portable-FoundryVTT-v13.348/App/resources/app/dist/database/backend/server-document.mjs:1:2782)","timestamp":"2026-01-01 15:10:29"}
{"level":"error","message":"An error occurred during the migration of Actor record [sKqhR4Gzsc953DBq] of database \"daggerheart-extra-content.more-adversaries\":\nError: Documents from a core version newer than the running version cannot be migrated\n    at Function._migrateRecord (file:///C:/Users/Juanjo/Desktop/Juegos/Foundry-daggerheart/Portable-FoundryVTT-v13.348/App/resources/app/dist/database/backend/server-document.mjs:1:3713)\n    at Function._migrateDocuments (file:///C:/Users/Juanjo/Desktop/Juegos/Foundry-daggerheart/Portable-FoundryVTT-v13.348/App/resources/app/dist/database/backend/server-document.mjs:1:2782)","timestamp":"2026-01-01 15:10:29"}
{"level":"warn","message":"Database daggerheart-extra-content.more-adversaries was not fully migrated due to errors during migration.","timestamp":"2026-01-01 15:10:29"}
{"level":"error","message":"An error occurred during the migration of Item record [04I86qVoEQ310sCR] of database \"daggerheart-extra-content.ancestry\":\nError: Documents from a core version newer than the running version cannot be migrated\n    at Function._migrateRecord (file:///C:/Users/Juanjo/Desktop/Juegos/Foundry-daggerheart/Portable-FoundryVTT-v13.348/App/resources/app/dist/database/backend/server-document.mjs:1:3713)\n    at Function._migrateDocuments (file:///C:/Users/Juanjo/Desktop/Juegos/Foundry-daggerheart/Portable-FoundryVTT-v13.348/App/resources/app/dist/database/backend/server-document.mjs:1:2782)","timestamp":"2026-01-01 15:10:29"}
{"level":"error","message":"An error occurred during the migration of Item record [2zyMaehKcKOEGM4E] of database \"daggerheart-extra-content.ancestry\":\nError: Documents from a core version newer than the running version cannot be migrated\n    at Function._migrateRecord (file:///C:/Users/Juanjo/Desktop/Juegos/Foundry-daggerheart/Portable-FoundryVTT-v13.348/App/resources/app/dist/database/backend/server-document.mjs:1:3713)\n    at Function._migrateDocuments (file:///C:/Users/Juanjo/Desktop/Juegos/Foundry-daggerheart/Portable-FoundryVTT-v13.348/App/resources/app/dist/database/backend/server-document.mjs:1:2782)","timestamp":"2026-01-01 15:10:29"}
{"level":"error","message":"An error occurred during the migration of Item record [Fc3hqveUPZNSVSk7] of database \"daggerheart-extra-content.ancestry\":\nError: Documents from a core version newer than the running version cannot be migrated\n    at Function._migrateRecord (file:///C:/Users/Juanjo/Desktop/Juegos/Foundry-daggerheart/Portable-FoundryVTT-v13.348/App/resources/app/dist/database/backend/server-document.mjs:1:3713)\n    at Function._migrateDocuments (file:///C:/Users/Juanjo/Desktop/Juegos/Foundry-daggerheart/Portable-FoundryVTT-v13.348/App/resources/app/dist/database/backend/server-document.mjs:1:2782)","timestamp":"2026-01-01 15:10:29"}
{"level":"error","message":"An error occurred during the migration of Item record [QbBbdOgrtxEIWQHB] of database \"daggerheart-extra-content.ancestry\":\nError: Documents from a core version newer than the running version cannot be migrated\n    at Function._migrateRecord (file:///C:/Users/Juanjo/Desktop/Juegos/Foundry-daggerheart/Portable-FoundryVTT-v13.348/App/resources/app/dist/database/backend/server-document.mjs:1:3713)\n    at Function._migrateDocuments (file:///C:/Users/Juanjo/Desktop/Juegos/Foundry-daggerheart/Portable-FoundryVTT-v13.348/App/resources/app/dist/database/backend/server-document.mjs:1:2782)","timestamp":"2026-01-01 15:10:29"}
{"level":"error","message":"An error occurred during the migration of Item record [WOHi9gvF8Ha10EnF] of database \"daggerheart-extra-content.ancestry\":\nError: Documents from a core version newer than the running version cannot be migrated\n    at Function._migrateRecord (file:///C:/Users/Juanjo/Desktop/Juegos/Foundry-daggerheart/Portable-FoundryVTT-v13.348/App/resources/app/dist/database/backend/server-document.mjs:1:3713)\n    at Function._migrateDocuments (file:///C:/Users/Juanjo/Desktop/Juegos/Foundry-daggerheart/Portable-FoundryVTT-v13.348/App/resources/app/dist/database/backend/server-document.mjs:1:2782)","timestamp":"2026-01-01 15:10:29"}
{"level":"error","message":"An error occurred during the migration of Item record [jP4n9wzq0wvfxULo] of database \"daggerheart-extra-content.ancestry\":\nError: Documents from a core version newer than the running version cannot be migrated\n    at Function._migrateRecord (file:///C:/Users/Juanjo/Desktop/Juegos/Foundry-daggerheart/Portable-FoundryVTT-v13.348/App/resources/app/dist/database/backend/server-document.mjs:1:3713)\n    at Function._migrateDocuments (file:///C:/Users/Juanjo/Desktop/Juegos/Foundry-daggerheart/Portable-FoundryVTT-v13.348/App/resources/app/dist/database/backend/server-document.mjs:1:2782)","timestamp":"2026-01-01 15:10:29"}
{"level":"error","message":"An error occurred during the migration of Item record [pjtNmhoBNxjrzRPk] of database \"daggerheart-extra-content.ancestry\":\nError: Documents from a core version newer than the running version cannot be migrated\n    at Function._migrateRecord (file:///C:/Users/Juanjo/Desktop/Juegos/Foundry-daggerheart/Portable-FoundryVTT-v13.348/App/resources/app/dist/database/backend/server-document.mjs:1:3713)\n    at Function._migrateDocuments (file:///C:/Users/Juanjo/Desktop/Juegos/Foundry-daggerheart/Portable-FoundryVTT-v13.348/App/resources/app/dist/database/backend/server-document.mjs:1:2782)","timestamp":"2026-01-01 15:10:29"}
{"level":"error","message":"An error occurred during the migration of Item record [vWfsYRjrKPUne2nZ] of database \"daggerheart-extra-content.ancestry\":\nError: Documents from a core version newer than the running version cannot be migrated\n    at Function._migrateRecord (file:///C:/Users/Juanjo/Desktop/Juegos/Foundry-daggerheart/Portable-FoundryVTT-v13.348/App/resources/app/dist/database/backend/server-document.mjs:1:3713)\n    at Function._migrateDocuments (file:///C:/Users/Juanjo/Desktop/Juegos/Foundry-daggerheart/Portable-FoundryVTT-v13.348/App/resources/app/dist/database/backend/server-document.mjs:1:2782)","timestamp":"2026-01-01 15:10:29"}
{"level":"error","message":"An error occurred during the migration of Item record [y4tOp4lUYpyC7YJW] of database \"daggerheart-extra-content.ancestry\":\nError: Documents from a core version newer than the running version cannot be migrated\n    at Function._migrateRecord (file:///C:/Users/Juanjo/Desktop/Juegos/Foundry-daggerheart/Portable-FoundryVTT-v13.348/App/resources/app/dist/database/backend/server-document.mjs:1:3713)\n    at Function._migrateDocuments (file:///C:/Users/Juanjo/Desktop/Juegos/Foundry-daggerheart/Portable-FoundryVTT-v13.348/App/resources/app/dist/database/backend/server-document.mjs:1:2782)","timestamp":"2026-01-01 15:10:29"}
{"level":"warn","message":"Database daggerheart-extra-content.ancestry was not fully migrated due to errors during migration.","timestamp":"2026-01-01 15:10:29"}
{"level":"error","message":"An error occurred during the migration of Item record [8D0NQR901j0Kx0zb] of database \"daggerheart-extra-content.classes\":\nError: Documents from a core version newer than the running version cannot be migrated\n    at Function._migrateRecord (file:///C:/Users/Juanjo/Desktop/Juegos/Foundry-daggerheart/Portable-FoundryVTT-v13.348/App/resources/app/dist/database/backend/server-document.mjs:1:3713)\n    at Function._migrateDocuments (file:///C:/Users/Juanjo/Desktop/Juegos/Foundry-daggerheart/Portable-FoundryVTT-v13.348/App/resources/app/dist/database/backend/server-document.mjs:1:2782)","timestamp":"2026-01-01 15:10:29"}
{"level":"error","message":"An error occurred during the migration of Item record [B90E3nk0uBeZpPw8] of database \"daggerheart-extra-content.classes\":\nError: Documents from a core version newer than the running version cannot be migrated\n    at Function._migrateRecord (file:///C:/Users/Juanjo/Desktop/Juegos/Foundry-daggerheart/Portable-FoundryVTT-v13.348/App/resources/app/dist/database/backend/server-document.mjs:1:3713)\n    at Function._migrateDocuments (file:///C:/Users/Juanjo/Desktop/Juegos/Foundry-daggerheart/Portable-FoundryVTT-v13.348/App/resources/app/dist/database/backend/server-document.mjs:1:2782)","timestamp":"2026-01-01 15:10:29"}
{"level":"error","message":"An error occurred during the migration of Item record [E5d3CnR98vEXt8QS] of database \"daggerheart-extra-content.classes\":\nError: Documents from a core version newer than the running version cannot be migrated\n    at Function._migrateRecord (file:///C:/Users/Juanjo/Desktop/Juegos/Foundry-daggerheart/Portable-FoundryVTT-v13.348/App/resources/app/dist/database/backend/server-document.mjs:1:3713)\n    at Function._migrateDocuments (file:///C:/Users/Juanjo/Desktop/Juegos/Foundry-daggerheart/Portable-FoundryVTT-v13.348/App/resources/app/dist/database/backend/server-document.mjs:1:2782)","timestamp":"2026-01-01 15:10:29"}
{"level":"error","message":"An error occurred during the migration of Item record [EcUepPeaFQz7tnme] of database \"daggerheart-extra-content.classes\":\nError: Documents from a core version newer than the running version cannot be migrated\n    at Function._migrateRecord (file:///C:/Users/Juanjo/Desktop/Juegos/Foundry-daggerheart/Portable-FoundryVTT-v13.348/App/resources/app/dist/database/backend/server-document.mjs:1:3713)\n    at Function._migrateDocuments (file:///C:/Users/Juanjo/Desktop/Juegos/Foundry-daggerheart/Portable-FoundryVTT-v13.348/App/resources/app/dist/database/backend/server-document.mjs:1:2782)","timestamp":"2026-01-01 15:10:29"}
{"level":"error","message":"An error occurred during the migration of Item record [MAT6l8tUvELiLK4L] of database \"daggerheart-extra-content.classes\":\nError: Documents from a core version newer than the running version cannot be migrated\n    at Function._migrateRecord (file:///C:/Users/Juanjo/Desktop/Juegos/Foundry-daggerheart/Portable-FoundryVTT-v13.348/App/resources/app/dist/database/backend/server-document.mjs:1:3713)\n    at Function._migrateDocuments (file:///C:/Users/Juanjo/Desktop/Juegos/Foundry-daggerheart/Portable-FoundryVTT-v13.348/App/resources/app/dist/database/backend/server-document.mjs:1:2782)","timestamp":"2026-01-01 15:10:29"}
{"level":"error","message":"An error occurred during the migration of Item record [N4mXcAWdpFYJdWZn] of database \"daggerheart-extra-content.classes\":\nError: Documents from a core version newer than the running version cannot be migrated\n    at Function._migrateRecord (file:///C:/Users/Juanjo/Desktop/Juegos/Foundry-daggerheart/Portable-FoundryVTT-v13.348/App/resources/app/dist/database/backend/server-document.mjs:1:3713)\n    at Function._migrateDocuments (file:///C:/Users/Juanjo/Desktop/Juegos/Foundry-daggerheart/Portable-FoundryVTT-v13.348/App/resources/app/dist/database/backend/server-document.mjs:1:2782)","timestamp":"2026-01-01 15:10:29"}
{"level":"error","message":"An error occurred during the migration of Item record [g01PAvRJsgiUHpnD] of database \"daggerheart-extra-content.classes\":\nError: Documents from a core version newer than the running version cannot be migrated\n    at Function._migrateRecord (file:///C:/Users/Juanjo/Desktop/Juegos/Foundry-daggerheart/Portable-FoundryVTT-v13.348/App/resources/app/dist/database/backend/server-document.mjs:1:3713)\n    at Function._migrateDocuments (file:///C:/Users/Juanjo/Desktop/Juegos/Foundry-daggerheart/Portable-FoundryVTT-v13.348/App/resources/app/dist/database/backend/server-document.mjs:1:2782)","timestamp":"2026-01-01 15:10:29"}
{"level":"error","message":"An error occurred during the migration of Item record [hXehaNaOdYzSJqxf] of database \"daggerheart-extra-content.classes\":\nError: Documents from a core version newer than the running version cannot be migrated\n    at Function._migrateRecord (file:///C:/Users/Juanjo/Desktop/Juegos/Foundry-daggerheart/Portable-FoundryVTT-v13.348/App/resources/app/dist/database/backend/server-document.mjs:1:3713)\n    at Function._migrateDocuments (file:///C:/Users/Juanjo/Desktop/Juegos/Foundry-daggerheart/Portable-FoundryVTT-v13.348/App/resources/app/dist/database/backend/server-document.mjs:1:2782)","timestamp":"2026-01-01 15:10:29"}
{"level":"error","message":"An error occurred during the migration of Item record [k4NTq8kIqQNNv9bl] of database \"daggerheart-extra-content.classes\":\nError: Documents from a core version newer than the running version cannot be migrated\n    at Function._migrateRecord (file:///C:/Users/Juanjo/Desktop/Juegos/Foundry-daggerheart/Portable-FoundryVTT-v13.348/App/resources/app/dist/database/backend/server-document.mjs:1:3713)\n    at Function._migrateDocuments (file:///C:/Users/Juanjo/Desktop/Juegos/Foundry-daggerheart/Portable-FoundryVTT-v13.348/App/resources/app/dist/database/backend/server-document.mjs:1:2782)","timestamp":"2026-01-01 15:10:29"}
{"level":"error","message":"An error occurred during the migration of Item record [m0xIb9uq6tlZdsoz] of database \"daggerheart-extra-content.classes\":\nError: Documents from a core version newer than the running version cannot be migrated\n    at Function._migrateRecord (file:///C:/Users/Juanjo/Desktop/Juegos/Foundry-daggerheart/Portable-FoundryVTT-v13.348/App/resources/app/dist/database/backend/server-document.mjs:1:3713)\n    at Function._migrateDocuments (file:///C:/Users/Juanjo/Desktop/Juegos/Foundry-daggerheart/Portable-FoundryVTT-v13.348/App/resources/app/dist/database/backend/server-document.mjs:1:2782)","timestamp":"2026-01-01 15:10:29"}
{"level":"error","message":"An error occurred during the migration of Item record [mYoYtle6DKA0UwQd] of database \"daggerheart-extra-content.classes\":\nError: Documents from a core version newer than the running version cannot be migrated\n    at Function._migrateRecord (file:///C:/Users/Juanjo/Desktop/Juegos/Foundry-daggerheart/Portable-FoundryVTT-v13.348/App/resources/app/dist/database/backend/server-document.mjs:1:3713)\n    at Function._migrateDocuments (file:///C:/Users/Juanjo/Desktop/Juegos/Foundry-daggerheart/Portable-FoundryVTT-v13.348/App/resources/app/dist/database/backend/server-document.mjs:1:2782)","timestamp":"2026-01-01 15:10:29"}
{"level":"error","message":"An error occurred during the migration of Item record [xGemeGMXhosaM22K] of database \"daggerheart-extra-content.classes\":\nError: Documents from a core version newer than the running version cannot be migrated\n    at Function._migrateRecord (file:///C:/Users/Juanjo/Desktop/Juegos/Foundry-daggerheart/Portable-FoundryVTT-v13.348/App/resources/app/dist/database/backend/server-document.mjs:1:3713)\n    at Function._migrateDocuments (file:///C:/Users/Juanjo/Desktop/Juegos/Foundry-daggerheart/Portable-FoundryVTT-v13.348/App/resources/app/dist/database/backend/server-document.mjs:1:2782)","timestamp":"2026-01-01 15:10:29"}
{"level":"error","message":"An error occurred during the migration of Item record [zzaKRTPuYEahfilp] of database \"daggerheart-extra-content.classes\":\nError: Documents from a core version newer than the running version cannot be migrated\n    at Function._migrateRecord (file:///C:/Users/Juanjo/Desktop/Juegos/Foundry-daggerheart/Portable-FoundryVTT-v13.348/App/resources/app/dist/database/backend/server-document.mjs:1:3713)\n    at Function._migrateDocuments (file:///C:/Users/Juanjo/Desktop/Juegos/Foundry-daggerheart/Portable-FoundryVTT-v13.348/App/resources/app/dist/database/backend/server-document.mjs:1:2782)","timestamp":"2026-01-01 15:10:29"}
{"level":"warn","message":"Database daggerheart-extra-content.classes was not fully migrated due to errors during migration.","timestamp":"2026-01-01 15:10:29"}
{"level":"error","message":"An error occurred during the migration of Item record [0YAGrauVMvqpHUou] of database \"daggerheart-extra-content.subclasses\":\nError: Documents from a core version newer than the running version cannot be migrated\n    at Function._migrateRecord (file:///C:/Users/Juanjo/Desktop/Juegos/Foundry-daggerheart/Portable-FoundryVTT-v13.348/App/resources/app/dist/database/backend/server-document.mjs:1:3713)\n    at Function._migrateDocuments (file:///C:/Users/Juanjo/Desktop/Juegos/Foundry-daggerheart/Portable-FoundryVTT-v13.348/App/resources/app/dist/database/backend/server-document.mjs:1:2782)","timestamp":"2026-01-01 15:10:29"}
{"level":"error","message":"An error occurred during the migration of Item record [1vMdJBGISqJYzAA8] of database \"daggerheart-extra-content.subclasses\":\nError: Documents from a core version newer than the running version cannot be migrated\n    at Function._migrateRecord (file:///C:/Users/Juanjo/Desktop/Juegos/Foundry-daggerheart/Portable-FoundryVTT-v13.348/App/resources/app/dist/database/backend/server-document.mjs:1:3713)\n    at Function._migrateDocuments (file:///C:/Users/Juanjo/Desktop/Juegos/Foundry-daggerheart/Portable-FoundryVTT-v13.348/App/resources/app/dist/database/backend/server-document.mjs:1:2782)","timestamp":"2026-01-01 15:10:29"}
{"level":"error","message":"An error occurred during the migration of Item record [48oK5ke7KNhEoSBK] of database \"daggerheart-extra-content.subclasses\":\nError: Documents from a core version newer than the running version cannot be migrated\n    at Function._migrateRecord (file:///C:/Users/Juanjo/Desktop/Juegos/Foundry-daggerheart/Portable-FoundryVTT-v13.348/App/resources/app/dist/database/backend/server-document.mjs:1:3713)\n    at Function._migrateDocuments (file:///C:/Users/Juanjo/Desktop/Juegos/Foundry-daggerheart/Portable-FoundryVTT-v13.348/App/resources/app/dist/database/backend/server-document.mjs:1:2782)","timestamp":"2026-01-01 15:10:29"}
{"level":"error","message":"An error occurred during the migration of Item record [DeyoqbkHGP5Zm5bb] of database \"daggerheart-extra-content.subclasses\":\nError: Documents from a core version newer than the running version cannot be migrated\n    at Function._migrateRecord (file:///C:/Users/Juanjo/Desktop/Juegos/Foundry-daggerheart/Portable-FoundryVTT-v13.348/App/resources/app/dist/database/backend/server-document.mjs:1:3713)\n    at Function._migrateDocuments (file:///C:/Users/Juanjo/Desktop/Juegos/Foundry-daggerheart/Portable-FoundryVTT-v13.348/App/resources/app/dist/database/backend/server-document.mjs:1:2782)","timestamp":"2026-01-01 15:10:29"}
{"level":"error","message":"An error occurred during the migration of Item record [HQmOhlvOcO5GjiRG] of database \"daggerheart-extra-content.subclasses\":\nError: Documents from a core version newer than the running version cannot be migrated\n    at Function._migrateRecord (file:///C:/Users/Juanjo/Desktop/Juegos/Foundry-daggerheart/Portable-FoundryVTT-v13.348/App/resources/app/dist/database/backend/server-document.mjs:1:3713)\n    at Function._migrateDocuments (file:///C:/Users/Juanjo/Desktop/Juegos/Foundry-daggerheart/Portable-FoundryVTT-v13.348/App/resources/app/dist/database/backend/server-document.mjs:1:2782)","timestamp":"2026-01-01 15:10:29"}
{"level":"error","message":"An error occurred during the migration of Item record [LCqFlGKsObwYDIEm] of database \"daggerheart-extra-content.subclasses\":\nError: Documents from a core version newer than the running version cannot be migrated\n    at Function._migrateRecord (file:///C:/Users/Juanjo/Desktop/Juegos/Foundry-daggerheart/Portable-FoundryVTT-v13.348/App/resources/app/dist/database/backend/server-document.mjs:1:3713)\n    at Function._migrateDocuments (file:///C:/Users/Juanjo/Desktop/Juegos/Foundry-daggerheart/Portable-FoundryVTT-v13.348/App/resources/app/dist/database/backend/server-document.mjs:1:2782)","timestamp":"2026-01-01 15:10:29"}
{"level":"error","message":"An error occurred during the migration of Item record [ThjRka7o73hN3p0B] of database \"daggerheart-extra-content.subclasses\":\nError: Documents from a core version newer than the running version cannot be migrated\n    at Function._migrateRecord (file:///C:/Users/Juanjo/Desktop/Juegos/Foundry-daggerheart/Portable-FoundryVTT-v13.348/App/resources/app/dist/database/backend/server-document.mjs:1:3713)\n    at Function._migrateDocuments (file:///C:/Users/Juanjo/Desktop/Juegos/Foundry-daggerheart/Portable-FoundryVTT-v13.348/App/resources/app/dist/database/backend/server-document.mjs:1:2782)","timestamp":"2026-01-01 15:10:29"}
{"level":"error","message":"An error occurred during the migration of Item record [UOiFsix0pZrccp1y] of database \"daggerheart-extra-content.subclasses\":\nError: Documents from a core version newer than the running version cannot be migrated\n    at Function._migrateRecord (file:///C:/Users/Juanjo/Desktop/Juegos/Foundry-daggerheart/Portable-FoundryVTT-v13.348/App/resources/app/dist/database/backend/server-document.mjs:1:3713)\n    at Function._migrateDocuments (file:///C:/Users/Juanjo/Desktop/Juegos/Foundry-daggerheart/Portable-FoundryVTT-v13.348/App/resources/app/dist/database/backend/server-document.mjs:1:2782)","timestamp":"2026-01-01 15:10:29"}
{"level":"error","message":"An error occurred during the migration of Item record [YtPj46QA47slm76U] of database \"daggerheart-extra-content.subclasses\":\nError: Documents from a core version newer than the running version cannot be migrated\n    at Function._migrateRecord (file:///C:/Users/Juanjo/Desktop/Juegos/Foundry-daggerheart/Portable-FoundryVTT-v13.348/App/resources/app/dist/database/backend/server-document.mjs:1:3713)\n    at Function._migrateDocuments (file:///C:/Users/Juanjo/Desktop/Juegos/Foundry-daggerheart/Portable-FoundryVTT-v13.348/App/resources/app/dist/database/backend/server-document.mjs:1:2782)","timestamp":"2026-01-01 15:10:29"}
{"level":"error","message":"An error occurred during the migration of Item record [Z2oD6qtFjxzDYqWV] of database \"daggerheart-extra-content.subclasses\":\nError: Documents from a core version newer than the running version cannot be migrated\n    at Function._migrateRecord (file:///C:/Users/Juanjo/Desktop/Juegos/Foundry-daggerheart/Portable-FoundryVTT-v13.348/App/resources/app/dist/database/backend/server-document.mjs:1:3713)\n    at Function._migrateDocuments (file:///C:/Users/Juanjo/Desktop/Juegos/Foundry-daggerheart/Portable-FoundryVTT-v13.348/App/resources/app/dist/database/backend/server-document.mjs:1:2782)","timestamp":"2026-01-01 15:10:29"}
{"level":"error","message":"An error occurred during the migration of Item record [aKNaVPnQeDzCZl6w] of database \"daggerheart-extra-content.subclasses\":\nError: Documents from a core version newer than the running version cannot be migrated\n    at Function._migrateRecord (file:///C:/Users/Juanjo/Desktop/Juegos/Foundry-daggerheart/Portable-FoundryVTT-v13.348/App/resources/app/dist/database/backend/server-document.mjs:1:3713)\n    at Function._migrateDocuments (file:///C:/Users/Juanjo/Desktop/Juegos/Foundry-daggerheart/Portable-FoundryVTT-v13.348/App/resources/app/dist/database/backend/server-document.mjs:1:2782)","timestamp":"2026-01-01 15:10:29"}
{"level":"error","message":"An error occurred during the migration of Item record [bQMybQa340rpMCR8] of database \"daggerheart-extra-content.subclasses\":\nError: Documents from a core version newer than the running version cannot be migrated\n    at Function._migrateRecord (file:///C:/Users/Juanjo/Desktop/Juegos/Foundry-daggerheart/Portable-FoundryVTT-v13.348/App/resources/app/dist/database/backend/server-document.mjs:1:3713)\n    at Function._migrateDocuments (file:///C:/Users/Juanjo/Desktop/Juegos/Foundry-daggerheart/Portable-FoundryVTT-v13.348/App/resources/app/dist/database/backend/server-document.mjs:1:2782)","timestamp":"2026-01-01 15:10:29"}
{"level":"error","message":"An error occurred during the migration of Item record [eM46wwEPFHNI99sq] of database \"daggerheart-extra-content.subclasses\":\nError: Documents from a core version newer than the running version cannot be migrated\n    at Function._migrateRecord (file:///C:/Users/Juanjo/Desktop/Juegos/Foundry-daggerheart/Portable-FoundryVTT-v13.348/App/resources/app/dist/database/backend/server-document.mjs:1:3713)\n    at Function._migrateDocuments (file:///C:/Users/Juanjo/Desktop/Juegos/Foundry-daggerheart/Portable-FoundryVTT-v13.348/App/resources/app/dist/database/backend/server-document.mjs:1:2782)","timestamp":"2026-01-01 15:10:29"}
{"level":"error","message":"An error occurred during the migration of Item record [eQ8YQvNFJJnz9OqQ] of database \"daggerheart-extra-content.subclasses\":\nError: Documents from a core version newer than the running version cannot be migrated\n    at Function._migrateRecord (file:///C:/Users/Juanjo/Desktop/Juegos/Foundry-daggerheart/Portable-FoundryVTT-v13.348/App/resources/app/dist/database/backend/server-document.mjs:1:3713)\n    at Function._migrateDocuments (file:///C:/Users/Juanjo/Desktop/Juegos/Foundry-daggerheart/Portable-FoundryVTT-v13.348/App/resources/app/dist/database/backend/server-document.mjs:1:2782)","timestamp":"2026-01-01 15:10:29"}
{"level":"error","message":"An error occurred during the migration of Item record [hRIq3JkT9ZwZr5Qf] of database \"daggerheart-extra-content.subclasses\":\nError: Documents from a core version newer than the running version cannot be migrated\n    at Function._migrateRecord (file:///C:/Users/Juanjo/Desktop/Juegos/Foundry-daggerheart/Portable-FoundryVTT-v13.348/App/resources/app/dist/database/backend/server-document.mjs:1:3713)\n    at Function._migrateDocuments (file:///C:/Users/Juanjo/Desktop/Juegos/Foundry-daggerheart/Portable-FoundryVTT-v13.348/App/resources/app/dist/database/backend/server-document.mjs:1:2782)","timestamp":"2026-01-01 15:10:29"}
{"level":"error","message":"An error occurred during the migration of Item record [hZqlmZX7lIGN3auH] of database \"daggerheart-extra-content.subclasses\":\nError: Documents from a core version newer than the running version cannot be migrated\n    at Function._migrateRecord (file:///C:/Users/Juanjo/Desktop/Juegos/Foundry-daggerheart/Portable-FoundryVTT-v13.348/App/resources/app/dist/database/backend/server-document.mjs:1:3713)\n    at Function._migrateDocuments (file:///C:/Users/Juanjo/Desktop/Juegos/Foundry-daggerheart/Portable-FoundryVTT-v13.348/App/resources/app/dist/database/backend/server-document.mjs:1:2782)","timestamp":"2026-01-01 15:10:29"}
{"level":"error","message":"An error occurred during the migration of Item record [lwShv1Is6MN1zDor] of database \"daggerheart-extra-content.subclasses\":\nError: Documents from a core version newer than the running version cannot be migrated\n    at Function._migrateRecord (file:///C:/Users/Juanjo/Desktop/Juegos/Foundry-daggerheart/Portable-FoundryVTT-v13.348/App/resources/app/dist/database/backend/server-document.mjs:1:3713)\n    at Function._migrateDocuments (file:///C:/Users/Juanjo/Desktop/Juegos/Foundry-daggerheart/Portable-FoundryVTT-v13.348/App/resources/app/dist/database/backend/server-document.mjs:1:2782)","timestamp":"2026-01-01 15:10:29"}
{"level":"error","message":"An error occurred during the migration of Item record [oWFZxLUa6apOCBW6] of database \"daggerheart-extra-content.subclasses\":\nError: Documents from a core version newer than the running version cannot be migrated\n    at Function._migrateRecord (file:///C:/Users/Juanjo/Desktop/Juegos/Foundry-daggerheart/Portable-FoundryVTT-v13.348/App/resources/app/dist/database/backend/server-document.mjs:1:3713)\n    at Function._migrateDocuments (file:///C:/Users/Juanjo/Desktop/Juegos/Foundry-daggerheart/Portable-FoundryVTT-v13.348/App/resources/app/dist/database/backend/server-document.mjs:1:2782)","timestamp":"2026-01-01 15:10:29"}
{"level":"error","message":"An error occurred during the migration of Item record [uZZCmokDQbizjw1d] of database \"daggerheart-extra-content.subclasses\":\nError: Documents from a core version newer than the running version cannot be migrated\n    at Function._migrateRecord (file:///C:/Users/Juanjo/Desktop/Juegos/Foundry-daggerheart/Portable-FoundryVTT-v13.348/App/resources/app/dist/database/backend/server-document.mjs:1:3713)\n    at Function._migrateDocuments (file:///C:/Users/Juanjo/Desktop/Juegos/Foundry-daggerheart/Portable-FoundryVTT-v13.348/App/resources/app/dist/database/backend/server-document.mjs:1:2782)","timestamp":"2026-01-01 15:10:29"}
{"level":"error","message":"An error occurred during the migration of Item record [ytYGENKq8AtjYqTb] of database \"daggerheart-extra-content.subclasses\":\nError: Documents from a core version newer than the running version cannot be migrated\n    at Function._migrateRecord (file:///C:/Users/Juanjo/Desktop/Juegos/Foundry-daggerheart/Portable-FoundryVTT-v13.348/App/resources/app/dist/database/backend/server-document.mjs:1:3713)\n    at Function._migrateDocuments (file:///C:/Users/Juanjo/Desktop/Juegos/Foundry-daggerheart/Portable-FoundryVTT-v13.348/App/resources/app/dist/database/backend/server-document.mjs:1:2782)","timestamp":"2026-01-01 15:10:29"}
{"level":"warn","message":"Database daggerheart-extra-content.subclasses was not fully migrated due to errors during migration.","timestamp":"2026-01-01 15:10:29"}
{"level":"error","message":"An error occurred during the migration of Item record [9X2envWaXGSWx82V] of database \"the-void-unofficial.classes\":\nError: Documents from a core version newer than the running version cannot be migrated\n    at Function._migrateRecord (file:///C:/Users/Juanjo/Desktop/Juegos/Foundry-daggerheart/Portable-FoundryVTT-v13.348/App/resources/app/dist/database/backend/server-document.mjs:1:3713)\n    at Function._migrateDocuments (file:///C:/Users/Juanjo/Desktop/Juegos/Foundry-daggerheart/Portable-FoundryVTT-v13.348/App/resources/app/dist/database/backend/server-document.mjs:1:2782)","timestamp":"2026-01-01 15:10:29"}
{"level":"error","message":"An error occurred during the migration of Item record [R0wYgWyPih4CpTE5] of database \"the-void-unofficial.classes\":\nError: Documents from a core version newer than the running version cannot be migrated\n    at Function._migrateRecord (file:///C:/Users/Juanjo/Desktop/Juegos/Foundry-daggerheart/Portable-FoundryVTT-v13.348/App/resources/app/dist/database/backend/server-document.mjs:1:3713)\n    at Function._migrateDocuments (file:///C:/Users/Juanjo/Desktop/Juegos/Foundry-daggerheart/Portable-FoundryVTT-v13.348/App/resources/app/dist/database/backend/server-document.mjs:1:2782)","timestamp":"2026-01-01 15:10:29"}
{"level":"error","message":"An error occurred during the migration of Item record [TGTBooD83OWXyQj1] of database \"the-void-unofficial.classes\":\nError: Documents from a core version newer than the running version cannot be migrated\n    at Function._migrateRecord (file:///C:/Users/Juanjo/Desktop/Juegos/Foundry-daggerheart/Portable-FoundryVTT-v13.348/App/resources/app/dist/database/backend/server-document.mjs:1:3713)\n    at Function._migrateDocuments (file:///C:/Users/Juanjo/Desktop/Juegos/Foundry-daggerheart/Portable-FoundryVTT-v13.348/App/resources/app/dist/database/backend/server-document.mjs:1:2782)","timestamp":"2026-01-01 15:10:29"}
{"level":"error","message":"An error occurred during the migration of Item record [gugHbXBWP24CFTJZ] of database \"the-void-unofficial.classes\":\nError: Documents from a core version newer than the running version cannot be migrated\n    at Function._migrateRecord (file:///C:/Users/Juanjo/Desktop/Juegos/Foundry-daggerheart/Portable-FoundryVTT-v13.348/App/resources/app/dist/database/backend/server-document.mjs:1:3713)\n    at Function._migrateDocuments (file:///C:/Users/Juanjo/Desktop/Juegos/Foundry-daggerheart/Portable-FoundryVTT-v13.348/App/resources/app/dist/database/backend/server-document.mjs:1:2782)","timestamp":"2026-01-01 15:10:29"}
{"level":"error","message":"An error occurred during the migration of Item record [m3CvI4nlskOu5jZS] of database \"the-void-unofficial.classes\":\nError: Documents from a core version newer than the running version cannot be migrated\n    at Function._migrateRecord (file:///C:/Users/Juanjo/Desktop/Juegos/Foundry-daggerheart/Portable-FoundryVTT-v13.348/App/resources/app/dist/database/backend/server-document.mjs:1:3713)\n    at Function._migrateDocuments (file:///C:/Users/Juanjo/Desktop/Juegos/Foundry-daggerheart/Portable-FoundryVTT-v13.348/App/resources/app/dist/database/backend/server-document.mjs:1:2782)","timestamp":"2026-01-01 15:10:29"}
{"level":"error","message":"An error occurred during the migration of Item record [otb0ThXWuqQzzWho] of database \"the-void-unofficial.classes\":\nError: Documents from a core version newer than the running version cannot be migrated\n    at Function._migrateRecord (file:///C:/Users/Juanjo/Desktop/Juegos/Foundry-daggerheart/Portable-FoundryVTT-v13.348/App/resources/app/dist/database/backend/server-document.mjs:1:3713)\n    at Function._migrateDocuments (file:///C:/Users/Juanjo/Desktop/Juegos/Foundry-daggerheart/Portable-FoundryVTT-v13.348/App/resources/app/dist/database/backend/server-document.mjs:1:2782)","timestamp":"2026-01-01 15:10:29"}
{"level":"error","message":"An error occurred during the migration of Item record [v5M0mxaTDJCyhAsR] of database \"the-void-unofficial.classes\":\nError: Documents from a core version newer than the running version cannot be migrated\n    at Function._migrateRecord (file:///C:/Users/Juanjo/Desktop/Juegos/Foundry-daggerheart/Portable-FoundryVTT-v13.348/App/resources/app/dist/database/backend/server-document.mjs:1:3713)\n    at Function._migrateDocuments (file:///C:/Users/Juanjo/Desktop/Juegos/Foundry-daggerheart/Portable-FoundryVTT-v13.348/App/resources/app/dist/database/backend/server-document.mjs:1:2782)","timestamp":"2026-01-01 15:10:29"}
{"level":"warn","message":"Database the-void-unofficial.classes was not fully migrated due to errors during migration.","timestamp":"2026-01-01 15:10:29"}
{"level":"error","message":"An error occurred during the migration of Item record [1PPk39iarFpWylOi] of database \"the-void-unofficial.subclasses\":\nError: Documents from a core version newer than the running version cannot be migrated\n    at Function._migrateRecord (file:///C:/Users/Juanjo/Desktop/Juegos/Foundry-daggerheart/Portable-FoundryVTT-v13.348/App/resources/app/dist/database/backend/server-document.mjs:1:3713)\n    at Function._migrateDocuments (file:///C:/Users/Juanjo/Desktop/Juegos/Foundry-daggerheart/Portable-FoundryVTT-v13.348/App/resources/app/dist/database/backend/server-document.mjs:1:2782)","timestamp":"2026-01-01 15:10:29"}
{"level":"error","message":"An error occurred during the migration of Item record [4Jaekd41DdaPdWkw] of database \"the-void-unofficial.subclasses\":\nError: Documents from a core version newer than the running version cannot be migrated\n    at Function._migrateRecord (file:///C:/Users/Juanjo/Desktop/Juegos/Foundry-daggerheart/Portable-FoundryVTT-v13.348/App/resources/app/dist/database/backend/server-document.mjs:1:3713)\n    at Function._migrateDocuments (file:///C:/Users/Juanjo/Desktop/Juegos/Foundry-daggerheart/Portable-FoundryVTT-v13.348/App/resources/app/dist/database/backend/server-document.mjs:1:2782)","timestamp":"2026-01-01 15:10:29"}
{"level":"error","message":"An error occurred during the migration of Item record [8EGGJmnqPBs9CrO9] of database \"the-void-unofficial.subclasses\":\nError: Documents from a core version newer than the running version cannot be migrated\n    at Function._migrateRecord (file:///C:/Users/Juanjo/Desktop/Juegos/Foundry-daggerheart/Portable-FoundryVTT-v13.348/App/resources/app/dist/database/backend/server-document.mjs:1:3713)\n    at Function._migrateDocuments (file:///C:/Users/Juanjo/Desktop/Juegos/Foundry-daggerheart/Portable-FoundryVTT-v13.348/App/resources/app/dist/database/backend/server-document.mjs:1:2782)","timestamp":"2026-01-01 15:10:29"}
{"level":"error","message":"An error occurred during the migration of Item record [GXYbLE8fG6fmGvFE] of database \"the-void-unofficial.subclasses\":\nError: Documents from a core version newer than the running version cannot be migrated\n    at Function._migrateRecord (file:///C:/Users/Juanjo/Desktop/Juegos/Foundry-daggerheart/Portable-FoundryVTT-v13.348/App/resources/app/dist/database/backend/server-document.mjs:1:3713)\n    at Function._migrateDocuments (file:///C:/Users/Juanjo/Desktop/Juegos/Foundry-daggerheart/Portable-FoundryVTT-v13.348/App/resources/app/dist/database/backend/server-document.mjs:1:2782)","timestamp":"2026-01-01 15:10:29"}
{"level":"error","message":"An error occurred during the migration of Item record [H8iGhoEsLwbhmUjb] of database \"the-void-unofficial.subclasses\":\nError: Documents from a core version newer than the running version cannot be migrated\n    at Function._migrateRecord (file:///C:/Users/Juanjo/Desktop/Juegos/Foundry-daggerheart/Portable-FoundryVTT-v13.348/App/resources/app/dist/database/backend/server-document.mjs:1:3713)\n    at Function._migrateDocuments (file:///C:/Users/Juanjo/Desktop/Juegos/Foundry-daggerheart/Portable-FoundryVTT-v13.348/App/resources/app/dist/database/backend/server-document.mjs:1:2782)","timestamp":"2026-01-01 15:10:29"}
{"level":"error","message":"An error occurred during the migration of Item record [JIO4bvmWGH4tTXpQ] of database \"the-void-unofficial.subclasses\":\nError: Documents from a core version newer than the running version cannot be migrated\n    at Function._migrateRecord (file:///C:/Users/Juanjo/Desktop/Juegos/Foundry-daggerheart/Portable-FoundryVTT-v13.348/App/resources/app/dist/database/backend/server-document.mjs:1:3713)\n    at Function._migrateDocuments (file:///C:/Users/Juanjo/Desktop/Juegos/Foundry-daggerheart/Portable-FoundryVTT-v13.348/App/resources/app/dist/database/backend/server-document.mjs:1:2782)","timestamp":"2026-01-01 15:10:29"}
{"level":"error","message":"An error occurred during the migration of Item record [JWlQd6XSBB22ASBs] of database \"the-void-unofficial.subclasses\":\nError: Documents from a core version newer than the running version cannot be migrated\n    at Function._migrateRecord (file:///C:/Users/Juanjo/Desktop/Juegos/Foundry-daggerheart/Portable-FoundryVTT-v13.348/App/resources/app/dist/database/backend/server-document.mjs:1:3713)\n    at Function._migrateDocuments (file:///C:/Users/Juanjo/Desktop/Juegos/Foundry-daggerheart/Portable-FoundryVTT-v13.348/App/resources/app/dist/database/backend/server-document.mjs:1:2782)","timestamp":"2026-01-01 15:10:29"}
{"level":"error","message":"An error occurred during the migration of Item record [JiPSjjjWxSbnoQRe] of database \"the-void-unofficial.subclasses\":\nError: Documents from a core version newer than the running version cannot be migrated\n    at Function._migrateRecord (file:///C:/Users/Juanjo/Desktop/Juegos/Foundry-daggerheart/Portable-FoundryVTT-v13.348/App/resources/app/dist/database/backend/server-document.mjs:1:3713)\n    at Function._migrateDocuments (file:///C:/Users/Juanjo/Desktop/Juegos/Foundry-daggerheart/Portable-FoundryVTT-v13.348/App/resources/app/dist/database/backend/server-document.mjs:1:2782)","timestamp":"2026-01-01 15:10:29"}
{"level":"error","message":"An error occurred during the migration of Item record [XeSsopeDDreSRv5A] of database \"the-void-unofficial.subclasses\":\nError: Documents from a core version newer than the running version cannot be migrated\n    at Function._migrateRecord (file:///C:/Users/Juanjo/Desktop/Juegos/Foundry-daggerheart/Portable-FoundryVTT-v13.348/App/resources/app/dist/database/backend/server-document.mjs:1:3713)\n    at Function._migrateDocuments (file:///C:/Users/Juanjo/Desktop/Juegos/Foundry-daggerheart/Portable-FoundryVTT-v13.348/App/resources/app/dist/database/backend/server-document.mjs:1:2782)","timestamp":"2026-01-01 15:10:29"}
{"level":"error","message":"An error occurred during the migration of Item record [YN38IzjqW5paIy92] of database \"the-void-unofficial.subclasses\":\nError: Documents from a core version newer than the running version cannot be migrated\n    at Function._migrateRecord (file:///C:/Users/Juanjo/Desktop/Juegos/Foundry-daggerheart/Portable-FoundryVTT-v13.348/App/resources/app/dist/database/backend/server-document.mjs:1:3713)\n    at Function._migrateDocuments (file:///C:/Users/Juanjo/Desktop/Juegos/Foundry-daggerheart/Portable-FoundryVTT-v13.348/App/resources/app/dist/database/backend/server-document.mjs:1:2782)","timestamp":"2026-01-01 15:10:29"}
{"level":"error","message":"An error occurred during the migration of Item record [ZYdJamwMgRsiG733] of database \"the-void-unofficial.subclasses\":\nError: Documents from a core version newer than the running version cannot be migrated\n    at Function._migrateRecord (file:///C:/Users/Juanjo/Desktop/Juegos/Foundry-daggerheart/Portable-FoundryVTT-v13.348/App/resources/app/dist/database/backend/server-document.mjs:1:3713)\n    at Function._migrateDocuments (file:///C:/Users/Juanjo/Desktop/Juegos/Foundry-daggerheart/Portable-FoundryVTT-v13.348/App/resources/app/dist/database/backend/server-document.mjs:1:2782)","timestamp":"2026-01-01 15:10:29"}
{"level":"error","message":"An error occurred during the migration of Item record [aFtWBHgUBxsCptI2] of database \"the-void-unofficial.subclasses\":\nError: Documents from a core version newer than the running version cannot be migrated\n    at Function._migrateRecord (file:///C:/Users/Juanjo/Desktop/Juegos/Foundry-daggerheart/Portable-FoundryVTT-v13.348/App/resources/app/dist/database/backend/server-document.mjs:1:3713)\n    at Function._migrateDocuments (file:///C:/Users/Juanjo/Desktop/Juegos/Foundry-daggerheart/Portable-FoundryVTT-v13.348/App/resources/app/dist/database/backend/server-document.mjs:1:2782)","timestamp":"2026-01-01 15:10:29"}
{"level":"error","message":"An error occurred during the migration of Item record [h0PlfOo87vjMIR2n] of database \"the-void-unofficial.subclasses\":\nError: Documents from a core version newer than the running version cannot be migrated\n    at Function._migrateRecord (file:///C:/Users/Juanjo/Desktop/Juegos/Foundry-daggerheart/Portable-FoundryVTT-v13.348/App/resources/app/dist/database/backend/server-document.mjs:1:3713)\n    at Function._migrateDocuments (file:///C:/Users/Juanjo/Desktop/Juegos/Foundry-daggerheart/Portable-FoundryVTT-v13.348/App/resources/app/dist/database/backend/server-document.mjs:1:2782)","timestamp":"2026-01-01 15:10:29"}
{"level":"error","message":"An error occurred during the migration of Item record [h3bzYGrnwkKQBJ6d] of database \"the-void-unofficial.subclasses\":\nError: Documents from a core version newer than the running version cannot be migrated\n    at Function._migrateRecord (file:///C:/Users/Juanjo/Desktop/Juegos/Foundry-daggerheart/Portable-FoundryVTT-v13.348/App/resources/app/dist/database/backend/server-document.mjs:1:3713)\n    at Function._migrateDocuments (file:///C:/Users/Juanjo/Desktop/Juegos/Foundry-daggerheart/Portable-FoundryVTT-v13.348/App/resources/app/dist/database/backend/server-document.mjs:1:2782)","timestamp":"2026-01-01 15:10:29"}
{"level":"error","message":"An error occurred during the migration of Item record [mRNqGokQNZEK8GSP] of database \"the-void-unofficial.subclasses\":\nError: Documents from a core version newer than the running version cannot be migrated\n    at Function._migrateRecord (file:///C:/Users/Juanjo/Desktop/Juegos/Foundry-daggerheart/Portable-FoundryVTT-v13.348/App/resources/app/dist/database/backend/server-document.mjs:1:3713)\n    at Function._migrateDocuments (file:///C:/Users/Juanjo/Desktop/Juegos/Foundry-daggerheart/Portable-FoundryVTT-v13.348/App/resources/app/dist/database/backend/server-document.mjs:1:2782)","timestamp":"2026-01-01 15:10:29"}
{"level":"error","message":"An error occurred during the migration of Item record [sajwdoQ5JVzqeqsj] of database \"the-void-unofficial.subclasses\":\nError: Documents from a core version newer than the running version cannot be migrated\n    at Function._migrateRecord (file:///C:/Users/Juanjo/Desktop/Juegos/Foundry-daggerheart/Portable-FoundryVTT-v13.348/App/resources/app/dist/database/backend/server-document.mjs:1:3713)\n    at Function._migrateDocuments (file:///C:/Users/Juanjo/Desktop/Juegos/Foundry-daggerheart/Portable-FoundryVTT-v13.348/App/resources/app/dist/database/backend/server-document.mjs:1:2782)","timestamp":"2026-01-01 15:10:29"}
{"level":"error","message":"An error occurred during the migration of Item record [ulURXMXGHT33vnD9] of database \"the-void-unofficial.subclasses\":\nError: Documents from a core version newer than the running version cannot be migrated\n    at Function._migrateRecord (file:///C:/Users/Juanjo/Desktop/Juegos/Foundry-daggerheart/Portable-FoundryVTT-v13.348/App/resources/app/dist/database/backend/server-document.mjs:1:3713)\n    at Function._migrateDocuments (file:///C:/Users/Juanjo/Desktop/Juegos/Foundry-daggerheart/Portable-FoundryVTT-v13.348/App/resources/app/dist/database/backend/server-document.mjs:1:2782)","timestamp":"2026-01-01 15:10:29"}
{"level":"error","message":"An error occurred during the migration of Item record [zkpNSVJfpnR0InYL] of database \"the-void-unofficial.subclasses\":\nError: Documents from a core version newer than the running version cannot be migrated\n    at Function._migrateRecord (file:///C:/Users/Juanjo/Desktop/Juegos/Foundry-daggerheart/Portable-FoundryVTT-v13.348/App/resources/app/dist/database/backend/server-document.mjs:1:3713)\n    at Function._migrateDocuments (file:///C:/Users/Juanjo/Desktop/Juegos/Foundry-daggerheart/Portable-FoundryVTT-v13.348/App/resources/app/dist/database/backend/server-document.mjs:1:2782)","timestamp":"2026-01-01 15:10:29"}
{"level":"warn","message":"Database the-void-unofficial.subclasses was not fully migrated due to errors during migration.","timestamp":"2026-01-01 15:10:29"}
{"level":"error","message":"An error occurred during the migration of Item record [0NoQWqYOiPdXdUhQ] of database \"the-void-unofficial.domains\":\nError: Documents from a core version newer than the running version cannot be migrated\n    at Function._migrateRecord (file:///C:/Users/Juanjo/Desktop/Juegos/Foundry-daggerheart/Portable-FoundryVTT-v13.348/App/resources/app/dist/database/backend/server-document.mjs:1:3713)\n    at Function._migrateDocuments (file:///C:/Users/Juanjo/Desktop/Juegos/Foundry-daggerheart/Portable-FoundryVTT-v13.348/App/resources/app/dist/database/backend/server-document.mjs:1:2782)","timestamp":"2026-01-01 15:10:29"}
{"level":"error","message":"An error occurred during the migration of Item record [176CHYdrz550TiEa] of database \"the-void-unofficial.domains\":\nError: Documents from a core version newer than the running version cannot be migrated\n    at Function._migrateRecord (file:///C:/Users/Juanjo/Desktop/Juegos/Foundry-daggerheart/Portable-FoundryVTT-v13.348/App/resources/app/dist/database/backend/server-document.mjs:1:3713)\n    at Function._migrateDocuments (file:///C:/Users/Juanjo/Desktop/Juegos/Foundry-daggerheart/Portable-FoundryVTT-v13.348/App/resources/app/dist/database/backend/server-document.mjs:1:2782)","timestamp":"2026-01-01 15:10:29"}
{"level":"error","message":"An error occurred during the migration of Item record [65NWcF4RSZgyJXFt] of database \"the-void-unofficial.domains\":\nError: Documents from a core version newer than the running version cannot be migrated\n    at Function._migrateRecord (file:///C:/Users/Juanjo/Desktop/Juegos/Foundry-daggerheart/Portable-FoundryVTT-v13.348/App/resources/app/dist/database/backend/server-document.mjs:1:3713)\n    at Function._migrateDocuments (file:///C:/Users/Juanjo/Desktop/Juegos/Foundry-daggerheart/Portable-FoundryVTT-v13.348/App/resources/app/dist/database/backend/server-document.mjs:1:2782)","timestamp":"2026-01-01 15:10:29"}
{"level":"error","message":"An error occurred during the migration of Item record [88xwPHpicN5uBo0f] of database \"the-void-unofficial.domains\":\nError: Documents from a core version newer than the running version cannot be migrated\n    at Function._migrateRecord (file:///C:/Users/Juanjo/Desktop/Juegos/Foundry-daggerheart/Portable-FoundryVTT-v13.348/App/resources/app/dist/database/backend/server-document.mjs:1:3713)\n    at Function._migrateDocuments (file:///C:/Users/Juanjo/Desktop/Juegos/Foundry-daggerheart/Portable-FoundryVTT-v13.348/App/resources/app/dist/database/backend/server-document.mjs:1:2782)","timestamp":"2026-01-01 15:10:29"}
{"level":"error","message":"An error occurred during the migration of Item record [9wxJJpH25cxmtx5W] of database \"the-void-unofficial.domains\":\nError: Documents from a core version newer than the running version cannot be migrated\n    at Function._migrateRecord (file:///C:/Users/Juanjo/Desktop/Juegos/Foundry-daggerheart/Portable-FoundryVTT-v13.348/App/resources/app/dist/database/backend/server-document.mjs:1:3713)\n    at Function._migrateDocuments (file:///C:/Users/Juanjo/Desktop/Juegos/Foundry-daggerheart/Portable-FoundryVTT-v13.348/App/resources/app/dist/database/backend/server-document.mjs:1:2782)","timestamp":"2026-01-01 15:10:29"}
{"level":"error","message":"An error occurred during the migration of Item record [BFkzJkWY4HejN4WR] of database \"the-void-unofficial.domains\":\nError: Documents from a core version newer than the running version cannot be migrated\n    at Function._migrateRecord (file:///C:/Users/Juanjo/Desktop/Juegos/Foundry-daggerheart/Portable-FoundryVTT-v13.348/App/resources/app/dist/database/backend/server-document.mjs:1:3713)\n    at Function._migrateDocuments (file:///C:/Users/Juanjo/Desktop/Juegos/Foundry-daggerheart/Portable-FoundryVTT-v13.348/App/resources/app/dist/database/backend/server-document.mjs:1:2782)","timestamp":"2026-01-01 15:10:29"}
{"level":"error","message":"An error occurred during the migration of Item record [BQF5xVKRVQdhGAf8] of database \"the-void-unofficial.domains\":\nError: Documents from a core version newer than the running version cannot be migrated\n    at Function._migrateRecord (file:///C:/Users/Juanjo/Desktop/Juegos/Foundry-daggerheart/Portable-FoundryVTT-v13.348/App/resources/app/dist/database/backend/server-document.mjs:1:3713)\n    at Function._migrateDocuments (file:///C:/Users/Juanjo/Desktop/Juegos/Foundry-daggerheart/Portable-FoundryVTT-v13.348/App/resources/app/dist/database/backend/server-document.mjs:1:2782)","timestamp":"2026-01-01 15:10:29"}
{"level":"error","message":"An error occurred during the migration of Item record [BctVkNUWYL5Eww2k] of database \"the-void-unofficial.domains\":\nError: Documents from a core version newer than the running version cannot be migrated\n    at Function._migrateRecord (file:///C:/Users/Juanjo/Desktop/Juegos/Foundry-daggerheart/Portable-FoundryVTT-v13.348/App/resources/app/dist/database/backend/server-document.mjs:1:3713)\n    at Function._migrateDocuments (file:///C:/Users/Juanjo/Desktop/Juegos/Foundry-daggerheart/Portable-FoundryVTT-v13.348/App/resources/app/dist/database/backend/server-document.mjs:1:2782)","timestamp":"2026-01-01 15:10:29"}
{"level":"error","message":"An error occurred during the migration of Item record [CQbmQH1Xqr1BjLWW] of database \"the-void-unofficial.domains\":\nError: Documents from a core version newer than the running version cannot be migrated\n    at Function._migrateRecord (file:///C:/Users/Juanjo/Desktop/Juegos/Foundry-daggerheart/Portable-FoundryVTT-v13.348/App/resources/app/dist/database/backend/server-document.mjs:1:3713)\n    at Function._migrateDocuments (file:///C:/Users/Juanjo/Desktop/Juegos/Foundry-daggerheart/Portable-FoundryVTT-v13.348/App/resources/app/dist/database/backend/server-document.mjs:1:2782)","timestamp":"2026-01-01 15:10:29"}
{"level":"error","message":"An error occurred during the migration of Item record [Du7UHRd0CweyuXil] of database \"the-void-unofficial.domains\":\nError: Documents from a core version newer than the running version cannot be migrated\n    at Function._migrateRecord (file:///C:/Users/Juanjo/Desktop/Juegos/Foundry-daggerheart/Portable-FoundryVTT-v13.348/App/resources/app/dist/database/backend/server-document.mjs:1:3713)\n    at Function._migrateDocuments (file:///C:/Users/Juanjo/Desktop/Juegos/Foundry-daggerheart/Portable-FoundryVTT-v13.348/App/resources/app/dist/database/backend/server-document.mjs:1:2782)","timestamp":"2026-01-01 15:10:29"}
{"level":"error","message":"An error occurred during the migration of Item record [LOPtjnPVjWQEzrZx] of database \"the-void-unofficial.domains\":\nError: Documents from a core version newer than the running version cannot be migrated\n    at Function._migrateRecord (file:///C:/Users/Juanjo/Desktop/Juegos/Foundry-daggerheart/Portable-FoundryVTT-v13.348/App/resources/app/dist/database/backend/server-document.mjs:1:3713)\n    at Function._migrateDocuments (file:///C:/Users/Juanjo/Desktop/Juegos/Foundry-daggerheart/Portable-FoundryVTT-v13.348/App/resources/app/dist/database/backend/server-document.mjs:1:2782)","timestamp":"2026-01-01 15:10:29"}
{"level":"error","message":"An error occurred during the migration of Item record [Q3RpYwdlDyCQPJHr] of database \"the-void-unofficial.domains\":\nError: Documents from a core version newer than the running version cannot be migrated\n    at Function._migrateRecord (file:///C:/Users/Juanjo/Desktop/Juegos/Foundry-daggerheart/Portable-FoundryVTT-v13.348/App/resources/app/dist/database/backend/server-document.mjs:1:3713)\n    at Function._migrateDocuments (file:///C:/Users/Juanjo/Desktop/Juegos/Foundry-daggerheart/Portable-FoundryVTT-v13.348/App/resources/app/dist/database/backend/server-document.mjs:1:2782)","timestamp":"2026-01-01 15:10:29"}
{"level":"error","message":"An error occurred during the migration of Item record [WAUpMdW2TD8KVusi] of database \"the-void-unofficial.domains\":\nError: Documents from a core version newer than the running version cannot be migrated\n    at Function._migrateRecord (file:///C:/Users/Juanjo/Desktop/Juegos/Foundry-daggerheart/Portable-FoundryVTT-v13.348/App/resources/app/dist/database/backend/server-document.mjs:1:3713)\n    at Function._migrateDocuments (file:///C:/Users/Juanjo/Desktop/Juegos/Foundry-daggerheart/Portable-FoundryVTT-v13.348/App/resources/app/dist/database/backend/server-document.mjs:1:2782)","timestamp":"2026-01-01 15:10:29"}
{"level":"error","message":"An error occurred during the migration of Item record [XGDsPevKx3P1mdpH] of database \"the-void-unofficial.domains\":\nError: Documents from a core version newer than the running version cannot be migrated\n    at Function._migrateRecord (file:///C:/Users/Juanjo/Desktop/Juegos/Foundry-daggerheart/Portable-FoundryVTT-v13.348/App/resources/app/dist/database/backend/server-document.mjs:1:3713)\n    at Function._migrateDocuments (file:///C:/Users/Juanjo/Desktop/Juegos/Foundry-daggerheart/Portable-FoundryVTT-v13.348/App/resources/app/dist/database/backend/server-document.mjs:1:2782)","timestamp":"2026-01-01 15:10:29"}
{"level":"error","message":"An error occurred during the migration of Item record [cOFRHlxyTtRlbumc] of database \"the-void-unofficial.domains\":\nError: Documents from a core version newer than the running version cannot be migrated\n    at Function._migrateRecord (file:///C:/Users/Juanjo/Desktop/Juegos/Foundry-daggerheart/Portable-FoundryVTT-v13.348/App/resources/app/dist/database/backend/server-document.mjs:1:3713)\n    at Function._migrateDocuments (file:///C:/Users/Juanjo/Desktop/Juegos/Foundry-daggerheart/Portable-FoundryVTT-v13.348/App/resources/app/dist/database/backend/server-document.mjs:1:2782)","timestamp":"2026-01-01 15:10:29"}
{"level":"error","message":"An error occurred during the migration of Item record [dVUQ7Rp9luM7Zekw] of database \"the-void-unofficial.domains\":\nError: Documents from a core version newer than the running version cannot be migrated\n    at Function._migrateRecord (file:///C:/Users/Juanjo/Desktop/Juegos/Foundry-daggerheart/Portable-FoundryVTT-v13.348/App/resources/app/dist/database/backend/server-document.mjs:1:3713)\n    at Function._migrateDocuments (file:///C:/Users/Juanjo/Desktop/Juegos/Foundry-daggerheart/Portable-FoundryVTT-v13.348/App/resources/app/dist/database/backend/server-document.mjs:1:2782)","timestamp":"2026-01-01 15:10:29"}
{"level":"error","message":"An error occurred during the migration of Item record [gSsxO2xiMxANuBIz] of database \"the-void-unofficial.domains\":\nError: Documents from a core version newer than the running version cannot be migrated\n    at Function._migrateRecord (file:///C:/Users/Juanjo/Desktop/Juegos/Foundry-daggerheart/Portable-FoundryVTT-v13.348/App/resources/app/dist/database/backend/server-document.mjs:1:3713)\n    at Function._migrateDocuments (file:///C:/Users/Juanjo/Desktop/Juegos/Foundry-daggerheart/Portable-FoundryVTT-v13.348/App/resources/app/dist/database/backend/server-document.mjs:1:2782)","timestamp":"2026-01-01 15:10:29"}
{"level":"error","message":"An error occurred during the migration of Item record [gaDhu9iAdChYFcm2] of database \"the-void-unofficial.domains\":\nError: Documents from a core version newer than the running version cannot be migrated\n    at Function._migrateRecord (file:///C:/Users/Juanjo/Desktop/Juegos/Foundry-daggerheart/Portable-FoundryVTT-v13.348/App/resources/app/dist/database/backend/server-document.mjs:1:3713)\n    at Function._migrateDocuments (file:///C:/Users/Juanjo/Desktop/Juegos/Foundry-daggerheart/Portable-FoundryVTT-v13.348/App/resources/app/dist/database/backend/server-document.mjs:1:2782)","timestamp":"2026-01-01 15:10:29"}
{"level":"error","message":"An error occurred during the migration of Item record [hmDOLwJEZlbuOKNT] of database \"the-void-unofficial.domains\":\nError: Documents from a core version newer than the running version cannot be migrated\n    at Function._migrateRecord (file:///C:/Users/Juanjo/Desktop/Juegos/Foundry-daggerheart/Portable-FoundryVTT-v13.348/App/resources/app/dist/database/backend/server-document.mjs:1:3713)\n    at Function._migrateDocuments (file:///C:/Users/Juanjo/Desktop/Juegos/Foundry-daggerheart/Portable-FoundryVTT-v13.348/App/resources/app/dist/database/backend/server-document.mjs:1:2782)","timestamp":"2026-01-01 15:10:29"}
{"level":"error","message":"An error occurred during the migration of Item record [lo8WVAuTWsAh6QBf] of database \"the-void-unofficial.domains\":\nError: Documents from a core version newer than the running version cannot be migrated\n    at Function._migrateRecord (file:///C:/Users/Juanjo/Desktop/Juegos/Foundry-daggerheart/Portable-FoundryVTT-v13.348/App/resources/app/dist/database/backend/server-document.mjs:1:3713)\n    at Function._migrateDocuments (file:///C:/Users/Juanjo/Desktop/Juegos/Foundry-daggerheart/Portable-FoundryVTT-v13.348/App/resources/app/dist/database/backend/server-document.mjs:1:2782)","timestamp":"2026-01-01 15:10:29"}
{"level":"error","message":"An error occurred during the migration of Item record [yGbgSMuL43quImEV] of database \"the-void-unofficial.domains\":\nError: Documents from a core version newer than the running version cannot be migrated\n    at Function._migrateRecord (file:///C:/Users/Juanjo/Desktop/Juegos/Foundry-daggerheart/Portable-FoundryVTT-v13.348/App/resources/app/dist/database/backend/server-document.mjs:1:3713)\n    at Function._migrateDocuments (file:///C:/Users/Juanjo/Desktop/Juegos/Foundry-daggerheart/Portable-FoundryVTT-v13.348/App/resources/app/dist/database/backend/server-document.mjs:1:2782)","timestamp":"2026-01-01 15:10:29"}
{"level":"warn","message":"Database the-void-unofficial.domains was not fully migrated due to errors during migration.","timestamp":"2026-01-01 15:10:29"}
{"level":"error","message":"An error occurred during the migration of Item record [cg2pnUEwJ7q4k28d] of database \"the-void-unofficial.weapons\":\nError: Documents from a core version newer than the running version cannot be migrated\n    at Function._migrateRecord (file:///C:/Users/Juanjo/Desktop/Juegos/Foundry-daggerheart/Portable-FoundryVTT-v13.348/App/resources/app/dist/database/backend/server-document.mjs:1:3713)\n    at Function._migrateDocuments (file:///C:/Users/Juanjo/Desktop/Juegos/Foundry-daggerheart/Portable-FoundryVTT-v13.348/App/resources/app/dist/database/backend/server-document.mjs:1:2782)","timestamp":"2026-01-01 15:10:29"}
{"level":"error","message":"An error occurred during the migration of Item record [lHFiIpH2lrBBaT4o] of database \"the-void-unofficial.weapons\":\nError: Documents from a core version newer than the running version cannot be migrated\n    at Function._migrateRecord (file:///C:/Users/Juanjo/Desktop/Juegos/Foundry-daggerheart/Portable-FoundryVTT-v13.348/App/resources/app/dist/database/backend/server-document.mjs:1:3713)\n    at Function._migrateDocuments (file:///C:/Users/Juanjo/Desktop/Juegos/Foundry-daggerheart/Portable-FoundryVTT-v13.348/App/resources/app/dist/database/backend/server-document.mjs:1:2782)","timestamp":"2026-01-01 15:10:29"}
{"level":"warn","message":"Database the-void-unofficial.weapons was not fully migrated due to errors during migration.","timestamp":"2026-01-01 15:10:29"}
{"level":"info","message":"Daggerheart update 1.4.4 is now available!","timestamp":"2026-01-01 15:10:31"}
{"level":"info","message":"Vended World data to User [sjVrMusZqwSBFvXT] in 713ms","timestamp":"2026-01-01 15:10:31"}
{"level":"info","message":"Daggerheart update 1.4.4 is now available!","timestamp":"2026-01-01 15:10:31"}
{"level":"info","message":"Vended World data to User [tbPfLYIkcfydMgjn] in 395ms","timestamp":"2026-01-01 15:10:31"}
{"level":"info","message":"Created ChatMessage with id [bvxeG2zzdVdSbDvW]","timestamp":"2026-01-01 15:10:33"}
{"level":"info","message":"Connected to database \"actors\"","timestamp":"2026-01-01 15:10:45"}
{"level":"info","message":"Launching World | Loading World Data - 7%","timestamp":"2026-01-01 15:10:45"}
{"level":"info","message":"Connected to database \"cards\"","timestamp":"2026-01-01 15:10:45"}
{"level":"info","message":"Launching World | Loading World Data - 14%","timestamp":"2026-01-01 15:10:45"}
{"level":"info","message":"Connected to database \"messages\"","timestamp":"2026-01-01 15:10:45"}
{"level":"info","message":"Launching World | Loading World Data - 21%","timestamp":"2026-01-01 15:10:45"}
{"level":"info","message":"Connected to database \"combats\"","timestamp":"2026-01-01 15:10:45"}
{"level":"info","message":"Launching World | Loading World Data - 29%","timestamp":"2026-01-01 15:10:45"}
{"level":"info","message":"Connected to database \"fog\"","timestamp":"2026-01-01 15:10:45"}
{"level":"info","message":"Launching World | Loading World Data - 36%","timestamp":"2026-01-01 15:10:45"}
{"level":"info","message":"Connected to database \"folders\"","timestamp":"2026-01-01 15:10:45"}
{"level":"info","message":"Launching World | Loading World Data - 43%","timestamp":"2026-01-01 15:10:45"}
{"level":"info","message":"Connected to database \"items\"","timestamp":"2026-01-01 15:10:45"}
{"level":"info","message":"Launching World | Loading World Data - 50%","timestamp":"2026-01-01 15:10:45"}
{"level":"info","message":"Connected to database \"journal\"","timestamp":"2026-01-01 15:10:45"}
{"level":"info","message":"Launching World | Loading World Data - 57%","timestamp":"2026-01-01 15:10:45"}
{"level":"info","message":"Connected to database \"macros\"","timestamp":"2026-01-01 15:10:45"}
{"level":"info","message":"Launching World | Loading World Data - 64%","timestamp":"2026-01-01 15:10:45"}
{"level":"info","message":"Connected to database \"playlists\"","timestamp":"2026-01-01 15:10:45"}
{"level":"info","message":"Launching World | Loading World Data - 71%","timestamp":"2026-01-01 15:10:45"}
{"level":"info","message":"Connected to database \"tables\"","timestamp":"2026-01-01 15:10:45"}
{"level":"info","message":"Launching World | Loading World Data - 79%","timestamp":"2026-01-01 15:10:45"}
{"level":"info","message":"Connected to database \"scenes\"","timestamp":"2026-01-01 15:10:45"}
{"level":"info","message":"Launching World | Loading World Data - 86%","timestamp":"2026-01-01 15:10:45"}
{"level":"info","message":"Connected to database \"settings\"","timestamp":"2026-01-01 15:10:45"}
{"level":"info","message":"Launching World | Loading World Data - 93%","timestamp":"2026-01-01 15:10:45"}
{"level":"info","message":"Connected to database \"users\"","timestamp":"2026-01-01 15:10:45"}
{"level":"info","message":"Launching World | Loading World Data - 100%","timestamp":"2026-01-01 15:10:45"}
{"level":"info","message":"Launching World | Migrating World Data - 7%","timestamp":"2026-01-01 15:10:45"}
{"level":"info","message":"Launching World | Migrating World Data - 14%","timestamp":"2026-01-01 15:10:45"}
{"level":"info","message":"Launching World | Migrating World Data - 21%","timestamp":"2026-01-01 15:10:45"}
{"level":"info","message":"Launching World | Migrating World Data - 29%","timestamp":"2026-01-01 15:10:45"}
{"level":"info","message":"Launching World | Migrating World Data - 36%","timestamp":"2026-01-01 15:10:45"}
{"level":"info","message":"Launching World | Migrating World Data - 43%","timestamp":"2026-01-01 15:10:45"}
{"level":"info","message":"Launching World | Migrating World Data - 50%","timestamp":"2026-01-01 15:10:45"}
{"level":"info","message":"Launching World | Migrating World Data - 57%","timestamp":"2026-01-01 15:10:45"}
{"level":"info","message":"Launching World | Migrating World Data - 64%","timestamp":"2026-01-01 15:10:45"}
{"level":"info","message":"Launching World | Migrating World Data - 71%","timestamp":"2026-01-01 15:10:45"}
{"level":"info","message":"Launching World | Migrating World Data - 79%","timestamp":"2026-01-01 15:10:45"}
{"level":"info","message":"Launching World | Migrating World Data - 86%","timestamp":"2026-01-01 15:10:45"}
{"level":"info","message":"Launching World | Migrating World Data - 93%","timestamp":"2026-01-01 15:10:45"}
{"level":"info","message":"Launching World | Migrating World Data - 100%","timestamp":"2026-01-01 15:10:45"}
{"level":"info","message":"Connected to database \"daggerheart.classes\"","timestamp":"2026-01-01 15:10:45"}
{"level":"info","message":"Launching World | Loading Package Data - 3%","timestamp":"2026-01-01 15:10:45"}
{"level":"info","message":"Connected to database \"daggerheart.subclasses\"","timestamp":"2026-01-01 15:10:45"}
{"level":"info","message":"Launching World | Loading Package Data - 6%","timestamp":"2026-01-01 15:10:45"}
{"level":"info","message":"Connected to database \"daggerheart.domains\"","timestamp":"2026-01-01 15:10:45"}
{"level":"info","message":"Launching World | Loading Package Data - 8%","timestamp":"2026-01-01 15:10:45"}
{"level":"info","message":"Connected to database \"daggerheart.ancestries\"","timestamp":"2026-01-01 15:10:45"}
{"level":"info","message":"Launching World | Loading Package Data - 11%","timestamp":"2026-01-01 15:10:45"}
{"level":"info","message":"Connected to database \"daggerheart.communities\"","timestamp":"2026-01-01 15:10:45"}
{"level":"info","message":"Launching World | Loading Package Data - 14%","timestamp":"2026-01-01 15:10:45"}
{"level":"info","message":"Connected to database \"daggerheart.weapons\"","timestamp":"2026-01-01 15:10:45"}
{"level":"info","message":"Launching World | Loading Package Data - 17%","timestamp":"2026-01-01 15:10:45"}
{"level":"info","message":"Connected to database \"daggerheart.armors\"","timestamp":"2026-01-01 15:10:45"}
{"level":"info","message":"Launching World | Loading Package Data - 19%","timestamp":"2026-01-01 15:10:45"}
{"level":"info","message":"Connected to database \"daggerheart.consumables\"","timestamp":"2026-01-01 15:10:45"}
{"level":"info","message":"Launching World | Loading Package Data - 22%","timestamp":"2026-01-01 15:10:45"}
{"level":"info","message":"Connected to database \"daggerheart.loot\"","timestamp":"2026-01-01 15:10:45"}
{"level":"info","message":"Launching World | Loading Package Data - 25%","timestamp":"2026-01-01 15:10:45"}
{"level":"info","message":"Connected to database \"daggerheart.adversaries\"","timestamp":"2026-01-01 15:10:45"}
{"level":"info","message":"Launching World | Loading Package Data - 28%","timestamp":"2026-01-01 15:10:45"}
{"level":"info","message":"Connected to database \"daggerheart.environments\"","timestamp":"2026-01-01 15:10:45"}
{"level":"info","message":"Launching World | Loading Package Data - 31%","timestamp":"2026-01-01 15:10:45"}
{"level":"info","message":"Connected to database \"daggerheart.journals\"","timestamp":"2026-01-01 15:10:45"}
{"level":"info","message":"Launching World | Loading Package Data - 33%","timestamp":"2026-01-01 15:10:45"}
{"level":"info","message":"Connected to database \"daggerheart.beastforms\"","timestamp":"2026-01-01 15:10:45"}
{"level":"info","message":"Launching World | Loading Package Data - 36%","timestamp":"2026-01-01 15:10:45"}
{"level":"info","message":"Connected to database \"art-for-daggerheart.art-for-dh-macros\"","timestamp":"2026-01-01 15:10:45"}
{"level":"info","message":"Launching World | Loading Package Data - 39%","timestamp":"2026-01-01 15:10:45"}
{"level":"info","message":"Connected to database \"daggerheart-extra-content.motherboard-items\"","timestamp":"2026-01-01 15:10:45"}
{"level":"info","message":"Launching World | Loading Package Data - 42%","timestamp":"2026-01-01 15:10:45"}
{"level":"info","message":"Connected to database \"daggerheart-extra-content.macros\"","timestamp":"2026-01-01 15:10:45"}
{"level":"info","message":"Launching World | Loading Package Data - 44%","timestamp":"2026-01-01 15:10:45"}
{"level":"info","message":"Connected to database \"daggerheart-extra-content.motherboard-tables\"","timestamp":"2026-01-01 15:10:45"}
{"level":"info","message":"Launching World | Loading Package Data - 47%","timestamp":"2026-01-01 15:10:45"}
{"level":"info","message":"Connected to database \"daggerheart-extra-content.adversaries-features\"","timestamp":"2026-01-01 15:10:45"}
{"level":"info","message":"Launching World | Loading Package Data - 50%","timestamp":"2026-01-01 15:10:45"}
{"level":"info","message":"Connected to database \"daggerheart-extra-content.useful-journals\"","timestamp":"2026-01-01 15:10:45"}
{"level":"info","message":"Launching World | Loading Package Data - 53%","timestamp":"2026-01-01 15:10:45"}
{"level":"info","message":"Connected to database \"daggerheart-extra-content.loot-and-consumable-tables\"","timestamp":"2026-01-01 15:10:45"}
{"level":"info","message":"Launching World | Loading Package Data - 56%","timestamp":"2026-01-01 15:10:45"}
{"level":"info","message":"Connected to database \"daggerheart-extra-content.more-adversaries\"","timestamp":"2026-01-01 15:10:45"}
{"level":"info","message":"Launching World | Loading Package Data - 58%","timestamp":"2026-01-01 15:10:45"}
{"level":"info","message":"Connected to database \"daggerheart-extra-content.more-items\"","timestamp":"2026-01-01 15:10:45"}
{"level":"info","message":"Launching World | Loading Package Data - 61%","timestamp":"2026-01-01 15:10:45"}
{"level":"info","message":"Connected to database \"daggerheart-extra-content.curses\"","timestamp":"2026-01-01 15:10:45"}
{"level":"info","message":"Launching World | Loading Package Data - 64%","timestamp":"2026-01-01 15:10:45"}
{"level":"info","message":"Connected to database \"daggerheart-extra-content.ancestry\"","timestamp":"2026-01-01 15:10:45"}
{"level":"info","message":"Launching World | Loading Package Data - 67%","timestamp":"2026-01-01 15:10:45"}
{"level":"info","message":"Connected to database \"daggerheart-extra-content.house-rules\"","timestamp":"2026-01-01 15:10:45"}
{"level":"info","message":"Launching World | Loading Package Data - 69%","timestamp":"2026-01-01 15:10:45"}
{"level":"info","message":"Connected to database \"daggerheart-extra-content.classes\"","timestamp":"2026-01-01 15:10:45"}
{"level":"info","message":"Launching World | Loading Package Data - 72%","timestamp":"2026-01-01 15:10:45"}
{"level":"info","message":"Connected to database \"daggerheart-extra-content.subclasses\"","timestamp":"2026-01-01 15:10:45"}
{"level":"info","message":"Launching World | Loading Package Data - 75%","timestamp":"2026-01-01 15:10:45"}
{"level":"info","message":"Connected to database \"the-void-unofficial.classes\"","timestamp":"2026-01-01 15:10:45"}
{"level":"info","message":"Launching World | Loading Package Data - 78%","timestamp":"2026-01-01 15:10:45"}
{"level":"info","message":"Connected to database \"the-void-unofficial.subclasses\"","timestamp":"2026-01-01 15:10:45"}
{"level":"info","message":"Launching World | Loading Package Data - 81%","timestamp":"2026-01-01 15:10:45"}
{"level":"info","message":"Connected to database \"the-void-unofficial.ancestries\"","timestamp":"2026-01-01 15:10:45"}
{"level":"info","message":"Launching World | Loading Package Data - 83%","timestamp":"2026-01-01 15:10:45"}
{"level":"info","message":"Connected to database \"the-void-unofficial.communities\"","timestamp":"2026-01-01 15:10:45"}
{"level":"info","message":"Launching World | Loading Package Data - 86%","timestamp":"2026-01-01 15:10:45"}
{"level":"info","message":"Connected to database \"the-void-unofficial.domains\"","timestamp":"2026-01-01 15:10:45"}
{"level":"info","message":"Launching World | Loading Package Data - 89%","timestamp":"2026-01-01 15:10:45"}
{"level":"info","message":"Connected to database \"the-void-unofficial.transformations\"","timestamp":"2026-01-01 15:10:45"}
{"level":"info","message":"Launching World | Loading Package Data - 92%","timestamp":"2026-01-01 15:10:45"}
{"level":"info","message":"Connected to database \"the-void-unofficial.weapons\"","timestamp":"2026-01-01 15:10:45"}
{"level":"info","message":"Launching World | Loading Package Data - 94%","timestamp":"2026-01-01 15:10:45"}
{"level":"info","message":"Connected to database \"the-void-unofficial.macros\"","timestamp":"2026-01-01 15:10:45"}
{"level":"info","message":"Launching World | Loading Package Data - 97%","timestamp":"2026-01-01 15:10:45"}
{"level":"info","message":"Connected to database \"the-void-unofficial.adversaries--environments\"","timestamp":"2026-01-01 15:10:45"}
{"level":"info","message":"Launching World | Loading Package Data - 100%","timestamp":"2026-01-01 15:10:45"}
{"level":"info","message":"Created 0 Folder documents with ids: []","timestamp":"2026-01-01 15:10:45"}
{"level":"info","message":"Launching World | Migrating Package Data - 3%","timestamp":"2026-01-01 15:10:45"}
{"level":"info","message":"Launching World | Migrating Package Data - 6%","timestamp":"2026-01-01 15:10:45"}
{"level":"info","message":"Launching World | Migrating Package Data - 8%","timestamp":"2026-01-01 15:10:45"}
{"level":"info","message":"Launching World | Migrating Package Data - 11%","timestamp":"2026-01-01 15:10:45"}
{"level":"info","message":"Launching World | Migrating Package Data - 14%","timestamp":"2026-01-01 15:10:45"}
{"level":"info","message":"Launching World | Migrating Package Data - 17%","timestamp":"2026-01-01 15:10:45"}
{"level":"info","message":"Launching World | Migrating Package Data - 19%","timestamp":"2026-01-01 15:10:45"}
{"level":"info","message":"Launching World | Migrating Package Data - 22%","timestamp":"2026-01-01 15:10:45"}
{"level":"info","message":"Launching World | Migrating Package Data - 25%","timestamp":"2026-01-01 15:10:45"}
{"level":"info","message":"Launching World | Migrating Package Data - 28%","timestamp":"2026-01-01 15:10:45"}
{"level":"info","message":"Launching World | Migrating Package Data - 31%","timestamp":"2026-01-01 15:10:45"}
{"level":"info","message":"Launching World | Migrating Package Data - 33%","timestamp":"2026-01-01 15:10:45"}
{"level":"info","message":"Launching World | Migrating Package Data - 36%","timestamp":"2026-01-01 15:10:45"}
{"level":"info","message":"Launching World | Migrating Package Data - 39%","timestamp":"2026-01-01 15:10:45"}
{"level":"info","message":"Launching World | Migrating Package Data - 42%","timestamp":"2026-01-01 15:10:45"}
{"level":"error","message":"An error occurred during the migration of Macro record [AksCh0ciaGx7BuyA] of database \"daggerheart-extra-content.macros\":\nError: Documents from a core version newer than the running version cannot be migrated\n    at Function._migrateRecord (file:///C:/Users/Juanjo/Desktop/Juegos/Foundry-daggerheart/Portable-FoundryVTT-v13.348/App/resources/app/dist/database/backend/server-document.mjs:1:3713)\n    at Function._migrateDocuments (file:///C:/Users/Juanjo/Desktop/Juegos/Foundry-daggerheart/Portable-FoundryVTT-v13.348/App/resources/app/dist/database/backend/server-document.mjs:1:2782)","timestamp":"2026-01-01 15:10:45"}
{"level":"error","message":"An error occurred during the migration of Macro record [Ek2uYtA3xm78MKEc] of database \"daggerheart-extra-content.macros\":\nError: Documents from a core version newer than the running version cannot be migrated\n    at Function._migrateRecord (file:///C:/Users/Juanjo/Desktop/Juegos/Foundry-daggerheart/Portable-FoundryVTT-v13.348/App/resources/app/dist/database/backend/server-document.mjs:1:3713)\n    at Function._migrateDocuments (file:///C:/Users/Juanjo/Desktop/Juegos/Foundry-daggerheart/Portable-FoundryVTT-v13.348/App/resources/app/dist/database/backend/server-document.mjs:1:2782)","timestamp":"2026-01-01 15:10:45"}
{"level":"error","message":"An error occurred during the migration of Macro record [FUXtgmbsROZ9EZ64] of database \"daggerheart-extra-content.macros\":\nError: Documents from a core version newer than the running version cannot be migrated\n    at Function._migrateRecord (file:///C:/Users/Juanjo/Desktop/Juegos/Foundry-daggerheart/Portable-FoundryVTT-v13.348/App/resources/app/dist/database/backend/server-document.mjs:1:3713)\n    at Function._migrateDocuments (file:///C:/Users/Juanjo/Desktop/Juegos/Foundry-daggerheart/Portable-FoundryVTT-v13.348/App/resources/app/dist/database/backend/server-document.mjs:1:2782)","timestamp":"2026-01-01 15:10:45"}
{"level":"error","message":"An error occurred during the migration of Macro record [KMIecMvorWDWynzv] of database \"daggerheart-extra-content.macros\":\nError: Documents from a core version newer than the running version cannot be migrated\n    at Function._migrateRecord (file:///C:/Users/Juanjo/Desktop/Juegos/Foundry-daggerheart/Portable-FoundryVTT-v13.348/App/resources/app/dist/database/backend/server-document.mjs:1:3713)\n    at Function._migrateDocuments (file:///C:/Users/Juanjo/Desktop/Juegos/Foundry-daggerheart/Portable-FoundryVTT-v13.348/App/resources/app/dist/database/backend/server-document.mjs:1:2782)","timestamp":"2026-01-01 15:10:45"}
{"level":"error","message":"An error occurred during the migration of Macro record [MrVaunevxMfD1jiI] of database \"daggerheart-extra-content.macros\":\nError: Documents from a core version newer than the running version cannot be migrated\n    at Function._migrateRecord (file:///C:/Users/Juanjo/Desktop/Juegos/Foundry-daggerheart/Portable-FoundryVTT-v13.348/App/resources/app/dist/database/backend/server-document.mjs:1:3713)\n    at Function._migrateDocuments (file:///C:/Users/Juanjo/Desktop/Juegos/Foundry-daggerheart/Portable-FoundryVTT-v13.348/App/resources/app/dist/database/backend/server-document.mjs:1:2782)","timestamp":"2026-01-01 15:10:45"}
{"level":"error","message":"An error occurred during the migration of Macro record [f4seowyhjSLdBpIw] of database \"daggerheart-extra-content.macros\":\nError: Documents from a core version newer than the running version cannot be migrated\n    at Function._migrateRecord (file:///C:/Users/Juanjo/Desktop/Juegos/Foundry-daggerheart/Portable-FoundryVTT-v13.348/App/resources/app/dist/database/backend/server-document.mjs:1:3713)\n    at Function._migrateDocuments (file:///C:/Users/Juanjo/Desktop/Juegos/Foundry-daggerheart/Portable-FoundryVTT-v13.348/App/resources/app/dist/database/backend/server-document.mjs:1:2782)","timestamp":"2026-01-01 15:10:45"}
{"level":"error","message":"An error occurred during the migration of Macro record [lCYBPohT8hPPOpeK] of database \"daggerheart-extra-content.macros\":\nError: Documents from a core version newer than the running version cannot be migrated\n    at Function._migrateRecord (file:///C:/Users/Juanjo/Desktop/Juegos/Foundry-daggerheart/Portable-FoundryVTT-v13.348/App/resources/app/dist/database/backend/server-document.mjs:1:3713)\n    at Function._migrateDocuments (file:///C:/Users/Juanjo/Desktop/Juegos/Foundry-daggerheart/Portable-FoundryVTT-v13.348/App/resources/app/dist/database/backend/server-document.mjs:1:2782)","timestamp":"2026-01-01 15:10:45"}
{"level":"error","message":"An error occurred during the migration of Macro record [mu2CD5fN0NvxcqYl] of database \"daggerheart-extra-content.macros\":\nError: Documents from a core version newer than the running version cannot be migrated\n    at Function._migrateRecord (file:///C:/Users/Juanjo/Desktop/Juegos/Foundry-daggerheart/Portable-FoundryVTT-v13.348/App/resources/app/dist/database/backend/server-document.mjs:1:3713)\n    at Function._migrateDocuments (file:///C:/Users/Juanjo/Desktop/Juegos/Foundry-daggerheart/Portable-FoundryVTT-v13.348/App/resources/app/dist/database/backend/server-document.mjs:1:2782)","timestamp":"2026-01-01 15:10:45"}
{"level":"error","message":"An error occurred during the migration of Macro record [zWi79s5QqaZnMMtX] of database \"daggerheart-extra-content.macros\":\nError: Documents from a core version newer than the running version cannot be migrated\n    at Function._migrateRecord (file:///C:/Users/Juanjo/Desktop/Juegos/Foundry-daggerheart/Portable-FoundryVTT-v13.348/App/resources/app/dist/database/backend/server-document.mjs:1:3713)\n    at Function._migrateDocuments (file:///C:/Users/Juanjo/Desktop/Juegos/Foundry-daggerheart/Portable-FoundryVTT-v13.348/App/resources/app/dist/database/backend/server-document.mjs:1:2782)","timestamp":"2026-01-01 15:10:45"}
{"level":"warn","message":"Database daggerheart-extra-content.macros was not fully migrated due to errors during migration.","timestamp":"2026-01-01 15:10:45"}
{"level":"info","message":"Launching World | Migrating Package Data - 44%","timestamp":"2026-01-01 15:10:45"}
{"level":"info","message":"Launching World | Migrating Package Data - 47%","timestamp":"2026-01-01 15:10:45"}
{"level":"info","message":"Launching World | Migrating Package Data - 50%","timestamp":"2026-01-01 15:10:45"}
{"level":"info","message":"Launching World | Migrating Package Data - 53%","timestamp":"2026-01-01 15:10:45"}
{"level":"info","message":"Launching World | Migrating Package Data - 56%","timestamp":"2026-01-01 15:10:45"}
{"level":"error","message":"An error occurred during the migration of Actor record [2owady11IfU1vset] of database \"daggerheart-extra-content.more-adversaries\":\nError: Documents from a core version newer than the running version cannot be migrated\n    at Function._migrateRecord (file:///C:/Users/Juanjo/Desktop/Juegos/Foundry-daggerheart/Portable-FoundryVTT-v13.348/App/resources/app/dist/database/backend/server-document.mjs:1:3713)\n    at Function._migrateDocuments (file:///C:/Users/Juanjo/Desktop/Juegos/Foundry-daggerheart/Portable-FoundryVTT-v13.348/App/resources/app/dist/database/backend/server-document.mjs:1:2782)","timestamp":"2026-01-01 15:10:45"}
{"level":"error","message":"An error occurred during the migration of Actor record [3wZn34orKgheuXnE] of database \"daggerheart-extra-content.more-adversaries\":\nError: Documents from a core version newer than the running version cannot be migrated\n    at Function._migrateRecord (file:///C:/Users/Juanjo/Desktop/Juegos/Foundry-daggerheart/Portable-FoundryVTT-v13.348/App/resources/app/dist/database/backend/server-document.mjs:1:3713)\n    at Function._migrateDocuments (file:///C:/Users/Juanjo/Desktop/Juegos/Foundry-daggerheart/Portable-FoundryVTT-v13.348/App/resources/app/dist/database/backend/server-document.mjs:1:2782)","timestamp":"2026-01-01 15:10:45"}
{"level":"error","message":"An error occurred during the migration of Actor record [4GkDrUgRyp9FHTAN] of database \"daggerheart-extra-content.more-adversaries\":\nError: Documents from a core version newer than the running version cannot be migrated\n    at Function._migrateRecord (file:///C:/Users/Juanjo/Desktop/Juegos/Foundry-daggerheart/Portable-FoundryVTT-v13.348/App/resources/app/dist/database/backend/server-document.mjs:1:3713)\n    at Function._migrateDocuments (file:///C:/Users/Juanjo/Desktop/Juegos/Foundry-daggerheart/Portable-FoundryVTT-v13.348/App/resources/app/dist/database/backend/server-document.mjs:1:2782)","timestamp":"2026-01-01 15:10:45"}
{"level":"error","message":"An error occurred during the migration of Actor record [6wxPxm4joQnoIjdX] of database \"daggerheart-extra-content.more-adversaries\":\nError: Documents from a core version newer than the running version cannot be migrated\n    at Function._migrateRecord (file:///C:/Users/Juanjo/Desktop/Juegos/Foundry-daggerheart/Portable-FoundryVTT-v13.348/App/resources/app/dist/database/backend/server-document.mjs:1:3713)\n    at Function._migrateDocuments (file:///C:/Users/Juanjo/Desktop/Juegos/Foundry-daggerheart/Portable-FoundryVTT-v13.348/App/resources/app/dist/database/backend/server-document.mjs:1:2782)","timestamp":"2026-01-01 15:10:45"}
{"level":"error","message":"An error occurred during the migration of Actor record [CBjyTRc9xNjmDAM4] of database \"daggerheart-extra-content.more-adversaries\":\nError: Documents from a core version newer than the running version cannot be migrated\n    at Function._migrateRecord (file:///C:/Users/Juanjo/Desktop/Juegos/Foundry-daggerheart/Portable-FoundryVTT-v13.348/App/resources/app/dist/database/backend/server-document.mjs:1:3713)\n    at Function._migrateDocuments (file:///C:/Users/Juanjo/Desktop/Juegos/Foundry-daggerheart/Portable-FoundryVTT-v13.348/App/resources/app/dist/database/backend/server-document.mjs:1:2782)","timestamp":"2026-01-01 15:10:45"}
{"level":"error","message":"An error occurred during the migration of Actor record [D2mYxxduZN4h55cD] of database \"daggerheart-extra-content.more-adversaries\":\nError: Documents from a core version newer than the running version cannot be migrated\n    at Function._migrateRecord (file:///C:/Users/Juanjo/Desktop/Juegos/Foundry-daggerheart/Portable-FoundryVTT-v13.348/App/resources/app/dist/database/backend/server-document.mjs:1:3713)\n    at Function._migrateDocuments (file:///C:/Users/Juanjo/Desktop/Juegos/Foundry-daggerheart/Portable-FoundryVTT-v13.348/App/resources/app/dist/database/backend/server-document.mjs:1:2782)","timestamp":"2026-01-01 15:10:45"}
{"level":"error","message":"An error occurred during the migration of Actor record [GZeCYbWDzYS2iCF9] of database \"daggerheart-extra-content.more-adversaries\":\nError: Documents from a core version newer than the running version cannot be migrated\n    at Function._migrateRecord (file:///C:/Users/Juanjo/Desktop/Juegos/Foundry-daggerheart/Portable-FoundryVTT-v13.348/App/resources/app/dist/database/backend/server-document.mjs:1:3713)\n    at Function._migrateDocuments (file:///C:/Users/Juanjo/Desktop/Juegos/Foundry-daggerheart/Portable-FoundryVTT-v13.348/App/resources/app/dist/database/backend/server-document.mjs:1:2782)","timestamp":"2026-01-01 15:10:45"}
{"level":"error","message":"An error occurred during the migration of Actor record [HFoDDFrRRoLOx6rS] of database \"daggerheart-extra-content.more-adversaries\":\nError: Documents from a core version newer than the running version cannot be migrated\n    at Function._migrateRecord (file:///C:/Users/Juanjo/Desktop/Juegos/Foundry-daggerheart/Portable-FoundryVTT-v13.348/App/resources/app/dist/database/backend/server-document.mjs:1:3713)\n    at Function._migrateDocuments (file:///C:/Users/Juanjo/Desktop/Juegos/Foundry-daggerheart/Portable-FoundryVTT-v13.348/App/resources/app/dist/database/backend/server-document.mjs:1:2782)","timestamp":"2026-01-01 15:10:45"}
{"level":"error","message":"An error occurred during the migration of Actor record [Je6XBGhfDKSY3DEk] of database \"daggerheart-extra-content.more-adversaries\":\nError: Documents from a core version newer than the running version cannot be migrated\n    at Function._migrateRecord (file:///C:/Users/Juanjo/Desktop/Juegos/Foundry-daggerheart/Portable-FoundryVTT-v13.348/App/resources/app/dist/database/backend/server-document.mjs:1:3713)\n    at Function._migrateDocuments (file:///C:/Users/Juanjo/Desktop/Juegos/Foundry-daggerheart/Portable-FoundryVTT-v13.348/App/resources/app/dist/database/backend/server-document.mjs:1:2782)","timestamp":"2026-01-01 15:10:45"}
{"level":"error","message":"An error occurred during the migration of Actor record [RIpmM1hiW9aRSlR5] of database \"daggerheart-extra-content.more-adversaries\":\nError: Documents from a core version newer than the running version cannot be migrated\n    at Function._migrateRecord (file:///C:/Users/Juanjo/Desktop/Juegos/Foundry-daggerheart/Portable-FoundryVTT-v13.348/App/resources/app/dist/database/backend/server-document.mjs:1:3713)\n    at Function._migrateDocuments (file:///C:/Users/Juanjo/Desktop/Juegos/Foundry-daggerheart/Portable-FoundryVTT-v13.348/App/resources/app/dist/database/backend/server-document.mjs:1:2782)","timestamp":"2026-01-01 15:10:45"}
{"level":"error","message":"An error occurred during the migration of Actor record [RlIaKDY410J1Braw] of database \"daggerheart-extra-content.more-adversaries\":\nError: Documents from a core version newer than the running version cannot be migrated\n    at Function._migrateRecord (file:///C:/Users/Juanjo/Desktop/Juegos/Foundry-daggerheart/Portable-FoundryVTT-v13.348/App/resources/app/dist/database/backend/server-document.mjs:1:3713)\n    at Function._migrateDocuments (file:///C:/Users/Juanjo/Desktop/Juegos/Foundry-daggerheart/Portable-FoundryVTT-v13.348/App/resources/app/dist/database/backend/server-document.mjs:1:2782)","timestamp":"2026-01-01 15:10:45"}
{"level":"error","message":"An error occurred during the migration of Actor record [Uu7RvfCQnjz6CNhI] of database \"daggerheart-extra-content.more-adversaries\":\nError: Documents from a core version newer than the running version cannot be migrated\n    at Function._migrateRecord (file:///C:/Users/Juanjo/Desktop/Juegos/Foundry-daggerheart/Portable-FoundryVTT-v13.348/App/resources/app/dist/database/backend/server-document.mjs:1:3713)\n    at Function._migrateDocuments (file:///C:/Users/Juanjo/Desktop/Juegos/Foundry-daggerheart/Portable-FoundryVTT-v13.348/App/resources/app/dist/database/backend/server-document.mjs:1:2782)","timestamp":"2026-01-01 15:10:45"}
{"level":"error","message":"An error occurred during the migration of Actor record [dz7P6qQlXyDH34fj] of database \"daggerheart-extra-content.more-adversaries\":\nError: Documents from a core version newer than the running version cannot be migrated\n    at Function._migrateRecord (file:///C:/Users/Juanjo/Desktop/Juegos/Foundry-daggerheart/Portable-FoundryVTT-v13.348/App/resources/app/dist/database/backend/server-document.mjs:1:3713)\n    at Function._migrateDocuments (file:///C:/Users/Juanjo/Desktop/Juegos/Foundry-daggerheart/Portable-FoundryVTT-v13.348/App/resources/app/dist/database/backend/server-document.mjs:1:2782)","timestamp":"2026-01-01 15:10:45"}
{"level":"error","message":"An error occurred during the migration of Actor record [eQ87jrVECayfpio3] of database \"daggerheart-extra-content.more-adversaries\":\nError: Documents from a core version newer than the running version cannot be migrated\n    at Function._migrateRecord (file:///C:/Users/Juanjo/Desktop/Juegos/Foundry-daggerheart/Portable-FoundryVTT-v13.348/App/resources/app/dist/database/backend/server-document.mjs:1:3713)\n    at Function._migrateDocuments (file:///C:/Users/Juanjo/Desktop/Juegos/Foundry-daggerheart/Portable-FoundryVTT-v13.348/App/resources/app/dist/database/backend/server-document.mjs:1:2782)","timestamp":"2026-01-01 15:10:45"}
{"level":"error","message":"An error occurred during the migration of Actor record [f7a0iCjxLOcnoOry] of database \"daggerheart-extra-content.more-adversaries\":\nError: Documents from a core version newer than the running version cannot be migrated\n    at Function._migrateRecord (file:///C:/Users/Juanjo/Desktop/Juegos/Foundry-daggerheart/Portable-FoundryVTT-v13.348/App/resources/app/dist/database/backend/server-document.mjs:1:3713)\n    at Function._migrateDocuments (file:///C:/Users/Juanjo/Desktop/Juegos/Foundry-daggerheart/Portable-FoundryVTT-v13.348/App/resources/app/dist/database/backend/server-document.mjs:1:2782)","timestamp":"2026-01-01 15:10:45"}
{"level":"error","message":"An error occurred during the migration of Actor record [j0ncG4oNxG6c7CoZ] of database \"daggerheart-extra-content.more-adversaries\":\nError: Documents from a core version newer than the running version cannot be migrated\n    at Function._migrateRecord (file:///C:/Users/Juanjo/Desktop/Juegos/Foundry-daggerheart/Portable-FoundryVTT-v13.348/App/resources/app/dist/database/backend/server-document.mjs:1:3713)\n    at Function._migrateDocuments (file:///C:/Users/Juanjo/Desktop/Juegos/Foundry-daggerheart/Portable-FoundryVTT-v13.348/App/resources/app/dist/database/backend/server-document.mjs:1:2782)","timestamp":"2026-01-01 15:10:45"}
{"level":"error","message":"An error occurred during the migration of Actor record [n7SBEHvb48tFamKO] of database \"daggerheart-extra-content.more-adversaries\":\nError: Documents from a core version newer than the running version cannot be migrated\n    at Function._migrateRecord (file:///C:/Users/Juanjo/Desktop/Juegos/Foundry-daggerheart/Portable-FoundryVTT-v13.348/App/resources/app/dist/database/backend/server-document.mjs:1:3713)\n    at Function._migrateDocuments (file:///C:/Users/Juanjo/Desktop/Juegos/Foundry-daggerheart/Portable-FoundryVTT-v13.348/App/resources/app/dist/database/backend/server-document.mjs:1:2782)","timestamp":"2026-01-01 15:10:45"}
{"level":"error","message":"An error occurred during the migration of Actor record [p7LYTbyuPUNisLQ5] of database \"daggerheart-extra-content.more-adversaries\":\nError: Documents from a core version newer than the running version cannot be migrated\n    at Function._migrateRecord (file:///C:/Users/Juanjo/Desktop/Juegos/Foundry-daggerheart/Portable-FoundryVTT-v13.348/App/resources/app/dist/database/backend/server-document.mjs:1:3713)\n    at Function._migrateDocuments (file:///C:/Users/Juanjo/Desktop/Juegos/Foundry-daggerheart/Portable-FoundryVTT-v13.348/App/resources/app/dist/database/backend/server-document.mjs:1:2782)","timestamp":"2026-01-01 15:10:45"}
{"level":"error","message":"An error occurred during the migration of Actor record [pCEWxOqd7C0B9DxO] of database \"daggerheart-extra-content.more-adversaries\":\nError: Documents from a core version newer than the running version cannot be migrated\n    at Function._migrateRecord (file:///C:/Users/Juanjo/Desktop/Juegos/Foundry-daggerheart/Portable-FoundryVTT-v13.348/App/resources/app/dist/database/backend/server-document.mjs:1:3713)\n    at Function._migrateDocuments (file:///C:/Users/Juanjo/Desktop/Juegos/Foundry-daggerheart/Portable-FoundryVTT-v13.348/App/resources/app/dist/database/backend/server-document.mjs:1:2782)","timestamp":"2026-01-01 15:10:45"}
{"level":"error","message":"An error occurred during the migration of Actor record [pCkMBn3zgF4WA1zz] of database \"daggerheart-extra-content.more-adversaries\":\nError: Documents from a core version newer than the running version cannot be migrated\n    at Function._migrateRecord (file:///C:/Users/Juanjo/Desktop/Juegos/Foundry-daggerheart/Portable-FoundryVTT-v13.348/App/resources/app/dist/database/backend/server-document.mjs:1:3713)\n    at Function._migrateDocuments (file:///C:/Users/Juanjo/Desktop/Juegos/Foundry-daggerheart/Portable-FoundryVTT-v13.348/App/resources/app/dist/database/backend/server-document.mjs:1:2782)","timestamp":"2026-01-01 15:10:45"}
{"level":"error","message":"An error occurred during the migration of Actor record [sEtsUW24RgFB83TQ] of database \"daggerheart-extra-content.more-adversaries\":\nError: Documents from a core version newer than the running version cannot be migrated\n    at Function._migrateRecord (file:///C:/Users/Juanjo/Desktop/Juegos/Foundry-daggerheart/Portable-FoundryVTT-v13.348/App/resources/app/dist/database/backend/server-document.mjs:1:3713)\n    at Function._migrateDocuments (file:///C:/Users/Juanjo/Desktop/Juegos/Foundry-daggerheart/Portable-FoundryVTT-v13.348/App/resources/app/dist/database/backend/server-document.mjs:1:2782)","timestamp":"2026-01-01 15:10:45"}
{"level":"error","message":"An error occurred during the migration of Actor record [sKqhR4Gzsc953DBq] of database \"daggerheart-extra-content.more-adversaries\":\nError: Documents from a core version newer than the running version cannot be migrated\n    at Function._migrateRecord (file:///C:/Users/Juanjo/Desktop/Juegos/Foundry-daggerheart/Portable-FoundryVTT-v13.348/App/resources/app/dist/database/backend/server-document.mjs:1:3713)\n    at Function._migrateDocuments (file:///C:/Users/Juanjo/Desktop/Juegos/Foundry-daggerheart/Portable-FoundryVTT-v13.348/App/resources/app/dist/database/backend/server-document.mjs:1:2782)","timestamp":"2026-01-01 15:10:45"}
{"level":"warn","message":"Database daggerheart-extra-content.more-adversaries was not fully migrated due to errors during migration.","timestamp":"2026-01-01 15:10:45"}
{"level":"info","message":"Launching World | Migrating Package Data - 58%","timestamp":"2026-01-01 15:10:45"}
{"level":"info","message":"Launching World | Migrating Package Data - 61%","timestamp":"2026-01-01 15:10:45"}
{"level":"info","message":"Launching World | Migrating Package Data - 64%","timestamp":"2026-01-01 15:10:45"}
{"level":"error","message":"An error occurred during the migration of Item record [04I86qVoEQ310sCR] of database \"daggerheart-extra-content.ancestry\":\nError: Documents from a core version newer than the running version cannot be migrated\n    at Function._migrateRecord (file:///C:/Users/Juanjo/Desktop/Juegos/Foundry-daggerheart/Portable-FoundryVTT-v13.348/App/resources/app/dist/database/backend/server-document.mjs:1:3713)\n    at Function._migrateDocuments (file:///C:/Users/Juanjo/Desktop/Juegos/Foundry-daggerheart/Portable-FoundryVTT-v13.348/App/resources/app/dist/database/backend/server-document.mjs:1:2782)","timestamp":"2026-01-01 15:10:45"}
{"level":"error","message":"An error occurred during the migration of Item record [2zyMaehKcKOEGM4E] of database \"daggerheart-extra-content.ancestry\":\nError: Documents from a core version newer than the running version cannot be migrated\n    at Function._migrateRecord (file:///C:/Users/Juanjo/Desktop/Juegos/Foundry-daggerheart/Portable-FoundryVTT-v13.348/App/resources/app/dist/database/backend/server-document.mjs:1:3713)\n    at Function._migrateDocuments (file:///C:/Users/Juanjo/Desktop/Juegos/Foundry-daggerheart/Portable-FoundryVTT-v13.348/App/resources/app/dist/database/backend/server-document.mjs:1:2782)","timestamp":"2026-01-01 15:10:45"}
{"level":"error","message":"An error occurred during the migration of Item record [Fc3hqveUPZNSVSk7] of database \"daggerheart-extra-content.ancestry\":\nError: Documents from a core version newer than the running version cannot be migrated\n    at Function._migrateRecord (file:///C:/Users/Juanjo/Desktop/Juegos/Foundry-daggerheart/Portable-FoundryVTT-v13.348/App/resources/app/dist/database/backend/server-document.mjs:1:3713)\n    at Function._migrateDocuments (file:///C:/Users/Juanjo/Desktop/Juegos/Foundry-daggerheart/Portable-FoundryVTT-v13.348/App/resources/app/dist/database/backend/server-document.mjs:1:2782)","timestamp":"2026-01-01 15:10:45"}
{"level":"error","message":"An error occurred during the migration of Item record [QbBbdOgrtxEIWQHB] of database \"daggerheart-extra-content.ancestry\":\nError: Documents from a core version newer than the running version cannot be migrated\n    at Function._migrateRecord (file:///C:/Users/Juanjo/Desktop/Juegos/Foundry-daggerheart/Portable-FoundryVTT-v13.348/App/resources/app/dist/database/backend/server-document.mjs:1:3713)\n    at Function._migrateDocuments (file:///C:/Users/Juanjo/Desktop/Juegos/Foundry-daggerheart/Portable-FoundryVTT-v13.348/App/resources/app/dist/database/backend/server-document.mjs:1:2782)","timestamp":"2026-01-01 15:10:45"}
{"level":"error","message":"An error occurred during the migration of Item record [WOHi9gvF8Ha10EnF] of database \"daggerheart-extra-content.ancestry\":\nError: Documents from a core version newer than the running version cannot be migrated\n    at Function._migrateRecord (file:///C:/Users/Juanjo/Desktop/Juegos/Foundry-daggerheart/Portable-FoundryVTT-v13.348/App/resources/app/dist/database/backend/server-document.mjs:1:3713)\n    at Function._migrateDocuments (file:///C:/Users/Juanjo/Desktop/Juegos/Foundry-daggerheart/Portable-FoundryVTT-v13.348/App/resources/app/dist/database/backend/server-document.mjs:1:2782)","timestamp":"2026-01-01 15:10:45"}
{"level":"error","message":"An error occurred during the migration of Item record [jP4n9wzq0wvfxULo] of database \"daggerheart-extra-content.ancestry\":\nError: Documents from a core version newer than the running version cannot be migrated\n    at Function._migrateRecord (file:///C:/Users/Juanjo/Desktop/Juegos/Foundry-daggerheart/Portable-FoundryVTT-v13.348/App/resources/app/dist/database/backend/server-document.mjs:1:3713)\n    at Function._migrateDocuments (file:///C:/Users/Juanjo/Desktop/Juegos/Foundry-daggerheart/Portable-FoundryVTT-v13.348/App/resources/app/dist/database/backend/server-document.mjs:1:2782)","timestamp":"2026-01-01 15:10:45"}
{"level":"error","message":"An error occurred during the migration of Item record [pjtNmhoBNxjrzRPk] of database \"daggerheart-extra-content.ancestry\":\nError: Documents from a core version newer than the running version cannot be migrated\n    at Function._migrateRecord (file:///C:/Users/Juanjo/Desktop/Juegos/Foundry-daggerheart/Portable-FoundryVTT-v13.348/App/resources/app/dist/database/backend/server-document.mjs:1:3713)\n    at Function._migrateDocuments (file:///C:/Users/Juanjo/Desktop/Juegos/Foundry-daggerheart/Portable-FoundryVTT-v13.348/App/resources/app/dist/database/backend/server-document.mjs:1:2782)","timestamp":"2026-01-01 15:10:45"}
{"level":"error","message":"An error occurred during the migration of Item record [vWfsYRjrKPUne2nZ] of database \"daggerheart-extra-content.ancestry\":\nError: Documents from a core version newer than the running version cannot be migrated\n    at Function._migrateRecord (file:///C:/Users/Juanjo/Desktop/Juegos/Foundry-daggerheart/Portable-FoundryVTT-v13.348/App/resources/app/dist/database/backend/server-document.mjs:1:3713)\n    at Function._migrateDocuments (file:///C:/Users/Juanjo/Desktop/Juegos/Foundry-daggerheart/Portable-FoundryVTT-v13.348/App/resources/app/dist/database/backend/server-document.mjs:1:2782)","timestamp":"2026-01-01 15:10:45"}
{"level":"error","message":"An error occurred during the migration of Item record [y4tOp4lUYpyC7YJW] of database \"daggerheart-extra-content.ancestry\":\nError: Documents from a core version newer than the running version cannot be migrated\n    at Function._migrateRecord (file:///C:/Users/Juanjo/Desktop/Juegos/Foundry-daggerheart/Portable-FoundryVTT-v13.348/App/resources/app/dist/database/backend/server-document.mjs:1:3713)\n    at Function._migrateDocuments (file:///C:/Users/Juanjo/Desktop/Juegos/Foundry-daggerheart/Portable-FoundryVTT-v13.348/App/resources/app/dist/database/backend/server-document.mjs:1:2782)","timestamp":"2026-01-01 15:10:45"}
{"level":"warn","message":"Database daggerheart-extra-content.ancestry was not fully migrated due to errors during migration.","timestamp":"2026-01-01 15:10:45"}
{"level":"info","message":"Launching World | Migrating Package Data - 67%","timestamp":"2026-01-01 15:10:45"}
{"level":"info","message":"Launching World | Migrating Package Data - 69%","timestamp":"2026-01-01 15:10:45"}
{"level":"error","message":"An error occurred during the migration of Item record [8D0NQR901j0Kx0zb] of database \"daggerheart-extra-content.classes\":\nError: Documents from a core version newer than the running version cannot be migrated\n    at Function._migrateRecord (file:///C:/Users/Juanjo/Desktop/Juegos/Foundry-daggerheart/Portable-FoundryVTT-v13.348/App/resources/app/dist/database/backend/server-document.mjs:1:3713)\n    at Function._migrateDocuments (file:///C:/Users/Juanjo/Desktop/Juegos/Foundry-daggerheart/Portable-FoundryVTT-v13.348/App/resources/app/dist/database/backend/server-document.mjs:1:2782)","timestamp":"2026-01-01 15:10:45"}
{"level":"error","message":"An error occurred during the migration of Item record [B90E3nk0uBeZpPw8] of database \"daggerheart-extra-content.classes\":\nError: Documents from a core version newer than the running version cannot be migrated\n    at Function._migrateRecord (file:///C:/Users/Juanjo/Desktop/Juegos/Foundry-daggerheart/Portable-FoundryVTT-v13.348/App/resources/app/dist/database/backend/server-document.mjs:1:3713)\n    at Function._migrateDocuments (file:///C:/Users/Juanjo/Desktop/Juegos/Foundry-daggerheart/Portable-FoundryVTT-v13.348/App/resources/app/dist/database/backend/server-document.mjs:1:2782)","timestamp":"2026-01-01 15:10:45"}
{"level":"error","message":"An error occurred during the migration of Item record [E5d3CnR98vEXt8QS] of database \"daggerheart-extra-content.classes\":\nError: Documents from a core version newer than the running version cannot be migrated\n    at Function._migrateRecord (file:///C:/Users/Juanjo/Desktop/Juegos/Foundry-daggerheart/Portable-FoundryVTT-v13.348/App/resources/app/dist/database/backend/server-document.mjs:1:3713)\n    at Function._migrateDocuments (file:///C:/Users/Juanjo/Desktop/Juegos/Foundry-daggerheart/Portable-FoundryVTT-v13.348/App/resources/app/dist/database/backend/server-document.mjs:1:2782)","timestamp":"2026-01-01 15:10:45"}
{"level":"error","message":"An error occurred during the migration of Item record [EcUepPeaFQz7tnme] of database \"daggerheart-extra-content.classes\":\nError: Documents from a core version newer than the running version cannot be migrated\n    at Function._migrateRecord (file:///C:/Users/Juanjo/Desktop/Juegos/Foundry-daggerheart/Portable-FoundryVTT-v13.348/App/resources/app/dist/database/backend/server-document.mjs:1:3713)\n    at Function._migrateDocuments (file:///C:/Users/Juanjo/Desktop/Juegos/Foundry-daggerheart/Portable-FoundryVTT-v13.348/App/resources/app/dist/database/backend/server-document.mjs:1:2782)","timestamp":"2026-01-01 15:10:45"}
{"level":"error","message":"An error occurred during the migration of Item record [MAT6l8tUvELiLK4L] of database \"daggerheart-extra-content.classes\":\nError: Documents from a core version newer than the running version cannot be migrated\n    at Function._migrateRecord (file:///C:/Users/Juanjo/Desktop/Juegos/Foundry-daggerheart/Portable-FoundryVTT-v13.348/App/resources/app/dist/database/backend/server-document.mjs:1:3713)\n    at Function._migrateDocuments (file:///C:/Users/Juanjo/Desktop/Juegos/Foundry-daggerheart/Portable-FoundryVTT-v13.348/App/resources/app/dist/database/backend/server-document.mjs:1:2782)","timestamp":"2026-01-01 15:10:45"}
{"level":"error","message":"An error occurred during the migration of Item record [N4mXcAWdpFYJdWZn] of database \"daggerheart-extra-content.classes\":\nError: Documents from a core version newer than the running version cannot be migrated\n    at Function._migrateRecord (file:///C:/Users/Juanjo/Desktop/Juegos/Foundry-daggerheart/Portable-FoundryVTT-v13.348/App/resources/app/dist/database/backend/server-document.mjs:1:3713)\n    at Function._migrateDocuments (file:///C:/Users/Juanjo/Desktop/Juegos/Foundry-daggerheart/Portable-FoundryVTT-v13.348/App/resources/app/dist/database/backend/server-document.mjs:1:2782)","timestamp":"2026-01-01 15:10:45"}
{"level":"error","message":"An error occurred during the migration of Item record [g01PAvRJsgiUHpnD] of database \"daggerheart-extra-content.classes\":\nError: Documents from a core version newer than the running version cannot be migrated\n    at Function._migrateRecord (file:///C:/Users/Juanjo/Desktop/Juegos/Foundry-daggerheart/Portable-FoundryVTT-v13.348/App/resources/app/dist/database/backend/server-document.mjs:1:3713)\n    at Function._migrateDocuments (file:///C:/Users/Juanjo/Desktop/Juegos/Foundry-daggerheart/Portable-FoundryVTT-v13.348/App/resources/app/dist/database/backend/server-document.mjs:1:2782)","timestamp":"2026-01-01 15:10:45"}
{"level":"error","message":"An error occurred during the migration of Item record [hXehaNaOdYzSJqxf] of database \"daggerheart-extra-content.classes\":\nError: Documents from a core version newer than the running version cannot be migrated\n    at Function._migrateRecord (file:///C:/Users/Juanjo/Desktop/Juegos/Foundry-daggerheart/Portable-FoundryVTT-v13.348/App/resources/app/dist/database/backend/server-document.mjs:1:3713)\n    at Function._migrateDocuments (file:///C:/Users/Juanjo/Desktop/Juegos/Foundry-daggerheart/Portable-FoundryVTT-v13.348/App/resources/app/dist/database/backend/server-document.mjs:1:2782)","timestamp":"2026-01-01 15:10:45"}
{"level":"error","message":"An error occurred during the migration of Item record [k4NTq8kIqQNNv9bl] of database \"daggerheart-extra-content.classes\":\nError: Documents from a core version newer than the running version cannot be migrated\n    at Function._migrateRecord (file:///C:/Users/Juanjo/Desktop/Juegos/Foundry-daggerheart/Portable-FoundryVTT-v13.348/App/resources/app/dist/database/backend/server-document.mjs:1:3713)\n    at Function._migrateDocuments (file:///C:/Users/Juanjo/Desktop/Juegos/Foundry-daggerheart/Portable-FoundryVTT-v13.348/App/resources/app/dist/database/backend/server-document.mjs:1:2782)","timestamp":"2026-01-01 15:10:45"}
{"level":"error","message":"An error occurred during the migration of Item record [m0xIb9uq6tlZdsoz] of database \"daggerheart-extra-content.classes\":\nError: Documents from a core version newer than the running version cannot be migrated\n    at Function._migrateRecord (file:///C:/Users/Juanjo/Desktop/Juegos/Foundry-daggerheart/Portable-FoundryVTT-v13.348/App/resources/app/dist/database/backend/server-document.mjs:1:3713)\n    at Function._migrateDocuments (file:///C:/Users/Juanjo/Desktop/Juegos/Foundry-daggerheart/Portable-FoundryVTT-v13.348/App/resources/app/dist/database/backend/server-document.mjs:1:2782)","timestamp":"2026-01-01 15:10:45"}
{"level":"error","message":"An error occurred during the migration of Item record [mYoYtle6DKA0UwQd] of database \"daggerheart-extra-content.classes\":\nError: Documents from a core version newer than the running version cannot be migrated\n    at Function._migrateRecord (file:///C:/Users/Juanjo/Desktop/Juegos/Foundry-daggerheart/Portable-FoundryVTT-v13.348/App/resources/app/dist/database/backend/server-document.mjs:1:3713)\n    at Function._migrateDocuments (file:///C:/Users/Juanjo/Desktop/Juegos/Foundry-daggerheart/Portable-FoundryVTT-v13.348/App/resources/app/dist/database/backend/server-document.mjs:1:2782)","timestamp":"2026-01-01 15:10:45"}
{"level":"error","message":"An error occurred during the migration of Item record [xGemeGMXhosaM22K] of database \"daggerheart-extra-content.classes\":\nError: Documents from a core version newer than the running version cannot be migrated\n    at Function._migrateRecord (file:///C:/Users/Juanjo/Desktop/Juegos/Foundry-daggerheart/Portable-FoundryVTT-v13.348/App/resources/app/dist/database/backend/server-document.mjs:1:3713)\n    at Function._migrateDocuments (file:///C:/Users/Juanjo/Desktop/Juegos/Foundry-daggerheart/Portable-FoundryVTT-v13.348/App/resources/app/dist/database/backend/server-document.mjs:1:2782)","timestamp":"2026-01-01 15:10:45"}
{"level":"error","message":"An error occurred during the migration of Item record [zzaKRTPuYEahfilp] of database \"daggerheart-extra-content.classes\":\nError: Documents from a core version newer than the running version cannot be migrated\n    at Function._migrateRecord (file:///C:/Users/Juanjo/Desktop/Juegos/Foundry-daggerheart/Portable-FoundryVTT-v13.348/App/resources/app/dist/database/backend/server-document.mjs:1:3713)\n    at Function._migrateDocuments (file:///C:/Users/Juanjo/Desktop/Juegos/Foundry-daggerheart/Portable-FoundryVTT-v13.348/App/resources/app/dist/database/backend/server-document.mjs:1:2782)","timestamp":"2026-01-01 15:10:45"}
{"level":"warn","message":"Database daggerheart-extra-content.classes was not fully migrated due to errors during migration.","timestamp":"2026-01-01 15:10:45"}
{"level":"info","message":"Launching World | Migrating Package Data - 72%","timestamp":"2026-01-01 15:10:45"}
{"level":"error","message":"An error occurred during the migration of Item record [0YAGrauVMvqpHUou] of database \"daggerheart-extra-content.subclasses\":\nError: Documents from a core version newer than the running version cannot be migrated\n    at Function._migrateRecord (file:///C:/Users/Juanjo/Desktop/Juegos/Foundry-daggerheart/Portable-FoundryVTT-v13.348/App/resources/app/dist/database/backend/server-document.mjs:1:3713)\n    at Function._migrateDocuments (file:///C:/Users/Juanjo/Desktop/Juegos/Foundry-daggerheart/Portable-FoundryVTT-v13.348/App/resources/app/dist/database/backend/server-document.mjs:1:2782)","timestamp":"2026-01-01 15:10:45"}
{"level":"error","message":"An error occurred during the migration of Item record [1vMdJBGISqJYzAA8] of database \"daggerheart-extra-content.subclasses\":\nError: Documents from a core version newer than the running version cannot be migrated\n    at Function._migrateRecord (file:///C:/Users/Juanjo/Desktop/Juegos/Foundry-daggerheart/Portable-FoundryVTT-v13.348/App/resources/app/dist/database/backend/server-document.mjs:1:3713)\n    at Function._migrateDocuments (file:///C:/Users/Juanjo/Desktop/Juegos/Foundry-daggerheart/Portable-FoundryVTT-v13.348/App/resources/app/dist/database/backend/server-document.mjs:1:2782)","timestamp":"2026-01-01 15:10:45"}
{"level":"error","message":"An error occurred during the migration of Item record [48oK5ke7KNhEoSBK] of database \"daggerheart-extra-content.subclasses\":\nError: Documents from a core version newer than the running version cannot be migrated\n    at Function._migrateRecord (file:///C:/Users/Juanjo/Desktop/Juegos/Foundry-daggerheart/Portable-FoundryVTT-v13.348/App/resources/app/dist/database/backend/server-document.mjs:1:3713)\n    at Function._migrateDocuments (file:///C:/Users/Juanjo/Desktop/Juegos/Foundry-daggerheart/Portable-FoundryVTT-v13.348/App/resources/app/dist/database/backend/server-document.mjs:1:2782)","timestamp":"2026-01-01 15:10:45"}
{"level":"error","message":"An error occurred during the migration of Item record [DeyoqbkHGP5Zm5bb] of database \"daggerheart-extra-content.subclasses\":\nError: Documents from a core version newer than the running version cannot be migrated\n    at Function._migrateRecord (file:///C:/Users/Juanjo/Desktop/Juegos/Foundry-daggerheart/Portable-FoundryVTT-v13.348/App/resources/app/dist/database/backend/server-document.mjs:1:3713)\n    at Function._migrateDocuments (file:///C:/Users/Juanjo/Desktop/Juegos/Foundry-daggerheart/Portable-FoundryVTT-v13.348/App/resources/app/dist/database/backend/server-document.mjs:1:2782)","timestamp":"2026-01-01 15:10:45"}
{"level":"error","message":"An error occurred during the migration of Item record [HQmOhlvOcO5GjiRG] of database \"daggerheart-extra-content.subclasses\":\nError: Documents from a core version newer than the running version cannot be migrated\n    at Function._migrateRecord (file:///C:/Users/Juanjo/Desktop/Juegos/Foundry-daggerheart/Portable-FoundryVTT-v13.348/App/resources/app/dist/database/backend/server-document.mjs:1:3713)\n    at Function._migrateDocuments (file:///C:/Users/Juanjo/Desktop/Juegos/Foundry-daggerheart/Portable-FoundryVTT-v13.348/App/resources/app/dist/database/backend/server-document.mjs:1:2782)","timestamp":"2026-01-01 15:10:45"}
{"level":"error","message":"An error occurred during the migration of Item record [LCqFlGKsObwYDIEm] of database \"daggerheart-extra-content.subclasses\":\nError: Documents from a core version newer than the running version cannot be migrated\n    at Function._migrateRecord (file:///C:/Users/Juanjo/Desktop/Juegos/Foundry-daggerheart/Portable-FoundryVTT-v13.348/App/resources/app/dist/database/backend/server-document.mjs:1:3713)\n    at Function._migrateDocuments (file:///C:/Users/Juanjo/Desktop/Juegos/Foundry-daggerheart/Portable-FoundryVTT-v13.348/App/resources/app/dist/database/backend/server-document.mjs:1:2782)","timestamp":"2026-01-01 15:10:45"}
{"level":"error","message":"An error occurred during the migration of Item record [ThjRka7o73hN3p0B] of database \"daggerheart-extra-content.subclasses\":\nError: Documents from a core version newer than the running version cannot be migrated\n    at Function._migrateRecord (file:///C:/Users/Juanjo/Desktop/Juegos/Foundry-daggerheart/Portable-FoundryVTT-v13.348/App/resources/app/dist/database/backend/server-document.mjs:1:3713)\n    at Function._migrateDocuments (file:///C:/Users/Juanjo/Desktop/Juegos/Foundry-daggerheart/Portable-FoundryVTT-v13.348/App/resources/app/dist/database/backend/server-document.mjs:1:2782)","timestamp":"2026-01-01 15:10:45"}
{"level":"error","message":"An error occurred during the migration of Item record [UOiFsix0pZrccp1y] of database \"daggerheart-extra-content.subclasses\":\nError: Documents from a core version newer than the running version cannot be migrated\n    at Function._migrateRecord (file:///C:/Users/Juanjo/Desktop/Juegos/Foundry-daggerheart/Portable-FoundryVTT-v13.348/App/resources/app/dist/database/backend/server-document.mjs:1:3713)\n    at Function._migrateDocuments (file:///C:/Users/Juanjo/Desktop/Juegos/Foundry-daggerheart/Portable-FoundryVTT-v13.348/App/resources/app/dist/database/backend/server-document.mjs:1:2782)","timestamp":"2026-01-01 15:10:45"}
{"level":"error","message":"An error occurred during the migration of Item record [YtPj46QA47slm76U] of database \"daggerheart-extra-content.subclasses\":\nError: Documents from a core version newer than the running version cannot be migrated\n    at Function._migrateRecord (file:///C:/Users/Juanjo/Desktop/Juegos/Foundry-daggerheart/Portable-FoundryVTT-v13.348/App/resources/app/dist/database/backend/server-document.mjs:1:3713)\n    at Function._migrateDocuments (file:///C:/Users/Juanjo/Desktop/Juegos/Foundry-daggerheart/Portable-FoundryVTT-v13.348/App/resources/app/dist/database/backend/server-document.mjs:1:2782)","timestamp":"2026-01-01 15:10:45"}
{"level":"error","message":"An error occurred during the migration of Item record [Z2oD6qtFjxzDYqWV] of database \"daggerheart-extra-content.subclasses\":\nError: Documents from a core version newer than the running version cannot be migrated\n    at Function._migrateRecord (file:///C:/Users/Juanjo/Desktop/Juegos/Foundry-daggerheart/Portable-FoundryVTT-v13.348/App/resources/app/dist/database/backend/server-document.mjs:1:3713)\n    at Function._migrateDocuments (file:///C:/Users/Juanjo/Desktop/Juegos/Foundry-daggerheart/Portable-FoundryVTT-v13.348/App/resources/app/dist/database/backend/server-document.mjs:1:2782)","timestamp":"2026-01-01 15:10:45"}
{"level":"error","message":"An error occurred during the migration of Item record [aKNaVPnQeDzCZl6w] of database \"daggerheart-extra-content.subclasses\":\nError: Documents from a core version newer than the running version cannot be migrated\n    at Function._migrateRecord (file:///C:/Users/Juanjo/Desktop/Juegos/Foundry-daggerheart/Portable-FoundryVTT-v13.348/App/resources/app/dist/database/backend/server-document.mjs:1:3713)\n    at Function._migrateDocuments (file:///C:/Users/Juanjo/Desktop/Juegos/Foundry-daggerheart/Portable-FoundryVTT-v13.348/App/resources/app/dist/database/backend/server-document.mjs:1:2782)","timestamp":"2026-01-01 15:10:45"}
{"level":"error","message":"An error occurred during the migration of Item record [bQMybQa340rpMCR8] of database \"daggerheart-extra-content.subclasses\":\nError: Documents from a core version newer than the running version cannot be migrated\n    at Function._migrateRecord (file:///C:/Users/Juanjo/Desktop/Juegos/Foundry-daggerheart/Portable-FoundryVTT-v13.348/App/resources/app/dist/database/backend/server-document.mjs:1:3713)\n    at Function._migrateDocuments (file:///C:/Users/Juanjo/Desktop/Juegos/Foundry-daggerheart/Portable-FoundryVTT-v13.348/App/resources/app/dist/database/backend/server-document.mjs:1:2782)","timestamp":"2026-01-01 15:10:45"}
{"level":"error","message":"An error occurred during the migration of Item record [eM46wwEPFHNI99sq] of database \"daggerheart-extra-content.subclasses\":\nError: Documents from a core version newer than the running version cannot be migrated\n    at Function._migrateRecord (file:///C:/Users/Juanjo/Desktop/Juegos/Foundry-daggerheart/Portable-FoundryVTT-v13.348/App/resources/app/dist/database/backend/server-document.mjs:1:3713)\n    at Function._migrateDocuments (file:///C:/Users/Juanjo/Desktop/Juegos/Foundry-daggerheart/Portable-FoundryVTT-v13.348/App/resources/app/dist/database/backend/server-document.mjs:1:2782)","timestamp":"2026-01-01 15:10:45"}
{"level":"error","message":"An error occurred during the migration of Item record [eQ8YQvNFJJnz9OqQ] of database \"daggerheart-extra-content.subclasses\":\nError: Documents from a core version newer than the running version cannot be migrated\n    at Function._migrateRecord (file:///C:/Users/Juanjo/Desktop/Juegos/Foundry-daggerheart/Portable-FoundryVTT-v13.348/App/resources/app/dist/database/backend/server-document.mjs:1:3713)\n    at Function._migrateDocuments (file:///C:/Users/Juanjo/Desktop/Juegos/Foundry-daggerheart/Portable-FoundryVTT-v13.348/App/resources/app/dist/database/backend/server-document.mjs:1:2782)","timestamp":"2026-01-01 15:10:45"}
{"level":"error","message":"An error occurred during the migration of Item record [hRIq3JkT9ZwZr5Qf] of database \"daggerheart-extra-content.subclasses\":\nError: Documents from a core version newer than the running version cannot be migrated\n    at Function._migrateRecord (file:///C:/Users/Juanjo/Desktop/Juegos/Foundry-daggerheart/Portable-FoundryVTT-v13.348/App/resources/app/dist/database/backend/server-document.mjs:1:3713)\n    at Function._migrateDocuments (file:///C:/Users/Juanjo/Desktop/Juegos/Foundry-daggerheart/Portable-FoundryVTT-v13.348/App/resources/app/dist/database/backend/server-document.mjs:1:2782)","timestamp":"2026-01-01 15:10:45"}
{"level":"error","message":"An error occurred during the migration of Item record [hZqlmZX7lIGN3auH] of database \"daggerheart-extra-content.subclasses\":\nError: Documents from a core version newer than the running version cannot be migrated\n    at Function._migrateRecord (file:///C:/Users/Juanjo/Desktop/Juegos/Foundry-daggerheart/Portable-FoundryVTT-v13.348/App/resources/app/dist/database/backend/server-document.mjs:1:3713)\n    at Function._migrateDocuments (file:///C:/Users/Juanjo/Desktop/Juegos/Foundry-daggerheart/Portable-FoundryVTT-v13.348/App/resources/app/dist/database/backend/server-document.mjs:1:2782)","timestamp":"2026-01-01 15:10:45"}
{"level":"error","message":"An error occurred during the migration of Item record [lwShv1Is6MN1zDor] of database \"daggerheart-extra-content.subclasses\":\nError: Documents from a core version newer than the running version cannot be migrated\n    at Function._migrateRecord (file:///C:/Users/Juanjo/Desktop/Juegos/Foundry-daggerheart/Portable-FoundryVTT-v13.348/App/resources/app/dist/database/backend/server-document.mjs:1:3713)\n    at Function._migrateDocuments (file:///C:/Users/Juanjo/Desktop/Juegos/Foundry-daggerheart/Portable-FoundryVTT-v13.348/App/resources/app/dist/database/backend/server-document.mjs:1:2782)","timestamp":"2026-01-01 15:10:45"}
{"level":"error","message":"An error occurred during the migration of Item record [oWFZxLUa6apOCBW6] of database \"daggerheart-extra-content.subclasses\":\nError: Documents from a core version newer than the running version cannot be migrated\n    at Function._migrateRecord (file:///C:/Users/Juanjo/Desktop/Juegos/Foundry-daggerheart/Portable-FoundryVTT-v13.348/App/resources/app/dist/database/backend/server-document.mjs:1:3713)\n    at Function._migrateDocuments (file:///C:/Users/Juanjo/Desktop/Juegos/Foundry-daggerheart/Portable-FoundryVTT-v13.348/App/resources/app/dist/database/backend/server-document.mjs:1:2782)","timestamp":"2026-01-01 15:10:45"}
{"level":"error","message":"An error occurred during the migration of Item record [uZZCmokDQbizjw1d] of database \"daggerheart-extra-content.subclasses\":\nError: Documents from a core version newer than the running version cannot be migrated\n    at Function._migrateRecord (file:///C:/Users/Juanjo/Desktop/Juegos/Foundry-daggerheart/Portable-FoundryVTT-v13.348/App/resources/app/dist/database/backend/server-document.mjs:1:3713)\n    at Function._migrateDocuments (file:///C:/Users/Juanjo/Desktop/Juegos/Foundry-daggerheart/Portable-FoundryVTT-v13.348/App/resources/app/dist/database/backend/server-document.mjs:1:2782)","timestamp":"2026-01-01 15:10:45"}
{"level":"error","message":"An error occurred during the migration of Item record [ytYGENKq8AtjYqTb] of database \"daggerheart-extra-content.subclasses\":\nError: Documents from a core version newer than the running version cannot be migrated\n    at Function._migrateRecord (file:///C:/Users/Juanjo/Desktop/Juegos/Foundry-daggerheart/Portable-FoundryVTT-v13.348/App/resources/app/dist/database/backend/server-document.mjs:1:3713)\n    at Function._migrateDocuments (file:///C:/Users/Juanjo/Desktop/Juegos/Foundry-daggerheart/Portable-FoundryVTT-v13.348/App/resources/app/dist/database/backend/server-document.mjs:1:2782)","timestamp":"2026-01-01 15:10:45"}
{"level":"warn","message":"Database daggerheart-extra-content.subclasses was not fully migrated due to errors during migration.","timestamp":"2026-01-01 15:10:45"}
{"level":"info","message":"Launching World | Migrating Package Data - 75%","timestamp":"2026-01-01 15:10:45"}
{"level":"error","message":"An error occurred during the migration of Item record [9X2envWaXGSWx82V] of database \"the-void-unofficial.classes\":\nError: Documents from a core version newer than the running version cannot be migrated\n    at Function._migrateRecord (file:///C:/Users/Juanjo/Desktop/Juegos/Foundry-daggerheart/Portable-FoundryVTT-v13.348/App/resources/app/dist/database/backend/server-document.mjs:1:3713)\n    at Function._migrateDocuments (file:///C:/Users/Juanjo/Desktop/Juegos/Foundry-daggerheart/Portable-FoundryVTT-v13.348/App/resources/app/dist/database/backend/server-document.mjs:1:2782)","timestamp":"2026-01-01 15:10:45"}
{"level":"error","message":"An error occurred during the migration of Item record [R0wYgWyPih4CpTE5] of database \"the-void-unofficial.classes\":\nError: Documents from a core version newer than the running version cannot be migrated\n    at Function._migrateRecord (file:///C:/Users/Juanjo/Desktop/Juegos/Foundry-daggerheart/Portable-FoundryVTT-v13.348/App/resources/app/dist/database/backend/server-document.mjs:1:3713)\n    at Function._migrateDocuments (file:///C:/Users/Juanjo/Desktop/Juegos/Foundry-daggerheart/Portable-FoundryVTT-v13.348/App/resources/app/dist/database/backend/server-document.mjs:1:2782)","timestamp":"2026-01-01 15:10:45"}
{"level":"error","message":"An error occurred during the migration of Item record [TGTBooD83OWXyQj1] of database \"the-void-unofficial.classes\":\nError: Documents from a core version newer than the running version cannot be migrated\n    at Function._migrateRecord (file:///C:/Users/Juanjo/Desktop/Juegos/Foundry-daggerheart/Portable-FoundryVTT-v13.348/App/resources/app/dist/database/backend/server-document.mjs:1:3713)\n    at Function._migrateDocuments (file:///C:/Users/Juanjo/Desktop/Juegos/Foundry-daggerheart/Portable-FoundryVTT-v13.348/App/resources/app/dist/database/backend/server-document.mjs:1:2782)","timestamp":"2026-01-01 15:10:45"}
{"level":"error","message":"An error occurred during the migration of Item record [gugHbXBWP24CFTJZ] of database \"the-void-unofficial.classes\":\nError: Documents from a core version newer than the running version cannot be migrated\n    at Function._migrateRecord (file:///C:/Users/Juanjo/Desktop/Juegos/Foundry-daggerheart/Portable-FoundryVTT-v13.348/App/resources/app/dist/database/backend/server-document.mjs:1:3713)\n    at Function._migrateDocuments (file:///C:/Users/Juanjo/Desktop/Juegos/Foundry-daggerheart/Portable-FoundryVTT-v13.348/App/resources/app/dist/database/backend/server-document.mjs:1:2782)","timestamp":"2026-01-01 15:10:45"}
{"level":"error","message":"An error occurred during the migration of Item record [m3CvI4nlskOu5jZS] of database \"the-void-unofficial.classes\":\nError: Documents from a core version newer than the running version cannot be migrated\n    at Function._migrateRecord (file:///C:/Users/Juanjo/Desktop/Juegos/Foundry-daggerheart/Portable-FoundryVTT-v13.348/App/resources/app/dist/database/backend/server-document.mjs:1:3713)\n    at Function._migrateDocuments (file:///C:/Users/Juanjo/Desktop/Juegos/Foundry-daggerheart/Portable-FoundryVTT-v13.348/App/resources/app/dist/database/backend/server-document.mjs:1:2782)","timestamp":"2026-01-01 15:10:45"}
{"level":"error","message":"An error occurred during the migration of Item record [otb0ThXWuqQzzWho] of database \"the-void-unofficial.classes\":\nError: Documents from a core version newer than the running version cannot be migrated\n    at Function._migrateRecord (file:///C:/Users/Juanjo/Desktop/Juegos/Foundry-daggerheart/Portable-FoundryVTT-v13.348/App/resources/app/dist/database/backend/server-document.mjs:1:3713)\n    at Function._migrateDocuments (file:///C:/Users/Juanjo/Desktop/Juegos/Foundry-daggerheart/Portable-FoundryVTT-v13.348/App/resources/app/dist/database/backend/server-document.mjs:1:2782)","timestamp":"2026-01-01 15:10:45"}
{"level":"error","message":"An error occurred during the migration of Item record [v5M0mxaTDJCyhAsR] of database \"the-void-unofficial.classes\":\nError: Documents from a core version newer than the running version cannot be migrated\n    at Function._migrateRecord (file:///C:/Users/Juanjo/Desktop/Juegos/Foundry-daggerheart/Portable-FoundryVTT-v13.348/App/resources/app/dist/database/backend/server-document.mjs:1:3713)\n    at Function._migrateDocuments (file:///C:/Users/Juanjo/Desktop/Juegos/Foundry-daggerheart/Portable-FoundryVTT-v13.348/App/resources/app/dist/database/backend/server-document.mjs:1:2782)","timestamp":"2026-01-01 15:10:45"}
{"level":"warn","message":"Database the-void-unofficial.classes was not fully migrated due to errors during migration.","timestamp":"2026-01-01 15:10:45"}
{"level":"info","message":"Launching World | Migrating Package Data - 78%","timestamp":"2026-01-01 15:10:45"}
{"level":"error","message":"An error occurred during the migration of Item record [1PPk39iarFpWylOi] of database \"the-void-unofficial.subclasses\":\nError: Documents from a core version newer than the running version cannot be migrated\n    at Function._migrateRecord (file:///C:/Users/Juanjo/Desktop/Juegos/Foundry-daggerheart/Portable-FoundryVTT-v13.348/App/resources/app/dist/database/backend/server-document.mjs:1:3713)\n    at Function._migrateDocuments (file:///C:/Users/Juanjo/Desktop/Juegos/Foundry-daggerheart/Portable-FoundryVTT-v13.348/App/resources/app/dist/database/backend/server-document.mjs:1:2782)","timestamp":"2026-01-01 15:10:45"}
{"level":"error","message":"An error occurred during the migration of Item record [4Jaekd41DdaPdWkw] of database \"the-void-unofficial.subclasses\":\nError: Documents from a core version newer than the running version cannot be migrated\n    at Function._migrateRecord (file:///C:/Users/Juanjo/Desktop/Juegos/Foundry-daggerheart/Portable-FoundryVTT-v13.348/App/resources/app/dist/database/backend/server-document.mjs:1:3713)\n    at Function._migrateDocuments (file:///C:/Users/Juanjo/Desktop/Juegos/Foundry-daggerheart/Portable-FoundryVTT-v13.348/App/resources/app/dist/database/backend/server-document.mjs:1:2782)","timestamp":"2026-01-01 15:10:45"}
{"level":"error","message":"An error occurred during the migration of Item record [8EGGJmnqPBs9CrO9] of database \"the-void-unofficial.subclasses\":\nError: Documents from a core version newer than the running version cannot be migrated\n    at Function._migrateRecord (file:///C:/Users/Juanjo/Desktop/Juegos/Foundry-daggerheart/Portable-FoundryVTT-v13.348/App/resources/app/dist/database/backend/server-document.mjs:1:3713)\n    at Function._migrateDocuments (file:///C:/Users/Juanjo/Desktop/Juegos/Foundry-daggerheart/Portable-FoundryVTT-v13.348/App/resources/app/dist/database/backend/server-document.mjs:1:2782)","timestamp":"2026-01-01 15:10:45"}
{"level":"error","message":"An error occurred during the migration of Item record [GXYbLE8fG6fmGvFE] of database \"the-void-unofficial.subclasses\":\nError: Documents from a core version newer than the running version cannot be migrated\n    at Function._migrateRecord (file:///C:/Users/Juanjo/Desktop/Juegos/Foundry-daggerheart/Portable-FoundryVTT-v13.348/App/resources/app/dist/database/backend/server-document.mjs:1:3713)\n    at Function._migrateDocuments (file:///C:/Users/Juanjo/Desktop/Juegos/Foundry-daggerheart/Portable-FoundryVTT-v13.348/App/resources/app/dist/database/backend/server-document.mjs:1:2782)","timestamp":"2026-01-01 15:10:45"}
{"level":"error","message":"An error occurred during the migration of Item record [H8iGhoEsLwbhmUjb] of database \"the-void-unofficial.subclasses\":\nError: Documents from a core version newer than the running version cannot be migrated\n    at Function._migrateRecord (file:///C:/Users/Juanjo/Desktop/Juegos/Foundry-daggerheart/Portable-FoundryVTT-v13.348/App/resources/app/dist/database/backend/server-document.mjs:1:3713)\n    at Function._migrateDocuments (file:///C:/Users/Juanjo/Desktop/Juegos/Foundry-daggerheart/Portable-FoundryVTT-v13.348/App/resources/app/dist/database/backend/server-document.mjs:1:2782)","timestamp":"2026-01-01 15:10:45"}
{"level":"error","message":"An error occurred during the migration of Item record [JIO4bvmWGH4tTXpQ] of database \"the-void-unofficial.subclasses\":\nError: Documents from a core version newer than the running version cannot be migrated\n    at Function._migrateRecord (file:///C:/Users/Juanjo/Desktop/Juegos/Foundry-daggerheart/Portable-FoundryVTT-v13.348/App/resources/app/dist/database/backend/server-document.mjs:1:3713)\n    at Function._migrateDocuments (file:///C:/Users/Juanjo/Desktop/Juegos/Foundry-daggerheart/Portable-FoundryVTT-v13.348/App/resources/app/dist/database/backend/server-document.mjs:1:2782)","timestamp":"2026-01-01 15:10:45"}
{"level":"error","message":"An error occurred during the migration of Item record [JWlQd6XSBB22ASBs] of database \"the-void-unofficial.subclasses\":\nError: Documents from a core version newer than the running version cannot be migrated\n    at Function._migrateRecord (file:///C:/Users/Juanjo/Desktop/Juegos/Foundry-daggerheart/Portable-FoundryVTT-v13.348/App/resources/app/dist/database/backend/server-document.mjs:1:3713)\n    at Function._migrateDocuments (file:///C:/Users/Juanjo/Desktop/Juegos/Foundry-daggerheart/Portable-FoundryVTT-v13.348/App/resources/app/dist/database/backend/server-document.mjs:1:2782)","timestamp":"2026-01-01 15:10:45"}
{"level":"error","message":"An error occurred during the migration of Item record [JiPSjjjWxSbnoQRe] of database \"the-void-unofficial.subclasses\":\nError: Documents from a core version newer than the running version cannot be migrated\n    at Function._migrateRecord (file:///C:/Users/Juanjo/Desktop/Juegos/Foundry-daggerheart/Portable-FoundryVTT-v13.348/App/resources/app/dist/database/backend/server-document.mjs:1:3713)\n    at Function._migrateDocuments (file:///C:/Users/Juanjo/Desktop/Juegos/Foundry-daggerheart/Portable-FoundryVTT-v13.348/App/resources/app/dist/database/backend/server-document.mjs:1:2782)","timestamp":"2026-01-01 15:10:45"}
{"level":"error","message":"An error occurred during the migration of Item record [XeSsopeDDreSRv5A] of database \"the-void-unofficial.subclasses\":\nError: Documents from a core version newer than the running version cannot be migrated\n    at Function._migrateRecord (file:///C:/Users/Juanjo/Desktop/Juegos/Foundry-daggerheart/Portable-FoundryVTT-v13.348/App/resources/app/dist/database/backend/server-document.mjs:1:3713)\n    at Function._migrateDocuments (file:///C:/Users/Juanjo/Desktop/Juegos/Foundry-daggerheart/Portable-FoundryVTT-v13.348/App/resources/app/dist/database/backend/server-document.mjs:1:2782)","timestamp":"2026-01-01 15:10:45"}
{"level":"error","message":"An error occurred during the migration of Item record [YN38IzjqW5paIy92] of database \"the-void-unofficial.subclasses\":\nError: Documents from a core version newer than the running version cannot be migrated\n    at Function._migrateRecord (file:///C:/Users/Juanjo/Desktop/Juegos/Foundry-daggerheart/Portable-FoundryVTT-v13.348/App/resources/app/dist/database/backend/server-document.mjs:1:3713)\n    at Function._migrateDocuments (file:///C:/Users/Juanjo/Desktop/Juegos/Foundry-daggerheart/Portable-FoundryVTT-v13.348/App/resources/app/dist/database/backend/server-document.mjs:1:2782)","timestamp":"2026-01-01 15:10:45"}
{"level":"error","message":"An error occurred during the migration of Item record [ZYdJamwMgRsiG733] of database \"the-void-unofficial.subclasses\":\nError: Documents from a core version newer than the running version cannot be migrated\n    at Function._migrateRecord (file:///C:/Users/Juanjo/Desktop/Juegos/Foundry-daggerheart/Portable-FoundryVTT-v13.348/App/resources/app/dist/database/backend/server-document.mjs:1:3713)\n    at Function._migrateDocuments (file:///C:/Users/Juanjo/Desktop/Juegos/Foundry-daggerheart/Portable-FoundryVTT-v13.348/App/resources/app/dist/database/backend/server-document.mjs:1:2782)","timestamp":"2026-01-01 15:10:45"}
{"level":"error","message":"An error occurred during the migration of Item record [aFtWBHgUBxsCptI2] of database \"the-void-unofficial.subclasses\":\nError: Documents from a core version newer than the running version cannot be migrated\n    at Function._migrateRecord (file:///C:/Users/Juanjo/Desktop/Juegos/Foundry-daggerheart/Portable-FoundryVTT-v13.348/App/resources/app/dist/database/backend/server-document.mjs:1:3713)\n    at Function._migrateDocuments (file:///C:/Users/Juanjo/Desktop/Juegos/Foundry-daggerheart/Portable-FoundryVTT-v13.348/App/resources/app/dist/database/backend/server-document.mjs:1:2782)","timestamp":"2026-01-01 15:10:45"}
{"level":"error","message":"An error occurred during the migration of Item record [h0PlfOo87vjMIR2n] of database \"the-void-unofficial.subclasses\":\nError: Documents from a core version newer than the running version cannot be migrated\n    at Function._migrateRecord (file:///C:/Users/Juanjo/Desktop/Juegos/Foundry-daggerheart/Portable-FoundryVTT-v13.348/App/resources/app/dist/database/backend/server-document.mjs:1:3713)\n    at Function._migrateDocuments (file:///C:/Users/Juanjo/Desktop/Juegos/Foundry-daggerheart/Portable-FoundryVTT-v13.348/App/resources/app/dist/database/backend/server-document.mjs:1:2782)","timestamp":"2026-01-01 15:10:45"}
{"level":"error","message":"An error occurred during the migration of Item record [h3bzYGrnwkKQBJ6d] of database \"the-void-unofficial.subclasses\":\nError: Documents from a core version newer than the running version cannot be migrated\n    at Function._migrateRecord (file:///C:/Users/Juanjo/Desktop/Juegos/Foundry-daggerheart/Portable-FoundryVTT-v13.348/App/resources/app/dist/database/backend/server-document.mjs:1:3713)\n    at Function._migrateDocuments (file:///C:/Users/Juanjo/Desktop/Juegos/Foundry-daggerheart/Portable-FoundryVTT-v13.348/App/resources/app/dist/database/backend/server-document.mjs:1:2782)","timestamp":"2026-01-01 15:10:45"}
{"level":"error","message":"An error occurred during the migration of Item record [mRNqGokQNZEK8GSP] of database \"the-void-unofficial.subclasses\":\nError: Documents from a core version newer than the running version cannot be migrated\n    at Function._migrateRecord (file:///C:/Users/Juanjo/Desktop/Juegos/Foundry-daggerheart/Portable-FoundryVTT-v13.348/App/resources/app/dist/database/backend/server-document.mjs:1:3713)\n    at Function._migrateDocuments (file:///C:/Users/Juanjo/Desktop/Juegos/Foundry-daggerheart/Portable-FoundryVTT-v13.348/App/resources/app/dist/database/backend/server-document.mjs:1:2782)","timestamp":"2026-01-01 15:10:45"}
{"level":"error","message":"An error occurred during the migration of Item record [sajwdoQ5JVzqeqsj] of database \"the-void-unofficial.subclasses\":\nError: Documents from a core version newer than the running version cannot be migrated\n    at Function._migrateRecord (file:///C:/Users/Juanjo/Desktop/Juegos/Foundry-daggerheart/Portable-FoundryVTT-v13.348/App/resources/app/dist/database/backend/server-document.mjs:1:3713)\n    at Function._migrateDocuments (file:///C:/Users/Juanjo/Desktop/Juegos/Foundry-daggerheart/Portable-FoundryVTT-v13.348/App/resources/app/dist/database/backend/server-document.mjs:1:2782)","timestamp":"2026-01-01 15:10:45"}
{"level":"error","message":"An error occurred during the migration of Item record [ulURXMXGHT33vnD9] of database \"the-void-unofficial.subclasses\":\nError: Documents from a core version newer than the running version cannot be migrated\n    at Function._migrateRecord (file:///C:/Users/Juanjo/Desktop/Juegos/Foundry-daggerheart/Portable-FoundryVTT-v13.348/App/resources/app/dist/database/backend/server-document.mjs:1:3713)\n    at Function._migrateDocuments (file:///C:/Users/Juanjo/Desktop/Juegos/Foundry-daggerheart/Portable-FoundryVTT-v13.348/App/resources/app/dist/database/backend/server-document.mjs:1:2782)","timestamp":"2026-01-01 15:10:45"}
{"level":"error","message":"An error occurred during the migration of Item record [zkpNSVJfpnR0InYL] of database \"the-void-unofficial.subclasses\":\nError: Documents from a core version newer than the running version cannot be migrated\n    at Function._migrateRecord (file:///C:/Users/Juanjo/Desktop/Juegos/Foundry-daggerheart/Portable-FoundryVTT-v13.348/App/resources/app/dist/database/backend/server-document.mjs:1:3713)\n    at Function._migrateDocuments (file:///C:/Users/Juanjo/Desktop/Juegos/Foundry-daggerheart/Portable-FoundryVTT-v13.348/App/resources/app/dist/database/backend/server-document.mjs:1:2782)","timestamp":"2026-01-01 15:10:45"}
{"level":"warn","message":"Database the-void-unofficial.subclasses was not fully migrated due to errors during migration.","timestamp":"2026-01-01 15:10:45"}
{"level":"info","message":"Launching World | Migrating Package Data - 81%","timestamp":"2026-01-01 15:10:45"}
{"level":"info","message":"Launching World | Migrating Package Data - 83%","timestamp":"2026-01-01 15:10:45"}
{"level":"info","message":"Launching World | Migrating Package Data - 86%","timestamp":"2026-01-01 15:10:45"}
{"level":"error","message":"An error occurred during the migration of Item record [0NoQWqYOiPdXdUhQ] of database \"the-void-unofficial.domains\":\nError: Documents from a core version newer than the running version cannot be migrated\n    at Function._migrateRecord (file:///C:/Users/Juanjo/Desktop/Juegos/Foundry-daggerheart/Portable-FoundryVTT-v13.348/App/resources/app/dist/database/backend/server-document.mjs:1:3713)\n    at Function._migrateDocuments (file:///C:/Users/Juanjo/Desktop/Juegos/Foundry-daggerheart/Portable-FoundryVTT-v13.348/App/resources/app/dist/database/backend/server-document.mjs:1:2782)","timestamp":"2026-01-01 15:10:45"}
{"level":"error","message":"An error occurred during the migration of Item record [176CHYdrz550TiEa] of database \"the-void-unofficial.domains\":\nError: Documents from a core version newer than the running version cannot be migrated\n    at Function._migrateRecord (file:///C:/Users/Juanjo/Desktop/Juegos/Foundry-daggerheart/Portable-FoundryVTT-v13.348/App/resources/app/dist/database/backend/server-document.mjs:1:3713)\n    at Function._migrateDocuments (file:///C:/Users/Juanjo/Desktop/Juegos/Foundry-daggerheart/Portable-FoundryVTT-v13.348/App/resources/app/dist/database/backend/server-document.mjs:1:2782)","timestamp":"2026-01-01 15:10:45"}
{"level":"error","message":"An error occurred during the migration of Item record [65NWcF4RSZgyJXFt] of database \"the-void-unofficial.domains\":\nError: Documents from a core version newer than the running version cannot be migrated\n    at Function._migrateRecord (file:///C:/Users/Juanjo/Desktop/Juegos/Foundry-daggerheart/Portable-FoundryVTT-v13.348/App/resources/app/dist/database/backend/server-document.mjs:1:3713)\n    at Function._migrateDocuments (file:///C:/Users/Juanjo/Desktop/Juegos/Foundry-daggerheart/Portable-FoundryVTT-v13.348/App/resources/app/dist/database/backend/server-document.mjs:1:2782)","timestamp":"2026-01-01 15:10:45"}
{"level":"error","message":"An error occurred during the migration of Item record [88xwPHpicN5uBo0f] of database \"the-void-unofficial.domains\":\nError: Documents from a core version newer than the running version cannot be migrated\n    at Function._migrateRecord (file:///C:/Users/Juanjo/Desktop/Juegos/Foundry-daggerheart/Portable-FoundryVTT-v13.348/App/resources/app/dist/database/backend/server-document.mjs:1:3713)\n    at Function._migrateDocuments (file:///C:/Users/Juanjo/Desktop/Juegos/Foundry-daggerheart/Portable-FoundryVTT-v13.348/App/resources/app/dist/database/backend/server-document.mjs:1:2782)","timestamp":"2026-01-01 15:10:45"}
{"level":"error","message":"An error occurred during the migration of Item record [9wxJJpH25cxmtx5W] of database \"the-void-unofficial.domains\":\nError: Documents from a core version newer than the running version cannot be migrated\n    at Function._migrateRecord (file:///C:/Users/Juanjo/Desktop/Juegos/Foundry-daggerheart/Portable-FoundryVTT-v13.348/App/resources/app/dist/database/backend/server-document.mjs:1:3713)\n    at Function._migrateDocuments (file:///C:/Users/Juanjo/Desktop/Juegos/Foundry-daggerheart/Portable-FoundryVTT-v13.348/App/resources/app/dist/database/backend/server-document.mjs:1:2782)","timestamp":"2026-01-01 15:10:45"}
{"level":"error","message":"An error occurred during the migration of Item record [BFkzJkWY4HejN4WR] of database \"the-void-unofficial.domains\":\nError: Documents from a core version newer than the running version cannot be migrated\n    at Function._migrateRecord (file:///C:/Users/Juanjo/Desktop/Juegos/Foundry-daggerheart/Portable-FoundryVTT-v13.348/App/resources/app/dist/database/backend/server-document.mjs:1:3713)\n    at Function._migrateDocuments (file:///C:/Users/Juanjo/Desktop/Juegos/Foundry-daggerheart/Portable-FoundryVTT-v13.348/App/resources/app/dist/database/backend/server-document.mjs:1:2782)","timestamp":"2026-01-01 15:10:45"}
{"level":"error","message":"An error occurred during the migration of Item record [BQF5xVKRVQdhGAf8] of database \"the-void-unofficial.domains\":\nError: Documents from a core version newer than the running version cannot be migrated\n    at Function._migrateRecord (file:///C:/Users/Juanjo/Desktop/Juegos/Foundry-daggerheart/Portable-FoundryVTT-v13.348/App/resources/app/dist/database/backend/server-document.mjs:1:3713)\n    at Function._migrateDocuments (file:///C:/Users/Juanjo/Desktop/Juegos/Foundry-daggerheart/Portable-FoundryVTT-v13.348/App/resources/app/dist/database/backend/server-document.mjs:1:2782)","timestamp":"2026-01-01 15:10:45"}
{"level":"error","message":"An error occurred during the migration of Item record [BctVkNUWYL5Eww2k] of database \"the-void-unofficial.domains\":\nError: Documents from a core version newer than the running version cannot be migrated\n    at Function._migrateRecord (file:///C:/Users/Juanjo/Desktop/Juegos/Foundry-daggerheart/Portable-FoundryVTT-v13.348/App/resources/app/dist/database/backend/server-document.mjs:1:3713)\n    at Function._migrateDocuments (file:///C:/Users/Juanjo/Desktop/Juegos/Foundry-daggerheart/Portable-FoundryVTT-v13.348/App/resources/app/dist/database/backend/server-document.mjs:1:2782)","timestamp":"2026-01-01 15:10:45"}
{"level":"error","message":"An error occurred during the migration of Item record [CQbmQH1Xqr1BjLWW] of database \"the-void-unofficial.domains\":\nError: Documents from a core version newer than the running version cannot be migrated\n    at Function._migrateRecord (file:///C:/Users/Juanjo/Desktop/Juegos/Foundry-daggerheart/Portable-FoundryVTT-v13.348/App/resources/app/dist/database/backend/server-document.mjs:1:3713)\n    at Function._migrateDocuments (file:///C:/Users/Juanjo/Desktop/Juegos/Foundry-daggerheart/Portable-FoundryVTT-v13.348/App/resources/app/dist/database/backend/server-document.mjs:1:2782)","timestamp":"2026-01-01 15:10:45"}
{"level":"error","message":"An error occurred during the migration of Item record [Du7UHRd0CweyuXil] of database \"the-void-unofficial.domains\":\nError: Documents from a core version newer than the running version cannot be migrated\n    at Function._migrateRecord (file:///C:/Users/Juanjo/Desktop/Juegos/Foundry-daggerheart/Portable-FoundryVTT-v13.348/App/resources/app/dist/database/backend/server-document.mjs:1:3713)\n    at Function._migrateDocuments (file:///C:/Users/Juanjo/Desktop/Juegos/Foundry-daggerheart/Portable-FoundryVTT-v13.348/App/resources/app/dist/database/backend/server-document.mjs:1:2782)","timestamp":"2026-01-01 15:10:45"}
{"level":"error","message":"An error occurred during the migration of Item record [LOPtjnPVjWQEzrZx] of database \"the-void-unofficial.domains\":\nError: Documents from a core version newer than the running version cannot be migrated\n    at Function._migrateRecord (file:///C:/Users/Juanjo/Desktop/Juegos/Foundry-daggerheart/Portable-FoundryVTT-v13.348/App/resources/app/dist/database/backend/server-document.mjs:1:3713)\n    at Function._migrateDocuments (file:///C:/Users/Juanjo/Desktop/Juegos/Foundry-daggerheart/Portable-FoundryVTT-v13.348/App/resources/app/dist/database/backend/server-document.mjs:1:2782)","timestamp":"2026-01-01 15:10:45"}
{"level":"error","message":"An error occurred during the migration of Item record [Q3RpYwdlDyCQPJHr] of database \"the-void-unofficial.domains\":\nError: Documents from a core version newer than the running version cannot be migrated\n    at Function._migrateRecord (file:///C:/Users/Juanjo/Desktop/Juegos/Foundry-daggerheart/Portable-FoundryVTT-v13.348/App/resources/app/dist/database/backend/server-document.mjs:1:3713)\n    at Function._migrateDocuments (file:///C:/Users/Juanjo/Desktop/Juegos/Foundry-daggerheart/Portable-FoundryVTT-v13.348/App/resources/app/dist/database/backend/server-document.mjs:1:2782)","timestamp":"2026-01-01 15:10:45"}
{"level":"error","message":"An error occurred during the migration of Item record [WAUpMdW2TD8KVusi] of database \"the-void-unofficial.domains\":\nError: Documents from a core version newer than the running version cannot be migrated\n    at Function._migrateRecord (file:///C:/Users/Juanjo/Desktop/Juegos/Foundry-daggerheart/Portable-FoundryVTT-v13.348/App/resources/app/dist/database/backend/server-document.mjs:1:3713)\n    at Function._migrateDocuments (file:///C:/Users/Juanjo/Desktop/Juegos/Foundry-daggerheart/Portable-FoundryVTT-v13.348/App/resources/app/dist/database/backend/server-document.mjs:1:2782)","timestamp":"2026-01-01 15:10:45"}
{"level":"error","message":"An error occurred during the migration of Item record [XGDsPevKx3P1mdpH] of database \"the-void-unofficial.domains\":\nError: Documents from a core version newer than the running version cannot be migrated\n    at Function._migrateRecord (file:///C:/Users/Juanjo/Desktop/Juegos/Foundry-daggerheart/Portable-FoundryVTT-v13.348/App/resources/app/dist/database/backend/server-document.mjs:1:3713)\n    at Function._migrateDocuments (file:///C:/Users/Juanjo/Desktop/Juegos/Foundry-daggerheart/Portable-FoundryVTT-v13.348/App/resources/app/dist/database/backend/server-document.mjs:1:2782)","timestamp":"2026-01-01 15:10:45"}
{"level":"error","message":"An error occurred during the migration of Item record [cOFRHlxyTtRlbumc] of database \"the-void-unofficial.domains\":\nError: Documents from a core version newer than the running version cannot be migrated\n    at Function._migrateRecord (file:///C:/Users/Juanjo/Desktop/Juegos/Foundry-daggerheart/Portable-FoundryVTT-v13.348/App/resources/app/dist/database/backend/server-document.mjs:1:3713)\n    at Function._migrateDocuments (file:///C:/Users/Juanjo/Desktop/Juegos/Foundry-daggerheart/Portable-FoundryVTT-v13.348/App/resources/app/dist/database/backend/server-document.mjs:1:2782)","timestamp":"2026-01-01 15:10:45"}
{"level":"error","message":"An error occurred during the migration of Item record [dVUQ7Rp9luM7Zekw] of database \"the-void-unofficial.domains\":\nError: Documents from a core version newer than the running version cannot be migrated\n    at Function._migrateRecord (file:///C:/Users/Juanjo/Desktop/Juegos/Foundry-daggerheart/Portable-FoundryVTT-v13.348/App/resources/app/dist/database/backend/server-document.mjs:1:3713)\n    at Function._migrateDocuments (file:///C:/Users/Juanjo/Desktop/Juegos/Foundry-daggerheart/Portable-FoundryVTT-v13.348/App/resources/app/dist/database/backend/server-document.mjs:1:2782)","timestamp":"2026-01-01 15:10:45"}
{"level":"error","message":"An error occurred during the migration of Item record [gSsxO2xiMxANuBIz] of database \"the-void-unofficial.domains\":\nError: Documents from a core version newer than the running version cannot be migrated\n    at Function._migrateRecord (file:///C:/Users/Juanjo/Desktop/Juegos/Foundry-daggerheart/Portable-FoundryVTT-v13.348/App/resources/app/dist/database/backend/server-document.mjs:1:3713)\n    at Function._migrateDocuments (file:///C:/Users/Juanjo/Desktop/Juegos/Foundry-daggerheart/Portable-FoundryVTT-v13.348/App/resources/app/dist/database/backend/server-document.mjs:1:2782)","timestamp":"2026-01-01 15:10:45"}
{"level":"error","message":"An error occurred during the migration of Item record [gaDhu9iAdChYFcm2] of database \"the-void-unofficial.domains\":\nError: Documents from a core version newer than the running version cannot be migrated\n    at Function._migrateRecord (file:///C:/Users/Juanjo/Desktop/Juegos/Foundry-daggerheart/Portable-FoundryVTT-v13.348/App/resources/app/dist/database/backend/server-document.mjs:1:3713)\n    at Function._migrateDocuments (file:///C:/Users/Juanjo/Desktop/Juegos/Foundry-daggerheart/Portable-FoundryVTT-v13.348/App/resources/app/dist/database/backend/server-document.mjs:1:2782)","timestamp":"2026-01-01 15:10:45"}
{"level":"error","message":"An error occurred during the migration of Item record [hmDOLwJEZlbuOKNT] of database \"the-void-unofficial.domains\":\nError: Documents from a core version newer than the running version cannot be migrated\n    at Function._migrateRecord (file:///C:/Users/Juanjo/Desktop/Juegos/Foundry-daggerheart/Portable-FoundryVTT-v13.348/App/resources/app/dist/database/backend/server-document.mjs:1:3713)\n    at Function._migrateDocuments (file:///C:/Users/Juanjo/Desktop/Juegos/Foundry-daggerheart/Portable-FoundryVTT-v13.348/App/resources/app/dist/database/backend/server-document.mjs:1:2782)","timestamp":"2026-01-01 15:10:45"}
{"level":"error","message":"An error occurred during the migration of Item record [lo8WVAuTWsAh6QBf] of database \"the-void-unofficial.domains\":\nError: Documents from a core version newer than the running version cannot be migrated\n    at Function._migrateRecord (file:///C:/Users/Juanjo/Desktop/Juegos/Foundry-daggerheart/Portable-FoundryVTT-v13.348/App/resources/app/dist/database/backend/server-document.mjs:1:3713)\n    at Function._migrateDocuments (file:///C:/Users/Juanjo/Desktop/Juegos/Foundry-daggerheart/Portable-FoundryVTT-v13.348/App/resources/app/dist/database/backend/server-document.mjs:1:2782)","timestamp":"2026-01-01 15:10:45"}
{"level":"error","message":"An error occurred during the migration of Item record [yGbgSMuL43quImEV] of database \"the-void-unofficial.domains\":\nError: Documents from a core version newer than the running version cannot be migrated\n    at Function._migrateRecord (file:///C:/Users/Juanjo/Desktop/Juegos/Foundry-daggerheart/Portable-FoundryVTT-v13.348/App/resources/app/dist/database/backend/server-document.mjs:1:3713)\n    at Function._migrateDocuments (file:///C:/Users/Juanjo/Desktop/Juegos/Foundry-daggerheart/Portable-FoundryVTT-v13.348/App/resources/app/dist/database/backend/server-document.mjs:1:2782)","timestamp":"2026-01-01 15:10:45"}
{"level":"warn","message":"Database the-void-unofficial.domains was not fully migrated due to errors during migration.","timestamp":"2026-01-01 15:10:45"}
{"level":"info","message":"Launching World | Migrating Package Data - 89%","timestamp":"2026-01-01 15:10:45"}
{"level":"info","message":"Launching World | Migrating Package Data - 92%","timestamp":"2026-01-01 15:10:45"}
{"level":"error","message":"An error occurred during the migration of Item record [cg2pnUEwJ7q4k28d] of database \"the-void-unofficial.weapons\":\nError: Documents from a core version newer than the running version cannot be migrated\n    at Function._migrateRecord (file:///C:/Users/Juanjo/Desktop/Juegos/Foundry-daggerheart/Portable-FoundryVTT-v13.348/App/resources/app/dist/database/backend/server-document.mjs:1:3713)\n    at Function._migrateDocuments (file:///C:/Users/Juanjo/Desktop/Juegos/Foundry-daggerheart/Portable-FoundryVTT-v13.348/App/resources/app/dist/database/backend/server-document.mjs:1:2782)","timestamp":"2026-01-01 15:10:45"}
{"level":"error","message":"An error occurred during the migration of Item record [lHFiIpH2lrBBaT4o] of database \"the-void-unofficial.weapons\":\nError: Documents from a core version newer than the running version cannot be migrated\n    at Function._migrateRecord (file:///C:/Users/Juanjo/Desktop/Juegos/Foundry-daggerheart/Portable-FoundryVTT-v13.348/App/resources/app/dist/database/backend/server-document.mjs:1:3713)\n    at Function._migrateDocuments (file:///C:/Users/Juanjo/Desktop/Juegos/Foundry-daggerheart/Portable-FoundryVTT-v13.348/App/resources/app/dist/database/backend/server-document.mjs:1:2782)","timestamp":"2026-01-01 15:10:45"}
{"level":"warn","message":"Database the-void-unofficial.weapons was not fully migrated due to errors during migration.","timestamp":"2026-01-01 15:10:45"}
{"level":"info","message":"Launching World | Migrating Package Data - 94%","timestamp":"2026-01-01 15:10:45"}
{"level":"info","message":"Launching World | Migrating Package Data - 97%","timestamp":"2026-01-01 15:10:45"}
{"level":"info","message":"Launching World | Migrating Package Data - 100%","timestamp":"2026-01-01 15:10:45"}
{"level":"info","message":"Launching World | Complete","timestamp":"2026-01-01 15:10:45"}
{"ip":"::1","level":"info","message":"User authentication successful for user Gamemaster","session":"78c76f6553ea8ae271de8012","timestamp":"2026-01-01 15:10:47"}
{"level":"info","message":"Daggerheart update 1.4.4 is now available!","timestamp":"2026-01-01 15:10:48"}
{"level":"info","message":"Vended World data to User [sjVrMusZqwSBFvXT] in 385ms","timestamp":"2026-01-01 15:10:48"}
{"level":"info","message":"Created ChatMessage with id [MoCnc6YWoF244MiS]","timestamp":"2026-01-01 15:10:49"}
{"level":"info","message":"Toggling game pause status to false","timestamp":"2026-01-01 15:10:50"}
{"level":"info","message":"Deleted ChatMessage with id [MoCnc6YWoF244MiS]","timestamp":"2026-01-01 15:10:51"}
{"level":"info","message":"Created Token with id [HwLkVn5tJMKB1KY7] in parent Scene [Yqxyw4nFncHCHwoT]","timestamp":"2026-01-01 15:11:03"}
{"level":"info","message":"Created Token with id [fv9XjyMqwAWJSnS4] in parent Scene [Yqxyw4nFncHCHwoT]","timestamp":"2026-01-01 15:11:05"}
{"level":"info","message":"Deleted 2 Token documents with ids: [HwLkVn5tJMKB1KY7,fv9XjyMqwAWJSnS4] in parent Scene [Yqxyw4nFncHCHwoT]","timestamp":"2026-01-01 15:11:06"}
{"level":"info","message":"Connected to database \"token-mold.adjectives\"","timestamp":"2026-01-01 15:11:16"}
{"level":"info","message":"Created 0 Folder documents with ids: []","timestamp":"2026-01-01 15:11:16"}
{"level":"error","message":"An error occurred during the migration of Macro record [AksCh0ciaGx7BuyA] of database \"daggerheart-extra-content.macros\":\nError: Documents from a core version newer than the running version cannot be migrated\n    at Function._migrateRecord (file:///C:/Users/Juanjo/Desktop/Juegos/Foundry-daggerheart/Portable-FoundryVTT-v13.348/App/resources/app/dist/database/backend/server-document.mjs:1:3713)\n    at Function._migrateDocuments (file:///C:/Users/Juanjo/Desktop/Juegos/Foundry-daggerheart/Portable-FoundryVTT-v13.348/App/resources/app/dist/database/backend/server-document.mjs:1:2782)","timestamp":"2026-01-01 15:11:16"}
{"level":"error","message":"An error occurred during the migration of Macro record [Ek2uYtA3xm78MKEc] of database \"daggerheart-extra-content.macros\":\nError: Documents from a core version newer than the running version cannot be migrated\n    at Function._migrateRecord (file:///C:/Users/Juanjo/Desktop/Juegos/Foundry-daggerheart/Portable-FoundryVTT-v13.348/App/resources/app/dist/database/backend/server-document.mjs:1:3713)\n    at Function._migrateDocuments (file:///C:/Users/Juanjo/Desktop/Juegos/Foundry-daggerheart/Portable-FoundryVTT-v13.348/App/resources/app/dist/database/backend/server-document.mjs:1:2782)","timestamp":"2026-01-01 15:11:16"}
{"level":"error","message":"An error occurred during the migration of Macro record [FUXtgmbsROZ9EZ64] of database \"daggerheart-extra-content.macros\":\nError: Documents from a core version newer than the running version cannot be migrated\n    at Function._migrateRecord (file:///C:/Users/Juanjo/Desktop/Juegos/Foundry-daggerheart/Portable-FoundryVTT-v13.348/App/resources/app/dist/database/backend/server-document.mjs:1:3713)\n    at Function._migrateDocuments (file:///C:/Users/Juanjo/Desktop/Juegos/Foundry-daggerheart/Portable-FoundryVTT-v13.348/App/resources/app/dist/database/backend/server-document.mjs:1:2782)","timestamp":"2026-01-01 15:11:16"}
{"level":"error","message":"An error occurred during the migration of Macro record [KMIecMvorWDWynzv] of database \"daggerheart-extra-content.macros\":\nError: Documents from a core version newer than the running version cannot be migrated\n    at Function._migrateRecord (file:///C:/Users/Juanjo/Desktop/Juegos/Foundry-daggerheart/Portable-FoundryVTT-v13.348/App/resources/app/dist/database/backend/server-document.mjs:1:3713)\n    at Function._migrateDocuments (file:///C:/Users/Juanjo/Desktop/Juegos/Foundry-daggerheart/Portable-FoundryVTT-v13.348/App/resources/app/dist/database/backend/server-document.mjs:1:2782)","timestamp":"2026-01-01 15:11:16"}
{"level":"error","message":"An error occurred during the migration of Macro record [MrVaunevxMfD1jiI] of database \"daggerheart-extra-content.macros\":\nError: Documents from a core version newer than the running version cannot be migrated\n    at Function._migrateRecord (file:///C:/Users/Juanjo/Desktop/Juegos/Foundry-daggerheart/Portable-FoundryVTT-v13.348/App/resources/app/dist/database/backend/server-document.mjs:1:3713)\n    at Function._migrateDocuments (file:///C:/Users/Juanjo/Desktop/Juegos/Foundry-daggerheart/Portable-FoundryVTT-v13.348/App/resources/app/dist/database/backend/server-document.mjs:1:2782)","timestamp":"2026-01-01 15:11:16"}
{"level":"error","message":"An error occurred during the migration of Macro record [f4seowyhjSLdBpIw] of database \"daggerheart-extra-content.macros\":\nError: Documents from a core version newer than the running version cannot be migrated\n    at Function._migrateRecord (file:///C:/Users/Juanjo/Desktop/Juegos/Foundry-daggerheart/Portable-FoundryVTT-v13.348/App/resources/app/dist/database/backend/server-document.mjs:1:3713)\n    at Function._migrateDocuments (file:///C:/Users/Juanjo/Desktop/Juegos/Foundry-daggerheart/Portable-FoundryVTT-v13.348/App/resources/app/dist/database/backend/server-document.mjs:1:2782)","timestamp":"2026-01-01 15:11:16"}
{"level":"error","message":"An error occurred during the migration of Macro record [lCYBPohT8hPPOpeK] of database \"daggerheart-extra-content.macros\":\nError: Documents from a core version newer than the running version cannot be migrated\n    at Function._migrateRecord (file:///C:/Users/Juanjo/Desktop/Juegos/Foundry-daggerheart/Portable-FoundryVTT-v13.348/App/resources/app/dist/database/backend/server-document.mjs:1:3713)\n    at Function._migrateDocuments (file:///C:/Users/Juanjo/Desktop/Juegos/Foundry-daggerheart/Portable-FoundryVTT-v13.348/App/resources/app/dist/database/backend/server-document.mjs:1:2782)","timestamp":"2026-01-01 15:11:16"}
{"level":"error","message":"An error occurred during the migration of Macro record [mu2CD5fN0NvxcqYl] of database \"daggerheart-extra-content.macros\":\nError: Documents from a core version newer than the running version cannot be migrated\n    at Function._migrateRecord (file:///C:/Users/Juanjo/Desktop/Juegos/Foundry-daggerheart/Portable-FoundryVTT-v13.348/App/resources/app/dist/database/backend/server-document.mjs:1:3713)\n    at Function._migrateDocuments (file:///C:/Users/Juanjo/Desktop/Juegos/Foundry-daggerheart/Portable-FoundryVTT-v13.348/App/resources/app/dist/database/backend/server-document.mjs:1:2782)","timestamp":"2026-01-01 15:11:16"}
{"level":"error","message":"An error occurred during the migration of Macro record [zWi79s5QqaZnMMtX] of database \"daggerheart-extra-content.macros\":\nError: Documents from a core version newer than the running version cannot be migrated\n    at Function._migrateRecord (file:///C:/Users/Juanjo/Desktop/Juegos/Foundry-daggerheart/Portable-FoundryVTT-v13.348/App/resources/app/dist/database/backend/server-document.mjs:1:3713)\n    at Function._migrateDocuments (file:///C:/Users/Juanjo/Desktop/Juegos/Foundry-daggerheart/Portable-FoundryVTT-v13.348/App/resources/app/dist/database/backend/server-document.mjs:1:2782)","timestamp":"2026-01-01 15:11:16"}
{"level":"warn","message":"Database daggerheart-extra-content.macros was not fully migrated due to errors during migration.","timestamp":"2026-01-01 15:11:16"}
{"level":"error","message":"An error occurred during the migration of Actor record [2owady11IfU1vset] of database \"daggerheart-extra-content.more-adversaries\":\nError: Documents from a core version newer than the running version cannot be migrated\n    at Function._migrateRecord (file:///C:/Users/Juanjo/Desktop/Juegos/Foundry-daggerheart/Portable-FoundryVTT-v13.348/App/resources/app/dist/database/backend/server-document.mjs:1:3713)\n    at Function._migrateDocuments (file:///C:/Users/Juanjo/Desktop/Juegos/Foundry-daggerheart/Portable-FoundryVTT-v13.348/App/resources/app/dist/database/backend/server-document.mjs:1:2782)","timestamp":"2026-01-01 15:11:16"}
{"level":"error","message":"An error occurred during the migration of Actor record [3wZn34orKgheuXnE] of database \"daggerheart-extra-content.more-adversaries\":\nError: Documents from a core version newer than the running version cannot be migrated\n    at Function._migrateRecord (file:///C:/Users/Juanjo/Desktop/Juegos/Foundry-daggerheart/Portable-FoundryVTT-v13.348/App/resources/app/dist/database/backend/server-document.mjs:1:3713)\n    at Function._migrateDocuments (file:///C:/Users/Juanjo/Desktop/Juegos/Foundry-daggerheart/Portable-FoundryVTT-v13.348/App/resources/app/dist/database/backend/server-document.mjs:1:2782)","timestamp":"2026-01-01 15:11:16"}
{"level":"error","message":"An error occurred during the migration of Actor record [4GkDrUgRyp9FHTAN] of database \"daggerheart-extra-content.more-adversaries\":\nError: Documents from a core version newer than the running version cannot be migrated\n    at Function._migrateRecord (file:///C:/Users/Juanjo/Desktop/Juegos/Foundry-daggerheart/Portable-FoundryVTT-v13.348/App/resources/app/dist/database/backend/server-document.mjs:1:3713)\n    at Function._migrateDocuments (file:///C:/Users/Juanjo/Desktop/Juegos/Foundry-daggerheart/Portable-FoundryVTT-v13.348/App/resources/app/dist/database/backend/server-document.mjs:1:2782)","timestamp":"2026-01-01 15:11:16"}
{"level":"error","message":"An error occurred during the migration of Actor record [6wxPxm4joQnoIjdX] of database \"daggerheart-extra-content.more-adversaries\":\nError: Documents from a core version newer than the running version cannot be migrated\n    at Function._migrateRecord (file:///C:/Users/Juanjo/Desktop/Juegos/Foundry-daggerheart/Portable-FoundryVTT-v13.348/App/resources/app/dist/database/backend/server-document.mjs:1:3713)\n    at Function._migrateDocuments (file:///C:/Users/Juanjo/Desktop/Juegos/Foundry-daggerheart/Portable-FoundryVTT-v13.348/App/resources/app/dist/database/backend/server-document.mjs:1:2782)","timestamp":"2026-01-01 15:11:16"}
{"level":"error","message":"An error occurred during the migration of Actor record [CBjyTRc9xNjmDAM4] of database \"daggerheart-extra-content.more-adversaries\":\nError: Documents from a core version newer than the running version cannot be migrated\n    at Function._migrateRecord (file:///C:/Users/Juanjo/Desktop/Juegos/Foundry-daggerheart/Portable-FoundryVTT-v13.348/App/resources/app/dist/database/backend/server-document.mjs:1:3713)\n    at Function._migrateDocuments (file:///C:/Users/Juanjo/Desktop/Juegos/Foundry-daggerheart/Portable-FoundryVTT-v13.348/App/resources/app/dist/database/backend/server-document.mjs:1:2782)","timestamp":"2026-01-01 15:11:16"}
{"level":"error","message":"An error occurred during the migration of Actor record [D2mYxxduZN4h55cD] of database \"daggerheart-extra-content.more-adversaries\":\nError: Documents from a core version newer than the running version cannot be migrated\n    at Function._migrateRecord (file:///C:/Users/Juanjo/Desktop/Juegos/Foundry-daggerheart/Portable-FoundryVTT-v13.348/App/resources/app/dist/database/backend/server-document.mjs:1:3713)\n    at Function._migrateDocuments (file:///C:/Users/Juanjo/Desktop/Juegos/Foundry-daggerheart/Portable-FoundryVTT-v13.348/App/resources/app/dist/database/backend/server-document.mjs:1:2782)","timestamp":"2026-01-01 15:11:16"}
{"level":"error","message":"An error occurred during the migration of Actor record [GZeCYbWDzYS2iCF9] of database \"daggerheart-extra-content.more-adversaries\":\nError: Documents from a core version newer than the running version cannot be migrated\n    at Function._migrateRecord (file:///C:/Users/Juanjo/Desktop/Juegos/Foundry-daggerheart/Portable-FoundryVTT-v13.348/App/resources/app/dist/database/backend/server-document.mjs:1:3713)\n    at Function._migrateDocuments (file:///C:/Users/Juanjo/Desktop/Juegos/Foundry-daggerheart/Portable-FoundryVTT-v13.348/App/resources/app/dist/database/backend/server-document.mjs:1:2782)","timestamp":"2026-01-01 15:11:16"}
{"level":"error","message":"An error occurred during the migration of Actor record [HFoDDFrRRoLOx6rS] of database \"daggerheart-extra-content.more-adversaries\":\nError: Documents from a core version newer than the running version cannot be migrated\n    at Function._migrateRecord (file:///C:/Users/Juanjo/Desktop/Juegos/Foundry-daggerheart/Portable-FoundryVTT-v13.348/App/resources/app/dist/database/backend/server-document.mjs:1:3713)\n    at Function._migrateDocuments (file:///C:/Users/Juanjo/Desktop/Juegos/Foundry-daggerheart/Portable-FoundryVTT-v13.348/App/resources/app/dist/database/backend/server-document.mjs:1:2782)","timestamp":"2026-01-01 15:11:16"}
{"level":"error","message":"An error occurred during the migration of Actor record [Je6XBGhfDKSY3DEk] of database \"daggerheart-extra-content.more-adversaries\":\nError: Documents from a core version newer than the running version cannot be migrated\n    at Function._migrateRecord (file:///C:/Users/Juanjo/Desktop/Juegos/Foundry-daggerheart/Portable-FoundryVTT-v13.348/App/resources/app/dist/database/backend/server-document.mjs:1:3713)\n    at Function._migrateDocuments (file:///C:/Users/Juanjo/Desktop/Juegos/Foundry-daggerheart/Portable-FoundryVTT-v13.348/App/resources/app/dist/database/backend/server-document.mjs:1:2782)","timestamp":"2026-01-01 15:11:16"}
{"level":"error","message":"An error occurred during the migration of Actor record [RIpmM1hiW9aRSlR5] of database \"daggerheart-extra-content.more-adversaries\":\nError: Documents from a core version newer than the running version cannot be migrated\n    at Function._migrateRecord (file:///C:/Users/Juanjo/Desktop/Juegos/Foundry-daggerheart/Portable-FoundryVTT-v13.348/App/resources/app/dist/database/backend/server-document.mjs:1:3713)\n    at Function._migrateDocuments (file:///C:/Users/Juanjo/Desktop/Juegos/Foundry-daggerheart/Portable-FoundryVTT-v13.348/App/resources/app/dist/database/backend/server-document.mjs:1:2782)","timestamp":"2026-01-01 15:11:16"}
{"level":"error","message":"An error occurred during the migration of Actor record [RlIaKDY410J1Braw] of database \"daggerheart-extra-content.more-adversaries\":\nError: Documents from a core version newer than the running version cannot be migrated\n    at Function._migrateRecord (file:///C:/Users/Juanjo/Desktop/Juegos/Foundry-daggerheart/Portable-FoundryVTT-v13.348/App/resources/app/dist/database/backend/server-document.mjs:1:3713)\n    at Function._migrateDocuments (file:///C:/Users/Juanjo/Desktop/Juegos/Foundry-daggerheart/Portable-FoundryVTT-v13.348/App/resources/app/dist/database/backend/server-document.mjs:1:2782)","timestamp":"2026-01-01 15:11:16"}
{"level":"error","message":"An error occurred during the migration of Actor record [Uu7RvfCQnjz6CNhI] of database \"daggerheart-extra-content.more-adversaries\":\nError: Documents from a core version newer than the running version cannot be migrated\n    at Function._migrateRecord (file:///C:/Users/Juanjo/Desktop/Juegos/Foundry-daggerheart/Portable-FoundryVTT-v13.348/App/resources/app/dist/database/backend/server-document.mjs:1:3713)\n    at Function._migrateDocuments (file:///C:/Users/Juanjo/Desktop/Juegos/Foundry-daggerheart/Portable-FoundryVTT-v13.348/App/resources/app/dist/database/backend/server-document.mjs:1:2782)","timestamp":"2026-01-01 15:11:16"}
{"level":"error","message":"An error occurred during the migration of Actor record [dz7P6qQlXyDH34fj] of database \"daggerheart-extra-content.more-adversaries\":\nError: Documents from a core version newer than the running version cannot be migrated\n    at Function._migrateRecord (file:///C:/Users/Juanjo/Desktop/Juegos/Foundry-daggerheart/Portable-FoundryVTT-v13.348/App/resources/app/dist/database/backend/server-document.mjs:1:3713)\n    at Function._migrateDocuments (file:///C:/Users/Juanjo/Desktop/Juegos/Foundry-daggerheart/Portable-FoundryVTT-v13.348/App/resources/app/dist/database/backend/server-document.mjs:1:2782)","timestamp":"2026-01-01 15:11:16"}
{"level":"error","message":"An error occurred during the migration of Actor record [eQ87jrVECayfpio3] of database \"daggerheart-extra-content.more-adversaries\":\nError: Documents from a core version newer than the running version cannot be migrated\n    at Function._migrateRecord (file:///C:/Users/Juanjo/Desktop/Juegos/Foundry-daggerheart/Portable-FoundryVTT-v13.348/App/resources/app/dist/database/backend/server-document.mjs:1:3713)\n    at Function._migrateDocuments (file:///C:/Users/Juanjo/Desktop/Juegos/Foundry-daggerheart/Portable-FoundryVTT-v13.348/App/resources/app/dist/database/backend/server-document.mjs:1:2782)","timestamp":"2026-01-01 15:11:16"}
{"level":"error","message":"An error occurred during the migration of Actor record [f7a0iCjxLOcnoOry] of database \"daggerheart-extra-content.more-adversaries\":\nError: Documents from a core version newer than the running version cannot be migrated\n    at Function._migrateRecord (file:///C:/Users/Juanjo/Desktop/Juegos/Foundry-daggerheart/Portable-FoundryVTT-v13.348/App/resources/app/dist/database/backend/server-document.mjs:1:3713)\n    at Function._migrateDocuments (file:///C:/Users/Juanjo/Desktop/Juegos/Foundry-daggerheart/Portable-FoundryVTT-v13.348/App/resources/app/dist/database/backend/server-document.mjs:1:2782)","timestamp":"2026-01-01 15:11:16"}
{"level":"error","message":"An error occurred during the migration of Actor record [j0ncG4oNxG6c7CoZ] of database \"daggerheart-extra-content.more-adversaries\":\nError: Documents from a core version newer than the running version cannot be migrated\n    at Function._migrateRecord (file:///C:/Users/Juanjo/Desktop/Juegos/Foundry-daggerheart/Portable-FoundryVTT-v13.348/App/resources/app/dist/database/backend/server-document.mjs:1:3713)\n    at Function._migrateDocuments (file:///C:/Users/Juanjo/Desktop/Juegos/Foundry-daggerheart/Portable-FoundryVTT-v13.348/App/resources/app/dist/database/backend/server-document.mjs:1:2782)","timestamp":"2026-01-01 15:11:16"}
{"level":"error","message":"An error occurred during the migration of Actor record [n7SBEHvb48tFamKO] of database \"daggerheart-extra-content.more-adversaries\":\nError: Documents from a core version newer than the running version cannot be migrated\n    at Function._migrateRecord (file:///C:/Users/Juanjo/Desktop/Juegos/Foundry-daggerheart/Portable-FoundryVTT-v13.348/App/resources/app/dist/database/backend/server-document.mjs:1:3713)\n    at Function._migrateDocuments (file:///C:/Users/Juanjo/Desktop/Juegos/Foundry-daggerheart/Portable-FoundryVTT-v13.348/App/resources/app/dist/database/backend/server-document.mjs:1:2782)","timestamp":"2026-01-01 15:11:16"}
{"level":"error","message":"An error occurred during the migration of Actor record [p7LYTbyuPUNisLQ5] of database \"daggerheart-extra-content.more-adversaries\":\nError: Documents from a core version newer than the running version cannot be migrated\n    at Function._migrateRecord (file:///C:/Users/Juanjo/Desktop/Juegos/Foundry-daggerheart/Portable-FoundryVTT-v13.348/App/resources/app/dist/database/backend/server-document.mjs:1:3713)\n    at Function._migrateDocuments (file:///C:/Users/Juanjo/Desktop/Juegos/Foundry-daggerheart/Portable-FoundryVTT-v13.348/App/resources/app/dist/database/backend/server-document.mjs:1:2782)","timestamp":"2026-01-01 15:11:16"}
{"level":"error","message":"An error occurred during the migration of Actor record [pCEWxOqd7C0B9DxO] of database \"daggerheart-extra-content.more-adversaries\":\nError: Documents from a core version newer than the running version cannot be migrated\n    at Function._migrateRecord (file:///C:/Users/Juanjo/Desktop/Juegos/Foundry-daggerheart/Portable-FoundryVTT-v13.348/App/resources/app/dist/database/backend/server-document.mjs:1:3713)\n    at Function._migrateDocuments (file:///C:/Users/Juanjo/Desktop/Juegos/Foundry-daggerheart/Portable-FoundryVTT-v13.348/App/resources/app/dist/database/backend/server-document.mjs:1:2782)","timestamp":"2026-01-01 15:11:16"}
{"level":"error","message":"An error occurred during the migration of Actor record [pCkMBn3zgF4WA1zz] of database \"daggerheart-extra-content.more-adversaries\":\nError: Documents from a core version newer than the running version cannot be migrated\n    at Function._migrateRecord (file:///C:/Users/Juanjo/Desktop/Juegos/Foundry-daggerheart/Portable-FoundryVTT-v13.348/App/resources/app/dist/database/backend/server-document.mjs:1:3713)\n    at Function._migrateDocuments (file:///C:/Users/Juanjo/Desktop/Juegos/Foundry-daggerheart/Portable-FoundryVTT-v13.348/App/resources/app/dist/database/backend/server-document.mjs:1:2782)","timestamp":"2026-01-01 15:11:16"}
{"level":"error","message":"An error occurred during the migration of Actor record [sEtsUW24RgFB83TQ] of database \"daggerheart-extra-content.more-adversaries\":\nError: Documents from a core version newer than the running version cannot be migrated\n    at Function._migrateRecord (file:///C:/Users/Juanjo/Desktop/Juegos/Foundry-daggerheart/Portable-FoundryVTT-v13.348/App/resources/app/dist/database/backend/server-document.mjs:1:3713)\n    at Function._migrateDocuments (file:///C:/Users/Juanjo/Desktop/Juegos/Foundry-daggerheart/Portable-FoundryVTT-v13.348/App/resources/app/dist/database/backend/server-document.mjs:1:2782)","timestamp":"2026-01-01 15:11:16"}
{"level":"error","message":"An error occurred during the migration of Actor record [sKqhR4Gzsc953DBq] of database \"daggerheart-extra-content.more-adversaries\":\nError: Documents from a core version newer than the running version cannot be migrated\n    at Function._migrateRecord (file:///C:/Users/Juanjo/Desktop/Juegos/Foundry-daggerheart/Portable-FoundryVTT-v13.348/App/resources/app/dist/database/backend/server-document.mjs:1:3713)\n    at Function._migrateDocuments (file:///C:/Users/Juanjo/Desktop/Juegos/Foundry-daggerheart/Portable-FoundryVTT-v13.348/App/resources/app/dist/database/backend/server-document.mjs:1:2782)","timestamp":"2026-01-01 15:11:16"}
{"level":"warn","message":"Database daggerheart-extra-content.more-adversaries was not fully migrated due to errors during migration.","timestamp":"2026-01-01 15:11:16"}
{"level":"error","message":"An error occurred during the migration of Item record [04I86qVoEQ310sCR] of database \"daggerheart-extra-content.ancestry\":\nError: Documents from a core version newer than the running version cannot be migrated\n    at Function._migrateRecord (file:///C:/Users/Juanjo/Desktop/Juegos/Foundry-daggerheart/Portable-FoundryVTT-v13.348/App/resources/app/dist/database/backend/server-document.mjs:1:3713)\n    at Function._migrateDocuments (file:///C:/Users/Juanjo/Desktop/Juegos/Foundry-daggerheart/Portable-FoundryVTT-v13.348/App/resources/app/dist/database/backend/server-document.mjs:1:2782)","timestamp":"2026-01-01 15:11:16"}
{"level":"error","message":"An error occurred during the migration of Item record [2zyMaehKcKOEGM4E] of database \"daggerheart-extra-content.ancestry\":\nError: Documents from a core version newer than the running version cannot be migrated\n    at Function._migrateRecord (file:///C:/Users/Juanjo/Desktop/Juegos/Foundry-daggerheart/Portable-FoundryVTT-v13.348/App/resources/app/dist/database/backend/server-document.mjs:1:3713)\n    at Function._migrateDocuments (file:///C:/Users/Juanjo/Desktop/Juegos/Foundry-daggerheart/Portable-FoundryVTT-v13.348/App/resources/app/dist/database/backend/server-document.mjs:1:2782)","timestamp":"2026-01-01 15:11:16"}
{"level":"error","message":"An error occurred during the migration of Item record [Fc3hqveUPZNSVSk7] of database \"daggerheart-extra-content.ancestry\":\nError: Documents from a core version newer than the running version cannot be migrated\n    at Function._migrateRecord (file:///C:/Users/Juanjo/Desktop/Juegos/Foundry-daggerheart/Portable-FoundryVTT-v13.348/App/resources/app/dist/database/backend/server-document.mjs:1:3713)\n    at Function._migrateDocuments (file:///C:/Users/Juanjo/Desktop/Juegos/Foundry-daggerheart/Portable-FoundryVTT-v13.348/App/resources/app/dist/database/backend/server-document.mjs:1:2782)","timestamp":"2026-01-01 15:11:16"}
{"level":"error","message":"An error occurred during the migration of Item record [QbBbdOgrtxEIWQHB] of database \"daggerheart-extra-content.ancestry\":\nError: Documents from a core version newer than the running version cannot be migrated\n    at Function._migrateRecord (file:///C:/Users/Juanjo/Desktop/Juegos/Foundry-daggerheart/Portable-FoundryVTT-v13.348/App/resources/app/dist/database/backend/server-document.mjs:1:3713)\n    at Function._migrateDocuments (file:///C:/Users/Juanjo/Desktop/Juegos/Foundry-daggerheart/Portable-FoundryVTT-v13.348/App/resources/app/dist/database/backend/server-document.mjs:1:2782)","timestamp":"2026-01-01 15:11:16"}
{"level":"error","message":"An error occurred during the migration of Item record [WOHi9gvF8Ha10EnF] of database \"daggerheart-extra-content.ancestry\":\nError: Documents from a core version newer than the running version cannot be migrated\n    at Function._migrateRecord (file:///C:/Users/Juanjo/Desktop/Juegos/Foundry-daggerheart/Portable-FoundryVTT-v13.348/App/resources/app/dist/database/backend/server-document.mjs:1:3713)\n    at Function._migrateDocuments (file:///C:/Users/Juanjo/Desktop/Juegos/Foundry-daggerheart/Portable-FoundryVTT-v13.348/App/resources/app/dist/database/backend/server-document.mjs:1:2782)","timestamp":"2026-01-01 15:11:16"}
{"level":"error","message":"An error occurred during the migration of Item record [jP4n9wzq0wvfxULo] of database \"daggerheart-extra-content.ancestry\":\nError: Documents from a core version newer than the running version cannot be migrated\n    at Function._migrateRecord (file:///C:/Users/Juanjo/Desktop/Juegos/Foundry-daggerheart/Portable-FoundryVTT-v13.348/App/resources/app/dist/database/backend/server-document.mjs:1:3713)\n    at Function._migrateDocuments (file:///C:/Users/Juanjo/Desktop/Juegos/Foundry-daggerheart/Portable-FoundryVTT-v13.348/App/resources/app/dist/database/backend/server-document.mjs:1:2782)","timestamp":"2026-01-01 15:11:16"}
{"level":"error","message":"An error occurred during the migration of Item record [pjtNmhoBNxjrzRPk] of database \"daggerheart-extra-content.ancestry\":\nError: Documents from a core version newer than the running version cannot be migrated\n    at Function._migrateRecord (file:///C:/Users/Juanjo/Desktop/Juegos/Foundry-daggerheart/Portable-FoundryVTT-v13.348/App/resources/app/dist/database/backend/server-document.mjs:1:3713)\n    at Function._migrateDocuments (file:///C:/Users/Juanjo/Desktop/Juegos/Foundry-daggerheart/Portable-FoundryVTT-v13.348/App/resources/app/dist/database/backend/server-document.mjs:1:2782)","timestamp":"2026-01-01 15:11:16"}
{"level":"error","message":"An error occurred during the migration of Item record [vWfsYRjrKPUne2nZ] of database \"daggerheart-extra-content.ancestry\":\nError: Documents from a core version newer than the running version cannot be migrated\n    at Function._migrateRecord (file:///C:/Users/Juanjo/Desktop/Juegos/Foundry-daggerheart/Portable-FoundryVTT-v13.348/App/resources/app/dist/database/backend/server-document.mjs:1:3713)\n    at Function._migrateDocuments (file:///C:/Users/Juanjo/Desktop/Juegos/Foundry-daggerheart/Portable-FoundryVTT-v13.348/App/resources/app/dist/database/backend/server-document.mjs:1:2782)","timestamp":"2026-01-01 15:11:16"}
{"level":"error","message":"An error occurred during the migration of Item record [y4tOp4lUYpyC7YJW] of database \"daggerheart-extra-content.ancestry\":\nError: Documents from a core version newer than the running version cannot be migrated\n    at Function._migrateRecord (file:///C:/Users/Juanjo/Desktop/Juegos/Foundry-daggerheart/Portable-FoundryVTT-v13.348/App/resources/app/dist/database/backend/server-document.mjs:1:3713)\n    at Function._migrateDocuments (file:///C:/Users/Juanjo/Desktop/Juegos/Foundry-daggerheart/Portable-FoundryVTT-v13.348/App/resources/app/dist/database/backend/server-document.mjs:1:2782)","timestamp":"2026-01-01 15:11:16"}
{"level":"warn","message":"Database daggerheart-extra-content.ancestry was not fully migrated due to errors during migration.","timestamp":"2026-01-01 15:11:16"}
{"level":"error","message":"An error occurred during the migration of Item record [8D0NQR901j0Kx0zb] of database \"daggerheart-extra-content.classes\":\nError: Documents from a core version newer than the running version cannot be migrated\n    at Function._migrateRecord (file:///C:/Users/Juanjo/Desktop/Juegos/Foundry-daggerheart/Portable-FoundryVTT-v13.348/App/resources/app/dist/database/backend/server-document.mjs:1:3713)\n    at Function._migrateDocuments (file:///C:/Users/Juanjo/Desktop/Juegos/Foundry-daggerheart/Portable-FoundryVTT-v13.348/App/resources/app/dist/database/backend/server-document.mjs:1:2782)","timestamp":"2026-01-01 15:11:16"}
{"level":"error","message":"An error occurred during the migration of Item record [B90E3nk0uBeZpPw8] of database \"daggerheart-extra-content.classes\":\nError: Documents from a core version newer than the running version cannot be migrated\n    at Function._migrateRecord (file:///C:/Users/Juanjo/Desktop/Juegos/Foundry-daggerheart/Portable-FoundryVTT-v13.348/App/resources/app/dist/database/backend/server-document.mjs:1:3713)\n    at Function._migrateDocuments (file:///C:/Users/Juanjo/Desktop/Juegos/Foundry-daggerheart/Portable-FoundryVTT-v13.348/App/resources/app/dist/database/backend/server-document.mjs:1:2782)","timestamp":"2026-01-01 15:11:16"}
{"level":"error","message":"An error occurred during the migration of Item record [E5d3CnR98vEXt8QS] of database \"daggerheart-extra-content.classes\":\nError: Documents from a core version newer than the running version cannot be migrated\n    at Function._migrateRecord (file:///C:/Users/Juanjo/Desktop/Juegos/Foundry-daggerheart/Portable-FoundryVTT-v13.348/App/resources/app/dist/database/backend/server-document.mjs:1:3713)\n    at Function._migrateDocuments (file:///C:/Users/Juanjo/Desktop/Juegos/Foundry-daggerheart/Portable-FoundryVTT-v13.348/App/resources/app/dist/database/backend/server-document.mjs:1:2782)","timestamp":"2026-01-01 15:11:16"}
{"level":"error","message":"An error occurred during the migration of Item record [EcUepPeaFQz7tnme] of database \"daggerheart-extra-content.classes\":\nError: Documents from a core version newer than the running version cannot be migrated\n    at Function._migrateRecord (file:///C:/Users/Juanjo/Desktop/Juegos/Foundry-daggerheart/Portable-FoundryVTT-v13.348/App/resources/app/dist/database/backend/server-document.mjs:1:3713)\n    at Function._migrateDocuments (file:///C:/Users/Juanjo/Desktop/Juegos/Foundry-daggerheart/Portable-FoundryVTT-v13.348/App/resources/app/dist/database/backend/server-document.mjs:1:2782)","timestamp":"2026-01-01 15:11:16"}
{"level":"error","message":"An error occurred during the migration of Item record [MAT6l8tUvELiLK4L] of database \"daggerheart-extra-content.classes\":\nError: Documents from a core version newer than the running version cannot be migrated\n    at Function._migrateRecord (file:///C:/Users/Juanjo/Desktop/Juegos/Foundry-daggerheart/Portable-FoundryVTT-v13.348/App/resources/app/dist/database/backend/server-document.mjs:1:3713)\n    at Function._migrateDocuments (file:///C:/Users/Juanjo/Desktop/Juegos/Foundry-daggerheart/Portable-FoundryVTT-v13.348/App/resources/app/dist/database/backend/server-document.mjs:1:2782)","timestamp":"2026-01-01 15:11:16"}
{"level":"error","message":"An error occurred during the migration of Item record [N4mXcAWdpFYJdWZn] of database \"daggerheart-extra-content.classes\":\nError: Documents from a core version newer than the running version cannot be migrated\n    at Function._migrateRecord (file:///C:/Users/Juanjo/Desktop/Juegos/Foundry-daggerheart/Portable-FoundryVTT-v13.348/App/resources/app/dist/database/backend/server-document.mjs:1:3713)\n    at Function._migrateDocuments (file:///C:/Users/Juanjo/Desktop/Juegos/Foundry-daggerheart/Portable-FoundryVTT-v13.348/App/resources/app/dist/database/backend/server-document.mjs:1:2782)","timestamp":"2026-01-01 15:11:16"}
{"level":"error","message":"An error occurred during the migration of Item record [g01PAvRJsgiUHpnD] of database \"daggerheart-extra-content.classes\":\nError: Documents from a core version newer than the running version cannot be migrated\n    at Function._migrateRecord (file:///C:/Users/Juanjo/Desktop/Juegos/Foundry-daggerheart/Portable-FoundryVTT-v13.348/App/resources/app/dist/database/backend/server-document.mjs:1:3713)\n    at Function._migrateDocuments (file:///C:/Users/Juanjo/Desktop/Juegos/Foundry-daggerheart/Portable-FoundryVTT-v13.348/App/resources/app/dist/database/backend/server-document.mjs:1:2782)","timestamp":"2026-01-01 15:11:16"}
{"level":"error","message":"An error occurred during the migration of Item record [hXehaNaOdYzSJqxf] of database \"daggerheart-extra-content.classes\":\nError: Documents from a core version newer than the running version cannot be migrated\n    at Function._migrateRecord (file:///C:/Users/Juanjo/Desktop/Juegos/Foundry-daggerheart/Portable-FoundryVTT-v13.348/App/resources/app/dist/database/backend/server-document.mjs:1:3713)\n    at Function._migrateDocuments (file:///C:/Users/Juanjo/Desktop/Juegos/Foundry-daggerheart/Portable-FoundryVTT-v13.348/App/resources/app/dist/database/backend/server-document.mjs:1:2782)","timestamp":"2026-01-01 15:11:16"}
{"level":"error","message":"An error occurred during the migration of Item record [k4NTq8kIqQNNv9bl] of database \"daggerheart-extra-content.classes\":\nError: Documents from a core version newer than the running version cannot be migrated\n    at Function._migrateRecord (file:///C:/Users/Juanjo/Desktop/Juegos/Foundry-daggerheart/Portable-FoundryVTT-v13.348/App/resources/app/dist/database/backend/server-document.mjs:1:3713)\n    at Function._migrateDocuments (file:///C:/Users/Juanjo/Desktop/Juegos/Foundry-daggerheart/Portable-FoundryVTT-v13.348/App/resources/app/dist/database/backend/server-document.mjs:1:2782)","timestamp":"2026-01-01 15:11:16"}
{"level":"error","message":"An error occurred during the migration of Item record [m0xIb9uq6tlZdsoz] of database \"daggerheart-extra-content.classes\":\nError: Documents from a core version newer than the running version cannot be migrated\n    at Function._migrateRecord (file:///C:/Users/Juanjo/Desktop/Juegos/Foundry-daggerheart/Portable-FoundryVTT-v13.348/App/resources/app/dist/database/backend/server-document.mjs:1:3713)\n    at Function._migrateDocuments (file:///C:/Users/Juanjo/Desktop/Juegos/Foundry-daggerheart/Portable-FoundryVTT-v13.348/App/resources/app/dist/database/backend/server-document.mjs:1:2782)","timestamp":"2026-01-01 15:11:16"}
{"level":"error","message":"An error occurred during the migration of Item record [mYoYtle6DKA0UwQd] of database \"daggerheart-extra-content.classes\":\nError: Documents from a core version newer than the running version cannot be migrated\n    at Function._migrateRecord (file:///C:/Users/Juanjo/Desktop/Juegos/Foundry-daggerheart/Portable-FoundryVTT-v13.348/App/resources/app/dist/database/backend/server-document.mjs:1:3713)\n    at Function._migrateDocuments (file:///C:/Users/Juanjo/Desktop/Juegos/Foundry-daggerheart/Portable-FoundryVTT-v13.348/App/resources/app/dist/database/backend/server-document.mjs:1:2782)","timestamp":"2026-01-01 15:11:16"}
{"level":"error","message":"An error occurred during the migration of Item record [xGemeGMXhosaM22K] of database \"daggerheart-extra-content.classes\":\nError: Documents from a core version newer than the running version cannot be migrated\n    at Function._migrateRecord (file:///C:/Users/Juanjo/Desktop/Juegos/Foundry-daggerheart/Portable-FoundryVTT-v13.348/App/resources/app/dist/database/backend/server-document.mjs:1:3713)\n    at Function._migrateDocuments (file:///C:/Users/Juanjo/Desktop/Juegos/Foundry-daggerheart/Portable-FoundryVTT-v13.348/App/resources/app/dist/database/backend/server-document.mjs:1:2782)","timestamp":"2026-01-01 15:11:16"}
{"level":"error","message":"An error occurred during the migration of Item record [zzaKRTPuYEahfilp] of database \"daggerheart-extra-content.classes\":\nError: Documents from a core version newer than the running version cannot be migrated\n    at Function._migrateRecord (file:///C:/Users/Juanjo/Desktop/Juegos/Foundry-daggerheart/Portable-FoundryVTT-v13.348/App/resources/app/dist/database/backend/server-document.mjs:1:3713)\n    at Function._migrateDocuments (file:///C:/Users/Juanjo/Desktop/Juegos/Foundry-daggerheart/Portable-FoundryVTT-v13.348/App/resources/app/dist/database/backend/server-document.mjs:1:2782)","timestamp":"2026-01-01 15:11:16"}
{"level":"warn","message":"Database daggerheart-extra-content.classes was not fully migrated due to errors during migration.","timestamp":"2026-01-01 15:11:16"}
{"level":"error","message":"An error occurred during the migration of Item record [0YAGrauVMvqpHUou] of database \"daggerheart-extra-content.subclasses\":\nError: Documents from a core version newer than the running version cannot be migrated\n    at Function._migrateRecord (file:///C:/Users/Juanjo/Desktop/Juegos/Foundry-daggerheart/Portable-FoundryVTT-v13.348/App/resources/app/dist/database/backend/server-document.mjs:1:3713)\n    at Function._migrateDocuments (file:///C:/Users/Juanjo/Desktop/Juegos/Foundry-daggerheart/Portable-FoundryVTT-v13.348/App/resources/app/dist/database/backend/server-document.mjs:1:2782)","timestamp":"2026-01-01 15:11:16"}
{"level":"error","message":"An error occurred during the migration of Item record [1vMdJBGISqJYzAA8] of database \"daggerheart-extra-content.subclasses\":\nError: Documents from a core version newer than the running version cannot be migrated\n    at Function._migrateRecord (file:///C:/Users/Juanjo/Desktop/Juegos/Foundry-daggerheart/Portable-FoundryVTT-v13.348/App/resources/app/dist/database/backend/server-document.mjs:1:3713)\n    at Function._migrateDocuments (file:///C:/Users/Juanjo/Desktop/Juegos/Foundry-daggerheart/Portable-FoundryVTT-v13.348/App/resources/app/dist/database/backend/server-document.mjs:1:2782)","timestamp":"2026-01-01 15:11:16"}
{"level":"error","message":"An error occurred during the migration of Item record [48oK5ke7KNhEoSBK] of database \"daggerheart-extra-content.subclasses\":\nError: Documents from a core version newer than the running version cannot be migrated\n    at Function._migrateRecord (file:///C:/Users/Juanjo/Desktop/Juegos/Foundry-daggerheart/Portable-FoundryVTT-v13.348/App/resources/app/dist/database/backend/server-document.mjs:1:3713)\n    at Function._migrateDocuments (file:///C:/Users/Juanjo/Desktop/Juegos/Foundry-daggerheart/Portable-FoundryVTT-v13.348/App/resources/app/dist/database/backend/server-document.mjs:1:2782)","timestamp":"2026-01-01 15:11:16"}
{"level":"error","message":"An error occurred during the migration of Item record [DeyoqbkHGP5Zm5bb] of database \"daggerheart-extra-content.subclasses\":\nError: Documents from a core version newer than the running version cannot be migrated\n    at Function._migrateRecord (file:///C:/Users/Juanjo/Desktop/Juegos/Foundry-daggerheart/Portable-FoundryVTT-v13.348/App/resources/app/dist/database/backend/server-document.mjs:1:3713)\n    at Function._migrateDocuments (file:///C:/Users/Juanjo/Desktop/Juegos/Foundry-daggerheart/Portable-FoundryVTT-v13.348/App/resources/app/dist/database/backend/server-document.mjs:1:2782)","timestamp":"2026-01-01 15:11:16"}
{"level":"error","message":"An error occurred during the migration of Item record [HQmOhlvOcO5GjiRG] of database \"daggerheart-extra-content.subclasses\":\nError: Documents from a core version newer than the running version cannot be migrated\n    at Function._migrateRecord (file:///C:/Users/Juanjo/Desktop/Juegos/Foundry-daggerheart/Portable-FoundryVTT-v13.348/App/resources/app/dist/database/backend/server-document.mjs:1:3713)\n    at Function._migrateDocuments (file:///C:/Users/Juanjo/Desktop/Juegos/Foundry-daggerheart/Portable-FoundryVTT-v13.348/App/resources/app/dist/database/backend/server-document.mjs:1:2782)","timestamp":"2026-01-01 15:11:16"}
{"level":"error","message":"An error occurred during the migration of Item record [LCqFlGKsObwYDIEm] of database \"daggerheart-extra-content.subclasses\":\nError: Documents from a core version newer than the running version cannot be migrated\n    at Function._migrateRecord (file:///C:/Users/Juanjo/Desktop/Juegos/Foundry-daggerheart/Portable-FoundryVTT-v13.348/App/resources/app/dist/database/backend/server-document.mjs:1:3713)\n    at Function._migrateDocuments (file:///C:/Users/Juanjo/Desktop/Juegos/Foundry-daggerheart/Portable-FoundryVTT-v13.348/App/resources/app/dist/database/backend/server-document.mjs:1:2782)","timestamp":"2026-01-01 15:11:16"}
{"level":"error","message":"An error occurred during the migration of Item record [ThjRka7o73hN3p0B] of database \"daggerheart-extra-content.subclasses\":\nError: Documents from a core version newer than the running version cannot be migrated\n    at Function._migrateRecord (file:///C:/Users/Juanjo/Desktop/Juegos/Foundry-daggerheart/Portable-FoundryVTT-v13.348/App/resources/app/dist/database/backend/server-document.mjs:1:3713)\n    at Function._migrateDocuments (file:///C:/Users/Juanjo/Desktop/Juegos/Foundry-daggerheart/Portable-FoundryVTT-v13.348/App/resources/app/dist/database/backend/server-document.mjs:1:2782)","timestamp":"2026-01-01 15:11:16"}
{"level":"error","message":"An error occurred during the migration of Item record [UOiFsix0pZrccp1y] of database \"daggerheart-extra-content.subclasses\":\nError: Documents from a core version newer than the running version cannot be migrated\n    at Function._migrateRecord (file:///C:/Users/Juanjo/Desktop/Juegos/Foundry-daggerheart/Portable-FoundryVTT-v13.348/App/resources/app/dist/database/backend/server-document.mjs:1:3713)\n    at Function._migrateDocuments (file:///C:/Users/Juanjo/Desktop/Juegos/Foundry-daggerheart/Portable-FoundryVTT-v13.348/App/resources/app/dist/database/backend/server-document.mjs:1:2782)","timestamp":"2026-01-01 15:11:16"}
{"level":"error","message":"An error occurred during the migration of Item record [YtPj46QA47slm76U] of database \"daggerheart-extra-content.subclasses\":\nError: Documents from a core version newer than the running version cannot be migrated\n    at Function._migrateRecord (file:///C:/Users/Juanjo/Desktop/Juegos/Foundry-daggerheart/Portable-FoundryVTT-v13.348/App/resources/app/dist/database/backend/server-document.mjs:1:3713)\n    at Function._migrateDocuments (file:///C:/Users/Juanjo/Desktop/Juegos/Foundry-daggerheart/Portable-FoundryVTT-v13.348/App/resources/app/dist/database/backend/server-document.mjs:1:2782)","timestamp":"2026-01-01 15:11:16"}
{"level":"error","message":"An error occurred during the migration of Item record [Z2oD6qtFjxzDYqWV] of database \"daggerheart-extra-content.subclasses\":\nError: Documents from a core version newer than the running version cannot be migrated\n    at Function._migrateRecord (file:///C:/Users/Juanjo/Desktop/Juegos/Foundry-daggerheart/Portable-FoundryVTT-v13.348/App/resources/app/dist/database/backend/server-document.mjs:1:3713)\n    at Function._migrateDocuments (file:///C:/Users/Juanjo/Desktop/Juegos/Foundry-daggerheart/Portable-FoundryVTT-v13.348/App/resources/app/dist/database/backend/server-document.mjs:1:2782)","timestamp":"2026-01-01 15:11:16"}
{"level":"error","message":"An error occurred during the migration of Item record [aKNaVPnQeDzCZl6w] of database \"daggerheart-extra-content.subclasses\":\nError: Documents from a core version newer than the running version cannot be migrated\n    at Function._migrateRecord (file:///C:/Users/Juanjo/Desktop/Juegos/Foundry-daggerheart/Portable-FoundryVTT-v13.348/App/resources/app/dist/database/backend/server-document.mjs:1:3713)\n    at Function._migrateDocuments (file:///C:/Users/Juanjo/Desktop/Juegos/Foundry-daggerheart/Portable-FoundryVTT-v13.348/App/resources/app/dist/database/backend/server-document.mjs:1:2782)","timestamp":"2026-01-01 15:11:16"}
{"level":"error","message":"An error occurred during the migration of Item record [bQMybQa340rpMCR8] of database \"daggerheart-extra-content.subclasses\":\nError: Documents from a core version newer than the running version cannot be migrated\n    at Function._migrateRecord (file:///C:/Users/Juanjo/Desktop/Juegos/Foundry-daggerheart/Portable-FoundryVTT-v13.348/App/resources/app/dist/database/backend/server-document.mjs:1:3713)\n    at Function._migrateDocuments (file:///C:/Users/Juanjo/Desktop/Juegos/Foundry-daggerheart/Portable-FoundryVTT-v13.348/App/resources/app/dist/database/backend/server-document.mjs:1:2782)","timestamp":"2026-01-01 15:11:16"}
{"level":"error","message":"An error occurred during the migration of Item record [eM46wwEPFHNI99sq] of database \"daggerheart-extra-content.subclasses\":\nError: Documents from a core version newer than the running version cannot be migrated\n    at Function._migrateRecord (file:///C:/Users/Juanjo/Desktop/Juegos/Foundry-daggerheart/Portable-FoundryVTT-v13.348/App/resources/app/dist/database/backend/server-document.mjs:1:3713)\n    at Function._migrateDocuments (file:///C:/Users/Juanjo/Desktop/Juegos/Foundry-daggerheart/Portable-FoundryVTT-v13.348/App/resources/app/dist/database/backend/server-document.mjs:1:2782)","timestamp":"2026-01-01 15:11:16"}
{"level":"error","message":"An error occurred during the migration of Item record [eQ8YQvNFJJnz9OqQ] of database \"daggerheart-extra-content.subclasses\":\nError: Documents from a core version newer than the running version cannot be migrated\n    at Function._migrateRecord (file:///C:/Users/Juanjo/Desktop/Juegos/Foundry-daggerheart/Portable-FoundryVTT-v13.348/App/resources/app/dist/database/backend/server-document.mjs:1:3713)\n    at Function._migrateDocuments (file:///C:/Users/Juanjo/Desktop/Juegos/Foundry-daggerheart/Portable-FoundryVTT-v13.348/App/resources/app/dist/database/backend/server-document.mjs:1:2782)","timestamp":"2026-01-01 15:11:16"}
{"level":"error","message":"An error occurred during the migration of Item record [hRIq3JkT9ZwZr5Qf] of database \"daggerheart-extra-content.subclasses\":\nError: Documents from a core version newer than the running version cannot be migrated\n    at Function._migrateRecord (file:///C:/Users/Juanjo/Desktop/Juegos/Foundry-daggerheart/Portable-FoundryVTT-v13.348/App/resources/app/dist/database/backend/server-document.mjs:1:3713)\n    at Function._migrateDocuments (file:///C:/Users/Juanjo/Desktop/Juegos/Foundry-daggerheart/Portable-FoundryVTT-v13.348/App/resources/app/dist/database/backend/server-document.mjs:1:2782)","timestamp":"2026-01-01 15:11:16"}
{"level":"error","message":"An error occurred during the migration of Item record [hZqlmZX7lIGN3auH] of database \"daggerheart-extra-content.subclasses\":\nError: Documents from a core version newer than the running version cannot be migrated\n    at Function._migrateRecord (file:///C:/Users/Juanjo/Desktop/Juegos/Foundry-daggerheart/Portable-FoundryVTT-v13.348/App/resources/app/dist/database/backend/server-document.mjs:1:3713)\n    at Function._migrateDocuments (file:///C:/Users/Juanjo/Desktop/Juegos/Foundry-daggerheart/Portable-FoundryVTT-v13.348/App/resources/app/dist/database/backend/server-document.mjs:1:2782)","timestamp":"2026-01-01 15:11:16"}
{"level":"error","message":"An error occurred during the migration of Item record [lwShv1Is6MN1zDor] of database \"daggerheart-extra-content.subclasses\":\nError: Documents from a core version newer than the running version cannot be migrated\n    at Function._migrateRecord (file:///C:/Users/Juanjo/Desktop/Juegos/Foundry-daggerheart/Portable-FoundryVTT-v13.348/App/resources/app/dist/database/backend/server-document.mjs:1:3713)\n    at Function._migrateDocuments (file:///C:/Users/Juanjo/Desktop/Juegos/Foundry-daggerheart/Portable-FoundryVTT-v13.348/App/resources/app/dist/database/backend/server-document.mjs:1:2782)","timestamp":"2026-01-01 15:11:16"}
{"level":"error","message":"An error occurred during the migration of Item record [oWFZxLUa6apOCBW6] of database \"daggerheart-extra-content.subclasses\":\nError: Documents from a core version newer than the running version cannot be migrated\n    at Function._migrateRecord (file:///C:/Users/Juanjo/Desktop/Juegos/Foundry-daggerheart/Portable-FoundryVTT-v13.348/App/resources/app/dist/database/backend/server-document.mjs:1:3713)\n    at Function._migrateDocuments (file:///C:/Users/Juanjo/Desktop/Juegos/Foundry-daggerheart/Portable-FoundryVTT-v13.348/App/resources/app/dist/database/backend/server-document.mjs:1:2782)","timestamp":"2026-01-01 15:11:16"}
{"level":"error","message":"An error occurred during the migration of Item record [uZZCmokDQbizjw1d] of database \"daggerheart-extra-content.subclasses\":\nError: Documents from a core version newer than the running version cannot be migrated\n    at Function._migrateRecord (file:///C:/Users/Juanjo/Desktop/Juegos/Foundry-daggerheart/Portable-FoundryVTT-v13.348/App/resources/app/dist/database/backend/server-document.mjs:1:3713)\n    at Function._migrateDocuments (file:///C:/Users/Juanjo/Desktop/Juegos/Foundry-daggerheart/Portable-FoundryVTT-v13.348/App/resources/app/dist/database/backend/server-document.mjs:1:2782)","timestamp":"2026-01-01 15:11:16"}
{"level":"error","message":"An error occurred during the migration of Item record [ytYGENKq8AtjYqTb] of database \"daggerheart-extra-content.subclasses\":\nError: Documents from a core version newer than the running version cannot be migrated\n    at Function._migrateRecord (file:///C:/Users/Juanjo/Desktop/Juegos/Foundry-daggerheart/Portable-FoundryVTT-v13.348/App/resources/app/dist/database/backend/server-document.mjs:1:3713)\n    at Function._migrateDocuments (file:///C:/Users/Juanjo/Desktop/Juegos/Foundry-daggerheart/Portable-FoundryVTT-v13.348/App/resources/app/dist/database/backend/server-document.mjs:1:2782)","timestamp":"2026-01-01 15:11:16"}
{"level":"warn","message":"Database daggerheart-extra-content.subclasses was not fully migrated due to errors during migration.","timestamp":"2026-01-01 15:11:16"}
{"level":"error","message":"An error occurred during the migration of Item record [9X2envWaXGSWx82V] of database \"the-void-unofficial.classes\":\nError: Documents from a core version newer than the running version cannot be migrated\n    at Function._migrateRecord (file:///C:/Users/Juanjo/Desktop/Juegos/Foundry-daggerheart/Portable-FoundryVTT-v13.348/App/resources/app/dist/database/backend/server-document.mjs:1:3713)\n    at Function._migrateDocuments (file:///C:/Users/Juanjo/Desktop/Juegos/Foundry-daggerheart/Portable-FoundryVTT-v13.348/App/resources/app/dist/database/backend/server-document.mjs:1:2782)","timestamp":"2026-01-01 15:11:16"}
{"level":"error","message":"An error occurred during the migration of Item record [R0wYgWyPih4CpTE5] of database \"the-void-unofficial.classes\":\nError: Documents from a core version newer than the running version cannot be migrated\n    at Function._migrateRecord (file:///C:/Users/Juanjo/Desktop/Juegos/Foundry-daggerheart/Portable-FoundryVTT-v13.348/App/resources/app/dist/database/backend/server-document.mjs:1:3713)\n    at Function._migrateDocuments (file:///C:/Users/Juanjo/Desktop/Juegos/Foundry-daggerheart/Portable-FoundryVTT-v13.348/App/resources/app/dist/database/backend/server-document.mjs:1:2782)","timestamp":"2026-01-01 15:11:16"}
{"level":"error","message":"An error occurred during the migration of Item record [TGTBooD83OWXyQj1] of database \"the-void-unofficial.classes\":\nError: Documents from a core version newer than the running version cannot be migrated\n    at Function._migrateRecord (file:///C:/Users/Juanjo/Desktop/Juegos/Foundry-daggerheart/Portable-FoundryVTT-v13.348/App/resources/app/dist/database/backend/server-document.mjs:1:3713)\n    at Function._migrateDocuments (file:///C:/Users/Juanjo/Desktop/Juegos/Foundry-daggerheart/Portable-FoundryVTT-v13.348/App/resources/app/dist/database/backend/server-document.mjs:1:2782)","timestamp":"2026-01-01 15:11:16"}
{"level":"error","message":"An error occurred during the migration of Item record [gugHbXBWP24CFTJZ] of database \"the-void-unofficial.classes\":\nError: Documents from a core version newer than the running version cannot be migrated\n    at Function._migrateRecord (file:///C:/Users/Juanjo/Desktop/Juegos/Foundry-daggerheart/Portable-FoundryVTT-v13.348/App/resources/app/dist/database/backend/server-document.mjs:1:3713)\n    at Function._migrateDocuments (file:///C:/Users/Juanjo/Desktop/Juegos/Foundry-daggerheart/Portable-FoundryVTT-v13.348/App/resources/app/dist/database/backend/server-document.mjs:1:2782)","timestamp":"2026-01-01 15:11:16"}
{"level":"error","message":"An error occurred during the migration of Item record [m3CvI4nlskOu5jZS] of database \"the-void-unofficial.classes\":\nError: Documents from a core version newer than the running version cannot be migrated\n    at Function._migrateRecord (file:///C:/Users/Juanjo/Desktop/Juegos/Foundry-daggerheart/Portable-FoundryVTT-v13.348/App/resources/app/dist/database/backend/server-document.mjs:1:3713)\n    at Function._migrateDocuments (file:///C:/Users/Juanjo/Desktop/Juegos/Foundry-daggerheart/Portable-FoundryVTT-v13.348/App/resources/app/dist/database/backend/server-document.mjs:1:2782)","timestamp":"2026-01-01 15:11:16"}
{"level":"error","message":"An error occurred during the migration of Item record [otb0ThXWuqQzzWho] of database \"the-void-unofficial.classes\":\nError: Documents from a core version newer than the running version cannot be migrated\n    at Function._migrateRecord (file:///C:/Users/Juanjo/Desktop/Juegos/Foundry-daggerheart/Portable-FoundryVTT-v13.348/App/resources/app/dist/database/backend/server-document.mjs:1:3713)\n    at Function._migrateDocuments (file:///C:/Users/Juanjo/Desktop/Juegos/Foundry-daggerheart/Portable-FoundryVTT-v13.348/App/resources/app/dist/database/backend/server-document.mjs:1:2782)","timestamp":"2026-01-01 15:11:16"}
{"level":"error","message":"An error occurred during the migration of Item record [v5M0mxaTDJCyhAsR] of database \"the-void-unofficial.classes\":\nError: Documents from a core version newer than the running version cannot be migrated\n    at Function._migrateRecord (file:///C:/Users/Juanjo/Desktop/Juegos/Foundry-daggerheart/Portable-FoundryVTT-v13.348/App/resources/app/dist/database/backend/server-document.mjs:1:3713)\n    at Function._migrateDocuments (file:///C:/Users/Juanjo/Desktop/Juegos/Foundry-daggerheart/Portable-FoundryVTT-v13.348/App/resources/app/dist/database/backend/server-document.mjs:1:2782)","timestamp":"2026-01-01 15:11:16"}
{"level":"warn","message":"Database the-void-unofficial.classes was not fully migrated due to errors during migration.","timestamp":"2026-01-01 15:11:16"}
{"level":"error","message":"An error occurred during the migration of Item record [1PPk39iarFpWylOi] of database \"the-void-unofficial.subclasses\":\nError: Documents from a core version newer than the running version cannot be migrated\n    at Function._migrateRecord (file:///C:/Users/Juanjo/Desktop/Juegos/Foundry-daggerheart/Portable-FoundryVTT-v13.348/App/resources/app/dist/database/backend/server-document.mjs:1:3713)\n    at Function._migrateDocuments (file:///C:/Users/Juanjo/Desktop/Juegos/Foundry-daggerheart/Portable-FoundryVTT-v13.348/App/resources/app/dist/database/backend/server-document.mjs:1:2782)","timestamp":"2026-01-01 15:11:16"}
{"level":"error","message":"An error occurred during the migration of Item record [4Jaekd41DdaPdWkw] of database \"the-void-unofficial.subclasses\":\nError: Documents from a core version newer than the running version cannot be migrated\n    at Function._migrateRecord (file:///C:/Users/Juanjo/Desktop/Juegos/Foundry-daggerheart/Portable-FoundryVTT-v13.348/App/resources/app/dist/database/backend/server-document.mjs:1:3713)\n    at Function._migrateDocuments (file:///C:/Users/Juanjo/Desktop/Juegos/Foundry-daggerheart/Portable-FoundryVTT-v13.348/App/resources/app/dist/database/backend/server-document.mjs:1:2782)","timestamp":"2026-01-01 15:11:16"}
{"level":"error","message":"An error occurred during the migration of Item record [8EGGJmnqPBs9CrO9] of database \"the-void-unofficial.subclasses\":\nError: Documents from a core version newer than the running version cannot be migrated\n    at Function._migrateRecord (file:///C:/Users/Juanjo/Desktop/Juegos/Foundry-daggerheart/Portable-FoundryVTT-v13.348/App/resources/app/dist/database/backend/server-document.mjs:1:3713)\n    at Function._migrateDocuments (file:///C:/Users/Juanjo/Desktop/Juegos/Foundry-daggerheart/Portable-FoundryVTT-v13.348/App/resources/app/dist/database/backend/server-document.mjs:1:2782)","timestamp":"2026-01-01 15:11:16"}
{"level":"error","message":"An error occurred during the migration of Item record [GXYbLE8fG6fmGvFE] of database \"the-void-unofficial.subclasses\":\nError: Documents from a core version newer than the running version cannot be migrated\n    at Function._migrateRecord (file:///C:/Users/Juanjo/Desktop/Juegos/Foundry-daggerheart/Portable-FoundryVTT-v13.348/App/resources/app/dist/database/backend/server-document.mjs:1:3713)\n    at Function._migrateDocuments (file:///C:/Users/Juanjo/Desktop/Juegos/Foundry-daggerheart/Portable-FoundryVTT-v13.348/App/resources/app/dist/database/backend/server-document.mjs:1:2782)","timestamp":"2026-01-01 15:11:16"}
{"level":"error","message":"An error occurred during the migration of Item record [H8iGhoEsLwbhmUjb] of database \"the-void-unofficial.subclasses\":\nError: Documents from a core version newer than the running version cannot be migrated\n    at Function._migrateRecord (file:///C:/Users/Juanjo/Desktop/Juegos/Foundry-daggerheart/Portable-FoundryVTT-v13.348/App/resources/app/dist/database/backend/server-document.mjs:1:3713)\n    at Function._migrateDocuments (file:///C:/Users/Juanjo/Desktop/Juegos/Foundry-daggerheart/Portable-FoundryVTT-v13.348/App/resources/app/dist/database/backend/server-document.mjs:1:2782)","timestamp":"2026-01-01 15:11:16"}
{"level":"error","message":"An error occurred during the migration of Item record [JIO4bvmWGH4tTXpQ] of database \"the-void-unofficial.subclasses\":\nError: Documents from a core version newer than the running version cannot be migrated\n    at Function._migrateRecord (file:///C:/Users/Juanjo/Desktop/Juegos/Foundry-daggerheart/Portable-FoundryVTT-v13.348/App/resources/app/dist/database/backend/server-document.mjs:1:3713)\n    at Function._migrateDocuments (file:///C:/Users/Juanjo/Desktop/Juegos/Foundry-daggerheart/Portable-FoundryVTT-v13.348/App/resources/app/dist/database/backend/server-document.mjs:1:2782)","timestamp":"2026-01-01 15:11:16"}
{"level":"error","message":"An error occurred during the migration of Item record [JWlQd6XSBB22ASBs] of database \"the-void-unofficial.subclasses\":\nError: Documents from a core version newer than the running version cannot be migrated\n    at Function._migrateRecord (file:///C:/Users/Juanjo/Desktop/Juegos/Foundry-daggerheart/Portable-FoundryVTT-v13.348/App/resources/app/dist/database/backend/server-document.mjs:1:3713)\n    at Function._migrateDocuments (file:///C:/Users/Juanjo/Desktop/Juegos/Foundry-daggerheart/Portable-FoundryVTT-v13.348/App/resources/app/dist/database/backend/server-document.mjs:1:2782)","timestamp":"2026-01-01 15:11:16"}
{"level":"error","message":"An error occurred during the migration of Item record [JiPSjjjWxSbnoQRe] of database \"the-void-unofficial.subclasses\":\nError: Documents from a core version newer than the running version cannot be migrated\n    at Function._migrateRecord (file:///C:/Users/Juanjo/Desktop/Juegos/Foundry-daggerheart/Portable-FoundryVTT-v13.348/App/resources/app/dist/database/backend/server-document.mjs:1:3713)\n    at Function._migrateDocuments (file:///C:/Users/Juanjo/Desktop/Juegos/Foundry-daggerheart/Portable-FoundryVTT-v13.348/App/resources/app/dist/database/backend/server-document.mjs:1:2782)","timestamp":"2026-01-01 15:11:16"}
{"level":"error","message":"An error occurred during the migration of Item record [XeSsopeDDreSRv5A] of database \"the-void-unofficial.subclasses\":\nError: Documents from a core version newer than the running version cannot be migrated\n    at Function._migrateRecord (file:///C:/Users/Juanjo/Desktop/Juegos/Foundry-daggerheart/Portable-FoundryVTT-v13.348/App/resources/app/dist/database/backend/server-document.mjs:1:3713)\n    at Function._migrateDocuments (file:///C:/Users/Juanjo/Desktop/Juegos/Foundry-daggerheart/Portable-FoundryVTT-v13.348/App/resources/app/dist/database/backend/server-document.mjs:1:2782)","timestamp":"2026-01-01 15:11:16"}
{"level":"error","message":"An error occurred during the migration of Item record [YN38IzjqW5paIy92] of database \"the-void-unofficial.subclasses\":\nError: Documents from a core version newer than the running version cannot be migrated\n    at Function._migrateRecord (file:///C:/Users/Juanjo/Desktop/Juegos/Foundry-daggerheart/Portable-FoundryVTT-v13.348/App/resources/app/dist/database/backend/server-document.mjs:1:3713)\n    at Function._migrateDocuments (file:///C:/Users/Juanjo/Desktop/Juegos/Foundry-daggerheart/Portable-FoundryVTT-v13.348/App/resources/app/dist/database/backend/server-document.mjs:1:2782)","timestamp":"2026-01-01 15:11:16"}
{"level":"error","message":"An error occurred during the migration of Item record [ZYdJamwMgRsiG733] of database \"the-void-unofficial.subclasses\":\nError: Documents from a core version newer than the running version cannot be migrated\n    at Function._migrateRecord (file:///C:/Users/Juanjo/Desktop/Juegos/Foundry-daggerheart/Portable-FoundryVTT-v13.348/App/resources/app/dist/database/backend/server-document.mjs:1:3713)\n    at Function._migrateDocuments (file:///C:/Users/Juanjo/Desktop/Juegos/Foundry-daggerheart/Portable-FoundryVTT-v13.348/App/resources/app/dist/database/backend/server-document.mjs:1:2782)","timestamp":"2026-01-01 15:11:16"}
{"level":"error","message":"An error occurred during the migration of Item record [aFtWBHgUBxsCptI2] of database \"the-void-unofficial.subclasses\":\nError: Documents from a core version newer than the running version cannot be migrated\n    at Function._migrateRecord (file:///C:/Users/Juanjo/Desktop/Juegos/Foundry-daggerheart/Portable-FoundryVTT-v13.348/App/resources/app/dist/database/backend/server-document.mjs:1:3713)\n    at Function._migrateDocuments (file:///C:/Users/Juanjo/Desktop/Juegos/Foundry-daggerheart/Portable-FoundryVTT-v13.348/App/resources/app/dist/database/backend/server-document.mjs:1:2782)","timestamp":"2026-01-01 15:11:16"}
{"level":"error","message":"An error occurred during the migration of Item record [h0PlfOo87vjMIR2n] of database \"the-void-unofficial.subclasses\":\nError: Documents from a core version newer than the running version cannot be migrated\n    at Function._migrateRecord (file:///C:/Users/Juanjo/Desktop/Juegos/Foundry-daggerheart/Portable-FoundryVTT-v13.348/App/resources/app/dist/database/backend/server-document.mjs:1:3713)\n    at Function._migrateDocuments (file:///C:/Users/Juanjo/Desktop/Juegos/Foundry-daggerheart/Portable-FoundryVTT-v13.348/App/resources/app/dist/database/backend/server-document.mjs:1:2782)","timestamp":"2026-01-01 15:11:16"}
{"level":"error","message":"An error occurred during the migration of Item record [h3bzYGrnwkKQBJ6d] of database \"the-void-unofficial.subclasses\":\nError: Documents from a core version newer than the running version cannot be migrated\n    at Function._migrateRecord (file:///C:/Users/Juanjo/Desktop/Juegos/Foundry-daggerheart/Portable-FoundryVTT-v13.348/App/resources/app/dist/database/backend/server-document.mjs:1:3713)\n    at Function._migrateDocuments (file:///C:/Users/Juanjo/Desktop/Juegos/Foundry-daggerheart/Portable-FoundryVTT-v13.348/App/resources/app/dist/database/backend/server-document.mjs:1:2782)","timestamp":"2026-01-01 15:11:16"}
{"level":"error","message":"An error occurred during the migration of Item record [mRNqGokQNZEK8GSP] of database \"the-void-unofficial.subclasses\":\nError: Documents from a core version newer than the running version cannot be migrated\n    at Function._migrateRecord (file:///C:/Users/Juanjo/Desktop/Juegos/Foundry-daggerheart/Portable-FoundryVTT-v13.348/App/resources/app/dist/database/backend/server-document.mjs:1:3713)\n    at Function._migrateDocuments (file:///C:/Users/Juanjo/Desktop/Juegos/Foundry-daggerheart/Portable-FoundryVTT-v13.348/App/resources/app/dist/database/backend/server-document.mjs:1:2782)","timestamp":"2026-01-01 15:11:16"}
{"level":"error","message":"An error occurred during the migration of Item record [sajwdoQ5JVzqeqsj] of database \"the-void-unofficial.subclasses\":\nError: Documents from a core version newer than the running version cannot be migrated\n    at Function._migrateRecord (file:///C:/Users/Juanjo/Desktop/Juegos/Foundry-daggerheart/Portable-FoundryVTT-v13.348/App/resources/app/dist/database/backend/server-document.mjs:1:3713)\n    at Function._migrateDocuments (file:///C:/Users/Juanjo/Desktop/Juegos/Foundry-daggerheart/Portable-FoundryVTT-v13.348/App/resources/app/dist/database/backend/server-document.mjs:1:2782)","timestamp":"2026-01-01 15:11:16"}
{"level":"error","message":"An error occurred during the migration of Item record [ulURXMXGHT33vnD9] of database \"the-void-unofficial.subclasses\":\nError: Documents from a core version newer than the running version cannot be migrated\n    at Function._migrateRecord (file:///C:/Users/Juanjo/Desktop/Juegos/Foundry-daggerheart/Portable-FoundryVTT-v13.348/App/resources/app/dist/database/backend/server-document.mjs:1:3713)\n    at Function._migrateDocuments (file:///C:/Users/Juanjo/Desktop/Juegos/Foundry-daggerheart/Portable-FoundryVTT-v13.348/App/resources/app/dist/database/backend/server-document.mjs:1:2782)","timestamp":"2026-01-01 15:11:16"}
{"level":"error","message":"An error occurred during the migration of Item record [zkpNSVJfpnR0InYL] of database \"the-void-unofficial.subclasses\":\nError: Documents from a core version newer than the running version cannot be migrated\n    at Function._migrateRecord (file:///C:/Users/Juanjo/Desktop/Juegos/Foundry-daggerheart/Portable-FoundryVTT-v13.348/App/resources/app/dist/database/backend/server-document.mjs:1:3713)\n    at Function._migrateDocuments (file:///C:/Users/Juanjo/Desktop/Juegos/Foundry-daggerheart/Portable-FoundryVTT-v13.348/App/resources/app/dist/database/backend/server-document.mjs:1:2782)","timestamp":"2026-01-01 15:11:16"}
{"level":"warn","message":"Database the-void-unofficial.subclasses was not fully migrated due to errors during migration.","timestamp":"2026-01-01 15:11:16"}
{"level":"error","message":"An error occurred during the migration of Item record [0NoQWqYOiPdXdUhQ] of database \"the-void-unofficial.domains\":\nError: Documents from a core version newer than the running version cannot be migrated\n    at Function._migrateRecord (file:///C:/Users/Juanjo/Desktop/Juegos/Foundry-daggerheart/Portable-FoundryVTT-v13.348/App/resources/app/dist/database/backend/server-document.mjs:1:3713)\n    at Function._migrateDocuments (file:///C:/Users/Juanjo/Desktop/Juegos/Foundry-daggerheart/Portable-FoundryVTT-v13.348/App/resources/app/dist/database/backend/server-document.mjs:1:2782)","timestamp":"2026-01-01 15:11:16"}
{"level":"error","message":"An error occurred during the migration of Item record [176CHYdrz550TiEa] of database \"the-void-unofficial.domains\":\nError: Documents from a core version newer than the running version cannot be migrated\n    at Function._migrateRecord (file:///C:/Users/Juanjo/Desktop/Juegos/Foundry-daggerheart/Portable-FoundryVTT-v13.348/App/resources/app/dist/database/backend/server-document.mjs:1:3713)\n    at Function._migrateDocuments (file:///C:/Users/Juanjo/Desktop/Juegos/Foundry-daggerheart/Portable-FoundryVTT-v13.348/App/resources/app/dist/database/backend/server-document.mjs:1:2782)","timestamp":"2026-01-01 15:11:16"}
{"level":"error","message":"An error occurred during the migration of Item record [65NWcF4RSZgyJXFt] of database \"the-void-unofficial.domains\":\nError: Documents from a core version newer than the running version cannot be migrated\n    at Function._migrateRecord (file:///C:/Users/Juanjo/Desktop/Juegos/Foundry-daggerheart/Portable-FoundryVTT-v13.348/App/resources/app/dist/database/backend/server-document.mjs:1:3713)\n    at Function._migrateDocuments (file:///C:/Users/Juanjo/Desktop/Juegos/Foundry-daggerheart/Portable-FoundryVTT-v13.348/App/resources/app/dist/database/backend/server-document.mjs:1:2782)","timestamp":"2026-01-01 15:11:16"}
{"level":"error","message":"An error occurred during the migration of Item record [88xwPHpicN5uBo0f] of database \"the-void-unofficial.domains\":\nError: Documents from a core version newer than the running version cannot be migrated\n    at Function._migrateRecord (file:///C:/Users/Juanjo/Desktop/Juegos/Foundry-daggerheart/Portable-FoundryVTT-v13.348/App/resources/app/dist/database/backend/server-document.mjs:1:3713)\n    at Function._migrateDocuments (file:///C:/Users/Juanjo/Desktop/Juegos/Foundry-daggerheart/Portable-FoundryVTT-v13.348/App/resources/app/dist/database/backend/server-document.mjs:1:2782)","timestamp":"2026-01-01 15:11:16"}
{"level":"error","message":"An error occurred during the migration of Item record [9wxJJpH25cxmtx5W] of database \"the-void-unofficial.domains\":\nError: Documents from a core version newer than the running version cannot be migrated\n    at Function._migrateRecord (file:///C:/Users/Juanjo/Desktop/Juegos/Foundry-daggerheart/Portable-FoundryVTT-v13.348/App/resources/app/dist/database/backend/server-document.mjs:1:3713)\n    at Function._migrateDocuments (file:///C:/Users/Juanjo/Desktop/Juegos/Foundry-daggerheart/Portable-FoundryVTT-v13.348/App/resources/app/dist/database/backend/server-document.mjs:1:2782)","timestamp":"2026-01-01 15:11:16"}
{"level":"error","message":"An error occurred during the migration of Item record [BFkzJkWY4HejN4WR] of database \"the-void-unofficial.domains\":\nError: Documents from a core version newer than the running version cannot be migrated\n    at Function._migrateRecord (file:///C:/Users/Juanjo/Desktop/Juegos/Foundry-daggerheart/Portable-FoundryVTT-v13.348/App/resources/app/dist/database/backend/server-document.mjs:1:3713)\n    at Function._migrateDocuments (file:///C:/Users/Juanjo/Desktop/Juegos/Foundry-daggerheart/Portable-FoundryVTT-v13.348/App/resources/app/dist/database/backend/server-document.mjs:1:2782)","timestamp":"2026-01-01 15:11:16"}
{"level":"error","message":"An error occurred during the migration of Item record [BQF5xVKRVQdhGAf8] of database \"the-void-unofficial.domains\":\nError: Documents from a core version newer than the running version cannot be migrated\n    at Function._migrateRecord (file:///C:/Users/Juanjo/Desktop/Juegos/Foundry-daggerheart/Portable-FoundryVTT-v13.348/App/resources/app/dist/database/backend/server-document.mjs:1:3713)\n    at Function._migrateDocuments (file:///C:/Users/Juanjo/Desktop/Juegos/Foundry-daggerheart/Portable-FoundryVTT-v13.348/App/resources/app/dist/database/backend/server-document.mjs:1:2782)","timestamp":"2026-01-01 15:11:16"}
{"level":"error","message":"An error occurred during the migration of Item record [BctVkNUWYL5Eww2k] of database \"the-void-unofficial.domains\":\nError: Documents from a core version newer than the running version cannot be migrated\n    at Function._migrateRecord (file:///C:/Users/Juanjo/Desktop/Juegos/Foundry-daggerheart/Portable-FoundryVTT-v13.348/App/resources/app/dist/database/backend/server-document.mjs:1:3713)\n    at Function._migrateDocuments (file:///C:/Users/Juanjo/Desktop/Juegos/Foundry-daggerheart/Portable-FoundryVTT-v13.348/App/resources/app/dist/database/backend/server-document.mjs:1:2782)","timestamp":"2026-01-01 15:11:16"}
{"level":"error","message":"An error occurred during the migration of Item record [CQbmQH1Xqr1BjLWW] of database \"the-void-unofficial.domains\":\nError: Documents from a core version newer than the running version cannot be migrated\n    at Function._migrateRecord (file:///C:/Users/Juanjo/Desktop/Juegos/Foundry-daggerheart/Portable-FoundryVTT-v13.348/App/resources/app/dist/database/backend/server-document.mjs:1:3713)\n    at Function._migrateDocuments (file:///C:/Users/Juanjo/Desktop/Juegos/Foundry-daggerheart/Portable-FoundryVTT-v13.348/App/resources/app/dist/database/backend/server-document.mjs:1:2782)","timestamp":"2026-01-01 15:11:16"}
{"level":"error","message":"An error occurred during the migration of Item record [Du7UHRd0CweyuXil] of database \"the-void-unofficial.domains\":\nError: Documents from a core version newer than the running version cannot be migrated\n    at Function._migrateRecord (file:///C:/Users/Juanjo/Desktop/Juegos/Foundry-daggerheart/Portable-FoundryVTT-v13.348/App/resources/app/dist/database/backend/server-document.mjs:1:3713)\n    at Function._migrateDocuments (file:///C:/Users/Juanjo/Desktop/Juegos/Foundry-daggerheart/Portable-FoundryVTT-v13.348/App/resources/app/dist/database/backend/server-document.mjs:1:2782)","timestamp":"2026-01-01 15:11:16"}
{"level":"error","message":"An error occurred during the migration of Item record [LOPtjnPVjWQEzrZx] of database \"the-void-unofficial.domains\":\nError: Documents from a core version newer than the running version cannot be migrated\n    at Function._migrateRecord (file:///C:/Users/Juanjo/Desktop/Juegos/Foundry-daggerheart/Portable-FoundryVTT-v13.348/App/resources/app/dist/database/backend/server-document.mjs:1:3713)\n    at Function._migrateDocuments (file:///C:/Users/Juanjo/Desktop/Juegos/Foundry-daggerheart/Portable-FoundryVTT-v13.348/App/resources/app/dist/database/backend/server-document.mjs:1:2782)","timestamp":"2026-01-01 15:11:16"}
{"level":"error","message":"An error occurred during the migration of Item record [Q3RpYwdlDyCQPJHr] of database \"the-void-unofficial.domains\":\nError: Documents from a core version newer than the running version cannot be migrated\n    at Function._migrateRecord (file:///C:/Users/Juanjo/Desktop/Juegos/Foundry-daggerheart/Portable-FoundryVTT-v13.348/App/resources/app/dist/database/backend/server-document.mjs:1:3713)\n    at Function._migrateDocuments (file:///C:/Users/Juanjo/Desktop/Juegos/Foundry-daggerheart/Portable-FoundryVTT-v13.348/App/resources/app/dist/database/backend/server-document.mjs:1:2782)","timestamp":"2026-01-01 15:11:16"}
{"level":"error","message":"An error occurred during the migration of Item record [WAUpMdW2TD8KVusi] of database \"the-void-unofficial.domains\":\nError: Documents from a core version newer than the running version cannot be migrated\n    at Function._migrateRecord (file:///C:/Users/Juanjo/Desktop/Juegos/Foundry-daggerheart/Portable-FoundryVTT-v13.348/App/resources/app/dist/database/backend/server-document.mjs:1:3713)\n    at Function._migrateDocuments (file:///C:/Users/Juanjo/Desktop/Juegos/Foundry-daggerheart/Portable-FoundryVTT-v13.348/App/resources/app/dist/database/backend/server-document.mjs:1:2782)","timestamp":"2026-01-01 15:11:16"}
{"level":"error","message":"An error occurred during the migration of Item record [XGDsPevKx3P1mdpH] of database \"the-void-unofficial.domains\":\nError: Documents from a core version newer than the running version cannot be migrated\n    at Function._migrateRecord (file:///C:/Users/Juanjo/Desktop/Juegos/Foundry-daggerheart/Portable-FoundryVTT-v13.348/App/resources/app/dist/database/backend/server-document.mjs:1:3713)\n    at Function._migrateDocuments (file:///C:/Users/Juanjo/Desktop/Juegos/Foundry-daggerheart/Portable-FoundryVTT-v13.348/App/resources/app/dist/database/backend/server-document.mjs:1:2782)","timestamp":"2026-01-01 15:11:16"}
{"level":"error","message":"An error occurred during the migration of Item record [cOFRHlxyTtRlbumc] of database \"the-void-unofficial.domains\":\nError: Documents from a core version newer than the running version cannot be migrated\n    at Function._migrateRecord (file:///C:/Users/Juanjo/Desktop/Juegos/Foundry-daggerheart/Portable-FoundryVTT-v13.348/App/resources/app/dist/database/backend/server-document.mjs:1:3713)\n    at Function._migrateDocuments (file:///C:/Users/Juanjo/Desktop/Juegos/Foundry-daggerheart/Portable-FoundryVTT-v13.348/App/resources/app/dist/database/backend/server-document.mjs:1:2782)","timestamp":"2026-01-01 15:11:16"}
{"level":"error","message":"An error occurred during the migration of Item record [dVUQ7Rp9luM7Zekw] of database \"the-void-unofficial.domains\":\nError: Documents from a core version newer than the running version cannot be migrated\n    at Function._migrateRecord (file:///C:/Users/Juanjo/Desktop/Juegos/Foundry-daggerheart/Portable-FoundryVTT-v13.348/App/resources/app/dist/database/backend/server-document.mjs:1:3713)\n    at Function._migrateDocuments (file:///C:/Users/Juanjo/Desktop/Juegos/Foundry-daggerheart/Portable-FoundryVTT-v13.348/App/resources/app/dist/database/backend/server-document.mjs:1:2782)","timestamp":"2026-01-01 15:11:16"}
{"level":"error","message":"An error occurred during the migration of Item record [gSsxO2xiMxANuBIz] of database \"the-void-unofficial.domains\":\nError: Documents from a core version newer than the running version cannot be migrated\n    at Function._migrateRecord (file:///C:/Users/Juanjo/Desktop/Juegos/Foundry-daggerheart/Portable-FoundryVTT-v13.348/App/resources/app/dist/database/backend/server-document.mjs:1:3713)\n    at Function._migrateDocuments (file:///C:/Users/Juanjo/Desktop/Juegos/Foundry-daggerheart/Portable-FoundryVTT-v13.348/App/resources/app/dist/database/backend/server-document.mjs:1:2782)","timestamp":"2026-01-01 15:11:16"}
{"level":"error","message":"An error occurred during the migration of Item record [gaDhu9iAdChYFcm2] of database \"the-void-unofficial.domains\":\nError: Documents from a core version newer than the running version cannot be migrated\n    at Function._migrateRecord (file:///C:/Users/Juanjo/Desktop/Juegos/Foundry-daggerheart/Portable-FoundryVTT-v13.348/App/resources/app/dist/database/backend/server-document.mjs:1:3713)\n    at Function._migrateDocuments (file:///C:/Users/Juanjo/Desktop/Juegos/Foundry-daggerheart/Portable-FoundryVTT-v13.348/App/resources/app/dist/database/backend/server-document.mjs:1:2782)","timestamp":"2026-01-01 15:11:16"}
{"level":"error","message":"An error occurred during the migration of Item record [hmDOLwJEZlbuOKNT] of database \"the-void-unofficial.domains\":\nError: Documents from a core version newer than the running version cannot be migrated\n    at Function._migrateRecord (file:///C:/Users/Juanjo/Desktop/Juegos/Foundry-daggerheart/Portable-FoundryVTT-v13.348/App/resources/app/dist/database/backend/server-document.mjs:1:3713)\n    at Function._migrateDocuments (file:///C:/Users/Juanjo/Desktop/Juegos/Foundry-daggerheart/Portable-FoundryVTT-v13.348/App/resources/app/dist/database/backend/server-document.mjs:1:2782)","timestamp":"2026-01-01 15:11:16"}
{"level":"error","message":"An error occurred during the migration of Item record [lo8WVAuTWsAh6QBf] of database \"the-void-unofficial.domains\":\nError: Documents from a core version newer than the running version cannot be migrated\n    at Function._migrateRecord (file:///C:/Users/Juanjo/Desktop/Juegos/Foundry-daggerheart/Portable-FoundryVTT-v13.348/App/resources/app/dist/database/backend/server-document.mjs:1:3713)\n    at Function._migrateDocuments (file:///C:/Users/Juanjo/Desktop/Juegos/Foundry-daggerheart/Portable-FoundryVTT-v13.348/App/resources/app/dist/database/backend/server-document.mjs:1:2782)","timestamp":"2026-01-01 15:11:16"}
{"level":"error","message":"An error occurred during the migration of Item record [yGbgSMuL43quImEV] of database \"the-void-unofficial.domains\":\nError: Documents from a core version newer than the running version cannot be migrated\n    at Function._migrateRecord (file:///C:/Users/Juanjo/Desktop/Juegos/Foundry-daggerheart/Portable-FoundryVTT-v13.348/App/resources/app/dist/database/backend/server-document.mjs:1:3713)\n    at Function._migrateDocuments (file:///C:/Users/Juanjo/Desktop/Juegos/Foundry-daggerheart/Portable-FoundryVTT-v13.348/App/resources/app/dist/database/backend/server-document.mjs:1:2782)","timestamp":"2026-01-01 15:11:16"}
{"level":"warn","message":"Database the-void-unofficial.domains was not fully migrated due to errors during migration.","timestamp":"2026-01-01 15:11:16"}
{"level":"error","message":"An error occurred during the migration of Item record [cg2pnUEwJ7q4k28d] of database \"the-void-unofficial.weapons\":\nError: Documents from a core version newer than the running version cannot be migrated\n    at Function._migrateRecord (file:///C:/Users/Juanjo/Desktop/Juegos/Foundry-daggerheart/Portable-FoundryVTT-v13.348/App/resources/app/dist/database/backend/server-document.mjs:1:3713)\n    at Function._migrateDocuments (file:///C:/Users/Juanjo/Desktop/Juegos/Foundry-daggerheart/Portable-FoundryVTT-v13.348/App/resources/app/dist/database/backend/server-document.mjs:1:2782)","timestamp":"2026-01-01 15:11:16"}
{"level":"error","message":"An error occurred during the migration of Item record [lHFiIpH2lrBBaT4o] of database \"the-void-unofficial.weapons\":\nError: Documents from a core version newer than the running version cannot be migrated\n    at Function._migrateRecord (file:///C:/Users/Juanjo/Desktop/Juegos/Foundry-daggerheart/Portable-FoundryVTT-v13.348/App/resources/app/dist/database/backend/server-document.mjs:1:3713)\n    at Function._migrateDocuments (file:///C:/Users/Juanjo/Desktop/Juegos/Foundry-daggerheart/Portable-FoundryVTT-v13.348/App/resources/app/dist/database/backend/server-document.mjs:1:2782)","timestamp":"2026-01-01 15:11:16"}
{"level":"warn","message":"Database the-void-unofficial.weapons was not fully migrated due to errors during migration.","timestamp":"2026-01-01 15:11:16"}
{"level":"info","message":"Daggerheart update 1.4.4 is now available!","timestamp":"2026-01-01 15:11:17"}
{"level":"info","message":"Vended World data to User [sjVrMusZqwSBFvXT] in 344ms","timestamp":"2026-01-01 15:11:17"}
{"level":"info","message":"Created ChatMessage with id [OdgSZY1okJY6yrUe]","timestamp":"2026-01-01 15:11:18"}
{"level":"info","message":"Deleted ChatMessage with id [OdgSZY1okJY6yrUe]","timestamp":"2026-01-01 15:11:20"}
{"level":"info","message":"Created Token with id [1jJjBdCrGqbEAxM6] in parent Scene [Yqxyw4nFncHCHwoT]","timestamp":"2026-01-01 15:12:18"}
{"level":"info","message":"Daggerheart update 1.4.4 is now available!","timestamp":"2026-01-01 15:12:24"}
{"level":"info","message":"Vended World data to User [tbPfLYIkcfydMgjn] in 377ms","timestamp":"2026-01-01 15:12:24"}
{"level":"info","message":"Created Token with id [IAXljmnZFpALVsFy] in parent Scene [Yqxyw4nFncHCHwoT]","timestamp":"2026-01-01 15:12:30"}
{"level":"info","message":"Created Token with id [tUQf1lX115qyVTVL] in parent Scene [Yqxyw4nFncHCHwoT]","timestamp":"2026-01-01 15:12:30"}
{"level":"info","message":"Created Token with id [nghBw7xUaAHLrTsw] in parent Scene [Yqxyw4nFncHCHwoT]","timestamp":"2026-01-01 15:12:33"}
{"level":"info","message":"Created Token with id [6YX7UOHzIfz4V6XZ] in parent Scene [Yqxyw4nFncHCHwoT]","timestamp":"2026-01-01 15:12:34"}
{"level":"info","message":"drunken_master.Avatar.webp saved to tokenizer/npc-images","timestamp":"2026-01-01 15:14:48"}
{"level":"info","message":"Battle%20Box005.webp saved to modules/art-for-daggerheart/adversaries/tokens","timestamp":"2026-01-01 15:14:48"}
{"level":"info","message":"Created Token with id [iDsYhVFa8rsHWdLm] in parent Scene [Yqxyw4nFncHCHwoT]","timestamp":"2026-01-01 15:14:59"}
{"level":"warn","message":"fetch failed","timestamp":"2026-01-01 16:18:30"}
{"level":"info","message":"No system update for Daggerheart is currently available.","timestamp":"2026-01-01 16:18:30"}
{"level":"info","message":"Vended World data to User [sjVrMusZqwSBFvXT] in 59ms","timestamp":"2026-01-01 16:18:30"}
{"level":"info","message":"Daggerheart update 1.4.4 is now available!","timestamp":"2026-01-01 16:18:46"}
{"level":"info","message":"Vended World data to User [tbPfLYIkcfydMgjn] in 837ms","timestamp":"2026-01-01 16:18:46"}
{"level":"info","message":"Deleted Token with id [iDsYhVFa8rsHWdLm] in parent Scene [Yqxyw4nFncHCHwoT]","timestamp":"2026-01-01 16:26:17"}
{"level":"info","message":"Created Token with id [gjQmaW9QWWr4REvb] in parent Scene [Yqxyw4nFncHCHwoT]","timestamp":"2026-01-01 16:26:28"}
{"level":"info","message":"Deleted Token with id [gjQmaW9QWWr4REvb] in parent Scene [Yqxyw4nFncHCHwoT]","timestamp":"2026-01-01 16:26:33"}
{"level":"info","message":"Created Actor with id [qAzWVn53pk5qoUHs]","timestamp":"2026-01-01 16:26:45"}
{"level":"info","message":"Created Item with id [e1iihbQwfnC4TvzC] in parent Actor [qAzWVn53pk5qoUHs]","timestamp":"2026-01-01 16:26:59"}
{"level":"info","message":"Deleted Item with id [e1iihbQwfnC4TvzC] in parent Actor [qAzWVn53pk5qoUHs]","timestamp":"2026-01-01 16:27:04"}
{"level":"info","message":"Created Item with id [s8aqr63eC8fNrSln] in parent Actor [qAzWVn53pk5qoUHs]","timestamp":"2026-01-01 16:27:37"}
{"level":"info","message":"Deleted Item with id [s8aqr63eC8fNrSln] in parent Actor [qAzWVn53pk5qoUHs]","timestamp":"2026-01-01 16:27:42"}
{"level":"info","message":"Created Item with id [1RYMvjEPpO1oF4fd]","timestamp":"2026-01-01 16:29:09"}
{"level":"info","message":"Deleted Item with id [1RYMvjEPpO1oF4fd]","timestamp":"2026-01-01 16:29:16"}
{"level":"info","message":"Created Actor with id [imW7bNeDlKO4NnbT]","timestamp":"2026-01-01 16:29:26"}
{"level":"info","message":"Created Token with id [Ck6Y4nwIkwg1qheC] in parent Scene [Yqxyw4nFncHCHwoT]","timestamp":"2026-01-01 16:29:28"}
{"level":"info","message":"Deleted Token with id [Ck6Y4nwIkwg1qheC] in parent Scene [Yqxyw4nFncHCHwoT]","timestamp":"2026-01-01 16:29:30"}
{"level":"info","message":"Created Token with id [ASZY3zFSx1f0BHYG] in parent Scene [Yqxyw4nFncHCHwoT]","timestamp":"2026-01-01 16:30:25"}
{"level":"info","message":"Deleted Token with id [ASZY3zFSx1f0BHYG] in parent Scene [Yqxyw4nFncHCHwoT]","timestamp":"2026-01-01 16:30:27"}
{"level":"info","message":"Deleted Actor with id [imW7bNeDlKO4NnbT]","timestamp":"2026-01-01 16:30:30"}
{"level":"info","message":"Deleted Actor with id [qAzWVn53pk5qoUHs]","timestamp":"2026-01-01 16:30:33"}
{"level":"info","message":"drunken_master.Token.webp saved to tokenizer/npc-images","timestamp":"2026-01-01 16:31:00"}
{"level":"info","message":"Created Token with id [V9rbSdXQXzB1aXCC] in parent Scene [Yqxyw4nFncHCHwoT]","timestamp":"2026-01-01 16:31:04"}
{"level":"info","message":"Deleted Token with id [V9rbSdXQXzB1aXCC] in parent Scene [Yqxyw4nFncHCHwoT]","timestamp":"2026-01-01 16:31:13"}
{"level":"info","message":"Created Token with id [O9YrXSKpnFjplYMp] in parent Scene [Yqxyw4nFncHCHwoT]","timestamp":"2026-01-01 16:31:36"}
{"level":"info","message":"Created Token with id [U8d1ql3HBr8IMrMh] in parent Scene [Yqxyw4nFncHCHwoT]","timestamp":"2026-01-01 16:32:32"}
{"level":"info","message":"Created Token with id [BkZrMPLVgLrwep3z] in parent Scene [Yqxyw4nFncHCHwoT]","timestamp":"2026-01-01 16:32:33"}
{"level":"info","message":"Created Token with id [nthFSBj8r11gkhtE] in parent Scene [Yqxyw4nFncHCHwoT]","timestamp":"2026-01-01 16:32:34"}
{"level":"info","message":"Created Token with id [EsLVWIS4NxdIrN0O] in parent Scene [Yqxyw4nFncHCHwoT]","timestamp":"2026-01-01 16:32:35"}
{"level":"info","message":"Created Token with id [FqgXTaO44OYk4ppe] in parent Scene [Yqxyw4nFncHCHwoT]","timestamp":"2026-01-01 16:33:38"}
{"level":"info","message":"Created Token with id [ZPZT1OBMDZelUL3M] in parent Scene [Yqxyw4nFncHCHwoT]","timestamp":"2026-01-01 16:36:23"}
{"level":"info","message":"Created Wall with id [1Cm6q79SaYdFAWgS] in parent Scene [Yqxyw4nFncHCHwoT]","timestamp":"2026-01-01 16:36:53"}
{"level":"info","message":"Deleted Wall with id [1Cm6q79SaYdFAWgS] in parent Scene [Yqxyw4nFncHCHwoT]","timestamp":"2026-01-01 16:36:56"}
{"level":"info","message":"Created Wall with id [el42tYmQRJ7pVpAE] in parent Scene [Yqxyw4nFncHCHwoT]","timestamp":"2026-01-01 16:36:59"}
{"level":"info","message":"Created Wall with id [IOMLrYGymuuf7aht] in parent Scene [Yqxyw4nFncHCHwoT]","timestamp":"2026-01-01 16:37:02"}
{"level":"info","message":"Created Wall with id [HTHljZPTOqBUKQcV] in parent Scene [Yqxyw4nFncHCHwoT]","timestamp":"2026-01-01 16:37:06"}
{"level":"info","message":"Created Wall with id [ZVrzjYMGrQAXmd1d] in parent Scene [Yqxyw4nFncHCHwoT]","timestamp":"2026-01-01 16:37:21"}
{"level":"info","message":"Deleted Wall with id [ZVrzjYMGrQAXmd1d] in parent Scene [Yqxyw4nFncHCHwoT]","timestamp":"2026-01-01 16:37:22"}
{"level":"info","message":"Deleted Wall with id [HTHljZPTOqBUKQcV] in parent Scene [Yqxyw4nFncHCHwoT]","timestamp":"2026-01-01 16:37:30"}
{"level":"info","message":"Deleted Wall with id [IOMLrYGymuuf7aht] in parent Scene [Yqxyw4nFncHCHwoT]","timestamp":"2026-01-01 16:37:31"}
{"level":"info","message":"Deleted Wall with id [el42tYmQRJ7pVpAE] in parent Scene [Yqxyw4nFncHCHwoT]","timestamp":"2026-01-01 16:37:32"}
{"level":"info","message":"Created Wall with id [pfQyJpX9tRs57g8l] in parent Scene [Yqxyw4nFncHCHwoT]","timestamp":"2026-01-01 16:37:48"}
{"level":"info","message":"Created Wall with id [BPsQAwwWqFyhxjtd] in parent Scene [Yqxyw4nFncHCHwoT]","timestamp":"2026-01-01 16:37:50"}
{"level":"info","message":"Created Wall with id [heLZoTilwtBnl9xn] in parent Scene [Yqxyw4nFncHCHwoT]","timestamp":"2026-01-01 16:37:52"}
{"level":"info","message":"Created Wall with id [1n8eItkexQiur1bS] in parent Scene [Yqxyw4nFncHCHwoT]","timestamp":"2026-01-01 16:37:55"}
{"level":"info","message":"Created Wall with id [YY7S1uLL5ajMxhzf] in parent Scene [Yqxyw4nFncHCHwoT]","timestamp":"2026-01-01 16:37:56"}
{"level":"info","message":"Deleted Wall with id [YY7S1uLL5ajMxhzf] in parent Scene [Yqxyw4nFncHCHwoT]","timestamp":"2026-01-01 16:37:57"}
{"level":"info","message":"Created Wall with id [kqBAR8bvjQSAKd7W] in parent Scene [Yqxyw4nFncHCHwoT]","timestamp":"2026-01-01 16:38:09"}
{"level":"info","message":"Created Wall with id [VTTuvGHrgpZBHDn6] in parent Scene [Yqxyw4nFncHCHwoT]","timestamp":"2026-01-01 16:38:12"}
{"level":"info","message":"Created Wall with id [Pv5pm1N0EazOSG2M] in parent Scene [Yqxyw4nFncHCHwoT]","timestamp":"2026-01-01 16:38:15"}
{"level":"info","message":"Created Wall with id [6XBVXABid4izbEzd] in parent Scene [Yqxyw4nFncHCHwoT]","timestamp":"2026-01-01 16:38:18"}
{"level":"info","message":"Created Wall with id [h6wnLSoAXdpV1Qyl] in parent Scene [Yqxyw4nFncHCHwoT]","timestamp":"2026-01-01 16:40:05"}
{"level":"info","message":"Created Wall with id [wSY30Li6Nvgp1WLh] in parent Scene [Yqxyw4nFncHCHwoT]","timestamp":"2026-01-01 16:40:12"}
{"level":"info","message":"Deleted Wall with id [wSY30Li6Nvgp1WLh] in parent Scene [Yqxyw4nFncHCHwoT]","timestamp":"2026-01-01 16:40:13"}
{"level":"info","message":"Daggerheart update 1.4.4 is now available!","timestamp":"2026-01-01 16:40:27"}
{"level":"info","message":"Vended World data to User [tbPfLYIkcfydMgjn] in 1606ms","timestamp":"2026-01-01 16:40:27"}
{"level":"info","message":"Created FogExploration with id [8Gklc11MxdVmpws3]","timestamp":"2026-01-01 16:40:38"}
{"level":"info","message":"Created FogExploration with id [XH0iaiK7WYbVPVbC]","timestamp":"2026-01-01 16:40:55"}
{"level":"info","message":"Created Wall with id [MTCxCDDCH9lmsjam] in parent Scene [Yqxyw4nFncHCHwoT]","timestamp":"2026-01-01 16:41:28"}
{"level":"info","message":"Deleted Wall with id [MTCxCDDCH9lmsjam] in parent Scene [Yqxyw4nFncHCHwoT]","timestamp":"2026-01-01 16:41:30"}
{"level":"info","message":"Deleted Wall with id [h6wnLSoAXdpV1Qyl] in parent Scene [Yqxyw4nFncHCHwoT]","timestamp":"2026-01-01 16:41:34"}
{"level":"info","message":"Created Wall with id [h6wnLSoAXdpV1Qyl] in parent Scene [Yqxyw4nFncHCHwoT]","timestamp":"2026-01-01 16:41:56"}
{"level":"info","message":"Deleted Wall with id [h6wnLSoAXdpV1Qyl] in parent Scene [Yqxyw4nFncHCHwoT]","timestamp":"2026-01-01 16:42:04"}
{"level":"info","message":"Daggerheart update 1.4.4 is now available!","timestamp":"2026-01-01 16:42:28"}
{"level":"info","message":"Vended World data to User [tbPfLYIkcfydMgjn] in 377ms","timestamp":"2026-01-01 16:42:28"}
{"level":"info","message":"Daggerheart update 1.4.4 is now available!","timestamp":"2026-01-01 16:44:26"}
{"level":"info","message":"Vended World data to User [tbPfLYIkcfydMgjn] in 405ms","timestamp":"2026-01-01 16:44:26"}
{"level":"info","message":"Deleted Wall with id [kqBAR8bvjQSAKd7W] in parent Scene [Yqxyw4nFncHCHwoT]","timestamp":"2026-01-01 16:45:28"}
{"level":"info","message":"Created Wall with id [g1lB85kIub8AsGFK] in parent Scene [Yqxyw4nFncHCHwoT]","timestamp":"2026-01-01 16:45:31"}
{"level":"info","message":"Deleted Wall with id [6XBVXABid4izbEzd] in parent Scene [Yqxyw4nFncHCHwoT]","timestamp":"2026-01-01 16:45:32"}
{"level":"info","message":"Deleted Wall with id [g1lB85kIub8AsGFK] in parent Scene [Yqxyw4nFncHCHwoT]","timestamp":"2026-01-01 16:45:32"}
{"level":"info","message":"Deleted Wall with id [Pv5pm1N0EazOSG2M] in parent Scene [Yqxyw4nFncHCHwoT]","timestamp":"2026-01-01 16:45:34"}
{"level":"info","message":"Deleted Wall with id [VTTuvGHrgpZBHDn6] in parent Scene [Yqxyw4nFncHCHwoT]","timestamp":"2026-01-01 16:45:34"}
{"level":"info","message":"Created Wall with id [25vNrJ2XXB3qQ1Ie] in parent Scene [Yqxyw4nFncHCHwoT]","timestamp":"2026-01-01 16:45:41"}
{"level":"info","message":"Deleted Wall with id [25vNrJ2XXB3qQ1Ie] in parent Scene [Yqxyw4nFncHCHwoT]","timestamp":"2026-01-01 16:45:43"}
{"level":"info","message":"Created Wall with id [LV2cw0jxmzAHDZM7] in parent Scene [Yqxyw4nFncHCHwoT]","timestamp":"2026-01-01 16:45:46"}
{"level":"info","message":"Deleted Wall with id [LV2cw0jxmzAHDZM7] in parent Scene [Yqxyw4nFncHCHwoT]","timestamp":"2026-01-01 16:45:47"}
{"level":"info","message":"Created Wall with id [xkLOgy1Je9arhyoB] in parent Scene [Yqxyw4nFncHCHwoT]","timestamp":"2026-01-01 16:45:55"}
{"level":"info","message":"Created Wall with id [P4DaIKniaDE7o5FX] in parent Scene [Yqxyw4nFncHCHwoT]","timestamp":"2026-01-01 16:45:58"}
{"level":"info","message":"Created Wall with id [u9G1WZMgrBgOxDFW] in parent Scene [Yqxyw4nFncHCHwoT]","timestamp":"2026-01-01 16:46:01"}
{"level":"info","message":"Created Wall with id [2Pol8pFJ5rQzbYD3] in parent Scene [Yqxyw4nFncHCHwoT]","timestamp":"2026-01-01 16:46:03"}
{"level":"info","message":"Created Wall with id [NjKy6esO3DWkAFbH] in parent Scene [Yqxyw4nFncHCHwoT]","timestamp":"2026-01-01 16:46:06"}
{"level":"info","message":"Created Wall with id [96wNacueVfa0lYyG] in parent Scene [Yqxyw4nFncHCHwoT]","timestamp":"2026-01-01 16:46:17"}
{"level":"info","message":"Deleted Wall with id [96wNacueVfa0lYyG] in parent Scene [Yqxyw4nFncHCHwoT]","timestamp":"2026-01-01 16:46:18"}
{"level":"info","message":"Created Wall with id [dcaNfCpbGYDQaxXw] in parent Scene [Yqxyw4nFncHCHwoT]","timestamp":"2026-01-01 16:46:22"}
{"level":"info","message":"Created Token with id [4RWtmt2aZnhnq5Cx] in parent Scene [Yqxyw4nFncHCHwoT]","timestamp":"2026-01-01 16:47:19"}
{"level":"info","message":"Created ActiveEffect with id [G5tBCNeiAsbyV4Ox] in parent ActorDelta [auf5094a1ZHgyH3y]","timestamp":"2026-01-01 16:48:13"}
{"level":"info","message":"Daggerheart update 1.4.4 is now available!","timestamp":"2026-01-01 16:51:37"}
{"level":"info","message":"Vended World data to User [tbPfLYIkcfydMgjn] in 710ms","timestamp":"2026-01-01 16:51:37"}
{"level":"info","message":"Deleted extracted base64 asset: ..\\..\\Data\\Data\\worlds\\fe-west-marches\\assets\\scenes\\mMW3iozzr4PI2aEX-thumb.webp","timestamp":"2026-01-01 16:55:15"}
{"level":"info","message":"Deleted Scene with id [mMW3iozzr4PI2aEX]","timestamp":"2026-01-01 16:55:15"}
{"level":"info","message":"Created Scene with id [cssL5OMygtMoIALF]","timestamp":"2026-01-01 16:55:30"}
{"level":"info","message":"Deleted Scene with id [cssL5OMygtMoIALF]","timestamp":"2026-01-01 16:57:09"}
{"level":"info","message":"Created Scene with id [B4pe0cfcAfQL78h6]","timestamp":"2026-01-01 16:57:18"}
{"level":"info","message":"Extracted base64 asset: \"..\\..\\Data\\Data\\worlds\\fe-west-marches\\assets\\scenes\\B4pe0cfcAfQL78h6-thumb.webp\"","timestamp":"2026-01-01 16:57:47"}
{"level":"info","message":"Created Token with id [xVX4qLWIqfb31Dpn] in parent Scene [B4pe0cfcAfQL78h6]","timestamp":"2026-01-01 16:57:55"}
{"level":"info","message":"Created Token with id [qBIU7I2gDBZJNnSG] in parent Scene [B4pe0cfcAfQL78h6]","timestamp":"2026-01-01 16:58:06"}
{"level":"info","message":"Created Token with id [OuKiR78KLRb5tO79] in parent Scene [B4pe0cfcAfQL78h6]","timestamp":"2026-01-01 16:58:08"}
{"level":"info","message":"Created Token with id [XYAvfnEf5hIquMeU] in parent Scene [B4pe0cfcAfQL78h6]","timestamp":"2026-01-01 16:58:09"}
{"level":"info","message":"shark.Avatar.webp saved to tokenizer/npc-images","timestamp":"2026-01-01 17:00:38"}
{"level":"info","message":"shark.Token.webp saved to tokenizer/npc-images","timestamp":"2026-01-01 17:00:38"}
{"level":"info","message":"Created Token with id [uolSpmSmvms1mhof] in parent Scene [B4pe0cfcAfQL78h6]","timestamp":"2026-01-01 17:00:42"}
{"level":"info","message":"Deleted Token with id [uolSpmSmvms1mhof] in parent Scene [B4pe0cfcAfQL78h6]","timestamp":"2026-01-01 17:00:44"}
{"level":"info","message":"Deleted Token with id [OuKiR78KLRb5tO79] in parent Scene [B4pe0cfcAfQL78h6]","timestamp":"2026-01-01 17:00:59"}
{"level":"info","message":"Deleted Token with id [XYAvfnEf5hIquMeU] in parent Scene [B4pe0cfcAfQL78h6]","timestamp":"2026-01-01 17:01:00"}
{"level":"info","message":"Created Token with id [PhPr7jUZurajFxac] in parent Scene [B4pe0cfcAfQL78h6]","timestamp":"2026-01-01 17:01:01"}
{"level":"info","message":"Created Token with id [dYomkcBVPj9tjVh7] in parent Scene [B4pe0cfcAfQL78h6]","timestamp":"2026-01-01 17:01:02"}
{"level":"info","message":"Deleted Token with id [xVX4qLWIqfb31Dpn] in parent Scene [B4pe0cfcAfQL78h6]","timestamp":"2026-01-01 17:01:08"}
{"level":"info","message":"Created Token with id [sKHucHXZSk07V8bz] in parent Scene [B4pe0cfcAfQL78h6]","timestamp":"2026-01-01 17:01:09"}
{"level":"info","message":"Created Token with id [902rKUyLQ8ZQMB84] in parent Scene [B4pe0cfcAfQL78h6]","timestamp":"2026-01-01 17:01:10"}
{"level":"info","message":"Created Token with id [T6AtEVZIY3BYfYnr] in parent Scene [B4pe0cfcAfQL78h6]","timestamp":"2026-01-01 17:01:11"}
{"level":"info","message":"Created Token with id [jNe5fWzz5mYoMeqP] in parent Scene [B4pe0cfcAfQL78h6]","timestamp":"2026-01-01 17:01:12"}
{"level":"info","message":"Created Token with id [qxHiWLaM3FgSbtC2] in parent Scene [B4pe0cfcAfQL78h6]","timestamp":"2026-01-01 17:01:13"}
{"level":"info","message":"Deleted Token with id [qBIU7I2gDBZJNnSG] in parent Scene [B4pe0cfcAfQL78h6]","timestamp":"2026-01-01 17:07:53"}
{"level":"info","message":"zurgha.Avatar.webp saved to tokenizer/npc-images","timestamp":"2026-01-01 17:09:19"}
{"level":"info","message":"zurgha.Token.webp saved to tokenizer/npc-images","timestamp":"2026-01-01 17:09:19"}
{"level":"info","message":"Created Token with id [AhXkXYjUPuaND6hq] in parent Scene [B4pe0cfcAfQL78h6]","timestamp":"2026-01-01 17:09:24"}
{"level":"info","message":"Deleted Token with id [AhXkXYjUPuaND6hq] in parent Scene [B4pe0cfcAfQL78h6]","timestamp":"2026-01-01 17:09:28"}
{"level":"info","message":"Created Token with id [6oYIUqV9P8JEp9Dd] in parent Scene [B4pe0cfcAfQL78h6]","timestamp":"2026-01-01 17:09:53"}
{"level":"info","message":"Created ChatMessage with id [hKmH79NXjLk6ClJz]","timestamp":"2026-01-01 17:11:04"}
{"level":"info","message":"Deleted 8 ChatMessage documents","timestamp":"2026-01-01 17:11:15"}
{"level":"info","message":"Created FogExploration with id [Rq9Oy6dqIef4rSxr]","timestamp":"2026-01-01 17:12:13"}
{"level":"info","message":"Created Token with id [iNJIJ89sJ4SrPr5g] in parent Scene [B4pe0cfcAfQL78h6]","timestamp":"2026-01-01 17:14:09"}
{"level":"info","message":"Created AmbientLight with id [N6ubXNUmgoJpAZmE] in parent Scene [B4pe0cfcAfQL78h6]","timestamp":"2026-01-01 17:14:39"}
{"level":"info","message":"Deleted AmbientLight with id [N6ubXNUmgoJpAZmE] in parent Scene [B4pe0cfcAfQL78h6]","timestamp":"2026-01-01 17:14:52"}
{"level":"info","message":"Deleted Token with id [iNJIJ89sJ4SrPr5g] in parent Scene [B4pe0cfcAfQL78h6]","timestamp":"2026-01-01 17:15:15"}
{"level":"info","message":"Deleted 3 Token documents with ids: [PhPr7jUZurajFxac,dYomkcBVPj9tjVh7,6oYIUqV9P8JEp9Dd] in parent Scene [B4pe0cfcAfQL78h6]","timestamp":"2026-01-01 17:15:17"}
{"level":"info","message":"Created Token with id [YkuyZUTZG1zfNsHp] in parent Scene [B4pe0cfcAfQL78h6]","timestamp":"2026-01-01 17:15:24"}
{"level":"info","message":"Created MeasuredTemplate with id [AKN1uhccpHTt7L5z] in parent Scene [B4pe0cfcAfQL78h6]","timestamp":"2026-01-01 17:16:17"}
{"level":"info","message":"Deleted MeasuredTemplate with id [AKN1uhccpHTt7L5z] in parent Scene [B4pe0cfcAfQL78h6]","timestamp":"2026-01-01 17:17:12"}
{"level":"info","message":"Deleted Actor with id [NDnMDVroREnlMnCh]","timestamp":"2026-01-01 17:17:57"}
{"level":"info","message":"Created Item with id [lFsVR9UFt2OZHqFO] in parent ActorDelta [GwmtX6YlgnctxEha]","timestamp":"2026-01-01 17:21:36"}
{"level":"info","message":"Deleted Token with id [YkuyZUTZG1zfNsHp] in parent Scene [B4pe0cfcAfQL78h6]","timestamp":"2026-01-01 17:21:44"}
{"level":"error","message":"undefined id [YkuyZUTZG1zfNsHp] does not exist in the EmbeddedCollection collection.","stack":"Error: undefined id [YkuyZUTZG1zfNsHp] does not exist in the EmbeddedCollection collection.\n    at EmbeddedCollection.get (file:///C:/Users/Juanjo/Desktop/Juegos/Foundry-daggerheart/Portable-FoundryVTT-v13.348/App/resources/app/common/abstract/embedded-collection.mjs:227:36)\n    at Scene.getEmbeddedDocument (file:///C:/Users/Juanjo/Desktop/Juegos/Foundry-daggerheart/Portable-FoundryVTT-v13.348/App/resources/app/common/abstract/document.mjs:803:23)\n    at fromUuid (file:///C:/Users/Juanjo/Desktop/Juegos/Foundry-daggerheart/Portable-FoundryVTT-v13.348/App/resources/app/dist/core/utils.mjs:1:408)\n    at process.processTicksAndRejections (node:internal/process/task_queues:95:5)\n    at async #configureOperation (file:///C:/Users/Juanjo/Desktop/Juegos/Foundry-daggerheart/Portable-FoundryVTT-v13.348/App/resources/app/common/abstract/backend.mjs:225:24)\n    at async #configureUpdate (file:///C:/Users/Juanjo/Desktop/Juegos/Foundry-daggerheart/Portable-FoundryVTT-v13.348/App/resources/app/common/abstract/backend.mjs:144:5)\n    at async ServerDatabaseBackend.update (file:///C:/Users/Juanjo/Desktop/Juegos/Foundry-daggerheart/Portable-FoundryVTT-v13.348/App/resources/app/common/abstract/backend.mjs:129:17)\n    at async #try (file:///C:/Users/Juanjo/Desktop/Juegos/Foundry-daggerheart/Portable-FoundryVTT-v13.348/App/resources/app/common/utils/semaphore.mjs:98:17)","timestamp":"2026-01-01 17:21:55"}
{"level":"error","message":"undefined id [YkuyZUTZG1zfNsHp] does not exist in the EmbeddedCollection collection.","stack":"Error: undefined id [YkuyZUTZG1zfNsHp] does not exist in the EmbeddedCollection collection.\n    at EmbeddedCollection.get (file:///C:/Users/Juanjo/Desktop/Juegos/Foundry-daggerheart/Portable-FoundryVTT-v13.348/App/resources/app/common/abstract/embedded-collection.mjs:227:36)\n    at Scene.getEmbeddedDocument (file:///C:/Users/Juanjo/Desktop/Juegos/Foundry-daggerheart/Portable-FoundryVTT-v13.348/App/resources/app/common/abstract/document.mjs:803:23)\n    at fromUuid (file:///C:/Users/Juanjo/Desktop/Juegos/Foundry-daggerheart/Portable-FoundryVTT-v13.348/App/resources/app/dist/core/utils.mjs:1:408)\n    at process.processTicksAndRejections (node:internal/process/task_queues:95:5)\n    at async #configureOperation (file:///C:/Users/Juanjo/Desktop/Juegos/Foundry-daggerheart/Portable-FoundryVTT-v13.348/App/resources/app/common/abstract/backend.mjs:225:24)\n    at async #configureUpdate (file:///C:/Users/Juanjo/Desktop/Juegos/Foundry-daggerheart/Portable-FoundryVTT-v13.348/App/resources/app/common/abstract/backend.mjs:144:5)\n    at async ServerDatabaseBackend.update (file:///C:/Users/Juanjo/Desktop/Juegos/Foundry-daggerheart/Portable-FoundryVTT-v13.348/App/resources/app/common/abstract/backend.mjs:129:17)\n    at async #try (file:///C:/Users/Juanjo/Desktop/Juegos/Foundry-daggerheart/Portable-FoundryVTT-v13.348/App/resources/app/common/utils/semaphore.mjs:98:17)","timestamp":"2026-01-01 17:22:13"}
{"level":"info","message":"Deleted Actor with id [GXCPj9WHmduLKMqP]","timestamp":"2026-01-01 17:22:31"}
{"level":"info","message":"Created Actor with id [hwbSggt5s60HpUhK]","timestamp":"2026-01-01 17:22:38"}
{"level":"info","message":"Created Item with id [8gfYgq4osmhXxBLv] in parent Actor [hwbSggt5s60HpUhK]","timestamp":"2026-01-01 17:22:40"}
{"level":"info","message":"Created Item with id [RQe7Nz8ML1kXoBBz] in parent Actor [hwbSggt5s60HpUhK]","timestamp":"2026-01-01 17:24:20"}
{"level":"info","message":"Created ActiveEffect with id [ZYlpw5aHEtK7RRfm] in parent Item [RQe7Nz8ML1kXoBBz]","timestamp":"2026-01-01 17:26:00"}
{"level":"info","message":"Deleted ActiveEffect with id [ZYlpw5aHEtK7RRfm] in parent Item [RQe7Nz8ML1kXoBBz]","timestamp":"2026-01-01 17:28:31"}
{"level":"info","message":"Created ChatMessage with id [9AdXllAoq40Trxl5]","timestamp":"2026-01-01 17:28:48"}
{"level":"info","message":"Created ChatMessage with id [JAUhdbxhT02pVEvm]","timestamp":"2026-01-01 17:28:58"}
{"level":"info","message":"Created Item with id [JJ7iws89Z1WYdrht] in parent Actor [hwbSggt5s60HpUhK]","timestamp":"2026-01-01 17:31:13"}
{"level":"info","message":"Created ChatMessage with id [TSPrwflV8Ny21Qsh]","timestamp":"2026-01-01 17:35:46"}
{"level":"info","message":"Created ChatMessage with id [GlVPK1NLqRqyHsBV]","timestamp":"2026-01-01 17:35:54"}
{"level":"info","message":"Deleted ChatMessage with id [GlVPK1NLqRqyHsBV]","timestamp":"2026-01-01 17:35:55"}
{"level":"info","message":"Created Item with id [7InR9yiuKwUQIHPn] in parent Actor [hwbSggt5s60HpUhK]","timestamp":"2026-01-01 17:37:16"}
{"level":"info","message":"Created MeasuredTemplate with id [Fo7NR8GeMeBXPtJb] in parent Scene [B4pe0cfcAfQL78h6]","timestamp":"2026-01-01 17:37:25"}
{"level":"info","message":"Deleted Item with id [7InR9yiuKwUQIHPn] in parent Actor [hwbSggt5s60HpUhK]","timestamp":"2026-01-01 17:39:11"}
{"level":"info","message":"Created Item with id [aGF0h0OuJcL3mcvW] in parent Actor [hwbSggt5s60HpUhK]","timestamp":"2026-01-01 17:39:12"}
{"level":"info","message":"Created MeasuredTemplate with id [7JAOuujPERiq3gQL] in parent Scene [B4pe0cfcAfQL78h6]","timestamp":"2026-01-01 17:39:17"}
{"level":"info","message":"Deleted MeasuredTemplate with id [Fo7NR8GeMeBXPtJb] in parent Scene [B4pe0cfcAfQL78h6]","timestamp":"2026-01-01 17:39:18"}
{"level":"info","message":"Deleted MeasuredTemplate with id [7JAOuujPERiq3gQL] in parent Scene [B4pe0cfcAfQL78h6]","timestamp":"2026-01-01 17:39:52"}
{"level":"info","message":"Created MeasuredTemplate with id [ryQyDzMeHxcOWUl2] in parent Scene [B4pe0cfcAfQL78h6]","timestamp":"2026-01-01 17:39:54"}
{"level":"info","message":"Deleted MeasuredTemplate with id [ryQyDzMeHxcOWUl2] in parent Scene [B4pe0cfcAfQL78h6]","timestamp":"2026-01-01 17:39:55"}
{"level":"info","message":"Created MeasuredTemplate with id [CuHZIh5DRoDxo1ZS] in parent Scene [B4pe0cfcAfQL78h6]","timestamp":"2026-01-01 17:40:58"}
{"level":"info","message":"Deleted MeasuredTemplate with id [CuHZIh5DRoDxo1ZS] in parent Scene [B4pe0cfcAfQL78h6]","timestamp":"2026-01-01 17:41:02"}
{"level":"info","message":"Created MeasuredTemplate with id [0biBd9K8m2f6PeDi] in parent Scene [B4pe0cfcAfQL78h6]","timestamp":"2026-01-01 17:41:03"}
{"level":"info","message":"Deleted MeasuredTemplate with id [0biBd9K8m2f6PeDi] in parent Scene [B4pe0cfcAfQL78h6]","timestamp":"2026-01-01 17:41:05"}
{"level":"info","message":"Created ChatMessage with id [QkwgGXF5lrxP3mB4]","timestamp":"2026-01-01 17:43:57"}
{"level":"info","message":"Created ChatMessage with id [EIO0UvSK8Pdbi5t2]","timestamp":"2026-01-01 17:44:13"}
{"level":"info","message":"Created MeasuredTemplate with id [DcL6gKgzeHNxcZIr] in parent Scene [B4pe0cfcAfQL78h6]","timestamp":"2026-01-01 17:44:21"}
{"level":"info","message":"Deleted MeasuredTemplate with id [DcL6gKgzeHNxcZIr] in parent Scene [B4pe0cfcAfQL78h6]","timestamp":"2026-01-01 17:44:23"}
{"level":"info","message":"Deleted Item with id [aGF0h0OuJcL3mcvW] in parent Actor [hwbSggt5s60HpUhK]","timestamp":"2026-01-01 17:46:41"}
{"level":"info","message":"Created Item with id [x4LfHpNa1oNsqpOb] in parent Actor [hwbSggt5s60HpUhK]","timestamp":"2026-01-01 17:46:43"}
{"level":"info","message":"Created Token with id [sIMhGfa0iRvs4u1R] in parent Scene [B4pe0cfcAfQL78h6]","timestamp":"2026-01-01 17:47:58"}
{"level":"info","message":"Deleted Token with id [sIMhGfa0iRvs4u1R] in parent Scene [B4pe0cfcAfQL78h6]","timestamp":"2026-01-01 17:48:18"}
{"level":"info","message":"Created Folder with id [UB2GdOvr4O1kwSjY]","timestamp":"2026-01-01 17:52:04"}
{"level":"info","message":"Connected to database \"world.homebrew-adversaries\"","timestamp":"2026-01-01 17:52:36"}
{"level":"info","message":"Created World Compendium Pack world.homebrew-adversaries","timestamp":"2026-01-01 17:52:36"}
{"level":"info","message":"Connected to database \"world.homebrew-adversaries-features\"","timestamp":"2026-01-01 17:53:35"}
{"level":"info","message":"Created World Compendium Pack world.homebrew-adversaries-features","timestamp":"2026-01-01 17:53:35"}
{"level":"info","message":"Deleted Compendium Pack world.homebrew-adversaries-features","timestamp":"2026-01-01 17:54:08"}
{"level":"info","message":"Connected to database \"world.homebrew-adversaries-features\"","timestamp":"2026-01-01 17:54:30"}
{"level":"info","message":"Created World Compendium Pack world.homebrew-adversaries-features","timestamp":"2026-01-01 17:54:30"}
{"level":"error","message":"The Compendium pack homebrew-adversaries-features already exists in the World and cannot be created","stack":"Error: The Compendium pack homebrew-adversaries-features already exists in the World and cannot be created\n    at #u (file:///C:/Users/Juanjo/Desktop/Juegos/Foundry-daggerheart/Portable-FoundryVTT-v13.348/App/resources/app/dist/packages/world.mjs:1:18186)\n    at #m (file:///C:/Users/Juanjo/Desktop/Juegos/Foundry-daggerheart/Portable-FoundryVTT-v13.348/App/resources/app/dist/packages/world.mjs:1:17648)\n    at Socket.handleEvent (file:///C:/Users/Juanjo/Desktop/Juegos/Foundry-daggerheart/Portable-FoundryVTT-v13.348/App/resources/app/dist/server/sockets.mjs:1:568)\n    at Socket.emit (node:events:518:28)\n    at Socket.emitUntyped (C:\\Users\\Juanjo\\Desktop\\Juegos\\Foundry-daggerheart\\Portable-FoundryVTT-v13.348\\App\\resources\\app\\node_modules\\socket.io\\dist\\typed-events.js:69:22)\n    at C:\\Users\\Juanjo\\Desktop\\Juegos\\Foundry-daggerheart\\Portable-FoundryVTT-v13.348\\App\\resources\\app\\node_modules\\socket.io\\dist\\socket.js:697:39\n    at process.processTicksAndRejections (node:internal/process/task_queues:77:11)","timestamp":"2026-01-01 17:54:46"}
{"level":"info","message":"Deleted Compendium Pack world.homebrew-adversaries-features","timestamp":"2026-01-01 17:54:50"}
{"level":"info","message":"Connected to database \"world.homebrew-adversaries-features\"","timestamp":"2026-01-01 17:54:54"}
{"level":"info","message":"Created World Compendium Pack world.homebrew-adversaries-features","timestamp":"2026-01-01 17:54:54"}
{"level":"info","message":"Created Item with id [LGRVCPiHHJhw1shD] in Compendium world.homebrew-adversaries-features","timestamp":"2026-01-01 17:55:17"}
{"level":"info","message":"Created Item with id [f4eqGWeNBS7UygEF] in Compendium world.homebrew-adversaries-features","timestamp":"2026-01-01 17:55:18"}
{"level":"info","message":"Created Item with id [sUPrKBn4Bux1vr3A] in Compendium world.homebrew-adversaries-features","timestamp":"2026-01-01 17:55:19"}
{"level":"info","message":"Created Folder with id [pyTihs1bGMrYyNbH] in Compendium world.homebrew-adversaries-features","timestamp":"2026-01-01 17:55:25"}
{"level":"info","message":"Deleted Item with id [RQe7Nz8ML1kXoBBz] in parent Actor [hwbSggt5s60HpUhK]","timestamp":"2026-01-01 17:55:39"}
{"level":"info","message":"Deleted Item with id [x4LfHpNa1oNsqpOb] in parent Actor [hwbSggt5s60HpUhK]","timestamp":"2026-01-01 17:55:41"}
{"level":"info","message":"Created Item with id [nUMvlnTMPch0pJu2] in parent Actor [hwbSggt5s60HpUhK]","timestamp":"2026-01-01 17:55:42"}
{"level":"info","message":"Created Item with id [NajNSmlfoxcZkMUi] in parent Actor [hwbSggt5s60HpUhK]","timestamp":"2026-01-01 17:55:44"}
{"level":"info","message":"wyvern.Avatar.webp saved to tokenizer/npc-images","timestamp":"2026-01-01 17:58:53"}
{"level":"info","message":"wyvern.Token.webp saved to tokenizer/npc-images","timestamp":"2026-01-01 17:58:53"}
{"level":"info","message":"wyvern.Avatar.webp saved to tokenizer/npc-images","timestamp":"2026-01-01 18:01:04"}
{"level":"info","message":"wyvern.Token.webp saved to tokenizer/npc-images","timestamp":"2026-01-01 18:01:04"}
{"level":"info","message":"Created Actor with id [ZFLPdYONVLgPnU9N] in Compendium world.homebrew-adversaries","timestamp":"2026-01-01 18:01:27"}
{"level":"info","message":"Created Item with id [BqnzDruPXWzjyiIQ] in parent Actor [hwbSggt5s60HpUhK]","timestamp":"2026-01-01 18:01:46"}
{"level":"info","message":"Deleted Item with id [BqnzDruPXWzjyiIQ] in parent Actor [hwbSggt5s60HpUhK]","timestamp":"2026-01-01 18:01:56"}
{"level":"info","message":"wyvern.Avatar.webp saved to tokenizer/npc-images","timestamp":"2026-01-01 18:03:30"}
{"level":"info","message":"wyvern.Token.webp saved to tokenizer/npc-images","timestamp":"2026-01-01 18:03:30"}
{"level":"info","message":"Created Actor with id [kA1nggTuWmERbsDm]","timestamp":"2026-01-01 18:04:15"}
{"level":"info","message":"Created Token with id [1sSG2SUmIU16ezCq] in parent Scene [B4pe0cfcAfQL78h6]","timestamp":"2026-01-01 18:04:15"}
{"level":"info","message":"Deleted Token with id [1sSG2SUmIU16ezCq] in parent Scene [B4pe0cfcAfQL78h6]","timestamp":"2026-01-01 18:04:18"}
{"level":"info","message":"Created Token with id [aUm7QOO5HNpFJLzK] in parent Scene [B4pe0cfcAfQL78h6]","timestamp":"2026-01-01 18:04:36"}
{"level":"info","message":"Created Token with id [P34b460sgZozVIl9] in parent Scene [B4pe0cfcAfQL78h6]","timestamp":"2026-01-01 18:04:38"}
{"level":"info","message":"Deleted Actor with id [kA1nggTuWmERbsDm]","timestamp":"2026-01-01 18:05:50"}
{"level":"info","message":"wyvern.Avatar.webp saved to tokenizer/npc-images","timestamp":"2026-01-01 18:07:41"}
{"level":"info","message":"wyvern.Token.webp saved to tokenizer/npc-images","timestamp":"2026-01-01 18:07:41"}
{"level":"info","message":"Created Actor with id [4zNxB7wxmJxQFRNH]","timestamp":"2026-01-01 18:07:46"}
{"level":"info","message":"Created Token with id [ukvlqZTa4koVR8JW] in parent Scene [B4pe0cfcAfQL78h6]","timestamp":"2026-01-01 18:07:46"}
{"level":"info","message":"Deleted Token with id [ukvlqZTa4koVR8JW] in parent Scene [B4pe0cfcAfQL78h6]","timestamp":"2026-01-01 18:07:52"}
{"level":"info","message":"Created Token with id [PAlD9koR3L1Ai1rD] in parent Scene [B4pe0cfcAfQL78h6]","timestamp":"2026-01-01 18:07:53"}
{"level":"info","message":"Deleted Token with id [PAlD9koR3L1Ai1rD] in parent Scene [B4pe0cfcAfQL78h6]","timestamp":"2026-01-01 18:07:54"}
{"level":"info","message":"Created Token with id [YFYRswVXthaug9So] in parent Scene [B4pe0cfcAfQL78h6]","timestamp":"2026-01-01 18:07:55"}
{"level":"info","message":"Deleted 2 Token documents with ids: [YFYRswVXthaug9So,aUm7QOO5HNpFJLzK] in parent Scene [B4pe0cfcAfQL78h6]","timestamp":"2026-01-01 18:08:02"}
{"level":"info","message":"Created Token with id [pK2L5TSebyFmvyb4] in parent Scene [B4pe0cfcAfQL78h6]","timestamp":"2026-01-01 18:08:02"}
{"level":"info","message":"Created Actor with id [1g7pYRf2PyXW6RVS]","timestamp":"2026-01-01 18:08:05"}
{"level":"info","message":"Created Token with id [t3eerm6gimOE4pSO] in parent Scene [B4pe0cfcAfQL78h6]","timestamp":"2026-01-01 18:08:05"}
{"level":"info","message":"Deleted Token with id [pK2L5TSebyFmvyb4] in parent Scene [B4pe0cfcAfQL78h6]","timestamp":"2026-01-01 18:08:06"}
{"level":"info","message":"Deleted Actor with id [4zNxB7wxmJxQFRNH]","timestamp":"2026-01-01 18:08:09"}
{"level":"info","message":"Deleted Actor with id [1g7pYRf2PyXW6RVS]","timestamp":"2026-01-01 18:08:11"}
{"level":"info","message":"Deleted Token with id [t3eerm6gimOE4pSO] in parent Scene [B4pe0cfcAfQL78h6]","timestamp":"2026-01-01 18:08:12"}
{"level":"info","message":"Created Token with id [7GpV94cKgdp3HCAH] in parent Scene [B4pe0cfcAfQL78h6]","timestamp":"2026-01-01 18:08:13"}
{"level":"info","message":"Deleted 2 Token documents with ids: [7GpV94cKgdp3HCAH,P34b460sgZozVIl9] in parent Scene [B4pe0cfcAfQL78h6]","timestamp":"2026-01-01 18:08:16"}
{"level":"info","message":"Created Token with id [7RHFfxFsSaHqYuK5] in parent Scene [B4pe0cfcAfQL78h6]","timestamp":"2026-01-01 18:08:20"}
{"level":"info","message":"Deleted Token with id [7RHFfxFsSaHqYuK5] in parent Scene [B4pe0cfcAfQL78h6]","timestamp":"2026-01-01 18:08:22"}
{"level":"info","message":"Created Token with id [F9DQzmhCB6zkmxBB] in parent Scene [B4pe0cfcAfQL78h6]","timestamp":"2026-01-01 18:08:34"}
{"level":"info","message":"Created Token with id [w00CZXpB4gzp8TsC] in parent Scene [B4pe0cfcAfQL78h6]","timestamp":"2026-01-01 18:08:35"}
{"level":"info","message":"Created Token with id [MPS2mGtqQdMU0hjH] in parent Scene [B4pe0cfcAfQL78h6]","timestamp":"2026-01-01 18:08:36"}
{"level":"info","message":"Created Token with id [Biz3SxVLEWDKN37U] in parent Scene [B4pe0cfcAfQL78h6]","timestamp":"2026-01-01 18:09:04"}
{"level":"info","message":"Deleted Token with id [Biz3SxVLEWDKN37U] in parent Scene [B4pe0cfcAfQL78h6]","timestamp":"2026-01-01 18:09:08"}
{"level":"info","message":"Created Token with id [sOqolxly5rlmemZa] in parent Scene [B4pe0cfcAfQL78h6]","timestamp":"2026-01-01 18:09:09"}
{"level":"info","message":"Deleted 5 Token documents with ids: [sKHucHXZSk07V8bz,902rKUyLQ8ZQMB84,T6AtEVZIY3BYfYnr,jNe5fWzz5mYoMeqP,qxHiWLaM3FgSbtC2] in parent Scene [B4pe0cfcAfQL78h6]","timestamp":"2026-01-01 18:10:00"}
{"level":"info","message":"Created Token with id [ffWZNRI0P6oj9D23] in parent Scene [B4pe0cfcAfQL78h6]","timestamp":"2026-01-01 18:10:09"}
{"level":"info","message":"Created Token with id [6g4052kNfDpZq1DJ] in parent Scene [B4pe0cfcAfQL78h6]","timestamp":"2026-01-01 18:10:26"}
{"level":"info","message":"Created Token with id [nwCKCokDbkQ26qJg] in parent Scene [B4pe0cfcAfQL78h6]","timestamp":"2026-01-01 18:10:29"}
{"level":"info","message":"Created Token with id [xbrCa55xK5Ay9j8J] in parent Scene [B4pe0cfcAfQL78h6]","timestamp":"2026-01-01 18:10:30"}
{"level":"info","message":"Created Token with id [CX4qgEMRClymMHnL] in parent Scene [B4pe0cfcAfQL78h6]","timestamp":"2026-01-01 18:10:31"}
{"level":"info","message":"Created Token with id [9ODlLxmY7c8wlo0E] in parent Scene [B4pe0cfcAfQL78h6]","timestamp":"2026-01-01 18:10:33"}
{"level":"info","message":"Created Token with id [5zRgachKcHAaYFsz] in parent Scene [B4pe0cfcAfQL78h6]","timestamp":"2026-01-01 18:10:34"}
{"level":"info","message":"Created Token with id [Io4YX7lo6jA9gRZd] in parent Scene [B4pe0cfcAfQL78h6]","timestamp":"2026-01-01 18:10:35"}
{"level":"info","message":"Deleted Token with id [Io4YX7lo6jA9gRZd] in parent Scene [B4pe0cfcAfQL78h6]","timestamp":"2026-01-01 18:10:37"}
{"level":"info","message":"Created 6 Token documents in parent Scene [B4pe0cfcAfQL78h6]","timestamp":"2026-01-01 18:10:40"}
{"level":"info","message":"Created ChatMessage with id [s5LzVeyP54pNC87r]","timestamp":"2026-01-01 18:12:17"}
{"level":"info","message":"Created ChatMessage with id [4IUPFunfU0v7G8Wr]","timestamp":"2026-01-01 18:12:27"}
{"level":"info","message":"Created ChatMessage with id [FoqgFxbqLOqgtozA]","timestamp":"2026-01-01 18:12:28"}
{"level":"info","message":"Deleted 8 ChatMessage documents","timestamp":"2026-01-01 18:12:36"}
{"level":"info","message":"Created ChatMessage with id [kG9nLuYKKT0p698l]","timestamp":"2026-01-01 18:12:37"}
{"level":"info","message":"Deleted Token with id [ffWZNRI0P6oj9D23] in parent Scene [B4pe0cfcAfQL78h6]","timestamp":"2026-01-01 18:12:50"}
{"level":"info","message":"Deleted ChatMessage with id [kG9nLuYKKT0p698l]","timestamp":"2026-01-01 18:12:59"}
{"level":"info","message":"Created Token with id [AJvE99PrRFFwDJua] in parent Scene [B4pe0cfcAfQL78h6]","timestamp":"2026-01-01 18:13:15"}
{"level":"info","message":"Created ChatMessage with id [qvQlyjlCv6TYHvxy]","timestamp":"2026-01-01 18:13:44"}
{"level":"info","message":"Created ChatMessage with id [EgGx7ukcASVaGMm0]","timestamp":"2026-01-01 18:14:05"}
{"level":"info","message":"Deleted 2 ChatMessage documents with ids: [qvQlyjlCv6TYHvxy,EgGx7ukcASVaGMm0]","timestamp":"2026-01-01 18:14:09"}
{"level":"info","message":"Shutting down Foundry Virtual Tabletop server","timestamp":"2026-01-01 18:14:39"}
{"level":"info","message":"Shut-down success. Goodbye!","timestamp":"2026-01-01 18:14:39"}
