{"level":"info","message":"Running on Node.js - Version 20.18.3","timestamp":"2025-12-31 12:53:34"}
{"level":"info","message":"Foundry Virtual Tabletop - Version 13 Build 348","timestamp":"2025-12-31 12:53:34"}
{"level":"info","message":"User Data Directory - \"../../Data\"","timestamp":"2025-12-31 12:53:34"}
{"level":"info","message":"Application Options:\n{\n  \"compressStatic\": true,\n  \"fullscreen\": false,\n  \"hostname\": null,\n  \"language\": \"en.core\",\n  \"localHostname\": null,\n  \"port\": 30000,\n  \"proxyPort\": null,\n  \"proxySSL\": false,\n  \"routePrefix\": null,\n  \"updateChannel\": \"stable\",\n  \"upnp\": true,\n  \"awsConfig\": null,\n  \"compressSocket\": true,\n  \"cssTheme\": \"dark\",\n  \"deleteNEDB\": false,\n  \"hotReload\": false,\n  \"passwordSalt\": null,\n  \"sslCert\": null,\n  \"sslKey\": null,\n  \"world\": null,\n  \"serviceConfig\": null,\n  \"telemetry\": true,\n  \"adminPassword\": null,\n  \"noBackups\": false\n}","timestamp":"2025-12-31 12:53:34"}
{"level":"info","message":"Software license verification succeeded","timestamp":"2025-12-31 12:53:34"}
{"level":"info","message":"Requesting UPnP port forwarding to destination port 30000","timestamp":"2025-12-31 12:53:35"}
{"level":"info","message":"Running Electron application with version 34.4.0 using Chromium 132.0.6834.210","timestamp":"2025-12-31 12:53:35"}
{"level":"info","message":"Server started and listening on port 30000","timestamp":"2025-12-31 12:53:35"}
{"level":"info","message":"Created client session 359b9d4d9e4285050bde1e4e","timestamp":"2025-12-31 12:53:37"}
{"level":"info","message":"Core software stable update 13.351 is available!","timestamp":"2025-12-31 12:53:39"}
{"level":"info","message":"Connected to database \"actors\"","timestamp":"2025-12-31 12:53:50"}
{"level":"info","message":"Launching World | Loading World Data - 7%","timestamp":"2025-12-31 12:53:50"}
{"level":"info","message":"Connected to database \"cards\"","timestamp":"2025-12-31 12:53:50"}
{"level":"info","message":"Launching World | Loading World Data - 14%","timestamp":"2025-12-31 12:53:50"}
{"level":"info","message":"Connected to database \"messages\"","timestamp":"2025-12-31 12:53:50"}
{"level":"info","message":"Launching World | Loading World Data - 21%","timestamp":"2025-12-31 12:53:50"}
{"level":"info","message":"Connected to database \"combats\"","timestamp":"2025-12-31 12:53:50"}
{"level":"info","message":"Launching World | Loading World Data - 29%","timestamp":"2025-12-31 12:53:50"}
{"level":"info","message":"Connected to database \"fog\"","timestamp":"2025-12-31 12:53:50"}
{"level":"info","message":"Launching World | Loading World Data - 36%","timestamp":"2025-12-31 12:53:50"}
{"level":"info","message":"Connected to database \"folders\"","timestamp":"2025-12-31 12:53:50"}
{"level":"info","message":"Launching World | Loading World Data - 43%","timestamp":"2025-12-31 12:53:50"}
{"level":"info","message":"Connected to database \"items\"","timestamp":"2025-12-31 12:53:50"}
{"level":"info","message":"Launching World | Loading World Data - 50%","timestamp":"2025-12-31 12:53:50"}
{"level":"info","message":"Connected to database \"journal\"","timestamp":"2025-12-31 12:53:50"}
{"level":"info","message":"Launching World | Loading World Data - 57%","timestamp":"2025-12-31 12:53:50"}
{"level":"info","message":"Connected to database \"macros\"","timestamp":"2025-12-31 12:53:50"}
{"level":"info","message":"Launching World | Loading World Data - 64%","timestamp":"2025-12-31 12:53:50"}
{"level":"info","message":"Connected to database \"playlists\"","timestamp":"2025-12-31 12:53:51"}
{"level":"info","message":"Launching World | Loading World Data - 71%","timestamp":"2025-12-31 12:53:51"}
{"level":"info","message":"Connected to database \"tables\"","timestamp":"2025-12-31 12:53:51"}
{"level":"info","message":"Launching World | Loading World Data - 79%","timestamp":"2025-12-31 12:53:51"}
{"level":"info","message":"Connected to database \"scenes\"","timestamp":"2025-12-31 12:53:51"}
{"level":"info","message":"Launching World | Loading World Data - 86%","timestamp":"2025-12-31 12:53:51"}
{"level":"info","message":"Connected to database \"settings\"","timestamp":"2025-12-31 12:53:51"}
{"level":"info","message":"Launching World | Loading World Data - 93%","timestamp":"2025-12-31 12:53:51"}
{"level":"info","message":"Connected to database \"users\"","timestamp":"2025-12-31 12:53:51"}
{"level":"info","message":"Launching World | Loading World Data - 100%","timestamp":"2025-12-31 12:53:51"}
{"level":"info","message":"Launching World | Migrating World Data - 7%","timestamp":"2025-12-31 12:53:51"}
{"level":"info","message":"Launching World | Migrating World Data - 14%","timestamp":"2025-12-31 12:53:51"}
{"level":"info","message":"Launching World | Migrating World Data - 21%","timestamp":"2025-12-31 12:53:51"}
{"level":"info","message":"Launching World | Migrating World Data - 29%","timestamp":"2025-12-31 12:53:51"}
{"level":"info","message":"Launching World | Migrating World Data - 36%","timestamp":"2025-12-31 12:53:51"}
{"level":"info","message":"Launching World | Migrating World Data - 43%","timestamp":"2025-12-31 12:53:51"}
{"level":"info","message":"Launching World | Migrating World Data - 50%","timestamp":"2025-12-31 12:53:51"}
{"level":"info","message":"Launching World | Migrating World Data - 57%","timestamp":"2025-12-31 12:53:51"}
{"level":"info","message":"Launching World | Migrating World Data - 64%","timestamp":"2025-12-31 12:53:51"}
{"level":"info","message":"Launching World | Migrating World Data - 71%","timestamp":"2025-12-31 12:53:51"}
{"level":"info","message":"Launching World | Migrating World Data - 79%","timestamp":"2025-12-31 12:53:51"}
{"level":"info","message":"Launching World | Migrating World Data - 86%","timestamp":"2025-12-31 12:53:51"}
{"level":"info","message":"Launching World | Migrating World Data - 93%","timestamp":"2025-12-31 12:53:51"}
{"level":"info","message":"Launching World | Migrating World Data - 100%","timestamp":"2025-12-31 12:53:51"}
{"level":"info","message":"Connected to database \"daggerheart.classes\"","timestamp":"2025-12-31 12:53:51"}
{"level":"info","message":"Launching World | Loading Package Data - 3%","timestamp":"2025-12-31 12:53:51"}
{"level":"info","message":"Connected to database \"daggerheart.subclasses\"","timestamp":"2025-12-31 12:53:51"}
{"level":"info","message":"Launching World | Loading Package Data - 6%","timestamp":"2025-12-31 12:53:51"}
{"level":"info","message":"Connected to database \"daggerheart.domains\"","timestamp":"2025-12-31 12:53:51"}
{"level":"info","message":"Launching World | Loading Package Data - 8%","timestamp":"2025-12-31 12:53:51"}
{"level":"info","message":"Connected to database \"daggerheart.ancestries\"","timestamp":"2025-12-31 12:53:51"}
{"level":"info","message":"Launching World | Loading Package Data - 11%","timestamp":"2025-12-31 12:53:51"}
{"level":"info","message":"Connected to database \"daggerheart.communities\"","timestamp":"2025-12-31 12:53:51"}
{"level":"info","message":"Launching World | Loading Package Data - 14%","timestamp":"2025-12-31 12:53:51"}
{"level":"info","message":"Connected to database \"daggerheart.weapons\"","timestamp":"2025-12-31 12:53:51"}
{"level":"info","message":"Launching World | Loading Package Data - 17%","timestamp":"2025-12-31 12:53:51"}
{"level":"info","message":"Connected to database \"daggerheart.armors\"","timestamp":"2025-12-31 12:53:51"}
{"level":"info","message":"Launching World | Loading Package Data - 19%","timestamp":"2025-12-31 12:53:51"}
{"level":"info","message":"Connected to database \"daggerheart.consumables\"","timestamp":"2025-12-31 12:53:51"}
{"level":"info","message":"Launching World | Loading Package Data - 22%","timestamp":"2025-12-31 12:53:51"}
{"level":"info","message":"Connected to database \"daggerheart.loot\"","timestamp":"2025-12-31 12:53:51"}
{"level":"info","message":"Launching World | Loading Package Data - 25%","timestamp":"2025-12-31 12:53:51"}
{"level":"info","message":"Connected to database \"daggerheart.adversaries\"","timestamp":"2025-12-31 12:53:51"}
{"level":"info","message":"Launching World | Loading Package Data - 28%","timestamp":"2025-12-31 12:53:51"}
{"level":"info","message":"Connected to database \"daggerheart.environments\"","timestamp":"2025-12-31 12:53:51"}
{"level":"info","message":"Launching World | Loading Package Data - 31%","timestamp":"2025-12-31 12:53:51"}
{"level":"info","message":"Connected to database \"daggerheart.journals\"","timestamp":"2025-12-31 12:53:51"}
{"level":"info","message":"Launching World | Loading Package Data - 33%","timestamp":"2025-12-31 12:53:51"}
{"level":"info","message":"Connected to database \"daggerheart.beastforms\"","timestamp":"2025-12-31 12:53:51"}
{"level":"info","message":"Launching World | Loading Package Data - 36%","timestamp":"2025-12-31 12:53:51"}
{"level":"info","message":"Connected to database \"art-for-daggerheart.art-for-dh-macros\"","timestamp":"2025-12-31 12:53:51"}
{"level":"info","message":"Launching World | Loading Package Data - 39%","timestamp":"2025-12-31 12:53:51"}
{"level":"info","message":"Connected to database \"daggerheart-extra-content.motherboard-items\"","timestamp":"2025-12-31 12:53:51"}
{"level":"info","message":"Launching World | Loading Package Data - 42%","timestamp":"2025-12-31 12:53:51"}
{"level":"info","message":"Connected to database \"daggerheart-extra-content.macros\"","timestamp":"2025-12-31 12:53:51"}
{"level":"info","message":"Launching World | Loading Package Data - 44%","timestamp":"2025-12-31 12:53:51"}
{"level":"info","message":"Connected to database \"daggerheart-extra-content.motherboard-tables\"","timestamp":"2025-12-31 12:53:51"}
{"level":"info","message":"Launching World | Loading Package Data - 47%","timestamp":"2025-12-31 12:53:51"}
{"level":"info","message":"Connected to database \"daggerheart-extra-content.adversaries-features\"","timestamp":"2025-12-31 12:53:51"}
{"level":"info","message":"Launching World | Loading Package Data - 50%","timestamp":"2025-12-31 12:53:51"}
{"level":"info","message":"Connected to database \"daggerheart-extra-content.useful-journals\"","timestamp":"2025-12-31 12:53:51"}
{"level":"info","message":"Launching World | Loading Package Data - 53%","timestamp":"2025-12-31 12:53:51"}
{"level":"info","message":"Connected to database \"daggerheart-extra-content.loot-and-consumable-tables\"","timestamp":"2025-12-31 12:53:51"}
{"level":"info","message":"Launching World | Loading Package Data - 56%","timestamp":"2025-12-31 12:53:51"}
{"level":"info","message":"Connected to database \"daggerheart-extra-content.more-adversaries\"","timestamp":"2025-12-31 12:53:51"}
{"level":"info","message":"Launching World | Loading Package Data - 58%","timestamp":"2025-12-31 12:53:51"}
{"level":"info","message":"Connected to database \"daggerheart-extra-content.more-items\"","timestamp":"2025-12-31 12:53:51"}
{"level":"info","message":"Launching World | Loading Package Data - 61%","timestamp":"2025-12-31 12:53:51"}
{"level":"info","message":"Connected to database \"daggerheart-extra-content.curses\"","timestamp":"2025-12-31 12:53:51"}
{"level":"info","message":"Launching World | Loading Package Data - 64%","timestamp":"2025-12-31 12:53:51"}
{"level":"info","message":"Connected to database \"daggerheart-extra-content.ancestry\"","timestamp":"2025-12-31 12:53:51"}
{"level":"info","message":"Launching World | Loading Package Data - 67%","timestamp":"2025-12-31 12:53:51"}
{"level":"info","message":"Connected to database \"daggerheart-extra-content.house-rules\"","timestamp":"2025-12-31 12:53:51"}
{"level":"info","message":"Launching World | Loading Package Data - 69%","timestamp":"2025-12-31 12:53:51"}
{"level":"info","message":"Connected to database \"daggerheart-extra-content.classes\"","timestamp":"2025-12-31 12:53:51"}
{"level":"info","message":"Launching World | Loading Package Data - 72%","timestamp":"2025-12-31 12:53:51"}
{"level":"info","message":"Connected to database \"daggerheart-extra-content.subclasses\"","timestamp":"2025-12-31 12:53:51"}
{"level":"info","message":"Launching World | Loading Package Data - 75%","timestamp":"2025-12-31 12:53:51"}
{"level":"info","message":"Connected to database \"the-void-unofficial.classes\"","timestamp":"2025-12-31 12:53:51"}
{"level":"info","message":"Launching World | Loading Package Data - 78%","timestamp":"2025-12-31 12:53:51"}
{"level":"info","message":"Connected to database \"the-void-unofficial.subclasses\"","timestamp":"2025-12-31 12:53:51"}
{"level":"info","message":"Launching World | Loading Package Data - 81%","timestamp":"2025-12-31 12:53:51"}
{"level":"info","message":"Connected to database \"the-void-unofficial.ancestries\"","timestamp":"2025-12-31 12:53:51"}
{"level":"info","message":"Launching World | Loading Package Data - 83%","timestamp":"2025-12-31 12:53:51"}
{"level":"info","message":"Connected to database \"the-void-unofficial.communities\"","timestamp":"2025-12-31 12:53:51"}
{"level":"info","message":"Launching World | Loading Package Data - 86%","timestamp":"2025-12-31 12:53:51"}
{"level":"info","message":"Connected to database \"the-void-unofficial.domains\"","timestamp":"2025-12-31 12:53:51"}
{"level":"info","message":"Launching World | Loading Package Data - 89%","timestamp":"2025-12-31 12:53:51"}
{"level":"info","message":"Connected to database \"the-void-unofficial.transformations\"","timestamp":"2025-12-31 12:53:51"}
{"level":"info","message":"Launching World | Loading Package Data - 92%","timestamp":"2025-12-31 12:53:52"}
{"level":"info","message":"Connected to database \"the-void-unofficial.weapons\"","timestamp":"2025-12-31 12:53:52"}
{"level":"info","message":"Launching World | Loading Package Data - 94%","timestamp":"2025-12-31 12:53:52"}
{"level":"info","message":"Connected to database \"the-void-unofficial.macros\"","timestamp":"2025-12-31 12:53:52"}
{"level":"info","message":"Launching World | Loading Package Data - 97%","timestamp":"2025-12-31 12:53:52"}
{"level":"info","message":"Connected to database \"the-void-unofficial.adversaries--environments\"","timestamp":"2025-12-31 12:53:52"}
{"level":"info","message":"Launching World | Loading Package Data - 100%","timestamp":"2025-12-31 12:53:52"}
{"level":"info","message":"Created 0 Folder documents with ids: []","timestamp":"2025-12-31 12:53:52"}
{"level":"info","message":"Launching World | Migrating Package Data - 3%","timestamp":"2025-12-31 12:53:52"}
{"level":"info","message":"Launching World | Migrating Package Data - 6%","timestamp":"2025-12-31 12:53:52"}
{"level":"info","message":"Launching World | Migrating Package Data - 8%","timestamp":"2025-12-31 12:53:52"}
{"level":"info","message":"Launching World | Migrating Package Data - 11%","timestamp":"2025-12-31 12:53:52"}
{"level":"info","message":"Launching World | Migrating Package Data - 14%","timestamp":"2025-12-31 12:53:52"}
{"level":"info","message":"Launching World | Migrating Package Data - 17%","timestamp":"2025-12-31 12:53:52"}
{"level":"info","message":"Launching World | Migrating Package Data - 19%","timestamp":"2025-12-31 12:53:52"}
{"level":"info","message":"Launching World | Migrating Package Data - 22%","timestamp":"2025-12-31 12:53:52"}
{"level":"info","message":"Launching World | Migrating Package Data - 25%","timestamp":"2025-12-31 12:53:52"}
{"level":"info","message":"Launching World | Migrating Package Data - 28%","timestamp":"2025-12-31 12:53:52"}
{"level":"info","message":"Launching World | Migrating Package Data - 31%","timestamp":"2025-12-31 12:53:52"}
{"level":"info","message":"Launching World | Migrating Package Data - 33%","timestamp":"2025-12-31 12:53:52"}
{"level":"info","message":"Launching World | Migrating Package Data - 36%","timestamp":"2025-12-31 12:53:52"}
{"level":"info","message":"Launching World | Migrating Package Data - 39%","timestamp":"2025-12-31 12:53:52"}
{"level":"info","message":"Launching World | Migrating Package Data - 42%","timestamp":"2025-12-31 12:53:52"}
{"level":"error","message":"An error occurred during the migration of Macro record [AksCh0ciaGx7BuyA] of database \"daggerheart-extra-content.macros\":\nError: Documents from a core version newer than the running version cannot be migrated\n    at Function._migrateRecord (file:///C:/Users/rafam/Documents/Rol/Daggerheart/Greg%20Mach/DM%20Stuff/Foundry%20daggerheart/Foundry-daggerheart/Portable-FoundryVTT-v13.348/App/resources/app/dist/database/backend/server-document.mjs:1:3713)\n    at Function._migrateDocuments (file:///C:/Users/rafam/Documents/Rol/Daggerheart/Greg%20Mach/DM%20Stuff/Foundry%20daggerheart/Foundry-daggerheart/Portable-FoundryVTT-v13.348/App/resources/app/dist/database/backend/server-document.mjs:1:2782)","timestamp":"2025-12-31 12:53:52"}
{"level":"error","message":"An error occurred during the migration of Macro record [Ek2uYtA3xm78MKEc] of database \"daggerheart-extra-content.macros\":\nError: Documents from a core version newer than the running version cannot be migrated\n    at Function._migrateRecord (file:///C:/Users/rafam/Documents/Rol/Daggerheart/Greg%20Mach/DM%20Stuff/Foundry%20daggerheart/Foundry-daggerheart/Portable-FoundryVTT-v13.348/App/resources/app/dist/database/backend/server-document.mjs:1:3713)\n    at Function._migrateDocuments (file:///C:/Users/rafam/Documents/Rol/Daggerheart/Greg%20Mach/DM%20Stuff/Foundry%20daggerheart/Foundry-daggerheart/Portable-FoundryVTT-v13.348/App/resources/app/dist/database/backend/server-document.mjs:1:2782)","timestamp":"2025-12-31 12:53:52"}
{"level":"error","message":"An error occurred during the migration of Macro record [FUXtgmbsROZ9EZ64] of database \"daggerheart-extra-content.macros\":\nError: Documents from a core version newer than the running version cannot be migrated\n    at Function._migrateRecord (file:///C:/Users/rafam/Documents/Rol/Daggerheart/Greg%20Mach/DM%20Stuff/Foundry%20daggerheart/Foundry-daggerheart/Portable-FoundryVTT-v13.348/App/resources/app/dist/database/backend/server-document.mjs:1:3713)\n    at Function._migrateDocuments (file:///C:/Users/rafam/Documents/Rol/Daggerheart/Greg%20Mach/DM%20Stuff/Foundry%20daggerheart/Foundry-daggerheart/Portable-FoundryVTT-v13.348/App/resources/app/dist/database/backend/server-document.mjs:1:2782)","timestamp":"2025-12-31 12:53:52"}
{"level":"error","message":"An error occurred during the migration of Macro record [KMIecMvorWDWynzv] of database \"daggerheart-extra-content.macros\":\nError: Documents from a core version newer than the running version cannot be migrated\n    at Function._migrateRecord (file:///C:/Users/rafam/Documents/Rol/Daggerheart/Greg%20Mach/DM%20Stuff/Foundry%20daggerheart/Foundry-daggerheart/Portable-FoundryVTT-v13.348/App/resources/app/dist/database/backend/server-document.mjs:1:3713)\n    at Function._migrateDocuments (file:///C:/Users/rafam/Documents/Rol/Daggerheart/Greg%20Mach/DM%20Stuff/Foundry%20daggerheart/Foundry-daggerheart/Portable-FoundryVTT-v13.348/App/resources/app/dist/database/backend/server-document.mjs:1:2782)","timestamp":"2025-12-31 12:53:52"}
{"level":"error","message":"An error occurred during the migration of Macro record [MrVaunevxMfD1jiI] of database \"daggerheart-extra-content.macros\":\nError: Documents from a core version newer than the running version cannot be migrated\n    at Function._migrateRecord (file:///C:/Users/rafam/Documents/Rol/Daggerheart/Greg%20Mach/DM%20Stuff/Foundry%20daggerheart/Foundry-daggerheart/Portable-FoundryVTT-v13.348/App/resources/app/dist/database/backend/server-document.mjs:1:3713)\n    at Function._migrateDocuments (file:///C:/Users/rafam/Documents/Rol/Daggerheart/Greg%20Mach/DM%20Stuff/Foundry%20daggerheart/Foundry-daggerheart/Portable-FoundryVTT-v13.348/App/resources/app/dist/database/backend/server-document.mjs:1:2782)","timestamp":"2025-12-31 12:53:52"}
{"level":"error","message":"An error occurred during the migration of Macro record [f4seowyhjSLdBpIw] of database \"daggerheart-extra-content.macros\":\nError: Documents from a core version newer than the running version cannot be migrated\n    at Function._migrateRecord (file:///C:/Users/rafam/Documents/Rol/Daggerheart/Greg%20Mach/DM%20Stuff/Foundry%20daggerheart/Foundry-daggerheart/Portable-FoundryVTT-v13.348/App/resources/app/dist/database/backend/server-document.mjs:1:3713)\n    at Function._migrateDocuments (file:///C:/Users/rafam/Documents/Rol/Daggerheart/Greg%20Mach/DM%20Stuff/Foundry%20daggerheart/Foundry-daggerheart/Portable-FoundryVTT-v13.348/App/resources/app/dist/database/backend/server-document.mjs:1:2782)","timestamp":"2025-12-31 12:53:52"}
{"level":"error","message":"An error occurred during the migration of Macro record [lCYBPohT8hPPOpeK] of database \"daggerheart-extra-content.macros\":\nError: Documents from a core version newer than the running version cannot be migrated\n    at Function._migrateRecord (file:///C:/Users/rafam/Documents/Rol/Daggerheart/Greg%20Mach/DM%20Stuff/Foundry%20daggerheart/Foundry-daggerheart/Portable-FoundryVTT-v13.348/App/resources/app/dist/database/backend/server-document.mjs:1:3713)\n    at Function._migrateDocuments (file:///C:/Users/rafam/Documents/Rol/Daggerheart/Greg%20Mach/DM%20Stuff/Foundry%20daggerheart/Foundry-daggerheart/Portable-FoundryVTT-v13.348/App/resources/app/dist/database/backend/server-document.mjs:1:2782)","timestamp":"2025-12-31 12:53:52"}
{"level":"error","message":"An error occurred during the migration of Macro record [mu2CD5fN0NvxcqYl] of database \"daggerheart-extra-content.macros\":\nError: Documents from a core version newer than the running version cannot be migrated\n    at Function._migrateRecord (file:///C:/Users/rafam/Documents/Rol/Daggerheart/Greg%20Mach/DM%20Stuff/Foundry%20daggerheart/Foundry-daggerheart/Portable-FoundryVTT-v13.348/App/resources/app/dist/database/backend/server-document.mjs:1:3713)\n    at Function._migrateDocuments (file:///C:/Users/rafam/Documents/Rol/Daggerheart/Greg%20Mach/DM%20Stuff/Foundry%20daggerheart/Foundry-daggerheart/Portable-FoundryVTT-v13.348/App/resources/app/dist/database/backend/server-document.mjs:1:2782)","timestamp":"2025-12-31 12:53:52"}
{"level":"error","message":"An error occurred during the migration of Macro record [zWi79s5QqaZnMMtX] of database \"daggerheart-extra-content.macros\":\nError: Documents from a core version newer than the running version cannot be migrated\n    at Function._migrateRecord (file:///C:/Users/rafam/Documents/Rol/Daggerheart/Greg%20Mach/DM%20Stuff/Foundry%20daggerheart/Foundry-daggerheart/Portable-FoundryVTT-v13.348/App/resources/app/dist/database/backend/server-document.mjs:1:3713)\n    at Function._migrateDocuments (file:///C:/Users/rafam/Documents/Rol/Daggerheart/Greg%20Mach/DM%20Stuff/Foundry%20daggerheart/Foundry-daggerheart/Portable-FoundryVTT-v13.348/App/resources/app/dist/database/backend/server-document.mjs:1:2782)","timestamp":"2025-12-31 12:53:52"}
{"level":"warn","message":"Database daggerheart-extra-content.macros was not fully migrated due to errors during migration.","timestamp":"2025-12-31 12:53:52"}
{"level":"info","message":"Launching World | Migrating Package Data - 44%","timestamp":"2025-12-31 12:53:52"}
{"level":"info","message":"Launching World | Migrating Package Data - 47%","timestamp":"2025-12-31 12:53:52"}
{"level":"info","message":"Launching World | Migrating Package Data - 50%","timestamp":"2025-12-31 12:53:52"}
{"level":"info","message":"Launching World | Migrating Package Data - 53%","timestamp":"2025-12-31 12:53:52"}
{"level":"info","message":"Launching World | Migrating Package Data - 56%","timestamp":"2025-12-31 12:53:52"}
{"level":"error","message":"An error occurred during the migration of Actor record [2owady11IfU1vset] of database \"daggerheart-extra-content.more-adversaries\":\nError: Documents from a core version newer than the running version cannot be migrated\n    at Function._migrateRecord (file:///C:/Users/rafam/Documents/Rol/Daggerheart/Greg%20Mach/DM%20Stuff/Foundry%20daggerheart/Foundry-daggerheart/Portable-FoundryVTT-v13.348/App/resources/app/dist/database/backend/server-document.mjs:1:3713)\n    at Function._migrateDocuments (file:///C:/Users/rafam/Documents/Rol/Daggerheart/Greg%20Mach/DM%20Stuff/Foundry%20daggerheart/Foundry-daggerheart/Portable-FoundryVTT-v13.348/App/resources/app/dist/database/backend/server-document.mjs:1:2782)","timestamp":"2025-12-31 12:53:52"}
{"level":"error","message":"An error occurred during the migration of Actor record [3wZn34orKgheuXnE] of database \"daggerheart-extra-content.more-adversaries\":\nError: Documents from a core version newer than the running version cannot be migrated\n    at Function._migrateRecord (file:///C:/Users/rafam/Documents/Rol/Daggerheart/Greg%20Mach/DM%20Stuff/Foundry%20daggerheart/Foundry-daggerheart/Portable-FoundryVTT-v13.348/App/resources/app/dist/database/backend/server-document.mjs:1:3713)\n    at Function._migrateDocuments (file:///C:/Users/rafam/Documents/Rol/Daggerheart/Greg%20Mach/DM%20Stuff/Foundry%20daggerheart/Foundry-daggerheart/Portable-FoundryVTT-v13.348/App/resources/app/dist/database/backend/server-document.mjs:1:2782)","timestamp":"2025-12-31 12:53:52"}
{"level":"error","message":"An error occurred during the migration of Actor record [4GkDrUgRyp9FHTAN] of database \"daggerheart-extra-content.more-adversaries\":\nError: Documents from a core version newer than the running version cannot be migrated\n    at Function._migrateRecord (file:///C:/Users/rafam/Documents/Rol/Daggerheart/Greg%20Mach/DM%20Stuff/Foundry%20daggerheart/Foundry-daggerheart/Portable-FoundryVTT-v13.348/App/resources/app/dist/database/backend/server-document.mjs:1:3713)\n    at Function._migrateDocuments (file:///C:/Users/rafam/Documents/Rol/Daggerheart/Greg%20Mach/DM%20Stuff/Foundry%20daggerheart/Foundry-daggerheart/Portable-FoundryVTT-v13.348/App/resources/app/dist/database/backend/server-document.mjs:1:2782)","timestamp":"2025-12-31 12:53:52"}
{"level":"error","message":"An error occurred during the migration of Actor record [6wxPxm4joQnoIjdX] of database \"daggerheart-extra-content.more-adversaries\":\nError: Documents from a core version newer than the running version cannot be migrated\n    at Function._migrateRecord (file:///C:/Users/rafam/Documents/Rol/Daggerheart/Greg%20Mach/DM%20Stuff/Foundry%20daggerheart/Foundry-daggerheart/Portable-FoundryVTT-v13.348/App/resources/app/dist/database/backend/server-document.mjs:1:3713)\n    at Function._migrateDocuments (file:///C:/Users/rafam/Documents/Rol/Daggerheart/Greg%20Mach/DM%20Stuff/Foundry%20daggerheart/Foundry-daggerheart/Portable-FoundryVTT-v13.348/App/resources/app/dist/database/backend/server-document.mjs:1:2782)","timestamp":"2025-12-31 12:53:52"}
{"level":"error","message":"An error occurred during the migration of Actor record [CBjyTRc9xNjmDAM4] of database \"daggerheart-extra-content.more-adversaries\":\nError: Documents from a core version newer than the running version cannot be migrated\n    at Function._migrateRecord (file:///C:/Users/rafam/Documents/Rol/Daggerheart/Greg%20Mach/DM%20Stuff/Foundry%20daggerheart/Foundry-daggerheart/Portable-FoundryVTT-v13.348/App/resources/app/dist/database/backend/server-document.mjs:1:3713)\n    at Function._migrateDocuments (file:///C:/Users/rafam/Documents/Rol/Daggerheart/Greg%20Mach/DM%20Stuff/Foundry%20daggerheart/Foundry-daggerheart/Portable-FoundryVTT-v13.348/App/resources/app/dist/database/backend/server-document.mjs:1:2782)","timestamp":"2025-12-31 12:53:52"}
{"level":"error","message":"An error occurred during the migration of Actor record [D2mYxxduZN4h55cD] of database \"daggerheart-extra-content.more-adversaries\":\nError: Documents from a core version newer than the running version cannot be migrated\n    at Function._migrateRecord (file:///C:/Users/rafam/Documents/Rol/Daggerheart/Greg%20Mach/DM%20Stuff/Foundry%20daggerheart/Foundry-daggerheart/Portable-FoundryVTT-v13.348/App/resources/app/dist/database/backend/server-document.mjs:1:3713)\n    at Function._migrateDocuments (file:///C:/Users/rafam/Documents/Rol/Daggerheart/Greg%20Mach/DM%20Stuff/Foundry%20daggerheart/Foundry-daggerheart/Portable-FoundryVTT-v13.348/App/resources/app/dist/database/backend/server-document.mjs:1:2782)","timestamp":"2025-12-31 12:53:52"}
{"level":"error","message":"An error occurred during the migration of Actor record [GZeCYbWDzYS2iCF9] of database \"daggerheart-extra-content.more-adversaries\":\nError: Documents from a core version newer than the running version cannot be migrated\n    at Function._migrateRecord (file:///C:/Users/rafam/Documents/Rol/Daggerheart/Greg%20Mach/DM%20Stuff/Foundry%20daggerheart/Foundry-daggerheart/Portable-FoundryVTT-v13.348/App/resources/app/dist/database/backend/server-document.mjs:1:3713)\n    at Function._migrateDocuments (file:///C:/Users/rafam/Documents/Rol/Daggerheart/Greg%20Mach/DM%20Stuff/Foundry%20daggerheart/Foundry-daggerheart/Portable-FoundryVTT-v13.348/App/resources/app/dist/database/backend/server-document.mjs:1:2782)","timestamp":"2025-12-31 12:53:52"}
{"level":"error","message":"An error occurred during the migration of Actor record [HFoDDFrRRoLOx6rS] of database \"daggerheart-extra-content.more-adversaries\":\nError: Documents from a core version newer than the running version cannot be migrated\n    at Function._migrateRecord (file:///C:/Users/rafam/Documents/Rol/Daggerheart/Greg%20Mach/DM%20Stuff/Foundry%20daggerheart/Foundry-daggerheart/Portable-FoundryVTT-v13.348/App/resources/app/dist/database/backend/server-document.mjs:1:3713)\n    at Function._migrateDocuments (file:///C:/Users/rafam/Documents/Rol/Daggerheart/Greg%20Mach/DM%20Stuff/Foundry%20daggerheart/Foundry-daggerheart/Portable-FoundryVTT-v13.348/App/resources/app/dist/database/backend/server-document.mjs:1:2782)","timestamp":"2025-12-31 12:53:52"}
{"level":"error","message":"An error occurred during the migration of Actor record [Je6XBGhfDKSY3DEk] of database \"daggerheart-extra-content.more-adversaries\":\nError: Documents from a core version newer than the running version cannot be migrated\n    at Function._migrateRecord (file:///C:/Users/rafam/Documents/Rol/Daggerheart/Greg%20Mach/DM%20Stuff/Foundry%20daggerheart/Foundry-daggerheart/Portable-FoundryVTT-v13.348/App/resources/app/dist/database/backend/server-document.mjs:1:3713)\n    at Function._migrateDocuments (file:///C:/Users/rafam/Documents/Rol/Daggerheart/Greg%20Mach/DM%20Stuff/Foundry%20daggerheart/Foundry-daggerheart/Portable-FoundryVTT-v13.348/App/resources/app/dist/database/backend/server-document.mjs:1:2782)","timestamp":"2025-12-31 12:53:52"}
{"level":"error","message":"An error occurred during the migration of Actor record [RIpmM1hiW9aRSlR5] of database \"daggerheart-extra-content.more-adversaries\":\nError: Documents from a core version newer than the running version cannot be migrated\n    at Function._migrateRecord (file:///C:/Users/rafam/Documents/Rol/Daggerheart/Greg%20Mach/DM%20Stuff/Foundry%20daggerheart/Foundry-daggerheart/Portable-FoundryVTT-v13.348/App/resources/app/dist/database/backend/server-document.mjs:1:3713)\n    at Function._migrateDocuments (file:///C:/Users/rafam/Documents/Rol/Daggerheart/Greg%20Mach/DM%20Stuff/Foundry%20daggerheart/Foundry-daggerheart/Portable-FoundryVTT-v13.348/App/resources/app/dist/database/backend/server-document.mjs:1:2782)","timestamp":"2025-12-31 12:53:52"}
{"level":"error","message":"An error occurred during the migration of Actor record [RlIaKDY410J1Braw] of database \"daggerheart-extra-content.more-adversaries\":\nError: Documents from a core version newer than the running version cannot be migrated\n    at Function._migrateRecord (file:///C:/Users/rafam/Documents/Rol/Daggerheart/Greg%20Mach/DM%20Stuff/Foundry%20daggerheart/Foundry-daggerheart/Portable-FoundryVTT-v13.348/App/resources/app/dist/database/backend/server-document.mjs:1:3713)\n    at Function._migrateDocuments (file:///C:/Users/rafam/Documents/Rol/Daggerheart/Greg%20Mach/DM%20Stuff/Foundry%20daggerheart/Foundry-daggerheart/Portable-FoundryVTT-v13.348/App/resources/app/dist/database/backend/server-document.mjs:1:2782)","timestamp":"2025-12-31 12:53:52"}
{"level":"error","message":"An error occurred during the migration of Actor record [Uu7RvfCQnjz6CNhI] of database \"daggerheart-extra-content.more-adversaries\":\nError: Documents from a core version newer than the running version cannot be migrated\n    at Function._migrateRecord (file:///C:/Users/rafam/Documents/Rol/Daggerheart/Greg%20Mach/DM%20Stuff/Foundry%20daggerheart/Foundry-daggerheart/Portable-FoundryVTT-v13.348/App/resources/app/dist/database/backend/server-document.mjs:1:3713)\n    at Function._migrateDocuments (file:///C:/Users/rafam/Documents/Rol/Daggerheart/Greg%20Mach/DM%20Stuff/Foundry%20daggerheart/Foundry-daggerheart/Portable-FoundryVTT-v13.348/App/resources/app/dist/database/backend/server-document.mjs:1:2782)","timestamp":"2025-12-31 12:53:52"}
{"level":"error","message":"An error occurred during the migration of Actor record [dz7P6qQlXyDH34fj] of database \"daggerheart-extra-content.more-adversaries\":\nError: Documents from a core version newer than the running version cannot be migrated\n    at Function._migrateRecord (file:///C:/Users/rafam/Documents/Rol/Daggerheart/Greg%20Mach/DM%20Stuff/Foundry%20daggerheart/Foundry-daggerheart/Portable-FoundryVTT-v13.348/App/resources/app/dist/database/backend/server-document.mjs:1:3713)\n    at Function._migrateDocuments (file:///C:/Users/rafam/Documents/Rol/Daggerheart/Greg%20Mach/DM%20Stuff/Foundry%20daggerheart/Foundry-daggerheart/Portable-FoundryVTT-v13.348/App/resources/app/dist/database/backend/server-document.mjs:1:2782)","timestamp":"2025-12-31 12:53:52"}
{"level":"error","message":"An error occurred during the migration of Actor record [eQ87jrVECayfpio3] of database \"daggerheart-extra-content.more-adversaries\":\nError: Documents from a core version newer than the running version cannot be migrated\n    at Function._migrateRecord (file:///C:/Users/rafam/Documents/Rol/Daggerheart/Greg%20Mach/DM%20Stuff/Foundry%20daggerheart/Foundry-daggerheart/Portable-FoundryVTT-v13.348/App/resources/app/dist/database/backend/server-document.mjs:1:3713)\n    at Function._migrateDocuments (file:///C:/Users/rafam/Documents/Rol/Daggerheart/Greg%20Mach/DM%20Stuff/Foundry%20daggerheart/Foundry-daggerheart/Portable-FoundryVTT-v13.348/App/resources/app/dist/database/backend/server-document.mjs:1:2782)","timestamp":"2025-12-31 12:53:52"}
{"level":"error","message":"An error occurred during the migration of Actor record [f7a0iCjxLOcnoOry] of database \"daggerheart-extra-content.more-adversaries\":\nError: Documents from a core version newer than the running version cannot be migrated\n    at Function._migrateRecord (file:///C:/Users/rafam/Documents/Rol/Daggerheart/Greg%20Mach/DM%20Stuff/Foundry%20daggerheart/Foundry-daggerheart/Portable-FoundryVTT-v13.348/App/resources/app/dist/database/backend/server-document.mjs:1:3713)\n    at Function._migrateDocuments (file:///C:/Users/rafam/Documents/Rol/Daggerheart/Greg%20Mach/DM%20Stuff/Foundry%20daggerheart/Foundry-daggerheart/Portable-FoundryVTT-v13.348/App/resources/app/dist/database/backend/server-document.mjs:1:2782)","timestamp":"2025-12-31 12:53:52"}
{"level":"error","message":"An error occurred during the migration of Actor record [j0ncG4oNxG6c7CoZ] of database \"daggerheart-extra-content.more-adversaries\":\nError: Documents from a core version newer than the running version cannot be migrated\n    at Function._migrateRecord (file:///C:/Users/rafam/Documents/Rol/Daggerheart/Greg%20Mach/DM%20Stuff/Foundry%20daggerheart/Foundry-daggerheart/Portable-FoundryVTT-v13.348/App/resources/app/dist/database/backend/server-document.mjs:1:3713)\n    at Function._migrateDocuments (file:///C:/Users/rafam/Documents/Rol/Daggerheart/Greg%20Mach/DM%20Stuff/Foundry%20daggerheart/Foundry-daggerheart/Portable-FoundryVTT-v13.348/App/resources/app/dist/database/backend/server-document.mjs:1:2782)","timestamp":"2025-12-31 12:53:52"}
{"level":"error","message":"An error occurred during the migration of Actor record [n7SBEHvb48tFamKO] of database \"daggerheart-extra-content.more-adversaries\":\nError: Documents from a core version newer than the running version cannot be migrated\n    at Function._migrateRecord (file:///C:/Users/rafam/Documents/Rol/Daggerheart/Greg%20Mach/DM%20Stuff/Foundry%20daggerheart/Foundry-daggerheart/Portable-FoundryVTT-v13.348/App/resources/app/dist/database/backend/server-document.mjs:1:3713)\n    at Function._migrateDocuments (file:///C:/Users/rafam/Documents/Rol/Daggerheart/Greg%20Mach/DM%20Stuff/Foundry%20daggerheart/Foundry-daggerheart/Portable-FoundryVTT-v13.348/App/resources/app/dist/database/backend/server-document.mjs:1:2782)","timestamp":"2025-12-31 12:53:52"}
{"level":"error","message":"An error occurred during the migration of Actor record [p7LYTbyuPUNisLQ5] of database \"daggerheart-extra-content.more-adversaries\":\nError: Documents from a core version newer than the running version cannot be migrated\n    at Function._migrateRecord (file:///C:/Users/rafam/Documents/Rol/Daggerheart/Greg%20Mach/DM%20Stuff/Foundry%20daggerheart/Foundry-daggerheart/Portable-FoundryVTT-v13.348/App/resources/app/dist/database/backend/server-document.mjs:1:3713)\n    at Function._migrateDocuments (file:///C:/Users/rafam/Documents/Rol/Daggerheart/Greg%20Mach/DM%20Stuff/Foundry%20daggerheart/Foundry-daggerheart/Portable-FoundryVTT-v13.348/App/resources/app/dist/database/backend/server-document.mjs:1:2782)","timestamp":"2025-12-31 12:53:52"}
{"level":"error","message":"An error occurred during the migration of Actor record [pCEWxOqd7C0B9DxO] of database \"daggerheart-extra-content.more-adversaries\":\nError: Documents from a core version newer than the running version cannot be migrated\n    at Function._migrateRecord (file:///C:/Users/rafam/Documents/Rol/Daggerheart/Greg%20Mach/DM%20Stuff/Foundry%20daggerheart/Foundry-daggerheart/Portable-FoundryVTT-v13.348/App/resources/app/dist/database/backend/server-document.mjs:1:3713)\n    at Function._migrateDocuments (file:///C:/Users/rafam/Documents/Rol/Daggerheart/Greg%20Mach/DM%20Stuff/Foundry%20daggerheart/Foundry-daggerheart/Portable-FoundryVTT-v13.348/App/resources/app/dist/database/backend/server-document.mjs:1:2782)","timestamp":"2025-12-31 12:53:52"}
{"level":"error","message":"An error occurred during the migration of Actor record [pCkMBn3zgF4WA1zz] of database \"daggerheart-extra-content.more-adversaries\":\nError: Documents from a core version newer than the running version cannot be migrated\n    at Function._migrateRecord (file:///C:/Users/rafam/Documents/Rol/Daggerheart/Greg%20Mach/DM%20Stuff/Foundry%20daggerheart/Foundry-daggerheart/Portable-FoundryVTT-v13.348/App/resources/app/dist/database/backend/server-document.mjs:1:3713)\n    at Function._migrateDocuments (file:///C:/Users/rafam/Documents/Rol/Daggerheart/Greg%20Mach/DM%20Stuff/Foundry%20daggerheart/Foundry-daggerheart/Portable-FoundryVTT-v13.348/App/resources/app/dist/database/backend/server-document.mjs:1:2782)","timestamp":"2025-12-31 12:53:52"}
{"level":"error","message":"An error occurred during the migration of Actor record [sEtsUW24RgFB83TQ] of database \"daggerheart-extra-content.more-adversaries\":\nError: Documents from a core version newer than the running version cannot be migrated\n    at Function._migrateRecord (file:///C:/Users/rafam/Documents/Rol/Daggerheart/Greg%20Mach/DM%20Stuff/Foundry%20daggerheart/Foundry-daggerheart/Portable-FoundryVTT-v13.348/App/resources/app/dist/database/backend/server-document.mjs:1:3713)\n    at Function._migrateDocuments (file:///C:/Users/rafam/Documents/Rol/Daggerheart/Greg%20Mach/DM%20Stuff/Foundry%20daggerheart/Foundry-daggerheart/Portable-FoundryVTT-v13.348/App/resources/app/dist/database/backend/server-document.mjs:1:2782)","timestamp":"2025-12-31 12:53:52"}
{"level":"error","message":"An error occurred during the migration of Actor record [sKqhR4Gzsc953DBq] of database \"daggerheart-extra-content.more-adversaries\":\nError: Documents from a core version newer than the running version cannot be migrated\n    at Function._migrateRecord (file:///C:/Users/rafam/Documents/Rol/Daggerheart/Greg%20Mach/DM%20Stuff/Foundry%20daggerheart/Foundry-daggerheart/Portable-FoundryVTT-v13.348/App/resources/app/dist/database/backend/server-document.mjs:1:3713)\n    at Function._migrateDocuments (file:///C:/Users/rafam/Documents/Rol/Daggerheart/Greg%20Mach/DM%20Stuff/Foundry%20daggerheart/Foundry-daggerheart/Portable-FoundryVTT-v13.348/App/resources/app/dist/database/backend/server-document.mjs:1:2782)","timestamp":"2025-12-31 12:53:52"}
{"level":"warn","message":"Database daggerheart-extra-content.more-adversaries was not fully migrated due to errors during migration.","timestamp":"2025-12-31 12:53:52"}
{"level":"info","message":"Launching World | Migrating Package Data - 58%","timestamp":"2025-12-31 12:53:52"}
{"level":"info","message":"Launching World | Migrating Package Data - 61%","timestamp":"2025-12-31 12:53:52"}
{"level":"info","message":"Launching World | Migrating Package Data - 64%","timestamp":"2025-12-31 12:53:52"}
{"level":"error","message":"An error occurred during the migration of Item record [04I86qVoEQ310sCR] of database \"daggerheart-extra-content.ancestry\":\nError: Documents from a core version newer than the running version cannot be migrated\n    at Function._migrateRecord (file:///C:/Users/rafam/Documents/Rol/Daggerheart/Greg%20Mach/DM%20Stuff/Foundry%20daggerheart/Foundry-daggerheart/Portable-FoundryVTT-v13.348/App/resources/app/dist/database/backend/server-document.mjs:1:3713)\n    at Function._migrateDocuments (file:///C:/Users/rafam/Documents/Rol/Daggerheart/Greg%20Mach/DM%20Stuff/Foundry%20daggerheart/Foundry-daggerheart/Portable-FoundryVTT-v13.348/App/resources/app/dist/database/backend/server-document.mjs:1:2782)","timestamp":"2025-12-31 12:53:52"}
{"level":"error","message":"An error occurred during the migration of Item record [2zyMaehKcKOEGM4E] of database \"daggerheart-extra-content.ancestry\":\nError: Documents from a core version newer than the running version cannot be migrated\n    at Function._migrateRecord (file:///C:/Users/rafam/Documents/Rol/Daggerheart/Greg%20Mach/DM%20Stuff/Foundry%20daggerheart/Foundry-daggerheart/Portable-FoundryVTT-v13.348/App/resources/app/dist/database/backend/server-document.mjs:1:3713)\n    at Function._migrateDocuments (file:///C:/Users/rafam/Documents/Rol/Daggerheart/Greg%20Mach/DM%20Stuff/Foundry%20daggerheart/Foundry-daggerheart/Portable-FoundryVTT-v13.348/App/resources/app/dist/database/backend/server-document.mjs:1:2782)","timestamp":"2025-12-31 12:53:52"}
{"level":"error","message":"An error occurred during the migration of Item record [Fc3hqveUPZNSVSk7] of database \"daggerheart-extra-content.ancestry\":\nError: Documents from a core version newer than the running version cannot be migrated\n    at Function._migrateRecord (file:///C:/Users/rafam/Documents/Rol/Daggerheart/Greg%20Mach/DM%20Stuff/Foundry%20daggerheart/Foundry-daggerheart/Portable-FoundryVTT-v13.348/App/resources/app/dist/database/backend/server-document.mjs:1:3713)\n    at Function._migrateDocuments (file:///C:/Users/rafam/Documents/Rol/Daggerheart/Greg%20Mach/DM%20Stuff/Foundry%20daggerheart/Foundry-daggerheart/Portable-FoundryVTT-v13.348/App/resources/app/dist/database/backend/server-document.mjs:1:2782)","timestamp":"2025-12-31 12:53:52"}
{"level":"error","message":"An error occurred during the migration of Item record [QbBbdOgrtxEIWQHB] of database \"daggerheart-extra-content.ancestry\":\nError: Documents from a core version newer than the running version cannot be migrated\n    at Function._migrateRecord (file:///C:/Users/rafam/Documents/Rol/Daggerheart/Greg%20Mach/DM%20Stuff/Foundry%20daggerheart/Foundry-daggerheart/Portable-FoundryVTT-v13.348/App/resources/app/dist/database/backend/server-document.mjs:1:3713)\n    at Function._migrateDocuments (file:///C:/Users/rafam/Documents/Rol/Daggerheart/Greg%20Mach/DM%20Stuff/Foundry%20daggerheart/Foundry-daggerheart/Portable-FoundryVTT-v13.348/App/resources/app/dist/database/backend/server-document.mjs:1:2782)","timestamp":"2025-12-31 12:53:52"}
{"level":"error","message":"An error occurred during the migration of Item record [WOHi9gvF8Ha10EnF] of database \"daggerheart-extra-content.ancestry\":\nError: Documents from a core version newer than the running version cannot be migrated\n    at Function._migrateRecord (file:///C:/Users/rafam/Documents/Rol/Daggerheart/Greg%20Mach/DM%20Stuff/Foundry%20daggerheart/Foundry-daggerheart/Portable-FoundryVTT-v13.348/App/resources/app/dist/database/backend/server-document.mjs:1:3713)\n    at Function._migrateDocuments (file:///C:/Users/rafam/Documents/Rol/Daggerheart/Greg%20Mach/DM%20Stuff/Foundry%20daggerheart/Foundry-daggerheart/Portable-FoundryVTT-v13.348/App/resources/app/dist/database/backend/server-document.mjs:1:2782)","timestamp":"2025-12-31 12:53:52"}
{"level":"error","message":"An error occurred during the migration of Item record [jP4n9wzq0wvfxULo] of database \"daggerheart-extra-content.ancestry\":\nError: Documents from a core version newer than the running version cannot be migrated\n    at Function._migrateRecord (file:///C:/Users/rafam/Documents/Rol/Daggerheart/Greg%20Mach/DM%20Stuff/Foundry%20daggerheart/Foundry-daggerheart/Portable-FoundryVTT-v13.348/App/resources/app/dist/database/backend/server-document.mjs:1:3713)\n    at Function._migrateDocuments (file:///C:/Users/rafam/Documents/Rol/Daggerheart/Greg%20Mach/DM%20Stuff/Foundry%20daggerheart/Foundry-daggerheart/Portable-FoundryVTT-v13.348/App/resources/app/dist/database/backend/server-document.mjs:1:2782)","timestamp":"2025-12-31 12:53:52"}
{"level":"error","message":"An error occurred during the migration of Item record [pjtNmhoBNxjrzRPk] of database \"daggerheart-extra-content.ancestry\":\nError: Documents from a core version newer than the running version cannot be migrated\n    at Function._migrateRecord (file:///C:/Users/rafam/Documents/Rol/Daggerheart/Greg%20Mach/DM%20Stuff/Foundry%20daggerheart/Foundry-daggerheart/Portable-FoundryVTT-v13.348/App/resources/app/dist/database/backend/server-document.mjs:1:3713)\n    at Function._migrateDocuments (file:///C:/Users/rafam/Documents/Rol/Daggerheart/Greg%20Mach/DM%20Stuff/Foundry%20daggerheart/Foundry-daggerheart/Portable-FoundryVTT-v13.348/App/resources/app/dist/database/backend/server-document.mjs:1:2782)","timestamp":"2025-12-31 12:53:52"}
{"level":"error","message":"An error occurred during the migration of Item record [vWfsYRjrKPUne2nZ] of database \"daggerheart-extra-content.ancestry\":\nError: Documents from a core version newer than the running version cannot be migrated\n    at Function._migrateRecord (file:///C:/Users/rafam/Documents/Rol/Daggerheart/Greg%20Mach/DM%20Stuff/Foundry%20daggerheart/Foundry-daggerheart/Portable-FoundryVTT-v13.348/App/resources/app/dist/database/backend/server-document.mjs:1:3713)\n    at Function._migrateDocuments (file:///C:/Users/rafam/Documents/Rol/Daggerheart/Greg%20Mach/DM%20Stuff/Foundry%20daggerheart/Foundry-daggerheart/Portable-FoundryVTT-v13.348/App/resources/app/dist/database/backend/server-document.mjs:1:2782)","timestamp":"2025-12-31 12:53:52"}
{"level":"error","message":"An error occurred during the migration of Item record [y4tOp4lUYpyC7YJW] of database \"daggerheart-extra-content.ancestry\":\nError: Documents from a core version newer than the running version cannot be migrated\n    at Function._migrateRecord (file:///C:/Users/rafam/Documents/Rol/Daggerheart/Greg%20Mach/DM%20Stuff/Foundry%20daggerheart/Foundry-daggerheart/Portable-FoundryVTT-v13.348/App/resources/app/dist/database/backend/server-document.mjs:1:3713)\n    at Function._migrateDocuments (file:///C:/Users/rafam/Documents/Rol/Daggerheart/Greg%20Mach/DM%20Stuff/Foundry%20daggerheart/Foundry-daggerheart/Portable-FoundryVTT-v13.348/App/resources/app/dist/database/backend/server-document.mjs:1:2782)","timestamp":"2025-12-31 12:53:52"}
{"level":"warn","message":"Database daggerheart-extra-content.ancestry was not fully migrated due to errors during migration.","timestamp":"2025-12-31 12:53:52"}
{"level":"info","message":"Launching World | Migrating Package Data - 67%","timestamp":"2025-12-31 12:53:52"}
{"level":"info","message":"Launching World | Migrating Package Data - 69%","timestamp":"2025-12-31 12:53:52"}
{"level":"error","message":"An error occurred during the migration of Item record [8D0NQR901j0Kx0zb] of database \"daggerheart-extra-content.classes\":\nError: Documents from a core version newer than the running version cannot be migrated\n    at Function._migrateRecord (file:///C:/Users/rafam/Documents/Rol/Daggerheart/Greg%20Mach/DM%20Stuff/Foundry%20daggerheart/Foundry-daggerheart/Portable-FoundryVTT-v13.348/App/resources/app/dist/database/backend/server-document.mjs:1:3713)\n    at Function._migrateDocuments (file:///C:/Users/rafam/Documents/Rol/Daggerheart/Greg%20Mach/DM%20Stuff/Foundry%20daggerheart/Foundry-daggerheart/Portable-FoundryVTT-v13.348/App/resources/app/dist/database/backend/server-document.mjs:1:2782)","timestamp":"2025-12-31 12:53:52"}
{"level":"error","message":"An error occurred during the migration of Item record [B90E3nk0uBeZpPw8] of database \"daggerheart-extra-content.classes\":\nError: Documents from a core version newer than the running version cannot be migrated\n    at Function._migrateRecord (file:///C:/Users/rafam/Documents/Rol/Daggerheart/Greg%20Mach/DM%20Stuff/Foundry%20daggerheart/Foundry-daggerheart/Portable-FoundryVTT-v13.348/App/resources/app/dist/database/backend/server-document.mjs:1:3713)\n    at Function._migrateDocuments (file:///C:/Users/rafam/Documents/Rol/Daggerheart/Greg%20Mach/DM%20Stuff/Foundry%20daggerheart/Foundry-daggerheart/Portable-FoundryVTT-v13.348/App/resources/app/dist/database/backend/server-document.mjs:1:2782)","timestamp":"2025-12-31 12:53:52"}
{"level":"error","message":"An error occurred during the migration of Item record [E5d3CnR98vEXt8QS] of database \"daggerheart-extra-content.classes\":\nError: Documents from a core version newer than the running version cannot be migrated\n    at Function._migrateRecord (file:///C:/Users/rafam/Documents/Rol/Daggerheart/Greg%20Mach/DM%20Stuff/Foundry%20daggerheart/Foundry-daggerheart/Portable-FoundryVTT-v13.348/App/resources/app/dist/database/backend/server-document.mjs:1:3713)\n    at Function._migrateDocuments (file:///C:/Users/rafam/Documents/Rol/Daggerheart/Greg%20Mach/DM%20Stuff/Foundry%20daggerheart/Foundry-daggerheart/Portable-FoundryVTT-v13.348/App/resources/app/dist/database/backend/server-document.mjs:1:2782)","timestamp":"2025-12-31 12:53:52"}
{"level":"error","message":"An error occurred during the migration of Item record [EcUepPeaFQz7tnme] of database \"daggerheart-extra-content.classes\":\nError: Documents from a core version newer than the running version cannot be migrated\n    at Function._migrateRecord (file:///C:/Users/rafam/Documents/Rol/Daggerheart/Greg%20Mach/DM%20Stuff/Foundry%20daggerheart/Foundry-daggerheart/Portable-FoundryVTT-v13.348/App/resources/app/dist/database/backend/server-document.mjs:1:3713)\n    at Function._migrateDocuments (file:///C:/Users/rafam/Documents/Rol/Daggerheart/Greg%20Mach/DM%20Stuff/Foundry%20daggerheart/Foundry-daggerheart/Portable-FoundryVTT-v13.348/App/resources/app/dist/database/backend/server-document.mjs:1:2782)","timestamp":"2025-12-31 12:53:52"}
{"level":"error","message":"An error occurred during the migration of Item record [MAT6l8tUvELiLK4L] of database \"daggerheart-extra-content.classes\":\nError: Documents from a core version newer than the running version cannot be migrated\n    at Function._migrateRecord (file:///C:/Users/rafam/Documents/Rol/Daggerheart/Greg%20Mach/DM%20Stuff/Foundry%20daggerheart/Foundry-daggerheart/Portable-FoundryVTT-v13.348/App/resources/app/dist/database/backend/server-document.mjs:1:3713)\n    at Function._migrateDocuments (file:///C:/Users/rafam/Documents/Rol/Daggerheart/Greg%20Mach/DM%20Stuff/Foundry%20daggerheart/Foundry-daggerheart/Portable-FoundryVTT-v13.348/App/resources/app/dist/database/backend/server-document.mjs:1:2782)","timestamp":"2025-12-31 12:53:52"}
{"level":"error","message":"An error occurred during the migration of Item record [N4mXcAWdpFYJdWZn] of database \"daggerheart-extra-content.classes\":\nError: Documents from a core version newer than the running version cannot be migrated\n    at Function._migrateRecord (file:///C:/Users/rafam/Documents/Rol/Daggerheart/Greg%20Mach/DM%20Stuff/Foundry%20daggerheart/Foundry-daggerheart/Portable-FoundryVTT-v13.348/App/resources/app/dist/database/backend/server-document.mjs:1:3713)\n    at Function._migrateDocuments (file:///C:/Users/rafam/Documents/Rol/Daggerheart/Greg%20Mach/DM%20Stuff/Foundry%20daggerheart/Foundry-daggerheart/Portable-FoundryVTT-v13.348/App/resources/app/dist/database/backend/server-document.mjs:1:2782)","timestamp":"2025-12-31 12:53:52"}
{"level":"error","message":"An error occurred during the migration of Item record [g01PAvRJsgiUHpnD] of database \"daggerheart-extra-content.classes\":\nError: Documents from a core version newer than the running version cannot be migrated\n    at Function._migrateRecord (file:///C:/Users/rafam/Documents/Rol/Daggerheart/Greg%20Mach/DM%20Stuff/Foundry%20daggerheart/Foundry-daggerheart/Portable-FoundryVTT-v13.348/App/resources/app/dist/database/backend/server-document.mjs:1:3713)\n    at Function._migrateDocuments (file:///C:/Users/rafam/Documents/Rol/Daggerheart/Greg%20Mach/DM%20Stuff/Foundry%20daggerheart/Foundry-daggerheart/Portable-FoundryVTT-v13.348/App/resources/app/dist/database/backend/server-document.mjs:1:2782)","timestamp":"2025-12-31 12:53:52"}
{"level":"error","message":"An error occurred during the migration of Item record [hXehaNaOdYzSJqxf] of database \"daggerheart-extra-content.classes\":\nError: Documents from a core version newer than the running version cannot be migrated\n    at Function._migrateRecord (file:///C:/Users/rafam/Documents/Rol/Daggerheart/Greg%20Mach/DM%20Stuff/Foundry%20daggerheart/Foundry-daggerheart/Portable-FoundryVTT-v13.348/App/resources/app/dist/database/backend/server-document.mjs:1:3713)\n    at Function._migrateDocuments (file:///C:/Users/rafam/Documents/Rol/Daggerheart/Greg%20Mach/DM%20Stuff/Foundry%20daggerheart/Foundry-daggerheart/Portable-FoundryVTT-v13.348/App/resources/app/dist/database/backend/server-document.mjs:1:2782)","timestamp":"2025-12-31 12:53:52"}
{"level":"error","message":"An error occurred during the migration of Item record [k4NTq8kIqQNNv9bl] of database \"daggerheart-extra-content.classes\":\nError: Documents from a core version newer than the running version cannot be migrated\n    at Function._migrateRecord (file:///C:/Users/rafam/Documents/Rol/Daggerheart/Greg%20Mach/DM%20Stuff/Foundry%20daggerheart/Foundry-daggerheart/Portable-FoundryVTT-v13.348/App/resources/app/dist/database/backend/server-document.mjs:1:3713)\n    at Function._migrateDocuments (file:///C:/Users/rafam/Documents/Rol/Daggerheart/Greg%20Mach/DM%20Stuff/Foundry%20daggerheart/Foundry-daggerheart/Portable-FoundryVTT-v13.348/App/resources/app/dist/database/backend/server-document.mjs:1:2782)","timestamp":"2025-12-31 12:53:52"}
{"level":"error","message":"An error occurred during the migration of Item record [m0xIb9uq6tlZdsoz] of database \"daggerheart-extra-content.classes\":\nError: Documents from a core version newer than the running version cannot be migrated\n    at Function._migrateRecord (file:///C:/Users/rafam/Documents/Rol/Daggerheart/Greg%20Mach/DM%20Stuff/Foundry%20daggerheart/Foundry-daggerheart/Portable-FoundryVTT-v13.348/App/resources/app/dist/database/backend/server-document.mjs:1:3713)\n    at Function._migrateDocuments (file:///C:/Users/rafam/Documents/Rol/Daggerheart/Greg%20Mach/DM%20Stuff/Foundry%20daggerheart/Foundry-daggerheart/Portable-FoundryVTT-v13.348/App/resources/app/dist/database/backend/server-document.mjs:1:2782)","timestamp":"2025-12-31 12:53:52"}
{"level":"error","message":"An error occurred during the migration of Item record [mYoYtle6DKA0UwQd] of database \"daggerheart-extra-content.classes\":\nError: Documents from a core version newer than the running version cannot be migrated\n    at Function._migrateRecord (file:///C:/Users/rafam/Documents/Rol/Daggerheart/Greg%20Mach/DM%20Stuff/Foundry%20daggerheart/Foundry-daggerheart/Portable-FoundryVTT-v13.348/App/resources/app/dist/database/backend/server-document.mjs:1:3713)\n    at Function._migrateDocuments (file:///C:/Users/rafam/Documents/Rol/Daggerheart/Greg%20Mach/DM%20Stuff/Foundry%20daggerheart/Foundry-daggerheart/Portable-FoundryVTT-v13.348/App/resources/app/dist/database/backend/server-document.mjs:1:2782)","timestamp":"2025-12-31 12:53:52"}
{"level":"error","message":"An error occurred during the migration of Item record [xGemeGMXhosaM22K] of database \"daggerheart-extra-content.classes\":\nError: Documents from a core version newer than the running version cannot be migrated\n    at Function._migrateRecord (file:///C:/Users/rafam/Documents/Rol/Daggerheart/Greg%20Mach/DM%20Stuff/Foundry%20daggerheart/Foundry-daggerheart/Portable-FoundryVTT-v13.348/App/resources/app/dist/database/backend/server-document.mjs:1:3713)\n    at Function._migrateDocuments (file:///C:/Users/rafam/Documents/Rol/Daggerheart/Greg%20Mach/DM%20Stuff/Foundry%20daggerheart/Foundry-daggerheart/Portable-FoundryVTT-v13.348/App/resources/app/dist/database/backend/server-document.mjs:1:2782)","timestamp":"2025-12-31 12:53:52"}
{"level":"error","message":"An error occurred during the migration of Item record [zzaKRTPuYEahfilp] of database \"daggerheart-extra-content.classes\":\nError: Documents from a core version newer than the running version cannot be migrated\n    at Function._migrateRecord (file:///C:/Users/rafam/Documents/Rol/Daggerheart/Greg%20Mach/DM%20Stuff/Foundry%20daggerheart/Foundry-daggerheart/Portable-FoundryVTT-v13.348/App/resources/app/dist/database/backend/server-document.mjs:1:3713)\n    at Function._migrateDocuments (file:///C:/Users/rafam/Documents/Rol/Daggerheart/Greg%20Mach/DM%20Stuff/Foundry%20daggerheart/Foundry-daggerheart/Portable-FoundryVTT-v13.348/App/resources/app/dist/database/backend/server-document.mjs:1:2782)","timestamp":"2025-12-31 12:53:52"}
{"level":"warn","message":"Database daggerheart-extra-content.classes was not fully migrated due to errors during migration.","timestamp":"2025-12-31 12:53:52"}
{"level":"info","message":"Launching World | Migrating Package Data - 72%","timestamp":"2025-12-31 12:53:52"}
{"level":"error","message":"An error occurred during the migration of Item record [0YAGrauVMvqpHUou] of database \"daggerheart-extra-content.subclasses\":\nError: Documents from a core version newer than the running version cannot be migrated\n    at Function._migrateRecord (file:///C:/Users/rafam/Documents/Rol/Daggerheart/Greg%20Mach/DM%20Stuff/Foundry%20daggerheart/Foundry-daggerheart/Portable-FoundryVTT-v13.348/App/resources/app/dist/database/backend/server-document.mjs:1:3713)\n    at Function._migrateDocuments (file:///C:/Users/rafam/Documents/Rol/Daggerheart/Greg%20Mach/DM%20Stuff/Foundry%20daggerheart/Foundry-daggerheart/Portable-FoundryVTT-v13.348/App/resources/app/dist/database/backend/server-document.mjs:1:2782)","timestamp":"2025-12-31 12:53:52"}
{"level":"error","message":"An error occurred during the migration of Item record [1vMdJBGISqJYzAA8] of database \"daggerheart-extra-content.subclasses\":\nError: Documents from a core version newer than the running version cannot be migrated\n    at Function._migrateRecord (file:///C:/Users/rafam/Documents/Rol/Daggerheart/Greg%20Mach/DM%20Stuff/Foundry%20daggerheart/Foundry-daggerheart/Portable-FoundryVTT-v13.348/App/resources/app/dist/database/backend/server-document.mjs:1:3713)\n    at Function._migrateDocuments (file:///C:/Users/rafam/Documents/Rol/Daggerheart/Greg%20Mach/DM%20Stuff/Foundry%20daggerheart/Foundry-daggerheart/Portable-FoundryVTT-v13.348/App/resources/app/dist/database/backend/server-document.mjs:1:2782)","timestamp":"2025-12-31 12:53:52"}
{"level":"error","message":"An error occurred during the migration of Item record [48oK5ke7KNhEoSBK] of database \"daggerheart-extra-content.subclasses\":\nError: Documents from a core version newer than the running version cannot be migrated\n    at Function._migrateRecord (file:///C:/Users/rafam/Documents/Rol/Daggerheart/Greg%20Mach/DM%20Stuff/Foundry%20daggerheart/Foundry-daggerheart/Portable-FoundryVTT-v13.348/App/resources/app/dist/database/backend/server-document.mjs:1:3713)\n    at Function._migrateDocuments (file:///C:/Users/rafam/Documents/Rol/Daggerheart/Greg%20Mach/DM%20Stuff/Foundry%20daggerheart/Foundry-daggerheart/Portable-FoundryVTT-v13.348/App/resources/app/dist/database/backend/server-document.mjs:1:2782)","timestamp":"2025-12-31 12:53:52"}
{"level":"error","message":"An error occurred during the migration of Item record [DeyoqbkHGP5Zm5bb] of database \"daggerheart-extra-content.subclasses\":\nError: Documents from a core version newer than the running version cannot be migrated\n    at Function._migrateRecord (file:///C:/Users/rafam/Documents/Rol/Daggerheart/Greg%20Mach/DM%20Stuff/Foundry%20daggerheart/Foundry-daggerheart/Portable-FoundryVTT-v13.348/App/resources/app/dist/database/backend/server-document.mjs:1:3713)\n    at Function._migrateDocuments (file:///C:/Users/rafam/Documents/Rol/Daggerheart/Greg%20Mach/DM%20Stuff/Foundry%20daggerheart/Foundry-daggerheart/Portable-FoundryVTT-v13.348/App/resources/app/dist/database/backend/server-document.mjs:1:2782)","timestamp":"2025-12-31 12:53:52"}
{"level":"error","message":"An error occurred during the migration of Item record [HQmOhlvOcO5GjiRG] of database \"daggerheart-extra-content.subclasses\":\nError: Documents from a core version newer than the running version cannot be migrated\n    at Function._migrateRecord (file:///C:/Users/rafam/Documents/Rol/Daggerheart/Greg%20Mach/DM%20Stuff/Foundry%20daggerheart/Foundry-daggerheart/Portable-FoundryVTT-v13.348/App/resources/app/dist/database/backend/server-document.mjs:1:3713)\n    at Function._migrateDocuments (file:///C:/Users/rafam/Documents/Rol/Daggerheart/Greg%20Mach/DM%20Stuff/Foundry%20daggerheart/Foundry-daggerheart/Portable-FoundryVTT-v13.348/App/resources/app/dist/database/backend/server-document.mjs:1:2782)","timestamp":"2025-12-31 12:53:52"}
{"level":"error","message":"An error occurred during the migration of Item record [LCqFlGKsObwYDIEm] of database \"daggerheart-extra-content.subclasses\":\nError: Documents from a core version newer than the running version cannot be migrated\n    at Function._migrateRecord (file:///C:/Users/rafam/Documents/Rol/Daggerheart/Greg%20Mach/DM%20Stuff/Foundry%20daggerheart/Foundry-daggerheart/Portable-FoundryVTT-v13.348/App/resources/app/dist/database/backend/server-document.mjs:1:3713)\n    at Function._migrateDocuments (file:///C:/Users/rafam/Documents/Rol/Daggerheart/Greg%20Mach/DM%20Stuff/Foundry%20daggerheart/Foundry-daggerheart/Portable-FoundryVTT-v13.348/App/resources/app/dist/database/backend/server-document.mjs:1:2782)","timestamp":"2025-12-31 12:53:52"}
{"level":"error","message":"An error occurred during the migration of Item record [ThjRka7o73hN3p0B] of database \"daggerheart-extra-content.subclasses\":\nError: Documents from a core version newer than the running version cannot be migrated\n    at Function._migrateRecord (file:///C:/Users/rafam/Documents/Rol/Daggerheart/Greg%20Mach/DM%20Stuff/Foundry%20daggerheart/Foundry-daggerheart/Portable-FoundryVTT-v13.348/App/resources/app/dist/database/backend/server-document.mjs:1:3713)\n    at Function._migrateDocuments (file:///C:/Users/rafam/Documents/Rol/Daggerheart/Greg%20Mach/DM%20Stuff/Foundry%20daggerheart/Foundry-daggerheart/Portable-FoundryVTT-v13.348/App/resources/app/dist/database/backend/server-document.mjs:1:2782)","timestamp":"2025-12-31 12:53:52"}
{"level":"error","message":"An error occurred during the migration of Item record [UOiFsix0pZrccp1y] of database \"daggerheart-extra-content.subclasses\":\nError: Documents from a core version newer than the running version cannot be migrated\n    at Function._migrateRecord (file:///C:/Users/rafam/Documents/Rol/Daggerheart/Greg%20Mach/DM%20Stuff/Foundry%20daggerheart/Foundry-daggerheart/Portable-FoundryVTT-v13.348/App/resources/app/dist/database/backend/server-document.mjs:1:3713)\n    at Function._migrateDocuments (file:///C:/Users/rafam/Documents/Rol/Daggerheart/Greg%20Mach/DM%20Stuff/Foundry%20daggerheart/Foundry-daggerheart/Portable-FoundryVTT-v13.348/App/resources/app/dist/database/backend/server-document.mjs:1:2782)","timestamp":"2025-12-31 12:53:52"}
{"level":"error","message":"An error occurred during the migration of Item record [YtPj46QA47slm76U] of database \"daggerheart-extra-content.subclasses\":\nError: Documents from a core version newer than the running version cannot be migrated\n    at Function._migrateRecord (file:///C:/Users/rafam/Documents/Rol/Daggerheart/Greg%20Mach/DM%20Stuff/Foundry%20daggerheart/Foundry-daggerheart/Portable-FoundryVTT-v13.348/App/resources/app/dist/database/backend/server-document.mjs:1:3713)\n    at Function._migrateDocuments (file:///C:/Users/rafam/Documents/Rol/Daggerheart/Greg%20Mach/DM%20Stuff/Foundry%20daggerheart/Foundry-daggerheart/Portable-FoundryVTT-v13.348/App/resources/app/dist/database/backend/server-document.mjs:1:2782)","timestamp":"2025-12-31 12:53:52"}
{"level":"error","message":"An error occurred during the migration of Item record [Z2oD6qtFjxzDYqWV] of database \"daggerheart-extra-content.subclasses\":\nError: Documents from a core version newer than the running version cannot be migrated\n    at Function._migrateRecord (file:///C:/Users/rafam/Documents/Rol/Daggerheart/Greg%20Mach/DM%20Stuff/Foundry%20daggerheart/Foundry-daggerheart/Portable-FoundryVTT-v13.348/App/resources/app/dist/database/backend/server-document.mjs:1:3713)\n    at Function._migrateDocuments (file:///C:/Users/rafam/Documents/Rol/Daggerheart/Greg%20Mach/DM%20Stuff/Foundry%20daggerheart/Foundry-daggerheart/Portable-FoundryVTT-v13.348/App/resources/app/dist/database/backend/server-document.mjs:1:2782)","timestamp":"2025-12-31 12:53:52"}
{"level":"error","message":"An error occurred during the migration of Item record [aKNaVPnQeDzCZl6w] of database \"daggerheart-extra-content.subclasses\":\nError: Documents from a core version newer than the running version cannot be migrated\n    at Function._migrateRecord (file:///C:/Users/rafam/Documents/Rol/Daggerheart/Greg%20Mach/DM%20Stuff/Foundry%20daggerheart/Foundry-daggerheart/Portable-FoundryVTT-v13.348/App/resources/app/dist/database/backend/server-document.mjs:1:3713)\n    at Function._migrateDocuments (file:///C:/Users/rafam/Documents/Rol/Daggerheart/Greg%20Mach/DM%20Stuff/Foundry%20daggerheart/Foundry-daggerheart/Portable-FoundryVTT-v13.348/App/resources/app/dist/database/backend/server-document.mjs:1:2782)","timestamp":"2025-12-31 12:53:52"}
{"level":"error","message":"An error occurred during the migration of Item record [bQMybQa340rpMCR8] of database \"daggerheart-extra-content.subclasses\":\nError: Documents from a core version newer than the running version cannot be migrated\n    at Function._migrateRecord (file:///C:/Users/rafam/Documents/Rol/Daggerheart/Greg%20Mach/DM%20Stuff/Foundry%20daggerheart/Foundry-daggerheart/Portable-FoundryVTT-v13.348/App/resources/app/dist/database/backend/server-document.mjs:1:3713)\n    at Function._migrateDocuments (file:///C:/Users/rafam/Documents/Rol/Daggerheart/Greg%20Mach/DM%20Stuff/Foundry%20daggerheart/Foundry-daggerheart/Portable-FoundryVTT-v13.348/App/resources/app/dist/database/backend/server-document.mjs:1:2782)","timestamp":"2025-12-31 12:53:52"}
{"level":"error","message":"An error occurred during the migration of Item record [eM46wwEPFHNI99sq] of database \"daggerheart-extra-content.subclasses\":\nError: Documents from a core version newer than the running version cannot be migrated\n    at Function._migrateRecord (file:///C:/Users/rafam/Documents/Rol/Daggerheart/Greg%20Mach/DM%20Stuff/Foundry%20daggerheart/Foundry-daggerheart/Portable-FoundryVTT-v13.348/App/resources/app/dist/database/backend/server-document.mjs:1:3713)\n    at Function._migrateDocuments (file:///C:/Users/rafam/Documents/Rol/Daggerheart/Greg%20Mach/DM%20Stuff/Foundry%20daggerheart/Foundry-daggerheart/Portable-FoundryVTT-v13.348/App/resources/app/dist/database/backend/server-document.mjs:1:2782)","timestamp":"2025-12-31 12:53:52"}
{"level":"error","message":"An error occurred during the migration of Item record [eQ8YQvNFJJnz9OqQ] of database \"daggerheart-extra-content.subclasses\":\nError: Documents from a core version newer than the running version cannot be migrated\n    at Function._migrateRecord (file:///C:/Users/rafam/Documents/Rol/Daggerheart/Greg%20Mach/DM%20Stuff/Foundry%20daggerheart/Foundry-daggerheart/Portable-FoundryVTT-v13.348/App/resources/app/dist/database/backend/server-document.mjs:1:3713)\n    at Function._migrateDocuments (file:///C:/Users/rafam/Documents/Rol/Daggerheart/Greg%20Mach/DM%20Stuff/Foundry%20daggerheart/Foundry-daggerheart/Portable-FoundryVTT-v13.348/App/resources/app/dist/database/backend/server-document.mjs:1:2782)","timestamp":"2025-12-31 12:53:52"}
{"level":"error","message":"An error occurred during the migration of Item record [hRIq3JkT9ZwZr5Qf] of database \"daggerheart-extra-content.subclasses\":\nError: Documents from a core version newer than the running version cannot be migrated\n    at Function._migrateRecord (file:///C:/Users/rafam/Documents/Rol/Daggerheart/Greg%20Mach/DM%20Stuff/Foundry%20daggerheart/Foundry-daggerheart/Portable-FoundryVTT-v13.348/App/resources/app/dist/database/backend/server-document.mjs:1:3713)\n    at Function._migrateDocuments (file:///C:/Users/rafam/Documents/Rol/Daggerheart/Greg%20Mach/DM%20Stuff/Foundry%20daggerheart/Foundry-daggerheart/Portable-FoundryVTT-v13.348/App/resources/app/dist/database/backend/server-document.mjs:1:2782)","timestamp":"2025-12-31 12:53:52"}
{"level":"error","message":"An error occurred during the migration of Item record [hZqlmZX7lIGN3auH] of database \"daggerheart-extra-content.subclasses\":\nError: Documents from a core version newer than the running version cannot be migrated\n    at Function._migrateRecord (file:///C:/Users/rafam/Documents/Rol/Daggerheart/Greg%20Mach/DM%20Stuff/Foundry%20daggerheart/Foundry-daggerheart/Portable-FoundryVTT-v13.348/App/resources/app/dist/database/backend/server-document.mjs:1:3713)\n    at Function._migrateDocuments (file:///C:/Users/rafam/Documents/Rol/Daggerheart/Greg%20Mach/DM%20Stuff/Foundry%20daggerheart/Foundry-daggerheart/Portable-FoundryVTT-v13.348/App/resources/app/dist/database/backend/server-document.mjs:1:2782)","timestamp":"2025-12-31 12:53:52"}
{"level":"error","message":"An error occurred during the migration of Item record [lwShv1Is6MN1zDor] of database \"daggerheart-extra-content.subclasses\":\nError: Documents from a core version newer than the running version cannot be migrated\n    at Function._migrateRecord (file:///C:/Users/rafam/Documents/Rol/Daggerheart/Greg%20Mach/DM%20Stuff/Foundry%20daggerheart/Foundry-daggerheart/Portable-FoundryVTT-v13.348/App/resources/app/dist/database/backend/server-document.mjs:1:3713)\n    at Function._migrateDocuments (file:///C:/Users/rafam/Documents/Rol/Daggerheart/Greg%20Mach/DM%20Stuff/Foundry%20daggerheart/Foundry-daggerheart/Portable-FoundryVTT-v13.348/App/resources/app/dist/database/backend/server-document.mjs:1:2782)","timestamp":"2025-12-31 12:53:52"}
{"level":"error","message":"An error occurred during the migration of Item record [oWFZxLUa6apOCBW6] of database \"daggerheart-extra-content.subclasses\":\nError: Documents from a core version newer than the running version cannot be migrated\n    at Function._migrateRecord (file:///C:/Users/rafam/Documents/Rol/Daggerheart/Greg%20Mach/DM%20Stuff/Foundry%20daggerheart/Foundry-daggerheart/Portable-FoundryVTT-v13.348/App/resources/app/dist/database/backend/server-document.mjs:1:3713)\n    at Function._migrateDocuments (file:///C:/Users/rafam/Documents/Rol/Daggerheart/Greg%20Mach/DM%20Stuff/Foundry%20daggerheart/Foundry-daggerheart/Portable-FoundryVTT-v13.348/App/resources/app/dist/database/backend/server-document.mjs:1:2782)","timestamp":"2025-12-31 12:53:52"}
{"level":"error","message":"An error occurred during the migration of Item record [uZZCmokDQbizjw1d] of database \"daggerheart-extra-content.subclasses\":\nError: Documents from a core version newer than the running version cannot be migrated\n    at Function._migrateRecord (file:///C:/Users/rafam/Documents/Rol/Daggerheart/Greg%20Mach/DM%20Stuff/Foundry%20daggerheart/Foundry-daggerheart/Portable-FoundryVTT-v13.348/App/resources/app/dist/database/backend/server-document.mjs:1:3713)\n    at Function._migrateDocuments (file:///C:/Users/rafam/Documents/Rol/Daggerheart/Greg%20Mach/DM%20Stuff/Foundry%20daggerheart/Foundry-daggerheart/Portable-FoundryVTT-v13.348/App/resources/app/dist/database/backend/server-document.mjs:1:2782)","timestamp":"2025-12-31 12:53:52"}
{"level":"error","message":"An error occurred during the migration of Item record [ytYGENKq8AtjYqTb] of database \"daggerheart-extra-content.subclasses\":\nError: Documents from a core version newer than the running version cannot be migrated\n    at Function._migrateRecord (file:///C:/Users/rafam/Documents/Rol/Daggerheart/Greg%20Mach/DM%20Stuff/Foundry%20daggerheart/Foundry-daggerheart/Portable-FoundryVTT-v13.348/App/resources/app/dist/database/backend/server-document.mjs:1:3713)\n    at Function._migrateDocuments (file:///C:/Users/rafam/Documents/Rol/Daggerheart/Greg%20Mach/DM%20Stuff/Foundry%20daggerheart/Foundry-daggerheart/Portable-FoundryVTT-v13.348/App/resources/app/dist/database/backend/server-document.mjs:1:2782)","timestamp":"2025-12-31 12:53:52"}
{"level":"warn","message":"Database daggerheart-extra-content.subclasses was not fully migrated due to errors during migration.","timestamp":"2025-12-31 12:53:52"}
{"level":"info","message":"Launching World | Migrating Package Data - 75%","timestamp":"2025-12-31 12:53:52"}
{"level":"error","message":"An error occurred during the migration of Item record [9X2envWaXGSWx82V] of database \"the-void-unofficial.classes\":\nError: Documents from a core version newer than the running version cannot be migrated\n    at Function._migrateRecord (file:///C:/Users/rafam/Documents/Rol/Daggerheart/Greg%20Mach/DM%20Stuff/Foundry%20daggerheart/Foundry-daggerheart/Portable-FoundryVTT-v13.348/App/resources/app/dist/database/backend/server-document.mjs:1:3713)\n    at Function._migrateDocuments (file:///C:/Users/rafam/Documents/Rol/Daggerheart/Greg%20Mach/DM%20Stuff/Foundry%20daggerheart/Foundry-daggerheart/Portable-FoundryVTT-v13.348/App/resources/app/dist/database/backend/server-document.mjs:1:2782)","timestamp":"2025-12-31 12:53:52"}
{"level":"error","message":"An error occurred during the migration of Item record [R0wYgWyPih4CpTE5] of database \"the-void-unofficial.classes\":\nError: Documents from a core version newer than the running version cannot be migrated\n    at Function._migrateRecord (file:///C:/Users/rafam/Documents/Rol/Daggerheart/Greg%20Mach/DM%20Stuff/Foundry%20daggerheart/Foundry-daggerheart/Portable-FoundryVTT-v13.348/App/resources/app/dist/database/backend/server-document.mjs:1:3713)\n    at Function._migrateDocuments (file:///C:/Users/rafam/Documents/Rol/Daggerheart/Greg%20Mach/DM%20Stuff/Foundry%20daggerheart/Foundry-daggerheart/Portable-FoundryVTT-v13.348/App/resources/app/dist/database/backend/server-document.mjs:1:2782)","timestamp":"2025-12-31 12:53:52"}
{"level":"error","message":"An error occurred during the migration of Item record [TGTBooD83OWXyQj1] of database \"the-void-unofficial.classes\":\nError: Documents from a core version newer than the running version cannot be migrated\n    at Function._migrateRecord (file:///C:/Users/rafam/Documents/Rol/Daggerheart/Greg%20Mach/DM%20Stuff/Foundry%20daggerheart/Foundry-daggerheart/Portable-FoundryVTT-v13.348/App/resources/app/dist/database/backend/server-document.mjs:1:3713)\n    at Function._migrateDocuments (file:///C:/Users/rafam/Documents/Rol/Daggerheart/Greg%20Mach/DM%20Stuff/Foundry%20daggerheart/Foundry-daggerheart/Portable-FoundryVTT-v13.348/App/resources/app/dist/database/backend/server-document.mjs:1:2782)","timestamp":"2025-12-31 12:53:52"}
{"level":"error","message":"An error occurred during the migration of Item record [gugHbXBWP24CFTJZ] of database \"the-void-unofficial.classes\":\nError: Documents from a core version newer than the running version cannot be migrated\n    at Function._migrateRecord (file:///C:/Users/rafam/Documents/Rol/Daggerheart/Greg%20Mach/DM%20Stuff/Foundry%20daggerheart/Foundry-daggerheart/Portable-FoundryVTT-v13.348/App/resources/app/dist/database/backend/server-document.mjs:1:3713)\n    at Function._migrateDocuments (file:///C:/Users/rafam/Documents/Rol/Daggerheart/Greg%20Mach/DM%20Stuff/Foundry%20daggerheart/Foundry-daggerheart/Portable-FoundryVTT-v13.348/App/resources/app/dist/database/backend/server-document.mjs:1:2782)","timestamp":"2025-12-31 12:53:52"}
{"level":"error","message":"An error occurred during the migration of Item record [m3CvI4nlskOu5jZS] of database \"the-void-unofficial.classes\":\nError: Documents from a core version newer than the running version cannot be migrated\n    at Function._migrateRecord (file:///C:/Users/rafam/Documents/Rol/Daggerheart/Greg%20Mach/DM%20Stuff/Foundry%20daggerheart/Foundry-daggerheart/Portable-FoundryVTT-v13.348/App/resources/app/dist/database/backend/server-document.mjs:1:3713)\n    at Function._migrateDocuments (file:///C:/Users/rafam/Documents/Rol/Daggerheart/Greg%20Mach/DM%20Stuff/Foundry%20daggerheart/Foundry-daggerheart/Portable-FoundryVTT-v13.348/App/resources/app/dist/database/backend/server-document.mjs:1:2782)","timestamp":"2025-12-31 12:53:52"}
{"level":"error","message":"An error occurred during the migration of Item record [otb0ThXWuqQzzWho] of database \"the-void-unofficial.classes\":\nError: Documents from a core version newer than the running version cannot be migrated\n    at Function._migrateRecord (file:///C:/Users/rafam/Documents/Rol/Daggerheart/Greg%20Mach/DM%20Stuff/Foundry%20daggerheart/Foundry-daggerheart/Portable-FoundryVTT-v13.348/App/resources/app/dist/database/backend/server-document.mjs:1:3713)\n    at Function._migrateDocuments (file:///C:/Users/rafam/Documents/Rol/Daggerheart/Greg%20Mach/DM%20Stuff/Foundry%20daggerheart/Foundry-daggerheart/Portable-FoundryVTT-v13.348/App/resources/app/dist/database/backend/server-document.mjs:1:2782)","timestamp":"2025-12-31 12:53:52"}
{"level":"error","message":"An error occurred during the migration of Item record [v5M0mxaTDJCyhAsR] of database \"the-void-unofficial.classes\":\nError: Documents from a core version newer than the running version cannot be migrated\n    at Function._migrateRecord (file:///C:/Users/rafam/Documents/Rol/Daggerheart/Greg%20Mach/DM%20Stuff/Foundry%20daggerheart/Foundry-daggerheart/Portable-FoundryVTT-v13.348/App/resources/app/dist/database/backend/server-document.mjs:1:3713)\n    at Function._migrateDocuments (file:///C:/Users/rafam/Documents/Rol/Daggerheart/Greg%20Mach/DM%20Stuff/Foundry%20daggerheart/Foundry-daggerheart/Portable-FoundryVTT-v13.348/App/resources/app/dist/database/backend/server-document.mjs:1:2782)","timestamp":"2025-12-31 12:53:52"}
{"level":"warn","message":"Database the-void-unofficial.classes was not fully migrated due to errors during migration.","timestamp":"2025-12-31 12:53:52"}
{"level":"info","message":"Launching World | Migrating Package Data - 78%","timestamp":"2025-12-31 12:53:52"}
{"level":"error","message":"An error occurred during the migration of Item record [1PPk39iarFpWylOi] of database \"the-void-unofficial.subclasses\":\nError: Documents from a core version newer than the running version cannot be migrated\n    at Function._migrateRecord (file:///C:/Users/rafam/Documents/Rol/Daggerheart/Greg%20Mach/DM%20Stuff/Foundry%20daggerheart/Foundry-daggerheart/Portable-FoundryVTT-v13.348/App/resources/app/dist/database/backend/server-document.mjs:1:3713)\n    at Function._migrateDocuments (file:///C:/Users/rafam/Documents/Rol/Daggerheart/Greg%20Mach/DM%20Stuff/Foundry%20daggerheart/Foundry-daggerheart/Portable-FoundryVTT-v13.348/App/resources/app/dist/database/backend/server-document.mjs:1:2782)","timestamp":"2025-12-31 12:53:52"}
{"level":"error","message":"An error occurred during the migration of Item record [4Jaekd41DdaPdWkw] of database \"the-void-unofficial.subclasses\":\nError: Documents from a core version newer than the running version cannot be migrated\n    at Function._migrateRecord (file:///C:/Users/rafam/Documents/Rol/Daggerheart/Greg%20Mach/DM%20Stuff/Foundry%20daggerheart/Foundry-daggerheart/Portable-FoundryVTT-v13.348/App/resources/app/dist/database/backend/server-document.mjs:1:3713)\n    at Function._migrateDocuments (file:///C:/Users/rafam/Documents/Rol/Daggerheart/Greg%20Mach/DM%20Stuff/Foundry%20daggerheart/Foundry-daggerheart/Portable-FoundryVTT-v13.348/App/resources/app/dist/database/backend/server-document.mjs:1:2782)","timestamp":"2025-12-31 12:53:52"}
{"level":"error","message":"An error occurred during the migration of Item record [8EGGJmnqPBs9CrO9] of database \"the-void-unofficial.subclasses\":\nError: Documents from a core version newer than the running version cannot be migrated\n    at Function._migrateRecord (file:///C:/Users/rafam/Documents/Rol/Daggerheart/Greg%20Mach/DM%20Stuff/Foundry%20daggerheart/Foundry-daggerheart/Portable-FoundryVTT-v13.348/App/resources/app/dist/database/backend/server-document.mjs:1:3713)\n    at Function._migrateDocuments (file:///C:/Users/rafam/Documents/Rol/Daggerheart/Greg%20Mach/DM%20Stuff/Foundry%20daggerheart/Foundry-daggerheart/Portable-FoundryVTT-v13.348/App/resources/app/dist/database/backend/server-document.mjs:1:2782)","timestamp":"2025-12-31 12:53:52"}
{"level":"error","message":"An error occurred during the migration of Item record [GXYbLE8fG6fmGvFE] of database \"the-void-unofficial.subclasses\":\nError: Documents from a core version newer than the running version cannot be migrated\n    at Function._migrateRecord (file:///C:/Users/rafam/Documents/Rol/Daggerheart/Greg%20Mach/DM%20Stuff/Foundry%20daggerheart/Foundry-daggerheart/Portable-FoundryVTT-v13.348/App/resources/app/dist/database/backend/server-document.mjs:1:3713)\n    at Function._migrateDocuments (file:///C:/Users/rafam/Documents/Rol/Daggerheart/Greg%20Mach/DM%20Stuff/Foundry%20daggerheart/Foundry-daggerheart/Portable-FoundryVTT-v13.348/App/resources/app/dist/database/backend/server-document.mjs:1:2782)","timestamp":"2025-12-31 12:53:52"}
{"level":"error","message":"An error occurred during the migration of Item record [H8iGhoEsLwbhmUjb] of database \"the-void-unofficial.subclasses\":\nError: Documents from a core version newer than the running version cannot be migrated\n    at Function._migrateRecord (file:///C:/Users/rafam/Documents/Rol/Daggerheart/Greg%20Mach/DM%20Stuff/Foundry%20daggerheart/Foundry-daggerheart/Portable-FoundryVTT-v13.348/App/resources/app/dist/database/backend/server-document.mjs:1:3713)\n    at Function._migrateDocuments (file:///C:/Users/rafam/Documents/Rol/Daggerheart/Greg%20Mach/DM%20Stuff/Foundry%20daggerheart/Foundry-daggerheart/Portable-FoundryVTT-v13.348/App/resources/app/dist/database/backend/server-document.mjs:1:2782)","timestamp":"2025-12-31 12:53:52"}
{"level":"error","message":"An error occurred during the migration of Item record [JIO4bvmWGH4tTXpQ] of database \"the-void-unofficial.subclasses\":\nError: Documents from a core version newer than the running version cannot be migrated\n    at Function._migrateRecord (file:///C:/Users/rafam/Documents/Rol/Daggerheart/Greg%20Mach/DM%20Stuff/Foundry%20daggerheart/Foundry-daggerheart/Portable-FoundryVTT-v13.348/App/resources/app/dist/database/backend/server-document.mjs:1:3713)\n    at Function._migrateDocuments (file:///C:/Users/rafam/Documents/Rol/Daggerheart/Greg%20Mach/DM%20Stuff/Foundry%20daggerheart/Foundry-daggerheart/Portable-FoundryVTT-v13.348/App/resources/app/dist/database/backend/server-document.mjs:1:2782)","timestamp":"2025-12-31 12:53:52"}
{"level":"error","message":"An error occurred during the migration of Item record [JWlQd6XSBB22ASBs] of database \"the-void-unofficial.subclasses\":\nError: Documents from a core version newer than the running version cannot be migrated\n    at Function._migrateRecord (file:///C:/Users/rafam/Documents/Rol/Daggerheart/Greg%20Mach/DM%20Stuff/Foundry%20daggerheart/Foundry-daggerheart/Portable-FoundryVTT-v13.348/App/resources/app/dist/database/backend/server-document.mjs:1:3713)\n    at Function._migrateDocuments (file:///C:/Users/rafam/Documents/Rol/Daggerheart/Greg%20Mach/DM%20Stuff/Foundry%20daggerheart/Foundry-daggerheart/Portable-FoundryVTT-v13.348/App/resources/app/dist/database/backend/server-document.mjs:1:2782)","timestamp":"2025-12-31 12:53:52"}
{"level":"error","message":"An error occurred during the migration of Item record [JiPSjjjWxSbnoQRe] of database \"the-void-unofficial.subclasses\":\nError: Documents from a core version newer than the running version cannot be migrated\n    at Function._migrateRecord (file:///C:/Users/rafam/Documents/Rol/Daggerheart/Greg%20Mach/DM%20Stuff/Foundry%20daggerheart/Foundry-daggerheart/Portable-FoundryVTT-v13.348/App/resources/app/dist/database/backend/server-document.mjs:1:3713)\n    at Function._migrateDocuments (file:///C:/Users/rafam/Documents/Rol/Daggerheart/Greg%20Mach/DM%20Stuff/Foundry%20daggerheart/Foundry-daggerheart/Portable-FoundryVTT-v13.348/App/resources/app/dist/database/backend/server-document.mjs:1:2782)","timestamp":"2025-12-31 12:53:52"}
{"level":"error","message":"An error occurred during the migration of Item record [XeSsopeDDreSRv5A] of database \"the-void-unofficial.subclasses\":\nError: Documents from a core version newer than the running version cannot be migrated\n    at Function._migrateRecord (file:///C:/Users/rafam/Documents/Rol/Daggerheart/Greg%20Mach/DM%20Stuff/Foundry%20daggerheart/Foundry-daggerheart/Portable-FoundryVTT-v13.348/App/resources/app/dist/database/backend/server-document.mjs:1:3713)\n    at Function._migrateDocuments (file:///C:/Users/rafam/Documents/Rol/Daggerheart/Greg%20Mach/DM%20Stuff/Foundry%20daggerheart/Foundry-daggerheart/Portable-FoundryVTT-v13.348/App/resources/app/dist/database/backend/server-document.mjs:1:2782)","timestamp":"2025-12-31 12:53:52"}
{"level":"error","message":"An error occurred during the migration of Item record [YN38IzjqW5paIy92] of database \"the-void-unofficial.subclasses\":\nError: Documents from a core version newer than the running version cannot be migrated\n    at Function._migrateRecord (file:///C:/Users/rafam/Documents/Rol/Daggerheart/Greg%20Mach/DM%20Stuff/Foundry%20daggerheart/Foundry-daggerheart/Portable-FoundryVTT-v13.348/App/resources/app/dist/database/backend/server-document.mjs:1:3713)\n    at Function._migrateDocuments (file:///C:/Users/rafam/Documents/Rol/Daggerheart/Greg%20Mach/DM%20Stuff/Foundry%20daggerheart/Foundry-daggerheart/Portable-FoundryVTT-v13.348/App/resources/app/dist/database/backend/server-document.mjs:1:2782)","timestamp":"2025-12-31 12:53:52"}
{"level":"error","message":"An error occurred during the migration of Item record [ZYdJamwMgRsiG733] of database \"the-void-unofficial.subclasses\":\nError: Documents from a core version newer than the running version cannot be migrated\n    at Function._migrateRecord (file:///C:/Users/rafam/Documents/Rol/Daggerheart/Greg%20Mach/DM%20Stuff/Foundry%20daggerheart/Foundry-daggerheart/Portable-FoundryVTT-v13.348/App/resources/app/dist/database/backend/server-document.mjs:1:3713)\n    at Function._migrateDocuments (file:///C:/Users/rafam/Documents/Rol/Daggerheart/Greg%20Mach/DM%20Stuff/Foundry%20daggerheart/Foundry-daggerheart/Portable-FoundryVTT-v13.348/App/resources/app/dist/database/backend/server-document.mjs:1:2782)","timestamp":"2025-12-31 12:53:52"}
{"level":"error","message":"An error occurred during the migration of Item record [aFtWBHgUBxsCptI2] of database \"the-void-unofficial.subclasses\":\nError: Documents from a core version newer than the running version cannot be migrated\n    at Function._migrateRecord (file:///C:/Users/rafam/Documents/Rol/Daggerheart/Greg%20Mach/DM%20Stuff/Foundry%20daggerheart/Foundry-daggerheart/Portable-FoundryVTT-v13.348/App/resources/app/dist/database/backend/server-document.mjs:1:3713)\n    at Function._migrateDocuments (file:///C:/Users/rafam/Documents/Rol/Daggerheart/Greg%20Mach/DM%20Stuff/Foundry%20daggerheart/Foundry-daggerheart/Portable-FoundryVTT-v13.348/App/resources/app/dist/database/backend/server-document.mjs:1:2782)","timestamp":"2025-12-31 12:53:52"}
{"level":"error","message":"An error occurred during the migration of Item record [h0PlfOo87vjMIR2n] of database \"the-void-unofficial.subclasses\":\nError: Documents from a core version newer than the running version cannot be migrated\n    at Function._migrateRecord (file:///C:/Users/rafam/Documents/Rol/Daggerheart/Greg%20Mach/DM%20Stuff/Foundry%20daggerheart/Foundry-daggerheart/Portable-FoundryVTT-v13.348/App/resources/app/dist/database/backend/server-document.mjs:1:3713)\n    at Function._migrateDocuments (file:///C:/Users/rafam/Documents/Rol/Daggerheart/Greg%20Mach/DM%20Stuff/Foundry%20daggerheart/Foundry-daggerheart/Portable-FoundryVTT-v13.348/App/resources/app/dist/database/backend/server-document.mjs:1:2782)","timestamp":"2025-12-31 12:53:52"}
{"level":"error","message":"An error occurred during the migration of Item record [h3bzYGrnwkKQBJ6d] of database \"the-void-unofficial.subclasses\":\nError: Documents from a core version newer than the running version cannot be migrated\n    at Function._migrateRecord (file:///C:/Users/rafam/Documents/Rol/Daggerheart/Greg%20Mach/DM%20Stuff/Foundry%20daggerheart/Foundry-daggerheart/Portable-FoundryVTT-v13.348/App/resources/app/dist/database/backend/server-document.mjs:1:3713)\n    at Function._migrateDocuments (file:///C:/Users/rafam/Documents/Rol/Daggerheart/Greg%20Mach/DM%20Stuff/Foundry%20daggerheart/Foundry-daggerheart/Portable-FoundryVTT-v13.348/App/resources/app/dist/database/backend/server-document.mjs:1:2782)","timestamp":"2025-12-31 12:53:52"}
{"level":"error","message":"An error occurred during the migration of Item record [mRNqGokQNZEK8GSP] of database \"the-void-unofficial.subclasses\":\nError: Documents from a core version newer than the running version cannot be migrated\n    at Function._migrateRecord (file:///C:/Users/rafam/Documents/Rol/Daggerheart/Greg%20Mach/DM%20Stuff/Foundry%20daggerheart/Foundry-daggerheart/Portable-FoundryVTT-v13.348/App/resources/app/dist/database/backend/server-document.mjs:1:3713)\n    at Function._migrateDocuments (file:///C:/Users/rafam/Documents/Rol/Daggerheart/Greg%20Mach/DM%20Stuff/Foundry%20daggerheart/Foundry-daggerheart/Portable-FoundryVTT-v13.348/App/resources/app/dist/database/backend/server-document.mjs:1:2782)","timestamp":"2025-12-31 12:53:52"}
{"level":"error","message":"An error occurred during the migration of Item record [sajwdoQ5JVzqeqsj] of database \"the-void-unofficial.subclasses\":\nError: Documents from a core version newer than the running version cannot be migrated\n    at Function._migrateRecord (file:///C:/Users/rafam/Documents/Rol/Daggerheart/Greg%20Mach/DM%20Stuff/Foundry%20daggerheart/Foundry-daggerheart/Portable-FoundryVTT-v13.348/App/resources/app/dist/database/backend/server-document.mjs:1:3713)\n    at Function._migrateDocuments (file:///C:/Users/rafam/Documents/Rol/Daggerheart/Greg%20Mach/DM%20Stuff/Foundry%20daggerheart/Foundry-daggerheart/Portable-FoundryVTT-v13.348/App/resources/app/dist/database/backend/server-document.mjs:1:2782)","timestamp":"2025-12-31 12:53:52"}
{"level":"error","message":"An error occurred during the migration of Item record [ulURXMXGHT33vnD9] of database \"the-void-unofficial.subclasses\":\nError: Documents from a core version newer than the running version cannot be migrated\n    at Function._migrateRecord (file:///C:/Users/rafam/Documents/Rol/Daggerheart/Greg%20Mach/DM%20Stuff/Foundry%20daggerheart/Foundry-daggerheart/Portable-FoundryVTT-v13.348/App/resources/app/dist/database/backend/server-document.mjs:1:3713)\n    at Function._migrateDocuments (file:///C:/Users/rafam/Documents/Rol/Daggerheart/Greg%20Mach/DM%20Stuff/Foundry%20daggerheart/Foundry-daggerheart/Portable-FoundryVTT-v13.348/App/resources/app/dist/database/backend/server-document.mjs:1:2782)","timestamp":"2025-12-31 12:53:52"}
{"level":"error","message":"An error occurred during the migration of Item record [zkpNSVJfpnR0InYL] of database \"the-void-unofficial.subclasses\":\nError: Documents from a core version newer than the running version cannot be migrated\n    at Function._migrateRecord (file:///C:/Users/rafam/Documents/Rol/Daggerheart/Greg%20Mach/DM%20Stuff/Foundry%20daggerheart/Foundry-daggerheart/Portable-FoundryVTT-v13.348/App/resources/app/dist/database/backend/server-document.mjs:1:3713)\n    at Function._migrateDocuments (file:///C:/Users/rafam/Documents/Rol/Daggerheart/Greg%20Mach/DM%20Stuff/Foundry%20daggerheart/Foundry-daggerheart/Portable-FoundryVTT-v13.348/App/resources/app/dist/database/backend/server-document.mjs:1:2782)","timestamp":"2025-12-31 12:53:52"}
{"level":"warn","message":"Database the-void-unofficial.subclasses was not fully migrated due to errors during migration.","timestamp":"2025-12-31 12:53:52"}
{"level":"info","message":"Launching World | Migrating Package Data - 81%","timestamp":"2025-12-31 12:53:52"}
{"level":"info","message":"Launching World | Migrating Package Data - 83%","timestamp":"2025-12-31 12:53:52"}
{"level":"info","message":"Launching World | Migrating Package Data - 86%","timestamp":"2025-12-31 12:53:52"}
{"level":"error","message":"An error occurred during the migration of Item record [0NoQWqYOiPdXdUhQ] of database \"the-void-unofficial.domains\":\nError: Documents from a core version newer than the running version cannot be migrated\n    at Function._migrateRecord (file:///C:/Users/rafam/Documents/Rol/Daggerheart/Greg%20Mach/DM%20Stuff/Foundry%20daggerheart/Foundry-daggerheart/Portable-FoundryVTT-v13.348/App/resources/app/dist/database/backend/server-document.mjs:1:3713)\n    at Function._migrateDocuments (file:///C:/Users/rafam/Documents/Rol/Daggerheart/Greg%20Mach/DM%20Stuff/Foundry%20daggerheart/Foundry-daggerheart/Portable-FoundryVTT-v13.348/App/resources/app/dist/database/backend/server-document.mjs:1:2782)","timestamp":"2025-12-31 12:53:52"}
{"level":"error","message":"An error occurred during the migration of Item record [176CHYdrz550TiEa] of database \"the-void-unofficial.domains\":\nError: Documents from a core version newer than the running version cannot be migrated\n    at Function._migrateRecord (file:///C:/Users/rafam/Documents/Rol/Daggerheart/Greg%20Mach/DM%20Stuff/Foundry%20daggerheart/Foundry-daggerheart/Portable-FoundryVTT-v13.348/App/resources/app/dist/database/backend/server-document.mjs:1:3713)\n    at Function._migrateDocuments (file:///C:/Users/rafam/Documents/Rol/Daggerheart/Greg%20Mach/DM%20Stuff/Foundry%20daggerheart/Foundry-daggerheart/Portable-FoundryVTT-v13.348/App/resources/app/dist/database/backend/server-document.mjs:1:2782)","timestamp":"2025-12-31 12:53:52"}
{"level":"error","message":"An error occurred during the migration of Item record [65NWcF4RSZgyJXFt] of database \"the-void-unofficial.domains\":\nError: Documents from a core version newer than the running version cannot be migrated\n    at Function._migrateRecord (file:///C:/Users/rafam/Documents/Rol/Daggerheart/Greg%20Mach/DM%20Stuff/Foundry%20daggerheart/Foundry-daggerheart/Portable-FoundryVTT-v13.348/App/resources/app/dist/database/backend/server-document.mjs:1:3713)\n    at Function._migrateDocuments (file:///C:/Users/rafam/Documents/Rol/Daggerheart/Greg%20Mach/DM%20Stuff/Foundry%20daggerheart/Foundry-daggerheart/Portable-FoundryVTT-v13.348/App/resources/app/dist/database/backend/server-document.mjs:1:2782)","timestamp":"2025-12-31 12:53:52"}
{"level":"error","message":"An error occurred during the migration of Item record [88xwPHpicN5uBo0f] of database \"the-void-unofficial.domains\":\nError: Documents from a core version newer than the running version cannot be migrated\n    at Function._migrateRecord (file:///C:/Users/rafam/Documents/Rol/Daggerheart/Greg%20Mach/DM%20Stuff/Foundry%20daggerheart/Foundry-daggerheart/Portable-FoundryVTT-v13.348/App/resources/app/dist/database/backend/server-document.mjs:1:3713)\n    at Function._migrateDocuments (file:///C:/Users/rafam/Documents/Rol/Daggerheart/Greg%20Mach/DM%20Stuff/Foundry%20daggerheart/Foundry-daggerheart/Portable-FoundryVTT-v13.348/App/resources/app/dist/database/backend/server-document.mjs:1:2782)","timestamp":"2025-12-31 12:53:52"}
{"level":"error","message":"An error occurred during the migration of Item record [9wxJJpH25cxmtx5W] of database \"the-void-unofficial.domains\":\nError: Documents from a core version newer than the running version cannot be migrated\n    at Function._migrateRecord (file:///C:/Users/rafam/Documents/Rol/Daggerheart/Greg%20Mach/DM%20Stuff/Foundry%20daggerheart/Foundry-daggerheart/Portable-FoundryVTT-v13.348/App/resources/app/dist/database/backend/server-document.mjs:1:3713)\n    at Function._migrateDocuments (file:///C:/Users/rafam/Documents/Rol/Daggerheart/Greg%20Mach/DM%20Stuff/Foundry%20daggerheart/Foundry-daggerheart/Portable-FoundryVTT-v13.348/App/resources/app/dist/database/backend/server-document.mjs:1:2782)","timestamp":"2025-12-31 12:53:52"}
{"level":"error","message":"An error occurred during the migration of Item record [BFkzJkWY4HejN4WR] of database \"the-void-unofficial.domains\":\nError: Documents from a core version newer than the running version cannot be migrated\n    at Function._migrateRecord (file:///C:/Users/rafam/Documents/Rol/Daggerheart/Greg%20Mach/DM%20Stuff/Foundry%20daggerheart/Foundry-daggerheart/Portable-FoundryVTT-v13.348/App/resources/app/dist/database/backend/server-document.mjs:1:3713)\n    at Function._migrateDocuments (file:///C:/Users/rafam/Documents/Rol/Daggerheart/Greg%20Mach/DM%20Stuff/Foundry%20daggerheart/Foundry-daggerheart/Portable-FoundryVTT-v13.348/App/resources/app/dist/database/backend/server-document.mjs:1:2782)","timestamp":"2025-12-31 12:53:52"}
{"level":"error","message":"An error occurred during the migration of Item record [BQF5xVKRVQdhGAf8] of database \"the-void-unofficial.domains\":\nError: Documents from a core version newer than the running version cannot be migrated\n    at Function._migrateRecord (file:///C:/Users/rafam/Documents/Rol/Daggerheart/Greg%20Mach/DM%20Stuff/Foundry%20daggerheart/Foundry-daggerheart/Portable-FoundryVTT-v13.348/App/resources/app/dist/database/backend/server-document.mjs:1:3713)\n    at Function._migrateDocuments (file:///C:/Users/rafam/Documents/Rol/Daggerheart/Greg%20Mach/DM%20Stuff/Foundry%20daggerheart/Foundry-daggerheart/Portable-FoundryVTT-v13.348/App/resources/app/dist/database/backend/server-document.mjs:1:2782)","timestamp":"2025-12-31 12:53:52"}
{"level":"error","message":"An error occurred during the migration of Item record [BctVkNUWYL5Eww2k] of database \"the-void-unofficial.domains\":\nError: Documents from a core version newer than the running version cannot be migrated\n    at Function._migrateRecord (file:///C:/Users/rafam/Documents/Rol/Daggerheart/Greg%20Mach/DM%20Stuff/Foundry%20daggerheart/Foundry-daggerheart/Portable-FoundryVTT-v13.348/App/resources/app/dist/database/backend/server-document.mjs:1:3713)\n    at Function._migrateDocuments (file:///C:/Users/rafam/Documents/Rol/Daggerheart/Greg%20Mach/DM%20Stuff/Foundry%20daggerheart/Foundry-daggerheart/Portable-FoundryVTT-v13.348/App/resources/app/dist/database/backend/server-document.mjs:1:2782)","timestamp":"2025-12-31 12:53:52"}
{"level":"error","message":"An error occurred during the migration of Item record [CQbmQH1Xqr1BjLWW] of database \"the-void-unofficial.domains\":\nError: Documents from a core version newer than the running version cannot be migrated\n    at Function._migrateRecord (file:///C:/Users/rafam/Documents/Rol/Daggerheart/Greg%20Mach/DM%20Stuff/Foundry%20daggerheart/Foundry-daggerheart/Portable-FoundryVTT-v13.348/App/resources/app/dist/database/backend/server-document.mjs:1:3713)\n    at Function._migrateDocuments (file:///C:/Users/rafam/Documents/Rol/Daggerheart/Greg%20Mach/DM%20Stuff/Foundry%20daggerheart/Foundry-daggerheart/Portable-FoundryVTT-v13.348/App/resources/app/dist/database/backend/server-document.mjs:1:2782)","timestamp":"2025-12-31 12:53:52"}
{"level":"error","message":"An error occurred during the migration of Item record [Du7UHRd0CweyuXil] of database \"the-void-unofficial.domains\":\nError: Documents from a core version newer than the running version cannot be migrated\n    at Function._migrateRecord (file:///C:/Users/rafam/Documents/Rol/Daggerheart/Greg%20Mach/DM%20Stuff/Foundry%20daggerheart/Foundry-daggerheart/Portable-FoundryVTT-v13.348/App/resources/app/dist/database/backend/server-document.mjs:1:3713)\n    at Function._migrateDocuments (file:///C:/Users/rafam/Documents/Rol/Daggerheart/Greg%20Mach/DM%20Stuff/Foundry%20daggerheart/Foundry-daggerheart/Portable-FoundryVTT-v13.348/App/resources/app/dist/database/backend/server-document.mjs:1:2782)","timestamp":"2025-12-31 12:53:52"}
{"level":"error","message":"An error occurred during the migration of Item record [LOPtjnPVjWQEzrZx] of database \"the-void-unofficial.domains\":\nError: Documents from a core version newer than the running version cannot be migrated\n    at Function._migrateRecord (file:///C:/Users/rafam/Documents/Rol/Daggerheart/Greg%20Mach/DM%20Stuff/Foundry%20daggerheart/Foundry-daggerheart/Portable-FoundryVTT-v13.348/App/resources/app/dist/database/backend/server-document.mjs:1:3713)\n    at Function._migrateDocuments (file:///C:/Users/rafam/Documents/Rol/Daggerheart/Greg%20Mach/DM%20Stuff/Foundry%20daggerheart/Foundry-daggerheart/Portable-FoundryVTT-v13.348/App/resources/app/dist/database/backend/server-document.mjs:1:2782)","timestamp":"2025-12-31 12:53:52"}
{"level":"error","message":"An error occurred during the migration of Item record [Q3RpYwdlDyCQPJHr] of database \"the-void-unofficial.domains\":\nError: Documents from a core version newer than the running version cannot be migrated\n    at Function._migrateRecord (file:///C:/Users/rafam/Documents/Rol/Daggerheart/Greg%20Mach/DM%20Stuff/Foundry%20daggerheart/Foundry-daggerheart/Portable-FoundryVTT-v13.348/App/resources/app/dist/database/backend/server-document.mjs:1:3713)\n    at Function._migrateDocuments (file:///C:/Users/rafam/Documents/Rol/Daggerheart/Greg%20Mach/DM%20Stuff/Foundry%20daggerheart/Foundry-daggerheart/Portable-FoundryVTT-v13.348/App/resources/app/dist/database/backend/server-document.mjs:1:2782)","timestamp":"2025-12-31 12:53:52"}
{"level":"error","message":"An error occurred during the migration of Item record [WAUpMdW2TD8KVusi] of database \"the-void-unofficial.domains\":\nError: Documents from a core version newer than the running version cannot be migrated\n    at Function._migrateRecord (file:///C:/Users/rafam/Documents/Rol/Daggerheart/Greg%20Mach/DM%20Stuff/Foundry%20daggerheart/Foundry-daggerheart/Portable-FoundryVTT-v13.348/App/resources/app/dist/database/backend/server-document.mjs:1:3713)\n    at Function._migrateDocuments (file:///C:/Users/rafam/Documents/Rol/Daggerheart/Greg%20Mach/DM%20Stuff/Foundry%20daggerheart/Foundry-daggerheart/Portable-FoundryVTT-v13.348/App/resources/app/dist/database/backend/server-document.mjs:1:2782)","timestamp":"2025-12-31 12:53:52"}
{"level":"error","message":"An error occurred during the migration of Item record [XGDsPevKx3P1mdpH] of database \"the-void-unofficial.domains\":\nError: Documents from a core version newer than the running version cannot be migrated\n    at Function._migrateRecord (file:///C:/Users/rafam/Documents/Rol/Daggerheart/Greg%20Mach/DM%20Stuff/Foundry%20daggerheart/Foundry-daggerheart/Portable-FoundryVTT-v13.348/App/resources/app/dist/database/backend/server-document.mjs:1:3713)\n    at Function._migrateDocuments (file:///C:/Users/rafam/Documents/Rol/Daggerheart/Greg%20Mach/DM%20Stuff/Foundry%20daggerheart/Foundry-daggerheart/Portable-FoundryVTT-v13.348/App/resources/app/dist/database/backend/server-document.mjs:1:2782)","timestamp":"2025-12-31 12:53:52"}
{"level":"error","message":"An error occurred during the migration of Item record [cOFRHlxyTtRlbumc] of database \"the-void-unofficial.domains\":\nError: Documents from a core version newer than the running version cannot be migrated\n    at Function._migrateRecord (file:///C:/Users/rafam/Documents/Rol/Daggerheart/Greg%20Mach/DM%20Stuff/Foundry%20daggerheart/Foundry-daggerheart/Portable-FoundryVTT-v13.348/App/resources/app/dist/database/backend/server-document.mjs:1:3713)\n    at Function._migrateDocuments (file:///C:/Users/rafam/Documents/Rol/Daggerheart/Greg%20Mach/DM%20Stuff/Foundry%20daggerheart/Foundry-daggerheart/Portable-FoundryVTT-v13.348/App/resources/app/dist/database/backend/server-document.mjs:1:2782)","timestamp":"2025-12-31 12:53:52"}
{"level":"error","message":"An error occurred during the migration of Item record [dVUQ7Rp9luM7Zekw] of database \"the-void-unofficial.domains\":\nError: Documents from a core version newer than the running version cannot be migrated\n    at Function._migrateRecord (file:///C:/Users/rafam/Documents/Rol/Daggerheart/Greg%20Mach/DM%20Stuff/Foundry%20daggerheart/Foundry-daggerheart/Portable-FoundryVTT-v13.348/App/resources/app/dist/database/backend/server-document.mjs:1:3713)\n    at Function._migrateDocuments (file:///C:/Users/rafam/Documents/Rol/Daggerheart/Greg%20Mach/DM%20Stuff/Foundry%20daggerheart/Foundry-daggerheart/Portable-FoundryVTT-v13.348/App/resources/app/dist/database/backend/server-document.mjs:1:2782)","timestamp":"2025-12-31 12:53:52"}
{"level":"error","message":"An error occurred during the migration of Item record [gSsxO2xiMxANuBIz] of database \"the-void-unofficial.domains\":\nError: Documents from a core version newer than the running version cannot be migrated\n    at Function._migrateRecord (file:///C:/Users/rafam/Documents/Rol/Daggerheart/Greg%20Mach/DM%20Stuff/Foundry%20daggerheart/Foundry-daggerheart/Portable-FoundryVTT-v13.348/App/resources/app/dist/database/backend/server-document.mjs:1:3713)\n    at Function._migrateDocuments (file:///C:/Users/rafam/Documents/Rol/Daggerheart/Greg%20Mach/DM%20Stuff/Foundry%20daggerheart/Foundry-daggerheart/Portable-FoundryVTT-v13.348/App/resources/app/dist/database/backend/server-document.mjs:1:2782)","timestamp":"2025-12-31 12:53:52"}
{"level":"error","message":"An error occurred during the migration of Item record [gaDhu9iAdChYFcm2] of database \"the-void-unofficial.domains\":\nError: Documents from a core version newer than the running version cannot be migrated\n    at Function._migrateRecord (file:///C:/Users/rafam/Documents/Rol/Daggerheart/Greg%20Mach/DM%20Stuff/Foundry%20daggerheart/Foundry-daggerheart/Portable-FoundryVTT-v13.348/App/resources/app/dist/database/backend/server-document.mjs:1:3713)\n    at Function._migrateDocuments (file:///C:/Users/rafam/Documents/Rol/Daggerheart/Greg%20Mach/DM%20Stuff/Foundry%20daggerheart/Foundry-daggerheart/Portable-FoundryVTT-v13.348/App/resources/app/dist/database/backend/server-document.mjs:1:2782)","timestamp":"2025-12-31 12:53:52"}
{"level":"error","message":"An error occurred during the migration of Item record [hmDOLwJEZlbuOKNT] of database \"the-void-unofficial.domains\":\nError: Documents from a core version newer than the running version cannot be migrated\n    at Function._migrateRecord (file:///C:/Users/rafam/Documents/Rol/Daggerheart/Greg%20Mach/DM%20Stuff/Foundry%20daggerheart/Foundry-daggerheart/Portable-FoundryVTT-v13.348/App/resources/app/dist/database/backend/server-document.mjs:1:3713)\n    at Function._migrateDocuments (file:///C:/Users/rafam/Documents/Rol/Daggerheart/Greg%20Mach/DM%20Stuff/Foundry%20daggerheart/Foundry-daggerheart/Portable-FoundryVTT-v13.348/App/resources/app/dist/database/backend/server-document.mjs:1:2782)","timestamp":"2025-12-31 12:53:52"}
{"level":"error","message":"An error occurred during the migration of Item record [lo8WVAuTWsAh6QBf] of database \"the-void-unofficial.domains\":\nError: Documents from a core version newer than the running version cannot be migrated\n    at Function._migrateRecord (file:///C:/Users/rafam/Documents/Rol/Daggerheart/Greg%20Mach/DM%20Stuff/Foundry%20daggerheart/Foundry-daggerheart/Portable-FoundryVTT-v13.348/App/resources/app/dist/database/backend/server-document.mjs:1:3713)\n    at Function._migrateDocuments (file:///C:/Users/rafam/Documents/Rol/Daggerheart/Greg%20Mach/DM%20Stuff/Foundry%20daggerheart/Foundry-daggerheart/Portable-FoundryVTT-v13.348/App/resources/app/dist/database/backend/server-document.mjs:1:2782)","timestamp":"2025-12-31 12:53:52"}
{"level":"error","message":"An error occurred during the migration of Item record [yGbgSMuL43quImEV] of database \"the-void-unofficial.domains\":\nError: Documents from a core version newer than the running version cannot be migrated\n    at Function._migrateRecord (file:///C:/Users/rafam/Documents/Rol/Daggerheart/Greg%20Mach/DM%20Stuff/Foundry%20daggerheart/Foundry-daggerheart/Portable-FoundryVTT-v13.348/App/resources/app/dist/database/backend/server-document.mjs:1:3713)\n    at Function._migrateDocuments (file:///C:/Users/rafam/Documents/Rol/Daggerheart/Greg%20Mach/DM%20Stuff/Foundry%20daggerheart/Foundry-daggerheart/Portable-FoundryVTT-v13.348/App/resources/app/dist/database/backend/server-document.mjs:1:2782)","timestamp":"2025-12-31 12:53:52"}
{"level":"warn","message":"Database the-void-unofficial.domains was not fully migrated due to errors during migration.","timestamp":"2025-12-31 12:53:52"}
{"level":"info","message":"Launching World | Migrating Package Data - 89%","timestamp":"2025-12-31 12:53:52"}
{"level":"info","message":"Launching World | Migrating Package Data - 92%","timestamp":"2025-12-31 12:53:52"}
{"level":"error","message":"An error occurred during the migration of Item record [cg2pnUEwJ7q4k28d] of database \"the-void-unofficial.weapons\":\nError: Documents from a core version newer than the running version cannot be migrated\n    at Function._migrateRecord (file:///C:/Users/rafam/Documents/Rol/Daggerheart/Greg%20Mach/DM%20Stuff/Foundry%20daggerheart/Foundry-daggerheart/Portable-FoundryVTT-v13.348/App/resources/app/dist/database/backend/server-document.mjs:1:3713)\n    at Function._migrateDocuments (file:///C:/Users/rafam/Documents/Rol/Daggerheart/Greg%20Mach/DM%20Stuff/Foundry%20daggerheart/Foundry-daggerheart/Portable-FoundryVTT-v13.348/App/resources/app/dist/database/backend/server-document.mjs:1:2782)","timestamp":"2025-12-31 12:53:52"}
{"level":"error","message":"An error occurred during the migration of Item record [lHFiIpH2lrBBaT4o] of database \"the-void-unofficial.weapons\":\nError: Documents from a core version newer than the running version cannot be migrated\n    at Function._migrateRecord (file:///C:/Users/rafam/Documents/Rol/Daggerheart/Greg%20Mach/DM%20Stuff/Foundry%20daggerheart/Foundry-daggerheart/Portable-FoundryVTT-v13.348/App/resources/app/dist/database/backend/server-document.mjs:1:3713)\n    at Function._migrateDocuments (file:///C:/Users/rafam/Documents/Rol/Daggerheart/Greg%20Mach/DM%20Stuff/Foundry%20daggerheart/Foundry-daggerheart/Portable-FoundryVTT-v13.348/App/resources/app/dist/database/backend/server-document.mjs:1:2782)","timestamp":"2025-12-31 12:53:52"}
{"level":"warn","message":"Database the-void-unofficial.weapons was not fully migrated due to errors during migration.","timestamp":"2025-12-31 12:53:52"}
{"level":"info","message":"Launching World | Migrating Package Data - 94%","timestamp":"2025-12-31 12:53:52"}
{"level":"info","message":"Launching World | Migrating Package Data - 97%","timestamp":"2025-12-31 12:53:52"}
{"level":"info","message":"Launching World | Migrating Package Data - 100%","timestamp":"2025-12-31 12:53:52"}
{"level":"info","message":"Launching World | Complete","timestamp":"2025-12-31 12:53:52"}
{"ip":"::1","level":"info","message":"User authentication successful for user Gamemaster","session":"359b9d4d9e4285050bde1e4e","timestamp":"2025-12-31 12:53:59"}
{"level":"info","message":"Daggerheart update 1.4.4 is now available!","timestamp":"2025-12-31 12:54:01"}
{"level":"info","message":"Vended World data to User [sjVrMusZqwSBFvXT] in 912ms","timestamp":"2025-12-31 12:54:01"}
{"level":"info","message":"Created ChatMessage with id [rvRP0yYpA5rDXQpH]","timestamp":"2025-12-31 12:54:06"}
{"level":"info","message":"Created User with id [9BSrd5hz74gPsor2]","timestamp":"2025-12-31 12:54:21"}
{"level":"info","message":"Daggerheart update 1.4.4 is now available!","timestamp":"2025-12-31 12:54:50"}
{"level":"info","message":"Vended World data to User [sjVrMusZqwSBFvXT] in 479ms","timestamp":"2025-12-31 12:54:50"}
{"level":"info","message":"Created ChatMessage with id [OwVzgYohv21Ct01s]","timestamp":"2025-12-31 12:54:53"}
{"level":"info","message":"Connected to database \"actors\"","timestamp":"2025-12-31 12:55:05"}
{"level":"info","message":"Launching World | Loading World Data - 7%","timestamp":"2025-12-31 12:55:05"}
{"level":"info","message":"Connected to database \"cards\"","timestamp":"2025-12-31 12:55:05"}
{"level":"info","message":"Launching World | Loading World Data - 14%","timestamp":"2025-12-31 12:55:06"}
{"level":"info","message":"Connected to database \"messages\"","timestamp":"2025-12-31 12:55:06"}
{"level":"info","message":"Launching World | Loading World Data - 21%","timestamp":"2025-12-31 12:55:06"}
{"level":"info","message":"Connected to database \"combats\"","timestamp":"2025-12-31 12:55:06"}
{"level":"info","message":"Launching World | Loading World Data - 29%","timestamp":"2025-12-31 12:55:06"}
{"level":"info","message":"Connected to database \"fog\"","timestamp":"2025-12-31 12:55:06"}
{"level":"info","message":"Launching World | Loading World Data - 36%","timestamp":"2025-12-31 12:55:06"}
{"level":"info","message":"Connected to database \"folders\"","timestamp":"2025-12-31 12:55:06"}
{"level":"info","message":"Launching World | Loading World Data - 43%","timestamp":"2025-12-31 12:55:06"}
{"level":"info","message":"Connected to database \"items\"","timestamp":"2025-12-31 12:55:06"}
{"level":"info","message":"Launching World | Loading World Data - 50%","timestamp":"2025-12-31 12:55:06"}
{"level":"info","message":"Connected to database \"journal\"","timestamp":"2025-12-31 12:55:06"}
{"level":"info","message":"Launching World | Loading World Data - 57%","timestamp":"2025-12-31 12:55:06"}
{"level":"info","message":"Connected to database \"macros\"","timestamp":"2025-12-31 12:55:06"}
{"level":"info","message":"Launching World | Loading World Data - 64%","timestamp":"2025-12-31 12:55:06"}
{"level":"info","message":"Connected to database \"playlists\"","timestamp":"2025-12-31 12:55:06"}
{"level":"info","message":"Launching World | Loading World Data - 71%","timestamp":"2025-12-31 12:55:06"}
{"level":"info","message":"Connected to database \"tables\"","timestamp":"2025-12-31 12:55:06"}
{"level":"info","message":"Launching World | Loading World Data - 79%","timestamp":"2025-12-31 12:55:06"}
{"level":"info","message":"Connected to database \"scenes\"","timestamp":"2025-12-31 12:55:06"}
{"level":"info","message":"Launching World | Loading World Data - 86%","timestamp":"2025-12-31 12:55:06"}
{"level":"info","message":"Connected to database \"settings\"","timestamp":"2025-12-31 12:55:06"}
{"level":"info","message":"Launching World | Loading World Data - 93%","timestamp":"2025-12-31 12:55:06"}
{"level":"info","message":"Connected to database \"users\"","timestamp":"2025-12-31 12:55:06"}
{"level":"info","message":"Launching World | Loading World Data - 100%","timestamp":"2025-12-31 12:55:06"}
{"level":"info","message":"Launching World | Migrating World Data - 7%","timestamp":"2025-12-31 12:55:06"}
{"level":"info","message":"Launching World | Migrating World Data - 14%","timestamp":"2025-12-31 12:55:06"}
{"level":"info","message":"Launching World | Migrating World Data - 21%","timestamp":"2025-12-31 12:55:06"}
{"level":"info","message":"Launching World | Migrating World Data - 29%","timestamp":"2025-12-31 12:55:06"}
{"level":"info","message":"Launching World | Migrating World Data - 36%","timestamp":"2025-12-31 12:55:06"}
{"level":"info","message":"Launching World | Migrating World Data - 43%","timestamp":"2025-12-31 12:55:06"}
{"level":"info","message":"Launching World | Migrating World Data - 50%","timestamp":"2025-12-31 12:55:06"}
{"level":"info","message":"Launching World | Migrating World Data - 57%","timestamp":"2025-12-31 12:55:06"}
{"level":"info","message":"Launching World | Migrating World Data - 64%","timestamp":"2025-12-31 12:55:06"}
{"level":"info","message":"Launching World | Migrating World Data - 71%","timestamp":"2025-12-31 12:55:06"}
{"level":"info","message":"Launching World | Migrating World Data - 79%","timestamp":"2025-12-31 12:55:06"}
{"level":"info","message":"Launching World | Migrating World Data - 86%","timestamp":"2025-12-31 12:55:06"}
{"level":"info","message":"Launching World | Migrating World Data - 93%","timestamp":"2025-12-31 12:55:06"}
{"level":"info","message":"Launching World | Migrating World Data - 100%","timestamp":"2025-12-31 12:55:06"}
{"level":"info","message":"Connected to database \"daggerheart.classes\"","timestamp":"2025-12-31 12:55:06"}
{"level":"info","message":"Launching World | Loading Package Data - 3%","timestamp":"2025-12-31 12:55:06"}
{"level":"info","message":"Connected to database \"daggerheart.subclasses\"","timestamp":"2025-12-31 12:55:06"}
{"level":"info","message":"Launching World | Loading Package Data - 6%","timestamp":"2025-12-31 12:55:06"}
{"level":"info","message":"Connected to database \"daggerheart.domains\"","timestamp":"2025-12-31 12:55:06"}
{"level":"info","message":"Launching World | Loading Package Data - 8%","timestamp":"2025-12-31 12:55:06"}
{"level":"info","message":"Connected to database \"daggerheart.ancestries\"","timestamp":"2025-12-31 12:55:06"}
{"level":"info","message":"Launching World | Loading Package Data - 11%","timestamp":"2025-12-31 12:55:06"}
{"level":"info","message":"Connected to database \"daggerheart.communities\"","timestamp":"2025-12-31 12:55:06"}
{"level":"info","message":"Launching World | Loading Package Data - 14%","timestamp":"2025-12-31 12:55:06"}
{"level":"info","message":"Connected to database \"daggerheart.weapons\"","timestamp":"2025-12-31 12:55:06"}
{"level":"info","message":"Launching World | Loading Package Data - 17%","timestamp":"2025-12-31 12:55:06"}
{"level":"info","message":"Connected to database \"daggerheart.armors\"","timestamp":"2025-12-31 12:55:06"}
{"level":"info","message":"Launching World | Loading Package Data - 19%","timestamp":"2025-12-31 12:55:06"}
{"level":"info","message":"Connected to database \"daggerheart.consumables\"","timestamp":"2025-12-31 12:55:06"}
{"level":"info","message":"Launching World | Loading Package Data - 22%","timestamp":"2025-12-31 12:55:06"}
{"level":"info","message":"Connected to database \"daggerheart.loot\"","timestamp":"2025-12-31 12:55:06"}
{"level":"info","message":"Launching World | Loading Package Data - 25%","timestamp":"2025-12-31 12:55:06"}
{"level":"info","message":"Connected to database \"daggerheart.adversaries\"","timestamp":"2025-12-31 12:55:06"}
{"level":"info","message":"Launching World | Loading Package Data - 28%","timestamp":"2025-12-31 12:55:06"}
{"level":"info","message":"Connected to database \"daggerheart.environments\"","timestamp":"2025-12-31 12:55:06"}
{"level":"info","message":"Launching World | Loading Package Data - 31%","timestamp":"2025-12-31 12:55:06"}
{"level":"info","message":"Connected to database \"daggerheart.journals\"","timestamp":"2025-12-31 12:55:06"}
{"level":"info","message":"Launching World | Loading Package Data - 33%","timestamp":"2025-12-31 12:55:06"}
{"level":"info","message":"Connected to database \"daggerheart.beastforms\"","timestamp":"2025-12-31 12:55:06"}
{"level":"info","message":"Launching World | Loading Package Data - 36%","timestamp":"2025-12-31 12:55:06"}
{"level":"info","message":"Connected to database \"art-for-daggerheart.art-for-dh-macros\"","timestamp":"2025-12-31 12:55:06"}
{"level":"info","message":"Launching World | Loading Package Data - 39%","timestamp":"2025-12-31 12:55:06"}
{"level":"info","message":"Connected to database \"daggerheart-extra-content.motherboard-items\"","timestamp":"2025-12-31 12:55:06"}
{"level":"info","message":"Launching World | Loading Package Data - 42%","timestamp":"2025-12-31 12:55:06"}
{"level":"info","message":"Connected to database \"daggerheart-extra-content.macros\"","timestamp":"2025-12-31 12:55:06"}
{"level":"info","message":"Launching World | Loading Package Data - 44%","timestamp":"2025-12-31 12:55:06"}
{"level":"info","message":"Connected to database \"daggerheart-extra-content.motherboard-tables\"","timestamp":"2025-12-31 12:55:06"}
{"level":"info","message":"Launching World | Loading Package Data - 47%","timestamp":"2025-12-31 12:55:06"}
{"level":"info","message":"Connected to database \"daggerheart-extra-content.adversaries-features\"","timestamp":"2025-12-31 12:55:06"}
{"level":"info","message":"Launching World | Loading Package Data - 50%","timestamp":"2025-12-31 12:55:06"}
{"level":"info","message":"Connected to database \"daggerheart-extra-content.useful-journals\"","timestamp":"2025-12-31 12:55:06"}
{"level":"info","message":"Launching World | Loading Package Data - 53%","timestamp":"2025-12-31 12:55:06"}
{"level":"info","message":"Connected to database \"daggerheart-extra-content.loot-and-consumable-tables\"","timestamp":"2025-12-31 12:55:06"}
{"level":"info","message":"Launching World | Loading Package Data - 56%","timestamp":"2025-12-31 12:55:06"}
{"level":"info","message":"Connected to database \"daggerheart-extra-content.more-adversaries\"","timestamp":"2025-12-31 12:55:06"}
{"level":"info","message":"Launching World | Loading Package Data - 58%","timestamp":"2025-12-31 12:55:06"}
{"level":"info","message":"Connected to database \"daggerheart-extra-content.more-items\"","timestamp":"2025-12-31 12:55:06"}
{"level":"info","message":"Launching World | Loading Package Data - 61%","timestamp":"2025-12-31 12:55:06"}
{"level":"info","message":"Connected to database \"daggerheart-extra-content.curses\"","timestamp":"2025-12-31 12:55:06"}
{"level":"info","message":"Launching World | Loading Package Data - 64%","timestamp":"2025-12-31 12:55:06"}
{"level":"info","message":"Connected to database \"daggerheart-extra-content.ancestry\"","timestamp":"2025-12-31 12:55:06"}
{"level":"info","message":"Launching World | Loading Package Data - 67%","timestamp":"2025-12-31 12:55:06"}
{"level":"info","message":"Connected to database \"daggerheart-extra-content.house-rules\"","timestamp":"2025-12-31 12:55:06"}
{"level":"info","message":"Launching World | Loading Package Data - 69%","timestamp":"2025-12-31 12:55:06"}
{"level":"info","message":"Connected to database \"daggerheart-extra-content.classes\"","timestamp":"2025-12-31 12:55:06"}
{"level":"info","message":"Launching World | Loading Package Data - 72%","timestamp":"2025-12-31 12:55:06"}
{"level":"info","message":"Connected to database \"daggerheart-extra-content.subclasses\"","timestamp":"2025-12-31 12:55:06"}
{"level":"info","message":"Launching World | Loading Package Data - 75%","timestamp":"2025-12-31 12:55:06"}
{"level":"info","message":"Connected to database \"the-void-unofficial.classes\"","timestamp":"2025-12-31 12:55:06"}
{"level":"info","message":"Launching World | Loading Package Data - 78%","timestamp":"2025-12-31 12:55:06"}
{"level":"info","message":"Connected to database \"the-void-unofficial.subclasses\"","timestamp":"2025-12-31 12:55:06"}
{"level":"info","message":"Launching World | Loading Package Data - 81%","timestamp":"2025-12-31 12:55:06"}
{"level":"info","message":"Connected to database \"the-void-unofficial.ancestries\"","timestamp":"2025-12-31 12:55:06"}
{"level":"info","message":"Launching World | Loading Package Data - 83%","timestamp":"2025-12-31 12:55:06"}
{"level":"info","message":"Connected to database \"the-void-unofficial.communities\"","timestamp":"2025-12-31 12:55:06"}
{"level":"info","message":"Launching World | Loading Package Data - 86%","timestamp":"2025-12-31 12:55:06"}
{"level":"info","message":"Connected to database \"the-void-unofficial.domains\"","timestamp":"2025-12-31 12:55:06"}
{"level":"info","message":"Launching World | Loading Package Data - 89%","timestamp":"2025-12-31 12:55:06"}
{"level":"info","message":"Connected to database \"the-void-unofficial.transformations\"","timestamp":"2025-12-31 12:55:06"}
{"level":"info","message":"Launching World | Loading Package Data - 92%","timestamp":"2025-12-31 12:55:06"}
{"level":"info","message":"Connected to database \"the-void-unofficial.weapons\"","timestamp":"2025-12-31 12:55:06"}
{"level":"info","message":"Launching World | Loading Package Data - 94%","timestamp":"2025-12-31 12:55:06"}
{"level":"info","message":"Connected to database \"the-void-unofficial.macros\"","timestamp":"2025-12-31 12:55:06"}
{"level":"info","message":"Launching World | Loading Package Data - 97%","timestamp":"2025-12-31 12:55:06"}
{"level":"info","message":"Connected to database \"the-void-unofficial.adversaries--environments\"","timestamp":"2025-12-31 12:55:06"}
{"level":"info","message":"Launching World | Loading Package Data - 100%","timestamp":"2025-12-31 12:55:06"}
{"level":"info","message":"Created 0 Folder documents with ids: []","timestamp":"2025-12-31 12:55:06"}
{"level":"info","message":"Launching World | Migrating Package Data - 3%","timestamp":"2025-12-31 12:55:06"}
{"level":"info","message":"Launching World | Migrating Package Data - 6%","timestamp":"2025-12-31 12:55:06"}
{"level":"info","message":"Launching World | Migrating Package Data - 8%","timestamp":"2025-12-31 12:55:06"}
{"level":"info","message":"Launching World | Migrating Package Data - 11%","timestamp":"2025-12-31 12:55:07"}
{"level":"info","message":"Launching World | Migrating Package Data - 14%","timestamp":"2025-12-31 12:55:07"}
{"level":"info","message":"Launching World | Migrating Package Data - 17%","timestamp":"2025-12-31 12:55:07"}
{"level":"info","message":"Launching World | Migrating Package Data - 19%","timestamp":"2025-12-31 12:55:07"}
{"level":"info","message":"Launching World | Migrating Package Data - 22%","timestamp":"2025-12-31 12:55:07"}
{"level":"info","message":"Launching World | Migrating Package Data - 25%","timestamp":"2025-12-31 12:55:07"}
{"level":"info","message":"Launching World | Migrating Package Data - 28%","timestamp":"2025-12-31 12:55:07"}
{"level":"info","message":"Launching World | Migrating Package Data - 31%","timestamp":"2025-12-31 12:55:07"}
{"level":"info","message":"Launching World | Migrating Package Data - 33%","timestamp":"2025-12-31 12:55:07"}
{"level":"info","message":"Launching World | Migrating Package Data - 36%","timestamp":"2025-12-31 12:55:07"}
{"level":"info","message":"Launching World | Migrating Package Data - 39%","timestamp":"2025-12-31 12:55:07"}
{"level":"info","message":"Launching World | Migrating Package Data - 42%","timestamp":"2025-12-31 12:55:07"}
{"level":"error","message":"An error occurred during the migration of Macro record [AksCh0ciaGx7BuyA] of database \"daggerheart-extra-content.macros\":\nError: Documents from a core version newer than the running version cannot be migrated\n    at Function._migrateRecord (file:///C:/Users/rafam/Documents/Rol/Daggerheart/Greg%20Mach/DM%20Stuff/Foundry%20daggerheart/Foundry-daggerheart/Portable-FoundryVTT-v13.348/App/resources/app/dist/database/backend/server-document.mjs:1:3713)\n    at Function._migrateDocuments (file:///C:/Users/rafam/Documents/Rol/Daggerheart/Greg%20Mach/DM%20Stuff/Foundry%20daggerheart/Foundry-daggerheart/Portable-FoundryVTT-v13.348/App/resources/app/dist/database/backend/server-document.mjs:1:2782)","timestamp":"2025-12-31 12:55:07"}
{"level":"error","message":"An error occurred during the migration of Macro record [Ek2uYtA3xm78MKEc] of database \"daggerheart-extra-content.macros\":\nError: Documents from a core version newer than the running version cannot be migrated\n    at Function._migrateRecord (file:///C:/Users/rafam/Documents/Rol/Daggerheart/Greg%20Mach/DM%20Stuff/Foundry%20daggerheart/Foundry-daggerheart/Portable-FoundryVTT-v13.348/App/resources/app/dist/database/backend/server-document.mjs:1:3713)\n    at Function._migrateDocuments (file:///C:/Users/rafam/Documents/Rol/Daggerheart/Greg%20Mach/DM%20Stuff/Foundry%20daggerheart/Foundry-daggerheart/Portable-FoundryVTT-v13.348/App/resources/app/dist/database/backend/server-document.mjs:1:2782)","timestamp":"2025-12-31 12:55:07"}
{"level":"error","message":"An error occurred during the migration of Macro record [FUXtgmbsROZ9EZ64] of database \"daggerheart-extra-content.macros\":\nError: Documents from a core version newer than the running version cannot be migrated\n    at Function._migrateRecord (file:///C:/Users/rafam/Documents/Rol/Daggerheart/Greg%20Mach/DM%20Stuff/Foundry%20daggerheart/Foundry-daggerheart/Portable-FoundryVTT-v13.348/App/resources/app/dist/database/backend/server-document.mjs:1:3713)\n    at Function._migrateDocuments (file:///C:/Users/rafam/Documents/Rol/Daggerheart/Greg%20Mach/DM%20Stuff/Foundry%20daggerheart/Foundry-daggerheart/Portable-FoundryVTT-v13.348/App/resources/app/dist/database/backend/server-document.mjs:1:2782)","timestamp":"2025-12-31 12:55:07"}
{"level":"error","message":"An error occurred during the migration of Macro record [KMIecMvorWDWynzv] of database \"daggerheart-extra-content.macros\":\nError: Documents from a core version newer than the running version cannot be migrated\n    at Function._migrateRecord (file:///C:/Users/rafam/Documents/Rol/Daggerheart/Greg%20Mach/DM%20Stuff/Foundry%20daggerheart/Foundry-daggerheart/Portable-FoundryVTT-v13.348/App/resources/app/dist/database/backend/server-document.mjs:1:3713)\n    at Function._migrateDocuments (file:///C:/Users/rafam/Documents/Rol/Daggerheart/Greg%20Mach/DM%20Stuff/Foundry%20daggerheart/Foundry-daggerheart/Portable-FoundryVTT-v13.348/App/resources/app/dist/database/backend/server-document.mjs:1:2782)","timestamp":"2025-12-31 12:55:07"}
{"level":"error","message":"An error occurred during the migration of Macro record [MrVaunevxMfD1jiI] of database \"daggerheart-extra-content.macros\":\nError: Documents from a core version newer than the running version cannot be migrated\n    at Function._migrateRecord (file:///C:/Users/rafam/Documents/Rol/Daggerheart/Greg%20Mach/DM%20Stuff/Foundry%20daggerheart/Foundry-daggerheart/Portable-FoundryVTT-v13.348/App/resources/app/dist/database/backend/server-document.mjs:1:3713)\n    at Function._migrateDocuments (file:///C:/Users/rafam/Documents/Rol/Daggerheart/Greg%20Mach/DM%20Stuff/Foundry%20daggerheart/Foundry-daggerheart/Portable-FoundryVTT-v13.348/App/resources/app/dist/database/backend/server-document.mjs:1:2782)","timestamp":"2025-12-31 12:55:07"}
{"level":"error","message":"An error occurred during the migration of Macro record [f4seowyhjSLdBpIw] of database \"daggerheart-extra-content.macros\":\nError: Documents from a core version newer than the running version cannot be migrated\n    at Function._migrateRecord (file:///C:/Users/rafam/Documents/Rol/Daggerheart/Greg%20Mach/DM%20Stuff/Foundry%20daggerheart/Foundry-daggerheart/Portable-FoundryVTT-v13.348/App/resources/app/dist/database/backend/server-document.mjs:1:3713)\n    at Function._migrateDocuments (file:///C:/Users/rafam/Documents/Rol/Daggerheart/Greg%20Mach/DM%20Stuff/Foundry%20daggerheart/Foundry-daggerheart/Portable-FoundryVTT-v13.348/App/resources/app/dist/database/backend/server-document.mjs:1:2782)","timestamp":"2025-12-31 12:55:07"}
{"level":"error","message":"An error occurred during the migration of Macro record [lCYBPohT8hPPOpeK] of database \"daggerheart-extra-content.macros\":\nError: Documents from a core version newer than the running version cannot be migrated\n    at Function._migrateRecord (file:///C:/Users/rafam/Documents/Rol/Daggerheart/Greg%20Mach/DM%20Stuff/Foundry%20daggerheart/Foundry-daggerheart/Portable-FoundryVTT-v13.348/App/resources/app/dist/database/backend/server-document.mjs:1:3713)\n    at Function._migrateDocuments (file:///C:/Users/rafam/Documents/Rol/Daggerheart/Greg%20Mach/DM%20Stuff/Foundry%20daggerheart/Foundry-daggerheart/Portable-FoundryVTT-v13.348/App/resources/app/dist/database/backend/server-document.mjs:1:2782)","timestamp":"2025-12-31 12:55:07"}
{"level":"error","message":"An error occurred during the migration of Macro record [mu2CD5fN0NvxcqYl] of database \"daggerheart-extra-content.macros\":\nError: Documents from a core version newer than the running version cannot be migrated\n    at Function._migrateRecord (file:///C:/Users/rafam/Documents/Rol/Daggerheart/Greg%20Mach/DM%20Stuff/Foundry%20daggerheart/Foundry-daggerheart/Portable-FoundryVTT-v13.348/App/resources/app/dist/database/backend/server-document.mjs:1:3713)\n    at Function._migrateDocuments (file:///C:/Users/rafam/Documents/Rol/Daggerheart/Greg%20Mach/DM%20Stuff/Foundry%20daggerheart/Foundry-daggerheart/Portable-FoundryVTT-v13.348/App/resources/app/dist/database/backend/server-document.mjs:1:2782)","timestamp":"2025-12-31 12:55:07"}
{"level":"error","message":"An error occurred during the migration of Macro record [zWi79s5QqaZnMMtX] of database \"daggerheart-extra-content.macros\":\nError: Documents from a core version newer than the running version cannot be migrated\n    at Function._migrateRecord (file:///C:/Users/rafam/Documents/Rol/Daggerheart/Greg%20Mach/DM%20Stuff/Foundry%20daggerheart/Foundry-daggerheart/Portable-FoundryVTT-v13.348/App/resources/app/dist/database/backend/server-document.mjs:1:3713)\n    at Function._migrateDocuments (file:///C:/Users/rafam/Documents/Rol/Daggerheart/Greg%20Mach/DM%20Stuff/Foundry%20daggerheart/Foundry-daggerheart/Portable-FoundryVTT-v13.348/App/resources/app/dist/database/backend/server-document.mjs:1:2782)","timestamp":"2025-12-31 12:55:07"}
{"level":"warn","message":"Database daggerheart-extra-content.macros was not fully migrated due to errors during migration.","timestamp":"2025-12-31 12:55:07"}
{"level":"info","message":"Launching World | Migrating Package Data - 44%","timestamp":"2025-12-31 12:55:07"}
{"level":"info","message":"Launching World | Migrating Package Data - 47%","timestamp":"2025-12-31 12:55:07"}
{"level":"info","message":"Launching World | Migrating Package Data - 50%","timestamp":"2025-12-31 12:55:07"}
{"level":"info","message":"Launching World | Migrating Package Data - 53%","timestamp":"2025-12-31 12:55:07"}
{"level":"info","message":"Launching World | Migrating Package Data - 56%","timestamp":"2025-12-31 12:55:07"}
{"level":"error","message":"An error occurred during the migration of Actor record [2owady11IfU1vset] of database \"daggerheart-extra-content.more-adversaries\":\nError: Documents from a core version newer than the running version cannot be migrated\n    at Function._migrateRecord (file:///C:/Users/rafam/Documents/Rol/Daggerheart/Greg%20Mach/DM%20Stuff/Foundry%20daggerheart/Foundry-daggerheart/Portable-FoundryVTT-v13.348/App/resources/app/dist/database/backend/server-document.mjs:1:3713)\n    at Function._migrateDocuments (file:///C:/Users/rafam/Documents/Rol/Daggerheart/Greg%20Mach/DM%20Stuff/Foundry%20daggerheart/Foundry-daggerheart/Portable-FoundryVTT-v13.348/App/resources/app/dist/database/backend/server-document.mjs:1:2782)","timestamp":"2025-12-31 12:55:07"}
{"level":"error","message":"An error occurred during the migration of Actor record [3wZn34orKgheuXnE] of database \"daggerheart-extra-content.more-adversaries\":\nError: Documents from a core version newer than the running version cannot be migrated\n    at Function._migrateRecord (file:///C:/Users/rafam/Documents/Rol/Daggerheart/Greg%20Mach/DM%20Stuff/Foundry%20daggerheart/Foundry-daggerheart/Portable-FoundryVTT-v13.348/App/resources/app/dist/database/backend/server-document.mjs:1:3713)\n    at Function._migrateDocuments (file:///C:/Users/rafam/Documents/Rol/Daggerheart/Greg%20Mach/DM%20Stuff/Foundry%20daggerheart/Foundry-daggerheart/Portable-FoundryVTT-v13.348/App/resources/app/dist/database/backend/server-document.mjs:1:2782)","timestamp":"2025-12-31 12:55:07"}
{"level":"error","message":"An error occurred during the migration of Actor record [4GkDrUgRyp9FHTAN] of database \"daggerheart-extra-content.more-adversaries\":\nError: Documents from a core version newer than the running version cannot be migrated\n    at Function._migrateRecord (file:///C:/Users/rafam/Documents/Rol/Daggerheart/Greg%20Mach/DM%20Stuff/Foundry%20daggerheart/Foundry-daggerheart/Portable-FoundryVTT-v13.348/App/resources/app/dist/database/backend/server-document.mjs:1:3713)\n    at Function._migrateDocuments (file:///C:/Users/rafam/Documents/Rol/Daggerheart/Greg%20Mach/DM%20Stuff/Foundry%20daggerheart/Foundry-daggerheart/Portable-FoundryVTT-v13.348/App/resources/app/dist/database/backend/server-document.mjs:1:2782)","timestamp":"2025-12-31 12:55:07"}
{"level":"error","message":"An error occurred during the migration of Actor record [6wxPxm4joQnoIjdX] of database \"daggerheart-extra-content.more-adversaries\":\nError: Documents from a core version newer than the running version cannot be migrated\n    at Function._migrateRecord (file:///C:/Users/rafam/Documents/Rol/Daggerheart/Greg%20Mach/DM%20Stuff/Foundry%20daggerheart/Foundry-daggerheart/Portable-FoundryVTT-v13.348/App/resources/app/dist/database/backend/server-document.mjs:1:3713)\n    at Function._migrateDocuments (file:///C:/Users/rafam/Documents/Rol/Daggerheart/Greg%20Mach/DM%20Stuff/Foundry%20daggerheart/Foundry-daggerheart/Portable-FoundryVTT-v13.348/App/resources/app/dist/database/backend/server-document.mjs:1:2782)","timestamp":"2025-12-31 12:55:07"}
{"level":"error","message":"An error occurred during the migration of Actor record [CBjyTRc9xNjmDAM4] of database \"daggerheart-extra-content.more-adversaries\":\nError: Documents from a core version newer than the running version cannot be migrated\n    at Function._migrateRecord (file:///C:/Users/rafam/Documents/Rol/Daggerheart/Greg%20Mach/DM%20Stuff/Foundry%20daggerheart/Foundry-daggerheart/Portable-FoundryVTT-v13.348/App/resources/app/dist/database/backend/server-document.mjs:1:3713)\n    at Function._migrateDocuments (file:///C:/Users/rafam/Documents/Rol/Daggerheart/Greg%20Mach/DM%20Stuff/Foundry%20daggerheart/Foundry-daggerheart/Portable-FoundryVTT-v13.348/App/resources/app/dist/database/backend/server-document.mjs:1:2782)","timestamp":"2025-12-31 12:55:07"}
{"level":"error","message":"An error occurred during the migration of Actor record [D2mYxxduZN4h55cD] of database \"daggerheart-extra-content.more-adversaries\":\nError: Documents from a core version newer than the running version cannot be migrated\n    at Function._migrateRecord (file:///C:/Users/rafam/Documents/Rol/Daggerheart/Greg%20Mach/DM%20Stuff/Foundry%20daggerheart/Foundry-daggerheart/Portable-FoundryVTT-v13.348/App/resources/app/dist/database/backend/server-document.mjs:1:3713)\n    at Function._migrateDocuments (file:///C:/Users/rafam/Documents/Rol/Daggerheart/Greg%20Mach/DM%20Stuff/Foundry%20daggerheart/Foundry-daggerheart/Portable-FoundryVTT-v13.348/App/resources/app/dist/database/backend/server-document.mjs:1:2782)","timestamp":"2025-12-31 12:55:07"}
{"level":"error","message":"An error occurred during the migration of Actor record [GZeCYbWDzYS2iCF9] of database \"daggerheart-extra-content.more-adversaries\":\nError: Documents from a core version newer than the running version cannot be migrated\n    at Function._migrateRecord (file:///C:/Users/rafam/Documents/Rol/Daggerheart/Greg%20Mach/DM%20Stuff/Foundry%20daggerheart/Foundry-daggerheart/Portable-FoundryVTT-v13.348/App/resources/app/dist/database/backend/server-document.mjs:1:3713)\n    at Function._migrateDocuments (file:///C:/Users/rafam/Documents/Rol/Daggerheart/Greg%20Mach/DM%20Stuff/Foundry%20daggerheart/Foundry-daggerheart/Portable-FoundryVTT-v13.348/App/resources/app/dist/database/backend/server-document.mjs:1:2782)","timestamp":"2025-12-31 12:55:07"}
{"level":"error","message":"An error occurred during the migration of Actor record [HFoDDFrRRoLOx6rS] of database \"daggerheart-extra-content.more-adversaries\":\nError: Documents from a core version newer than the running version cannot be migrated\n    at Function._migrateRecord (file:///C:/Users/rafam/Documents/Rol/Daggerheart/Greg%20Mach/DM%20Stuff/Foundry%20daggerheart/Foundry-daggerheart/Portable-FoundryVTT-v13.348/App/resources/app/dist/database/backend/server-document.mjs:1:3713)\n    at Function._migrateDocuments (file:///C:/Users/rafam/Documents/Rol/Daggerheart/Greg%20Mach/DM%20Stuff/Foundry%20daggerheart/Foundry-daggerheart/Portable-FoundryVTT-v13.348/App/resources/app/dist/database/backend/server-document.mjs:1:2782)","timestamp":"2025-12-31 12:55:07"}
{"level":"error","message":"An error occurred during the migration of Actor record [Je6XBGhfDKSY3DEk] of database \"daggerheart-extra-content.more-adversaries\":\nError: Documents from a core version newer than the running version cannot be migrated\n    at Function._migrateRecord (file:///C:/Users/rafam/Documents/Rol/Daggerheart/Greg%20Mach/DM%20Stuff/Foundry%20daggerheart/Foundry-daggerheart/Portable-FoundryVTT-v13.348/App/resources/app/dist/database/backend/server-document.mjs:1:3713)\n    at Function._migrateDocuments (file:///C:/Users/rafam/Documents/Rol/Daggerheart/Greg%20Mach/DM%20Stuff/Foundry%20daggerheart/Foundry-daggerheart/Portable-FoundryVTT-v13.348/App/resources/app/dist/database/backend/server-document.mjs:1:2782)","timestamp":"2025-12-31 12:55:07"}
{"level":"error","message":"An error occurred during the migration of Actor record [RIpmM1hiW9aRSlR5] of database \"daggerheart-extra-content.more-adversaries\":\nError: Documents from a core version newer than the running version cannot be migrated\n    at Function._migrateRecord (file:///C:/Users/rafam/Documents/Rol/Daggerheart/Greg%20Mach/DM%20Stuff/Foundry%20daggerheart/Foundry-daggerheart/Portable-FoundryVTT-v13.348/App/resources/app/dist/database/backend/server-document.mjs:1:3713)\n    at Function._migrateDocuments (file:///C:/Users/rafam/Documents/Rol/Daggerheart/Greg%20Mach/DM%20Stuff/Foundry%20daggerheart/Foundry-daggerheart/Portable-FoundryVTT-v13.348/App/resources/app/dist/database/backend/server-document.mjs:1:2782)","timestamp":"2025-12-31 12:55:07"}
{"level":"error","message":"An error occurred during the migration of Actor record [RlIaKDY410J1Braw] of database \"daggerheart-extra-content.more-adversaries\":\nError: Documents from a core version newer than the running version cannot be migrated\n    at Function._migrateRecord (file:///C:/Users/rafam/Documents/Rol/Daggerheart/Greg%20Mach/DM%20Stuff/Foundry%20daggerheart/Foundry-daggerheart/Portable-FoundryVTT-v13.348/App/resources/app/dist/database/backend/server-document.mjs:1:3713)\n    at Function._migrateDocuments (file:///C:/Users/rafam/Documents/Rol/Daggerheart/Greg%20Mach/DM%20Stuff/Foundry%20daggerheart/Foundry-daggerheart/Portable-FoundryVTT-v13.348/App/resources/app/dist/database/backend/server-document.mjs:1:2782)","timestamp":"2025-12-31 12:55:07"}
{"level":"error","message":"An error occurred during the migration of Actor record [Uu7RvfCQnjz6CNhI] of database \"daggerheart-extra-content.more-adversaries\":\nError: Documents from a core version newer than the running version cannot be migrated\n    at Function._migrateRecord (file:///C:/Users/rafam/Documents/Rol/Daggerheart/Greg%20Mach/DM%20Stuff/Foundry%20daggerheart/Foundry-daggerheart/Portable-FoundryVTT-v13.348/App/resources/app/dist/database/backend/server-document.mjs:1:3713)\n    at Function._migrateDocuments (file:///C:/Users/rafam/Documents/Rol/Daggerheart/Greg%20Mach/DM%20Stuff/Foundry%20daggerheart/Foundry-daggerheart/Portable-FoundryVTT-v13.348/App/resources/app/dist/database/backend/server-document.mjs:1:2782)","timestamp":"2025-12-31 12:55:07"}
{"level":"error","message":"An error occurred during the migration of Actor record [dz7P6qQlXyDH34fj] of database \"daggerheart-extra-content.more-adversaries\":\nError: Documents from a core version newer than the running version cannot be migrated\n    at Function._migrateRecord (file:///C:/Users/rafam/Documents/Rol/Daggerheart/Greg%20Mach/DM%20Stuff/Foundry%20daggerheart/Foundry-daggerheart/Portable-FoundryVTT-v13.348/App/resources/app/dist/database/backend/server-document.mjs:1:3713)\n    at Function._migrateDocuments (file:///C:/Users/rafam/Documents/Rol/Daggerheart/Greg%20Mach/DM%20Stuff/Foundry%20daggerheart/Foundry-daggerheart/Portable-FoundryVTT-v13.348/App/resources/app/dist/database/backend/server-document.mjs:1:2782)","timestamp":"2025-12-31 12:55:07"}
{"level":"error","message":"An error occurred during the migration of Actor record [eQ87jrVECayfpio3] of database \"daggerheart-extra-content.more-adversaries\":\nError: Documents from a core version newer than the running version cannot be migrated\n    at Function._migrateRecord (file:///C:/Users/rafam/Documents/Rol/Daggerheart/Greg%20Mach/DM%20Stuff/Foundry%20daggerheart/Foundry-daggerheart/Portable-FoundryVTT-v13.348/App/resources/app/dist/database/backend/server-document.mjs:1:3713)\n    at Function._migrateDocuments (file:///C:/Users/rafam/Documents/Rol/Daggerheart/Greg%20Mach/DM%20Stuff/Foundry%20daggerheart/Foundry-daggerheart/Portable-FoundryVTT-v13.348/App/resources/app/dist/database/backend/server-document.mjs:1:2782)","timestamp":"2025-12-31 12:55:07"}
{"level":"error","message":"An error occurred during the migration of Actor record [f7a0iCjxLOcnoOry] of database \"daggerheart-extra-content.more-adversaries\":\nError: Documents from a core version newer than the running version cannot be migrated\n    at Function._migrateRecord (file:///C:/Users/rafam/Documents/Rol/Daggerheart/Greg%20Mach/DM%20Stuff/Foundry%20daggerheart/Foundry-daggerheart/Portable-FoundryVTT-v13.348/App/resources/app/dist/database/backend/server-document.mjs:1:3713)\n    at Function._migrateDocuments (file:///C:/Users/rafam/Documents/Rol/Daggerheart/Greg%20Mach/DM%20Stuff/Foundry%20daggerheart/Foundry-daggerheart/Portable-FoundryVTT-v13.348/App/resources/app/dist/database/backend/server-document.mjs:1:2782)","timestamp":"2025-12-31 12:55:07"}
{"level":"error","message":"An error occurred during the migration of Actor record [j0ncG4oNxG6c7CoZ] of database \"daggerheart-extra-content.more-adversaries\":\nError: Documents from a core version newer than the running version cannot be migrated\n    at Function._migrateRecord (file:///C:/Users/rafam/Documents/Rol/Daggerheart/Greg%20Mach/DM%20Stuff/Foundry%20daggerheart/Foundry-daggerheart/Portable-FoundryVTT-v13.348/App/resources/app/dist/database/backend/server-document.mjs:1:3713)\n    at Function._migrateDocuments (file:///C:/Users/rafam/Documents/Rol/Daggerheart/Greg%20Mach/DM%20Stuff/Foundry%20daggerheart/Foundry-daggerheart/Portable-FoundryVTT-v13.348/App/resources/app/dist/database/backend/server-document.mjs:1:2782)","timestamp":"2025-12-31 12:55:07"}
{"level":"error","message":"An error occurred during the migration of Actor record [n7SBEHvb48tFamKO] of database \"daggerheart-extra-content.more-adversaries\":\nError: Documents from a core version newer than the running version cannot be migrated\n    at Function._migrateRecord (file:///C:/Users/rafam/Documents/Rol/Daggerheart/Greg%20Mach/DM%20Stuff/Foundry%20daggerheart/Foundry-daggerheart/Portable-FoundryVTT-v13.348/App/resources/app/dist/database/backend/server-document.mjs:1:3713)\n    at Function._migrateDocuments (file:///C:/Users/rafam/Documents/Rol/Daggerheart/Greg%20Mach/DM%20Stuff/Foundry%20daggerheart/Foundry-daggerheart/Portable-FoundryVTT-v13.348/App/resources/app/dist/database/backend/server-document.mjs:1:2782)","timestamp":"2025-12-31 12:55:07"}
{"level":"error","message":"An error occurred during the migration of Actor record [p7LYTbyuPUNisLQ5] of database \"daggerheart-extra-content.more-adversaries\":\nError: Documents from a core version newer than the running version cannot be migrated\n    at Function._migrateRecord (file:///C:/Users/rafam/Documents/Rol/Daggerheart/Greg%20Mach/DM%20Stuff/Foundry%20daggerheart/Foundry-daggerheart/Portable-FoundryVTT-v13.348/App/resources/app/dist/database/backend/server-document.mjs:1:3713)\n    at Function._migrateDocuments (file:///C:/Users/rafam/Documents/Rol/Daggerheart/Greg%20Mach/DM%20Stuff/Foundry%20daggerheart/Foundry-daggerheart/Portable-FoundryVTT-v13.348/App/resources/app/dist/database/backend/server-document.mjs:1:2782)","timestamp":"2025-12-31 12:55:07"}
{"level":"error","message":"An error occurred during the migration of Actor record [pCEWxOqd7C0B9DxO] of database \"daggerheart-extra-content.more-adversaries\":\nError: Documents from a core version newer than the running version cannot be migrated\n    at Function._migrateRecord (file:///C:/Users/rafam/Documents/Rol/Daggerheart/Greg%20Mach/DM%20Stuff/Foundry%20daggerheart/Foundry-daggerheart/Portable-FoundryVTT-v13.348/App/resources/app/dist/database/backend/server-document.mjs:1:3713)\n    at Function._migrateDocuments (file:///C:/Users/rafam/Documents/Rol/Daggerheart/Greg%20Mach/DM%20Stuff/Foundry%20daggerheart/Foundry-daggerheart/Portable-FoundryVTT-v13.348/App/resources/app/dist/database/backend/server-document.mjs:1:2782)","timestamp":"2025-12-31 12:55:07"}
{"level":"error","message":"An error occurred during the migration of Actor record [pCkMBn3zgF4WA1zz] of database \"daggerheart-extra-content.more-adversaries\":\nError: Documents from a core version newer than the running version cannot be migrated\n    at Function._migrateRecord (file:///C:/Users/rafam/Documents/Rol/Daggerheart/Greg%20Mach/DM%20Stuff/Foundry%20daggerheart/Foundry-daggerheart/Portable-FoundryVTT-v13.348/App/resources/app/dist/database/backend/server-document.mjs:1:3713)\n    at Function._migrateDocuments (file:///C:/Users/rafam/Documents/Rol/Daggerheart/Greg%20Mach/DM%20Stuff/Foundry%20daggerheart/Foundry-daggerheart/Portable-FoundryVTT-v13.348/App/resources/app/dist/database/backend/server-document.mjs:1:2782)","timestamp":"2025-12-31 12:55:07"}
{"level":"error","message":"An error occurred during the migration of Actor record [sEtsUW24RgFB83TQ] of database \"daggerheart-extra-content.more-adversaries\":\nError: Documents from a core version newer than the running version cannot be migrated\n    at Function._migrateRecord (file:///C:/Users/rafam/Documents/Rol/Daggerheart/Greg%20Mach/DM%20Stuff/Foundry%20daggerheart/Foundry-daggerheart/Portable-FoundryVTT-v13.348/App/resources/app/dist/database/backend/server-document.mjs:1:3713)\n    at Function._migrateDocuments (file:///C:/Users/rafam/Documents/Rol/Daggerheart/Greg%20Mach/DM%20Stuff/Foundry%20daggerheart/Foundry-daggerheart/Portable-FoundryVTT-v13.348/App/resources/app/dist/database/backend/server-document.mjs:1:2782)","timestamp":"2025-12-31 12:55:07"}
{"level":"error","message":"An error occurred during the migration of Actor record [sKqhR4Gzsc953DBq] of database \"daggerheart-extra-content.more-adversaries\":\nError: Documents from a core version newer than the running version cannot be migrated\n    at Function._migrateRecord (file:///C:/Users/rafam/Documents/Rol/Daggerheart/Greg%20Mach/DM%20Stuff/Foundry%20daggerheart/Foundry-daggerheart/Portable-FoundryVTT-v13.348/App/resources/app/dist/database/backend/server-document.mjs:1:3713)\n    at Function._migrateDocuments (file:///C:/Users/rafam/Documents/Rol/Daggerheart/Greg%20Mach/DM%20Stuff/Foundry%20daggerheart/Foundry-daggerheart/Portable-FoundryVTT-v13.348/App/resources/app/dist/database/backend/server-document.mjs:1:2782)","timestamp":"2025-12-31 12:55:07"}
{"level":"warn","message":"Database daggerheart-extra-content.more-adversaries was not fully migrated due to errors during migration.","timestamp":"2025-12-31 12:55:07"}
{"level":"info","message":"Launching World | Migrating Package Data - 58%","timestamp":"2025-12-31 12:55:07"}
{"level":"info","message":"Launching World | Migrating Package Data - 61%","timestamp":"2025-12-31 12:55:07"}
{"level":"info","message":"Launching World | Migrating Package Data - 64%","timestamp":"2025-12-31 12:55:07"}
{"level":"error","message":"An error occurred during the migration of Item record [04I86qVoEQ310sCR] of database \"daggerheart-extra-content.ancestry\":\nError: Documents from a core version newer than the running version cannot be migrated\n    at Function._migrateRecord (file:///C:/Users/rafam/Documents/Rol/Daggerheart/Greg%20Mach/DM%20Stuff/Foundry%20daggerheart/Foundry-daggerheart/Portable-FoundryVTT-v13.348/App/resources/app/dist/database/backend/server-document.mjs:1:3713)\n    at Function._migrateDocuments (file:///C:/Users/rafam/Documents/Rol/Daggerheart/Greg%20Mach/DM%20Stuff/Foundry%20daggerheart/Foundry-daggerheart/Portable-FoundryVTT-v13.348/App/resources/app/dist/database/backend/server-document.mjs:1:2782)","timestamp":"2025-12-31 12:55:07"}
{"level":"error","message":"An error occurred during the migration of Item record [2zyMaehKcKOEGM4E] of database \"daggerheart-extra-content.ancestry\":\nError: Documents from a core version newer than the running version cannot be migrated\n    at Function._migrateRecord (file:///C:/Users/rafam/Documents/Rol/Daggerheart/Greg%20Mach/DM%20Stuff/Foundry%20daggerheart/Foundry-daggerheart/Portable-FoundryVTT-v13.348/App/resources/app/dist/database/backend/server-document.mjs:1:3713)\n    at Function._migrateDocuments (file:///C:/Users/rafam/Documents/Rol/Daggerheart/Greg%20Mach/DM%20Stuff/Foundry%20daggerheart/Foundry-daggerheart/Portable-FoundryVTT-v13.348/App/resources/app/dist/database/backend/server-document.mjs:1:2782)","timestamp":"2025-12-31 12:55:07"}
{"level":"error","message":"An error occurred during the migration of Item record [Fc3hqveUPZNSVSk7] of database \"daggerheart-extra-content.ancestry\":\nError: Documents from a core version newer than the running version cannot be migrated\n    at Function._migrateRecord (file:///C:/Users/rafam/Documents/Rol/Daggerheart/Greg%20Mach/DM%20Stuff/Foundry%20daggerheart/Foundry-daggerheart/Portable-FoundryVTT-v13.348/App/resources/app/dist/database/backend/server-document.mjs:1:3713)\n    at Function._migrateDocuments (file:///C:/Users/rafam/Documents/Rol/Daggerheart/Greg%20Mach/DM%20Stuff/Foundry%20daggerheart/Foundry-daggerheart/Portable-FoundryVTT-v13.348/App/resources/app/dist/database/backend/server-document.mjs:1:2782)","timestamp":"2025-12-31 12:55:07"}
{"level":"error","message":"An error occurred during the migration of Item record [QbBbdOgrtxEIWQHB] of database \"daggerheart-extra-content.ancestry\":\nError: Documents from a core version newer than the running version cannot be migrated\n    at Function._migrateRecord (file:///C:/Users/rafam/Documents/Rol/Daggerheart/Greg%20Mach/DM%20Stuff/Foundry%20daggerheart/Foundry-daggerheart/Portable-FoundryVTT-v13.348/App/resources/app/dist/database/backend/server-document.mjs:1:3713)\n    at Function._migrateDocuments (file:///C:/Users/rafam/Documents/Rol/Daggerheart/Greg%20Mach/DM%20Stuff/Foundry%20daggerheart/Foundry-daggerheart/Portable-FoundryVTT-v13.348/App/resources/app/dist/database/backend/server-document.mjs:1:2782)","timestamp":"2025-12-31 12:55:07"}
{"level":"error","message":"An error occurred during the migration of Item record [WOHi9gvF8Ha10EnF] of database \"daggerheart-extra-content.ancestry\":\nError: Documents from a core version newer than the running version cannot be migrated\n    at Function._migrateRecord (file:///C:/Users/rafam/Documents/Rol/Daggerheart/Greg%20Mach/DM%20Stuff/Foundry%20daggerheart/Foundry-daggerheart/Portable-FoundryVTT-v13.348/App/resources/app/dist/database/backend/server-document.mjs:1:3713)\n    at Function._migrateDocuments (file:///C:/Users/rafam/Documents/Rol/Daggerheart/Greg%20Mach/DM%20Stuff/Foundry%20daggerheart/Foundry-daggerheart/Portable-FoundryVTT-v13.348/App/resources/app/dist/database/backend/server-document.mjs:1:2782)","timestamp":"2025-12-31 12:55:07"}
{"level":"error","message":"An error occurred during the migration of Item record [jP4n9wzq0wvfxULo] of database \"daggerheart-extra-content.ancestry\":\nError: Documents from a core version newer than the running version cannot be migrated\n    at Function._migrateRecord (file:///C:/Users/rafam/Documents/Rol/Daggerheart/Greg%20Mach/DM%20Stuff/Foundry%20daggerheart/Foundry-daggerheart/Portable-FoundryVTT-v13.348/App/resources/app/dist/database/backend/server-document.mjs:1:3713)\n    at Function._migrateDocuments (file:///C:/Users/rafam/Documents/Rol/Daggerheart/Greg%20Mach/DM%20Stuff/Foundry%20daggerheart/Foundry-daggerheart/Portable-FoundryVTT-v13.348/App/resources/app/dist/database/backend/server-document.mjs:1:2782)","timestamp":"2025-12-31 12:55:07"}
{"level":"error","message":"An error occurred during the migration of Item record [pjtNmhoBNxjrzRPk] of database \"daggerheart-extra-content.ancestry\":\nError: Documents from a core version newer than the running version cannot be migrated\n    at Function._migrateRecord (file:///C:/Users/rafam/Documents/Rol/Daggerheart/Greg%20Mach/DM%20Stuff/Foundry%20daggerheart/Foundry-daggerheart/Portable-FoundryVTT-v13.348/App/resources/app/dist/database/backend/server-document.mjs:1:3713)\n    at Function._migrateDocuments (file:///C:/Users/rafam/Documents/Rol/Daggerheart/Greg%20Mach/DM%20Stuff/Foundry%20daggerheart/Foundry-daggerheart/Portable-FoundryVTT-v13.348/App/resources/app/dist/database/backend/server-document.mjs:1:2782)","timestamp":"2025-12-31 12:55:07"}
{"level":"error","message":"An error occurred during the migration of Item record [vWfsYRjrKPUne2nZ] of database \"daggerheart-extra-content.ancestry\":\nError: Documents from a core version newer than the running version cannot be migrated\n    at Function._migrateRecord (file:///C:/Users/rafam/Documents/Rol/Daggerheart/Greg%20Mach/DM%20Stuff/Foundry%20daggerheart/Foundry-daggerheart/Portable-FoundryVTT-v13.348/App/resources/app/dist/database/backend/server-document.mjs:1:3713)\n    at Function._migrateDocuments (file:///C:/Users/rafam/Documents/Rol/Daggerheart/Greg%20Mach/DM%20Stuff/Foundry%20daggerheart/Foundry-daggerheart/Portable-FoundryVTT-v13.348/App/resources/app/dist/database/backend/server-document.mjs:1:2782)","timestamp":"2025-12-31 12:55:07"}
{"level":"error","message":"An error occurred during the migration of Item record [y4tOp4lUYpyC7YJW] of database \"daggerheart-extra-content.ancestry\":\nError: Documents from a core version newer than the running version cannot be migrated\n    at Function._migrateRecord (file:///C:/Users/rafam/Documents/Rol/Daggerheart/Greg%20Mach/DM%20Stuff/Foundry%20daggerheart/Foundry-daggerheart/Portable-FoundryVTT-v13.348/App/resources/app/dist/database/backend/server-document.mjs:1:3713)\n    at Function._migrateDocuments (file:///C:/Users/rafam/Documents/Rol/Daggerheart/Greg%20Mach/DM%20Stuff/Foundry%20daggerheart/Foundry-daggerheart/Portable-FoundryVTT-v13.348/App/resources/app/dist/database/backend/server-document.mjs:1:2782)","timestamp":"2025-12-31 12:55:07"}
{"level":"warn","message":"Database daggerheart-extra-content.ancestry was not fully migrated due to errors during migration.","timestamp":"2025-12-31 12:55:07"}
{"level":"info","message":"Launching World | Migrating Package Data - 67%","timestamp":"2025-12-31 12:55:07"}
{"level":"info","message":"Launching World | Migrating Package Data - 69%","timestamp":"2025-12-31 12:55:07"}
{"level":"error","message":"An error occurred during the migration of Item record [8D0NQR901j0Kx0zb] of database \"daggerheart-extra-content.classes\":\nError: Documents from a core version newer than the running version cannot be migrated\n    at Function._migrateRecord (file:///C:/Users/rafam/Documents/Rol/Daggerheart/Greg%20Mach/DM%20Stuff/Foundry%20daggerheart/Foundry-daggerheart/Portable-FoundryVTT-v13.348/App/resources/app/dist/database/backend/server-document.mjs:1:3713)\n    at Function._migrateDocuments (file:///C:/Users/rafam/Documents/Rol/Daggerheart/Greg%20Mach/DM%20Stuff/Foundry%20daggerheart/Foundry-daggerheart/Portable-FoundryVTT-v13.348/App/resources/app/dist/database/backend/server-document.mjs:1:2782)","timestamp":"2025-12-31 12:55:07"}
{"level":"error","message":"An error occurred during the migration of Item record [B90E3nk0uBeZpPw8] of database \"daggerheart-extra-content.classes\":\nError: Documents from a core version newer than the running version cannot be migrated\n    at Function._migrateRecord (file:///C:/Users/rafam/Documents/Rol/Daggerheart/Greg%20Mach/DM%20Stuff/Foundry%20daggerheart/Foundry-daggerheart/Portable-FoundryVTT-v13.348/App/resources/app/dist/database/backend/server-document.mjs:1:3713)\n    at Function._migrateDocuments (file:///C:/Users/rafam/Documents/Rol/Daggerheart/Greg%20Mach/DM%20Stuff/Foundry%20daggerheart/Foundry-daggerheart/Portable-FoundryVTT-v13.348/App/resources/app/dist/database/backend/server-document.mjs:1:2782)","timestamp":"2025-12-31 12:55:07"}
{"level":"error","message":"An error occurred during the migration of Item record [E5d3CnR98vEXt8QS] of database \"daggerheart-extra-content.classes\":\nError: Documents from a core version newer than the running version cannot be migrated\n    at Function._migrateRecord (file:///C:/Users/rafam/Documents/Rol/Daggerheart/Greg%20Mach/DM%20Stuff/Foundry%20daggerheart/Foundry-daggerheart/Portable-FoundryVTT-v13.348/App/resources/app/dist/database/backend/server-document.mjs:1:3713)\n    at Function._migrateDocuments (file:///C:/Users/rafam/Documents/Rol/Daggerheart/Greg%20Mach/DM%20Stuff/Foundry%20daggerheart/Foundry-daggerheart/Portable-FoundryVTT-v13.348/App/resources/app/dist/database/backend/server-document.mjs:1:2782)","timestamp":"2025-12-31 12:55:07"}
{"level":"error","message":"An error occurred during the migration of Item record [EcUepPeaFQz7tnme] of database \"daggerheart-extra-content.classes\":\nError: Documents from a core version newer than the running version cannot be migrated\n    at Function._migrateRecord (file:///C:/Users/rafam/Documents/Rol/Daggerheart/Greg%20Mach/DM%20Stuff/Foundry%20daggerheart/Foundry-daggerheart/Portable-FoundryVTT-v13.348/App/resources/app/dist/database/backend/server-document.mjs:1:3713)\n    at Function._migrateDocuments (file:///C:/Users/rafam/Documents/Rol/Daggerheart/Greg%20Mach/DM%20Stuff/Foundry%20daggerheart/Foundry-daggerheart/Portable-FoundryVTT-v13.348/App/resources/app/dist/database/backend/server-document.mjs:1:2782)","timestamp":"2025-12-31 12:55:07"}
{"level":"error","message":"An error occurred during the migration of Item record [MAT6l8tUvELiLK4L] of database \"daggerheart-extra-content.classes\":\nError: Documents from a core version newer than the running version cannot be migrated\n    at Function._migrateRecord (file:///C:/Users/rafam/Documents/Rol/Daggerheart/Greg%20Mach/DM%20Stuff/Foundry%20daggerheart/Foundry-daggerheart/Portable-FoundryVTT-v13.348/App/resources/app/dist/database/backend/server-document.mjs:1:3713)\n    at Function._migrateDocuments (file:///C:/Users/rafam/Documents/Rol/Daggerheart/Greg%20Mach/DM%20Stuff/Foundry%20daggerheart/Foundry-daggerheart/Portable-FoundryVTT-v13.348/App/resources/app/dist/database/backend/server-document.mjs:1:2782)","timestamp":"2025-12-31 12:55:07"}
{"level":"error","message":"An error occurred during the migration of Item record [N4mXcAWdpFYJdWZn] of database \"daggerheart-extra-content.classes\":\nError: Documents from a core version newer than the running version cannot be migrated\n    at Function._migrateRecord (file:///C:/Users/rafam/Documents/Rol/Daggerheart/Greg%20Mach/DM%20Stuff/Foundry%20daggerheart/Foundry-daggerheart/Portable-FoundryVTT-v13.348/App/resources/app/dist/database/backend/server-document.mjs:1:3713)\n    at Function._migrateDocuments (file:///C:/Users/rafam/Documents/Rol/Daggerheart/Greg%20Mach/DM%20Stuff/Foundry%20daggerheart/Foundry-daggerheart/Portable-FoundryVTT-v13.348/App/resources/app/dist/database/backend/server-document.mjs:1:2782)","timestamp":"2025-12-31 12:55:07"}
{"level":"error","message":"An error occurred during the migration of Item record [g01PAvRJsgiUHpnD] of database \"daggerheart-extra-content.classes\":\nError: Documents from a core version newer than the running version cannot be migrated\n    at Function._migrateRecord (file:///C:/Users/rafam/Documents/Rol/Daggerheart/Greg%20Mach/DM%20Stuff/Foundry%20daggerheart/Foundry-daggerheart/Portable-FoundryVTT-v13.348/App/resources/app/dist/database/backend/server-document.mjs:1:3713)\n    at Function._migrateDocuments (file:///C:/Users/rafam/Documents/Rol/Daggerheart/Greg%20Mach/DM%20Stuff/Foundry%20daggerheart/Foundry-daggerheart/Portable-FoundryVTT-v13.348/App/resources/app/dist/database/backend/server-document.mjs:1:2782)","timestamp":"2025-12-31 12:55:07"}
{"level":"error","message":"An error occurred during the migration of Item record [hXehaNaOdYzSJqxf] of database \"daggerheart-extra-content.classes\":\nError: Documents from a core version newer than the running version cannot be migrated\n    at Function._migrateRecord (file:///C:/Users/rafam/Documents/Rol/Daggerheart/Greg%20Mach/DM%20Stuff/Foundry%20daggerheart/Foundry-daggerheart/Portable-FoundryVTT-v13.348/App/resources/app/dist/database/backend/server-document.mjs:1:3713)\n    at Function._migrateDocuments (file:///C:/Users/rafam/Documents/Rol/Daggerheart/Greg%20Mach/DM%20Stuff/Foundry%20daggerheart/Foundry-daggerheart/Portable-FoundryVTT-v13.348/App/resources/app/dist/database/backend/server-document.mjs:1:2782)","timestamp":"2025-12-31 12:55:07"}
{"level":"error","message":"An error occurred during the migration of Item record [k4NTq8kIqQNNv9bl] of database \"daggerheart-extra-content.classes\":\nError: Documents from a core version newer than the running version cannot be migrated\n    at Function._migrateRecord (file:///C:/Users/rafam/Documents/Rol/Daggerheart/Greg%20Mach/DM%20Stuff/Foundry%20daggerheart/Foundry-daggerheart/Portable-FoundryVTT-v13.348/App/resources/app/dist/database/backend/server-document.mjs:1:3713)\n    at Function._migrateDocuments (file:///C:/Users/rafam/Documents/Rol/Daggerheart/Greg%20Mach/DM%20Stuff/Foundry%20daggerheart/Foundry-daggerheart/Portable-FoundryVTT-v13.348/App/resources/app/dist/database/backend/server-document.mjs:1:2782)","timestamp":"2025-12-31 12:55:07"}
{"level":"error","message":"An error occurred during the migration of Item record [m0xIb9uq6tlZdsoz] of database \"daggerheart-extra-content.classes\":\nError: Documents from a core version newer than the running version cannot be migrated\n    at Function._migrateRecord (file:///C:/Users/rafam/Documents/Rol/Daggerheart/Greg%20Mach/DM%20Stuff/Foundry%20daggerheart/Foundry-daggerheart/Portable-FoundryVTT-v13.348/App/resources/app/dist/database/backend/server-document.mjs:1:3713)\n    at Function._migrateDocuments (file:///C:/Users/rafam/Documents/Rol/Daggerheart/Greg%20Mach/DM%20Stuff/Foundry%20daggerheart/Foundry-daggerheart/Portable-FoundryVTT-v13.348/App/resources/app/dist/database/backend/server-document.mjs:1:2782)","timestamp":"2025-12-31 12:55:07"}
{"level":"error","message":"An error occurred during the migration of Item record [mYoYtle6DKA0UwQd] of database \"daggerheart-extra-content.classes\":\nError: Documents from a core version newer than the running version cannot be migrated\n    at Function._migrateRecord (file:///C:/Users/rafam/Documents/Rol/Daggerheart/Greg%20Mach/DM%20Stuff/Foundry%20daggerheart/Foundry-daggerheart/Portable-FoundryVTT-v13.348/App/resources/app/dist/database/backend/server-document.mjs:1:3713)\n    at Function._migrateDocuments (file:///C:/Users/rafam/Documents/Rol/Daggerheart/Greg%20Mach/DM%20Stuff/Foundry%20daggerheart/Foundry-daggerheart/Portable-FoundryVTT-v13.348/App/resources/app/dist/database/backend/server-document.mjs:1:2782)","timestamp":"2025-12-31 12:55:07"}
{"level":"error","message":"An error occurred during the migration of Item record [xGemeGMXhosaM22K] of database \"daggerheart-extra-content.classes\":\nError: Documents from a core version newer than the running version cannot be migrated\n    at Function._migrateRecord (file:///C:/Users/rafam/Documents/Rol/Daggerheart/Greg%20Mach/DM%20Stuff/Foundry%20daggerheart/Foundry-daggerheart/Portable-FoundryVTT-v13.348/App/resources/app/dist/database/backend/server-document.mjs:1:3713)\n    at Function._migrateDocuments (file:///C:/Users/rafam/Documents/Rol/Daggerheart/Greg%20Mach/DM%20Stuff/Foundry%20daggerheart/Foundry-daggerheart/Portable-FoundryVTT-v13.348/App/resources/app/dist/database/backend/server-document.mjs:1:2782)","timestamp":"2025-12-31 12:55:07"}
{"level":"error","message":"An error occurred during the migration of Item record [zzaKRTPuYEahfilp] of database \"daggerheart-extra-content.classes\":\nError: Documents from a core version newer than the running version cannot be migrated\n    at Function._migrateRecord (file:///C:/Users/rafam/Documents/Rol/Daggerheart/Greg%20Mach/DM%20Stuff/Foundry%20daggerheart/Foundry-daggerheart/Portable-FoundryVTT-v13.348/App/resources/app/dist/database/backend/server-document.mjs:1:3713)\n    at Function._migrateDocuments (file:///C:/Users/rafam/Documents/Rol/Daggerheart/Greg%20Mach/DM%20Stuff/Foundry%20daggerheart/Foundry-daggerheart/Portable-FoundryVTT-v13.348/App/resources/app/dist/database/backend/server-document.mjs:1:2782)","timestamp":"2025-12-31 12:55:07"}
{"level":"warn","message":"Database daggerheart-extra-content.classes was not fully migrated due to errors during migration.","timestamp":"2025-12-31 12:55:07"}
{"level":"info","message":"Launching World | Migrating Package Data - 72%","timestamp":"2025-12-31 12:55:07"}
{"level":"error","message":"An error occurred during the migration of Item record [0YAGrauVMvqpHUou] of database \"daggerheart-extra-content.subclasses\":\nError: Documents from a core version newer than the running version cannot be migrated\n    at Function._migrateRecord (file:///C:/Users/rafam/Documents/Rol/Daggerheart/Greg%20Mach/DM%20Stuff/Foundry%20daggerheart/Foundry-daggerheart/Portable-FoundryVTT-v13.348/App/resources/app/dist/database/backend/server-document.mjs:1:3713)\n    at Function._migrateDocuments (file:///C:/Users/rafam/Documents/Rol/Daggerheart/Greg%20Mach/DM%20Stuff/Foundry%20daggerheart/Foundry-daggerheart/Portable-FoundryVTT-v13.348/App/resources/app/dist/database/backend/server-document.mjs:1:2782)","timestamp":"2025-12-31 12:55:07"}
{"level":"error","message":"An error occurred during the migration of Item record [1vMdJBGISqJYzAA8] of database \"daggerheart-extra-content.subclasses\":\nError: Documents from a core version newer than the running version cannot be migrated\n    at Function._migrateRecord (file:///C:/Users/rafam/Documents/Rol/Daggerheart/Greg%20Mach/DM%20Stuff/Foundry%20daggerheart/Foundry-daggerheart/Portable-FoundryVTT-v13.348/App/resources/app/dist/database/backend/server-document.mjs:1:3713)\n    at Function._migrateDocuments (file:///C:/Users/rafam/Documents/Rol/Daggerheart/Greg%20Mach/DM%20Stuff/Foundry%20daggerheart/Foundry-daggerheart/Portable-FoundryVTT-v13.348/App/resources/app/dist/database/backend/server-document.mjs:1:2782)","timestamp":"2025-12-31 12:55:07"}
{"level":"error","message":"An error occurred during the migration of Item record [48oK5ke7KNhEoSBK] of database \"daggerheart-extra-content.subclasses\":\nError: Documents from a core version newer than the running version cannot be migrated\n    at Function._migrateRecord (file:///C:/Users/rafam/Documents/Rol/Daggerheart/Greg%20Mach/DM%20Stuff/Foundry%20daggerheart/Foundry-daggerheart/Portable-FoundryVTT-v13.348/App/resources/app/dist/database/backend/server-document.mjs:1:3713)\n    at Function._migrateDocuments (file:///C:/Users/rafam/Documents/Rol/Daggerheart/Greg%20Mach/DM%20Stuff/Foundry%20daggerheart/Foundry-daggerheart/Portable-FoundryVTT-v13.348/App/resources/app/dist/database/backend/server-document.mjs:1:2782)","timestamp":"2025-12-31 12:55:07"}
{"level":"error","message":"An error occurred during the migration of Item record [DeyoqbkHGP5Zm5bb] of database \"daggerheart-extra-content.subclasses\":\nError: Documents from a core version newer than the running version cannot be migrated\n    at Function._migrateRecord (file:///C:/Users/rafam/Documents/Rol/Daggerheart/Greg%20Mach/DM%20Stuff/Foundry%20daggerheart/Foundry-daggerheart/Portable-FoundryVTT-v13.348/App/resources/app/dist/database/backend/server-document.mjs:1:3713)\n    at Function._migrateDocuments (file:///C:/Users/rafam/Documents/Rol/Daggerheart/Greg%20Mach/DM%20Stuff/Foundry%20daggerheart/Foundry-daggerheart/Portable-FoundryVTT-v13.348/App/resources/app/dist/database/backend/server-document.mjs:1:2782)","timestamp":"2025-12-31 12:55:07"}
{"level":"error","message":"An error occurred during the migration of Item record [HQmOhlvOcO5GjiRG] of database \"daggerheart-extra-content.subclasses\":\nError: Documents from a core version newer than the running version cannot be migrated\n    at Function._migrateRecord (file:///C:/Users/rafam/Documents/Rol/Daggerheart/Greg%20Mach/DM%20Stuff/Foundry%20daggerheart/Foundry-daggerheart/Portable-FoundryVTT-v13.348/App/resources/app/dist/database/backend/server-document.mjs:1:3713)\n    at Function._migrateDocuments (file:///C:/Users/rafam/Documents/Rol/Daggerheart/Greg%20Mach/DM%20Stuff/Foundry%20daggerheart/Foundry-daggerheart/Portable-FoundryVTT-v13.348/App/resources/app/dist/database/backend/server-document.mjs:1:2782)","timestamp":"2025-12-31 12:55:07"}
{"level":"error","message":"An error occurred during the migration of Item record [LCqFlGKsObwYDIEm] of database \"daggerheart-extra-content.subclasses\":\nError: Documents from a core version newer than the running version cannot be migrated\n    at Function._migrateRecord (file:///C:/Users/rafam/Documents/Rol/Daggerheart/Greg%20Mach/DM%20Stuff/Foundry%20daggerheart/Foundry-daggerheart/Portable-FoundryVTT-v13.348/App/resources/app/dist/database/backend/server-document.mjs:1:3713)\n    at Function._migrateDocuments (file:///C:/Users/rafam/Documents/Rol/Daggerheart/Greg%20Mach/DM%20Stuff/Foundry%20daggerheart/Foundry-daggerheart/Portable-FoundryVTT-v13.348/App/resources/app/dist/database/backend/server-document.mjs:1:2782)","timestamp":"2025-12-31 12:55:07"}
{"level":"error","message":"An error occurred during the migration of Item record [ThjRka7o73hN3p0B] of database \"daggerheart-extra-content.subclasses\":\nError: Documents from a core version newer than the running version cannot be migrated\n    at Function._migrateRecord (file:///C:/Users/rafam/Documents/Rol/Daggerheart/Greg%20Mach/DM%20Stuff/Foundry%20daggerheart/Foundry-daggerheart/Portable-FoundryVTT-v13.348/App/resources/app/dist/database/backend/server-document.mjs:1:3713)\n    at Function._migrateDocuments (file:///C:/Users/rafam/Documents/Rol/Daggerheart/Greg%20Mach/DM%20Stuff/Foundry%20daggerheart/Foundry-daggerheart/Portable-FoundryVTT-v13.348/App/resources/app/dist/database/backend/server-document.mjs:1:2782)","timestamp":"2025-12-31 12:55:07"}
{"level":"error","message":"An error occurred during the migration of Item record [UOiFsix0pZrccp1y] of database \"daggerheart-extra-content.subclasses\":\nError: Documents from a core version newer than the running version cannot be migrated\n    at Function._migrateRecord (file:///C:/Users/rafam/Documents/Rol/Daggerheart/Greg%20Mach/DM%20Stuff/Foundry%20daggerheart/Foundry-daggerheart/Portable-FoundryVTT-v13.348/App/resources/app/dist/database/backend/server-document.mjs:1:3713)\n    at Function._migrateDocuments (file:///C:/Users/rafam/Documents/Rol/Daggerheart/Greg%20Mach/DM%20Stuff/Foundry%20daggerheart/Foundry-daggerheart/Portable-FoundryVTT-v13.348/App/resources/app/dist/database/backend/server-document.mjs:1:2782)","timestamp":"2025-12-31 12:55:07"}
{"level":"error","message":"An error occurred during the migration of Item record [YtPj46QA47slm76U] of database \"daggerheart-extra-content.subclasses\":\nError: Documents from a core version newer than the running version cannot be migrated\n    at Function._migrateRecord (file:///C:/Users/rafam/Documents/Rol/Daggerheart/Greg%20Mach/DM%20Stuff/Foundry%20daggerheart/Foundry-daggerheart/Portable-FoundryVTT-v13.348/App/resources/app/dist/database/backend/server-document.mjs:1:3713)\n    at Function._migrateDocuments (file:///C:/Users/rafam/Documents/Rol/Daggerheart/Greg%20Mach/DM%20Stuff/Foundry%20daggerheart/Foundry-daggerheart/Portable-FoundryVTT-v13.348/App/resources/app/dist/database/backend/server-document.mjs:1:2782)","timestamp":"2025-12-31 12:55:07"}
{"level":"error","message":"An error occurred during the migration of Item record [Z2oD6qtFjxzDYqWV] of database \"daggerheart-extra-content.subclasses\":\nError: Documents from a core version newer than the running version cannot be migrated\n    at Function._migrateRecord (file:///C:/Users/rafam/Documents/Rol/Daggerheart/Greg%20Mach/DM%20Stuff/Foundry%20daggerheart/Foundry-daggerheart/Portable-FoundryVTT-v13.348/App/resources/app/dist/database/backend/server-document.mjs:1:3713)\n    at Function._migrateDocuments (file:///C:/Users/rafam/Documents/Rol/Daggerheart/Greg%20Mach/DM%20Stuff/Foundry%20daggerheart/Foundry-daggerheart/Portable-FoundryVTT-v13.348/App/resources/app/dist/database/backend/server-document.mjs:1:2782)","timestamp":"2025-12-31 12:55:07"}
{"level":"error","message":"An error occurred during the migration of Item record [aKNaVPnQeDzCZl6w] of database \"daggerheart-extra-content.subclasses\":\nError: Documents from a core version newer than the running version cannot be migrated\n    at Function._migrateRecord (file:///C:/Users/rafam/Documents/Rol/Daggerheart/Greg%20Mach/DM%20Stuff/Foundry%20daggerheart/Foundry-daggerheart/Portable-FoundryVTT-v13.348/App/resources/app/dist/database/backend/server-document.mjs:1:3713)\n    at Function._migrateDocuments (file:///C:/Users/rafam/Documents/Rol/Daggerheart/Greg%20Mach/DM%20Stuff/Foundry%20daggerheart/Foundry-daggerheart/Portable-FoundryVTT-v13.348/App/resources/app/dist/database/backend/server-document.mjs:1:2782)","timestamp":"2025-12-31 12:55:07"}
{"level":"error","message":"An error occurred during the migration of Item record [bQMybQa340rpMCR8] of database \"daggerheart-extra-content.subclasses\":\nError: Documents from a core version newer than the running version cannot be migrated\n    at Function._migrateRecord (file:///C:/Users/rafam/Documents/Rol/Daggerheart/Greg%20Mach/DM%20Stuff/Foundry%20daggerheart/Foundry-daggerheart/Portable-FoundryVTT-v13.348/App/resources/app/dist/database/backend/server-document.mjs:1:3713)\n    at Function._migrateDocuments (file:///C:/Users/rafam/Documents/Rol/Daggerheart/Greg%20Mach/DM%20Stuff/Foundry%20daggerheart/Foundry-daggerheart/Portable-FoundryVTT-v13.348/App/resources/app/dist/database/backend/server-document.mjs:1:2782)","timestamp":"2025-12-31 12:55:07"}
{"level":"error","message":"An error occurred during the migration of Item record [eM46wwEPFHNI99sq] of database \"daggerheart-extra-content.subclasses\":\nError: Documents from a core version newer than the running version cannot be migrated\n    at Function._migrateRecord (file:///C:/Users/rafam/Documents/Rol/Daggerheart/Greg%20Mach/DM%20Stuff/Foundry%20daggerheart/Foundry-daggerheart/Portable-FoundryVTT-v13.348/App/resources/app/dist/database/backend/server-document.mjs:1:3713)\n    at Function._migrateDocuments (file:///C:/Users/rafam/Documents/Rol/Daggerheart/Greg%20Mach/DM%20Stuff/Foundry%20daggerheart/Foundry-daggerheart/Portable-FoundryVTT-v13.348/App/resources/app/dist/database/backend/server-document.mjs:1:2782)","timestamp":"2025-12-31 12:55:07"}
{"level":"error","message":"An error occurred during the migration of Item record [eQ8YQvNFJJnz9OqQ] of database \"daggerheart-extra-content.subclasses\":\nError: Documents from a core version newer than the running version cannot be migrated\n    at Function._migrateRecord (file:///C:/Users/rafam/Documents/Rol/Daggerheart/Greg%20Mach/DM%20Stuff/Foundry%20daggerheart/Foundry-daggerheart/Portable-FoundryVTT-v13.348/App/resources/app/dist/database/backend/server-document.mjs:1:3713)\n    at Function._migrateDocuments (file:///C:/Users/rafam/Documents/Rol/Daggerheart/Greg%20Mach/DM%20Stuff/Foundry%20daggerheart/Foundry-daggerheart/Portable-FoundryVTT-v13.348/App/resources/app/dist/database/backend/server-document.mjs:1:2782)","timestamp":"2025-12-31 12:55:07"}
{"level":"error","message":"An error occurred during the migration of Item record [hRIq3JkT9ZwZr5Qf] of database \"daggerheart-extra-content.subclasses\":\nError: Documents from a core version newer than the running version cannot be migrated\n    at Function._migrateRecord (file:///C:/Users/rafam/Documents/Rol/Daggerheart/Greg%20Mach/DM%20Stuff/Foundry%20daggerheart/Foundry-daggerheart/Portable-FoundryVTT-v13.348/App/resources/app/dist/database/backend/server-document.mjs:1:3713)\n    at Function._migrateDocuments (file:///C:/Users/rafam/Documents/Rol/Daggerheart/Greg%20Mach/DM%20Stuff/Foundry%20daggerheart/Foundry-daggerheart/Portable-FoundryVTT-v13.348/App/resources/app/dist/database/backend/server-document.mjs:1:2782)","timestamp":"2025-12-31 12:55:07"}
{"level":"error","message":"An error occurred during the migration of Item record [hZqlmZX7lIGN3auH] of database \"daggerheart-extra-content.subclasses\":\nError: Documents from a core version newer than the running version cannot be migrated\n    at Function._migrateRecord (file:///C:/Users/rafam/Documents/Rol/Daggerheart/Greg%20Mach/DM%20Stuff/Foundry%20daggerheart/Foundry-daggerheart/Portable-FoundryVTT-v13.348/App/resources/app/dist/database/backend/server-document.mjs:1:3713)\n    at Function._migrateDocuments (file:///C:/Users/rafam/Documents/Rol/Daggerheart/Greg%20Mach/DM%20Stuff/Foundry%20daggerheart/Foundry-daggerheart/Portable-FoundryVTT-v13.348/App/resources/app/dist/database/backend/server-document.mjs:1:2782)","timestamp":"2025-12-31 12:55:07"}
{"level":"error","message":"An error occurred during the migration of Item record [lwShv1Is6MN1zDor] of database \"daggerheart-extra-content.subclasses\":\nError: Documents from a core version newer than the running version cannot be migrated\n    at Function._migrateRecord (file:///C:/Users/rafam/Documents/Rol/Daggerheart/Greg%20Mach/DM%20Stuff/Foundry%20daggerheart/Foundry-daggerheart/Portable-FoundryVTT-v13.348/App/resources/app/dist/database/backend/server-document.mjs:1:3713)\n    at Function._migrateDocuments (file:///C:/Users/rafam/Documents/Rol/Daggerheart/Greg%20Mach/DM%20Stuff/Foundry%20daggerheart/Foundry-daggerheart/Portable-FoundryVTT-v13.348/App/resources/app/dist/database/backend/server-document.mjs:1:2782)","timestamp":"2025-12-31 12:55:07"}
{"level":"error","message":"An error occurred during the migration of Item record [oWFZxLUa6apOCBW6] of database \"daggerheart-extra-content.subclasses\":\nError: Documents from a core version newer than the running version cannot be migrated\n    at Function._migrateRecord (file:///C:/Users/rafam/Documents/Rol/Daggerheart/Greg%20Mach/DM%20Stuff/Foundry%20daggerheart/Foundry-daggerheart/Portable-FoundryVTT-v13.348/App/resources/app/dist/database/backend/server-document.mjs:1:3713)\n    at Function._migrateDocuments (file:///C:/Users/rafam/Documents/Rol/Daggerheart/Greg%20Mach/DM%20Stuff/Foundry%20daggerheart/Foundry-daggerheart/Portable-FoundryVTT-v13.348/App/resources/app/dist/database/backend/server-document.mjs:1:2782)","timestamp":"2025-12-31 12:55:07"}
{"level":"error","message":"An error occurred during the migration of Item record [uZZCmokDQbizjw1d] of database \"daggerheart-extra-content.subclasses\":\nError: Documents from a core version newer than the running version cannot be migrated\n    at Function._migrateRecord (file:///C:/Users/rafam/Documents/Rol/Daggerheart/Greg%20Mach/DM%20Stuff/Foundry%20daggerheart/Foundry-daggerheart/Portable-FoundryVTT-v13.348/App/resources/app/dist/database/backend/server-document.mjs:1:3713)\n    at Function._migrateDocuments (file:///C:/Users/rafam/Documents/Rol/Daggerheart/Greg%20Mach/DM%20Stuff/Foundry%20daggerheart/Foundry-daggerheart/Portable-FoundryVTT-v13.348/App/resources/app/dist/database/backend/server-document.mjs:1:2782)","timestamp":"2025-12-31 12:55:07"}
{"level":"error","message":"An error occurred during the migration of Item record [ytYGENKq8AtjYqTb] of database \"daggerheart-extra-content.subclasses\":\nError: Documents from a core version newer than the running version cannot be migrated\n    at Function._migrateRecord (file:///C:/Users/rafam/Documents/Rol/Daggerheart/Greg%20Mach/DM%20Stuff/Foundry%20daggerheart/Foundry-daggerheart/Portable-FoundryVTT-v13.348/App/resources/app/dist/database/backend/server-document.mjs:1:3713)\n    at Function._migrateDocuments (file:///C:/Users/rafam/Documents/Rol/Daggerheart/Greg%20Mach/DM%20Stuff/Foundry%20daggerheart/Foundry-daggerheart/Portable-FoundryVTT-v13.348/App/resources/app/dist/database/backend/server-document.mjs:1:2782)","timestamp":"2025-12-31 12:55:07"}
{"level":"warn","message":"Database daggerheart-extra-content.subclasses was not fully migrated due to errors during migration.","timestamp":"2025-12-31 12:55:07"}
{"level":"info","message":"Launching World | Migrating Package Data - 75%","timestamp":"2025-12-31 12:55:07"}
{"level":"error","message":"An error occurred during the migration of Item record [9X2envWaXGSWx82V] of database \"the-void-unofficial.classes\":\nError: Documents from a core version newer than the running version cannot be migrated\n    at Function._migrateRecord (file:///C:/Users/rafam/Documents/Rol/Daggerheart/Greg%20Mach/DM%20Stuff/Foundry%20daggerheart/Foundry-daggerheart/Portable-FoundryVTT-v13.348/App/resources/app/dist/database/backend/server-document.mjs:1:3713)\n    at Function._migrateDocuments (file:///C:/Users/rafam/Documents/Rol/Daggerheart/Greg%20Mach/DM%20Stuff/Foundry%20daggerheart/Foundry-daggerheart/Portable-FoundryVTT-v13.348/App/resources/app/dist/database/backend/server-document.mjs:1:2782)","timestamp":"2025-12-31 12:55:07"}
{"level":"error","message":"An error occurred during the migration of Item record [R0wYgWyPih4CpTE5] of database \"the-void-unofficial.classes\":\nError: Documents from a core version newer than the running version cannot be migrated\n    at Function._migrateRecord (file:///C:/Users/rafam/Documents/Rol/Daggerheart/Greg%20Mach/DM%20Stuff/Foundry%20daggerheart/Foundry-daggerheart/Portable-FoundryVTT-v13.348/App/resources/app/dist/database/backend/server-document.mjs:1:3713)\n    at Function._migrateDocuments (file:///C:/Users/rafam/Documents/Rol/Daggerheart/Greg%20Mach/DM%20Stuff/Foundry%20daggerheart/Foundry-daggerheart/Portable-FoundryVTT-v13.348/App/resources/app/dist/database/backend/server-document.mjs:1:2782)","timestamp":"2025-12-31 12:55:07"}
{"level":"error","message":"An error occurred during the migration of Item record [TGTBooD83OWXyQj1] of database \"the-void-unofficial.classes\":\nError: Documents from a core version newer than the running version cannot be migrated\n    at Function._migrateRecord (file:///C:/Users/rafam/Documents/Rol/Daggerheart/Greg%20Mach/DM%20Stuff/Foundry%20daggerheart/Foundry-daggerheart/Portable-FoundryVTT-v13.348/App/resources/app/dist/database/backend/server-document.mjs:1:3713)\n    at Function._migrateDocuments (file:///C:/Users/rafam/Documents/Rol/Daggerheart/Greg%20Mach/DM%20Stuff/Foundry%20daggerheart/Foundry-daggerheart/Portable-FoundryVTT-v13.348/App/resources/app/dist/database/backend/server-document.mjs:1:2782)","timestamp":"2025-12-31 12:55:07"}
{"level":"error","message":"An error occurred during the migration of Item record [gugHbXBWP24CFTJZ] of database \"the-void-unofficial.classes\":\nError: Documents from a core version newer than the running version cannot be migrated\n    at Function._migrateRecord (file:///C:/Users/rafam/Documents/Rol/Daggerheart/Greg%20Mach/DM%20Stuff/Foundry%20daggerheart/Foundry-daggerheart/Portable-FoundryVTT-v13.348/App/resources/app/dist/database/backend/server-document.mjs:1:3713)\n    at Function._migrateDocuments (file:///C:/Users/rafam/Documents/Rol/Daggerheart/Greg%20Mach/DM%20Stuff/Foundry%20daggerheart/Foundry-daggerheart/Portable-FoundryVTT-v13.348/App/resources/app/dist/database/backend/server-document.mjs:1:2782)","timestamp":"2025-12-31 12:55:07"}
{"level":"error","message":"An error occurred during the migration of Item record [m3CvI4nlskOu5jZS] of database \"the-void-unofficial.classes\":\nError: Documents from a core version newer than the running version cannot be migrated\n    at Function._migrateRecord (file:///C:/Users/rafam/Documents/Rol/Daggerheart/Greg%20Mach/DM%20Stuff/Foundry%20daggerheart/Foundry-daggerheart/Portable-FoundryVTT-v13.348/App/resources/app/dist/database/backend/server-document.mjs:1:3713)\n    at Function._migrateDocuments (file:///C:/Users/rafam/Documents/Rol/Daggerheart/Greg%20Mach/DM%20Stuff/Foundry%20daggerheart/Foundry-daggerheart/Portable-FoundryVTT-v13.348/App/resources/app/dist/database/backend/server-document.mjs:1:2782)","timestamp":"2025-12-31 12:55:07"}
{"level":"error","message":"An error occurred during the migration of Item record [otb0ThXWuqQzzWho] of database \"the-void-unofficial.classes\":\nError: Documents from a core version newer than the running version cannot be migrated\n    at Function._migrateRecord (file:///C:/Users/rafam/Documents/Rol/Daggerheart/Greg%20Mach/DM%20Stuff/Foundry%20daggerheart/Foundry-daggerheart/Portable-FoundryVTT-v13.348/App/resources/app/dist/database/backend/server-document.mjs:1:3713)\n    at Function._migrateDocuments (file:///C:/Users/rafam/Documents/Rol/Daggerheart/Greg%20Mach/DM%20Stuff/Foundry%20daggerheart/Foundry-daggerheart/Portable-FoundryVTT-v13.348/App/resources/app/dist/database/backend/server-document.mjs:1:2782)","timestamp":"2025-12-31 12:55:07"}
{"level":"error","message":"An error occurred during the migration of Item record [v5M0mxaTDJCyhAsR] of database \"the-void-unofficial.classes\":\nError: Documents from a core version newer than the running version cannot be migrated\n    at Function._migrateRecord (file:///C:/Users/rafam/Documents/Rol/Daggerheart/Greg%20Mach/DM%20Stuff/Foundry%20daggerheart/Foundry-daggerheart/Portable-FoundryVTT-v13.348/App/resources/app/dist/database/backend/server-document.mjs:1:3713)\n    at Function._migrateDocuments (file:///C:/Users/rafam/Documents/Rol/Daggerheart/Greg%20Mach/DM%20Stuff/Foundry%20daggerheart/Foundry-daggerheart/Portable-FoundryVTT-v13.348/App/resources/app/dist/database/backend/server-document.mjs:1:2782)","timestamp":"2025-12-31 12:55:07"}
{"level":"warn","message":"Database the-void-unofficial.classes was not fully migrated due to errors during migration.","timestamp":"2025-12-31 12:55:07"}
{"level":"info","message":"Launching World | Migrating Package Data - 78%","timestamp":"2025-12-31 12:55:07"}
{"level":"error","message":"An error occurred during the migration of Item record [1PPk39iarFpWylOi] of database \"the-void-unofficial.subclasses\":\nError: Documents from a core version newer than the running version cannot be migrated\n    at Function._migrateRecord (file:///C:/Users/rafam/Documents/Rol/Daggerheart/Greg%20Mach/DM%20Stuff/Foundry%20daggerheart/Foundry-daggerheart/Portable-FoundryVTT-v13.348/App/resources/app/dist/database/backend/server-document.mjs:1:3713)\n    at Function._migrateDocuments (file:///C:/Users/rafam/Documents/Rol/Daggerheart/Greg%20Mach/DM%20Stuff/Foundry%20daggerheart/Foundry-daggerheart/Portable-FoundryVTT-v13.348/App/resources/app/dist/database/backend/server-document.mjs:1:2782)","timestamp":"2025-12-31 12:55:07"}
{"level":"error","message":"An error occurred during the migration of Item record [4Jaekd41DdaPdWkw] of database \"the-void-unofficial.subclasses\":\nError: Documents from a core version newer than the running version cannot be migrated\n    at Function._migrateRecord (file:///C:/Users/rafam/Documents/Rol/Daggerheart/Greg%20Mach/DM%20Stuff/Foundry%20daggerheart/Foundry-daggerheart/Portable-FoundryVTT-v13.348/App/resources/app/dist/database/backend/server-document.mjs:1:3713)\n    at Function._migrateDocuments (file:///C:/Users/rafam/Documents/Rol/Daggerheart/Greg%20Mach/DM%20Stuff/Foundry%20daggerheart/Foundry-daggerheart/Portable-FoundryVTT-v13.348/App/resources/app/dist/database/backend/server-document.mjs:1:2782)","timestamp":"2025-12-31 12:55:07"}
{"level":"error","message":"An error occurred during the migration of Item record [8EGGJmnqPBs9CrO9] of database \"the-void-unofficial.subclasses\":\nError: Documents from a core version newer than the running version cannot be migrated\n    at Function._migrateRecord (file:///C:/Users/rafam/Documents/Rol/Daggerheart/Greg%20Mach/DM%20Stuff/Foundry%20daggerheart/Foundry-daggerheart/Portable-FoundryVTT-v13.348/App/resources/app/dist/database/backend/server-document.mjs:1:3713)\n    at Function._migrateDocuments (file:///C:/Users/rafam/Documents/Rol/Daggerheart/Greg%20Mach/DM%20Stuff/Foundry%20daggerheart/Foundry-daggerheart/Portable-FoundryVTT-v13.348/App/resources/app/dist/database/backend/server-document.mjs:1:2782)","timestamp":"2025-12-31 12:55:07"}
{"level":"error","message":"An error occurred during the migration of Item record [GXYbLE8fG6fmGvFE] of database \"the-void-unofficial.subclasses\":\nError: Documents from a core version newer than the running version cannot be migrated\n    at Function._migrateRecord (file:///C:/Users/rafam/Documents/Rol/Daggerheart/Greg%20Mach/DM%20Stuff/Foundry%20daggerheart/Foundry-daggerheart/Portable-FoundryVTT-v13.348/App/resources/app/dist/database/backend/server-document.mjs:1:3713)\n    at Function._migrateDocuments (file:///C:/Users/rafam/Documents/Rol/Daggerheart/Greg%20Mach/DM%20Stuff/Foundry%20daggerheart/Foundry-daggerheart/Portable-FoundryVTT-v13.348/App/resources/app/dist/database/backend/server-document.mjs:1:2782)","timestamp":"2025-12-31 12:55:07"}
{"level":"error","message":"An error occurred during the migration of Item record [H8iGhoEsLwbhmUjb] of database \"the-void-unofficial.subclasses\":\nError: Documents from a core version newer than the running version cannot be migrated\n    at Function._migrateRecord (file:///C:/Users/rafam/Documents/Rol/Daggerheart/Greg%20Mach/DM%20Stuff/Foundry%20daggerheart/Foundry-daggerheart/Portable-FoundryVTT-v13.348/App/resources/app/dist/database/backend/server-document.mjs:1:3713)\n    at Function._migrateDocuments (file:///C:/Users/rafam/Documents/Rol/Daggerheart/Greg%20Mach/DM%20Stuff/Foundry%20daggerheart/Foundry-daggerheart/Portable-FoundryVTT-v13.348/App/resources/app/dist/database/backend/server-document.mjs:1:2782)","timestamp":"2025-12-31 12:55:07"}
{"level":"error","message":"An error occurred during the migration of Item record [JIO4bvmWGH4tTXpQ] of database \"the-void-unofficial.subclasses\":\nError: Documents from a core version newer than the running version cannot be migrated\n    at Function._migrateRecord (file:///C:/Users/rafam/Documents/Rol/Daggerheart/Greg%20Mach/DM%20Stuff/Foundry%20daggerheart/Foundry-daggerheart/Portable-FoundryVTT-v13.348/App/resources/app/dist/database/backend/server-document.mjs:1:3713)\n    at Function._migrateDocuments (file:///C:/Users/rafam/Documents/Rol/Daggerheart/Greg%20Mach/DM%20Stuff/Foundry%20daggerheart/Foundry-daggerheart/Portable-FoundryVTT-v13.348/App/resources/app/dist/database/backend/server-document.mjs:1:2782)","timestamp":"2025-12-31 12:55:07"}
{"level":"error","message":"An error occurred during the migration of Item record [JWlQd6XSBB22ASBs] of database \"the-void-unofficial.subclasses\":\nError: Documents from a core version newer than the running version cannot be migrated\n    at Function._migrateRecord (file:///C:/Users/rafam/Documents/Rol/Daggerheart/Greg%20Mach/DM%20Stuff/Foundry%20daggerheart/Foundry-daggerheart/Portable-FoundryVTT-v13.348/App/resources/app/dist/database/backend/server-document.mjs:1:3713)\n    at Function._migrateDocuments (file:///C:/Users/rafam/Documents/Rol/Daggerheart/Greg%20Mach/DM%20Stuff/Foundry%20daggerheart/Foundry-daggerheart/Portable-FoundryVTT-v13.348/App/resources/app/dist/database/backend/server-document.mjs:1:2782)","timestamp":"2025-12-31 12:55:07"}
{"level":"error","message":"An error occurred during the migration of Item record [JiPSjjjWxSbnoQRe] of database \"the-void-unofficial.subclasses\":\nError: Documents from a core version newer than the running version cannot be migrated\n    at Function._migrateRecord (file:///C:/Users/rafam/Documents/Rol/Daggerheart/Greg%20Mach/DM%20Stuff/Foundry%20daggerheart/Foundry-daggerheart/Portable-FoundryVTT-v13.348/App/resources/app/dist/database/backend/server-document.mjs:1:3713)\n    at Function._migrateDocuments (file:///C:/Users/rafam/Documents/Rol/Daggerheart/Greg%20Mach/DM%20Stuff/Foundry%20daggerheart/Foundry-daggerheart/Portable-FoundryVTT-v13.348/App/resources/app/dist/database/backend/server-document.mjs:1:2782)","timestamp":"2025-12-31 12:55:07"}
{"level":"error","message":"An error occurred during the migration of Item record [XeSsopeDDreSRv5A] of database \"the-void-unofficial.subclasses\":\nError: Documents from a core version newer than the running version cannot be migrated\n    at Function._migrateRecord (file:///C:/Users/rafam/Documents/Rol/Daggerheart/Greg%20Mach/DM%20Stuff/Foundry%20daggerheart/Foundry-daggerheart/Portable-FoundryVTT-v13.348/App/resources/app/dist/database/backend/server-document.mjs:1:3713)\n    at Function._migrateDocuments (file:///C:/Users/rafam/Documents/Rol/Daggerheart/Greg%20Mach/DM%20Stuff/Foundry%20daggerheart/Foundry-daggerheart/Portable-FoundryVTT-v13.348/App/resources/app/dist/database/backend/server-document.mjs:1:2782)","timestamp":"2025-12-31 12:55:07"}
{"level":"error","message":"An error occurred during the migration of Item record [YN38IzjqW5paIy92] of database \"the-void-unofficial.subclasses\":\nError: Documents from a core version newer than the running version cannot be migrated\n    at Function._migrateRecord (file:///C:/Users/rafam/Documents/Rol/Daggerheart/Greg%20Mach/DM%20Stuff/Foundry%20daggerheart/Foundry-daggerheart/Portable-FoundryVTT-v13.348/App/resources/app/dist/database/backend/server-document.mjs:1:3713)\n    at Function._migrateDocuments (file:///C:/Users/rafam/Documents/Rol/Daggerheart/Greg%20Mach/DM%20Stuff/Foundry%20daggerheart/Foundry-daggerheart/Portable-FoundryVTT-v13.348/App/resources/app/dist/database/backend/server-document.mjs:1:2782)","timestamp":"2025-12-31 12:55:07"}
{"level":"error","message":"An error occurred during the migration of Item record [ZYdJamwMgRsiG733] of database \"the-void-unofficial.subclasses\":\nError: Documents from a core version newer than the running version cannot be migrated\n    at Function._migrateRecord (file:///C:/Users/rafam/Documents/Rol/Daggerheart/Greg%20Mach/DM%20Stuff/Foundry%20daggerheart/Foundry-daggerheart/Portable-FoundryVTT-v13.348/App/resources/app/dist/database/backend/server-document.mjs:1:3713)\n    at Function._migrateDocuments (file:///C:/Users/rafam/Documents/Rol/Daggerheart/Greg%20Mach/DM%20Stuff/Foundry%20daggerheart/Foundry-daggerheart/Portable-FoundryVTT-v13.348/App/resources/app/dist/database/backend/server-document.mjs:1:2782)","timestamp":"2025-12-31 12:55:07"}
{"level":"error","message":"An error occurred during the migration of Item record [aFtWBHgUBxsCptI2] of database \"the-void-unofficial.subclasses\":\nError: Documents from a core version newer than the running version cannot be migrated\n    at Function._migrateRecord (file:///C:/Users/rafam/Documents/Rol/Daggerheart/Greg%20Mach/DM%20Stuff/Foundry%20daggerheart/Foundry-daggerheart/Portable-FoundryVTT-v13.348/App/resources/app/dist/database/backend/server-document.mjs:1:3713)\n    at Function._migrateDocuments (file:///C:/Users/rafam/Documents/Rol/Daggerheart/Greg%20Mach/DM%20Stuff/Foundry%20daggerheart/Foundry-daggerheart/Portable-FoundryVTT-v13.348/App/resources/app/dist/database/backend/server-document.mjs:1:2782)","timestamp":"2025-12-31 12:55:07"}
{"level":"error","message":"An error occurred during the migration of Item record [h0PlfOo87vjMIR2n] of database \"the-void-unofficial.subclasses\":\nError: Documents from a core version newer than the running version cannot be migrated\n    at Function._migrateRecord (file:///C:/Users/rafam/Documents/Rol/Daggerheart/Greg%20Mach/DM%20Stuff/Foundry%20daggerheart/Foundry-daggerheart/Portable-FoundryVTT-v13.348/App/resources/app/dist/database/backend/server-document.mjs:1:3713)\n    at Function._migrateDocuments (file:///C:/Users/rafam/Documents/Rol/Daggerheart/Greg%20Mach/DM%20Stuff/Foundry%20daggerheart/Foundry-daggerheart/Portable-FoundryVTT-v13.348/App/resources/app/dist/database/backend/server-document.mjs:1:2782)","timestamp":"2025-12-31 12:55:07"}
{"level":"error","message":"An error occurred during the migration of Item record [h3bzYGrnwkKQBJ6d] of database \"the-void-unofficial.subclasses\":\nError: Documents from a core version newer than the running version cannot be migrated\n    at Function._migrateRecord (file:///C:/Users/rafam/Documents/Rol/Daggerheart/Greg%20Mach/DM%20Stuff/Foundry%20daggerheart/Foundry-daggerheart/Portable-FoundryVTT-v13.348/App/resources/app/dist/database/backend/server-document.mjs:1:3713)\n    at Function._migrateDocuments (file:///C:/Users/rafam/Documents/Rol/Daggerheart/Greg%20Mach/DM%20Stuff/Foundry%20daggerheart/Foundry-daggerheart/Portable-FoundryVTT-v13.348/App/resources/app/dist/database/backend/server-document.mjs:1:2782)","timestamp":"2025-12-31 12:55:07"}
{"level":"error","message":"An error occurred during the migration of Item record [mRNqGokQNZEK8GSP] of database \"the-void-unofficial.subclasses\":\nError: Documents from a core version newer than the running version cannot be migrated\n    at Function._migrateRecord (file:///C:/Users/rafam/Documents/Rol/Daggerheart/Greg%20Mach/DM%20Stuff/Foundry%20daggerheart/Foundry-daggerheart/Portable-FoundryVTT-v13.348/App/resources/app/dist/database/backend/server-document.mjs:1:3713)\n    at Function._migrateDocuments (file:///C:/Users/rafam/Documents/Rol/Daggerheart/Greg%20Mach/DM%20Stuff/Foundry%20daggerheart/Foundry-daggerheart/Portable-FoundryVTT-v13.348/App/resources/app/dist/database/backend/server-document.mjs:1:2782)","timestamp":"2025-12-31 12:55:07"}
{"level":"error","message":"An error occurred during the migration of Item record [sajwdoQ5JVzqeqsj] of database \"the-void-unofficial.subclasses\":\nError: Documents from a core version newer than the running version cannot be migrated\n    at Function._migrateRecord (file:///C:/Users/rafam/Documents/Rol/Daggerheart/Greg%20Mach/DM%20Stuff/Foundry%20daggerheart/Foundry-daggerheart/Portable-FoundryVTT-v13.348/App/resources/app/dist/database/backend/server-document.mjs:1:3713)\n    at Function._migrateDocuments (file:///C:/Users/rafam/Documents/Rol/Daggerheart/Greg%20Mach/DM%20Stuff/Foundry%20daggerheart/Foundry-daggerheart/Portable-FoundryVTT-v13.348/App/resources/app/dist/database/backend/server-document.mjs:1:2782)","timestamp":"2025-12-31 12:55:07"}
{"level":"error","message":"An error occurred during the migration of Item record [ulURXMXGHT33vnD9] of database \"the-void-unofficial.subclasses\":\nError: Documents from a core version newer than the running version cannot be migrated\n    at Function._migrateRecord (file:///C:/Users/rafam/Documents/Rol/Daggerheart/Greg%20Mach/DM%20Stuff/Foundry%20daggerheart/Foundry-daggerheart/Portable-FoundryVTT-v13.348/App/resources/app/dist/database/backend/server-document.mjs:1:3713)\n    at Function._migrateDocuments (file:///C:/Users/rafam/Documents/Rol/Daggerheart/Greg%20Mach/DM%20Stuff/Foundry%20daggerheart/Foundry-daggerheart/Portable-FoundryVTT-v13.348/App/resources/app/dist/database/backend/server-document.mjs:1:2782)","timestamp":"2025-12-31 12:55:07"}
{"level":"error","message":"An error occurred during the migration of Item record [zkpNSVJfpnR0InYL] of database \"the-void-unofficial.subclasses\":\nError: Documents from a core version newer than the running version cannot be migrated\n    at Function._migrateRecord (file:///C:/Users/rafam/Documents/Rol/Daggerheart/Greg%20Mach/DM%20Stuff/Foundry%20daggerheart/Foundry-daggerheart/Portable-FoundryVTT-v13.348/App/resources/app/dist/database/backend/server-document.mjs:1:3713)\n    at Function._migrateDocuments (file:///C:/Users/rafam/Documents/Rol/Daggerheart/Greg%20Mach/DM%20Stuff/Foundry%20daggerheart/Foundry-daggerheart/Portable-FoundryVTT-v13.348/App/resources/app/dist/database/backend/server-document.mjs:1:2782)","timestamp":"2025-12-31 12:55:07"}
{"level":"warn","message":"Database the-void-unofficial.subclasses was not fully migrated due to errors during migration.","timestamp":"2025-12-31 12:55:07"}
{"level":"info","message":"Launching World | Migrating Package Data - 81%","timestamp":"2025-12-31 12:55:07"}
{"level":"info","message":"Launching World | Migrating Package Data - 83%","timestamp":"2025-12-31 12:55:07"}
{"level":"info","message":"Launching World | Migrating Package Data - 86%","timestamp":"2025-12-31 12:55:07"}
{"level":"error","message":"An error occurred during the migration of Item record [0NoQWqYOiPdXdUhQ] of database \"the-void-unofficial.domains\":\nError: Documents from a core version newer than the running version cannot be migrated\n    at Function._migrateRecord (file:///C:/Users/rafam/Documents/Rol/Daggerheart/Greg%20Mach/DM%20Stuff/Foundry%20daggerheart/Foundry-daggerheart/Portable-FoundryVTT-v13.348/App/resources/app/dist/database/backend/server-document.mjs:1:3713)\n    at Function._migrateDocuments (file:///C:/Users/rafam/Documents/Rol/Daggerheart/Greg%20Mach/DM%20Stuff/Foundry%20daggerheart/Foundry-daggerheart/Portable-FoundryVTT-v13.348/App/resources/app/dist/database/backend/server-document.mjs:1:2782)","timestamp":"2025-12-31 12:55:07"}
{"level":"error","message":"An error occurred during the migration of Item record [176CHYdrz550TiEa] of database \"the-void-unofficial.domains\":\nError: Documents from a core version newer than the running version cannot be migrated\n    at Function._migrateRecord (file:///C:/Users/rafam/Documents/Rol/Daggerheart/Greg%20Mach/DM%20Stuff/Foundry%20daggerheart/Foundry-daggerheart/Portable-FoundryVTT-v13.348/App/resources/app/dist/database/backend/server-document.mjs:1:3713)\n    at Function._migrateDocuments (file:///C:/Users/rafam/Documents/Rol/Daggerheart/Greg%20Mach/DM%20Stuff/Foundry%20daggerheart/Foundry-daggerheart/Portable-FoundryVTT-v13.348/App/resources/app/dist/database/backend/server-document.mjs:1:2782)","timestamp":"2025-12-31 12:55:07"}
{"level":"error","message":"An error occurred during the migration of Item record [65NWcF4RSZgyJXFt] of database \"the-void-unofficial.domains\":\nError: Documents from a core version newer than the running version cannot be migrated\n    at Function._migrateRecord (file:///C:/Users/rafam/Documents/Rol/Daggerheart/Greg%20Mach/DM%20Stuff/Foundry%20daggerheart/Foundry-daggerheart/Portable-FoundryVTT-v13.348/App/resources/app/dist/database/backend/server-document.mjs:1:3713)\n    at Function._migrateDocuments (file:///C:/Users/rafam/Documents/Rol/Daggerheart/Greg%20Mach/DM%20Stuff/Foundry%20daggerheart/Foundry-daggerheart/Portable-FoundryVTT-v13.348/App/resources/app/dist/database/backend/server-document.mjs:1:2782)","timestamp":"2025-12-31 12:55:07"}
{"level":"error","message":"An error occurred during the migration of Item record [88xwPHpicN5uBo0f] of database \"the-void-unofficial.domains\":\nError: Documents from a core version newer than the running version cannot be migrated\n    at Function._migrateRecord (file:///C:/Users/rafam/Documents/Rol/Daggerheart/Greg%20Mach/DM%20Stuff/Foundry%20daggerheart/Foundry-daggerheart/Portable-FoundryVTT-v13.348/App/resources/app/dist/database/backend/server-document.mjs:1:3713)\n    at Function._migrateDocuments (file:///C:/Users/rafam/Documents/Rol/Daggerheart/Greg%20Mach/DM%20Stuff/Foundry%20daggerheart/Foundry-daggerheart/Portable-FoundryVTT-v13.348/App/resources/app/dist/database/backend/server-document.mjs:1:2782)","timestamp":"2025-12-31 12:55:07"}
{"level":"error","message":"An error occurred during the migration of Item record [9wxJJpH25cxmtx5W] of database \"the-void-unofficial.domains\":\nError: Documents from a core version newer than the running version cannot be migrated\n    at Function._migrateRecord (file:///C:/Users/rafam/Documents/Rol/Daggerheart/Greg%20Mach/DM%20Stuff/Foundry%20daggerheart/Foundry-daggerheart/Portable-FoundryVTT-v13.348/App/resources/app/dist/database/backend/server-document.mjs:1:3713)\n    at Function._migrateDocuments (file:///C:/Users/rafam/Documents/Rol/Daggerheart/Greg%20Mach/DM%20Stuff/Foundry%20daggerheart/Foundry-daggerheart/Portable-FoundryVTT-v13.348/App/resources/app/dist/database/backend/server-document.mjs:1:2782)","timestamp":"2025-12-31 12:55:07"}
{"level":"error","message":"An error occurred during the migration of Item record [BFkzJkWY4HejN4WR] of database \"the-void-unofficial.domains\":\nError: Documents from a core version newer than the running version cannot be migrated\n    at Function._migrateRecord (file:///C:/Users/rafam/Documents/Rol/Daggerheart/Greg%20Mach/DM%20Stuff/Foundry%20daggerheart/Foundry-daggerheart/Portable-FoundryVTT-v13.348/App/resources/app/dist/database/backend/server-document.mjs:1:3713)\n    at Function._migrateDocuments (file:///C:/Users/rafam/Documents/Rol/Daggerheart/Greg%20Mach/DM%20Stuff/Foundry%20daggerheart/Foundry-daggerheart/Portable-FoundryVTT-v13.348/App/resources/app/dist/database/backend/server-document.mjs:1:2782)","timestamp":"2025-12-31 12:55:07"}
{"level":"error","message":"An error occurred during the migration of Item record [BQF5xVKRVQdhGAf8] of database \"the-void-unofficial.domains\":\nError: Documents from a core version newer than the running version cannot be migrated\n    at Function._migrateRecord (file:///C:/Users/rafam/Documents/Rol/Daggerheart/Greg%20Mach/DM%20Stuff/Foundry%20daggerheart/Foundry-daggerheart/Portable-FoundryVTT-v13.348/App/resources/app/dist/database/backend/server-document.mjs:1:3713)\n    at Function._migrateDocuments (file:///C:/Users/rafam/Documents/Rol/Daggerheart/Greg%20Mach/DM%20Stuff/Foundry%20daggerheart/Foundry-daggerheart/Portable-FoundryVTT-v13.348/App/resources/app/dist/database/backend/server-document.mjs:1:2782)","timestamp":"2025-12-31 12:55:07"}
{"level":"error","message":"An error occurred during the migration of Item record [BctVkNUWYL5Eww2k] of database \"the-void-unofficial.domains\":\nError: Documents from a core version newer than the running version cannot be migrated\n    at Function._migrateRecord (file:///C:/Users/rafam/Documents/Rol/Daggerheart/Greg%20Mach/DM%20Stuff/Foundry%20daggerheart/Foundry-daggerheart/Portable-FoundryVTT-v13.348/App/resources/app/dist/database/backend/server-document.mjs:1:3713)\n    at Function._migrateDocuments (file:///C:/Users/rafam/Documents/Rol/Daggerheart/Greg%20Mach/DM%20Stuff/Foundry%20daggerheart/Foundry-daggerheart/Portable-FoundryVTT-v13.348/App/resources/app/dist/database/backend/server-document.mjs:1:2782)","timestamp":"2025-12-31 12:55:07"}
{"level":"error","message":"An error occurred during the migration of Item record [CQbmQH1Xqr1BjLWW] of database \"the-void-unofficial.domains\":\nError: Documents from a core version newer than the running version cannot be migrated\n    at Function._migrateRecord (file:///C:/Users/rafam/Documents/Rol/Daggerheart/Greg%20Mach/DM%20Stuff/Foundry%20daggerheart/Foundry-daggerheart/Portable-FoundryVTT-v13.348/App/resources/app/dist/database/backend/server-document.mjs:1:3713)\n    at Function._migrateDocuments (file:///C:/Users/rafam/Documents/Rol/Daggerheart/Greg%20Mach/DM%20Stuff/Foundry%20daggerheart/Foundry-daggerheart/Portable-FoundryVTT-v13.348/App/resources/app/dist/database/backend/server-document.mjs:1:2782)","timestamp":"2025-12-31 12:55:07"}
{"level":"error","message":"An error occurred during the migration of Item record [Du7UHRd0CweyuXil] of database \"the-void-unofficial.domains\":\nError: Documents from a core version newer than the running version cannot be migrated\n    at Function._migrateRecord (file:///C:/Users/rafam/Documents/Rol/Daggerheart/Greg%20Mach/DM%20Stuff/Foundry%20daggerheart/Foundry-daggerheart/Portable-FoundryVTT-v13.348/App/resources/app/dist/database/backend/server-document.mjs:1:3713)\n    at Function._migrateDocuments (file:///C:/Users/rafam/Documents/Rol/Daggerheart/Greg%20Mach/DM%20Stuff/Foundry%20daggerheart/Foundry-daggerheart/Portable-FoundryVTT-v13.348/App/resources/app/dist/database/backend/server-document.mjs:1:2782)","timestamp":"2025-12-31 12:55:07"}
{"level":"error","message":"An error occurred during the migration of Item record [LOPtjnPVjWQEzrZx] of database \"the-void-unofficial.domains\":\nError: Documents from a core version newer than the running version cannot be migrated\n    at Function._migrateRecord (file:///C:/Users/rafam/Documents/Rol/Daggerheart/Greg%20Mach/DM%20Stuff/Foundry%20daggerheart/Foundry-daggerheart/Portable-FoundryVTT-v13.348/App/resources/app/dist/database/backend/server-document.mjs:1:3713)\n    at Function._migrateDocuments (file:///C:/Users/rafam/Documents/Rol/Daggerheart/Greg%20Mach/DM%20Stuff/Foundry%20daggerheart/Foundry-daggerheart/Portable-FoundryVTT-v13.348/App/resources/app/dist/database/backend/server-document.mjs:1:2782)","timestamp":"2025-12-31 12:55:07"}
{"level":"error","message":"An error occurred during the migration of Item record [Q3RpYwdlDyCQPJHr] of database \"the-void-unofficial.domains\":\nError: Documents from a core version newer than the running version cannot be migrated\n    at Function._migrateRecord (file:///C:/Users/rafam/Documents/Rol/Daggerheart/Greg%20Mach/DM%20Stuff/Foundry%20daggerheart/Foundry-daggerheart/Portable-FoundryVTT-v13.348/App/resources/app/dist/database/backend/server-document.mjs:1:3713)\n    at Function._migrateDocuments (file:///C:/Users/rafam/Documents/Rol/Daggerheart/Greg%20Mach/DM%20Stuff/Foundry%20daggerheart/Foundry-daggerheart/Portable-FoundryVTT-v13.348/App/resources/app/dist/database/backend/server-document.mjs:1:2782)","timestamp":"2025-12-31 12:55:07"}
{"level":"error","message":"An error occurred during the migration of Item record [WAUpMdW2TD8KVusi] of database \"the-void-unofficial.domains\":\nError: Documents from a core version newer than the running version cannot be migrated\n    at Function._migrateRecord (file:///C:/Users/rafam/Documents/Rol/Daggerheart/Greg%20Mach/DM%20Stuff/Foundry%20daggerheart/Foundry-daggerheart/Portable-FoundryVTT-v13.348/App/resources/app/dist/database/backend/server-document.mjs:1:3713)\n    at Function._migrateDocuments (file:///C:/Users/rafam/Documents/Rol/Daggerheart/Greg%20Mach/DM%20Stuff/Foundry%20daggerheart/Foundry-daggerheart/Portable-FoundryVTT-v13.348/App/resources/app/dist/database/backend/server-document.mjs:1:2782)","timestamp":"2025-12-31 12:55:07"}
{"level":"error","message":"An error occurred during the migration of Item record [XGDsPevKx3P1mdpH] of database \"the-void-unofficial.domains\":\nError: Documents from a core version newer than the running version cannot be migrated\n    at Function._migrateRecord (file:///C:/Users/rafam/Documents/Rol/Daggerheart/Greg%20Mach/DM%20Stuff/Foundry%20daggerheart/Foundry-daggerheart/Portable-FoundryVTT-v13.348/App/resources/app/dist/database/backend/server-document.mjs:1:3713)\n    at Function._migrateDocuments (file:///C:/Users/rafam/Documents/Rol/Daggerheart/Greg%20Mach/DM%20Stuff/Foundry%20daggerheart/Foundry-daggerheart/Portable-FoundryVTT-v13.348/App/resources/app/dist/database/backend/server-document.mjs:1:2782)","timestamp":"2025-12-31 12:55:07"}
{"level":"error","message":"An error occurred during the migration of Item record [cOFRHlxyTtRlbumc] of database \"the-void-unofficial.domains\":\nError: Documents from a core version newer than the running version cannot be migrated\n    at Function._migrateRecord (file:///C:/Users/rafam/Documents/Rol/Daggerheart/Greg%20Mach/DM%20Stuff/Foundry%20daggerheart/Foundry-daggerheart/Portable-FoundryVTT-v13.348/App/resources/app/dist/database/backend/server-document.mjs:1:3713)\n    at Function._migrateDocuments (file:///C:/Users/rafam/Documents/Rol/Daggerheart/Greg%20Mach/DM%20Stuff/Foundry%20daggerheart/Foundry-daggerheart/Portable-FoundryVTT-v13.348/App/resources/app/dist/database/backend/server-document.mjs:1:2782)","timestamp":"2025-12-31 12:55:07"}
{"level":"error","message":"An error occurred during the migration of Item record [dVUQ7Rp9luM7Zekw] of database \"the-void-unofficial.domains\":\nError: Documents from a core version newer than the running version cannot be migrated\n    at Function._migrateRecord (file:///C:/Users/rafam/Documents/Rol/Daggerheart/Greg%20Mach/DM%20Stuff/Foundry%20daggerheart/Foundry-daggerheart/Portable-FoundryVTT-v13.348/App/resources/app/dist/database/backend/server-document.mjs:1:3713)\n    at Function._migrateDocuments (file:///C:/Users/rafam/Documents/Rol/Daggerheart/Greg%20Mach/DM%20Stuff/Foundry%20daggerheart/Foundry-daggerheart/Portable-FoundryVTT-v13.348/App/resources/app/dist/database/backend/server-document.mjs:1:2782)","timestamp":"2025-12-31 12:55:07"}
{"level":"error","message":"An error occurred during the migration of Item record [gSsxO2xiMxANuBIz] of database \"the-void-unofficial.domains\":\nError: Documents from a core version newer than the running version cannot be migrated\n    at Function._migrateRecord (file:///C:/Users/rafam/Documents/Rol/Daggerheart/Greg%20Mach/DM%20Stuff/Foundry%20daggerheart/Foundry-daggerheart/Portable-FoundryVTT-v13.348/App/resources/app/dist/database/backend/server-document.mjs:1:3713)\n    at Function._migrateDocuments (file:///C:/Users/rafam/Documents/Rol/Daggerheart/Greg%20Mach/DM%20Stuff/Foundry%20daggerheart/Foundry-daggerheart/Portable-FoundryVTT-v13.348/App/resources/app/dist/database/backend/server-document.mjs:1:2782)","timestamp":"2025-12-31 12:55:07"}
{"level":"error","message":"An error occurred during the migration of Item record [gaDhu9iAdChYFcm2] of database \"the-void-unofficial.domains\":\nError: Documents from a core version newer than the running version cannot be migrated\n    at Function._migrateRecord (file:///C:/Users/rafam/Documents/Rol/Daggerheart/Greg%20Mach/DM%20Stuff/Foundry%20daggerheart/Foundry-daggerheart/Portable-FoundryVTT-v13.348/App/resources/app/dist/database/backend/server-document.mjs:1:3713)\n    at Function._migrateDocuments (file:///C:/Users/rafam/Documents/Rol/Daggerheart/Greg%20Mach/DM%20Stuff/Foundry%20daggerheart/Foundry-daggerheart/Portable-FoundryVTT-v13.348/App/resources/app/dist/database/backend/server-document.mjs:1:2782)","timestamp":"2025-12-31 12:55:07"}
{"level":"error","message":"An error occurred during the migration of Item record [hmDOLwJEZlbuOKNT] of database \"the-void-unofficial.domains\":\nError: Documents from a core version newer than the running version cannot be migrated\n    at Function._migrateRecord (file:///C:/Users/rafam/Documents/Rol/Daggerheart/Greg%20Mach/DM%20Stuff/Foundry%20daggerheart/Foundry-daggerheart/Portable-FoundryVTT-v13.348/App/resources/app/dist/database/backend/server-document.mjs:1:3713)\n    at Function._migrateDocuments (file:///C:/Users/rafam/Documents/Rol/Daggerheart/Greg%20Mach/DM%20Stuff/Foundry%20daggerheart/Foundry-daggerheart/Portable-FoundryVTT-v13.348/App/resources/app/dist/database/backend/server-document.mjs:1:2782)","timestamp":"2025-12-31 12:55:07"}
{"level":"error","message":"An error occurred during the migration of Item record [lo8WVAuTWsAh6QBf] of database \"the-void-unofficial.domains\":\nError: Documents from a core version newer than the running version cannot be migrated\n    at Function._migrateRecord (file:///C:/Users/rafam/Documents/Rol/Daggerheart/Greg%20Mach/DM%20Stuff/Foundry%20daggerheart/Foundry-daggerheart/Portable-FoundryVTT-v13.348/App/resources/app/dist/database/backend/server-document.mjs:1:3713)\n    at Function._migrateDocuments (file:///C:/Users/rafam/Documents/Rol/Daggerheart/Greg%20Mach/DM%20Stuff/Foundry%20daggerheart/Foundry-daggerheart/Portable-FoundryVTT-v13.348/App/resources/app/dist/database/backend/server-document.mjs:1:2782)","timestamp":"2025-12-31 12:55:07"}
{"level":"error","message":"An error occurred during the migration of Item record [yGbgSMuL43quImEV] of database \"the-void-unofficial.domains\":\nError: Documents from a core version newer than the running version cannot be migrated\n    at Function._migrateRecord (file:///C:/Users/rafam/Documents/Rol/Daggerheart/Greg%20Mach/DM%20Stuff/Foundry%20daggerheart/Foundry-daggerheart/Portable-FoundryVTT-v13.348/App/resources/app/dist/database/backend/server-document.mjs:1:3713)\n    at Function._migrateDocuments (file:///C:/Users/rafam/Documents/Rol/Daggerheart/Greg%20Mach/DM%20Stuff/Foundry%20daggerheart/Foundry-daggerheart/Portable-FoundryVTT-v13.348/App/resources/app/dist/database/backend/server-document.mjs:1:2782)","timestamp":"2025-12-31 12:55:07"}
{"level":"warn","message":"Database the-void-unofficial.domains was not fully migrated due to errors during migration.","timestamp":"2025-12-31 12:55:07"}
{"level":"info","message":"Launching World | Migrating Package Data - 89%","timestamp":"2025-12-31 12:55:07"}
{"level":"info","message":"Launching World | Migrating Package Data - 92%","timestamp":"2025-12-31 12:55:07"}
{"level":"error","message":"An error occurred during the migration of Item record [cg2pnUEwJ7q4k28d] of database \"the-void-unofficial.weapons\":\nError: Documents from a core version newer than the running version cannot be migrated\n    at Function._migrateRecord (file:///C:/Users/rafam/Documents/Rol/Daggerheart/Greg%20Mach/DM%20Stuff/Foundry%20daggerheart/Foundry-daggerheart/Portable-FoundryVTT-v13.348/App/resources/app/dist/database/backend/server-document.mjs:1:3713)\n    at Function._migrateDocuments (file:///C:/Users/rafam/Documents/Rol/Daggerheart/Greg%20Mach/DM%20Stuff/Foundry%20daggerheart/Foundry-daggerheart/Portable-FoundryVTT-v13.348/App/resources/app/dist/database/backend/server-document.mjs:1:2782)","timestamp":"2025-12-31 12:55:07"}
{"level":"error","message":"An error occurred during the migration of Item record [lHFiIpH2lrBBaT4o] of database \"the-void-unofficial.weapons\":\nError: Documents from a core version newer than the running version cannot be migrated\n    at Function._migrateRecord (file:///C:/Users/rafam/Documents/Rol/Daggerheart/Greg%20Mach/DM%20Stuff/Foundry%20daggerheart/Foundry-daggerheart/Portable-FoundryVTT-v13.348/App/resources/app/dist/database/backend/server-document.mjs:1:3713)\n    at Function._migrateDocuments (file:///C:/Users/rafam/Documents/Rol/Daggerheart/Greg%20Mach/DM%20Stuff/Foundry%20daggerheart/Foundry-daggerheart/Portable-FoundryVTT-v13.348/App/resources/app/dist/database/backend/server-document.mjs:1:2782)","timestamp":"2025-12-31 12:55:07"}
{"level":"warn","message":"Database the-void-unofficial.weapons was not fully migrated due to errors during migration.","timestamp":"2025-12-31 12:55:07"}
{"level":"info","message":"Launching World | Migrating Package Data - 94%","timestamp":"2025-12-31 12:55:07"}
{"level":"info","message":"Launching World | Migrating Package Data - 97%","timestamp":"2025-12-31 12:55:07"}
{"level":"info","message":"Launching World | Migrating Package Data - 100%","timestamp":"2025-12-31 12:55:07"}
{"level":"info","message":"Launching World | Complete","timestamp":"2025-12-31 12:55:07"}
{"ip":"::1","level":"info","message":"User authentication successful for user Rafa GM","session":"359b9d4d9e4285050bde1e4e","timestamp":"2025-12-31 12:55:10"}
{"level":"info","message":"Daggerheart update 1.4.4 is now available!","timestamp":"2025-12-31 12:55:12"}
{"level":"info","message":"Vended World data to User [9BSrd5hz74gPsor2] in 581ms","timestamp":"2025-12-31 12:55:12"}
{"level":"info","message":"Created ChatMessage with id [DE1iOGQxaWGx1rHB]","timestamp":"2025-12-31 12:55:14"}
{"level":"info","message":"Created ChatMessage with id [mOhemlEdYTRXbAhL]","timestamp":"2025-12-31 12:55:15"}
{"level":"info","message":"Created Actor with id [7C341NxCGmbEZRKA]","timestamp":"2025-12-31 12:56:09"}
{"level":"info","message":"sunless.Token.webp saved to tokenizer/npc-images","timestamp":"2025-12-31 12:58:23"}
{"level":"info","message":"Created Token with id [vL4tAjJB732To9yS] in parent Scene [Xu5HbCrkGrO3llR2]","timestamp":"2025-12-31 12:58:39"}
{"level":"info","message":"Deleted Token with id [vL4tAjJB732To9yS] in parent Scene [Xu5HbCrkGrO3llR2]","timestamp":"2025-12-31 12:58:44"}
{"level":"info","message":"sunless.Avatar.webp saved to tokenizer/npc-images","timestamp":"2025-12-31 13:00:47"}
{"level":"info","message":"sunless.Token.webp saved to tokenizer/npc-images","timestamp":"2025-12-31 13:00:47"}
{"level":"info","message":"Created Token with id [iKXt1XC95Y1dbeUB] in parent Scene [Xu5HbCrkGrO3llR2]","timestamp":"2025-12-31 13:00:50"}
{"level":"info","message":"sunless.Token.webp saved to tokenizer/npc-images","timestamp":"2025-12-31 13:01:36"}
{"level":"info","message":"Created Token with id [CDOAHBQZZ2eFvMaf] in parent Scene [Xu5HbCrkGrO3llR2]","timestamp":"2025-12-31 13:01:39"}
{"level":"info","message":"Deleted Token with id [iKXt1XC95Y1dbeUB] in parent Scene [Xu5HbCrkGrO3llR2]","timestamp":"2025-12-31 13:01:43"}
{"level":"info","message":"Deleted Token with id [CDOAHBQZZ2eFvMaf] in parent Scene [Xu5HbCrkGrO3llR2]","timestamp":"2025-12-31 13:01:43"}
{"level":"info","message":"Created Token with id [vuxCGgQ1fwuG4cuO] in parent Scene [Xu5HbCrkGrO3llR2]","timestamp":"2025-12-31 13:01:54"}
{"level":"info","message":"Created Token with id [ktfllh4VuTU1RN91] in parent Scene [Xu5HbCrkGrO3llR2]","timestamp":"2025-12-31 13:01:56"}
{"level":"info","message":"Deleted 2 Token documents with ids: [vuxCGgQ1fwuG4cuO,ktfllh4VuTU1RN91] in parent Scene [Xu5HbCrkGrO3llR2]","timestamp":"2025-12-31 13:02:02"}
{"level":"info","message":"Created Folder with id [Wdzeac8gtJrb2haD]","timestamp":"2025-12-31 13:03:29"}
{"level":"info","message":"Created Folder with id [XHEur3BCSiAGhKgs]","timestamp":"2025-12-31 13:03:40"}
{"level":"info","message":"Created Folder with id [rszoOYP1IBWGAogI]","timestamp":"2025-12-31 13:05:02"}
{"level":"info","message":"Created JournalEntry with id [iO1n40acX5UtGRxD]","timestamp":"2025-12-31 13:05:25"}
{"level":"info","message":"Created JournalEntryPage with id [sM2uaL7miMDFt8cK] in parent JournalEntry [iO1n40acX5UtGRxD]","timestamp":"2025-12-31 13:06:35"}
{"level":"debug","message":"Starting edit session for user '9BSrd5hz74gPsor2' and instance 'JournalEntry.iO1n40acX5UtGRxD.JournalEntryPage.sM2uaL7miMDFt8cK#text.content'.","timestamp":"2025-12-31 13:06:36"}
{"level":"debug","message":"Starting edit session for user '9BSrd5hz74gPsor2' and instance 'JournalEntry.iO1n40acX5UtGRxD.JournalEntryPage.sM2uaL7miMDFt8cK#text.content'.","timestamp":"2025-12-31 13:06:36"}
{"level":"debug","message":"Broadcasting autosave update for instance 'JournalEntry.iO1n40acX5UtGRxD.JournalEntryPage.sM2uaL7miMDFt8cK#text.content'.","timestamp":"2025-12-31 13:07:36"}
{"level":"debug","message":"Broadcasting autosave update for instance 'JournalEntry.iO1n40acX5UtGRxD.JournalEntryPage.sM2uaL7miMDFt8cK#text.content'.","timestamp":"2025-12-31 13:08:36"}
{"level":"debug","message":"Broadcasting autosave update for instance 'JournalEntry.iO1n40acX5UtGRxD.JournalEntryPage.sM2uaL7miMDFt8cK#text.content'.","timestamp":"2025-12-31 13:09:36"}
{"level":"debug","message":"Broadcasting autosave update for instance 'JournalEntry.iO1n40acX5UtGRxD.JournalEntryPage.sM2uaL7miMDFt8cK#text.content'.","timestamp":"2025-12-31 13:10:36"}
{"level":"debug","message":"Retiring user '9BSrd5hz74gPsor2' from editing session for instance 'JournalEntry.iO1n40acX5UtGRxD.JournalEntryPage.sM2uaL7miMDFt8cK#text.content'.","timestamp":"2025-12-31 13:11:11"}
{"level":"debug","message":"Instance 'JournalEntry.iO1n40acX5UtGRxD.JournalEntryPage.sM2uaL7miMDFt8cK#text.content' has no more active editors, cleaning up.","timestamp":"2025-12-31 13:11:11"}
{"level":"info","message":"Created JournalEntryPage with id [i58nBvsRiir4rA77] in parent JournalEntry [iO1n40acX5UtGRxD]","timestamp":"2025-12-31 13:11:25"}
{"level":"debug","message":"Starting edit session for user '9BSrd5hz74gPsor2' and instance 'JournalEntry.iO1n40acX5UtGRxD.JournalEntryPage.i58nBvsRiir4rA77#text.content'.","timestamp":"2025-12-31 13:11:25"}
{"level":"debug","message":"Retiring user '9BSrd5hz74gPsor2' from editing session for instance 'JournalEntry.iO1n40acX5UtGRxD.JournalEntryPage.i58nBvsRiir4rA77#text.content'.","timestamp":"2025-12-31 13:11:25"}
{"level":"debug","message":"Instance 'JournalEntry.iO1n40acX5UtGRxD.JournalEntryPage.i58nBvsRiir4rA77#text.content' has no more active editors, cleaning up.","timestamp":"2025-12-31 13:11:25"}
{"level":"debug","message":"Starting edit session for user '9BSrd5hz74gPsor2' and instance 'JournalEntry.iO1n40acX5UtGRxD.JournalEntryPage.i58nBvsRiir4rA77#text.content'.","timestamp":"2025-12-31 13:11:25"}
{"level":"debug","message":"Broadcasting autosave update for instance 'JournalEntry.iO1n40acX5UtGRxD.JournalEntryPage.i58nBvsRiir4rA77#text.content'.","timestamp":"2025-12-31 13:12:25"}
{"level":"debug","message":"Broadcasting autosave update for instance 'JournalEntry.iO1n40acX5UtGRxD.JournalEntryPage.i58nBvsRiir4rA77#text.content'.","timestamp":"2025-12-31 13:13:25"}
{"level":"debug","message":"Broadcasting autosave update for instance 'JournalEntry.iO1n40acX5UtGRxD.JournalEntryPage.i58nBvsRiir4rA77#text.content'.","timestamp":"2025-12-31 13:14:25"}
{"level":"debug","message":"Broadcasting autosave update for instance 'JournalEntry.iO1n40acX5UtGRxD.JournalEntryPage.i58nBvsRiir4rA77#text.content'.","timestamp":"2025-12-31 13:15:25"}
{"level":"debug","message":"Broadcasting autosave update for instance 'JournalEntry.iO1n40acX5UtGRxD.JournalEntryPage.i58nBvsRiir4rA77#text.content'.","timestamp":"2025-12-31 13:16:25"}
{"level":"debug","message":"Broadcasting autosave update for instance 'JournalEntry.iO1n40acX5UtGRxD.JournalEntryPage.i58nBvsRiir4rA77#text.content'.","timestamp":"2025-12-31 13:17:25"}
{"level":"info","message":"Created Actor with id [qEuIxHjFHPrqm1Am]","timestamp":"2025-12-31 13:21:43"}
{"level":"info","message":"Created Item with id [E2mSDOywaTYJnhuO] in parent Actor [qEuIxHjFHPrqm1Am]","timestamp":"2025-12-31 13:21:45"}
{"level":"debug","message":"Retiring user '9BSrd5hz74gPsor2' from editing session for instance 'JournalEntry.iO1n40acX5UtGRxD.JournalEntryPage.i58nBvsRiir4rA77#text.content'.","timestamp":"2025-12-31 13:26:57"}
{"level":"debug","message":"Instance 'JournalEntry.iO1n40acX5UtGRxD.JournalEntryPage.i58nBvsRiir4rA77#text.content' has no more active editors, cleaning up.","timestamp":"2025-12-31 13:26:57"}
{"level":"info","message":"Created Folder with id [98TbT1GRNNXvPMpV]","timestamp":"2025-12-31 13:27:15"}
{"level":"info","message":"Created JournalEntryPage with id [xGQWgx3C8JEglIeA] in parent JournalEntry [iO1n40acX5UtGRxD]","timestamp":"2025-12-31 13:27:36"}
{"level":"debug","message":"Starting edit session for user '9BSrd5hz74gPsor2' and instance 'JournalEntry.iO1n40acX5UtGRxD.JournalEntryPage.xGQWgx3C8JEglIeA#text.content'.","timestamp":"2025-12-31 13:27:36"}
{"level":"debug","message":"Retiring user '9BSrd5hz74gPsor2' from editing session for instance 'JournalEntry.iO1n40acX5UtGRxD.JournalEntryPage.xGQWgx3C8JEglIeA#text.content'.","timestamp":"2025-12-31 13:27:36"}
{"level":"debug","message":"Instance 'JournalEntry.iO1n40acX5UtGRxD.JournalEntryPage.xGQWgx3C8JEglIeA#text.content' has no more active editors, cleaning up.","timestamp":"2025-12-31 13:27:36"}
{"level":"debug","message":"Starting edit session for user '9BSrd5hz74gPsor2' and instance 'JournalEntry.iO1n40acX5UtGRxD.JournalEntryPage.xGQWgx3C8JEglIeA#text.content'.","timestamp":"2025-12-31 13:27:36"}
{"level":"debug","message":"Starting edit session for user '9BSrd5hz74gPsor2' and instance 'JournalEntry.iO1n40acX5UtGRxD.JournalEntryPage.i58nBvsRiir4rA77#text.content'.","timestamp":"2025-12-31 13:28:25"}
{"level":"debug","message":"Retiring user '9BSrd5hz74gPsor2' from editing session for instance 'JournalEntry.iO1n40acX5UtGRxD.JournalEntryPage.i58nBvsRiir4rA77#text.content'.","timestamp":"2025-12-31 13:28:59"}
{"level":"debug","message":"Instance 'JournalEntry.iO1n40acX5UtGRxD.JournalEntryPage.i58nBvsRiir4rA77#text.content' has no more active editors, cleaning up.","timestamp":"2025-12-31 13:28:59"}
{"level":"debug","message":"Broadcasting autosave update for instance 'JournalEntry.iO1n40acX5UtGRxD.JournalEntryPage.xGQWgx3C8JEglIeA#text.content'.","timestamp":"2025-12-31 13:29:36"}
{"level":"debug","message":"Broadcasting autosave update for instance 'JournalEntry.iO1n40acX5UtGRxD.JournalEntryPage.xGQWgx3C8JEglIeA#text.content'.","timestamp":"2025-12-31 13:30:36"}
{"level":"debug","message":"Broadcasting autosave update for instance 'JournalEntry.iO1n40acX5UtGRxD.JournalEntryPage.xGQWgx3C8JEglIeA#text.content'.","timestamp":"2025-12-31 13:31:36"}
{"level":"debug","message":"Broadcasting autosave update for instance 'JournalEntry.iO1n40acX5UtGRxD.JournalEntryPage.xGQWgx3C8JEglIeA#text.content'.","timestamp":"2025-12-31 13:34:36"}
{"level":"debug","message":"Broadcasting autosave update for instance 'JournalEntry.iO1n40acX5UtGRxD.JournalEntryPage.xGQWgx3C8JEglIeA#text.content'.","timestamp":"2025-12-31 13:35:36"}
{"level":"debug","message":"Retiring user '9BSrd5hz74gPsor2' from editing session for instance 'JournalEntry.iO1n40acX5UtGRxD.JournalEntryPage.xGQWgx3C8JEglIeA#text.content'.","timestamp":"2025-12-31 13:36:04"}
{"level":"debug","message":"Instance 'JournalEntry.iO1n40acX5UtGRxD.JournalEntryPage.xGQWgx3C8JEglIeA#text.content' has no more active editors, cleaning up.","timestamp":"2025-12-31 13:36:04"}
{"level":"info","message":"Created JournalEntryPage with id [2lu6mDpYxvRoH5kx] in parent JournalEntry [iO1n40acX5UtGRxD]","timestamp":"2025-12-31 13:36:14"}
{"level":"debug","message":"Starting edit session for user '9BSrd5hz74gPsor2' and instance 'JournalEntry.iO1n40acX5UtGRxD.JournalEntryPage.2lu6mDpYxvRoH5kx#text.content'.","timestamp":"2025-12-31 13:36:14"}
{"level":"debug","message":"Retiring user '9BSrd5hz74gPsor2' from editing session for instance 'JournalEntry.iO1n40acX5UtGRxD.JournalEntryPage.2lu6mDpYxvRoH5kx#text.content'.","timestamp":"2025-12-31 13:36:14"}
{"level":"debug","message":"Instance 'JournalEntry.iO1n40acX5UtGRxD.JournalEntryPage.2lu6mDpYxvRoH5kx#text.content' has no more active editors, cleaning up.","timestamp":"2025-12-31 13:36:14"}
{"level":"debug","message":"Starting edit session for user '9BSrd5hz74gPsor2' and instance 'JournalEntry.iO1n40acX5UtGRxD.JournalEntryPage.2lu6mDpYxvRoH5kx#text.content'.","timestamp":"2025-12-31 13:36:14"}
{"level":"debug","message":"Broadcasting autosave update for instance 'JournalEntry.iO1n40acX5UtGRxD.JournalEntryPage.2lu6mDpYxvRoH5kx#text.content'.","timestamp":"2025-12-31 13:37:14"}
{"level":"debug","message":"Broadcasting autosave update for instance 'JournalEntry.iO1n40acX5UtGRxD.JournalEntryPage.2lu6mDpYxvRoH5kx#text.content'.","timestamp":"2025-12-31 13:38:14"}
{"level":"debug","message":"Broadcasting autosave update for instance 'JournalEntry.iO1n40acX5UtGRxD.JournalEntryPage.2lu6mDpYxvRoH5kx#text.content'.","timestamp":"2025-12-31 13:39:14"}
{"level":"debug","message":"Retiring user '9BSrd5hz74gPsor2' from editing session for instance 'JournalEntry.iO1n40acX5UtGRxD.JournalEntryPage.2lu6mDpYxvRoH5kx#text.content'.","timestamp":"2025-12-31 13:39:28"}
{"level":"debug","message":"Instance 'JournalEntry.iO1n40acX5UtGRxD.JournalEntryPage.2lu6mDpYxvRoH5kx#text.content' has no more active editors, cleaning up.","timestamp":"2025-12-31 13:39:28"}
{"level":"info","message":"Created JournalEntryPage with id [zs0IsItpvZB7Hp3C] in parent JournalEntry [iO1n40acX5UtGRxD]","timestamp":"2025-12-31 13:39:36"}
{"level":"debug","message":"Starting edit session for user '9BSrd5hz74gPsor2' and instance 'JournalEntry.iO1n40acX5UtGRxD.JournalEntryPage.zs0IsItpvZB7Hp3C#text.content'.","timestamp":"2025-12-31 13:39:36"}
{"level":"debug","message":"Retiring user '9BSrd5hz74gPsor2' from editing session for instance 'JournalEntry.iO1n40acX5UtGRxD.JournalEntryPage.zs0IsItpvZB7Hp3C#text.content'.","timestamp":"2025-12-31 13:39:36"}
{"level":"debug","message":"Instance 'JournalEntry.iO1n40acX5UtGRxD.JournalEntryPage.zs0IsItpvZB7Hp3C#text.content' has no more active editors, cleaning up.","timestamp":"2025-12-31 13:39:36"}
{"level":"debug","message":"Starting edit session for user '9BSrd5hz74gPsor2' and instance 'JournalEntry.iO1n40acX5UtGRxD.JournalEntryPage.zs0IsItpvZB7Hp3C#text.content'.","timestamp":"2025-12-31 13:39:36"}
{"level":"debug","message":"Broadcasting autosave update for instance 'JournalEntry.iO1n40acX5UtGRxD.JournalEntryPage.zs0IsItpvZB7Hp3C#text.content'.","timestamp":"2025-12-31 13:40:36"}
{"level":"debug","message":"Broadcasting autosave update for instance 'JournalEntry.iO1n40acX5UtGRxD.JournalEntryPage.zs0IsItpvZB7Hp3C#text.content'.","timestamp":"2025-12-31 13:41:36"}
{"level":"debug","message":"Retiring user '9BSrd5hz74gPsor2' from editing session for instance 'JournalEntry.iO1n40acX5UtGRxD.JournalEntryPage.zs0IsItpvZB7Hp3C#text.content'.","timestamp":"2025-12-31 13:42:32"}
{"level":"debug","message":"Instance 'JournalEntry.iO1n40acX5UtGRxD.JournalEntryPage.zs0IsItpvZB7Hp3C#text.content' has no more active editors, cleaning up.","timestamp":"2025-12-31 13:42:32"}
{"level":"info","message":"Created Scene with id [flEEJCHXVLOXXvub]","timestamp":"2025-12-31 14:50:47"}
{"level":"info","message":"catacombs.jpg saved to assets/Maps","timestamp":"2025-12-31 14:51:49"}
{"level":"info","message":"Extracted base64 asset: \"..\\..\\Data\\Data\\worlds\\fe-west-marches\\assets\\scenes\\flEEJCHXVLOXXvub-thumb.webp\"","timestamp":"2025-12-31 14:52:15"}
{"level":"info","message":"Created Token with id [MTMmAmvYPDuM3CoI] in parent Scene [flEEJCHXVLOXXvub]","timestamp":"2025-12-31 14:53:57"}
{"level":"info","message":"Deleted Token with id [MTMmAmvYPDuM3CoI] in parent Scene [flEEJCHXVLOXXvub]","timestamp":"2025-12-31 14:54:08"}
{"level":"info","message":"celdas_subterr_neas.Avatar.webp saved to tokenizer/npc-images","timestamp":"2025-12-31 15:02:58"}
{"level":"info","message":"celdas_subterr_neas.Token.webp saved to tokenizer/npc-images","timestamp":"2025-12-31 15:02:58"}
{"level":"info","message":"Created Token with id [JtyMwJEcUX6KVOH6] in parent Scene [Xu5HbCrkGrO3llR2]","timestamp":"2025-12-31 15:03:01"}
{"level":"info","message":"Deleted Token with id [JtyMwJEcUX6KVOH6] in parent Scene [Xu5HbCrkGrO3llR2]","timestamp":"2025-12-31 15:04:20"}
{"level":"info","message":"Created Token with id [LRQ0moDejeHmo8kZ] in parent Scene [Xu5HbCrkGrO3llR2]","timestamp":"2025-12-31 15:04:22"}
{"level":"info","message":"Deleted Token with id [LRQ0moDejeHmo8kZ] in parent Scene [Xu5HbCrkGrO3llR2]","timestamp":"2025-12-31 15:04:28"}
{"level":"info","message":"Created Token with id [cTXVonyaK9d8QIR0] in parent Scene [Xu5HbCrkGrO3llR2]","timestamp":"2025-12-31 15:05:44"}
{"level":"info","message":"Deleted Token with id [cTXVonyaK9d8QIR0] in parent Scene [Xu5HbCrkGrO3llR2]","timestamp":"2025-12-31 15:06:02"}
{"level":"info","message":"Shutting down Foundry Virtual Tabletop server","timestamp":"2025-12-31 15:06:12"}
{"level":"info","message":"Shut-down success. Goodbye!","timestamp":"2025-12-31 15:06:12"}
