{"level":"info","message":"Running on Node.js - Version 20.18.3","timestamp":"2026-05-24 13:52:20"}
{"level":"info","message":"Foundry Virtual Tabletop - Version 13 Build 348","timestamp":"2026-05-24 13:52:20"}
{"level":"info","message":"User Data Directory - \"../../Data\"","timestamp":"2026-05-24 13:52:20"}
{"level":"info","message":"Application Options:\n{\n  \"compressStatic\": true,\n  \"fullscreen\": false,\n  \"hostname\": null,\n  \"language\": \"en.core\",\n  \"localHostname\": null,\n  \"port\": 30000,\n  \"proxyPort\": null,\n  \"proxySSL\": false,\n  \"routePrefix\": null,\n  \"updateChannel\": \"stable\",\n  \"upnp\": true,\n  \"awsConfig\": null,\n  \"compressSocket\": true,\n  \"cssTheme\": \"dark\",\n  \"deleteNEDB\": false,\n  \"hotReload\": false,\n  \"passwordSalt\": null,\n  \"sslCert\": null,\n  \"sslKey\": null,\n  \"world\": \"fe-west-marches\",\n  \"serviceConfig\": null,\n  \"telemetry\": true,\n  \"adminPassword\": null,\n  \"noBackups\": false\n}","timestamp":"2026-05-24 13:52:20"}
{"level":"info","message":"Software license verification succeeded","timestamp":"2026-05-24 13:52:20"}
{"level":"info","message":"Requesting UPnP port forwarding to destination port 30000","timestamp":"2026-05-24 13:52:20"}
{"level":"info","message":"Running Electron application with version 34.4.0 using Chromium 132.0.6834.210","timestamp":"2026-05-24 13:52:20"}
{"level":"info","message":"Connected to database \"actors\"","timestamp":"2026-05-24 13:52:25"}
{"level":"info","message":"Launching World | Loading World Data - 7%","timestamp":"2026-05-24 13:52:26"}
{"level":"info","message":"Connected to database \"cards\"","timestamp":"2026-05-24 13:52:26"}
{"level":"info","message":"Launching World | Loading World Data - 14%","timestamp":"2026-05-24 13:52:26"}
{"level":"info","message":"Connected to database \"messages\"","timestamp":"2026-05-24 13:52:26"}
{"level":"info","message":"Launching World | Loading World Data - 21%","timestamp":"2026-05-24 13:52:26"}
{"level":"info","message":"Connected to database \"combats\"","timestamp":"2026-05-24 13:52:27"}
{"level":"info","message":"Launching World | Loading World Data - 29%","timestamp":"2026-05-24 13:52:27"}
{"level":"info","message":"Connected to database \"fog\"","timestamp":"2026-05-24 13:52:27"}
{"level":"info","message":"Launching World | Loading World Data - 36%","timestamp":"2026-05-24 13:52:27"}
{"level":"info","message":"Connected to database \"folders\"","timestamp":"2026-05-24 13:52:27"}
{"level":"info","message":"Launching World | Loading World Data - 43%","timestamp":"2026-05-24 13:52:27"}
{"level":"info","message":"Connected to database \"items\"","timestamp":"2026-05-24 13:52:27"}
{"level":"info","message":"Launching World | Loading World Data - 50%","timestamp":"2026-05-24 13:52:27"}
{"level":"info","message":"Connected to database \"journal\"","timestamp":"2026-05-24 13:52:28"}
{"level":"info","message":"Launching World | Loading World Data - 57%","timestamp":"2026-05-24 13:52:28"}
{"level":"info","message":"Connected to database \"macros\"","timestamp":"2026-05-24 13:52:28"}
{"level":"info","message":"Launching World | Loading World Data - 64%","timestamp":"2026-05-24 13:52:28"}
{"level":"info","message":"Connected to database \"playlists\"","timestamp":"2026-05-24 13:52:28"}
{"level":"info","message":"Launching World | Loading World Data - 71%","timestamp":"2026-05-24 13:52:28"}
{"level":"info","message":"Connected to database \"tables\"","timestamp":"2026-05-24 13:52:28"}
{"level":"info","message":"Launching World | Loading World Data - 79%","timestamp":"2026-05-24 13:52:28"}
{"level":"info","message":"Connected to database \"scenes\"","timestamp":"2026-05-24 13:52:28"}
{"level":"info","message":"Launching World | Loading World Data - 86%","timestamp":"2026-05-24 13:52:28"}
{"level":"info","message":"Connected to database \"settings\"","timestamp":"2026-05-24 13:52:29"}
{"level":"info","message":"Launching World | Loading World Data - 93%","timestamp":"2026-05-24 13:52:29"}
{"level":"info","message":"Connected to database \"users\"","timestamp":"2026-05-24 13:52:29"}
{"level":"info","message":"Launching World | Loading World Data - 100%","timestamp":"2026-05-24 13:52:29"}
{"level":"info","message":"Launching World | Migrating World Data - 7%","timestamp":"2026-05-24 13:52:29"}
{"level":"info","message":"Launching World | Migrating World Data - 14%","timestamp":"2026-05-24 13:52:29"}
{"level":"info","message":"Launching World | Migrating World Data - 21%","timestamp":"2026-05-24 13:52:29"}
{"level":"info","message":"Launching World | Migrating World Data - 29%","timestamp":"2026-05-24 13:52:29"}
{"level":"info","message":"Launching World | Migrating World Data - 36%","timestamp":"2026-05-24 13:52:29"}
{"level":"info","message":"Launching World | Migrating World Data - 43%","timestamp":"2026-05-24 13:52:29"}
{"level":"info","message":"Launching World | Migrating World Data - 50%","timestamp":"2026-05-24 13:52:29"}
{"level":"info","message":"Launching World | Migrating World Data - 57%","timestamp":"2026-05-24 13:52:29"}
{"level":"info","message":"Launching World | Migrating World Data - 64%","timestamp":"2026-05-24 13:52:29"}
{"level":"info","message":"Launching World | Migrating World Data - 71%","timestamp":"2026-05-24 13:52:29"}
{"level":"info","message":"Launching World | Migrating World Data - 79%","timestamp":"2026-05-24 13:52:29"}
{"level":"info","message":"Launching World | Migrating World Data - 86%","timestamp":"2026-05-24 13:52:29"}
{"level":"info","message":"Launching World | Migrating World Data - 93%","timestamp":"2026-05-24 13:52:29"}
{"level":"info","message":"Launching World | Migrating World Data - 100%","timestamp":"2026-05-24 13:52:29"}
{"level":"info","message":"Connected to database \"world.homebrew-adversaries\"","timestamp":"2026-05-24 13:52:30"}
{"level":"info","message":"Launching World | Loading Package Data - 2%","timestamp":"2026-05-24 13:52:30"}
{"level":"info","message":"Connected to database \"world.homebrew-adversaries-features\"","timestamp":"2026-05-24 13:52:30"}
{"level":"info","message":"Launching World | Loading Package Data - 4%","timestamp":"2026-05-24 13:52:30"}
{"level":"info","message":"Connected to database \"daggerheart.classes\"","timestamp":"2026-05-24 13:52:30"}
{"level":"info","message":"Launching World | Loading Package Data - 6%","timestamp":"2026-05-24 13:52:30"}
{"level":"info","message":"Connected to database \"daggerheart.subclasses\"","timestamp":"2026-05-24 13:52:30"}
{"level":"info","message":"Launching World | Loading Package Data - 8%","timestamp":"2026-05-24 13:52:30"}
{"level":"info","message":"Connected to database \"daggerheart.domains\"","timestamp":"2026-05-24 13:52:30"}
{"level":"info","message":"Launching World | Loading Package Data - 10%","timestamp":"2026-05-24 13:52:30"}
{"level":"info","message":"Connected to database \"daggerheart.ancestries\"","timestamp":"2026-05-24 13:52:31"}
{"level":"info","message":"Launching World | Loading Package Data - 12%","timestamp":"2026-05-24 13:52:31"}
{"level":"info","message":"Connected to database \"daggerheart.communities\"","timestamp":"2026-05-24 13:52:31"}
{"level":"info","message":"Launching World | Loading Package Data - 14%","timestamp":"2026-05-24 13:52:31"}
{"level":"info","message":"Connected to database \"daggerheart.weapons\"","timestamp":"2026-05-24 13:52:31"}
{"level":"info","message":"Launching World | Loading Package Data - 16%","timestamp":"2026-05-24 13:52:31"}
{"level":"info","message":"Connected to database \"daggerheart.armors\"","timestamp":"2026-05-24 13:52:31"}
{"level":"info","message":"Launching World | Loading Package Data - 18%","timestamp":"2026-05-24 13:52:31"}
{"level":"info","message":"Connected to database \"daggerheart.consumables\"","timestamp":"2026-05-24 13:52:31"}
{"level":"info","message":"Launching World | Loading Package Data - 20%","timestamp":"2026-05-24 13:52:31"}
{"level":"info","message":"Connected to database \"daggerheart.loot\"","timestamp":"2026-05-24 13:52:31"}
{"level":"info","message":"Launching World | Loading Package Data - 22%","timestamp":"2026-05-24 13:52:32"}
{"level":"info","message":"Connected to database \"daggerheart.adversaries\"","timestamp":"2026-05-24 13:52:32"}
{"level":"info","message":"Launching World | Loading Package Data - 24%","timestamp":"2026-05-24 13:52:32"}
{"level":"info","message":"Connected to database \"daggerheart.environments\"","timestamp":"2026-05-24 13:52:32"}
{"level":"info","message":"Launching World | Loading Package Data - 25%","timestamp":"2026-05-24 13:52:32"}
{"level":"info","message":"Connected to database \"daggerheart.journals\"","timestamp":"2026-05-24 13:52:32"}
{"level":"info","message":"Launching World | Loading Package Data - 27%","timestamp":"2026-05-24 13:52:32"}
{"level":"info","message":"Connected to database \"daggerheart.rolltables\"","timestamp":"2026-05-24 13:52:32"}
{"level":"info","message":"Launching World | Loading Package Data - 29%","timestamp":"2026-05-24 13:52:32"}
{"level":"info","message":"Connected to database \"daggerheart.beastforms\"","timestamp":"2026-05-24 13:52:32"}
{"level":"info","message":"Launching World | Loading Package Data - 31%","timestamp":"2026-05-24 13:52:32"}
{"level":"info","message":"Connected to database \"art-for-daggerheart.art-for-dh-macros\"","timestamp":"2026-05-24 13:52:33"}
{"level":"info","message":"Launching World | Loading Package Data - 33%","timestamp":"2026-05-24 13:52:33"}
{"level":"info","message":"Connected to database \"daggerheart-advmanager.custom-features\"","timestamp":"2026-05-24 13:52:33"}
{"level":"info","message":"Launching World | Loading Package Data - 35%","timestamp":"2026-05-24 13:52:33"}
{"level":"info","message":"Connected to database \"daggerheart-advmanager.all-features\"","timestamp":"2026-05-24 13:52:33"}
{"level":"info","message":"Launching World | Loading Package Data - 37%","timestamp":"2026-05-24 13:52:33"}
{"level":"info","message":"Connected to database \"daggerheart-advmanager.macros\"","timestamp":"2026-05-24 13:52:33"}
{"level":"info","message":"Launching World | Loading Package Data - 39%","timestamp":"2026-05-24 13:52:33"}
{"level":"info","message":"Connected to database \"daggerheart-advmanager.templates\"","timestamp":"2026-05-24 13:52:33"}
{"level":"info","message":"Launching World | Loading Package Data - 41%","timestamp":"2026-05-24 13:52:33"}
{"level":"info","message":"Connected to database \"daggerheart-extra-content.motherboard-items\"","timestamp":"2026-05-24 13:52:34"}
{"level":"info","message":"Launching World | Loading Package Data - 43%","timestamp":"2026-05-24 13:52:34"}
{"level":"info","message":"Connected to database \"daggerheart-extra-content.macros\"","timestamp":"2026-05-24 13:52:34"}
{"level":"info","message":"Launching World | Loading Package Data - 45%","timestamp":"2026-05-24 13:52:34"}
{"level":"info","message":"Connected to database \"daggerheart-extra-content.motherboard-tables\"","timestamp":"2026-05-24 13:52:34"}
{"level":"info","message":"Launching World | Loading Package Data - 47%","timestamp":"2026-05-24 13:52:34"}
{"level":"info","message":"Connected to database \"daggerheart-extra-content.adversaries-features\"","timestamp":"2026-05-24 13:52:34"}
{"level":"info","message":"Launching World | Loading Package Data - 49%","timestamp":"2026-05-24 13:52:34"}
{"level":"info","message":"Connected to database \"daggerheart-extra-content.useful-journals\"","timestamp":"2026-05-24 13:52:34"}
{"level":"info","message":"Launching World | Loading Package Data - 51%","timestamp":"2026-05-24 13:52:34"}
{"level":"info","message":"Connected to database \"daggerheart-extra-content.loot-and-consumable-tables\"","timestamp":"2026-05-24 13:52:35"}
{"level":"info","message":"Launching World | Loading Package Data - 53%","timestamp":"2026-05-24 13:52:35"}
{"level":"info","message":"Connected to database \"daggerheart-extra-content.more-adversaries\"","timestamp":"2026-05-24 13:52:35"}
{"level":"info","message":"Launching World | Loading Package Data - 55%","timestamp":"2026-05-24 13:52:35"}
{"level":"info","message":"Connected to database \"daggerheart-extra-content.more-items\"","timestamp":"2026-05-24 13:52:35"}
{"level":"info","message":"Launching World | Loading Package Data - 57%","timestamp":"2026-05-24 13:52:35"}
{"level":"info","message":"Connected to database \"daggerheart-extra-content.curses\"","timestamp":"2026-05-24 13:52:35"}
{"level":"info","message":"Launching World | Loading Package Data - 59%","timestamp":"2026-05-24 13:52:35"}
{"level":"info","message":"Connected to database \"daggerheart-extra-content.ancestry\"","timestamp":"2026-05-24 13:52:35"}
{"level":"info","message":"Launching World | Loading Package Data - 61%","timestamp":"2026-05-24 13:52:35"}
{"level":"info","message":"Connected to database \"daggerheart-extra-content.house-rules\"","timestamp":"2026-05-24 13:52:36"}
{"level":"info","message":"Launching World | Loading Package Data - 63%","timestamp":"2026-05-24 13:52:36"}
{"level":"info","message":"Connected to database \"daggerheart-extra-content.classes\"","timestamp":"2026-05-24 13:52:36"}
{"level":"info","message":"Launching World | Loading Package Data - 65%","timestamp":"2026-05-24 13:52:36"}
{"level":"info","message":"Connected to database \"daggerheart-extra-content.subclasses\"","timestamp":"2026-05-24 13:52:36"}
{"level":"info","message":"Launching World | Loading Package Data - 67%","timestamp":"2026-05-24 13:52:36"}
{"level":"info","message":"Connected to database \"daggerheart-quickrules.quickrules\"","timestamp":"2026-05-24 13:52:36"}
{"level":"info","message":"Launching World | Loading Package Data - 69%","timestamp":"2026-05-24 13:52:36"}
{"level":"info","message":"Connected to database \"daggerheart-quickrules.macros\"","timestamp":"2026-05-24 13:52:36"}
{"level":"info","message":"Launching World | Loading Package Data - 71%","timestamp":"2026-05-24 13:52:36"}
{"level":"info","message":"Connected to database \"daggerheart-store.general-items\"","timestamp":"2026-05-24 13:52:36"}
{"level":"info","message":"Launching World | Loading Package Data - 73%","timestamp":"2026-05-24 13:52:36"}
{"level":"info","message":"Connected to database \"daggerheart-store.macros\"","timestamp":"2026-05-24 13:52:37"}
{"level":"info","message":"Launching World | Loading Package Data - 75%","timestamp":"2026-05-24 13:52:37"}
{"level":"info","message":"Connected to database \"daggerheart-store.journals\"","timestamp":"2026-05-24 13:52:37"}
{"level":"info","message":"Launching World | Loading Package Data - 76%","timestamp":"2026-05-24 13:52:37"}
{"level":"info","message":"Connected to database \"forien-quest-log.macros-gm\"","timestamp":"2026-05-24 13:52:37"}
{"level":"info","message":"Launching World | Loading Package Data - 78%","timestamp":"2026-05-24 13:52:37"}
{"level":"info","message":"Connected to database \"forien-quest-log.macros-player\"","timestamp":"2026-05-24 13:52:37"}
{"level":"info","message":"Launching World | Loading Package Data - 80%","timestamp":"2026-05-24 13:52:37"}
{"level":"info","message":"Connected to database \"the-void-unofficial.classes\"","timestamp":"2026-05-24 13:52:37"}
{"level":"info","message":"Launching World | Loading Package Data - 82%","timestamp":"2026-05-24 13:52:37"}
{"level":"info","message":"Connected to database \"the-void-unofficial.subclasses\"","timestamp":"2026-05-24 13:52:38"}
{"level":"info","message":"Launching World | Loading Package Data - 84%","timestamp":"2026-05-24 13:52:38"}
{"level":"info","message":"Connected to database \"the-void-unofficial.ancestries\"","timestamp":"2026-05-24 13:52:38"}
{"level":"info","message":"Launching World | Loading Package Data - 86%","timestamp":"2026-05-24 13:52:38"}
{"level":"info","message":"Connected to database \"the-void-unofficial.communities\"","timestamp":"2026-05-24 13:52:38"}
{"level":"info","message":"Launching World | Loading Package Data - 88%","timestamp":"2026-05-24 13:52:38"}
{"level":"info","message":"Connected to database \"the-void-unofficial.domains\"","timestamp":"2026-05-24 13:52:38"}
{"level":"info","message":"Launching World | Loading Package Data - 90%","timestamp":"2026-05-24 13:52:38"}
{"level":"info","message":"Connected to database \"the-void-unofficial.transformations\"","timestamp":"2026-05-24 13:52:38"}
{"level":"info","message":"Launching World | Loading Package Data - 92%","timestamp":"2026-05-24 13:52:38"}
{"level":"info","message":"Connected to database \"the-void-unofficial.weapons\"","timestamp":"2026-05-24 13:52:39"}
{"level":"info","message":"Launching World | Loading Package Data - 94%","timestamp":"2026-05-24 13:52:39"}
{"level":"info","message":"Connected to database \"the-void-unofficial.macros\"","timestamp":"2026-05-24 13:52:39"}
{"level":"info","message":"Launching World | Loading Package Data - 96%","timestamp":"2026-05-24 13:52:39"}
{"level":"info","message":"Connected to database \"the-void-unofficial.adversaries--environments\"","timestamp":"2026-05-24 13:52:39"}
{"level":"info","message":"Launching World | Loading Package Data - 98%","timestamp":"2026-05-24 13:52:39"}
{"level":"info","message":"Connected to database \"token-mold.adjectives\"","timestamp":"2026-05-24 13:52:39"}
{"level":"info","message":"Launching World | Loading Package Data - 100%","timestamp":"2026-05-24 13:52:39"}
{"level":"info","message":"Created 0 Folder documents with ids: []","timestamp":"2026-05-24 13:52:39"}
{"level":"info","message":"Launching World | Migrating Package Data - 2%","timestamp":"2026-05-24 13:52:39"}
{"level":"info","message":"Launching World | Migrating Package Data - 4%","timestamp":"2026-05-24 13:52:39"}
{"level":"info","message":"Launching World | Migrating Package Data - 6%","timestamp":"2026-05-24 13:52:39"}
{"level":"info","message":"Launching World | Migrating Package Data - 8%","timestamp":"2026-05-24 13:52:39"}
{"level":"info","message":"Launching World | Migrating Package Data - 10%","timestamp":"2026-05-24 13:52:39"}
{"level":"info","message":"Launching World | Migrating Package Data - 12%","timestamp":"2026-05-24 13:52:39"}
{"level":"info","message":"Launching World | Migrating Package Data - 14%","timestamp":"2026-05-24 13:52:39"}
{"level":"info","message":"Launching World | Migrating Package Data - 16%","timestamp":"2026-05-24 13:52:40"}
{"level":"info","message":"Launching World | Migrating Package Data - 18%","timestamp":"2026-05-24 13:52:40"}
{"level":"info","message":"Launching World | Migrating Package Data - 20%","timestamp":"2026-05-24 13:52:40"}
{"level":"info","message":"Launching World | Migrating Package Data - 22%","timestamp":"2026-05-24 13:52:40"}
{"level":"info","message":"Launching World | Migrating Package Data - 24%","timestamp":"2026-05-24 13:52:40"}
{"level":"info","message":"Launching World | Migrating Package Data - 25%","timestamp":"2026-05-24 13:52:40"}
{"level":"error","message":"An error occurred during the migration of JournalEntry record [uNs7ne9VCbbu5dcG] of database \"daggerheart.journals\":\nError: Documents from a core version newer than the running version cannot be migrated\n    at JournalEntryPage._migrateRecord (file:///D:/Juegos/Foundry_daggerheart_git/Foundry-daggerheart/Portable-FoundryVTT-v13.348/App/resources/app/dist/database/backend/server-document.mjs:1:3713)\n    at Function._migrateEmbeddedRecords (file:///D:/Juegos/Foundry_daggerheart_git/Foundry-daggerheart/Portable-FoundryVTT-v13.348/App/resources/app/dist/database/backend/server-document.mjs:1:4614)\n    at Function._migrateRecord (file:///D:/Juegos/Foundry_daggerheart_git/Foundry-daggerheart/Portable-FoundryVTT-v13.348/App/resources/app/dist/database/backend/server-document.mjs:1:4119)\n    at Function._migrateDocuments (file:///D:/Juegos/Foundry_daggerheart_git/Foundry-daggerheart/Portable-FoundryVTT-v13.348/App/resources/app/dist/database/backend/server-document.mjs:1:2782)","timestamp":"2026-05-24 13:52:40"}
{"level":"warn","message":"Database daggerheart.journals was not fully migrated due to errors during migration.","timestamp":"2026-05-24 13:52:40"}
{"level":"info","message":"Launching World | Migrating Package Data - 27%","timestamp":"2026-05-24 13:52:40"}
{"level":"error","message":"An error occurred during the migration of RollTable record [I5L1dlgxXTNrCCkL] of database \"daggerheart.rolltables\":\nError: Documents from a core version newer than the running version cannot be migrated\n    at TableResult._migrateRecord (file:///D:/Juegos/Foundry_daggerheart_git/Foundry-daggerheart/Portable-FoundryVTT-v13.348/App/resources/app/dist/database/backend/server-document.mjs:1:3713)\n    at Function._migrateEmbeddedRecords (file:///D:/Juegos/Foundry_daggerheart_git/Foundry-daggerheart/Portable-FoundryVTT-v13.348/App/resources/app/dist/database/backend/server-document.mjs:1:4614)\n    at Function._migrateRecord (file:///D:/Juegos/Foundry_daggerheart_git/Foundry-daggerheart/Portable-FoundryVTT-v13.348/App/resources/app/dist/database/backend/server-document.mjs:1:4119)\n    at Function._migrateDocuments (file:///D:/Juegos/Foundry_daggerheart_git/Foundry-daggerheart/Portable-FoundryVTT-v13.348/App/resources/app/dist/database/backend/server-document.mjs:1:2782)","timestamp":"2026-05-24 13:52:40"}
{"level":"error","message":"An error occurred during the migration of RollTable record [S61Shlt2I5CbLRjz] of database \"daggerheart.rolltables\":\nError: Documents from a core version newer than the running version cannot be migrated\n    at TableResult._migrateRecord (file:///D:/Juegos/Foundry_daggerheart_git/Foundry-daggerheart/Portable-FoundryVTT-v13.348/App/resources/app/dist/database/backend/server-document.mjs:1:3713)\n    at Function._migrateEmbeddedRecords (file:///D:/Juegos/Foundry_daggerheart_git/Foundry-daggerheart/Portable-FoundryVTT-v13.348/App/resources/app/dist/database/backend/server-document.mjs:1:4614)\n    at Function._migrateRecord (file:///D:/Juegos/Foundry_daggerheart_git/Foundry-daggerheart/Portable-FoundryVTT-v13.348/App/resources/app/dist/database/backend/server-document.mjs:1:4119)\n    at Function._migrateDocuments (file:///D:/Juegos/Foundry_daggerheart_git/Foundry-daggerheart/Portable-FoundryVTT-v13.348/App/resources/app/dist/database/backend/server-document.mjs:1:2782)","timestamp":"2026-05-24 13:52:40"}
{"level":"error","message":"An error occurred during the migration of RollTable record [tF04P02yVN1YDVel] of database \"daggerheart.rolltables\":\nError: Documents from a core version newer than the running version cannot be migrated\n    at TableResult._migrateRecord (file:///D:/Juegos/Foundry_daggerheart_git/Foundry-daggerheart/Portable-FoundryVTT-v13.348/App/resources/app/dist/database/backend/server-document.mjs:1:3713)\n    at Function._migrateEmbeddedRecords (file:///D:/Juegos/Foundry_daggerheart_git/Foundry-daggerheart/Portable-FoundryVTT-v13.348/App/resources/app/dist/database/backend/server-document.mjs:1:4614)\n    at Function._migrateRecord (file:///D:/Juegos/Foundry_daggerheart_git/Foundry-daggerheart/Portable-FoundryVTT-v13.348/App/resources/app/dist/database/backend/server-document.mjs:1:4119)\n    at Function._migrateDocuments (file:///D:/Juegos/Foundry_daggerheart_git/Foundry-daggerheart/Portable-FoundryVTT-v13.348/App/resources/app/dist/database/backend/server-document.mjs:1:2782)","timestamp":"2026-05-24 13:52:40"}
{"level":"warn","message":"Database daggerheart.rolltables was not fully migrated due to errors during migration.","timestamp":"2026-05-24 13:52:40"}
{"level":"info","message":"Launching World | Migrating Package Data - 29%","timestamp":"2026-05-24 13:52:40"}
{"level":"info","message":"Launching World | Migrating Package Data - 31%","timestamp":"2026-05-24 13:52:40"}
{"level":"info","message":"Launching World | Migrating Package Data - 33%","timestamp":"2026-05-24 13:52:40"}
{"level":"error","message":"An error occurred during the migration of Item record [AzEJqUAnlfac2THg] of database \"daggerheart-advmanager.custom-features\":\nError: Documents from a core version newer than the running version cannot be migrated\n    at Function._migrateRecord (file:///D:/Juegos/Foundry_daggerheart_git/Foundry-daggerheart/Portable-FoundryVTT-v13.348/App/resources/app/dist/database/backend/server-document.mjs:1:3713)\n    at Function._migrateDocuments (file:///D:/Juegos/Foundry_daggerheart_git/Foundry-daggerheart/Portable-FoundryVTT-v13.348/App/resources/app/dist/database/backend/server-document.mjs:1:2782)","timestamp":"2026-05-24 13:52:40"}
{"level":"error","message":"An error occurred during the migration of Item record [BRwQHc8h2ejuuvTr] of database \"daggerheart-advmanager.custom-features\":\nError: Documents from a core version newer than the running version cannot be migrated\n    at Function._migrateRecord (file:///D:/Juegos/Foundry_daggerheart_git/Foundry-daggerheart/Portable-FoundryVTT-v13.348/App/resources/app/dist/database/backend/server-document.mjs:1:3713)\n    at Function._migrateDocuments (file:///D:/Juegos/Foundry_daggerheart_git/Foundry-daggerheart/Portable-FoundryVTT-v13.348/App/resources/app/dist/database/backend/server-document.mjs:1:2782)","timestamp":"2026-05-24 13:52:40"}
{"level":"error","message":"An error occurred during the migration of Item record [KGhnD2WbVvfefC7I] of database \"daggerheart-advmanager.custom-features\":\nError: Documents from a core version newer than the running version cannot be migrated\n    at Function._migrateRecord (file:///D:/Juegos/Foundry_daggerheart_git/Foundry-daggerheart/Portable-FoundryVTT-v13.348/App/resources/app/dist/database/backend/server-document.mjs:1:3713)\n    at Function._migrateDocuments (file:///D:/Juegos/Foundry_daggerheart_git/Foundry-daggerheart/Portable-FoundryVTT-v13.348/App/resources/app/dist/database/backend/server-document.mjs:1:2782)","timestamp":"2026-05-24 13:52:40"}
{"level":"error","message":"An error occurred during the migration of Item record [ezFzajFyZSDOTJFA] of database \"daggerheart-advmanager.custom-features\":\nError: Documents from a core version newer than the running version cannot be migrated\n    at Function._migrateRecord (file:///D:/Juegos/Foundry_daggerheart_git/Foundry-daggerheart/Portable-FoundryVTT-v13.348/App/resources/app/dist/database/backend/server-document.mjs:1:3713)\n    at Function._migrateDocuments (file:///D:/Juegos/Foundry_daggerheart_git/Foundry-daggerheart/Portable-FoundryVTT-v13.348/App/resources/app/dist/database/backend/server-document.mjs:1:2782)","timestamp":"2026-05-24 13:52:40"}
{"level":"error","message":"An error occurred during the migration of Item record [gQjpYzBmlC6CDYGY] of database \"daggerheart-advmanager.custom-features\":\nError: Documents from a core version newer than the running version cannot be migrated\n    at Function._migrateRecord (file:///D:/Juegos/Foundry_daggerheart_git/Foundry-daggerheart/Portable-FoundryVTT-v13.348/App/resources/app/dist/database/backend/server-document.mjs:1:3713)\n    at Function._migrateDocuments (file:///D:/Juegos/Foundry_daggerheart_git/Foundry-daggerheart/Portable-FoundryVTT-v13.348/App/resources/app/dist/database/backend/server-document.mjs:1:2782)","timestamp":"2026-05-24 13:52:40"}
{"level":"error","message":"An error occurred during the migration of Item record [gkyJsNVoE3kYJWoe] of database \"daggerheart-advmanager.custom-features\":\nError: Documents from a core version newer than the running version cannot be migrated\n    at Function._migrateRecord (file:///D:/Juegos/Foundry_daggerheart_git/Foundry-daggerheart/Portable-FoundryVTT-v13.348/App/resources/app/dist/database/backend/server-document.mjs:1:3713)\n    at Function._migrateDocuments (file:///D:/Juegos/Foundry_daggerheart_git/Foundry-daggerheart/Portable-FoundryVTT-v13.348/App/resources/app/dist/database/backend/server-document.mjs:1:2782)","timestamp":"2026-05-24 13:52:40"}
{"level":"error","message":"An error occurred during the migration of Item record [vPbGnIwlpM2I74BI] of database \"daggerheart-advmanager.custom-features\":\nError: Documents from a core version newer than the running version cannot be migrated\n    at Function._migrateRecord (file:///D:/Juegos/Foundry_daggerheart_git/Foundry-daggerheart/Portable-FoundryVTT-v13.348/App/resources/app/dist/database/backend/server-document.mjs:1:3713)\n    at Function._migrateDocuments (file:///D:/Juegos/Foundry_daggerheart_git/Foundry-daggerheart/Portable-FoundryVTT-v13.348/App/resources/app/dist/database/backend/server-document.mjs:1:2782)","timestamp":"2026-05-24 13:52:40"}
{"level":"error","message":"An error occurred during the migration of Item record [w55UDPWC0WIgXxWS] of database \"daggerheart-advmanager.custom-features\":\nError: Documents from a core version newer than the running version cannot be migrated\n    at Function._migrateRecord (file:///D:/Juegos/Foundry_daggerheart_git/Foundry-daggerheart/Portable-FoundryVTT-v13.348/App/resources/app/dist/database/backend/server-document.mjs:1:3713)\n    at Function._migrateDocuments (file:///D:/Juegos/Foundry_daggerheart_git/Foundry-daggerheart/Portable-FoundryVTT-v13.348/App/resources/app/dist/database/backend/server-document.mjs:1:2782)","timestamp":"2026-05-24 13:52:40"}
{"level":"warn","message":"Database daggerheart-advmanager.custom-features was not fully migrated due to errors during migration.","timestamp":"2026-05-24 13:52:40"}
{"level":"info","message":"Launching World | Migrating Package Data - 35%","timestamp":"2026-05-24 13:52:40"}
{"level":"error","message":"An error occurred during the migration of Item record [0AK50fib0Vl6vzNE] of database \"daggerheart-advmanager.all-features\":\nError: Documents from a core version newer than the running version cannot be migrated\n    at Function._migrateRecord (file:///D:/Juegos/Foundry_daggerheart_git/Foundry-daggerheart/Portable-FoundryVTT-v13.348/App/resources/app/dist/database/backend/server-document.mjs:1:3713)\n    at Function._migrateDocuments (file:///D:/Juegos/Foundry_daggerheart_git/Foundry-daggerheart/Portable-FoundryVTT-v13.348/App/resources/app/dist/database/backend/server-document.mjs:1:2782)","timestamp":"2026-05-24 13:52:40"}
{"level":"error","message":"An error occurred during the migration of Item record [0EmQBc3EpEkh7ZNI] of database \"daggerheart-advmanager.all-features\":\nError: Documents from a core version newer than the running version cannot be migrated\n    at Function._migrateRecord (file:///D:/Juegos/Foundry_daggerheart_git/Foundry-daggerheart/Portable-FoundryVTT-v13.348/App/resources/app/dist/database/backend/server-document.mjs:1:3713)\n    at Function._migrateDocuments (file:///D:/Juegos/Foundry_daggerheart_git/Foundry-daggerheart/Portable-FoundryVTT-v13.348/App/resources/app/dist/database/backend/server-document.mjs:1:2782)","timestamp":"2026-05-24 13:52:40"}
{"level":"error","message":"An error occurred during the migration of Item record [0Jyuo4OsdMawZoTU] of database \"daggerheart-advmanager.all-features\":\nError: Documents from a core version newer than the running version cannot be migrated\n    at Function._migrateRecord (file:///D:/Juegos/Foundry_daggerheart_git/Foundry-daggerheart/Portable-FoundryVTT-v13.348/App/resources/app/dist/database/backend/server-document.mjs:1:3713)\n    at Function._migrateDocuments (file:///D:/Juegos/Foundry_daggerheart_git/Foundry-daggerheart/Portable-FoundryVTT-v13.348/App/resources/app/dist/database/backend/server-document.mjs:1:2782)","timestamp":"2026-05-24 13:52:40"}
{"level":"error","message":"An error occurred during the migration of Item record [0OGMVbqFxRVxsuTy] of database \"daggerheart-advmanager.all-features\":\nError: Documents from a core version newer than the running version cannot be migrated\n    at Function._migrateRecord (file:///D:/Juegos/Foundry_daggerheart_git/Foundry-daggerheart/Portable-FoundryVTT-v13.348/App/resources/app/dist/database/backend/server-document.mjs:1:3713)\n    at Function._migrateDocuments (file:///D:/Juegos/Foundry_daggerheart_git/Foundry-daggerheart/Portable-FoundryVTT-v13.348/App/resources/app/dist/database/backend/server-document.mjs:1:2782)","timestamp":"2026-05-24 13:52:40"}
{"level":"error","message":"An error occurred during the migration of Item record [0iw1UfatM6sVnQzw] of database \"daggerheart-advmanager.all-features\":\nError: Documents from a core version newer than the running version cannot be migrated\n    at Function._migrateRecord (file:///D:/Juegos/Foundry_daggerheart_git/Foundry-daggerheart/Portable-FoundryVTT-v13.348/App/resources/app/dist/database/backend/server-document.mjs:1:3713)\n    at Function._migrateDocuments (file:///D:/Juegos/Foundry_daggerheart_git/Foundry-daggerheart/Portable-FoundryVTT-v13.348/App/resources/app/dist/database/backend/server-document.mjs:1:2782)","timestamp":"2026-05-24 13:52:40"}
{"level":"error","message":"An error occurred during the migration of Item record [0t5Sxf68jP13Jvdb] of database \"daggerheart-advmanager.all-features\":\nError: Documents from a core version newer than the running version cannot be migrated\n    at Function._migrateRecord (file:///D:/Juegos/Foundry_daggerheart_git/Foundry-daggerheart/Portable-FoundryVTT-v13.348/App/resources/app/dist/database/backend/server-document.mjs:1:3713)\n    at Function._migrateDocuments (file:///D:/Juegos/Foundry_daggerheart_git/Foundry-daggerheart/Portable-FoundryVTT-v13.348/App/resources/app/dist/database/backend/server-document.mjs:1:2782)","timestamp":"2026-05-24 13:52:40"}
{"level":"error","message":"An error occurred during the migration of Item record [0xfUrz3PxiePxbuZ] of database \"daggerheart-advmanager.all-features\":\nError: Documents from a core version newer than the running version cannot be migrated\n    at Function._migrateRecord (file:///D:/Juegos/Foundry_daggerheart_git/Foundry-daggerheart/Portable-FoundryVTT-v13.348/App/resources/app/dist/database/backend/server-document.mjs:1:3713)\n    at Function._migrateDocuments (file:///D:/Juegos/Foundry_daggerheart_git/Foundry-daggerheart/Portable-FoundryVTT-v13.348/App/resources/app/dist/database/backend/server-document.mjs:1:2782)","timestamp":"2026-05-24 13:52:40"}
{"level":"error","message":"An error occurred during the migration of Item record [10is4ehby9gfstKp] of database \"daggerheart-advmanager.all-features\":\nError: Documents from a core version newer than the running version cannot be migrated\n    at Function._migrateRecord (file:///D:/Juegos/Foundry_daggerheart_git/Foundry-daggerheart/Portable-FoundryVTT-v13.348/App/resources/app/dist/database/backend/server-document.mjs:1:3713)\n    at Function._migrateDocuments (file:///D:/Juegos/Foundry_daggerheart_git/Foundry-daggerheart/Portable-FoundryVTT-v13.348/App/resources/app/dist/database/backend/server-document.mjs:1:2782)","timestamp":"2026-05-24 13:52:40"}
{"level":"error","message":"An error occurred during the migration of Item record [12GpBV70UVm4jiEq] of database \"daggerheart-advmanager.all-features\":\nError: Documents from a core version newer than the running version cannot be migrated\n    at Function._migrateRecord (file:///D:/Juegos/Foundry_daggerheart_git/Foundry-daggerheart/Portable-FoundryVTT-v13.348/App/resources/app/dist/database/backend/server-document.mjs:1:3713)\n    at Function._migrateDocuments (file:///D:/Juegos/Foundry_daggerheart_git/Foundry-daggerheart/Portable-FoundryVTT-v13.348/App/resources/app/dist/database/backend/server-document.mjs:1:2782)","timestamp":"2026-05-24 13:52:40"}
{"level":"error","message":"An error occurred during the migration of Item record [176El2KFqxUq1yFM] of database \"daggerheart-advmanager.all-features\":\nError: Documents from a core version newer than the running version cannot be migrated\n    at Function._migrateRecord (file:///D:/Juegos/Foundry_daggerheart_git/Foundry-daggerheart/Portable-FoundryVTT-v13.348/App/resources/app/dist/database/backend/server-document.mjs:1:3713)\n    at Function._migrateDocuments (file:///D:/Juegos/Foundry_daggerheart_git/Foundry-daggerheart/Portable-FoundryVTT-v13.348/App/resources/app/dist/database/backend/server-document.mjs:1:2782)","timestamp":"2026-05-24 13:52:40"}
{"level":"error","message":"An error occurred during the migration of Item record [19FO88Svnttnqsyh] of database \"daggerheart-advmanager.all-features\":\nError: Documents from a core version newer than the running version cannot be migrated\n    at Function._migrateRecord (file:///D:/Juegos/Foundry_daggerheart_git/Foundry-daggerheart/Portable-FoundryVTT-v13.348/App/resources/app/dist/database/backend/server-document.mjs:1:3713)\n    at Function._migrateDocuments (file:///D:/Juegos/Foundry_daggerheart_git/Foundry-daggerheart/Portable-FoundryVTT-v13.348/App/resources/app/dist/database/backend/server-document.mjs:1:2782)","timestamp":"2026-05-24 13:52:40"}
{"level":"error","message":"An error occurred during the migration of Item record [1FMtoS8Vd9rzaFVG] of database \"daggerheart-advmanager.all-features\":\nError: Documents from a core version newer than the running version cannot be migrated\n    at Function._migrateRecord (file:///D:/Juegos/Foundry_daggerheart_git/Foundry-daggerheart/Portable-FoundryVTT-v13.348/App/resources/app/dist/database/backend/server-document.mjs:1:3713)\n    at Function._migrateDocuments (file:///D:/Juegos/Foundry_daggerheart_git/Foundry-daggerheart/Portable-FoundryVTT-v13.348/App/resources/app/dist/database/backend/server-document.mjs:1:2782)","timestamp":"2026-05-24 13:52:40"}
{"level":"error","message":"An error occurred during the migration of Item record [1aNR0X2uLEfNyvLS] of database \"daggerheart-advmanager.all-features\":\nError: Documents from a core version newer than the running version cannot be migrated\n    at Function._migrateRecord (file:///D:/Juegos/Foundry_daggerheart_git/Foundry-daggerheart/Portable-FoundryVTT-v13.348/App/resources/app/dist/database/backend/server-document.mjs:1:3713)\n    at Function._migrateDocuments (file:///D:/Juegos/Foundry_daggerheart_git/Foundry-daggerheart/Portable-FoundryVTT-v13.348/App/resources/app/dist/database/backend/server-document.mjs:1:2782)","timestamp":"2026-05-24 13:52:40"}
{"level":"error","message":"An error occurred during the migration of Item record [24xBbSTxWXb9RsrI] of database \"daggerheart-advmanager.all-features\":\nError: Documents from a core version newer than the running version cannot be migrated\n    at Function._migrateRecord (file:///D:/Juegos/Foundry_daggerheart_git/Foundry-daggerheart/Portable-FoundryVTT-v13.348/App/resources/app/dist/database/backend/server-document.mjs:1:3713)\n    at Function._migrateDocuments (file:///D:/Juegos/Foundry_daggerheart_git/Foundry-daggerheart/Portable-FoundryVTT-v13.348/App/resources/app/dist/database/backend/server-document.mjs:1:2782)","timestamp":"2026-05-24 13:52:40"}
{"level":"error","message":"An error occurred during the migration of Item record [29zFfjY5HNUxW3mx] of database \"daggerheart-advmanager.all-features\":\nError: Documents from a core version newer than the running version cannot be migrated\n    at Function._migrateRecord (file:///D:/Juegos/Foundry_daggerheart_git/Foundry-daggerheart/Portable-FoundryVTT-v13.348/App/resources/app/dist/database/backend/server-document.mjs:1:3713)\n    at Function._migrateDocuments (file:///D:/Juegos/Foundry_daggerheart_git/Foundry-daggerheart/Portable-FoundryVTT-v13.348/App/resources/app/dist/database/backend/server-document.mjs:1:2782)","timestamp":"2026-05-24 13:52:40"}
{"level":"error","message":"An error occurred during the migration of Item record [2bJ0AcF6AbwTJRQX] of database \"daggerheart-advmanager.all-features\":\nError: Documents from a core version newer than the running version cannot be migrated\n    at Function._migrateRecord (file:///D:/Juegos/Foundry_daggerheart_git/Foundry-daggerheart/Portable-FoundryVTT-v13.348/App/resources/app/dist/database/backend/server-document.mjs:1:3713)\n    at Function._migrateDocuments (file:///D:/Juegos/Foundry_daggerheart_git/Foundry-daggerheart/Portable-FoundryVTT-v13.348/App/resources/app/dist/database/backend/server-document.mjs:1:2782)","timestamp":"2026-05-24 13:52:40"}
{"level":"error","message":"An error occurred during the migration of Item record [2mbKdvhv86laztg5] of database \"daggerheart-advmanager.all-features\":\nError: Documents from a core version newer than the running version cannot be migrated\n    at Function._migrateRecord (file:///D:/Juegos/Foundry_daggerheart_git/Foundry-daggerheart/Portable-FoundryVTT-v13.348/App/resources/app/dist/database/backend/server-document.mjs:1:3713)\n    at Function._migrateDocuments (file:///D:/Juegos/Foundry_daggerheart_git/Foundry-daggerheart/Portable-FoundryVTT-v13.348/App/resources/app/dist/database/backend/server-document.mjs:1:2782)","timestamp":"2026-05-24 13:52:40"}
{"level":"error","message":"An error occurred during the migration of Item record [2oGA8NNPjlHvG2w5] of database \"daggerheart-advmanager.all-features\":\nError: Documents from a core version newer than the running version cannot be migrated\n    at Function._migrateRecord (file:///D:/Juegos/Foundry_daggerheart_git/Foundry-daggerheart/Portable-FoundryVTT-v13.348/App/resources/app/dist/database/backend/server-document.mjs:1:3713)\n    at Function._migrateDocuments (file:///D:/Juegos/Foundry_daggerheart_git/Foundry-daggerheart/Portable-FoundryVTT-v13.348/App/resources/app/dist/database/backend/server-document.mjs:1:2782)","timestamp":"2026-05-24 13:52:40"}
{"level":"error","message":"An error occurred during the migration of Item record [3585rCbXTrgdV3b3] of database \"daggerheart-advmanager.all-features\":\nError: Documents from a core version newer than the running version cannot be migrated\n    at Function._migrateRecord (file:///D:/Juegos/Foundry_daggerheart_git/Foundry-daggerheart/Portable-FoundryVTT-v13.348/App/resources/app/dist/database/backend/server-document.mjs:1:3713)\n    at Function._migrateDocuments (file:///D:/Juegos/Foundry_daggerheart_git/Foundry-daggerheart/Portable-FoundryVTT-v13.348/App/resources/app/dist/database/backend/server-document.mjs:1:2782)","timestamp":"2026-05-24 13:52:40"}
{"level":"error","message":"An error occurred during the migration of Item record [3DcJxlfu8rDHyh9o] of database \"daggerheart-advmanager.all-features\":\nError: Documents from a core version newer than the running version cannot be migrated\n    at Function._migrateRecord (file:///D:/Juegos/Foundry_daggerheart_git/Foundry-daggerheart/Portable-FoundryVTT-v13.348/App/resources/app/dist/database/backend/server-document.mjs:1:3713)\n    at Function._migrateDocuments (file:///D:/Juegos/Foundry_daggerheart_git/Foundry-daggerheart/Portable-FoundryVTT-v13.348/App/resources/app/dist/database/backend/server-document.mjs:1:2782)","timestamp":"2026-05-24 13:52:40"}
{"level":"error","message":"An error occurred during the migration of Item record [3HE1tbCfnpKvfRT4] of database \"daggerheart-advmanager.all-features\":\nError: Documents from a core version newer than the running version cannot be migrated\n    at Function._migrateRecord (file:///D:/Juegos/Foundry_daggerheart_git/Foundry-daggerheart/Portable-FoundryVTT-v13.348/App/resources/app/dist/database/backend/server-document.mjs:1:3713)\n    at Function._migrateDocuments (file:///D:/Juegos/Foundry_daggerheart_git/Foundry-daggerheart/Portable-FoundryVTT-v13.348/App/resources/app/dist/database/backend/server-document.mjs:1:2782)","timestamp":"2026-05-24 13:52:40"}
{"level":"error","message":"An error occurred during the migration of Item record [3qIfh4e4Jmv1i4IA] of database \"daggerheart-advmanager.all-features\":\nError: Documents from a core version newer than the running version cannot be migrated\n    at Function._migrateRecord (file:///D:/Juegos/Foundry_daggerheart_git/Foundry-daggerheart/Portable-FoundryVTT-v13.348/App/resources/app/dist/database/backend/server-document.mjs:1:3713)\n    at Function._migrateDocuments (file:///D:/Juegos/Foundry_daggerheart_git/Foundry-daggerheart/Portable-FoundryVTT-v13.348/App/resources/app/dist/database/backend/server-document.mjs:1:2782)","timestamp":"2026-05-24 13:52:40"}
{"level":"error","message":"An error occurred during the migration of Item record [406aPWKMmrbhjNBp] of database \"daggerheart-advmanager.all-features\":\nError: Documents from a core version newer than the running version cannot be migrated\n    at Function._migrateRecord (file:///D:/Juegos/Foundry_daggerheart_git/Foundry-daggerheart/Portable-FoundryVTT-v13.348/App/resources/app/dist/database/backend/server-document.mjs:1:3713)\n    at Function._migrateDocuments (file:///D:/Juegos/Foundry_daggerheart_git/Foundry-daggerheart/Portable-FoundryVTT-v13.348/App/resources/app/dist/database/backend/server-document.mjs:1:2782)","timestamp":"2026-05-24 13:52:40"}
{"level":"error","message":"An error occurred during the migration of Item record [4Arev0XM1kfJor5X] of database \"daggerheart-advmanager.all-features\":\nError: Documents from a core version newer than the running version cannot be migrated\n    at Function._migrateRecord (file:///D:/Juegos/Foundry_daggerheart_git/Foundry-daggerheart/Portable-FoundryVTT-v13.348/App/resources/app/dist/database/backend/server-document.mjs:1:3713)\n    at Function._migrateDocuments (file:///D:/Juegos/Foundry_daggerheart_git/Foundry-daggerheart/Portable-FoundryVTT-v13.348/App/resources/app/dist/database/backend/server-document.mjs:1:2782)","timestamp":"2026-05-24 13:52:40"}
{"level":"error","message":"An error occurred during the migration of Item record [4NSLMimnOPIIkrp8] of database \"daggerheart-advmanager.all-features\":\nError: Documents from a core version newer than the running version cannot be migrated\n    at Function._migrateRecord (file:///D:/Juegos/Foundry_daggerheart_git/Foundry-daggerheart/Portable-FoundryVTT-v13.348/App/resources/app/dist/database/backend/server-document.mjs:1:3713)\n    at Function._migrateDocuments (file:///D:/Juegos/Foundry_daggerheart_git/Foundry-daggerheart/Portable-FoundryVTT-v13.348/App/resources/app/dist/database/backend/server-document.mjs:1:2782)","timestamp":"2026-05-24 13:52:40"}
{"level":"error","message":"An error occurred during the migration of Item record [4hQpJ37Lki92QPdP] of database \"daggerheart-advmanager.all-features\":\nError: Documents from a core version newer than the running version cannot be migrated\n    at Function._migrateRecord (file:///D:/Juegos/Foundry_daggerheart_git/Foundry-daggerheart/Portable-FoundryVTT-v13.348/App/resources/app/dist/database/backend/server-document.mjs:1:3713)\n    at Function._migrateDocuments (file:///D:/Juegos/Foundry_daggerheart_git/Foundry-daggerheart/Portable-FoundryVTT-v13.348/App/resources/app/dist/database/backend/server-document.mjs:1:2782)","timestamp":"2026-05-24 13:52:40"}
{"level":"error","message":"An error occurred during the migration of Item record [4olzwDGhly4yD6QP] of database \"daggerheart-advmanager.all-features\":\nError: Documents from a core version newer than the running version cannot be migrated\n    at Function._migrateRecord (file:///D:/Juegos/Foundry_daggerheart_git/Foundry-daggerheart/Portable-FoundryVTT-v13.348/App/resources/app/dist/database/backend/server-document.mjs:1:3713)\n    at Function._migrateDocuments (file:///D:/Juegos/Foundry_daggerheart_git/Foundry-daggerheart/Portable-FoundryVTT-v13.348/App/resources/app/dist/database/backend/server-document.mjs:1:2782)","timestamp":"2026-05-24 13:52:40"}
{"level":"error","message":"An error occurred during the migration of Item record [4pJEwefS6ck3yhTL] of database \"daggerheart-advmanager.all-features\":\nError: Documents from a core version newer than the running version cannot be migrated\n    at Function._migrateRecord (file:///D:/Juegos/Foundry_daggerheart_git/Foundry-daggerheart/Portable-FoundryVTT-v13.348/App/resources/app/dist/database/backend/server-document.mjs:1:3713)\n    at Function._migrateDocuments (file:///D:/Juegos/Foundry_daggerheart_git/Foundry-daggerheart/Portable-FoundryVTT-v13.348/App/resources/app/dist/database/backend/server-document.mjs:1:2782)","timestamp":"2026-05-24 13:52:40"}
{"level":"error","message":"An error occurred during the migration of Item record [562z3cCHaZpp7KQ3] of database \"daggerheart-advmanager.all-features\":\nError: Documents from a core version newer than the running version cannot be migrated\n    at Function._migrateRecord (file:///D:/Juegos/Foundry_daggerheart_git/Foundry-daggerheart/Portable-FoundryVTT-v13.348/App/resources/app/dist/database/backend/server-document.mjs:1:3713)\n    at Function._migrateDocuments (file:///D:/Juegos/Foundry_daggerheart_git/Foundry-daggerheart/Portable-FoundryVTT-v13.348/App/resources/app/dist/database/backend/server-document.mjs:1:2782)","timestamp":"2026-05-24 13:52:40"}
{"level":"error","message":"An error occurred during the migration of Item record [5A2g10P82BhefFnF] of database \"daggerheart-advmanager.all-features\":\nError: Documents from a core version newer than the running version cannot be migrated\n    at Function._migrateRecord (file:///D:/Juegos/Foundry_daggerheart_git/Foundry-daggerheart/Portable-FoundryVTT-v13.348/App/resources/app/dist/database/backend/server-document.mjs:1:3713)\n    at Function._migrateDocuments (file:///D:/Juegos/Foundry_daggerheart_git/Foundry-daggerheart/Portable-FoundryVTT-v13.348/App/resources/app/dist/database/backend/server-document.mjs:1:2782)","timestamp":"2026-05-24 13:52:40"}
{"level":"error","message":"An error occurred during the migration of Item record [5Aa9DYunwzMlj2z5] of database \"daggerheart-advmanager.all-features\":\nError: Documents from a core version newer than the running version cannot be migrated\n    at Function._migrateRecord (file:///D:/Juegos/Foundry_daggerheart_git/Foundry-daggerheart/Portable-FoundryVTT-v13.348/App/resources/app/dist/database/backend/server-document.mjs:1:3713)\n    at Function._migrateDocuments (file:///D:/Juegos/Foundry_daggerheart_git/Foundry-daggerheart/Portable-FoundryVTT-v13.348/App/resources/app/dist/database/backend/server-document.mjs:1:2782)","timestamp":"2026-05-24 13:52:40"}
{"level":"error","message":"An error occurred during the migration of Item record [5Bo8D9QzOB7nrkiJ] of database \"daggerheart-advmanager.all-features\":\nError: Documents from a core version newer than the running version cannot be migrated\n    at Function._migrateRecord (file:///D:/Juegos/Foundry_daggerheart_git/Foundry-daggerheart/Portable-FoundryVTT-v13.348/App/resources/app/dist/database/backend/server-document.mjs:1:3713)\n    at Function._migrateDocuments (file:///D:/Juegos/Foundry_daggerheart_git/Foundry-daggerheart/Portable-FoundryVTT-v13.348/App/resources/app/dist/database/backend/server-document.mjs:1:2782)","timestamp":"2026-05-24 13:52:40"}
{"level":"error","message":"An error occurred during the migration of Item record [5DLSEIAySr9PTQcB] of database \"daggerheart-advmanager.all-features\":\nError: Documents from a core version newer than the running version cannot be migrated\n    at Function._migrateRecord (file:///D:/Juegos/Foundry_daggerheart_git/Foundry-daggerheart/Portable-FoundryVTT-v13.348/App/resources/app/dist/database/backend/server-document.mjs:1:3713)\n    at Function._migrateDocuments (file:///D:/Juegos/Foundry_daggerheart_git/Foundry-daggerheart/Portable-FoundryVTT-v13.348/App/resources/app/dist/database/backend/server-document.mjs:1:2782)","timestamp":"2026-05-24 13:52:40"}
{"level":"error","message":"An error occurred during the migration of Item record [5Nq16tcUJeKgzAqM] of database \"daggerheart-advmanager.all-features\":\nError: Documents from a core version newer than the running version cannot be migrated\n    at Function._migrateRecord (file:///D:/Juegos/Foundry_daggerheart_git/Foundry-daggerheart/Portable-FoundryVTT-v13.348/App/resources/app/dist/database/backend/server-document.mjs:1:3713)\n    at Function._migrateDocuments (file:///D:/Juegos/Foundry_daggerheart_git/Foundry-daggerheart/Portable-FoundryVTT-v13.348/App/resources/app/dist/database/backend/server-document.mjs:1:2782)","timestamp":"2026-05-24 13:52:40"}
{"level":"error","message":"An error occurred during the migration of Item record [5Wn5atX8O21xrL5O] of database \"daggerheart-advmanager.all-features\":\nError: Documents from a core version newer than the running version cannot be migrated\n    at Function._migrateRecord (file:///D:/Juegos/Foundry_daggerheart_git/Foundry-daggerheart/Portable-FoundryVTT-v13.348/App/resources/app/dist/database/backend/server-document.mjs:1:3713)\n    at Function._migrateDocuments (file:///D:/Juegos/Foundry_daggerheart_git/Foundry-daggerheart/Portable-FoundryVTT-v13.348/App/resources/app/dist/database/backend/server-document.mjs:1:2782)","timestamp":"2026-05-24 13:52:40"}
{"level":"error","message":"An error occurred during the migration of Item record [5kQacWjp1K6I4iH3] of database \"daggerheart-advmanager.all-features\":\nError: Documents from a core version newer than the running version cannot be migrated\n    at Function._migrateRecord (file:///D:/Juegos/Foundry_daggerheart_git/Foundry-daggerheart/Portable-FoundryVTT-v13.348/App/resources/app/dist/database/backend/server-document.mjs:1:3713)\n    at Function._migrateDocuments (file:///D:/Juegos/Foundry_daggerheart_git/Foundry-daggerheart/Portable-FoundryVTT-v13.348/App/resources/app/dist/database/backend/server-document.mjs:1:2782)","timestamp":"2026-05-24 13:52:40"}
{"level":"error","message":"An error occurred during the migration of Item record [62OdgQgaYYjAsxhn] of database \"daggerheart-advmanager.all-features\":\nError: Documents from a core version newer than the running version cannot be migrated\n    at Function._migrateRecord (file:///D:/Juegos/Foundry_daggerheart_git/Foundry-daggerheart/Portable-FoundryVTT-v13.348/App/resources/app/dist/database/backend/server-document.mjs:1:3713)\n    at Function._migrateDocuments (file:///D:/Juegos/Foundry_daggerheart_git/Foundry-daggerheart/Portable-FoundryVTT-v13.348/App/resources/app/dist/database/backend/server-document.mjs:1:2782)","timestamp":"2026-05-24 13:52:40"}
{"level":"error","message":"An error occurred during the migration of Item record [68ygzbXuIM3CmG4T] of database \"daggerheart-advmanager.all-features\":\nError: Documents from a core version newer than the running version cannot be migrated\n    at Function._migrateRecord (file:///D:/Juegos/Foundry_daggerheart_git/Foundry-daggerheart/Portable-FoundryVTT-v13.348/App/resources/app/dist/database/backend/server-document.mjs:1:3713)\n    at Function._migrateDocuments (file:///D:/Juegos/Foundry_daggerheart_git/Foundry-daggerheart/Portable-FoundryVTT-v13.348/App/resources/app/dist/database/backend/server-document.mjs:1:2782)","timestamp":"2026-05-24 13:52:40"}
{"level":"error","message":"An error occurred during the migration of Item record [6Ucktuk60kx88Byq] of database \"daggerheart-advmanager.all-features\":\nError: Documents from a core version newer than the running version cannot be migrated\n    at Function._migrateRecord (file:///D:/Juegos/Foundry_daggerheart_git/Foundry-daggerheart/Portable-FoundryVTT-v13.348/App/resources/app/dist/database/backend/server-document.mjs:1:3713)\n    at Function._migrateDocuments (file:///D:/Juegos/Foundry_daggerheart_git/Foundry-daggerheart/Portable-FoundryVTT-v13.348/App/resources/app/dist/database/backend/server-document.mjs:1:2782)","timestamp":"2026-05-24 13:52:40"}
{"level":"error","message":"An error occurred during the migration of Item record [6VaGmmlJokFAnmYk] of database \"daggerheart-advmanager.all-features\":\nError: Documents from a core version newer than the running version cannot be migrated\n    at Function._migrateRecord (file:///D:/Juegos/Foundry_daggerheart_git/Foundry-daggerheart/Portable-FoundryVTT-v13.348/App/resources/app/dist/database/backend/server-document.mjs:1:3713)\n    at Function._migrateDocuments (file:///D:/Juegos/Foundry_daggerheart_git/Foundry-daggerheart/Portable-FoundryVTT-v13.348/App/resources/app/dist/database/backend/server-document.mjs:1:2782)","timestamp":"2026-05-24 13:52:40"}
{"level":"error","message":"An error occurred during the migration of Item record [6XReWqJ42M0bl0uV] of database \"daggerheart-advmanager.all-features\":\nError: Documents from a core version newer than the running version cannot be migrated\n    at Function._migrateRecord (file:///D:/Juegos/Foundry_daggerheart_git/Foundry-daggerheart/Portable-FoundryVTT-v13.348/App/resources/app/dist/database/backend/server-document.mjs:1:3713)\n    at Function._migrateDocuments (file:///D:/Juegos/Foundry_daggerheart_git/Foundry-daggerheart/Portable-FoundryVTT-v13.348/App/resources/app/dist/database/backend/server-document.mjs:1:2782)","timestamp":"2026-05-24 13:52:40"}
{"level":"error","message":"An error occurred during the migration of Item record [6oBI8EvpQ8UfzEDs] of database \"daggerheart-advmanager.all-features\":\nError: Documents from a core version newer than the running version cannot be migrated\n    at Function._migrateRecord (file:///D:/Juegos/Foundry_daggerheart_git/Foundry-daggerheart/Portable-FoundryVTT-v13.348/App/resources/app/dist/database/backend/server-document.mjs:1:3713)\n    at Function._migrateDocuments (file:///D:/Juegos/Foundry_daggerheart_git/Foundry-daggerheart/Portable-FoundryVTT-v13.348/App/resources/app/dist/database/backend/server-document.mjs:1:2782)","timestamp":"2026-05-24 13:52:40"}
{"level":"error","message":"An error occurred during the migration of Item record [76BVfHMtGBJ8OEV2] of database \"daggerheart-advmanager.all-features\":\nError: Documents from a core version newer than the running version cannot be migrated\n    at Function._migrateRecord (file:///D:/Juegos/Foundry_daggerheart_git/Foundry-daggerheart/Portable-FoundryVTT-v13.348/App/resources/app/dist/database/backend/server-document.mjs:1:3713)\n    at Function._migrateDocuments (file:///D:/Juegos/Foundry_daggerheart_git/Foundry-daggerheart/Portable-FoundryVTT-v13.348/App/resources/app/dist/database/backend/server-document.mjs:1:2782)","timestamp":"2026-05-24 13:52:40"}
{"level":"error","message":"An error occurred during the migration of Item record [77UOyCblaVbixMik] of database \"daggerheart-advmanager.all-features\":\nError: Documents from a core version newer than the running version cannot be migrated\n    at Function._migrateRecord (file:///D:/Juegos/Foundry_daggerheart_git/Foundry-daggerheart/Portable-FoundryVTT-v13.348/App/resources/app/dist/database/backend/server-document.mjs:1:3713)\n    at Function._migrateDocuments (file:///D:/Juegos/Foundry_daggerheart_git/Foundry-daggerheart/Portable-FoundryVTT-v13.348/App/resources/app/dist/database/backend/server-document.mjs:1:2782)","timestamp":"2026-05-24 13:52:40"}
{"level":"error","message":"An error occurred during the migration of Item record [7Bmb1SZ4YjUgiMVp] of database \"daggerheart-advmanager.all-features\":\nError: Documents from a core version newer than the running version cannot be migrated\n    at Function._migrateRecord (file:///D:/Juegos/Foundry_daggerheart_git/Foundry-daggerheart/Portable-FoundryVTT-v13.348/App/resources/app/dist/database/backend/server-document.mjs:1:3713)\n    at Function._migrateDocuments (file:///D:/Juegos/Foundry_daggerheart_git/Foundry-daggerheart/Portable-FoundryVTT-v13.348/App/resources/app/dist/database/backend/server-document.mjs:1:2782)","timestamp":"2026-05-24 13:52:40"}
{"level":"error","message":"An error occurred during the migration of Item record [7PtTEO8wWcVXZMhp] of database \"daggerheart-advmanager.all-features\":\nError: Documents from a core version newer than the running version cannot be migrated\n    at Function._migrateRecord (file:///D:/Juegos/Foundry_daggerheart_git/Foundry-daggerheart/Portable-FoundryVTT-v13.348/App/resources/app/dist/database/backend/server-document.mjs:1:3713)\n    at Function._migrateDocuments (file:///D:/Juegos/Foundry_daggerheart_git/Foundry-daggerheart/Portable-FoundryVTT-v13.348/App/resources/app/dist/database/backend/server-document.mjs:1:2782)","timestamp":"2026-05-24 13:52:40"}
{"level":"error","message":"An error occurred during the migration of Item record [83wz8VKmBOiBHMl7] of database \"daggerheart-advmanager.all-features\":\nError: Documents from a core version newer than the running version cannot be migrated\n    at Function._migrateRecord (file:///D:/Juegos/Foundry_daggerheart_git/Foundry-daggerheart/Portable-FoundryVTT-v13.348/App/resources/app/dist/database/backend/server-document.mjs:1:3713)\n    at Function._migrateDocuments (file:///D:/Juegos/Foundry_daggerheart_git/Foundry-daggerheart/Portable-FoundryVTT-v13.348/App/resources/app/dist/database/backend/server-document.mjs:1:2782)","timestamp":"2026-05-24 13:52:40"}
{"level":"error","message":"An error occurred during the migration of Item record [88lgDAkLmPOdbmUG] of database \"daggerheart-advmanager.all-features\":\nError: Documents from a core version newer than the running version cannot be migrated\n    at Function._migrateRecord (file:///D:/Juegos/Foundry_daggerheart_git/Foundry-daggerheart/Portable-FoundryVTT-v13.348/App/resources/app/dist/database/backend/server-document.mjs:1:3713)\n    at Function._migrateDocuments (file:///D:/Juegos/Foundry_daggerheart_git/Foundry-daggerheart/Portable-FoundryVTT-v13.348/App/resources/app/dist/database/backend/server-document.mjs:1:2782)","timestamp":"2026-05-24 13:52:40"}
{"level":"error","message":"An error occurred during the migration of Item record [8Hqoj2oRVfv0A1Fe] of database \"daggerheart-advmanager.all-features\":\nError: Documents from a core version newer than the running version cannot be migrated\n    at Function._migrateRecord (file:///D:/Juegos/Foundry_daggerheart_git/Foundry-daggerheart/Portable-FoundryVTT-v13.348/App/resources/app/dist/database/backend/server-document.mjs:1:3713)\n    at Function._migrateDocuments (file:///D:/Juegos/Foundry_daggerheart_git/Foundry-daggerheart/Portable-FoundryVTT-v13.348/App/resources/app/dist/database/backend/server-document.mjs:1:2782)","timestamp":"2026-05-24 13:52:40"}
{"level":"error","message":"An error occurred during the migration of Item record [8JG1MqucRal88FLZ] of database \"daggerheart-advmanager.all-features\":\nError: Documents from a core version newer than the running version cannot be migrated\n    at Function._migrateRecord (file:///D:/Juegos/Foundry_daggerheart_git/Foundry-daggerheart/Portable-FoundryVTT-v13.348/App/resources/app/dist/database/backend/server-document.mjs:1:3713)\n    at Function._migrateDocuments (file:///D:/Juegos/Foundry_daggerheart_git/Foundry-daggerheart/Portable-FoundryVTT-v13.348/App/resources/app/dist/database/backend/server-document.mjs:1:2782)","timestamp":"2026-05-24 13:52:40"}
{"level":"error","message":"An error occurred during the migration of Item record [8KyyQcyk5HbrepME] of database \"daggerheart-advmanager.all-features\":\nError: Documents from a core version newer than the running version cannot be migrated\n    at Function._migrateRecord (file:///D:/Juegos/Foundry_daggerheart_git/Foundry-daggerheart/Portable-FoundryVTT-v13.348/App/resources/app/dist/database/backend/server-document.mjs:1:3713)\n    at Function._migrateDocuments (file:///D:/Juegos/Foundry_daggerheart_git/Foundry-daggerheart/Portable-FoundryVTT-v13.348/App/resources/app/dist/database/backend/server-document.mjs:1:2782)","timestamp":"2026-05-24 13:52:40"}
{"level":"error","message":"An error occurred during the migration of Item record [8NUaQ11XOeNbnJDz] of database \"daggerheart-advmanager.all-features\":\nError: Documents from a core version newer than the running version cannot be migrated\n    at Function._migrateRecord (file:///D:/Juegos/Foundry_daggerheart_git/Foundry-daggerheart/Portable-FoundryVTT-v13.348/App/resources/app/dist/database/backend/server-document.mjs:1:3713)\n    at Function._migrateDocuments (file:///D:/Juegos/Foundry_daggerheart_git/Foundry-daggerheart/Portable-FoundryVTT-v13.348/App/resources/app/dist/database/backend/server-document.mjs:1:2782)","timestamp":"2026-05-24 13:52:40"}
{"level":"error","message":"An error occurred during the migration of Item record [8NoSGakQ20IMxARQ] of database \"daggerheart-advmanager.all-features\":\nError: Documents from a core version newer than the running version cannot be migrated\n    at Function._migrateRecord (file:///D:/Juegos/Foundry_daggerheart_git/Foundry-daggerheart/Portable-FoundryVTT-v13.348/App/resources/app/dist/database/backend/server-document.mjs:1:3713)\n    at Function._migrateDocuments (file:///D:/Juegos/Foundry_daggerheart_git/Foundry-daggerheart/Portable-FoundryVTT-v13.348/App/resources/app/dist/database/backend/server-document.mjs:1:2782)","timestamp":"2026-05-24 13:52:40"}
{"level":"error","message":"An error occurred during the migration of Item record [8dPjLpjHxqUMHfEk] of database \"daggerheart-advmanager.all-features\":\nError: Documents from a core version newer than the running version cannot be migrated\n    at Function._migrateRecord (file:///D:/Juegos/Foundry_daggerheart_git/Foundry-daggerheart/Portable-FoundryVTT-v13.348/App/resources/app/dist/database/backend/server-document.mjs:1:3713)\n    at Function._migrateDocuments (file:///D:/Juegos/Foundry_daggerheart_git/Foundry-daggerheart/Portable-FoundryVTT-v13.348/App/resources/app/dist/database/backend/server-document.mjs:1:2782)","timestamp":"2026-05-24 13:52:40"}
{"level":"error","message":"An error occurred during the migration of Item record [8eOeCqW6CVncI08c] of database \"daggerheart-advmanager.all-features\":\nError: Documents from a core version newer than the running version cannot be migrated\n    at Function._migrateRecord (file:///D:/Juegos/Foundry_daggerheart_git/Foundry-daggerheart/Portable-FoundryVTT-v13.348/App/resources/app/dist/database/backend/server-document.mjs:1:3713)\n    at Function._migrateDocuments (file:///D:/Juegos/Foundry_daggerheart_git/Foundry-daggerheart/Portable-FoundryVTT-v13.348/App/resources/app/dist/database/backend/server-document.mjs:1:2782)","timestamp":"2026-05-24 13:52:40"}
{"level":"error","message":"An error occurred during the migration of Item record [8mNZUVrM2oc5mvtK] of database \"daggerheart-advmanager.all-features\":\nError: Documents from a core version newer than the running version cannot be migrated\n    at Function._migrateRecord (file:///D:/Juegos/Foundry_daggerheart_git/Foundry-daggerheart/Portable-FoundryVTT-v13.348/App/resources/app/dist/database/backend/server-document.mjs:1:3713)\n    at Function._migrateDocuments (file:///D:/Juegos/Foundry_daggerheart_git/Foundry-daggerheart/Portable-FoundryVTT-v13.348/App/resources/app/dist/database/backend/server-document.mjs:1:2782)","timestamp":"2026-05-24 13:52:40"}
{"level":"error","message":"An error occurred during the migration of Item record [949DjUlAi775bSKM] of database \"daggerheart-advmanager.all-features\":\nError: Documents from a core version newer than the running version cannot be migrated\n    at Function._migrateRecord (file:///D:/Juegos/Foundry_daggerheart_git/Foundry-daggerheart/Portable-FoundryVTT-v13.348/App/resources/app/dist/database/backend/server-document.mjs:1:3713)\n    at Function._migrateDocuments (file:///D:/Juegos/Foundry_daggerheart_git/Foundry-daggerheart/Portable-FoundryVTT-v13.348/App/resources/app/dist/database/backend/server-document.mjs:1:2782)","timestamp":"2026-05-24 13:52:40"}
{"level":"error","message":"An error occurred during the migration of Item record [9GEqlrL3vNGe2L4P] of database \"daggerheart-advmanager.all-features\":\nError: Documents from a core version newer than the running version cannot be migrated\n    at Function._migrateRecord (file:///D:/Juegos/Foundry_daggerheart_git/Foundry-daggerheart/Portable-FoundryVTT-v13.348/App/resources/app/dist/database/backend/server-document.mjs:1:3713)\n    at Function._migrateDocuments (file:///D:/Juegos/Foundry_daggerheart_git/Foundry-daggerheart/Portable-FoundryVTT-v13.348/App/resources/app/dist/database/backend/server-document.mjs:1:2782)","timestamp":"2026-05-24 13:52:40"}
{"level":"error","message":"An error occurred during the migration of Item record [9OSxoPsy7JKpWKyG] of database \"daggerheart-advmanager.all-features\":\nError: Documents from a core version newer than the running version cannot be migrated\n    at Function._migrateRecord (file:///D:/Juegos/Foundry_daggerheart_git/Foundry-daggerheart/Portable-FoundryVTT-v13.348/App/resources/app/dist/database/backend/server-document.mjs:1:3713)\n    at Function._migrateDocuments (file:///D:/Juegos/Foundry_daggerheart_git/Foundry-daggerheart/Portable-FoundryVTT-v13.348/App/resources/app/dist/database/backend/server-document.mjs:1:2782)","timestamp":"2026-05-24 13:52:40"}
{"level":"error","message":"An error occurred during the migration of Item record [9TghFiZWTII2Zn83] of database \"daggerheart-advmanager.all-features\":\nError: Documents from a core version newer than the running version cannot be migrated\n    at Function._migrateRecord (file:///D:/Juegos/Foundry_daggerheart_git/Foundry-daggerheart/Portable-FoundryVTT-v13.348/App/resources/app/dist/database/backend/server-document.mjs:1:3713)\n    at Function._migrateDocuments (file:///D:/Juegos/Foundry_daggerheart_git/Foundry-daggerheart/Portable-FoundryVTT-v13.348/App/resources/app/dist/database/backend/server-document.mjs:1:2782)","timestamp":"2026-05-24 13:52:40"}
{"level":"error","message":"An error occurred during the migration of Item record [9U6tmPdFGyfi0Wzn] of database \"daggerheart-advmanager.all-features\":\nError: Documents from a core version newer than the running version cannot be migrated\n    at Function._migrateRecord (file:///D:/Juegos/Foundry_daggerheart_git/Foundry-daggerheart/Portable-FoundryVTT-v13.348/App/resources/app/dist/database/backend/server-document.mjs:1:3713)\n    at Function._migrateDocuments (file:///D:/Juegos/Foundry_daggerheart_git/Foundry-daggerheart/Portable-FoundryVTT-v13.348/App/resources/app/dist/database/backend/server-document.mjs:1:2782)","timestamp":"2026-05-24 13:52:40"}
{"level":"error","message":"An error occurred during the migration of Item record [9cHkzJ9LREHaasBK] of database \"daggerheart-advmanager.all-features\":\nError: Documents from a core version newer than the running version cannot be migrated\n    at Function._migrateRecord (file:///D:/Juegos/Foundry_daggerheart_git/Foundry-daggerheart/Portable-FoundryVTT-v13.348/App/resources/app/dist/database/backend/server-document.mjs:1:3713)\n    at Function._migrateDocuments (file:///D:/Juegos/Foundry_daggerheart_git/Foundry-daggerheart/Portable-FoundryVTT-v13.348/App/resources/app/dist/database/backend/server-document.mjs:1:2782)","timestamp":"2026-05-24 13:52:40"}
{"level":"error","message":"An error occurred during the migration of Item record [9cRJ11UAf3jf8iY2] of database \"daggerheart-advmanager.all-features\":\nError: Documents from a core version newer than the running version cannot be migrated\n    at Function._migrateRecord (file:///D:/Juegos/Foundry_daggerheart_git/Foundry-daggerheart/Portable-FoundryVTT-v13.348/App/resources/app/dist/database/backend/server-document.mjs:1:3713)\n    at Function._migrateDocuments (file:///D:/Juegos/Foundry_daggerheart_git/Foundry-daggerheart/Portable-FoundryVTT-v13.348/App/resources/app/dist/database/backend/server-document.mjs:1:2782)","timestamp":"2026-05-24 13:52:40"}
{"level":"error","message":"An error occurred during the migration of Item record [A4jMpjGhMKYHCVDd] of database \"daggerheart-advmanager.all-features\":\nError: Documents from a core version newer than the running version cannot be migrated\n    at Function._migrateRecord (file:///D:/Juegos/Foundry_daggerheart_git/Foundry-daggerheart/Portable-FoundryVTT-v13.348/App/resources/app/dist/database/backend/server-document.mjs:1:3713)\n    at Function._migrateDocuments (file:///D:/Juegos/Foundry_daggerheart_git/Foundry-daggerheart/Portable-FoundryVTT-v13.348/App/resources/app/dist/database/backend/server-document.mjs:1:2782)","timestamp":"2026-05-24 13:52:40"}
{"level":"error","message":"An error occurred during the migration of Item record [A8l8qQuz0p70ULBX] of database \"daggerheart-advmanager.all-features\":\nError: Documents from a core version newer than the running version cannot be migrated\n    at Function._migrateRecord (file:///D:/Juegos/Foundry_daggerheart_git/Foundry-daggerheart/Portable-FoundryVTT-v13.348/App/resources/app/dist/database/backend/server-document.mjs:1:3713)\n    at Function._migrateDocuments (file:///D:/Juegos/Foundry_daggerheart_git/Foundry-daggerheart/Portable-FoundryVTT-v13.348/App/resources/app/dist/database/backend/server-document.mjs:1:2782)","timestamp":"2026-05-24 13:52:40"}
{"level":"error","message":"An error occurred during the migration of Item record [AT6s6yBv4GbXysnF] of database \"daggerheart-advmanager.all-features\":\nError: Documents from a core version newer than the running version cannot be migrated\n    at Function._migrateRecord (file:///D:/Juegos/Foundry_daggerheart_git/Foundry-daggerheart/Portable-FoundryVTT-v13.348/App/resources/app/dist/database/backend/server-document.mjs:1:3713)\n    at Function._migrateDocuments (file:///D:/Juegos/Foundry_daggerheart_git/Foundry-daggerheart/Portable-FoundryVTT-v13.348/App/resources/app/dist/database/backend/server-document.mjs:1:2782)","timestamp":"2026-05-24 13:52:40"}
{"level":"error","message":"An error occurred during the migration of Item record [AgunZ6BLwweow8AY] of database \"daggerheart-advmanager.all-features\":\nError: Documents from a core version newer than the running version cannot be migrated\n    at Function._migrateRecord (file:///D:/Juegos/Foundry_daggerheart_git/Foundry-daggerheart/Portable-FoundryVTT-v13.348/App/resources/app/dist/database/backend/server-document.mjs:1:3713)\n    at Function._migrateDocuments (file:///D:/Juegos/Foundry_daggerheart_git/Foundry-daggerheart/Portable-FoundryVTT-v13.348/App/resources/app/dist/database/backend/server-document.mjs:1:2782)","timestamp":"2026-05-24 13:52:40"}
{"level":"error","message":"An error occurred during the migration of Item record [Ahyec3Khh0gXWP1o] of database \"daggerheart-advmanager.all-features\":\nError: Documents from a core version newer than the running version cannot be migrated\n    at Function._migrateRecord (file:///D:/Juegos/Foundry_daggerheart_git/Foundry-daggerheart/Portable-FoundryVTT-v13.348/App/resources/app/dist/database/backend/server-document.mjs:1:3713)\n    at Function._migrateDocuments (file:///D:/Juegos/Foundry_daggerheart_git/Foundry-daggerheart/Portable-FoundryVTT-v13.348/App/resources/app/dist/database/backend/server-document.mjs:1:2782)","timestamp":"2026-05-24 13:52:40"}
{"level":"error","message":"An error occurred during the migration of Item record [AjcWA2KGkV9hoOv3] of database \"daggerheart-advmanager.all-features\":\nError: Documents from a core version newer than the running version cannot be migrated\n    at Function._migrateRecord (file:///D:/Juegos/Foundry_daggerheart_git/Foundry-daggerheart/Portable-FoundryVTT-v13.348/App/resources/app/dist/database/backend/server-document.mjs:1:3713)\n    at Function._migrateDocuments (file:///D:/Juegos/Foundry_daggerheart_git/Foundry-daggerheart/Portable-FoundryVTT-v13.348/App/resources/app/dist/database/backend/server-document.mjs:1:2782)","timestamp":"2026-05-24 13:52:40"}
{"level":"error","message":"An error occurred during the migration of Item record [BSahqJ8grYTdJCiN] of database \"daggerheart-advmanager.all-features\":\nError: Documents from a core version newer than the running version cannot be migrated\n    at Function._migrateRecord (file:///D:/Juegos/Foundry_daggerheart_git/Foundry-daggerheart/Portable-FoundryVTT-v13.348/App/resources/app/dist/database/backend/server-document.mjs:1:3713)\n    at Function._migrateDocuments (file:///D:/Juegos/Foundry_daggerheart_git/Foundry-daggerheart/Portable-FoundryVTT-v13.348/App/resources/app/dist/database/backend/server-document.mjs:1:2782)","timestamp":"2026-05-24 13:52:40"}
{"level":"error","message":"An error occurred during the migration of Item record [BaBhdpaD21xSFMEm] of database \"daggerheart-advmanager.all-features\":\nError: Documents from a core version newer than the running version cannot be migrated\n    at Function._migrateRecord (file:///D:/Juegos/Foundry_daggerheart_git/Foundry-daggerheart/Portable-FoundryVTT-v13.348/App/resources/app/dist/database/backend/server-document.mjs:1:3713)\n    at Function._migrateDocuments (file:///D:/Juegos/Foundry_daggerheart_git/Foundry-daggerheart/Portable-FoundryVTT-v13.348/App/resources/app/dist/database/backend/server-document.mjs:1:2782)","timestamp":"2026-05-24 13:52:40"}
{"level":"error","message":"An error occurred during the migration of Item record [Bf0t7QI4Wqchz2Bl] of database \"daggerheart-advmanager.all-features\":\nError: Documents from a core version newer than the running version cannot be migrated\n    at Function._migrateRecord (file:///D:/Juegos/Foundry_daggerheart_git/Foundry-daggerheart/Portable-FoundryVTT-v13.348/App/resources/app/dist/database/backend/server-document.mjs:1:3713)\n    at Function._migrateDocuments (file:///D:/Juegos/Foundry_daggerheart_git/Foundry-daggerheart/Portable-FoundryVTT-v13.348/App/resources/app/dist/database/backend/server-document.mjs:1:2782)","timestamp":"2026-05-24 13:52:40"}
{"level":"error","message":"An error occurred during the migration of Item record [BiaYODbGyIj73bXl] of database \"daggerheart-advmanager.all-features\":\nError: Documents from a core version newer than the running version cannot be migrated\n    at Function._migrateRecord (file:///D:/Juegos/Foundry_daggerheart_git/Foundry-daggerheart/Portable-FoundryVTT-v13.348/App/resources/app/dist/database/backend/server-document.mjs:1:3713)\n    at Function._migrateDocuments (file:///D:/Juegos/Foundry_daggerheart_git/Foundry-daggerheart/Portable-FoundryVTT-v13.348/App/resources/app/dist/database/backend/server-document.mjs:1:2782)","timestamp":"2026-05-24 13:52:40"}
{"level":"error","message":"An error occurred during the migration of Item record [BmriIsvXE7kKBK81] of database \"daggerheart-advmanager.all-features\":\nError: Documents from a core version newer than the running version cannot be migrated\n    at Function._migrateRecord (file:///D:/Juegos/Foundry_daggerheart_git/Foundry-daggerheart/Portable-FoundryVTT-v13.348/App/resources/app/dist/database/backend/server-document.mjs:1:3713)\n    at Function._migrateDocuments (file:///D:/Juegos/Foundry_daggerheart_git/Foundry-daggerheart/Portable-FoundryVTT-v13.348/App/resources/app/dist/database/backend/server-document.mjs:1:2782)","timestamp":"2026-05-24 13:52:40"}
{"level":"error","message":"An error occurred during the migration of Item record [Bvweg1cAAfV9i3Wa] of database \"daggerheart-advmanager.all-features\":\nError: Documents from a core version newer than the running version cannot be migrated\n    at Function._migrateRecord (file:///D:/Juegos/Foundry_daggerheart_git/Foundry-daggerheart/Portable-FoundryVTT-v13.348/App/resources/app/dist/database/backend/server-document.mjs:1:3713)\n    at Function._migrateDocuments (file:///D:/Juegos/Foundry_daggerheart_git/Foundry-daggerheart/Portable-FoundryVTT-v13.348/App/resources/app/dist/database/backend/server-document.mjs:1:2782)","timestamp":"2026-05-24 13:52:40"}
{"level":"error","message":"An error occurred during the migration of Item record [BwtxrNVR8JoB1FEg] of database \"daggerheart-advmanager.all-features\":\nError: Documents from a core version newer than the running version cannot be migrated\n    at Function._migrateRecord (file:///D:/Juegos/Foundry_daggerheart_git/Foundry-daggerheart/Portable-FoundryVTT-v13.348/App/resources/app/dist/database/backend/server-document.mjs:1:3713)\n    at Function._migrateDocuments (file:///D:/Juegos/Foundry_daggerheart_git/Foundry-daggerheart/Portable-FoundryVTT-v13.348/App/resources/app/dist/database/backend/server-document.mjs:1:2782)","timestamp":"2026-05-24 13:52:40"}
{"level":"error","message":"An error occurred during the migration of Item record [C44UqjwP3GnLA61C] of database \"daggerheart-advmanager.all-features\":\nError: Documents from a core version newer than the running version cannot be migrated\n    at Function._migrateRecord (file:///D:/Juegos/Foundry_daggerheart_git/Foundry-daggerheart/Portable-FoundryVTT-v13.348/App/resources/app/dist/database/backend/server-document.mjs:1:3713)\n    at Function._migrateDocuments (file:///D:/Juegos/Foundry_daggerheart_git/Foundry-daggerheart/Portable-FoundryVTT-v13.348/App/resources/app/dist/database/backend/server-document.mjs:1:2782)","timestamp":"2026-05-24 13:52:40"}
{"level":"error","message":"An error occurred during the migration of Item record [C6mz0GH8GQi0Qij2] of database \"daggerheart-advmanager.all-features\":\nError: Documents from a core version newer than the running version cannot be migrated\n    at Function._migrateRecord (file:///D:/Juegos/Foundry_daggerheart_git/Foundry-daggerheart/Portable-FoundryVTT-v13.348/App/resources/app/dist/database/backend/server-document.mjs:1:3713)\n    at Function._migrateDocuments (file:///D:/Juegos/Foundry_daggerheart_git/Foundry-daggerheart/Portable-FoundryVTT-v13.348/App/resources/app/dist/database/backend/server-document.mjs:1:2782)","timestamp":"2026-05-24 13:52:40"}
{"level":"error","message":"An error occurred during the migration of Item record [CFf0wzPBcveZMxkI] of database \"daggerheart-advmanager.all-features\":\nError: Documents from a core version newer than the running version cannot be migrated\n    at Function._migrateRecord (file:///D:/Juegos/Foundry_daggerheart_git/Foundry-daggerheart/Portable-FoundryVTT-v13.348/App/resources/app/dist/database/backend/server-document.mjs:1:3713)\n    at Function._migrateDocuments (file:///D:/Juegos/Foundry_daggerheart_git/Foundry-daggerheart/Portable-FoundryVTT-v13.348/App/resources/app/dist/database/backend/server-document.mjs:1:2782)","timestamp":"2026-05-24 13:52:40"}
{"level":"error","message":"An error occurred during the migration of Item record [CJuzMbz3YsnPTQfm] of database \"daggerheart-advmanager.all-features\":\nError: Documents from a core version newer than the running version cannot be migrated\n    at Function._migrateRecord (file:///D:/Juegos/Foundry_daggerheart_git/Foundry-daggerheart/Portable-FoundryVTT-v13.348/App/resources/app/dist/database/backend/server-document.mjs:1:3713)\n    at Function._migrateDocuments (file:///D:/Juegos/Foundry_daggerheart_git/Foundry-daggerheart/Portable-FoundryVTT-v13.348/App/resources/app/dist/database/backend/server-document.mjs:1:2782)","timestamp":"2026-05-24 13:52:40"}
{"level":"error","message":"An error occurred during the migration of Item record [CLXxbWcfT4t82nlX] of database \"daggerheart-advmanager.all-features\":\nError: Documents from a core version newer than the running version cannot be migrated\n    at Function._migrateRecord (file:///D:/Juegos/Foundry_daggerheart_git/Foundry-daggerheart/Portable-FoundryVTT-v13.348/App/resources/app/dist/database/backend/server-document.mjs:1:3713)\n    at Function._migrateDocuments (file:///D:/Juegos/Foundry_daggerheart_git/Foundry-daggerheart/Portable-FoundryVTT-v13.348/App/resources/app/dist/database/backend/server-document.mjs:1:2782)","timestamp":"2026-05-24 13:52:40"}
{"level":"error","message":"An error occurred during the migration of Item record [Ca8jLrvuaUE2Dsyr] of database \"daggerheart-advmanager.all-features\":\nError: Documents from a core version newer than the running version cannot be migrated\n    at Function._migrateRecord (file:///D:/Juegos/Foundry_daggerheart_git/Foundry-daggerheart/Portable-FoundryVTT-v13.348/App/resources/app/dist/database/backend/server-document.mjs:1:3713)\n    at Function._migrateDocuments (file:///D:/Juegos/Foundry_daggerheart_git/Foundry-daggerheart/Portable-FoundryVTT-v13.348/App/resources/app/dist/database/backend/server-document.mjs:1:2782)","timestamp":"2026-05-24 13:52:40"}
{"level":"error","message":"An error occurred during the migration of Item record [Ce55qDQfDHsy0s1n] of database \"daggerheart-advmanager.all-features\":\nError: Documents from a core version newer than the running version cannot be migrated\n    at Function._migrateRecord (file:///D:/Juegos/Foundry_daggerheart_git/Foundry-daggerheart/Portable-FoundryVTT-v13.348/App/resources/app/dist/database/backend/server-document.mjs:1:3713)\n    at Function._migrateDocuments (file:///D:/Juegos/Foundry_daggerheart_git/Foundry-daggerheart/Portable-FoundryVTT-v13.348/App/resources/app/dist/database/backend/server-document.mjs:1:2782)","timestamp":"2026-05-24 13:52:40"}
{"level":"error","message":"An error occurred during the migration of Item record [ChFZZz7weuxwkCUk] of database \"daggerheart-advmanager.all-features\":\nError: Documents from a core version newer than the running version cannot be migrated\n    at Function._migrateRecord (file:///D:/Juegos/Foundry_daggerheart_git/Foundry-daggerheart/Portable-FoundryVTT-v13.348/App/resources/app/dist/database/backend/server-document.mjs:1:3713)\n    at Function._migrateDocuments (file:///D:/Juegos/Foundry_daggerheart_git/Foundry-daggerheart/Portable-FoundryVTT-v13.348/App/resources/app/dist/database/backend/server-document.mjs:1:2782)","timestamp":"2026-05-24 13:52:40"}
{"level":"error","message":"An error occurred during the migration of Item record [CywNTb4ViuSAcfnT] of database \"daggerheart-advmanager.all-features\":\nError: Documents from a core version newer than the running version cannot be migrated\n    at Function._migrateRecord (file:///D:/Juegos/Foundry_daggerheart_git/Foundry-daggerheart/Portable-FoundryVTT-v13.348/App/resources/app/dist/database/backend/server-document.mjs:1:3713)\n    at Function._migrateDocuments (file:///D:/Juegos/Foundry_daggerheart_git/Foundry-daggerheart/Portable-FoundryVTT-v13.348/App/resources/app/dist/database/backend/server-document.mjs:1:2782)","timestamp":"2026-05-24 13:52:40"}
{"level":"error","message":"An error occurred during the migration of Item record [D8Wi2OW8kNmvDn4H] of database \"daggerheart-advmanager.all-features\":\nError: Documents from a core version newer than the running version cannot be migrated\n    at Function._migrateRecord (file:///D:/Juegos/Foundry_daggerheart_git/Foundry-daggerheart/Portable-FoundryVTT-v13.348/App/resources/app/dist/database/backend/server-document.mjs:1:3713)\n    at Function._migrateDocuments (file:///D:/Juegos/Foundry_daggerheart_git/Foundry-daggerheart/Portable-FoundryVTT-v13.348/App/resources/app/dist/database/backend/server-document.mjs:1:2782)","timestamp":"2026-05-24 13:52:40"}
{"level":"error","message":"An error occurred during the migration of Item record [DDTQsNnKu42vsHYg] of database \"daggerheart-advmanager.all-features\":\nError: Documents from a core version newer than the running version cannot be migrated\n    at Function._migrateRecord (file:///D:/Juegos/Foundry_daggerheart_git/Foundry-daggerheart/Portable-FoundryVTT-v13.348/App/resources/app/dist/database/backend/server-document.mjs:1:3713)\n    at Function._migrateDocuments (file:///D:/Juegos/Foundry_daggerheart_git/Foundry-daggerheart/Portable-FoundryVTT-v13.348/App/resources/app/dist/database/backend/server-document.mjs:1:2782)","timestamp":"2026-05-24 13:52:40"}
{"level":"error","message":"An error occurred during the migration of Item record [DSNISnzu7zNvBjs7] of database \"daggerheart-advmanager.all-features\":\nError: Documents from a core version newer than the running version cannot be migrated\n    at Function._migrateRecord (file:///D:/Juegos/Foundry_daggerheart_git/Foundry-daggerheart/Portable-FoundryVTT-v13.348/App/resources/app/dist/database/backend/server-document.mjs:1:3713)\n    at Function._migrateDocuments (file:///D:/Juegos/Foundry_daggerheart_git/Foundry-daggerheart/Portable-FoundryVTT-v13.348/App/resources/app/dist/database/backend/server-document.mjs:1:2782)","timestamp":"2026-05-24 13:52:40"}
{"level":"error","message":"An error occurred during the migration of Item record [DlbnQRpI4RUeiG9O] of database \"daggerheart-advmanager.all-features\":\nError: Documents from a core version newer than the running version cannot be migrated\n    at Function._migrateRecord (file:///D:/Juegos/Foundry_daggerheart_git/Foundry-daggerheart/Portable-FoundryVTT-v13.348/App/resources/app/dist/database/backend/server-document.mjs:1:3713)\n    at Function._migrateDocuments (file:///D:/Juegos/Foundry_daggerheart_git/Foundry-daggerheart/Portable-FoundryVTT-v13.348/App/resources/app/dist/database/backend/server-document.mjs:1:2782)","timestamp":"2026-05-24 13:52:40"}
{"level":"error","message":"An error occurred during the migration of Item record [DuuZSh3fxtr4BihR] of database \"daggerheart-advmanager.all-features\":\nError: Documents from a core version newer than the running version cannot be migrated\n    at Function._migrateRecord (file:///D:/Juegos/Foundry_daggerheart_git/Foundry-daggerheart/Portable-FoundryVTT-v13.348/App/resources/app/dist/database/backend/server-document.mjs:1:3713)\n    at Function._migrateDocuments (file:///D:/Juegos/Foundry_daggerheart_git/Foundry-daggerheart/Portable-FoundryVTT-v13.348/App/resources/app/dist/database/backend/server-document.mjs:1:2782)","timestamp":"2026-05-24 13:52:40"}
{"level":"error","message":"An error occurred during the migration of Item record [DvhYIrlamdlQYIDL] of database \"daggerheart-advmanager.all-features\":\nError: Documents from a core version newer than the running version cannot be migrated\n    at Function._migrateRecord (file:///D:/Juegos/Foundry_daggerheart_git/Foundry-daggerheart/Portable-FoundryVTT-v13.348/App/resources/app/dist/database/backend/server-document.mjs:1:3713)\n    at Function._migrateDocuments (file:///D:/Juegos/Foundry_daggerheart_git/Foundry-daggerheart/Portable-FoundryVTT-v13.348/App/resources/app/dist/database/backend/server-document.mjs:1:2782)","timestamp":"2026-05-24 13:52:40"}
{"level":"error","message":"An error occurred during the migration of Item record [EYLAhAt4JTTeR4Q9] of database \"daggerheart-advmanager.all-features\":\nError: Documents from a core version newer than the running version cannot be migrated\n    at Function._migrateRecord (file:///D:/Juegos/Foundry_daggerheart_git/Foundry-daggerheart/Portable-FoundryVTT-v13.348/App/resources/app/dist/database/backend/server-document.mjs:1:3713)\n    at Function._migrateDocuments (file:///D:/Juegos/Foundry_daggerheart_git/Foundry-daggerheart/Portable-FoundryVTT-v13.348/App/resources/app/dist/database/backend/server-document.mjs:1:2782)","timestamp":"2026-05-24 13:52:40"}
{"level":"error","message":"An error occurred during the migration of Item record [Eb3SdcZlKWvsRgr9] of database \"daggerheart-advmanager.all-features\":\nError: Documents from a core version newer than the running version cannot be migrated\n    at Function._migrateRecord (file:///D:/Juegos/Foundry_daggerheart_git/Foundry-daggerheart/Portable-FoundryVTT-v13.348/App/resources/app/dist/database/backend/server-document.mjs:1:3713)\n    at Function._migrateDocuments (file:///D:/Juegos/Foundry_daggerheart_git/Foundry-daggerheart/Portable-FoundryVTT-v13.348/App/resources/app/dist/database/backend/server-document.mjs:1:2782)","timestamp":"2026-05-24 13:52:40"}
{"level":"error","message":"An error occurred during the migration of Item record [EfLz3YPmdSJuZItu] of database \"daggerheart-advmanager.all-features\":\nError: Documents from a core version newer than the running version cannot be migrated\n    at Function._migrateRecord (file:///D:/Juegos/Foundry_daggerheart_git/Foundry-daggerheart/Portable-FoundryVTT-v13.348/App/resources/app/dist/database/backend/server-document.mjs:1:3713)\n    at Function._migrateDocuments (file:///D:/Juegos/Foundry_daggerheart_git/Foundry-daggerheart/Portable-FoundryVTT-v13.348/App/resources/app/dist/database/backend/server-document.mjs:1:2782)","timestamp":"2026-05-24 13:52:40"}
{"level":"error","message":"An error occurred during the migration of Item record [EiG50bGChQTLgF7c] of database \"daggerheart-advmanager.all-features\":\nError: Documents from a core version newer than the running version cannot be migrated\n    at Function._migrateRecord (file:///D:/Juegos/Foundry_daggerheart_git/Foundry-daggerheart/Portable-FoundryVTT-v13.348/App/resources/app/dist/database/backend/server-document.mjs:1:3713)\n    at Function._migrateDocuments (file:///D:/Juegos/Foundry_daggerheart_git/Foundry-daggerheart/Portable-FoundryVTT-v13.348/App/resources/app/dist/database/backend/server-document.mjs:1:2782)","timestamp":"2026-05-24 13:52:40"}
{"level":"error","message":"An error occurred during the migration of Item record [FORpNy6bGvDCtAEI] of database \"daggerheart-advmanager.all-features\":\nError: Documents from a core version newer than the running version cannot be migrated\n    at Function._migrateRecord (file:///D:/Juegos/Foundry_daggerheart_git/Foundry-daggerheart/Portable-FoundryVTT-v13.348/App/resources/app/dist/database/backend/server-document.mjs:1:3713)\n    at Function._migrateDocuments (file:///D:/Juegos/Foundry_daggerheart_git/Foundry-daggerheart/Portable-FoundryVTT-v13.348/App/resources/app/dist/database/backend/server-document.mjs:1:2782)","timestamp":"2026-05-24 13:52:40"}
{"level":"error","message":"An error occurred during the migration of Item record [FR4vdL8UiGyGPq32] of database \"daggerheart-advmanager.all-features\":\nError: Documents from a core version newer than the running version cannot be migrated\n    at Function._migrateRecord (file:///D:/Juegos/Foundry_daggerheart_git/Foundry-daggerheart/Portable-FoundryVTT-v13.348/App/resources/app/dist/database/backend/server-document.mjs:1:3713)\n    at Function._migrateDocuments (file:///D:/Juegos/Foundry_daggerheart_git/Foundry-daggerheart/Portable-FoundryVTT-v13.348/App/resources/app/dist/database/backend/server-document.mjs:1:2782)","timestamp":"2026-05-24 13:52:40"}
{"level":"error","message":"An error occurred during the migration of Item record [FmGtWG71zRxhqHkr] of database \"daggerheart-advmanager.all-features\":\nError: Documents from a core version newer than the running version cannot be migrated\n    at Function._migrateRecord (file:///D:/Juegos/Foundry_daggerheart_git/Foundry-daggerheart/Portable-FoundryVTT-v13.348/App/resources/app/dist/database/backend/server-document.mjs:1:3713)\n    at Function._migrateDocuments (file:///D:/Juegos/Foundry_daggerheart_git/Foundry-daggerheart/Portable-FoundryVTT-v13.348/App/resources/app/dist/database/backend/server-document.mjs:1:2782)","timestamp":"2026-05-24 13:52:40"}
{"level":"error","message":"An error occurred during the migration of Item record [FrWjI9VYhNdGLVnd] of database \"daggerheart-advmanager.all-features\":\nError: Documents from a core version newer than the running version cannot be migrated\n    at Function._migrateRecord (file:///D:/Juegos/Foundry_daggerheart_git/Foundry-daggerheart/Portable-FoundryVTT-v13.348/App/resources/app/dist/database/backend/server-document.mjs:1:3713)\n    at Function._migrateDocuments (file:///D:/Juegos/Foundry_daggerheart_git/Foundry-daggerheart/Portable-FoundryVTT-v13.348/App/resources/app/dist/database/backend/server-document.mjs:1:2782)","timestamp":"2026-05-24 13:52:40"}
{"level":"error","message":"An error occurred during the migration of Item record [G4mkDsmuKczt65X8] of database \"daggerheart-advmanager.all-features\":\nError: Documents from a core version newer than the running version cannot be migrated\n    at Function._migrateRecord (file:///D:/Juegos/Foundry_daggerheart_git/Foundry-daggerheart/Portable-FoundryVTT-v13.348/App/resources/app/dist/database/backend/server-document.mjs:1:3713)\n    at Function._migrateDocuments (file:///D:/Juegos/Foundry_daggerheart_git/Foundry-daggerheart/Portable-FoundryVTT-v13.348/App/resources/app/dist/database/backend/server-document.mjs:1:2782)","timestamp":"2026-05-24 13:52:40"}
{"level":"error","message":"An error occurred during the migration of Item record [GJFmCG9HTx75Z21x] of database \"daggerheart-advmanager.all-features\":\nError: Documents from a core version newer than the running version cannot be migrated\n    at Function._migrateRecord (file:///D:/Juegos/Foundry_daggerheart_git/Foundry-daggerheart/Portable-FoundryVTT-v13.348/App/resources/app/dist/database/backend/server-document.mjs:1:3713)\n    at Function._migrateDocuments (file:///D:/Juegos/Foundry_daggerheart_git/Foundry-daggerheart/Portable-FoundryVTT-v13.348/App/resources/app/dist/database/backend/server-document.mjs:1:2782)","timestamp":"2026-05-24 13:52:40"}
{"level":"error","message":"An error occurred during the migration of Item record [GNTKscw6nXbg0EkJ] of database \"daggerheart-advmanager.all-features\":\nError: Documents from a core version newer than the running version cannot be migrated\n    at Function._migrateRecord (file:///D:/Juegos/Foundry_daggerheart_git/Foundry-daggerheart/Portable-FoundryVTT-v13.348/App/resources/app/dist/database/backend/server-document.mjs:1:3713)\n    at Function._migrateDocuments (file:///D:/Juegos/Foundry_daggerheart_git/Foundry-daggerheart/Portable-FoundryVTT-v13.348/App/resources/app/dist/database/backend/server-document.mjs:1:2782)","timestamp":"2026-05-24 13:52:40"}
{"level":"error","message":"An error occurred during the migration of Item record [GNrVMvFEbphs0UDM] of database \"daggerheart-advmanager.all-features\":\nError: Documents from a core version newer than the running version cannot be migrated\n    at Function._migrateRecord (file:///D:/Juegos/Foundry_daggerheart_git/Foundry-daggerheart/Portable-FoundryVTT-v13.348/App/resources/app/dist/database/backend/server-document.mjs:1:3713)\n    at Function._migrateDocuments (file:///D:/Juegos/Foundry_daggerheart_git/Foundry-daggerheart/Portable-FoundryVTT-v13.348/App/resources/app/dist/database/backend/server-document.mjs:1:2782)","timestamp":"2026-05-24 13:52:40"}
{"level":"error","message":"An error occurred during the migration of Item record [GghQ5jJ2eX3PhDKy] of database \"daggerheart-advmanager.all-features\":\nError: Documents from a core version newer than the running version cannot be migrated\n    at Function._migrateRecord (file:///D:/Juegos/Foundry_daggerheart_git/Foundry-daggerheart/Portable-FoundryVTT-v13.348/App/resources/app/dist/database/backend/server-document.mjs:1:3713)\n    at Function._migrateDocuments (file:///D:/Juegos/Foundry_daggerheart_git/Foundry-daggerheart/Portable-FoundryVTT-v13.348/App/resources/app/dist/database/backend/server-document.mjs:1:2782)","timestamp":"2026-05-24 13:52:40"}
{"level":"error","message":"An error occurred during the migration of Item record [H4tra0qytpib84F6] of database \"daggerheart-advmanager.all-features\":\nError: Documents from a core version newer than the running version cannot be migrated\n    at Function._migrateRecord (file:///D:/Juegos/Foundry_daggerheart_git/Foundry-daggerheart/Portable-FoundryVTT-v13.348/App/resources/app/dist/database/backend/server-document.mjs:1:3713)\n    at Function._migrateDocuments (file:///D:/Juegos/Foundry_daggerheart_git/Foundry-daggerheart/Portable-FoundryVTT-v13.348/App/resources/app/dist/database/backend/server-document.mjs:1:2782)","timestamp":"2026-05-24 13:52:40"}
{"level":"error","message":"An error occurred during the migration of Item record [HA4gz8V0DJOT4cpz] of database \"daggerheart-advmanager.all-features\":\nError: Documents from a core version newer than the running version cannot be migrated\n    at Function._migrateRecord (file:///D:/Juegos/Foundry_daggerheart_git/Foundry-daggerheart/Portable-FoundryVTT-v13.348/App/resources/app/dist/database/backend/server-document.mjs:1:3713)\n    at Function._migrateDocuments (file:///D:/Juegos/Foundry_daggerheart_git/Foundry-daggerheart/Portable-FoundryVTT-v13.348/App/resources/app/dist/database/backend/server-document.mjs:1:2782)","timestamp":"2026-05-24 13:52:40"}
{"level":"error","message":"An error occurred during the migration of Item record [HN0uAeAwA3sYU0nY] of database \"daggerheart-advmanager.all-features\":\nError: Documents from a core version newer than the running version cannot be migrated\n    at Function._migrateRecord (file:///D:/Juegos/Foundry_daggerheart_git/Foundry-daggerheart/Portable-FoundryVTT-v13.348/App/resources/app/dist/database/backend/server-document.mjs:1:3713)\n    at Function._migrateDocuments (file:///D:/Juegos/Foundry_daggerheart_git/Foundry-daggerheart/Portable-FoundryVTT-v13.348/App/resources/app/dist/database/backend/server-document.mjs:1:2782)","timestamp":"2026-05-24 13:52:40"}
{"level":"error","message":"An error occurred during the migration of Item record [HQcQly4NPJC3fQbQ] of database \"daggerheart-advmanager.all-features\":\nError: Documents from a core version newer than the running version cannot be migrated\n    at Function._migrateRecord (file:///D:/Juegos/Foundry_daggerheart_git/Foundry-daggerheart/Portable-FoundryVTT-v13.348/App/resources/app/dist/database/backend/server-document.mjs:1:3713)\n    at Function._migrateDocuments (file:///D:/Juegos/Foundry_daggerheart_git/Foundry-daggerheart/Portable-FoundryVTT-v13.348/App/resources/app/dist/database/backend/server-document.mjs:1:2782)","timestamp":"2026-05-24 13:52:40"}
{"level":"error","message":"An error occurred during the migration of Item record [HTNKdhK0iCeWWuUh] of database \"daggerheart-advmanager.all-features\":\nError: Documents from a core version newer than the running version cannot be migrated\n    at Function._migrateRecord (file:///D:/Juegos/Foundry_daggerheart_git/Foundry-daggerheart/Portable-FoundryVTT-v13.348/App/resources/app/dist/database/backend/server-document.mjs:1:3713)\n    at Function._migrateDocuments (file:///D:/Juegos/Foundry_daggerheart_git/Foundry-daggerheart/Portable-FoundryVTT-v13.348/App/resources/app/dist/database/backend/server-document.mjs:1:2782)","timestamp":"2026-05-24 13:52:40"}
{"level":"error","message":"An error occurred during the migration of Item record [HyWGU4ZQTNdcI8s9] of database \"daggerheart-advmanager.all-features\":\nError: Documents from a core version newer than the running version cannot be migrated\n    at Function._migrateRecord (file:///D:/Juegos/Foundry_daggerheart_git/Foundry-daggerheart/Portable-FoundryVTT-v13.348/App/resources/app/dist/database/backend/server-document.mjs:1:3713)\n    at Function._migrateDocuments (file:///D:/Juegos/Foundry_daggerheart_git/Foundry-daggerheart/Portable-FoundryVTT-v13.348/App/resources/app/dist/database/backend/server-document.mjs:1:2782)","timestamp":"2026-05-24 13:52:40"}
{"level":"error","message":"An error occurred during the migration of Item record [Hz9D5O2DWG22rVG2] of database \"daggerheart-advmanager.all-features\":\nError: Documents from a core version newer than the running version cannot be migrated\n    at Function._migrateRecord (file:///D:/Juegos/Foundry_daggerheart_git/Foundry-daggerheart/Portable-FoundryVTT-v13.348/App/resources/app/dist/database/backend/server-document.mjs:1:3713)\n    at Function._migrateDocuments (file:///D:/Juegos/Foundry_daggerheart_git/Foundry-daggerheart/Portable-FoundryVTT-v13.348/App/resources/app/dist/database/backend/server-document.mjs:1:2782)","timestamp":"2026-05-24 13:52:40"}
{"level":"error","message":"An error occurred during the migration of Item record [IFtD8oU8DaEzcAmu] of database \"daggerheart-advmanager.all-features\":\nError: Documents from a core version newer than the running version cannot be migrated\n    at Function._migrateRecord (file:///D:/Juegos/Foundry_daggerheart_git/Foundry-daggerheart/Portable-FoundryVTT-v13.348/App/resources/app/dist/database/backend/server-document.mjs:1:3713)\n    at Function._migrateDocuments (file:///D:/Juegos/Foundry_daggerheart_git/Foundry-daggerheart/Portable-FoundryVTT-v13.348/App/resources/app/dist/database/backend/server-document.mjs:1:2782)","timestamp":"2026-05-24 13:52:40"}
{"level":"error","message":"An error occurred during the migration of Item record [IYJCEFC9JM5uviiN] of database \"daggerheart-advmanager.all-features\":\nError: Documents from a core version newer than the running version cannot be migrated\n    at Function._migrateRecord (file:///D:/Juegos/Foundry_daggerheart_git/Foundry-daggerheart/Portable-FoundryVTT-v13.348/App/resources/app/dist/database/backend/server-document.mjs:1:3713)\n    at Function._migrateDocuments (file:///D:/Juegos/Foundry_daggerheart_git/Foundry-daggerheart/Portable-FoundryVTT-v13.348/App/resources/app/dist/database/backend/server-document.mjs:1:2782)","timestamp":"2026-05-24 13:52:40"}
{"level":"error","message":"An error occurred during the migration of Item record [IjOJqeKtRFod3ofR] of database \"daggerheart-advmanager.all-features\":\nError: Documents from a core version newer than the running version cannot be migrated\n    at Function._migrateRecord (file:///D:/Juegos/Foundry_daggerheart_git/Foundry-daggerheart/Portable-FoundryVTT-v13.348/App/resources/app/dist/database/backend/server-document.mjs:1:3713)\n    at Function._migrateDocuments (file:///D:/Juegos/Foundry_daggerheart_git/Foundry-daggerheart/Portable-FoundryVTT-v13.348/App/resources/app/dist/database/backend/server-document.mjs:1:2782)","timestamp":"2026-05-24 13:52:40"}
{"level":"error","message":"An error occurred during the migration of Item record [Inc9849Bd7O8h2ll] of database \"daggerheart-advmanager.all-features\":\nError: Documents from a core version newer than the running version cannot be migrated\n    at Function._migrateRecord (file:///D:/Juegos/Foundry_daggerheart_git/Foundry-daggerheart/Portable-FoundryVTT-v13.348/App/resources/app/dist/database/backend/server-document.mjs:1:3713)\n    at Function._migrateDocuments (file:///D:/Juegos/Foundry_daggerheart_git/Foundry-daggerheart/Portable-FoundryVTT-v13.348/App/resources/app/dist/database/backend/server-document.mjs:1:2782)","timestamp":"2026-05-24 13:52:40"}
{"level":"error","message":"An error occurred during the migration of Item record [IriWO9YWo9qD1vxn] of database \"daggerheart-advmanager.all-features\":\nError: Documents from a core version newer than the running version cannot be migrated\n    at Function._migrateRecord (file:///D:/Juegos/Foundry_daggerheart_git/Foundry-daggerheart/Portable-FoundryVTT-v13.348/App/resources/app/dist/database/backend/server-document.mjs:1:3713)\n    at Function._migrateDocuments (file:///D:/Juegos/Foundry_daggerheart_git/Foundry-daggerheart/Portable-FoundryVTT-v13.348/App/resources/app/dist/database/backend/server-document.mjs:1:2782)","timestamp":"2026-05-24 13:52:40"}
{"level":"error","message":"An error occurred during the migration of Item record [JLUfmaK7Wqee2M0u] of database \"daggerheart-advmanager.all-features\":\nError: Documents from a core version newer than the running version cannot be migrated\n    at Function._migrateRecord (file:///D:/Juegos/Foundry_daggerheart_git/Foundry-daggerheart/Portable-FoundryVTT-v13.348/App/resources/app/dist/database/backend/server-document.mjs:1:3713)\n    at Function._migrateDocuments (file:///D:/Juegos/Foundry_daggerheart_git/Foundry-daggerheart/Portable-FoundryVTT-v13.348/App/resources/app/dist/database/backend/server-document.mjs:1:2782)","timestamp":"2026-05-24 13:52:40"}
{"level":"error","message":"An error occurred during the migration of Item record [JObc4qwn6PmBIrpy] of database \"daggerheart-advmanager.all-features\":\nError: Documents from a core version newer than the running version cannot be migrated\n    at Function._migrateRecord (file:///D:/Juegos/Foundry_daggerheart_git/Foundry-daggerheart/Portable-FoundryVTT-v13.348/App/resources/app/dist/database/backend/server-document.mjs:1:3713)\n    at Function._migrateDocuments (file:///D:/Juegos/Foundry_daggerheart_git/Foundry-daggerheart/Portable-FoundryVTT-v13.348/App/resources/app/dist/database/backend/server-document.mjs:1:2782)","timestamp":"2026-05-24 13:52:40"}
{"level":"error","message":"An error occurred during the migration of Item record [Jr9PImf6ms7cS5EU] of database \"daggerheart-advmanager.all-features\":\nError: Documents from a core version newer than the running version cannot be migrated\n    at Function._migrateRecord (file:///D:/Juegos/Foundry_daggerheart_git/Foundry-daggerheart/Portable-FoundryVTT-v13.348/App/resources/app/dist/database/backend/server-document.mjs:1:3713)\n    at Function._migrateDocuments (file:///D:/Juegos/Foundry_daggerheart_git/Foundry-daggerheart/Portable-FoundryVTT-v13.348/App/resources/app/dist/database/backend/server-document.mjs:1:2782)","timestamp":"2026-05-24 13:52:40"}
{"level":"error","message":"An error occurred during the migration of Item record [JwczfcpvB1juJaHV] of database \"daggerheart-advmanager.all-features\":\nError: Documents from a core version newer than the running version cannot be migrated\n    at Function._migrateRecord (file:///D:/Juegos/Foundry_daggerheart_git/Foundry-daggerheart/Portable-FoundryVTT-v13.348/App/resources/app/dist/database/backend/server-document.mjs:1:3713)\n    at Function._migrateDocuments (file:///D:/Juegos/Foundry_daggerheart_git/Foundry-daggerheart/Portable-FoundryVTT-v13.348/App/resources/app/dist/database/backend/server-document.mjs:1:2782)","timestamp":"2026-05-24 13:52:40"}
{"level":"error","message":"An error occurred during the migration of Item record [K2SSmqUQ5jIwGI6U] of database \"daggerheart-advmanager.all-features\":\nError: Documents from a core version newer than the running version cannot be migrated\n    at Function._migrateRecord (file:///D:/Juegos/Foundry_daggerheart_git/Foundry-daggerheart/Portable-FoundryVTT-v13.348/App/resources/app/dist/database/backend/server-document.mjs:1:3713)\n    at Function._migrateDocuments (file:///D:/Juegos/Foundry_daggerheart_git/Foundry-daggerheart/Portable-FoundryVTT-v13.348/App/resources/app/dist/database/backend/server-document.mjs:1:2782)","timestamp":"2026-05-24 13:52:40"}
{"level":"error","message":"An error occurred during the migration of Item record [K3ElebyffPdaIdQf] of database \"daggerheart-advmanager.all-features\":\nError: Documents from a core version newer than the running version cannot be migrated\n    at Function._migrateRecord (file:///D:/Juegos/Foundry_daggerheart_git/Foundry-daggerheart/Portable-FoundryVTT-v13.348/App/resources/app/dist/database/backend/server-document.mjs:1:3713)\n    at Function._migrateDocuments (file:///D:/Juegos/Foundry_daggerheart_git/Foundry-daggerheart/Portable-FoundryVTT-v13.348/App/resources/app/dist/database/backend/server-document.mjs:1:2782)","timestamp":"2026-05-24 13:52:40"}
{"level":"error","message":"An error occurred during the migration of Item record [KH6Mzivm2m28T8ts] of database \"daggerheart-advmanager.all-features\":\nError: Documents from a core version newer than the running version cannot be migrated\n    at Function._migrateRecord (file:///D:/Juegos/Foundry_daggerheart_git/Foundry-daggerheart/Portable-FoundryVTT-v13.348/App/resources/app/dist/database/backend/server-document.mjs:1:3713)\n    at Function._migrateDocuments (file:///D:/Juegos/Foundry_daggerheart_git/Foundry-daggerheart/Portable-FoundryVTT-v13.348/App/resources/app/dist/database/backend/server-document.mjs:1:2782)","timestamp":"2026-05-24 13:52:40"}
{"level":"error","message":"An error occurred during the migration of Item record [KJPFWbi36MIefyjR] of database \"daggerheart-advmanager.all-features\":\nError: Documents from a core version newer than the running version cannot be migrated\n    at Function._migrateRecord (file:///D:/Juegos/Foundry_daggerheart_git/Foundry-daggerheart/Portable-FoundryVTT-v13.348/App/resources/app/dist/database/backend/server-document.mjs:1:3713)\n    at Function._migrateDocuments (file:///D:/Juegos/Foundry_daggerheart_git/Foundry-daggerheart/Portable-FoundryVTT-v13.348/App/resources/app/dist/database/backend/server-document.mjs:1:2782)","timestamp":"2026-05-24 13:52:40"}
{"level":"error","message":"An error occurred during the migration of Item record [KTDDS4CZqmxIYCoH] of database \"daggerheart-advmanager.all-features\":\nError: Documents from a core version newer than the running version cannot be migrated\n    at Function._migrateRecord (file:///D:/Juegos/Foundry_daggerheart_git/Foundry-daggerheart/Portable-FoundryVTT-v13.348/App/resources/app/dist/database/backend/server-document.mjs:1:3713)\n    at Function._migrateDocuments (file:///D:/Juegos/Foundry_daggerheart_git/Foundry-daggerheart/Portable-FoundryVTT-v13.348/App/resources/app/dist/database/backend/server-document.mjs:1:2782)","timestamp":"2026-05-24 13:52:40"}
{"level":"error","message":"An error occurred during the migration of Item record [KUA99WA7YfEk21gd] of database \"daggerheart-advmanager.all-features\":\nError: Documents from a core version newer than the running version cannot be migrated\n    at Function._migrateRecord (file:///D:/Juegos/Foundry_daggerheart_git/Foundry-daggerheart/Portable-FoundryVTT-v13.348/App/resources/app/dist/database/backend/server-document.mjs:1:3713)\n    at Function._migrateDocuments (file:///D:/Juegos/Foundry_daggerheart_git/Foundry-daggerheart/Portable-FoundryVTT-v13.348/App/resources/app/dist/database/backend/server-document.mjs:1:2782)","timestamp":"2026-05-24 13:52:40"}
{"level":"error","message":"An error occurred during the migration of Item record [KVgGMyMUVhiYJvDT] of database \"daggerheart-advmanager.all-features\":\nError: Documents from a core version newer than the running version cannot be migrated\n    at Function._migrateRecord (file:///D:/Juegos/Foundry_daggerheart_git/Foundry-daggerheart/Portable-FoundryVTT-v13.348/App/resources/app/dist/database/backend/server-document.mjs:1:3713)\n    at Function._migrateDocuments (file:///D:/Juegos/Foundry_daggerheart_git/Foundry-daggerheart/Portable-FoundryVTT-v13.348/App/resources/app/dist/database/backend/server-document.mjs:1:2782)","timestamp":"2026-05-24 13:52:40"}
{"level":"error","message":"An error occurred during the migration of Item record [L7JWC1TlHszrcpvn] of database \"daggerheart-advmanager.all-features\":\nError: Documents from a core version newer than the running version cannot be migrated\n    at Function._migrateRecord (file:///D:/Juegos/Foundry_daggerheart_git/Foundry-daggerheart/Portable-FoundryVTT-v13.348/App/resources/app/dist/database/backend/server-document.mjs:1:3713)\n    at Function._migrateDocuments (file:///D:/Juegos/Foundry_daggerheart_git/Foundry-daggerheart/Portable-FoundryVTT-v13.348/App/resources/app/dist/database/backend/server-document.mjs:1:2782)","timestamp":"2026-05-24 13:52:40"}
{"level":"error","message":"An error occurred during the migration of Item record [LBT50tDrhewxCAFA] of database \"daggerheart-advmanager.all-features\":\nError: Documents from a core version newer than the running version cannot be migrated\n    at Function._migrateRecord (file:///D:/Juegos/Foundry_daggerheart_git/Foundry-daggerheart/Portable-FoundryVTT-v13.348/App/resources/app/dist/database/backend/server-document.mjs:1:3713)\n    at Function._migrateDocuments (file:///D:/Juegos/Foundry_daggerheart_git/Foundry-daggerheart/Portable-FoundryVTT-v13.348/App/resources/app/dist/database/backend/server-document.mjs:1:2782)","timestamp":"2026-05-24 13:52:40"}
{"level":"error","message":"An error occurred during the migration of Item record [LDiZWatHByUznWgL] of database \"daggerheart-advmanager.all-features\":\nError: Documents from a core version newer than the running version cannot be migrated\n    at Function._migrateRecord (file:///D:/Juegos/Foundry_daggerheart_git/Foundry-daggerheart/Portable-FoundryVTT-v13.348/App/resources/app/dist/database/backend/server-document.mjs:1:3713)\n    at Function._migrateDocuments (file:///D:/Juegos/Foundry_daggerheart_git/Foundry-daggerheart/Portable-FoundryVTT-v13.348/App/resources/app/dist/database/backend/server-document.mjs:1:2782)","timestamp":"2026-05-24 13:52:40"}
{"level":"error","message":"An error occurred during the migration of Item record [LSyhI4XZG9fKTlS6] of database \"daggerheart-advmanager.all-features\":\nError: Documents from a core version newer than the running version cannot be migrated\n    at Function._migrateRecord (file:///D:/Juegos/Foundry_daggerheart_git/Foundry-daggerheart/Portable-FoundryVTT-v13.348/App/resources/app/dist/database/backend/server-document.mjs:1:3713)\n    at Function._migrateDocuments (file:///D:/Juegos/Foundry_daggerheart_git/Foundry-daggerheart/Portable-FoundryVTT-v13.348/App/resources/app/dist/database/backend/server-document.mjs:1:2782)","timestamp":"2026-05-24 13:52:40"}
{"level":"error","message":"An error occurred during the migration of Item record [LYjzSBji1jLNYRnI] of database \"daggerheart-advmanager.all-features\":\nError: Documents from a core version newer than the running version cannot be migrated\n    at Function._migrateRecord (file:///D:/Juegos/Foundry_daggerheart_git/Foundry-daggerheart/Portable-FoundryVTT-v13.348/App/resources/app/dist/database/backend/server-document.mjs:1:3713)\n    at Function._migrateDocuments (file:///D:/Juegos/Foundry_daggerheart_git/Foundry-daggerheart/Portable-FoundryVTT-v13.348/App/resources/app/dist/database/backend/server-document.mjs:1:2782)","timestamp":"2026-05-24 13:52:40"}
{"level":"error","message":"An error occurred during the migration of Item record [LeeDoNltRVygrQtQ] of database \"daggerheart-advmanager.all-features\":\nError: Documents from a core version newer than the running version cannot be migrated\n    at Function._migrateRecord (file:///D:/Juegos/Foundry_daggerheart_git/Foundry-daggerheart/Portable-FoundryVTT-v13.348/App/resources/app/dist/database/backend/server-document.mjs:1:3713)\n    at Function._migrateDocuments (file:///D:/Juegos/Foundry_daggerheart_git/Foundry-daggerheart/Portable-FoundryVTT-v13.348/App/resources/app/dist/database/backend/server-document.mjs:1:2782)","timestamp":"2026-05-24 13:52:40"}
{"level":"error","message":"An error occurred during the migration of Item record [Lp8CQlp4tPoKWdcd] of database \"daggerheart-advmanager.all-features\":\nError: Documents from a core version newer than the running version cannot be migrated\n    at Function._migrateRecord (file:///D:/Juegos/Foundry_daggerheart_git/Foundry-daggerheart/Portable-FoundryVTT-v13.348/App/resources/app/dist/database/backend/server-document.mjs:1:3713)\n    at Function._migrateDocuments (file:///D:/Juegos/Foundry_daggerheart_git/Foundry-daggerheart/Portable-FoundryVTT-v13.348/App/resources/app/dist/database/backend/server-document.mjs:1:2782)","timestamp":"2026-05-24 13:52:40"}
{"level":"error","message":"An error occurred during the migration of Item record [LqfPaCEiio4KPNg4] of database \"daggerheart-advmanager.all-features\":\nError: Documents from a core version newer than the running version cannot be migrated\n    at Function._migrateRecord (file:///D:/Juegos/Foundry_daggerheart_git/Foundry-daggerheart/Portable-FoundryVTT-v13.348/App/resources/app/dist/database/backend/server-document.mjs:1:3713)\n    at Function._migrateDocuments (file:///D:/Juegos/Foundry_daggerheart_git/Foundry-daggerheart/Portable-FoundryVTT-v13.348/App/resources/app/dist/database/backend/server-document.mjs:1:2782)","timestamp":"2026-05-24 13:52:40"}
{"level":"error","message":"An error occurred during the migration of Item record [M2VLSywKnYtMdI0U] of database \"daggerheart-advmanager.all-features\":\nError: Documents from a core version newer than the running version cannot be migrated\n    at Function._migrateRecord (file:///D:/Juegos/Foundry_daggerheart_git/Foundry-daggerheart/Portable-FoundryVTT-v13.348/App/resources/app/dist/database/backend/server-document.mjs:1:3713)\n    at Function._migrateDocuments (file:///D:/Juegos/Foundry_daggerheart_git/Foundry-daggerheart/Portable-FoundryVTT-v13.348/App/resources/app/dist/database/backend/server-document.mjs:1:2782)","timestamp":"2026-05-24 13:52:40"}
{"level":"error","message":"An error occurred during the migration of Item record [M3lTyBdXmegdWil1] of database \"daggerheart-advmanager.all-features\":\nError: Documents from a core version newer than the running version cannot be migrated\n    at Function._migrateRecord (file:///D:/Juegos/Foundry_daggerheart_git/Foundry-daggerheart/Portable-FoundryVTT-v13.348/App/resources/app/dist/database/backend/server-document.mjs:1:3713)\n    at Function._migrateDocuments (file:///D:/Juegos/Foundry_daggerheart_git/Foundry-daggerheart/Portable-FoundryVTT-v13.348/App/resources/app/dist/database/backend/server-document.mjs:1:2782)","timestamp":"2026-05-24 13:52:40"}
{"level":"error","message":"An error occurred during the migration of Item record [MAPHNK47kkdiVrN4] of database \"daggerheart-advmanager.all-features\":\nError: Documents from a core version newer than the running version cannot be migrated\n    at Function._migrateRecord (file:///D:/Juegos/Foundry_daggerheart_git/Foundry-daggerheart/Portable-FoundryVTT-v13.348/App/resources/app/dist/database/backend/server-document.mjs:1:3713)\n    at Function._migrateDocuments (file:///D:/Juegos/Foundry_daggerheart_git/Foundry-daggerheart/Portable-FoundryVTT-v13.348/App/resources/app/dist/database/backend/server-document.mjs:1:2782)","timestamp":"2026-05-24 13:52:40"}
{"level":"error","message":"An error occurred during the migration of Item record [MRMD4PmJzDBA2kIc] of database \"daggerheart-advmanager.all-features\":\nError: Documents from a core version newer than the running version cannot be migrated\n    at Function._migrateRecord (file:///D:/Juegos/Foundry_daggerheart_git/Foundry-daggerheart/Portable-FoundryVTT-v13.348/App/resources/app/dist/database/backend/server-document.mjs:1:3713)\n    at Function._migrateDocuments (file:///D:/Juegos/Foundry_daggerheart_git/Foundry-daggerheart/Portable-FoundryVTT-v13.348/App/resources/app/dist/database/backend/server-document.mjs:1:2782)","timestamp":"2026-05-24 13:52:40"}
{"level":"error","message":"An error occurred during the migration of Item record [MciXB5KQ2vj9KisJ] of database \"daggerheart-advmanager.all-features\":\nError: Documents from a core version newer than the running version cannot be migrated\n    at Function._migrateRecord (file:///D:/Juegos/Foundry_daggerheart_git/Foundry-daggerheart/Portable-FoundryVTT-v13.348/App/resources/app/dist/database/backend/server-document.mjs:1:3713)\n    at Function._migrateDocuments (file:///D:/Juegos/Foundry_daggerheart_git/Foundry-daggerheart/Portable-FoundryVTT-v13.348/App/resources/app/dist/database/backend/server-document.mjs:1:2782)","timestamp":"2026-05-24 13:52:40"}
{"level":"error","message":"An error occurred during the migration of Item record [MhFFQDGJvLENH5eu] of database \"daggerheart-advmanager.all-features\":\nError: Documents from a core version newer than the running version cannot be migrated\n    at Function._migrateRecord (file:///D:/Juegos/Foundry_daggerheart_git/Foundry-daggerheart/Portable-FoundryVTT-v13.348/App/resources/app/dist/database/backend/server-document.mjs:1:3713)\n    at Function._migrateDocuments (file:///D:/Juegos/Foundry_daggerheart_git/Foundry-daggerheart/Portable-FoundryVTT-v13.348/App/resources/app/dist/database/backend/server-document.mjs:1:2782)","timestamp":"2026-05-24 13:52:40"}
{"level":"error","message":"An error occurred during the migration of Item record [N0maY7RMhXgT0llq] of database \"daggerheart-advmanager.all-features\":\nError: Documents from a core version newer than the running version cannot be migrated\n    at Function._migrateRecord (file:///D:/Juegos/Foundry_daggerheart_git/Foundry-daggerheart/Portable-FoundryVTT-v13.348/App/resources/app/dist/database/backend/server-document.mjs:1:3713)\n    at Function._migrateDocuments (file:///D:/Juegos/Foundry_daggerheart_git/Foundry-daggerheart/Portable-FoundryVTT-v13.348/App/resources/app/dist/database/backend/server-document.mjs:1:2782)","timestamp":"2026-05-24 13:52:40"}
{"level":"error","message":"An error occurred during the migration of Item record [NGMK3zX9mPktlGLL] of database \"daggerheart-advmanager.all-features\":\nError: Documents from a core version newer than the running version cannot be migrated\n    at Function._migrateRecord (file:///D:/Juegos/Foundry_daggerheart_git/Foundry-daggerheart/Portable-FoundryVTT-v13.348/App/resources/app/dist/database/backend/server-document.mjs:1:3713)\n    at Function._migrateDocuments (file:///D:/Juegos/Foundry_daggerheart_git/Foundry-daggerheart/Portable-FoundryVTT-v13.348/App/resources/app/dist/database/backend/server-document.mjs:1:2782)","timestamp":"2026-05-24 13:52:40"}
{"level":"error","message":"An error occurred during the migration of Item record [NQJBXQiucgk77Cl9] of database \"daggerheart-advmanager.all-features\":\nError: Documents from a core version newer than the running version cannot be migrated\n    at Function._migrateRecord (file:///D:/Juegos/Foundry_daggerheart_git/Foundry-daggerheart/Portable-FoundryVTT-v13.348/App/resources/app/dist/database/backend/server-document.mjs:1:3713)\n    at Function._migrateDocuments (file:///D:/Juegos/Foundry_daggerheart_git/Foundry-daggerheart/Portable-FoundryVTT-v13.348/App/resources/app/dist/database/backend/server-document.mjs:1:2782)","timestamp":"2026-05-24 13:52:40"}
{"level":"error","message":"An error occurred during the migration of Item record [NSAHmbNa9D0lmC8W] of database \"daggerheart-advmanager.all-features\":\nError: Documents from a core version newer than the running version cannot be migrated\n    at Function._migrateRecord (file:///D:/Juegos/Foundry_daggerheart_git/Foundry-daggerheart/Portable-FoundryVTT-v13.348/App/resources/app/dist/database/backend/server-document.mjs:1:3713)\n    at Function._migrateDocuments (file:///D:/Juegos/Foundry_daggerheart_git/Foundry-daggerheart/Portable-FoundryVTT-v13.348/App/resources/app/dist/database/backend/server-document.mjs:1:2782)","timestamp":"2026-05-24 13:52:40"}
{"level":"error","message":"An error occurred during the migration of Item record [NffXAnPbZ5UGmSyV] of database \"daggerheart-advmanager.all-features\":\nError: Documents from a core version newer than the running version cannot be migrated\n    at Function._migrateRecord (file:///D:/Juegos/Foundry_daggerheart_git/Foundry-daggerheart/Portable-FoundryVTT-v13.348/App/resources/app/dist/database/backend/server-document.mjs:1:3713)\n    at Function._migrateDocuments (file:///D:/Juegos/Foundry_daggerheart_git/Foundry-daggerheart/Portable-FoundryVTT-v13.348/App/resources/app/dist/database/backend/server-document.mjs:1:2782)","timestamp":"2026-05-24 13:52:40"}
{"level":"error","message":"An error occurred during the migration of Item record [Nh28tVfbeYRJSGVN] of database \"daggerheart-advmanager.all-features\":\nError: Documents from a core version newer than the running version cannot be migrated\n    at Function._migrateRecord (file:///D:/Juegos/Foundry_daggerheart_git/Foundry-daggerheart/Portable-FoundryVTT-v13.348/App/resources/app/dist/database/backend/server-document.mjs:1:3713)\n    at Function._migrateDocuments (file:///D:/Juegos/Foundry_daggerheart_git/Foundry-daggerheart/Portable-FoundryVTT-v13.348/App/resources/app/dist/database/backend/server-document.mjs:1:2782)","timestamp":"2026-05-24 13:52:40"}
{"level":"error","message":"An error occurred during the migration of Item record [NoEuTQWFDglKVdLr] of database \"daggerheart-advmanager.all-features\":\nError: Documents from a core version newer than the running version cannot be migrated\n    at Function._migrateRecord (file:///D:/Juegos/Foundry_daggerheart_git/Foundry-daggerheart/Portable-FoundryVTT-v13.348/App/resources/app/dist/database/backend/server-document.mjs:1:3713)\n    at Function._migrateDocuments (file:///D:/Juegos/Foundry_daggerheart_git/Foundry-daggerheart/Portable-FoundryVTT-v13.348/App/resources/app/dist/database/backend/server-document.mjs:1:2782)","timestamp":"2026-05-24 13:52:40"}
{"level":"error","message":"An error occurred during the migration of Item record [Np5QtiF5dLJEHanU] of database \"daggerheart-advmanager.all-features\":\nError: Documents from a core version newer than the running version cannot be migrated\n    at Function._migrateRecord (file:///D:/Juegos/Foundry_daggerheart_git/Foundry-daggerheart/Portable-FoundryVTT-v13.348/App/resources/app/dist/database/backend/server-document.mjs:1:3713)\n    at Function._migrateDocuments (file:///D:/Juegos/Foundry_daggerheart_git/Foundry-daggerheart/Portable-FoundryVTT-v13.348/App/resources/app/dist/database/backend/server-document.mjs:1:2782)","timestamp":"2026-05-24 13:52:40"}
{"level":"error","message":"An error occurred during the migration of Item record [NrYsn8N8fR6CwqFW] of database \"daggerheart-advmanager.all-features\":\nError: Documents from a core version newer than the running version cannot be migrated\n    at Function._migrateRecord (file:///D:/Juegos/Foundry_daggerheart_git/Foundry-daggerheart/Portable-FoundryVTT-v13.348/App/resources/app/dist/database/backend/server-document.mjs:1:3713)\n    at Function._migrateDocuments (file:///D:/Juegos/Foundry_daggerheart_git/Foundry-daggerheart/Portable-FoundryVTT-v13.348/App/resources/app/dist/database/backend/server-document.mjs:1:2782)","timestamp":"2026-05-24 13:52:40"}
{"level":"error","message":"An error occurred during the migration of Item record [NsmJvAxFlKRw63k1] of database \"daggerheart-advmanager.all-features\":\nError: Documents from a core version newer than the running version cannot be migrated\n    at Function._migrateRecord (file:///D:/Juegos/Foundry_daggerheart_git/Foundry-daggerheart/Portable-FoundryVTT-v13.348/App/resources/app/dist/database/backend/server-document.mjs:1:3713)\n    at Function._migrateDocuments (file:///D:/Juegos/Foundry_daggerheart_git/Foundry-daggerheart/Portable-FoundryVTT-v13.348/App/resources/app/dist/database/backend/server-document.mjs:1:2782)","timestamp":"2026-05-24 13:52:40"}
{"level":"error","message":"An error occurred during the migration of Item record [NteZhAkmou04vpPf] of database \"daggerheart-advmanager.all-features\":\nError: Documents from a core version newer than the running version cannot be migrated\n    at Function._migrateRecord (file:///D:/Juegos/Foundry_daggerheart_git/Foundry-daggerheart/Portable-FoundryVTT-v13.348/App/resources/app/dist/database/backend/server-document.mjs:1:3713)\n    at Function._migrateDocuments (file:///D:/Juegos/Foundry_daggerheart_git/Foundry-daggerheart/Portable-FoundryVTT-v13.348/App/resources/app/dist/database/backend/server-document.mjs:1:2782)","timestamp":"2026-05-24 13:52:40"}
{"level":"error","message":"An error occurred during the migration of Item record [NwUZPWPgLY7b2hYm] of database \"daggerheart-advmanager.all-features\":\nError: Documents from a core version newer than the running version cannot be migrated\n    at Function._migrateRecord (file:///D:/Juegos/Foundry_daggerheart_git/Foundry-daggerheart/Portable-FoundryVTT-v13.348/App/resources/app/dist/database/backend/server-document.mjs:1:3713)\n    at Function._migrateDocuments (file:///D:/Juegos/Foundry_daggerheart_git/Foundry-daggerheart/Portable-FoundryVTT-v13.348/App/resources/app/dist/database/backend/server-document.mjs:1:2782)","timestamp":"2026-05-24 13:52:40"}
{"level":"error","message":"An error occurred during the migration of Item record [O608Y5XKO92Ao54h] of database \"daggerheart-advmanager.all-features\":\nError: Documents from a core version newer than the running version cannot be migrated\n    at Function._migrateRecord (file:///D:/Juegos/Foundry_daggerheart_git/Foundry-daggerheart/Portable-FoundryVTT-v13.348/App/resources/app/dist/database/backend/server-document.mjs:1:3713)\n    at Function._migrateDocuments (file:///D:/Juegos/Foundry_daggerheart_git/Foundry-daggerheart/Portable-FoundryVTT-v13.348/App/resources/app/dist/database/backend/server-document.mjs:1:2782)","timestamp":"2026-05-24 13:52:40"}
{"level":"error","message":"An error occurred during the migration of Item record [OKWBl8rnXFbrSHxN] of database \"daggerheart-advmanager.all-features\":\nError: Documents from a core version newer than the running version cannot be migrated\n    at Function._migrateRecord (file:///D:/Juegos/Foundry_daggerheart_git/Foundry-daggerheart/Portable-FoundryVTT-v13.348/App/resources/app/dist/database/backend/server-document.mjs:1:3713)\n    at Function._migrateDocuments (file:///D:/Juegos/Foundry_daggerheart_git/Foundry-daggerheart/Portable-FoundryVTT-v13.348/App/resources/app/dist/database/backend/server-document.mjs:1:2782)","timestamp":"2026-05-24 13:52:40"}
{"level":"error","message":"An error occurred during the migration of Item record [OYjmWkcNxXGElJPo] of database \"daggerheart-advmanager.all-features\":\nError: Documents from a core version newer than the running version cannot be migrated\n    at Function._migrateRecord (file:///D:/Juegos/Foundry_daggerheart_git/Foundry-daggerheart/Portable-FoundryVTT-v13.348/App/resources/app/dist/database/backend/server-document.mjs:1:3713)\n    at Function._migrateDocuments (file:///D:/Juegos/Foundry_daggerheart_git/Foundry-daggerheart/Portable-FoundryVTT-v13.348/App/resources/app/dist/database/backend/server-document.mjs:1:2782)","timestamp":"2026-05-24 13:52:40"}
{"level":"error","message":"An error occurred during the migration of Item record [PGk6TLwKxDcKkelc] of database \"daggerheart-advmanager.all-features\":\nError: Documents from a core version newer than the running version cannot be migrated\n    at Function._migrateRecord (file:///D:/Juegos/Foundry_daggerheart_git/Foundry-daggerheart/Portable-FoundryVTT-v13.348/App/resources/app/dist/database/backend/server-document.mjs:1:3713)\n    at Function._migrateDocuments (file:///D:/Juegos/Foundry_daggerheart_git/Foundry-daggerheart/Portable-FoundryVTT-v13.348/App/resources/app/dist/database/backend/server-document.mjs:1:2782)","timestamp":"2026-05-24 13:52:40"}
{"level":"error","message":"An error occurred during the migration of Item record [PIaCSLpBmqS2G74a] of database \"daggerheart-advmanager.all-features\":\nError: Documents from a core version newer than the running version cannot be migrated\n    at Function._migrateRecord (file:///D:/Juegos/Foundry_daggerheart_git/Foundry-daggerheart/Portable-FoundryVTT-v13.348/App/resources/app/dist/database/backend/server-document.mjs:1:3713)\n    at Function._migrateDocuments (file:///D:/Juegos/Foundry_daggerheart_git/Foundry-daggerheart/Portable-FoundryVTT-v13.348/App/resources/app/dist/database/backend/server-document.mjs:1:2782)","timestamp":"2026-05-24 13:52:40"}
{"level":"error","message":"An error occurred during the migration of Item record [PQjxCVt8nd9Zj5RD] of database \"daggerheart-advmanager.all-features\":\nError: Documents from a core version newer than the running version cannot be migrated\n    at Function._migrateRecord (file:///D:/Juegos/Foundry_daggerheart_git/Foundry-daggerheart/Portable-FoundryVTT-v13.348/App/resources/app/dist/database/backend/server-document.mjs:1:3713)\n    at Function._migrateDocuments (file:///D:/Juegos/Foundry_daggerheart_git/Foundry-daggerheart/Portable-FoundryVTT-v13.348/App/resources/app/dist/database/backend/server-document.mjs:1:2782)","timestamp":"2026-05-24 13:52:40"}
{"level":"error","message":"An error occurred during the migration of Item record [PxOujdjjYXuKIbqz] of database \"daggerheart-advmanager.all-features\":\nError: Documents from a core version newer than the running version cannot be migrated\n    at Function._migrateRecord (file:///D:/Juegos/Foundry_daggerheart_git/Foundry-daggerheart/Portable-FoundryVTT-v13.348/App/resources/app/dist/database/backend/server-document.mjs:1:3713)\n    at Function._migrateDocuments (file:///D:/Juegos/Foundry_daggerheart_git/Foundry-daggerheart/Portable-FoundryVTT-v13.348/App/resources/app/dist/database/backend/server-document.mjs:1:2782)","timestamp":"2026-05-24 13:52:40"}
{"level":"error","message":"An error occurred during the migration of Item record [QMxhfHs8m6Mm639M] of database \"daggerheart-advmanager.all-features\":\nError: Documents from a core version newer than the running version cannot be migrated\n    at Function._migrateRecord (file:///D:/Juegos/Foundry_daggerheart_git/Foundry-daggerheart/Portable-FoundryVTT-v13.348/App/resources/app/dist/database/backend/server-document.mjs:1:3713)\n    at Function._migrateDocuments (file:///D:/Juegos/Foundry_daggerheart_git/Foundry-daggerheart/Portable-FoundryVTT-v13.348/App/resources/app/dist/database/backend/server-document.mjs:1:2782)","timestamp":"2026-05-24 13:52:40"}
{"level":"error","message":"An error occurred during the migration of Item record [QS2eYsMPr7VTmgZy] of database \"daggerheart-advmanager.all-features\":\nError: Documents from a core version newer than the running version cannot be migrated\n    at Function._migrateRecord (file:///D:/Juegos/Foundry_daggerheart_git/Foundry-daggerheart/Portable-FoundryVTT-v13.348/App/resources/app/dist/database/backend/server-document.mjs:1:3713)\n    at Function._migrateDocuments (file:///D:/Juegos/Foundry_daggerheart_git/Foundry-daggerheart/Portable-FoundryVTT-v13.348/App/resources/app/dist/database/backend/server-document.mjs:1:2782)","timestamp":"2026-05-24 13:52:40"}
{"level":"error","message":"An error occurred during the migration of Item record [QWqea6rpV3mHo2td] of database \"daggerheart-advmanager.all-features\":\nError: Documents from a core version newer than the running version cannot be migrated\n    at Function._migrateRecord (file:///D:/Juegos/Foundry_daggerheart_git/Foundry-daggerheart/Portable-FoundryVTT-v13.348/App/resources/app/dist/database/backend/server-document.mjs:1:3713)\n    at Function._migrateDocuments (file:///D:/Juegos/Foundry_daggerheart_git/Foundry-daggerheart/Portable-FoundryVTT-v13.348/App/resources/app/dist/database/backend/server-document.mjs:1:2782)","timestamp":"2026-05-24 13:52:40"}
{"level":"error","message":"An error occurred during the migration of Item record [Qn8mprQ5PHRVdYy0] of database \"daggerheart-advmanager.all-features\":\nError: Documents from a core version newer than the running version cannot be migrated\n    at Function._migrateRecord (file:///D:/Juegos/Foundry_daggerheart_git/Foundry-daggerheart/Portable-FoundryVTT-v13.348/App/resources/app/dist/database/backend/server-document.mjs:1:3713)\n    at Function._migrateDocuments (file:///D:/Juegos/Foundry_daggerheart_git/Foundry-daggerheart/Portable-FoundryVTT-v13.348/App/resources/app/dist/database/backend/server-document.mjs:1:2782)","timestamp":"2026-05-24 13:52:40"}
{"level":"error","message":"An error occurred during the migration of Item record [Qo3zgaAVZ0Q9ogWC] of database \"daggerheart-advmanager.all-features\":\nError: Documents from a core version newer than the running version cannot be migrated\n    at Function._migrateRecord (file:///D:/Juegos/Foundry_daggerheart_git/Foundry-daggerheart/Portable-FoundryVTT-v13.348/App/resources/app/dist/database/backend/server-document.mjs:1:3713)\n    at Function._migrateDocuments (file:///D:/Juegos/Foundry_daggerheart_git/Foundry-daggerheart/Portable-FoundryVTT-v13.348/App/resources/app/dist/database/backend/server-document.mjs:1:2782)","timestamp":"2026-05-24 13:52:40"}
{"level":"error","message":"An error occurred during the migration of Item record [QqQWvkwV8gSkZlUk] of database \"daggerheart-advmanager.all-features\":\nError: Documents from a core version newer than the running version cannot be migrated\n    at Function._migrateRecord (file:///D:/Juegos/Foundry_daggerheart_git/Foundry-daggerheart/Portable-FoundryVTT-v13.348/App/resources/app/dist/database/backend/server-document.mjs:1:3713)\n    at Function._migrateDocuments (file:///D:/Juegos/Foundry_daggerheart_git/Foundry-daggerheart/Portable-FoundryVTT-v13.348/App/resources/app/dist/database/backend/server-document.mjs:1:2782)","timestamp":"2026-05-24 13:52:40"}
{"level":"error","message":"An error occurred during the migration of Item record [R9luM6E7eGW4IEjA] of database \"daggerheart-advmanager.all-features\":\nError: Documents from a core version newer than the running version cannot be migrated\n    at Function._migrateRecord (file:///D:/Juegos/Foundry_daggerheart_git/Foundry-daggerheart/Portable-FoundryVTT-v13.348/App/resources/app/dist/database/backend/server-document.mjs:1:3713)\n    at Function._migrateDocuments (file:///D:/Juegos/Foundry_daggerheart_git/Foundry-daggerheart/Portable-FoundryVTT-v13.348/App/resources/app/dist/database/backend/server-document.mjs:1:2782)","timestamp":"2026-05-24 13:52:40"}
{"level":"error","message":"An error occurred during the migration of Item record [RYJtnqL9omMM48DE] of database \"daggerheart-advmanager.all-features\":\nError: Documents from a core version newer than the running version cannot be migrated\n    at Function._migrateRecord (file:///D:/Juegos/Foundry_daggerheart_git/Foundry-daggerheart/Portable-FoundryVTT-v13.348/App/resources/app/dist/database/backend/server-document.mjs:1:3713)\n    at Function._migrateDocuments (file:///D:/Juegos/Foundry_daggerheart_git/Foundry-daggerheart/Portable-FoundryVTT-v13.348/App/resources/app/dist/database/backend/server-document.mjs:1:2782)","timestamp":"2026-05-24 13:52:40"}
{"level":"error","message":"An error occurred during the migration of Item record [Rwuy2ARba4AWhCZe] of database \"daggerheart-advmanager.all-features\":\nError: Documents from a core version newer than the running version cannot be migrated\n    at Function._migrateRecord (file:///D:/Juegos/Foundry_daggerheart_git/Foundry-daggerheart/Portable-FoundryVTT-v13.348/App/resources/app/dist/database/backend/server-document.mjs:1:3713)\n    at Function._migrateDocuments (file:///D:/Juegos/Foundry_daggerheart_git/Foundry-daggerheart/Portable-FoundryVTT-v13.348/App/resources/app/dist/database/backend/server-document.mjs:1:2782)","timestamp":"2026-05-24 13:52:40"}
{"level":"error","message":"An error occurred during the migration of Item record [SR3Or0X8X8x0j1m8] of database \"daggerheart-advmanager.all-features\":\nError: Documents from a core version newer than the running version cannot be migrated\n    at Function._migrateRecord (file:///D:/Juegos/Foundry_daggerheart_git/Foundry-daggerheart/Portable-FoundryVTT-v13.348/App/resources/app/dist/database/backend/server-document.mjs:1:3713)\n    at Function._migrateDocuments (file:///D:/Juegos/Foundry_daggerheart_git/Foundry-daggerheart/Portable-FoundryVTT-v13.348/App/resources/app/dist/database/backend/server-document.mjs:1:2782)","timestamp":"2026-05-24 13:52:40"}
{"level":"error","message":"An error occurred during the migration of Item record [SSOA8cBFcDyZzsqR] of database \"daggerheart-advmanager.all-features\":\nError: Documents from a core version newer than the running version cannot be migrated\n    at Function._migrateRecord (file:///D:/Juegos/Foundry_daggerheart_git/Foundry-daggerheart/Portable-FoundryVTT-v13.348/App/resources/app/dist/database/backend/server-document.mjs:1:3713)\n    at Function._migrateDocuments (file:///D:/Juegos/Foundry_daggerheart_git/Foundry-daggerheart/Portable-FoundryVTT-v13.348/App/resources/app/dist/database/backend/server-document.mjs:1:2782)","timestamp":"2026-05-24 13:52:40"}
{"level":"error","message":"An error occurred during the migration of Item record [SawmAlEMgmuJJCEL] of database \"daggerheart-advmanager.all-features\":\nError: Documents from a core version newer than the running version cannot be migrated\n    at Function._migrateRecord (file:///D:/Juegos/Foundry_daggerheart_git/Foundry-daggerheart/Portable-FoundryVTT-v13.348/App/resources/app/dist/database/backend/server-document.mjs:1:3713)\n    at Function._migrateDocuments (file:///D:/Juegos/Foundry_daggerheart_git/Foundry-daggerheart/Portable-FoundryVTT-v13.348/App/resources/app/dist/database/backend/server-document.mjs:1:2782)","timestamp":"2026-05-24 13:52:40"}
{"level":"error","message":"An error occurred during the migration of Item record [SjWpbVsLb44B4upj] of database \"daggerheart-advmanager.all-features\":\nError: Documents from a core version newer than the running version cannot be migrated\n    at Function._migrateRecord (file:///D:/Juegos/Foundry_daggerheart_git/Foundry-daggerheart/Portable-FoundryVTT-v13.348/App/resources/app/dist/database/backend/server-document.mjs:1:3713)\n    at Function._migrateDocuments (file:///D:/Juegos/Foundry_daggerheart_git/Foundry-daggerheart/Portable-FoundryVTT-v13.348/App/resources/app/dist/database/backend/server-document.mjs:1:2782)","timestamp":"2026-05-24 13:52:40"}
{"level":"error","message":"An error occurred during the migration of Item record [SwMrQ16YtV3HHBAP] of database \"daggerheart-advmanager.all-features\":\nError: Documents from a core version newer than the running version cannot be migrated\n    at Function._migrateRecord (file:///D:/Juegos/Foundry_daggerheart_git/Foundry-daggerheart/Portable-FoundryVTT-v13.348/App/resources/app/dist/database/backend/server-document.mjs:1:3713)\n    at Function._migrateDocuments (file:///D:/Juegos/Foundry_daggerheart_git/Foundry-daggerheart/Portable-FoundryVTT-v13.348/App/resources/app/dist/database/backend/server-document.mjs:1:2782)","timestamp":"2026-05-24 13:52:40"}
{"level":"error","message":"An error occurred during the migration of Item record [SyI1hOtoibKA9EdE] of database \"daggerheart-advmanager.all-features\":\nError: Documents from a core version newer than the running version cannot be migrated\n    at Function._migrateRecord (file:///D:/Juegos/Foundry_daggerheart_git/Foundry-daggerheart/Portable-FoundryVTT-v13.348/App/resources/app/dist/database/backend/server-document.mjs:1:3713)\n    at Function._migrateDocuments (file:///D:/Juegos/Foundry_daggerheart_git/Foundry-daggerheart/Portable-FoundryVTT-v13.348/App/resources/app/dist/database/backend/server-document.mjs:1:2782)","timestamp":"2026-05-24 13:52:40"}
{"level":"error","message":"An error occurred during the migration of Item record [T1wz6GtDpFWKlx8f] of database \"daggerheart-advmanager.all-features\":\nError: Documents from a core version newer than the running version cannot be migrated\n    at Function._migrateRecord (file:///D:/Juegos/Foundry_daggerheart_git/Foundry-daggerheart/Portable-FoundryVTT-v13.348/App/resources/app/dist/database/backend/server-document.mjs:1:3713)\n    at Function._migrateDocuments (file:///D:/Juegos/Foundry_daggerheart_git/Foundry-daggerheart/Portable-FoundryVTT-v13.348/App/resources/app/dist/database/backend/server-document.mjs:1:2782)","timestamp":"2026-05-24 13:52:40"}
{"level":"error","message":"An error occurred during the migration of Item record [TIzlqv60zLWAs93b] of database \"daggerheart-advmanager.all-features\":\nError: Documents from a core version newer than the running version cannot be migrated\n    at Function._migrateRecord (file:///D:/Juegos/Foundry_daggerheart_git/Foundry-daggerheart/Portable-FoundryVTT-v13.348/App/resources/app/dist/database/backend/server-document.mjs:1:3713)\n    at Function._migrateDocuments (file:///D:/Juegos/Foundry_daggerheart_git/Foundry-daggerheart/Portable-FoundryVTT-v13.348/App/resources/app/dist/database/backend/server-document.mjs:1:2782)","timestamp":"2026-05-24 13:52:40"}
{"level":"error","message":"An error occurred during the migration of Item record [TQlbZQE26MQkVqH8] of database \"daggerheart-advmanager.all-features\":\nError: Documents from a core version newer than the running version cannot be migrated\n    at Function._migrateRecord (file:///D:/Juegos/Foundry_daggerheart_git/Foundry-daggerheart/Portable-FoundryVTT-v13.348/App/resources/app/dist/database/backend/server-document.mjs:1:3713)\n    at Function._migrateDocuments (file:///D:/Juegos/Foundry_daggerheart_git/Foundry-daggerheart/Portable-FoundryVTT-v13.348/App/resources/app/dist/database/backend/server-document.mjs:1:2782)","timestamp":"2026-05-24 13:52:40"}
{"level":"error","message":"An error occurred during the migration of Item record [TfQY8OXn5mJELtDc] of database \"daggerheart-advmanager.all-features\":\nError: Documents from a core version newer than the running version cannot be migrated\n    at Function._migrateRecord (file:///D:/Juegos/Foundry_daggerheart_git/Foundry-daggerheart/Portable-FoundryVTT-v13.348/App/resources/app/dist/database/backend/server-document.mjs:1:3713)\n    at Function._migrateDocuments (file:///D:/Juegos/Foundry_daggerheart_git/Foundry-daggerheart/Portable-FoundryVTT-v13.348/App/resources/app/dist/database/backend/server-document.mjs:1:2782)","timestamp":"2026-05-24 13:52:40"}
{"level":"error","message":"An error occurred during the migration of Item record [TujvZlwAeAUJFMVM] of database \"daggerheart-advmanager.all-features\":\nError: Documents from a core version newer than the running version cannot be migrated\n    at Function._migrateRecord (file:///D:/Juegos/Foundry_daggerheart_git/Foundry-daggerheart/Portable-FoundryVTT-v13.348/App/resources/app/dist/database/backend/server-document.mjs:1:3713)\n    at Function._migrateDocuments (file:///D:/Juegos/Foundry_daggerheart_git/Foundry-daggerheart/Portable-FoundryVTT-v13.348/App/resources/app/dist/database/backend/server-document.mjs:1:2782)","timestamp":"2026-05-24 13:52:40"}
{"level":"error","message":"An error occurred during the migration of Item record [UJQTIp3MrDLgEvwd] of database \"daggerheart-advmanager.all-features\":\nError: Documents from a core version newer than the running version cannot be migrated\n    at Function._migrateRecord (file:///D:/Juegos/Foundry_daggerheart_git/Foundry-daggerheart/Portable-FoundryVTT-v13.348/App/resources/app/dist/database/backend/server-document.mjs:1:3713)\n    at Function._migrateDocuments (file:///D:/Juegos/Foundry_daggerheart_git/Foundry-daggerheart/Portable-FoundryVTT-v13.348/App/resources/app/dist/database/backend/server-document.mjs:1:2782)","timestamp":"2026-05-24 13:52:40"}
{"level":"error","message":"An error occurred during the migration of Item record [UPpNFgIcMGiiV4jC] of database \"daggerheart-advmanager.all-features\":\nError: Documents from a core version newer than the running version cannot be migrated\n    at Function._migrateRecord (file:///D:/Juegos/Foundry_daggerheart_git/Foundry-daggerheart/Portable-FoundryVTT-v13.348/App/resources/app/dist/database/backend/server-document.mjs:1:3713)\n    at Function._migrateDocuments (file:///D:/Juegos/Foundry_daggerheart_git/Foundry-daggerheart/Portable-FoundryVTT-v13.348/App/resources/app/dist/database/backend/server-document.mjs:1:2782)","timestamp":"2026-05-24 13:52:40"}
{"level":"error","message":"An error occurred during the migration of Item record [UVkpThvMCrFA3eNc] of database \"daggerheart-advmanager.all-features\":\nError: Documents from a core version newer than the running version cannot be migrated\n    at Function._migrateRecord (file:///D:/Juegos/Foundry_daggerheart_git/Foundry-daggerheart/Portable-FoundryVTT-v13.348/App/resources/app/dist/database/backend/server-document.mjs:1:3713)\n    at Function._migrateDocuments (file:///D:/Juegos/Foundry_daggerheart_git/Foundry-daggerheart/Portable-FoundryVTT-v13.348/App/resources/app/dist/database/backend/server-document.mjs:1:2782)","timestamp":"2026-05-24 13:52:40"}
{"level":"error","message":"An error occurred during the migration of Item record [UhDxt4Dam9ETyls2] of database \"daggerheart-advmanager.all-features\":\nError: Documents from a core version newer than the running version cannot be migrated\n    at Function._migrateRecord (file:///D:/Juegos/Foundry_daggerheart_git/Foundry-daggerheart/Portable-FoundryVTT-v13.348/App/resources/app/dist/database/backend/server-document.mjs:1:3713)\n    at Function._migrateDocuments (file:///D:/Juegos/Foundry_daggerheart_git/Foundry-daggerheart/Portable-FoundryVTT-v13.348/App/resources/app/dist/database/backend/server-document.mjs:1:2782)","timestamp":"2026-05-24 13:52:40"}
{"level":"error","message":"An error occurred during the migration of Item record [VH6hKc7cX5n1XV7l] of database \"daggerheart-advmanager.all-features\":\nError: Documents from a core version newer than the running version cannot be migrated\n    at Function._migrateRecord (file:///D:/Juegos/Foundry_daggerheart_git/Foundry-daggerheart/Portable-FoundryVTT-v13.348/App/resources/app/dist/database/backend/server-document.mjs:1:3713)\n    at Function._migrateDocuments (file:///D:/Juegos/Foundry_daggerheart_git/Foundry-daggerheart/Portable-FoundryVTT-v13.348/App/resources/app/dist/database/backend/server-document.mjs:1:2782)","timestamp":"2026-05-24 13:52:40"}
{"level":"error","message":"An error occurred during the migration of Item record [VY87drMq8hSfZoFp] of database \"daggerheart-advmanager.all-features\":\nError: Documents from a core version newer than the running version cannot be migrated\n    at Function._migrateRecord (file:///D:/Juegos/Foundry_daggerheart_git/Foundry-daggerheart/Portable-FoundryVTT-v13.348/App/resources/app/dist/database/backend/server-document.mjs:1:3713)\n    at Function._migrateDocuments (file:///D:/Juegos/Foundry_daggerheart_git/Foundry-daggerheart/Portable-FoundryVTT-v13.348/App/resources/app/dist/database/backend/server-document.mjs:1:2782)","timestamp":"2026-05-24 13:52:40"}
{"level":"error","message":"An error occurred during the migration of Item record [VftDdm61VmdcC1YB] of database \"daggerheart-advmanager.all-features\":\nError: Documents from a core version newer than the running version cannot be migrated\n    at Function._migrateRecord (file:///D:/Juegos/Foundry_daggerheart_git/Foundry-daggerheart/Portable-FoundryVTT-v13.348/App/resources/app/dist/database/backend/server-document.mjs:1:3713)\n    at Function._migrateDocuments (file:///D:/Juegos/Foundry_daggerheart_git/Foundry-daggerheart/Portable-FoundryVTT-v13.348/App/resources/app/dist/database/backend/server-document.mjs:1:2782)","timestamp":"2026-05-24 13:52:40"}
{"level":"error","message":"An error occurred during the migration of Item record [ViWXQSULfBNRBXfM] of database \"daggerheart-advmanager.all-features\":\nError: Documents from a core version newer than the running version cannot be migrated\n    at Function._migrateRecord (file:///D:/Juegos/Foundry_daggerheart_git/Foundry-daggerheart/Portable-FoundryVTT-v13.348/App/resources/app/dist/database/backend/server-document.mjs:1:3713)\n    at Function._migrateDocuments (file:///D:/Juegos/Foundry_daggerheart_git/Foundry-daggerheart/Portable-FoundryVTT-v13.348/App/resources/app/dist/database/backend/server-document.mjs:1:2782)","timestamp":"2026-05-24 13:52:40"}
{"level":"error","message":"An error occurred during the migration of Item record [WlLco8K5KkBqf5TK] of database \"daggerheart-advmanager.all-features\":\nError: Documents from a core version newer than the running version cannot be migrated\n    at Function._migrateRecord (file:///D:/Juegos/Foundry_daggerheart_git/Foundry-daggerheart/Portable-FoundryVTT-v13.348/App/resources/app/dist/database/backend/server-document.mjs:1:3713)\n    at Function._migrateDocuments (file:///D:/Juegos/Foundry_daggerheart_git/Foundry-daggerheart/Portable-FoundryVTT-v13.348/App/resources/app/dist/database/backend/server-document.mjs:1:2782)","timestamp":"2026-05-24 13:52:40"}
{"level":"error","message":"An error occurred during the migration of Item record [WmZsQ4Q4o8HUAd4M] of database \"daggerheart-advmanager.all-features\":\nError: Documents from a core version newer than the running version cannot be migrated\n    at Function._migrateRecord (file:///D:/Juegos/Foundry_daggerheart_git/Foundry-daggerheart/Portable-FoundryVTT-v13.348/App/resources/app/dist/database/backend/server-document.mjs:1:3713)\n    at Function._migrateDocuments (file:///D:/Juegos/Foundry_daggerheart_git/Foundry-daggerheart/Portable-FoundryVTT-v13.348/App/resources/app/dist/database/backend/server-document.mjs:1:2782)","timestamp":"2026-05-24 13:52:40"}
{"level":"error","message":"An error occurred during the migration of Item record [XCOWW7Ls3FL4UUb8] of database \"daggerheart-advmanager.all-features\":\nError: Documents from a core version newer than the running version cannot be migrated\n    at Function._migrateRecord (file:///D:/Juegos/Foundry_daggerheart_git/Foundry-daggerheart/Portable-FoundryVTT-v13.348/App/resources/app/dist/database/backend/server-document.mjs:1:3713)\n    at Function._migrateDocuments (file:///D:/Juegos/Foundry_daggerheart_git/Foundry-daggerheart/Portable-FoundryVTT-v13.348/App/resources/app/dist/database/backend/server-document.mjs:1:2782)","timestamp":"2026-05-24 13:52:40"}
{"level":"error","message":"An error occurred during the migration of Item record [XEeR8EAWfOxTI03O] of database \"daggerheart-advmanager.all-features\":\nError: Documents from a core version newer than the running version cannot be migrated\n    at Function._migrateRecord (file:///D:/Juegos/Foundry_daggerheart_git/Foundry-daggerheart/Portable-FoundryVTT-v13.348/App/resources/app/dist/database/backend/server-document.mjs:1:3713)\n    at Function._migrateDocuments (file:///D:/Juegos/Foundry_daggerheart_git/Foundry-daggerheart/Portable-FoundryVTT-v13.348/App/resources/app/dist/database/backend/server-document.mjs:1:2782)","timestamp":"2026-05-24 13:52:40"}
{"level":"error","message":"An error occurred during the migration of Item record [XcMddHa3mP13hU07] of database \"daggerheart-advmanager.all-features\":\nError: Documents from a core version newer than the running version cannot be migrated\n    at Function._migrateRecord (file:///D:/Juegos/Foundry_daggerheart_git/Foundry-daggerheart/Portable-FoundryVTT-v13.348/App/resources/app/dist/database/backend/server-document.mjs:1:3713)\n    at Function._migrateDocuments (file:///D:/Juegos/Foundry_daggerheart_git/Foundry-daggerheart/Portable-FoundryVTT-v13.348/App/resources/app/dist/database/backend/server-document.mjs:1:2782)","timestamp":"2026-05-24 13:52:40"}
{"level":"error","message":"An error occurred during the migration of Item record [Xprt8jqJCSf0y8wF] of database \"daggerheart-advmanager.all-features\":\nError: Documents from a core version newer than the running version cannot be migrated\n    at Function._migrateRecord (file:///D:/Juegos/Foundry_daggerheart_git/Foundry-daggerheart/Portable-FoundryVTT-v13.348/App/resources/app/dist/database/backend/server-document.mjs:1:3713)\n    at Function._migrateDocuments (file:///D:/Juegos/Foundry_daggerheart_git/Foundry-daggerheart/Portable-FoundryVTT-v13.348/App/resources/app/dist/database/backend/server-document.mjs:1:2782)","timestamp":"2026-05-24 13:52:40"}
{"level":"error","message":"An error occurred during the migration of Item record [Xs0d9nchfBahliin] of database \"daggerheart-advmanager.all-features\":\nError: Documents from a core version newer than the running version cannot be migrated\n    at Function._migrateRecord (file:///D:/Juegos/Foundry_daggerheart_git/Foundry-daggerheart/Portable-FoundryVTT-v13.348/App/resources/app/dist/database/backend/server-document.mjs:1:3713)\n    at Function._migrateDocuments (file:///D:/Juegos/Foundry_daggerheart_git/Foundry-daggerheart/Portable-FoundryVTT-v13.348/App/resources/app/dist/database/backend/server-document.mjs:1:2782)","timestamp":"2026-05-24 13:52:40"}
{"level":"error","message":"An error occurred during the migration of Item record [Xw0jfPIx2PS9ZJfz] of database \"daggerheart-advmanager.all-features\":\nError: Documents from a core version newer than the running version cannot be migrated\n    at Function._migrateRecord (file:///D:/Juegos/Foundry_daggerheart_git/Foundry-daggerheart/Portable-FoundryVTT-v13.348/App/resources/app/dist/database/backend/server-document.mjs:1:3713)\n    at Function._migrateDocuments (file:///D:/Juegos/Foundry_daggerheart_git/Foundry-daggerheart/Portable-FoundryVTT-v13.348/App/resources/app/dist/database/backend/server-document.mjs:1:2782)","timestamp":"2026-05-24 13:52:40"}
{"level":"error","message":"An error occurred during the migration of Item record [Y7d77okdWKTJH56z] of database \"daggerheart-advmanager.all-features\":\nError: Documents from a core version newer than the running version cannot be migrated\n    at Function._migrateRecord (file:///D:/Juegos/Foundry_daggerheart_git/Foundry-daggerheart/Portable-FoundryVTT-v13.348/App/resources/app/dist/database/backend/server-document.mjs:1:3713)\n    at Function._migrateDocuments (file:///D:/Juegos/Foundry_daggerheart_git/Foundry-daggerheart/Portable-FoundryVTT-v13.348/App/resources/app/dist/database/backend/server-document.mjs:1:2782)","timestamp":"2026-05-24 13:52:40"}
{"level":"error","message":"An error occurred during the migration of Item record [YImO1FWkzvk1Ht7h] of database \"daggerheart-advmanager.all-features\":\nError: Documents from a core version newer than the running version cannot be migrated\n    at Function._migrateRecord (file:///D:/Juegos/Foundry_daggerheart_git/Foundry-daggerheart/Portable-FoundryVTT-v13.348/App/resources/app/dist/database/backend/server-document.mjs:1:3713)\n    at Function._migrateDocuments (file:///D:/Juegos/Foundry_daggerheart_git/Foundry-daggerheart/Portable-FoundryVTT-v13.348/App/resources/app/dist/database/backend/server-document.mjs:1:2782)","timestamp":"2026-05-24 13:52:40"}
{"level":"error","message":"An error occurred during the migration of Item record [YK33JfKLRukCYafo] of database \"daggerheart-advmanager.all-features\":\nError: Documents from a core version newer than the running version cannot be migrated\n    at Function._migrateRecord (file:///D:/Juegos/Foundry_daggerheart_git/Foundry-daggerheart/Portable-FoundryVTT-v13.348/App/resources/app/dist/database/backend/server-document.mjs:1:3713)\n    at Function._migrateDocuments (file:///D:/Juegos/Foundry_daggerheart_git/Foundry-daggerheart/Portable-FoundryVTT-v13.348/App/resources/app/dist/database/backend/server-document.mjs:1:2782)","timestamp":"2026-05-24 13:52:40"}
{"level":"error","message":"An error occurred during the migration of Item record [YP0SXr9h1DwFpx7Y] of database \"daggerheart-advmanager.all-features\":\nError: Documents from a core version newer than the running version cannot be migrated\n    at Function._migrateRecord (file:///D:/Juegos/Foundry_daggerheart_git/Foundry-daggerheart/Portable-FoundryVTT-v13.348/App/resources/app/dist/database/backend/server-document.mjs:1:3713)\n    at Function._migrateDocuments (file:///D:/Juegos/Foundry_daggerheart_git/Foundry-daggerheart/Portable-FoundryVTT-v13.348/App/resources/app/dist/database/backend/server-document.mjs:1:2782)","timestamp":"2026-05-24 13:52:40"}
{"level":"error","message":"An error occurred during the migration of Item record [YpkpKgxAvp8TYVPF] of database \"daggerheart-advmanager.all-features\":\nError: Documents from a core version newer than the running version cannot be migrated\n    at Function._migrateRecord (file:///D:/Juegos/Foundry_daggerheart_git/Foundry-daggerheart/Portable-FoundryVTT-v13.348/App/resources/app/dist/database/backend/server-document.mjs:1:3713)\n    at Function._migrateDocuments (file:///D:/Juegos/Foundry_daggerheart_git/Foundry-daggerheart/Portable-FoundryVTT-v13.348/App/resources/app/dist/database/backend/server-document.mjs:1:2782)","timestamp":"2026-05-24 13:52:40"}
{"level":"error","message":"An error occurred during the migration of Item record [Yywd7YxNv8ZjFThL] of database \"daggerheart-advmanager.all-features\":\nError: Documents from a core version newer than the running version cannot be migrated\n    at Function._migrateRecord (file:///D:/Juegos/Foundry_daggerheart_git/Foundry-daggerheart/Portable-FoundryVTT-v13.348/App/resources/app/dist/database/backend/server-document.mjs:1:3713)\n    at Function._migrateDocuments (file:///D:/Juegos/Foundry_daggerheart_git/Foundry-daggerheart/Portable-FoundryVTT-v13.348/App/resources/app/dist/database/backend/server-document.mjs:1:2782)","timestamp":"2026-05-24 13:52:40"}
{"level":"error","message":"An error occurred during the migration of Item record [Z4kAG5HHasClhjUC] of database \"daggerheart-advmanager.all-features\":\nError: Documents from a core version newer than the running version cannot be migrated\n    at Function._migrateRecord (file:///D:/Juegos/Foundry_daggerheart_git/Foundry-daggerheart/Portable-FoundryVTT-v13.348/App/resources/app/dist/database/backend/server-document.mjs:1:3713)\n    at Function._migrateDocuments (file:///D:/Juegos/Foundry_daggerheart_git/Foundry-daggerheart/Portable-FoundryVTT-v13.348/App/resources/app/dist/database/backend/server-document.mjs:1:2782)","timestamp":"2026-05-24 13:52:40"}
{"level":"error","message":"An error occurred during the migration of Item record [ZHDkYNAftc1hcCL4] of database \"daggerheart-advmanager.all-features\":\nError: Documents from a core version newer than the running version cannot be migrated\n    at Function._migrateRecord (file:///D:/Juegos/Foundry_daggerheart_git/Foundry-daggerheart/Portable-FoundryVTT-v13.348/App/resources/app/dist/database/backend/server-document.mjs:1:3713)\n    at Function._migrateDocuments (file:///D:/Juegos/Foundry_daggerheart_git/Foundry-daggerheart/Portable-FoundryVTT-v13.348/App/resources/app/dist/database/backend/server-document.mjs:1:2782)","timestamp":"2026-05-24 13:52:40"}
{"level":"error","message":"An error occurred during the migration of Item record [ZbmDs7F3WACFu2nw] of database \"daggerheart-advmanager.all-features\":\nError: Documents from a core version newer than the running version cannot be migrated\n    at Function._migrateRecord (file:///D:/Juegos/Foundry_daggerheart_git/Foundry-daggerheart/Portable-FoundryVTT-v13.348/App/resources/app/dist/database/backend/server-document.mjs:1:3713)\n    at Function._migrateDocuments (file:///D:/Juegos/Foundry_daggerheart_git/Foundry-daggerheart/Portable-FoundryVTT-v13.348/App/resources/app/dist/database/backend/server-document.mjs:1:2782)","timestamp":"2026-05-24 13:52:40"}
{"level":"error","message":"An error occurred during the migration of Item record [ZyaN32fFPiOj0xZo] of database \"daggerheart-advmanager.all-features\":\nError: Documents from a core version newer than the running version cannot be migrated\n    at Function._migrateRecord (file:///D:/Juegos/Foundry_daggerheart_git/Foundry-daggerheart/Portable-FoundryVTT-v13.348/App/resources/app/dist/database/backend/server-document.mjs:1:3713)\n    at Function._migrateDocuments (file:///D:/Juegos/Foundry_daggerheart_git/Foundry-daggerheart/Portable-FoundryVTT-v13.348/App/resources/app/dist/database/backend/server-document.mjs:1:2782)","timestamp":"2026-05-24 13:52:40"}
{"level":"error","message":"An error occurred during the migration of Item record [a02Tqh9X23jGYRol] of database \"daggerheart-advmanager.all-features\":\nError: Documents from a core version newer than the running version cannot be migrated\n    at Function._migrateRecord (file:///D:/Juegos/Foundry_daggerheart_git/Foundry-daggerheart/Portable-FoundryVTT-v13.348/App/resources/app/dist/database/backend/server-document.mjs:1:3713)\n    at Function._migrateDocuments (file:///D:/Juegos/Foundry_daggerheart_git/Foundry-daggerheart/Portable-FoundryVTT-v13.348/App/resources/app/dist/database/backend/server-document.mjs:1:2782)","timestamp":"2026-05-24 13:52:40"}
{"level":"error","message":"An error occurred during the migration of Item record [a5HTZx4usdLknyBY] of database \"daggerheart-advmanager.all-features\":\nError: Documents from a core version newer than the running version cannot be migrated\n    at Function._migrateRecord (file:///D:/Juegos/Foundry_daggerheart_git/Foundry-daggerheart/Portable-FoundryVTT-v13.348/App/resources/app/dist/database/backend/server-document.mjs:1:3713)\n    at Function._migrateDocuments (file:///D:/Juegos/Foundry_daggerheart_git/Foundry-daggerheart/Portable-FoundryVTT-v13.348/App/resources/app/dist/database/backend/server-document.mjs:1:2782)","timestamp":"2026-05-24 13:52:40"}
{"level":"error","message":"An error occurred during the migration of Item record [aDAqDRIrnQnPj4AM] of database \"daggerheart-advmanager.all-features\":\nError: Documents from a core version newer than the running version cannot be migrated\n    at Function._migrateRecord (file:///D:/Juegos/Foundry_daggerheart_git/Foundry-daggerheart/Portable-FoundryVTT-v13.348/App/resources/app/dist/database/backend/server-document.mjs:1:3713)\n    at Function._migrateDocuments (file:///D:/Juegos/Foundry_daggerheart_git/Foundry-daggerheart/Portable-FoundryVTT-v13.348/App/resources/app/dist/database/backend/server-document.mjs:1:2782)","timestamp":"2026-05-24 13:52:40"}
{"level":"error","message":"An error occurred during the migration of Item record [aL7rfL8jo3F92C9A] of database \"daggerheart-advmanager.all-features\":\nError: Documents from a core version newer than the running version cannot be migrated\n    at Function._migrateRecord (file:///D:/Juegos/Foundry_daggerheart_git/Foundry-daggerheart/Portable-FoundryVTT-v13.348/App/resources/app/dist/database/backend/server-document.mjs:1:3713)\n    at Function._migrateDocuments (file:///D:/Juegos/Foundry_daggerheart_git/Foundry-daggerheart/Portable-FoundryVTT-v13.348/App/resources/app/dist/database/backend/server-document.mjs:1:2782)","timestamp":"2026-05-24 13:52:40"}
{"level":"error","message":"An error occurred during the migration of Item record [aQQK937dKkHdq2GG] of database \"daggerheart-advmanager.all-features\":\nError: Documents from a core version newer than the running version cannot be migrated\n    at Function._migrateRecord (file:///D:/Juegos/Foundry_daggerheart_git/Foundry-daggerheart/Portable-FoundryVTT-v13.348/App/resources/app/dist/database/backend/server-document.mjs:1:3713)\n    at Function._migrateDocuments (file:///D:/Juegos/Foundry_daggerheart_git/Foundry-daggerheart/Portable-FoundryVTT-v13.348/App/resources/app/dist/database/backend/server-document.mjs:1:2782)","timestamp":"2026-05-24 13:52:40"}
{"level":"error","message":"An error occurred during the migration of Item record [aZ8XRmXrxP9y4GCd] of database \"daggerheart-advmanager.all-features\":\nError: Documents from a core version newer than the running version cannot be migrated\n    at Function._migrateRecord (file:///D:/Juegos/Foundry_daggerheart_git/Foundry-daggerheart/Portable-FoundryVTT-v13.348/App/resources/app/dist/database/backend/server-document.mjs:1:3713)\n    at Function._migrateDocuments (file:///D:/Juegos/Foundry_daggerheart_git/Foundry-daggerheart/Portable-FoundryVTT-v13.348/App/resources/app/dist/database/backend/server-document.mjs:1:2782)","timestamp":"2026-05-24 13:52:40"}
{"level":"error","message":"An error occurred during the migration of Item record [abTomCXG9fInS3P4] of database \"daggerheart-advmanager.all-features\":\nError: Documents from a core version newer than the running version cannot be migrated\n    at Function._migrateRecord (file:///D:/Juegos/Foundry_daggerheart_git/Foundry-daggerheart/Portable-FoundryVTT-v13.348/App/resources/app/dist/database/backend/server-document.mjs:1:3713)\n    at Function._migrateDocuments (file:///D:/Juegos/Foundry_daggerheart_git/Foundry-daggerheart/Portable-FoundryVTT-v13.348/App/resources/app/dist/database/backend/server-document.mjs:1:2782)","timestamp":"2026-05-24 13:52:40"}
{"level":"error","message":"An error occurred during the migration of Item record [akojrQERL1jY8zMI] of database \"daggerheart-advmanager.all-features\":\nError: Documents from a core version newer than the running version cannot be migrated\n    at Function._migrateRecord (file:///D:/Juegos/Foundry_daggerheart_git/Foundry-daggerheart/Portable-FoundryVTT-v13.348/App/resources/app/dist/database/backend/server-document.mjs:1:3713)\n    at Function._migrateDocuments (file:///D:/Juegos/Foundry_daggerheart_git/Foundry-daggerheart/Portable-FoundryVTT-v13.348/App/resources/app/dist/database/backend/server-document.mjs:1:2782)","timestamp":"2026-05-24 13:52:40"}
{"level":"error","message":"An error occurred during the migration of Item record [arIDdrChB89kdGwI] of database \"daggerheart-advmanager.all-features\":\nError: Documents from a core version newer than the running version cannot be migrated\n    at Function._migrateRecord (file:///D:/Juegos/Foundry_daggerheart_git/Foundry-daggerheart/Portable-FoundryVTT-v13.348/App/resources/app/dist/database/backend/server-document.mjs:1:3713)\n    at Function._migrateDocuments (file:///D:/Juegos/Foundry_daggerheart_git/Foundry-daggerheart/Portable-FoundryVTT-v13.348/App/resources/app/dist/database/backend/server-document.mjs:1:2782)","timestamp":"2026-05-24 13:52:40"}
{"level":"error","message":"An error occurred during the migration of Item record [bACRFnDpqdkyitpu] of database \"daggerheart-advmanager.all-features\":\nError: Documents from a core version newer than the running version cannot be migrated\n    at Function._migrateRecord (file:///D:/Juegos/Foundry_daggerheart_git/Foundry-daggerheart/Portable-FoundryVTT-v13.348/App/resources/app/dist/database/backend/server-document.mjs:1:3713)\n    at Function._migrateDocuments (file:///D:/Juegos/Foundry_daggerheart_git/Foundry-daggerheart/Portable-FoundryVTT-v13.348/App/resources/app/dist/database/backend/server-document.mjs:1:2782)","timestamp":"2026-05-24 13:52:40"}
{"level":"error","message":"An error occurred during the migration of Item record [bE6lz2727B8Op2yj] of database \"daggerheart-advmanager.all-features\":\nError: Documents from a core version newer than the running version cannot be migrated\n    at Function._migrateRecord (file:///D:/Juegos/Foundry_daggerheart_git/Foundry-daggerheart/Portable-FoundryVTT-v13.348/App/resources/app/dist/database/backend/server-document.mjs:1:3713)\n    at Function._migrateDocuments (file:///D:/Juegos/Foundry_daggerheart_git/Foundry-daggerheart/Portable-FoundryVTT-v13.348/App/resources/app/dist/database/backend/server-document.mjs:1:2782)","timestamp":"2026-05-24 13:52:40"}
{"level":"error","message":"An error occurred during the migration of Item record [bgrewYD4c2ZCDYf3] of database \"daggerheart-advmanager.all-features\":\nError: Documents from a core version newer than the running version cannot be migrated\n    at Function._migrateRecord (file:///D:/Juegos/Foundry_daggerheart_git/Foundry-daggerheart/Portable-FoundryVTT-v13.348/App/resources/app/dist/database/backend/server-document.mjs:1:3713)\n    at Function._migrateDocuments (file:///D:/Juegos/Foundry_daggerheart_git/Foundry-daggerheart/Portable-FoundryVTT-v13.348/App/resources/app/dist/database/backend/server-document.mjs:1:2782)","timestamp":"2026-05-24 13:52:40"}
{"level":"error","message":"An error occurred during the migration of Item record [brrkYIhJgP551Tfx] of database \"daggerheart-advmanager.all-features\":\nError: Documents from a core version newer than the running version cannot be migrated\n    at Function._migrateRecord (file:///D:/Juegos/Foundry_daggerheart_git/Foundry-daggerheart/Portable-FoundryVTT-v13.348/App/resources/app/dist/database/backend/server-document.mjs:1:3713)\n    at Function._migrateDocuments (file:///D:/Juegos/Foundry_daggerheart_git/Foundry-daggerheart/Portable-FoundryVTT-v13.348/App/resources/app/dist/database/backend/server-document.mjs:1:2782)","timestamp":"2026-05-24 13:52:40"}
{"level":"error","message":"An error occurred during the migration of Item record [bs2D7tD0ZwvB8K9q] of database \"daggerheart-advmanager.all-features\":\nError: Documents from a core version newer than the running version cannot be migrated\n    at Function._migrateRecord (file:///D:/Juegos/Foundry_daggerheart_git/Foundry-daggerheart/Portable-FoundryVTT-v13.348/App/resources/app/dist/database/backend/server-document.mjs:1:3713)\n    at Function._migrateDocuments (file:///D:/Juegos/Foundry_daggerheart_git/Foundry-daggerheart/Portable-FoundryVTT-v13.348/App/resources/app/dist/database/backend/server-document.mjs:1:2782)","timestamp":"2026-05-24 13:52:40"}
{"level":"error","message":"An error occurred during the migration of Item record [cAcUflsHKS2OKaUU] of database \"daggerheart-advmanager.all-features\":\nError: Documents from a core version newer than the running version cannot be migrated\n    at Function._migrateRecord (file:///D:/Juegos/Foundry_daggerheart_git/Foundry-daggerheart/Portable-FoundryVTT-v13.348/App/resources/app/dist/database/backend/server-document.mjs:1:3713)\n    at Function._migrateDocuments (file:///D:/Juegos/Foundry_daggerheart_git/Foundry-daggerheart/Portable-FoundryVTT-v13.348/App/resources/app/dist/database/backend/server-document.mjs:1:2782)","timestamp":"2026-05-24 13:52:40"}
{"level":"error","message":"An error occurred during the migration of Item record [cP5zM3MPwSgkQPjA] of database \"daggerheart-advmanager.all-features\":\nError: Documents from a core version newer than the running version cannot be migrated\n    at Function._migrateRecord (file:///D:/Juegos/Foundry_daggerheart_git/Foundry-daggerheart/Portable-FoundryVTT-v13.348/App/resources/app/dist/database/backend/server-document.mjs:1:3713)\n    at Function._migrateDocuments (file:///D:/Juegos/Foundry_daggerheart_git/Foundry-daggerheart/Portable-FoundryVTT-v13.348/App/resources/app/dist/database/backend/server-document.mjs:1:2782)","timestamp":"2026-05-24 13:52:40"}
{"level":"error","message":"An error occurred during the migration of Item record [ccl119Jq61irqmIF] of database \"daggerheart-advmanager.all-features\":\nError: Documents from a core version newer than the running version cannot be migrated\n    at Function._migrateRecord (file:///D:/Juegos/Foundry_daggerheart_git/Foundry-daggerheart/Portable-FoundryVTT-v13.348/App/resources/app/dist/database/backend/server-document.mjs:1:3713)\n    at Function._migrateDocuments (file:///D:/Juegos/Foundry_daggerheart_git/Foundry-daggerheart/Portable-FoundryVTT-v13.348/App/resources/app/dist/database/backend/server-document.mjs:1:2782)","timestamp":"2026-05-24 13:52:40"}
{"level":"error","message":"An error occurred during the migration of Item record [clYMvzlwcLRbUxl4] of database \"daggerheart-advmanager.all-features\":\nError: Documents from a core version newer than the running version cannot be migrated\n    at Function._migrateRecord (file:///D:/Juegos/Foundry_daggerheart_git/Foundry-daggerheart/Portable-FoundryVTT-v13.348/App/resources/app/dist/database/backend/server-document.mjs:1:3713)\n    at Function._migrateDocuments (file:///D:/Juegos/Foundry_daggerheart_git/Foundry-daggerheart/Portable-FoundryVTT-v13.348/App/resources/app/dist/database/backend/server-document.mjs:1:2782)","timestamp":"2026-05-24 13:52:40"}
{"level":"error","message":"An error occurred during the migration of Item record [cnQ3VhITJ7LijijV] of database \"daggerheart-advmanager.all-features\":\nError: Documents from a core version newer than the running version cannot be migrated\n    at Function._migrateRecord (file:///D:/Juegos/Foundry_daggerheart_git/Foundry-daggerheart/Portable-FoundryVTT-v13.348/App/resources/app/dist/database/backend/server-document.mjs:1:3713)\n    at Function._migrateDocuments (file:///D:/Juegos/Foundry_daggerheart_git/Foundry-daggerheart/Portable-FoundryVTT-v13.348/App/resources/app/dist/database/backend/server-document.mjs:1:2782)","timestamp":"2026-05-24 13:52:40"}
{"level":"error","message":"An error occurred during the migration of Item record [d4HRThkuYCpwEE7g] of database \"daggerheart-advmanager.all-features\":\nError: Documents from a core version newer than the running version cannot be migrated\n    at Function._migrateRecord (file:///D:/Juegos/Foundry_daggerheart_git/Foundry-daggerheart/Portable-FoundryVTT-v13.348/App/resources/app/dist/database/backend/server-document.mjs:1:3713)\n    at Function._migrateDocuments (file:///D:/Juegos/Foundry_daggerheart_git/Foundry-daggerheart/Portable-FoundryVTT-v13.348/App/resources/app/dist/database/backend/server-document.mjs:1:2782)","timestamp":"2026-05-24 13:52:40"}
{"level":"error","message":"An error occurred during the migration of Item record [d9Zvym6AojnwTCcf] of database \"daggerheart-advmanager.all-features\":\nError: Documents from a core version newer than the running version cannot be migrated\n    at Function._migrateRecord (file:///D:/Juegos/Foundry_daggerheart_git/Foundry-daggerheart/Portable-FoundryVTT-v13.348/App/resources/app/dist/database/backend/server-document.mjs:1:3713)\n    at Function._migrateDocuments (file:///D:/Juegos/Foundry_daggerheart_git/Foundry-daggerheart/Portable-FoundryVTT-v13.348/App/resources/app/dist/database/backend/server-document.mjs:1:2782)","timestamp":"2026-05-24 13:52:40"}
{"level":"error","message":"An error occurred during the migration of Item record [dDPvjKEZcjhzMiac] of database \"daggerheart-advmanager.all-features\":\nError: Documents from a core version newer than the running version cannot be migrated\n    at Function._migrateRecord (file:///D:/Juegos/Foundry_daggerheart_git/Foundry-daggerheart/Portable-FoundryVTT-v13.348/App/resources/app/dist/database/backend/server-document.mjs:1:3713)\n    at Function._migrateDocuments (file:///D:/Juegos/Foundry_daggerheart_git/Foundry-daggerheart/Portable-FoundryVTT-v13.348/App/resources/app/dist/database/backend/server-document.mjs:1:2782)","timestamp":"2026-05-24 13:52:40"}
{"level":"error","message":"An error occurred during the migration of Item record [dVvW0vD86NIOmGAc] of database \"daggerheart-advmanager.all-features\":\nError: Documents from a core version newer than the running version cannot be migrated\n    at Function._migrateRecord (file:///D:/Juegos/Foundry_daggerheart_git/Foundry-daggerheart/Portable-FoundryVTT-v13.348/App/resources/app/dist/database/backend/server-document.mjs:1:3713)\n    at Function._migrateDocuments (file:///D:/Juegos/Foundry_daggerheart_git/Foundry-daggerheart/Portable-FoundryVTT-v13.348/App/resources/app/dist/database/backend/server-document.mjs:1:2782)","timestamp":"2026-05-24 13:52:40"}
{"level":"error","message":"An error occurred during the migration of Item record [dcUmPpUQi4XR48PT] of database \"daggerheart-advmanager.all-features\":\nError: Documents from a core version newer than the running version cannot be migrated\n    at Function._migrateRecord (file:///D:/Juegos/Foundry_daggerheart_git/Foundry-daggerheart/Portable-FoundryVTT-v13.348/App/resources/app/dist/database/backend/server-document.mjs:1:3713)\n    at Function._migrateDocuments (file:///D:/Juegos/Foundry_daggerheart_git/Foundry-daggerheart/Portable-FoundryVTT-v13.348/App/resources/app/dist/database/backend/server-document.mjs:1:2782)","timestamp":"2026-05-24 13:52:40"}
{"level":"error","message":"An error occurred during the migration of Item record [ddHQUXB51rFbu2vF] of database \"daggerheart-advmanager.all-features\":\nError: Documents from a core version newer than the running version cannot be migrated\n    at Function._migrateRecord (file:///D:/Juegos/Foundry_daggerheart_git/Foundry-daggerheart/Portable-FoundryVTT-v13.348/App/resources/app/dist/database/backend/server-document.mjs:1:3713)\n    at Function._migrateDocuments (file:///D:/Juegos/Foundry_daggerheart_git/Foundry-daggerheart/Portable-FoundryVTT-v13.348/App/resources/app/dist/database/backend/server-document.mjs:1:2782)","timestamp":"2026-05-24 13:52:40"}
{"level":"error","message":"An error occurred during the migration of Item record [dhtdnXcW4Ph23XDm] of database \"daggerheart-advmanager.all-features\":\nError: Documents from a core version newer than the running version cannot be migrated\n    at Function._migrateRecord (file:///D:/Juegos/Foundry_daggerheart_git/Foundry-daggerheart/Portable-FoundryVTT-v13.348/App/resources/app/dist/database/backend/server-document.mjs:1:3713)\n    at Function._migrateDocuments (file:///D:/Juegos/Foundry_daggerheart_git/Foundry-daggerheart/Portable-FoundryVTT-v13.348/App/resources/app/dist/database/backend/server-document.mjs:1:2782)","timestamp":"2026-05-24 13:52:40"}
{"level":"error","message":"An error occurred during the migration of Item record [doUVWLLoCZ6VZd5V] of database \"daggerheart-advmanager.all-features\":\nError: Documents from a core version newer than the running version cannot be migrated\n    at Function._migrateRecord (file:///D:/Juegos/Foundry_daggerheart_git/Foundry-daggerheart/Portable-FoundryVTT-v13.348/App/resources/app/dist/database/backend/server-document.mjs:1:3713)\n    at Function._migrateDocuments (file:///D:/Juegos/Foundry_daggerheart_git/Foundry-daggerheart/Portable-FoundryVTT-v13.348/App/resources/app/dist/database/backend/server-document.mjs:1:2782)","timestamp":"2026-05-24 13:52:40"}
{"level":"error","message":"An error occurred during the migration of Item record [e6iLnjUsuhFmZRSz] of database \"daggerheart-advmanager.all-features\":\nError: Documents from a core version newer than the running version cannot be migrated\n    at Function._migrateRecord (file:///D:/Juegos/Foundry_daggerheart_git/Foundry-daggerheart/Portable-FoundryVTT-v13.348/App/resources/app/dist/database/backend/server-document.mjs:1:3713)\n    at Function._migrateDocuments (file:///D:/Juegos/Foundry_daggerheart_git/Foundry-daggerheart/Portable-FoundryVTT-v13.348/App/resources/app/dist/database/backend/server-document.mjs:1:2782)","timestamp":"2026-05-24 13:52:40"}
{"level":"error","message":"An error occurred during the migration of Item record [e7iDOHwseCokb48I] of database \"daggerheart-advmanager.all-features\":\nError: Documents from a core version newer than the running version cannot be migrated\n    at Function._migrateRecord (file:///D:/Juegos/Foundry_daggerheart_git/Foundry-daggerheart/Portable-FoundryVTT-v13.348/App/resources/app/dist/database/backend/server-document.mjs:1:3713)\n    at Function._migrateDocuments (file:///D:/Juegos/Foundry_daggerheart_git/Foundry-daggerheart/Portable-FoundryVTT-v13.348/App/resources/app/dist/database/backend/server-document.mjs:1:2782)","timestamp":"2026-05-24 13:52:40"}
{"level":"error","message":"An error occurred during the migration of Item record [eBDqph4kRlLOmpy1] of database \"daggerheart-advmanager.all-features\":\nError: Documents from a core version newer than the running version cannot be migrated\n    at Function._migrateRecord (file:///D:/Juegos/Foundry_daggerheart_git/Foundry-daggerheart/Portable-FoundryVTT-v13.348/App/resources/app/dist/database/backend/server-document.mjs:1:3713)\n    at Function._migrateDocuments (file:///D:/Juegos/Foundry_daggerheart_git/Foundry-daggerheart/Portable-FoundryVTT-v13.348/App/resources/app/dist/database/backend/server-document.mjs:1:2782)","timestamp":"2026-05-24 13:52:40"}
{"level":"error","message":"An error occurred during the migration of Item record [eGhCJFxVySS8R9RZ] of database \"daggerheart-advmanager.all-features\":\nError: Documents from a core version newer than the running version cannot be migrated\n    at Function._migrateRecord (file:///D:/Juegos/Foundry_daggerheart_git/Foundry-daggerheart/Portable-FoundryVTT-v13.348/App/resources/app/dist/database/backend/server-document.mjs:1:3713)\n    at Function._migrateDocuments (file:///D:/Juegos/Foundry_daggerheart_git/Foundry-daggerheart/Portable-FoundryVTT-v13.348/App/resources/app/dist/database/backend/server-document.mjs:1:2782)","timestamp":"2026-05-24 13:52:40"}
{"level":"error","message":"An error occurred during the migration of Item record [eclelg67Y3ulikIu] of database \"daggerheart-advmanager.all-features\":\nError: Documents from a core version newer than the running version cannot be migrated\n    at Function._migrateRecord (file:///D:/Juegos/Foundry_daggerheart_git/Foundry-daggerheart/Portable-FoundryVTT-v13.348/App/resources/app/dist/database/backend/server-document.mjs:1:3713)\n    at Function._migrateDocuments (file:///D:/Juegos/Foundry_daggerheart_git/Foundry-daggerheart/Portable-FoundryVTT-v13.348/App/resources/app/dist/database/backend/server-document.mjs:1:2782)","timestamp":"2026-05-24 13:52:40"}
{"level":"error","message":"An error occurred during the migration of Item record [eg8ujOkCWWQbu6of] of database \"daggerheart-advmanager.all-features\":\nError: Documents from a core version newer than the running version cannot be migrated\n    at Function._migrateRecord (file:///D:/Juegos/Foundry_daggerheart_git/Foundry-daggerheart/Portable-FoundryVTT-v13.348/App/resources/app/dist/database/backend/server-document.mjs:1:3713)\n    at Function._migrateDocuments (file:///D:/Juegos/Foundry_daggerheart_git/Foundry-daggerheart/Portable-FoundryVTT-v13.348/App/resources/app/dist/database/backend/server-document.mjs:1:2782)","timestamp":"2026-05-24 13:52:40"}
{"level":"error","message":"An error occurred during the migration of Item record [fBDmgAc3Qv6flld9] of database \"daggerheart-advmanager.all-features\":\nError: Documents from a core version newer than the running version cannot be migrated\n    at Function._migrateRecord (file:///D:/Juegos/Foundry_daggerheart_git/Foundry-daggerheart/Portable-FoundryVTT-v13.348/App/resources/app/dist/database/backend/server-document.mjs:1:3713)\n    at Function._migrateDocuments (file:///D:/Juegos/Foundry_daggerheart_git/Foundry-daggerheart/Portable-FoundryVTT-v13.348/App/resources/app/dist/database/backend/server-document.mjs:1:2782)","timestamp":"2026-05-24 13:52:40"}
{"level":"error","message":"An error occurred during the migration of Item record [fNGc73cwA7O5W7oZ] of database \"daggerheart-advmanager.all-features\":\nError: Documents from a core version newer than the running version cannot be migrated\n    at Function._migrateRecord (file:///D:/Juegos/Foundry_daggerheart_git/Foundry-daggerheart/Portable-FoundryVTT-v13.348/App/resources/app/dist/database/backend/server-document.mjs:1:3713)\n    at Function._migrateDocuments (file:///D:/Juegos/Foundry_daggerheart_git/Foundry-daggerheart/Portable-FoundryVTT-v13.348/App/resources/app/dist/database/backend/server-document.mjs:1:2782)","timestamp":"2026-05-24 13:52:40"}
{"level":"error","message":"An error occurred during the migration of Item record [fNnjAGqz2phMzKLR] of database \"daggerheart-advmanager.all-features\":\nError: Documents from a core version newer than the running version cannot be migrated\n    at Function._migrateRecord (file:///D:/Juegos/Foundry_daggerheart_git/Foundry-daggerheart/Portable-FoundryVTT-v13.348/App/resources/app/dist/database/backend/server-document.mjs:1:3713)\n    at Function._migrateDocuments (file:///D:/Juegos/Foundry_daggerheart_git/Foundry-daggerheart/Portable-FoundryVTT-v13.348/App/resources/app/dist/database/backend/server-document.mjs:1:2782)","timestamp":"2026-05-24 13:52:40"}
{"level":"error","message":"An error occurred during the migration of Item record [fWxVsQymqfydDa57] of database \"daggerheart-advmanager.all-features\":\nError: Documents from a core version newer than the running version cannot be migrated\n    at Function._migrateRecord (file:///D:/Juegos/Foundry_daggerheart_git/Foundry-daggerheart/Portable-FoundryVTT-v13.348/App/resources/app/dist/database/backend/server-document.mjs:1:3713)\n    at Function._migrateDocuments (file:///D:/Juegos/Foundry_daggerheart_git/Foundry-daggerheart/Portable-FoundryVTT-v13.348/App/resources/app/dist/database/backend/server-document.mjs:1:2782)","timestamp":"2026-05-24 13:52:40"}
{"level":"error","message":"An error occurred during the migration of Item record [fXsIsoXM0ih1zTa0] of database \"daggerheart-advmanager.all-features\":\nError: Documents from a core version newer than the running version cannot be migrated\n    at Function._migrateRecord (file:///D:/Juegos/Foundry_daggerheart_git/Foundry-daggerheart/Portable-FoundryVTT-v13.348/App/resources/app/dist/database/backend/server-document.mjs:1:3713)\n    at Function._migrateDocuments (file:///D:/Juegos/Foundry_daggerheart_git/Foundry-daggerheart/Portable-FoundryVTT-v13.348/App/resources/app/dist/database/backend/server-document.mjs:1:2782)","timestamp":"2026-05-24 13:52:40"}
{"level":"error","message":"An error occurred during the migration of Item record [fZF7mS1mfQhEQVHv] of database \"daggerheart-advmanager.all-features\":\nError: Documents from a core version newer than the running version cannot be migrated\n    at Function._migrateRecord (file:///D:/Juegos/Foundry_daggerheart_git/Foundry-daggerheart/Portable-FoundryVTT-v13.348/App/resources/app/dist/database/backend/server-document.mjs:1:3713)\n    at Function._migrateDocuments (file:///D:/Juegos/Foundry_daggerheart_git/Foundry-daggerheart/Portable-FoundryVTT-v13.348/App/resources/app/dist/database/backend/server-document.mjs:1:2782)","timestamp":"2026-05-24 13:52:40"}
{"level":"error","message":"An error occurred during the migration of Item record [fZxegsH4PwWFAMmk] of database \"daggerheart-advmanager.all-features\":\nError: Documents from a core version newer than the running version cannot be migrated\n    at Function._migrateRecord (file:///D:/Juegos/Foundry_daggerheart_git/Foundry-daggerheart/Portable-FoundryVTT-v13.348/App/resources/app/dist/database/backend/server-document.mjs:1:3713)\n    at Function._migrateDocuments (file:///D:/Juegos/Foundry_daggerheart_git/Foundry-daggerheart/Portable-FoundryVTT-v13.348/App/resources/app/dist/database/backend/server-document.mjs:1:2782)","timestamp":"2026-05-24 13:52:40"}
{"level":"error","message":"An error occurred during the migration of Item record [fl0B6qAv5sAuORVQ] of database \"daggerheart-advmanager.all-features\":\nError: Documents from a core version newer than the running version cannot be migrated\n    at Function._migrateRecord (file:///D:/Juegos/Foundry_daggerheart_git/Foundry-daggerheart/Portable-FoundryVTT-v13.348/App/resources/app/dist/database/backend/server-document.mjs:1:3713)\n    at Function._migrateDocuments (file:///D:/Juegos/Foundry_daggerheart_git/Foundry-daggerheart/Portable-FoundryVTT-v13.348/App/resources/app/dist/database/backend/server-document.mjs:1:2782)","timestamp":"2026-05-24 13:52:40"}
{"level":"error","message":"An error occurred during the migration of Item record [fntbFsINvUTL98qU] of database \"daggerheart-advmanager.all-features\":\nError: Documents from a core version newer than the running version cannot be migrated\n    at Function._migrateRecord (file:///D:/Juegos/Foundry_daggerheart_git/Foundry-daggerheart/Portable-FoundryVTT-v13.348/App/resources/app/dist/database/backend/server-document.mjs:1:3713)\n    at Function._migrateDocuments (file:///D:/Juegos/Foundry_daggerheart_git/Foundry-daggerheart/Portable-FoundryVTT-v13.348/App/resources/app/dist/database/backend/server-document.mjs:1:2782)","timestamp":"2026-05-24 13:52:40"}
{"level":"error","message":"An error occurred during the migration of Item record [g0W4rI9DNzoqfvSM] of database \"daggerheart-advmanager.all-features\":\nError: Documents from a core version newer than the running version cannot be migrated\n    at Function._migrateRecord (file:///D:/Juegos/Foundry_daggerheart_git/Foundry-daggerheart/Portable-FoundryVTT-v13.348/App/resources/app/dist/database/backend/server-document.mjs:1:3713)\n    at Function._migrateDocuments (file:///D:/Juegos/Foundry_daggerheart_git/Foundry-daggerheart/Portable-FoundryVTT-v13.348/App/resources/app/dist/database/backend/server-document.mjs:1:2782)","timestamp":"2026-05-24 13:52:40"}
{"level":"error","message":"An error occurred during the migration of Item record [gCeuvYGq0jmpBLhU] of database \"daggerheart-advmanager.all-features\":\nError: Documents from a core version newer than the running version cannot be migrated\n    at Function._migrateRecord (file:///D:/Juegos/Foundry_daggerheart_git/Foundry-daggerheart/Portable-FoundryVTT-v13.348/App/resources/app/dist/database/backend/server-document.mjs:1:3713)\n    at Function._migrateDocuments (file:///D:/Juegos/Foundry_daggerheart_git/Foundry-daggerheart/Portable-FoundryVTT-v13.348/App/resources/app/dist/database/backend/server-document.mjs:1:2782)","timestamp":"2026-05-24 13:52:40"}
{"level":"error","message":"An error occurred during the migration of Item record [gFqn3jVlpgyRkiYv] of database \"daggerheart-advmanager.all-features\":\nError: Documents from a core version newer than the running version cannot be migrated\n    at Function._migrateRecord (file:///D:/Juegos/Foundry_daggerheart_git/Foundry-daggerheart/Portable-FoundryVTT-v13.348/App/resources/app/dist/database/backend/server-document.mjs:1:3713)\n    at Function._migrateDocuments (file:///D:/Juegos/Foundry_daggerheart_git/Foundry-daggerheart/Portable-FoundryVTT-v13.348/App/resources/app/dist/database/backend/server-document.mjs:1:2782)","timestamp":"2026-05-24 13:52:40"}
{"level":"error","message":"An error occurred during the migration of Item record [gLXM5C7pRfiTpIfx] of database \"daggerheart-advmanager.all-features\":\nError: Documents from a core version newer than the running version cannot be migrated\n    at Function._migrateRecord (file:///D:/Juegos/Foundry_daggerheart_git/Foundry-daggerheart/Portable-FoundryVTT-v13.348/App/resources/app/dist/database/backend/server-document.mjs:1:3713)\n    at Function._migrateDocuments (file:///D:/Juegos/Foundry_daggerheart_git/Foundry-daggerheart/Portable-FoundryVTT-v13.348/App/resources/app/dist/database/backend/server-document.mjs:1:2782)","timestamp":"2026-05-24 13:52:40"}
{"level":"error","message":"An error occurred during the migration of Item record [gPihWhVbh9JDaY0m] of database \"daggerheart-advmanager.all-features\":\nError: Documents from a core version newer than the running version cannot be migrated\n    at Function._migrateRecord (file:///D:/Juegos/Foundry_daggerheart_git/Foundry-daggerheart/Portable-FoundryVTT-v13.348/App/resources/app/dist/database/backend/server-document.mjs:1:3713)\n    at Function._migrateDocuments (file:///D:/Juegos/Foundry_daggerheart_git/Foundry-daggerheart/Portable-FoundryVTT-v13.348/App/resources/app/dist/database/backend/server-document.mjs:1:2782)","timestamp":"2026-05-24 13:52:40"}
{"level":"error","message":"An error occurred during the migration of Item record [gR3ZpP8Iub0gLSLg] of database \"daggerheart-advmanager.all-features\":\nError: Documents from a core version newer than the running version cannot be migrated\n    at Function._migrateRecord (file:///D:/Juegos/Foundry_daggerheart_git/Foundry-daggerheart/Portable-FoundryVTT-v13.348/App/resources/app/dist/database/backend/server-document.mjs:1:3713)\n    at Function._migrateDocuments (file:///D:/Juegos/Foundry_daggerheart_git/Foundry-daggerheart/Portable-FoundryVTT-v13.348/App/resources/app/dist/database/backend/server-document.mjs:1:2782)","timestamp":"2026-05-24 13:52:40"}
{"level":"error","message":"An error occurred during the migration of Item record [gf64Psrl9cS179RK] of database \"daggerheart-advmanager.all-features\":\nError: Documents from a core version newer than the running version cannot be migrated\n    at Function._migrateRecord (file:///D:/Juegos/Foundry_daggerheart_git/Foundry-daggerheart/Portable-FoundryVTT-v13.348/App/resources/app/dist/database/backend/server-document.mjs:1:3713)\n    at Function._migrateDocuments (file:///D:/Juegos/Foundry_daggerheart_git/Foundry-daggerheart/Portable-FoundryVTT-v13.348/App/resources/app/dist/database/backend/server-document.mjs:1:2782)","timestamp":"2026-05-24 13:52:40"}
{"level":"error","message":"An error occurred during the migration of Item record [gh0aJzFel78iNbfE] of database \"daggerheart-advmanager.all-features\":\nError: Documents from a core version newer than the running version cannot be migrated\n    at Function._migrateRecord (file:///D:/Juegos/Foundry_daggerheart_git/Foundry-daggerheart/Portable-FoundryVTT-v13.348/App/resources/app/dist/database/backend/server-document.mjs:1:3713)\n    at Function._migrateDocuments (file:///D:/Juegos/Foundry_daggerheart_git/Foundry-daggerheart/Portable-FoundryVTT-v13.348/App/resources/app/dist/database/backend/server-document.mjs:1:2782)","timestamp":"2026-05-24 13:52:40"}
{"level":"error","message":"An error occurred during the migration of Item record [gusaTpDO9pShSJwz] of database \"daggerheart-advmanager.all-features\":\nError: Documents from a core version newer than the running version cannot be migrated\n    at Function._migrateRecord (file:///D:/Juegos/Foundry_daggerheart_git/Foundry-daggerheart/Portable-FoundryVTT-v13.348/App/resources/app/dist/database/backend/server-document.mjs:1:3713)\n    at Function._migrateDocuments (file:///D:/Juegos/Foundry_daggerheart_git/Foundry-daggerheart/Portable-FoundryVTT-v13.348/App/resources/app/dist/database/backend/server-document.mjs:1:2782)","timestamp":"2026-05-24 13:52:40"}
{"level":"error","message":"An error occurred during the migration of Item record [hKG2QYlmJDFZa69z] of database \"daggerheart-advmanager.all-features\":\nError: Documents from a core version newer than the running version cannot be migrated\n    at Function._migrateRecord (file:///D:/Juegos/Foundry_daggerheart_git/Foundry-daggerheart/Portable-FoundryVTT-v13.348/App/resources/app/dist/database/backend/server-document.mjs:1:3713)\n    at Function._migrateDocuments (file:///D:/Juegos/Foundry_daggerheart_git/Foundry-daggerheart/Portable-FoundryVTT-v13.348/App/resources/app/dist/database/backend/server-document.mjs:1:2782)","timestamp":"2026-05-24 13:52:40"}
{"level":"error","message":"An error occurred during the migration of Item record [hM1MOrmmTrKfhK7l] of database \"daggerheart-advmanager.all-features\":\nError: Documents from a core version newer than the running version cannot be migrated\n    at Function._migrateRecord (file:///D:/Juegos/Foundry_daggerheart_git/Foundry-daggerheart/Portable-FoundryVTT-v13.348/App/resources/app/dist/database/backend/server-document.mjs:1:3713)\n    at Function._migrateDocuments (file:///D:/Juegos/Foundry_daggerheart_git/Foundry-daggerheart/Portable-FoundryVTT-v13.348/App/resources/app/dist/database/backend/server-document.mjs:1:2782)","timestamp":"2026-05-24 13:52:40"}
{"level":"error","message":"An error occurred during the migration of Item record [hMpkz28I0HPhcHUU] of database \"daggerheart-advmanager.all-features\":\nError: Documents from a core version newer than the running version cannot be migrated\n    at Function._migrateRecord (file:///D:/Juegos/Foundry_daggerheart_git/Foundry-daggerheart/Portable-FoundryVTT-v13.348/App/resources/app/dist/database/backend/server-document.mjs:1:3713)\n    at Function._migrateDocuments (file:///D:/Juegos/Foundry_daggerheart_git/Foundry-daggerheart/Portable-FoundryVTT-v13.348/App/resources/app/dist/database/backend/server-document.mjs:1:2782)","timestamp":"2026-05-24 13:52:40"}
{"level":"error","message":"An error occurred during the migration of Item record [hOeJ06yxkPYTj1po] of database \"daggerheart-advmanager.all-features\":\nError: Documents from a core version newer than the running version cannot be migrated\n    at Function._migrateRecord (file:///D:/Juegos/Foundry_daggerheart_git/Foundry-daggerheart/Portable-FoundryVTT-v13.348/App/resources/app/dist/database/backend/server-document.mjs:1:3713)\n    at Function._migrateDocuments (file:///D:/Juegos/Foundry_daggerheart_git/Foundry-daggerheart/Portable-FoundryVTT-v13.348/App/resources/app/dist/database/backend/server-document.mjs:1:2782)","timestamp":"2026-05-24 13:52:40"}
{"level":"error","message":"An error occurred during the migration of Item record [i8Vhph3SvNRPr49V] of database \"daggerheart-advmanager.all-features\":\nError: Documents from a core version newer than the running version cannot be migrated\n    at Function._migrateRecord (file:///D:/Juegos/Foundry_daggerheart_git/Foundry-daggerheart/Portable-FoundryVTT-v13.348/App/resources/app/dist/database/backend/server-document.mjs:1:3713)\n    at Function._migrateDocuments (file:///D:/Juegos/Foundry_daggerheart_git/Foundry-daggerheart/Portable-FoundryVTT-v13.348/App/resources/app/dist/database/backend/server-document.mjs:1:2782)","timestamp":"2026-05-24 13:52:40"}
{"level":"error","message":"An error occurred during the migration of Item record [i9b8SoCwVMCglEKm] of database \"daggerheart-advmanager.all-features\":\nError: Documents from a core version newer than the running version cannot be migrated\n    at Function._migrateRecord (file:///D:/Juegos/Foundry_daggerheart_git/Foundry-daggerheart/Portable-FoundryVTT-v13.348/App/resources/app/dist/database/backend/server-document.mjs:1:3713)\n    at Function._migrateDocuments (file:///D:/Juegos/Foundry_daggerheart_git/Foundry-daggerheart/Portable-FoundryVTT-v13.348/App/resources/app/dist/database/backend/server-document.mjs:1:2782)","timestamp":"2026-05-24 13:52:40"}
{"level":"error","message":"An error occurred during the migration of Item record [iPXQRT4h4n81Bh7I] of database \"daggerheart-advmanager.all-features\":\nError: Documents from a core version newer than the running version cannot be migrated\n    at Function._migrateRecord (file:///D:/Juegos/Foundry_daggerheart_git/Foundry-daggerheart/Portable-FoundryVTT-v13.348/App/resources/app/dist/database/backend/server-document.mjs:1:3713)\n    at Function._migrateDocuments (file:///D:/Juegos/Foundry_daggerheart_git/Foundry-daggerheart/Portable-FoundryVTT-v13.348/App/resources/app/dist/database/backend/server-document.mjs:1:2782)","timestamp":"2026-05-24 13:52:40"}
{"level":"error","message":"An error occurred during the migration of Item record [iQDK2vi2RTODNWml] of database \"daggerheart-advmanager.all-features\":\nError: Documents from a core version newer than the running version cannot be migrated\n    at Function._migrateRecord (file:///D:/Juegos/Foundry_daggerheart_git/Foundry-daggerheart/Portable-FoundryVTT-v13.348/App/resources/app/dist/database/backend/server-document.mjs:1:3713)\n    at Function._migrateDocuments (file:///D:/Juegos/Foundry_daggerheart_git/Foundry-daggerheart/Portable-FoundryVTT-v13.348/App/resources/app/dist/database/backend/server-document.mjs:1:2782)","timestamp":"2026-05-24 13:52:40"}
{"level":"error","message":"An error occurred during the migration of Item record [ikf0g1KKSYD0iQjr] of database \"daggerheart-advmanager.all-features\":\nError: Documents from a core version newer than the running version cannot be migrated\n    at Function._migrateRecord (file:///D:/Juegos/Foundry_daggerheart_git/Foundry-daggerheart/Portable-FoundryVTT-v13.348/App/resources/app/dist/database/backend/server-document.mjs:1:3713)\n    at Function._migrateDocuments (file:///D:/Juegos/Foundry_daggerheart_git/Foundry-daggerheart/Portable-FoundryVTT-v13.348/App/resources/app/dist/database/backend/server-document.mjs:1:2782)","timestamp":"2026-05-24 13:52:40"}
{"level":"error","message":"An error occurred during the migration of Item record [in90hvqxZOufLv9m] of database \"daggerheart-advmanager.all-features\":\nError: Documents from a core version newer than the running version cannot be migrated\n    at Function._migrateRecord (file:///D:/Juegos/Foundry_daggerheart_git/Foundry-daggerheart/Portable-FoundryVTT-v13.348/App/resources/app/dist/database/backend/server-document.mjs:1:3713)\n    at Function._migrateDocuments (file:///D:/Juegos/Foundry_daggerheart_git/Foundry-daggerheart/Portable-FoundryVTT-v13.348/App/resources/app/dist/database/backend/server-document.mjs:1:2782)","timestamp":"2026-05-24 13:52:40"}
{"level":"error","message":"An error occurred during the migration of Item record [iy1jrE2auArIBaKZ] of database \"daggerheart-advmanager.all-features\":\nError: Documents from a core version newer than the running version cannot be migrated\n    at Function._migrateRecord (file:///D:/Juegos/Foundry_daggerheart_git/Foundry-daggerheart/Portable-FoundryVTT-v13.348/App/resources/app/dist/database/backend/server-document.mjs:1:3713)\n    at Function._migrateDocuments (file:///D:/Juegos/Foundry_daggerheart_git/Foundry-daggerheart/Portable-FoundryVTT-v13.348/App/resources/app/dist/database/backend/server-document.mjs:1:2782)","timestamp":"2026-05-24 13:52:40"}
{"level":"error","message":"An error occurred during the migration of Item record [jNXUr672iH7fwcPt] of database \"daggerheart-advmanager.all-features\":\nError: Documents from a core version newer than the running version cannot be migrated\n    at Function._migrateRecord (file:///D:/Juegos/Foundry_daggerheart_git/Foundry-daggerheart/Portable-FoundryVTT-v13.348/App/resources/app/dist/database/backend/server-document.mjs:1:3713)\n    at Function._migrateDocuments (file:///D:/Juegos/Foundry_daggerheart_git/Foundry-daggerheart/Portable-FoundryVTT-v13.348/App/resources/app/dist/database/backend/server-document.mjs:1:2782)","timestamp":"2026-05-24 13:52:40"}
{"level":"error","message":"An error occurred during the migration of Item record [jX0cJGc4QppabzMs] of database \"daggerheart-advmanager.all-features\":\nError: Documents from a core version newer than the running version cannot be migrated\n    at Function._migrateRecord (file:///D:/Juegos/Foundry_daggerheart_git/Foundry-daggerheart/Portable-FoundryVTT-v13.348/App/resources/app/dist/database/backend/server-document.mjs:1:3713)\n    at Function._migrateDocuments (file:///D:/Juegos/Foundry_daggerheart_git/Foundry-daggerheart/Portable-FoundryVTT-v13.348/App/resources/app/dist/database/backend/server-document.mjs:1:2782)","timestamp":"2026-05-24 13:52:40"}
{"level":"error","message":"An error occurred during the migration of Item record [juEfXrLsNDjVqnRR] of database \"daggerheart-advmanager.all-features\":\nError: Documents from a core version newer than the running version cannot be migrated\n    at Function._migrateRecord (file:///D:/Juegos/Foundry_daggerheart_git/Foundry-daggerheart/Portable-FoundryVTT-v13.348/App/resources/app/dist/database/backend/server-document.mjs:1:3713)\n    at Function._migrateDocuments (file:///D:/Juegos/Foundry_daggerheart_git/Foundry-daggerheart/Portable-FoundryVTT-v13.348/App/resources/app/dist/database/backend/server-document.mjs:1:2782)","timestamp":"2026-05-24 13:52:40"}
{"level":"error","message":"An error occurred during the migration of Item record [jzaDqjn3t5M9tT2A] of database \"daggerheart-advmanager.all-features\":\nError: Documents from a core version newer than the running version cannot be migrated\n    at Function._migrateRecord (file:///D:/Juegos/Foundry_daggerheart_git/Foundry-daggerheart/Portable-FoundryVTT-v13.348/App/resources/app/dist/database/backend/server-document.mjs:1:3713)\n    at Function._migrateDocuments (file:///D:/Juegos/Foundry_daggerheart_git/Foundry-daggerheart/Portable-FoundryVTT-v13.348/App/resources/app/dist/database/backend/server-document.mjs:1:2782)","timestamp":"2026-05-24 13:52:40"}
{"level":"error","message":"An error occurred during the migration of Item record [k4HDpl5pRWyEIdSm] of database \"daggerheart-advmanager.all-features\":\nError: Documents from a core version newer than the running version cannot be migrated\n    at Function._migrateRecord (file:///D:/Juegos/Foundry_daggerheart_git/Foundry-daggerheart/Portable-FoundryVTT-v13.348/App/resources/app/dist/database/backend/server-document.mjs:1:3713)\n    at Function._migrateDocuments (file:///D:/Juegos/Foundry_daggerheart_git/Foundry-daggerheart/Portable-FoundryVTT-v13.348/App/resources/app/dist/database/backend/server-document.mjs:1:2782)","timestamp":"2026-05-24 13:52:40"}
{"level":"error","message":"An error occurred during the migration of Item record [k5fJhYvSFpsdNaiH] of database \"daggerheart-advmanager.all-features\":\nError: Documents from a core version newer than the running version cannot be migrated\n    at Function._migrateRecord (file:///D:/Juegos/Foundry_daggerheart_git/Foundry-daggerheart/Portable-FoundryVTT-v13.348/App/resources/app/dist/database/backend/server-document.mjs:1:3713)\n    at Function._migrateDocuments (file:///D:/Juegos/Foundry_daggerheart_git/Foundry-daggerheart/Portable-FoundryVTT-v13.348/App/resources/app/dist/database/backend/server-document.mjs:1:2782)","timestamp":"2026-05-24 13:52:40"}
{"level":"error","message":"An error occurred during the migration of Item record [kGwT9B2itR66oRAZ] of database \"daggerheart-advmanager.all-features\":\nError: Documents from a core version newer than the running version cannot be migrated\n    at Function._migrateRecord (file:///D:/Juegos/Foundry_daggerheart_git/Foundry-daggerheart/Portable-FoundryVTT-v13.348/App/resources/app/dist/database/backend/server-document.mjs:1:3713)\n    at Function._migrateDocuments (file:///D:/Juegos/Foundry_daggerheart_git/Foundry-daggerheart/Portable-FoundryVTT-v13.348/App/resources/app/dist/database/backend/server-document.mjs:1:2782)","timestamp":"2026-05-24 13:52:40"}
{"level":"error","message":"An error occurred during the migration of Item record [kcUnr8Zp8McKBZQw] of database \"daggerheart-advmanager.all-features\":\nError: Documents from a core version newer than the running version cannot be migrated\n    at Function._migrateRecord (file:///D:/Juegos/Foundry_daggerheart_git/Foundry-daggerheart/Portable-FoundryVTT-v13.348/App/resources/app/dist/database/backend/server-document.mjs:1:3713)\n    at Function._migrateDocuments (file:///D:/Juegos/Foundry_daggerheart_git/Foundry-daggerheart/Portable-FoundryVTT-v13.348/App/resources/app/dist/database/backend/server-document.mjs:1:2782)","timestamp":"2026-05-24 13:52:40"}
{"level":"error","message":"An error occurred during the migration of Item record [koWGsFdFQlEYUqsl] of database \"daggerheart-advmanager.all-features\":\nError: Documents from a core version newer than the running version cannot be migrated\n    at Function._migrateRecord (file:///D:/Juegos/Foundry_daggerheart_git/Foundry-daggerheart/Portable-FoundryVTT-v13.348/App/resources/app/dist/database/backend/server-document.mjs:1:3713)\n    at Function._migrateDocuments (file:///D:/Juegos/Foundry_daggerheart_git/Foundry-daggerheart/Portable-FoundryVTT-v13.348/App/resources/app/dist/database/backend/server-document.mjs:1:2782)","timestamp":"2026-05-24 13:52:40"}
{"level":"error","message":"An error occurred during the migration of Item record [ksCYHDqnECVQZTTM] of database \"daggerheart-advmanager.all-features\":\nError: Documents from a core version newer than the running version cannot be migrated\n    at Function._migrateRecord (file:///D:/Juegos/Foundry_daggerheart_git/Foundry-daggerheart/Portable-FoundryVTT-v13.348/App/resources/app/dist/database/backend/server-document.mjs:1:3713)\n    at Function._migrateDocuments (file:///D:/Juegos/Foundry_daggerheart_git/Foundry-daggerheart/Portable-FoundryVTT-v13.348/App/resources/app/dist/database/backend/server-document.mjs:1:2782)","timestamp":"2026-05-24 13:52:40"}
{"level":"error","message":"An error occurred during the migration of Item record [lRutOJkihFT1xml0] of database \"daggerheart-advmanager.all-features\":\nError: Documents from a core version newer than the running version cannot be migrated\n    at Function._migrateRecord (file:///D:/Juegos/Foundry_daggerheart_git/Foundry-daggerheart/Portable-FoundryVTT-v13.348/App/resources/app/dist/database/backend/server-document.mjs:1:3713)\n    at Function._migrateDocuments (file:///D:/Juegos/Foundry_daggerheart_git/Foundry-daggerheart/Portable-FoundryVTT-v13.348/App/resources/app/dist/database/backend/server-document.mjs:1:2782)","timestamp":"2026-05-24 13:52:40"}
{"level":"error","message":"An error occurred during the migration of Item record [lXq4zWI25A3TPtkx] of database \"daggerheart-advmanager.all-features\":\nError: Documents from a core version newer than the running version cannot be migrated\n    at Function._migrateRecord (file:///D:/Juegos/Foundry_daggerheart_git/Foundry-daggerheart/Portable-FoundryVTT-v13.348/App/resources/app/dist/database/backend/server-document.mjs:1:3713)\n    at Function._migrateDocuments (file:///D:/Juegos/Foundry_daggerheart_git/Foundry-daggerheart/Portable-FoundryVTT-v13.348/App/resources/app/dist/database/backend/server-document.mjs:1:2782)","timestamp":"2026-05-24 13:52:40"}
{"level":"error","message":"An error occurred during the migration of Item record [ltkwRe2xyfh0Uetm] of database \"daggerheart-advmanager.all-features\":\nError: Documents from a core version newer than the running version cannot be migrated\n    at Function._migrateRecord (file:///D:/Juegos/Foundry_daggerheart_git/Foundry-daggerheart/Portable-FoundryVTT-v13.348/App/resources/app/dist/database/backend/server-document.mjs:1:3713)\n    at Function._migrateDocuments (file:///D:/Juegos/Foundry_daggerheart_git/Foundry-daggerheart/Portable-FoundryVTT-v13.348/App/resources/app/dist/database/backend/server-document.mjs:1:2782)","timestamp":"2026-05-24 13:52:40"}
{"level":"error","message":"An error occurred during the migration of Item record [lxRpOwwYQ6QGjqar] of database \"daggerheart-advmanager.all-features\":\nError: Documents from a core version newer than the running version cannot be migrated\n    at Function._migrateRecord (file:///D:/Juegos/Foundry_daggerheart_git/Foundry-daggerheart/Portable-FoundryVTT-v13.348/App/resources/app/dist/database/backend/server-document.mjs:1:3713)\n    at Function._migrateDocuments (file:///D:/Juegos/Foundry_daggerheart_git/Foundry-daggerheart/Portable-FoundryVTT-v13.348/App/resources/app/dist/database/backend/server-document.mjs:1:2782)","timestamp":"2026-05-24 13:52:40"}
{"level":"error","message":"An error occurred during the migration of Item record [m00QvcC8dJ9mbXEb] of database \"daggerheart-advmanager.all-features\":\nError: Documents from a core version newer than the running version cannot be migrated\n    at Function._migrateRecord (file:///D:/Juegos/Foundry_daggerheart_git/Foundry-daggerheart/Portable-FoundryVTT-v13.348/App/resources/app/dist/database/backend/server-document.mjs:1:3713)\n    at Function._migrateDocuments (file:///D:/Juegos/Foundry_daggerheart_git/Foundry-daggerheart/Portable-FoundryVTT-v13.348/App/resources/app/dist/database/backend/server-document.mjs:1:2782)","timestamp":"2026-05-24 13:52:40"}
{"level":"error","message":"An error occurred during the migration of Item record [m99KoyMaC64s6EYd] of database \"daggerheart-advmanager.all-features\":\nError: Documents from a core version newer than the running version cannot be migrated\n    at Function._migrateRecord (file:///D:/Juegos/Foundry_daggerheart_git/Foundry-daggerheart/Portable-FoundryVTT-v13.348/App/resources/app/dist/database/backend/server-document.mjs:1:3713)\n    at Function._migrateDocuments (file:///D:/Juegos/Foundry_daggerheart_git/Foundry-daggerheart/Portable-FoundryVTT-v13.348/App/resources/app/dist/database/backend/server-document.mjs:1:2782)","timestamp":"2026-05-24 13:52:40"}
{"level":"error","message":"An error occurred during the migration of Item record [mFWmKqImd40naYSA] of database \"daggerheart-advmanager.all-features\":\nError: Documents from a core version newer than the running version cannot be migrated\n    at Function._migrateRecord (file:///D:/Juegos/Foundry_daggerheart_git/Foundry-daggerheart/Portable-FoundryVTT-v13.348/App/resources/app/dist/database/backend/server-document.mjs:1:3713)\n    at Function._migrateDocuments (file:///D:/Juegos/Foundry_daggerheart_git/Foundry-daggerheart/Portable-FoundryVTT-v13.348/App/resources/app/dist/database/backend/server-document.mjs:1:2782)","timestamp":"2026-05-24 13:52:40"}
{"level":"error","message":"An error occurred during the migration of Item record [mGtJmahSaPbB2AaM] of database \"daggerheart-advmanager.all-features\":\nError: Documents from a core version newer than the running version cannot be migrated\n    at Function._migrateRecord (file:///D:/Juegos/Foundry_daggerheart_git/Foundry-daggerheart/Portable-FoundryVTT-v13.348/App/resources/app/dist/database/backend/server-document.mjs:1:3713)\n    at Function._migrateDocuments (file:///D:/Juegos/Foundry_daggerheart_git/Foundry-daggerheart/Portable-FoundryVTT-v13.348/App/resources/app/dist/database/backend/server-document.mjs:1:2782)","timestamp":"2026-05-24 13:52:40"}
{"level":"error","message":"An error occurred during the migration of Item record [mQ56zoCdDp18hvjK] of database \"daggerheart-advmanager.all-features\":\nError: Documents from a core version newer than the running version cannot be migrated\n    at Function._migrateRecord (file:///D:/Juegos/Foundry_daggerheart_git/Foundry-daggerheart/Portable-FoundryVTT-v13.348/App/resources/app/dist/database/backend/server-document.mjs:1:3713)\n    at Function._migrateDocuments (file:///D:/Juegos/Foundry_daggerheart_git/Foundry-daggerheart/Portable-FoundryVTT-v13.348/App/resources/app/dist/database/backend/server-document.mjs:1:2782)","timestamp":"2026-05-24 13:52:40"}
{"level":"error","message":"An error occurred during the migration of Item record [mWtAzAOapXCKBJxO] of database \"daggerheart-advmanager.all-features\":\nError: Documents from a core version newer than the running version cannot be migrated\n    at Function._migrateRecord (file:///D:/Juegos/Foundry_daggerheart_git/Foundry-daggerheart/Portable-FoundryVTT-v13.348/App/resources/app/dist/database/backend/server-document.mjs:1:3713)\n    at Function._migrateDocuments (file:///D:/Juegos/Foundry_daggerheart_git/Foundry-daggerheart/Portable-FoundryVTT-v13.348/App/resources/app/dist/database/backend/server-document.mjs:1:2782)","timestamp":"2026-05-24 13:52:40"}
{"level":"error","message":"An error occurred during the migration of Item record [mkDnjMKqCa7drwbR] of database \"daggerheart-advmanager.all-features\":\nError: Documents from a core version newer than the running version cannot be migrated\n    at Function._migrateRecord (file:///D:/Juegos/Foundry_daggerheart_git/Foundry-daggerheart/Portable-FoundryVTT-v13.348/App/resources/app/dist/database/backend/server-document.mjs:1:3713)\n    at Function._migrateDocuments (file:///D:/Juegos/Foundry_daggerheart_git/Foundry-daggerheart/Portable-FoundryVTT-v13.348/App/resources/app/dist/database/backend/server-document.mjs:1:2782)","timestamp":"2026-05-24 13:52:40"}
{"level":"error","message":"An error occurred during the migration of Item record [n1629bKajFbG2PLN] of database \"daggerheart-advmanager.all-features\":\nError: Documents from a core version newer than the running version cannot be migrated\n    at Function._migrateRecord (file:///D:/Juegos/Foundry_daggerheart_git/Foundry-daggerheart/Portable-FoundryVTT-v13.348/App/resources/app/dist/database/backend/server-document.mjs:1:3713)\n    at Function._migrateDocuments (file:///D:/Juegos/Foundry_daggerheart_git/Foundry-daggerheart/Portable-FoundryVTT-v13.348/App/resources/app/dist/database/backend/server-document.mjs:1:2782)","timestamp":"2026-05-24 13:52:40"}
{"level":"error","message":"An error occurred during the migration of Item record [nBcK7CFtAsfG7aGs] of database \"daggerheart-advmanager.all-features\":\nError: Documents from a core version newer than the running version cannot be migrated\n    at Function._migrateRecord (file:///D:/Juegos/Foundry_daggerheart_git/Foundry-daggerheart/Portable-FoundryVTT-v13.348/App/resources/app/dist/database/backend/server-document.mjs:1:3713)\n    at Function._migrateDocuments (file:///D:/Juegos/Foundry_daggerheart_git/Foundry-daggerheart/Portable-FoundryVTT-v13.348/App/resources/app/dist/database/backend/server-document.mjs:1:2782)","timestamp":"2026-05-24 13:52:40"}
{"level":"error","message":"An error occurred during the migration of Item record [nMCW6PEoX2eRM4Kv] of database \"daggerheart-advmanager.all-features\":\nError: Documents from a core version newer than the running version cannot be migrated\n    at Function._migrateRecord (file:///D:/Juegos/Foundry_daggerheart_git/Foundry-daggerheart/Portable-FoundryVTT-v13.348/App/resources/app/dist/database/backend/server-document.mjs:1:3713)\n    at Function._migrateDocuments (file:///D:/Juegos/Foundry_daggerheart_git/Foundry-daggerheart/Portable-FoundryVTT-v13.348/App/resources/app/dist/database/backend/server-document.mjs:1:2782)","timestamp":"2026-05-24 13:52:40"}
{"level":"error","message":"An error occurred during the migration of Item record [nNrOVOMMdUF9foTV] of database \"daggerheart-advmanager.all-features\":\nError: Documents from a core version newer than the running version cannot be migrated\n    at Function._migrateRecord (file:///D:/Juegos/Foundry_daggerheart_git/Foundry-daggerheart/Portable-FoundryVTT-v13.348/App/resources/app/dist/database/backend/server-document.mjs:1:3713)\n    at Function._migrateDocuments (file:///D:/Juegos/Foundry_daggerheart_git/Foundry-daggerheart/Portable-FoundryVTT-v13.348/App/resources/app/dist/database/backend/server-document.mjs:1:2782)","timestamp":"2026-05-24 13:52:40"}
{"level":"error","message":"An error occurred during the migration of Item record [npuozcrnG4NlMW7o] of database \"daggerheart-advmanager.all-features\":\nError: Documents from a core version newer than the running version cannot be migrated\n    at Function._migrateRecord (file:///D:/Juegos/Foundry_daggerheart_git/Foundry-daggerheart/Portable-FoundryVTT-v13.348/App/resources/app/dist/database/backend/server-document.mjs:1:3713)\n    at Function._migrateDocuments (file:///D:/Juegos/Foundry_daggerheart_git/Foundry-daggerheart/Portable-FoundryVTT-v13.348/App/resources/app/dist/database/backend/server-document.mjs:1:2782)","timestamp":"2026-05-24 13:52:40"}
{"level":"error","message":"An error occurred during the migration of Item record [oEoaKpYB08MeCjgy] of database \"daggerheart-advmanager.all-features\":\nError: Documents from a core version newer than the running version cannot be migrated\n    at Function._migrateRecord (file:///D:/Juegos/Foundry_daggerheart_git/Foundry-daggerheart/Portable-FoundryVTT-v13.348/App/resources/app/dist/database/backend/server-document.mjs:1:3713)\n    at Function._migrateDocuments (file:///D:/Juegos/Foundry_daggerheart_git/Foundry-daggerheart/Portable-FoundryVTT-v13.348/App/resources/app/dist/database/backend/server-document.mjs:1:2782)","timestamp":"2026-05-24 13:52:40"}
{"level":"error","message":"An error occurred during the migration of Item record [oFyrKOsHBZIHrKmH] of database \"daggerheart-advmanager.all-features\":\nError: Documents from a core version newer than the running version cannot be migrated\n    at Function._migrateRecord (file:///D:/Juegos/Foundry_daggerheart_git/Foundry-daggerheart/Portable-FoundryVTT-v13.348/App/resources/app/dist/database/backend/server-document.mjs:1:3713)\n    at Function._migrateDocuments (file:///D:/Juegos/Foundry_daggerheart_git/Foundry-daggerheart/Portable-FoundryVTT-v13.348/App/resources/app/dist/database/backend/server-document.mjs:1:2782)","timestamp":"2026-05-24 13:52:40"}
{"level":"error","message":"An error occurred during the migration of Item record [obSvj2RfANOWqNOP] of database \"daggerheart-advmanager.all-features\":\nError: Documents from a core version newer than the running version cannot be migrated\n    at Function._migrateRecord (file:///D:/Juegos/Foundry_daggerheart_git/Foundry-daggerheart/Portable-FoundryVTT-v13.348/App/resources/app/dist/database/backend/server-document.mjs:1:3713)\n    at Function._migrateDocuments (file:///D:/Juegos/Foundry_daggerheart_git/Foundry-daggerheart/Portable-FoundryVTT-v13.348/App/resources/app/dist/database/backend/server-document.mjs:1:2782)","timestamp":"2026-05-24 13:52:40"}
{"level":"error","message":"An error occurred during the migration of Item record [oczRaehpbBNQpseZ] of database \"daggerheart-advmanager.all-features\":\nError: Documents from a core version newer than the running version cannot be migrated\n    at Function._migrateRecord (file:///D:/Juegos/Foundry_daggerheart_git/Foundry-daggerheart/Portable-FoundryVTT-v13.348/App/resources/app/dist/database/backend/server-document.mjs:1:3713)\n    at Function._migrateDocuments (file:///D:/Juegos/Foundry_daggerheart_git/Foundry-daggerheart/Portable-FoundryVTT-v13.348/App/resources/app/dist/database/backend/server-document.mjs:1:2782)","timestamp":"2026-05-24 13:52:40"}
{"level":"error","message":"An error occurred during the migration of Item record [ogkUbK3yAUbewwL8] of database \"daggerheart-advmanager.all-features\":\nError: Documents from a core version newer than the running version cannot be migrated\n    at Function._migrateRecord (file:///D:/Juegos/Foundry_daggerheart_git/Foundry-daggerheart/Portable-FoundryVTT-v13.348/App/resources/app/dist/database/backend/server-document.mjs:1:3713)\n    at Function._migrateDocuments (file:///D:/Juegos/Foundry_daggerheart_git/Foundry-daggerheart/Portable-FoundryVTT-v13.348/App/resources/app/dist/database/backend/server-document.mjs:1:2782)","timestamp":"2026-05-24 13:52:40"}
{"level":"error","message":"An error occurred during the migration of Item record [omJF3PILTUiJMQ97] of database \"daggerheart-advmanager.all-features\":\nError: Documents from a core version newer than the running version cannot be migrated\n    at Function._migrateRecord (file:///D:/Juegos/Foundry_daggerheart_git/Foundry-daggerheart/Portable-FoundryVTT-v13.348/App/resources/app/dist/database/backend/server-document.mjs:1:3713)\n    at Function._migrateDocuments (file:///D:/Juegos/Foundry_daggerheart_git/Foundry-daggerheart/Portable-FoundryVTT-v13.348/App/resources/app/dist/database/backend/server-document.mjs:1:2782)","timestamp":"2026-05-24 13:52:40"}
{"level":"error","message":"An error occurred during the migration of Item record [ooH4o8wc6ZjLBdTw] of database \"daggerheart-advmanager.all-features\":\nError: Documents from a core version newer than the running version cannot be migrated\n    at Function._migrateRecord (file:///D:/Juegos/Foundry_daggerheart_git/Foundry-daggerheart/Portable-FoundryVTT-v13.348/App/resources/app/dist/database/backend/server-document.mjs:1:3713)\n    at Function._migrateDocuments (file:///D:/Juegos/Foundry_daggerheart_git/Foundry-daggerheart/Portable-FoundryVTT-v13.348/App/resources/app/dist/database/backend/server-document.mjs:1:2782)","timestamp":"2026-05-24 13:52:40"}
{"level":"error","message":"An error occurred during the migration of Item record [orshs0iQifPNQ38e] of database \"daggerheart-advmanager.all-features\":\nError: Documents from a core version newer than the running version cannot be migrated\n    at Function._migrateRecord (file:///D:/Juegos/Foundry_daggerheart_git/Foundry-daggerheart/Portable-FoundryVTT-v13.348/App/resources/app/dist/database/backend/server-document.mjs:1:3713)\n    at Function._migrateDocuments (file:///D:/Juegos/Foundry_daggerheart_git/Foundry-daggerheart/Portable-FoundryVTT-v13.348/App/resources/app/dist/database/backend/server-document.mjs:1:2782)","timestamp":"2026-05-24 13:52:40"}
{"level":"error","message":"An error occurred during the migration of Item record [ox22QEHaz3LTDVen] of database \"daggerheart-advmanager.all-features\":\nError: Documents from a core version newer than the running version cannot be migrated\n    at Function._migrateRecord (file:///D:/Juegos/Foundry_daggerheart_git/Foundry-daggerheart/Portable-FoundryVTT-v13.348/App/resources/app/dist/database/backend/server-document.mjs:1:3713)\n    at Function._migrateDocuments (file:///D:/Juegos/Foundry_daggerheart_git/Foundry-daggerheart/Portable-FoundryVTT-v13.348/App/resources/app/dist/database/backend/server-document.mjs:1:2782)","timestamp":"2026-05-24 13:52:40"}
{"level":"error","message":"An error occurred during the migration of Item record [oy50VR6kJ4DhM6GR] of database \"daggerheart-advmanager.all-features\":\nError: Documents from a core version newer than the running version cannot be migrated\n    at Function._migrateRecord (file:///D:/Juegos/Foundry_daggerheart_git/Foundry-daggerheart/Portable-FoundryVTT-v13.348/App/resources/app/dist/database/backend/server-document.mjs:1:3713)\n    at Function._migrateDocuments (file:///D:/Juegos/Foundry_daggerheart_git/Foundry-daggerheart/Portable-FoundryVTT-v13.348/App/resources/app/dist/database/backend/server-document.mjs:1:2782)","timestamp":"2026-05-24 13:52:40"}
{"level":"error","message":"An error occurred during the migration of Item record [pJb745b2dGAREyay] of database \"daggerheart-advmanager.all-features\":\nError: Documents from a core version newer than the running version cannot be migrated\n    at Function._migrateRecord (file:///D:/Juegos/Foundry_daggerheart_git/Foundry-daggerheart/Portable-FoundryVTT-v13.348/App/resources/app/dist/database/backend/server-document.mjs:1:3713)\n    at Function._migrateDocuments (file:///D:/Juegos/Foundry_daggerheart_git/Foundry-daggerheart/Portable-FoundryVTT-v13.348/App/resources/app/dist/database/backend/server-document.mjs:1:2782)","timestamp":"2026-05-24 13:52:40"}
{"level":"error","message":"An error occurred during the migration of Item record [pWAq3oWsoGw9jAhl] of database \"daggerheart-advmanager.all-features\":\nError: Documents from a core version newer than the running version cannot be migrated\n    at Function._migrateRecord (file:///D:/Juegos/Foundry_daggerheart_git/Foundry-daggerheart/Portable-FoundryVTT-v13.348/App/resources/app/dist/database/backend/server-document.mjs:1:3713)\n    at Function._migrateDocuments (file:///D:/Juegos/Foundry_daggerheart_git/Foundry-daggerheart/Portable-FoundryVTT-v13.348/App/resources/app/dist/database/backend/server-document.mjs:1:2782)","timestamp":"2026-05-24 13:52:40"}
{"level":"error","message":"An error occurred during the migration of Item record [pYxaB35lzPerOWUG] of database \"daggerheart-advmanager.all-features\":\nError: Documents from a core version newer than the running version cannot be migrated\n    at Function._migrateRecord (file:///D:/Juegos/Foundry_daggerheart_git/Foundry-daggerheart/Portable-FoundryVTT-v13.348/App/resources/app/dist/database/backend/server-document.mjs:1:3713)\n    at Function._migrateDocuments (file:///D:/Juegos/Foundry_daggerheart_git/Foundry-daggerheart/Portable-FoundryVTT-v13.348/App/resources/app/dist/database/backend/server-document.mjs:1:2782)","timestamp":"2026-05-24 13:52:40"}
{"level":"error","message":"An error occurred during the migration of Item record [pfVEe8gaHNRGDgo2] of database \"daggerheart-advmanager.all-features\":\nError: Documents from a core version newer than the running version cannot be migrated\n    at Function._migrateRecord (file:///D:/Juegos/Foundry_daggerheart_git/Foundry-daggerheart/Portable-FoundryVTT-v13.348/App/resources/app/dist/database/backend/server-document.mjs:1:3713)\n    at Function._migrateDocuments (file:///D:/Juegos/Foundry_daggerheart_git/Foundry-daggerheart/Portable-FoundryVTT-v13.348/App/resources/app/dist/database/backend/server-document.mjs:1:2782)","timestamp":"2026-05-24 13:52:40"}
{"level":"error","message":"An error occurred during the migration of Item record [pq9kNZbPuzQ8dAde] of database \"daggerheart-advmanager.all-features\":\nError: Documents from a core version newer than the running version cannot be migrated\n    at Function._migrateRecord (file:///D:/Juegos/Foundry_daggerheart_git/Foundry-daggerheart/Portable-FoundryVTT-v13.348/App/resources/app/dist/database/backend/server-document.mjs:1:3713)\n    at Function._migrateDocuments (file:///D:/Juegos/Foundry_daggerheart_git/Foundry-daggerheart/Portable-FoundryVTT-v13.348/App/resources/app/dist/database/backend/server-document.mjs:1:2782)","timestamp":"2026-05-24 13:52:40"}
{"level":"error","message":"An error occurred during the migration of Item record [qBhXHO4oSh7zAcSF] of database \"daggerheart-advmanager.all-features\":\nError: Documents from a core version newer than the running version cannot be migrated\n    at Function._migrateRecord (file:///D:/Juegos/Foundry_daggerheart_git/Foundry-daggerheart/Portable-FoundryVTT-v13.348/App/resources/app/dist/database/backend/server-document.mjs:1:3713)\n    at Function._migrateDocuments (file:///D:/Juegos/Foundry_daggerheart_git/Foundry-daggerheart/Portable-FoundryVTT-v13.348/App/resources/app/dist/database/backend/server-document.mjs:1:2782)","timestamp":"2026-05-24 13:52:40"}
{"level":"error","message":"An error occurred during the migration of Item record [qDfnNyQNC3JLic7I] of database \"daggerheart-advmanager.all-features\":\nError: Documents from a core version newer than the running version cannot be migrated\n    at Function._migrateRecord (file:///D:/Juegos/Foundry_daggerheart_git/Foundry-daggerheart/Portable-FoundryVTT-v13.348/App/resources/app/dist/database/backend/server-document.mjs:1:3713)\n    at Function._migrateDocuments (file:///D:/Juegos/Foundry_daggerheart_git/Foundry-daggerheart/Portable-FoundryVTT-v13.348/App/resources/app/dist/database/backend/server-document.mjs:1:2782)","timestamp":"2026-05-24 13:52:40"}
{"level":"error","message":"An error occurred during the migration of Item record [qSXw25tq4Qc42eqN] of database \"daggerheart-advmanager.all-features\":\nError: Documents from a core version newer than the running version cannot be migrated\n    at Function._migrateRecord (file:///D:/Juegos/Foundry_daggerheart_git/Foundry-daggerheart/Portable-FoundryVTT-v13.348/App/resources/app/dist/database/backend/server-document.mjs:1:3713)\n    at Function._migrateDocuments (file:///D:/Juegos/Foundry_daggerheart_git/Foundry-daggerheart/Portable-FoundryVTT-v13.348/App/resources/app/dist/database/backend/server-document.mjs:1:2782)","timestamp":"2026-05-24 13:52:40"}
{"level":"error","message":"An error occurred during the migration of Item record [qXZ4s6YSPga5mGkg] of database \"daggerheart-advmanager.all-features\":\nError: Documents from a core version newer than the running version cannot be migrated\n    at Function._migrateRecord (file:///D:/Juegos/Foundry_daggerheart_git/Foundry-daggerheart/Portable-FoundryVTT-v13.348/App/resources/app/dist/database/backend/server-document.mjs:1:3713)\n    at Function._migrateDocuments (file:///D:/Juegos/Foundry_daggerheart_git/Foundry-daggerheart/Portable-FoundryVTT-v13.348/App/resources/app/dist/database/backend/server-document.mjs:1:2782)","timestamp":"2026-05-24 13:52:40"}
{"level":"error","message":"An error occurred during the migration of Item record [qa1Pc2iiVk39HlFM] of database \"daggerheart-advmanager.all-features\":\nError: Documents from a core version newer than the running version cannot be migrated\n    at Function._migrateRecord (file:///D:/Juegos/Foundry_daggerheart_git/Foundry-daggerheart/Portable-FoundryVTT-v13.348/App/resources/app/dist/database/backend/server-document.mjs:1:3713)\n    at Function._migrateDocuments (file:///D:/Juegos/Foundry_daggerheart_git/Foundry-daggerheart/Portable-FoundryVTT-v13.348/App/resources/app/dist/database/backend/server-document.mjs:1:2782)","timestamp":"2026-05-24 13:52:40"}
{"level":"error","message":"An error occurred during the migration of Item record [qkWReWxkXhU9FY8t] of database \"daggerheart-advmanager.all-features\":\nError: Documents from a core version newer than the running version cannot be migrated\n    at Function._migrateRecord (file:///D:/Juegos/Foundry_daggerheart_git/Foundry-daggerheart/Portable-FoundryVTT-v13.348/App/resources/app/dist/database/backend/server-document.mjs:1:3713)\n    at Function._migrateDocuments (file:///D:/Juegos/Foundry_daggerheart_git/Foundry-daggerheart/Portable-FoundryVTT-v13.348/App/resources/app/dist/database/backend/server-document.mjs:1:2782)","timestamp":"2026-05-24 13:52:40"}
{"level":"error","message":"An error occurred during the migration of Item record [qmP0skYccLJRV087] of database \"daggerheart-advmanager.all-features\":\nError: Documents from a core version newer than the running version cannot be migrated\n    at Function._migrateRecord (file:///D:/Juegos/Foundry_daggerheart_git/Foundry-daggerheart/Portable-FoundryVTT-v13.348/App/resources/app/dist/database/backend/server-document.mjs:1:3713)\n    at Function._migrateDocuments (file:///D:/Juegos/Foundry_daggerheart_git/Foundry-daggerheart/Portable-FoundryVTT-v13.348/App/resources/app/dist/database/backend/server-document.mjs:1:2782)","timestamp":"2026-05-24 13:52:40"}
{"level":"error","message":"An error occurred during the migration of Item record [qpnlpw5ZRKrNV9kT] of database \"daggerheart-advmanager.all-features\":\nError: Documents from a core version newer than the running version cannot be migrated\n    at Function._migrateRecord (file:///D:/Juegos/Foundry_daggerheart_git/Foundry-daggerheart/Portable-FoundryVTT-v13.348/App/resources/app/dist/database/backend/server-document.mjs:1:3713)\n    at Function._migrateDocuments (file:///D:/Juegos/Foundry_daggerheart_git/Foundry-daggerheart/Portable-FoundryVTT-v13.348/App/resources/app/dist/database/backend/server-document.mjs:1:2782)","timestamp":"2026-05-24 13:52:40"}
{"level":"error","message":"An error occurred during the migration of Item record [r2uq7B0xfHfJSXyY] of database \"daggerheart-advmanager.all-features\":\nError: Documents from a core version newer than the running version cannot be migrated\n    at Function._migrateRecord (file:///D:/Juegos/Foundry_daggerheart_git/Foundry-daggerheart/Portable-FoundryVTT-v13.348/App/resources/app/dist/database/backend/server-document.mjs:1:3713)\n    at Function._migrateDocuments (file:///D:/Juegos/Foundry_daggerheart_git/Foundry-daggerheart/Portable-FoundryVTT-v13.348/App/resources/app/dist/database/backend/server-document.mjs:1:2782)","timestamp":"2026-05-24 13:52:40"}
{"level":"error","message":"An error occurred during the migration of Item record [r5JmGgZrDffj6BUH] of database \"daggerheart-advmanager.all-features\":\nError: Documents from a core version newer than the running version cannot be migrated\n    at Function._migrateRecord (file:///D:/Juegos/Foundry_daggerheart_git/Foundry-daggerheart/Portable-FoundryVTT-v13.348/App/resources/app/dist/database/backend/server-document.mjs:1:3713)\n    at Function._migrateDocuments (file:///D:/Juegos/Foundry_daggerheart_git/Foundry-daggerheart/Portable-FoundryVTT-v13.348/App/resources/app/dist/database/backend/server-document.mjs:1:2782)","timestamp":"2026-05-24 13:52:40"}
{"level":"error","message":"An error occurred during the migration of Item record [rEIm62NBoNsFiMdt] of database \"daggerheart-advmanager.all-features\":\nError: Documents from a core version newer than the running version cannot be migrated\n    at Function._migrateRecord (file:///D:/Juegos/Foundry_daggerheart_git/Foundry-daggerheart/Portable-FoundryVTT-v13.348/App/resources/app/dist/database/backend/server-document.mjs:1:3713)\n    at Function._migrateDocuments (file:///D:/Juegos/Foundry_daggerheart_git/Foundry-daggerheart/Portable-FoundryVTT-v13.348/App/resources/app/dist/database/backend/server-document.mjs:1:2782)","timestamp":"2026-05-24 13:52:40"}
{"level":"error","message":"An error occurred during the migration of Item record [rGDPUCFwRcRDFaAg] of database \"daggerheart-advmanager.all-features\":\nError: Documents from a core version newer than the running version cannot be migrated\n    at Function._migrateRecord (file:///D:/Juegos/Foundry_daggerheart_git/Foundry-daggerheart/Portable-FoundryVTT-v13.348/App/resources/app/dist/database/backend/server-document.mjs:1:3713)\n    at Function._migrateDocuments (file:///D:/Juegos/Foundry_daggerheart_git/Foundry-daggerheart/Portable-FoundryVTT-v13.348/App/resources/app/dist/database/backend/server-document.mjs:1:2782)","timestamp":"2026-05-24 13:52:40"}
{"level":"error","message":"An error occurred during the migration of Item record [rd8liCMd2gd6GR2d] of database \"daggerheart-advmanager.all-features\":\nError: Documents from a core version newer than the running version cannot be migrated\n    at Function._migrateRecord (file:///D:/Juegos/Foundry_daggerheart_git/Foundry-daggerheart/Portable-FoundryVTT-v13.348/App/resources/app/dist/database/backend/server-document.mjs:1:3713)\n    at Function._migrateDocuments (file:///D:/Juegos/Foundry_daggerheart_git/Foundry-daggerheart/Portable-FoundryVTT-v13.348/App/resources/app/dist/database/backend/server-document.mjs:1:2782)","timestamp":"2026-05-24 13:52:40"}
{"level":"error","message":"An error occurred during the migration of Item record [rsdOYm56xlVX3LRi] of database \"daggerheart-advmanager.all-features\":\nError: Documents from a core version newer than the running version cannot be migrated\n    at Function._migrateRecord (file:///D:/Juegos/Foundry_daggerheart_git/Foundry-daggerheart/Portable-FoundryVTT-v13.348/App/resources/app/dist/database/backend/server-document.mjs:1:3713)\n    at Function._migrateDocuments (file:///D:/Juegos/Foundry_daggerheart_git/Foundry-daggerheart/Portable-FoundryVTT-v13.348/App/resources/app/dist/database/backend/server-document.mjs:1:2782)","timestamp":"2026-05-24 13:52:40"}
{"level":"error","message":"An error occurred during the migration of Item record [runzB6NtYYf3FEdR] of database \"daggerheart-advmanager.all-features\":\nError: Documents from a core version newer than the running version cannot be migrated\n    at Function._migrateRecord (file:///D:/Juegos/Foundry_daggerheart_git/Foundry-daggerheart/Portable-FoundryVTT-v13.348/App/resources/app/dist/database/backend/server-document.mjs:1:3713)\n    at Function._migrateDocuments (file:///D:/Juegos/Foundry_daggerheart_git/Foundry-daggerheart/Portable-FoundryVTT-v13.348/App/resources/app/dist/database/backend/server-document.mjs:1:2782)","timestamp":"2026-05-24 13:52:40"}
{"level":"error","message":"An error occurred during the migration of Item record [s5bETPGLtfbALOHw] of database \"daggerheart-advmanager.all-features\":\nError: Documents from a core version newer than the running version cannot be migrated\n    at Function._migrateRecord (file:///D:/Juegos/Foundry_daggerheart_git/Foundry-daggerheart/Portable-FoundryVTT-v13.348/App/resources/app/dist/database/backend/server-document.mjs:1:3713)\n    at Function._migrateDocuments (file:///D:/Juegos/Foundry_daggerheart_git/Foundry-daggerheart/Portable-FoundryVTT-v13.348/App/resources/app/dist/database/backend/server-document.mjs:1:2782)","timestamp":"2026-05-24 13:52:40"}
{"level":"error","message":"An error occurred during the migration of Item record [sKgzYgJgTY4JRCf4] of database \"daggerheart-advmanager.all-features\":\nError: Documents from a core version newer than the running version cannot be migrated\n    at Function._migrateRecord (file:///D:/Juegos/Foundry_daggerheart_git/Foundry-daggerheart/Portable-FoundryVTT-v13.348/App/resources/app/dist/database/backend/server-document.mjs:1:3713)\n    at Function._migrateDocuments (file:///D:/Juegos/Foundry_daggerheart_git/Foundry-daggerheart/Portable-FoundryVTT-v13.348/App/resources/app/dist/database/backend/server-document.mjs:1:2782)","timestamp":"2026-05-24 13:52:40"}
{"level":"error","message":"An error occurred during the migration of Item record [sW4FjqSDhPYKpjUl] of database \"daggerheart-advmanager.all-features\":\nError: Documents from a core version newer than the running version cannot be migrated\n    at Function._migrateRecord (file:///D:/Juegos/Foundry_daggerheart_git/Foundry-daggerheart/Portable-FoundryVTT-v13.348/App/resources/app/dist/database/backend/server-document.mjs:1:3713)\n    at Function._migrateDocuments (file:///D:/Juegos/Foundry_daggerheart_git/Foundry-daggerheart/Portable-FoundryVTT-v13.348/App/resources/app/dist/database/backend/server-document.mjs:1:2782)","timestamp":"2026-05-24 13:52:40"}
{"level":"error","message":"An error occurred during the migration of Item record [sZi3vGbEW838cJBX] of database \"daggerheart-advmanager.all-features\":\nError: Documents from a core version newer than the running version cannot be migrated\n    at Function._migrateRecord (file:///D:/Juegos/Foundry_daggerheart_git/Foundry-daggerheart/Portable-FoundryVTT-v13.348/App/resources/app/dist/database/backend/server-document.mjs:1:3713)\n    at Function._migrateDocuments (file:///D:/Juegos/Foundry_daggerheart_git/Foundry-daggerheart/Portable-FoundryVTT-v13.348/App/resources/app/dist/database/backend/server-document.mjs:1:2782)","timestamp":"2026-05-24 13:52:40"}
{"level":"error","message":"An error occurred during the migration of Item record [sbfWojYCVLkvGzgn] of database \"daggerheart-advmanager.all-features\":\nError: Documents from a core version newer than the running version cannot be migrated\n    at Function._migrateRecord (file:///D:/Juegos/Foundry_daggerheart_git/Foundry-daggerheart/Portable-FoundryVTT-v13.348/App/resources/app/dist/database/backend/server-document.mjs:1:3713)\n    at Function._migrateDocuments (file:///D:/Juegos/Foundry_daggerheart_git/Foundry-daggerheart/Portable-FoundryVTT-v13.348/App/resources/app/dist/database/backend/server-document.mjs:1:2782)","timestamp":"2026-05-24 13:52:40"}
{"level":"error","message":"An error occurred during the migration of Item record [sqZDRKSfhVpVYn7r] of database \"daggerheart-advmanager.all-features\":\nError: Documents from a core version newer than the running version cannot be migrated\n    at Function._migrateRecord (file:///D:/Juegos/Foundry_daggerheart_git/Foundry-daggerheart/Portable-FoundryVTT-v13.348/App/resources/app/dist/database/backend/server-document.mjs:1:3713)\n    at Function._migrateDocuments (file:///D:/Juegos/Foundry_daggerheart_git/Foundry-daggerheart/Portable-FoundryVTT-v13.348/App/resources/app/dist/database/backend/server-document.mjs:1:2782)","timestamp":"2026-05-24 13:52:40"}
{"level":"error","message":"An error occurred during the migration of Item record [tKLctkCQqfJLIw3x] of database \"daggerheart-advmanager.all-features\":\nError: Documents from a core version newer than the running version cannot be migrated\n    at Function._migrateRecord (file:///D:/Juegos/Foundry_daggerheart_git/Foundry-daggerheart/Portable-FoundryVTT-v13.348/App/resources/app/dist/database/backend/server-document.mjs:1:3713)\n    at Function._migrateDocuments (file:///D:/Juegos/Foundry_daggerheart_git/Foundry-daggerheart/Portable-FoundryVTT-v13.348/App/resources/app/dist/database/backend/server-document.mjs:1:2782)","timestamp":"2026-05-24 13:52:40"}
{"level":"error","message":"An error occurred during the migration of Item record [taxLtwW7RuS3JSNm] of database \"daggerheart-advmanager.all-features\":\nError: Documents from a core version newer than the running version cannot be migrated\n    at Function._migrateRecord (file:///D:/Juegos/Foundry_daggerheart_git/Foundry-daggerheart/Portable-FoundryVTT-v13.348/App/resources/app/dist/database/backend/server-document.mjs:1:3713)\n    at Function._migrateDocuments (file:///D:/Juegos/Foundry_daggerheart_git/Foundry-daggerheart/Portable-FoundryVTT-v13.348/App/resources/app/dist/database/backend/server-document.mjs:1:2782)","timestamp":"2026-05-24 13:52:40"}
{"level":"error","message":"An error occurred during the migration of Item record [tpH2A2rYhrYOugLi] of database \"daggerheart-advmanager.all-features\":\nError: Documents from a core version newer than the running version cannot be migrated\n    at Function._migrateRecord (file:///D:/Juegos/Foundry_daggerheart_git/Foundry-daggerheart/Portable-FoundryVTT-v13.348/App/resources/app/dist/database/backend/server-document.mjs:1:3713)\n    at Function._migrateDocuments (file:///D:/Juegos/Foundry_daggerheart_git/Foundry-daggerheart/Portable-FoundryVTT-v13.348/App/resources/app/dist/database/backend/server-document.mjs:1:2782)","timestamp":"2026-05-24 13:52:40"}
{"level":"error","message":"An error occurred during the migration of Item record [uLzHdmKIxrK3WD48] of database \"daggerheart-advmanager.all-features\":\nError: Documents from a core version newer than the running version cannot be migrated\n    at Function._migrateRecord (file:///D:/Juegos/Foundry_daggerheart_git/Foundry-daggerheart/Portable-FoundryVTT-v13.348/App/resources/app/dist/database/backend/server-document.mjs:1:3713)\n    at Function._migrateDocuments (file:///D:/Juegos/Foundry_daggerheart_git/Foundry-daggerheart/Portable-FoundryVTT-v13.348/App/resources/app/dist/database/backend/server-document.mjs:1:2782)","timestamp":"2026-05-24 13:52:40"}
{"level":"error","message":"An error occurred during the migration of Item record [uYj7yzRYgNFBYsXg] of database \"daggerheart-advmanager.all-features\":\nError: Documents from a core version newer than the running version cannot be migrated\n    at Function._migrateRecord (file:///D:/Juegos/Foundry_daggerheart_git/Foundry-daggerheart/Portable-FoundryVTT-v13.348/App/resources/app/dist/database/backend/server-document.mjs:1:3713)\n    at Function._migrateDocuments (file:///D:/Juegos/Foundry_daggerheart_git/Foundry-daggerheart/Portable-FoundryVTT-v13.348/App/resources/app/dist/database/backend/server-document.mjs:1:2782)","timestamp":"2026-05-24 13:52:40"}
{"level":"error","message":"An error occurred during the migration of Item record [ufkpJTJLPGXQhlcu] of database \"daggerheart-advmanager.all-features\":\nError: Documents from a core version newer than the running version cannot be migrated\n    at Function._migrateRecord (file:///D:/Juegos/Foundry_daggerheart_git/Foundry-daggerheart/Portable-FoundryVTT-v13.348/App/resources/app/dist/database/backend/server-document.mjs:1:3713)\n    at Function._migrateDocuments (file:///D:/Juegos/Foundry_daggerheart_git/Foundry-daggerheart/Portable-FoundryVTT-v13.348/App/resources/app/dist/database/backend/server-document.mjs:1:2782)","timestamp":"2026-05-24 13:52:40"}
{"level":"error","message":"An error occurred during the migration of Item record [uo98NaOIGLvT1YdJ] of database \"daggerheart-advmanager.all-features\":\nError: Documents from a core version newer than the running version cannot be migrated\n    at Function._migrateRecord (file:///D:/Juegos/Foundry_daggerheart_git/Foundry-daggerheart/Portable-FoundryVTT-v13.348/App/resources/app/dist/database/backend/server-document.mjs:1:3713)\n    at Function._migrateDocuments (file:///D:/Juegos/Foundry_daggerheart_git/Foundry-daggerheart/Portable-FoundryVTT-v13.348/App/resources/app/dist/database/backend/server-document.mjs:1:2782)","timestamp":"2026-05-24 13:52:40"}
{"level":"error","message":"An error occurred during the migration of Item record [uwgVNAoEC1TddhD4] of database \"daggerheart-advmanager.all-features\":\nError: Documents from a core version newer than the running version cannot be migrated\n    at Function._migrateRecord (file:///D:/Juegos/Foundry_daggerheart_git/Foundry-daggerheart/Portable-FoundryVTT-v13.348/App/resources/app/dist/database/backend/server-document.mjs:1:3713)\n    at Function._migrateDocuments (file:///D:/Juegos/Foundry_daggerheart_git/Foundry-daggerheart/Portable-FoundryVTT-v13.348/App/resources/app/dist/database/backend/server-document.mjs:1:2782)","timestamp":"2026-05-24 13:52:40"}
{"level":"error","message":"An error occurred during the migration of Item record [v623As8QWrgUOkYM] of database \"daggerheart-advmanager.all-features\":\nError: Documents from a core version newer than the running version cannot be migrated\n    at Function._migrateRecord (file:///D:/Juegos/Foundry_daggerheart_git/Foundry-daggerheart/Portable-FoundryVTT-v13.348/App/resources/app/dist/database/backend/server-document.mjs:1:3713)\n    at Function._migrateDocuments (file:///D:/Juegos/Foundry_daggerheart_git/Foundry-daggerheart/Portable-FoundryVTT-v13.348/App/resources/app/dist/database/backend/server-document.mjs:1:2782)","timestamp":"2026-05-24 13:52:40"}
{"level":"error","message":"An error occurred during the migration of Item record [vS6mb7t5gt6TX1zR] of database \"daggerheart-advmanager.all-features\":\nError: Documents from a core version newer than the running version cannot be migrated\n    at Function._migrateRecord (file:///D:/Juegos/Foundry_daggerheart_git/Foundry-daggerheart/Portable-FoundryVTT-v13.348/App/resources/app/dist/database/backend/server-document.mjs:1:3713)\n    at Function._migrateDocuments (file:///D:/Juegos/Foundry_daggerheart_git/Foundry-daggerheart/Portable-FoundryVTT-v13.348/App/resources/app/dist/database/backend/server-document.mjs:1:2782)","timestamp":"2026-05-24 13:52:40"}
{"level":"error","message":"An error occurred during the migration of Item record [vSb2cgaONvY0E2Rl] of database \"daggerheart-advmanager.all-features\":\nError: Documents from a core version newer than the running version cannot be migrated\n    at Function._migrateRecord (file:///D:/Juegos/Foundry_daggerheart_git/Foundry-daggerheart/Portable-FoundryVTT-v13.348/App/resources/app/dist/database/backend/server-document.mjs:1:3713)\n    at Function._migrateDocuments (file:///D:/Juegos/Foundry_daggerheart_git/Foundry-daggerheart/Portable-FoundryVTT-v13.348/App/resources/app/dist/database/backend/server-document.mjs:1:2782)","timestamp":"2026-05-24 13:52:40"}
{"level":"error","message":"An error occurred during the migration of Item record [vTyg8KalzPCiAz0g] of database \"daggerheart-advmanager.all-features\":\nError: Documents from a core version newer than the running version cannot be migrated\n    at Function._migrateRecord (file:///D:/Juegos/Foundry_daggerheart_git/Foundry-daggerheart/Portable-FoundryVTT-v13.348/App/resources/app/dist/database/backend/server-document.mjs:1:3713)\n    at Function._migrateDocuments (file:///D:/Juegos/Foundry_daggerheart_git/Foundry-daggerheart/Portable-FoundryVTT-v13.348/App/resources/app/dist/database/backend/server-document.mjs:1:2782)","timestamp":"2026-05-24 13:52:40"}
{"level":"error","message":"An error occurred during the migration of Item record [vUZ6aCQBacfj2bUs] of database \"daggerheart-advmanager.all-features\":\nError: Documents from a core version newer than the running version cannot be migrated\n    at Function._migrateRecord (file:///D:/Juegos/Foundry_daggerheart_git/Foundry-daggerheart/Portable-FoundryVTT-v13.348/App/resources/app/dist/database/backend/server-document.mjs:1:3713)\n    at Function._migrateDocuments (file:///D:/Juegos/Foundry_daggerheart_git/Foundry-daggerheart/Portable-FoundryVTT-v13.348/App/resources/app/dist/database/backend/server-document.mjs:1:2782)","timestamp":"2026-05-24 13:52:40"}
{"level":"error","message":"An error occurred during the migration of Item record [vdiF1JMBAavl4wb8] of database \"daggerheart-advmanager.all-features\":\nError: Documents from a core version newer than the running version cannot be migrated\n    at Function._migrateRecord (file:///D:/Juegos/Foundry_daggerheart_git/Foundry-daggerheart/Portable-FoundryVTT-v13.348/App/resources/app/dist/database/backend/server-document.mjs:1:3713)\n    at Function._migrateDocuments (file:///D:/Juegos/Foundry_daggerheart_git/Foundry-daggerheart/Portable-FoundryVTT-v13.348/App/resources/app/dist/database/backend/server-document.mjs:1:2782)","timestamp":"2026-05-24 13:52:40"}
{"level":"error","message":"An error occurred during the migration of Item record [vj5zJ73MGha7jrjy] of database \"daggerheart-advmanager.all-features\":\nError: Documents from a core version newer than the running version cannot be migrated\n    at Function._migrateRecord (file:///D:/Juegos/Foundry_daggerheart_git/Foundry-daggerheart/Portable-FoundryVTT-v13.348/App/resources/app/dist/database/backend/server-document.mjs:1:3713)\n    at Function._migrateDocuments (file:///D:/Juegos/Foundry_daggerheart_git/Foundry-daggerheart/Portable-FoundryVTT-v13.348/App/resources/app/dist/database/backend/server-document.mjs:1:2782)","timestamp":"2026-05-24 13:52:40"}
{"level":"error","message":"An error occurred during the migration of Item record [vkEAi6zDKxzDhZQ5] of database \"daggerheart-advmanager.all-features\":\nError: Documents from a core version newer than the running version cannot be migrated\n    at Function._migrateRecord (file:///D:/Juegos/Foundry_daggerheart_git/Foundry-daggerheart/Portable-FoundryVTT-v13.348/App/resources/app/dist/database/backend/server-document.mjs:1:3713)\n    at Function._migrateDocuments (file:///D:/Juegos/Foundry_daggerheart_git/Foundry-daggerheart/Portable-FoundryVTT-v13.348/App/resources/app/dist/database/backend/server-document.mjs:1:2782)","timestamp":"2026-05-24 13:52:40"}
{"level":"error","message":"An error occurred during the migration of Item record [vwZVHKLuvT2sGdnP] of database \"daggerheart-advmanager.all-features\":\nError: Documents from a core version newer than the running version cannot be migrated\n    at Function._migrateRecord (file:///D:/Juegos/Foundry_daggerheart_git/Foundry-daggerheart/Portable-FoundryVTT-v13.348/App/resources/app/dist/database/backend/server-document.mjs:1:3713)\n    at Function._migrateDocuments (file:///D:/Juegos/Foundry_daggerheart_git/Foundry-daggerheart/Portable-FoundryVTT-v13.348/App/resources/app/dist/database/backend/server-document.mjs:1:2782)","timestamp":"2026-05-24 13:52:40"}
{"level":"error","message":"An error occurred during the migration of Item record [wANwbKkav24ber2R] of database \"daggerheart-advmanager.all-features\":\nError: Documents from a core version newer than the running version cannot be migrated\n    at Function._migrateRecord (file:///D:/Juegos/Foundry_daggerheart_git/Foundry-daggerheart/Portable-FoundryVTT-v13.348/App/resources/app/dist/database/backend/server-document.mjs:1:3713)\n    at Function._migrateDocuments (file:///D:/Juegos/Foundry_daggerheart_git/Foundry-daggerheart/Portable-FoundryVTT-v13.348/App/resources/app/dist/database/backend/server-document.mjs:1:2782)","timestamp":"2026-05-24 13:52:40"}
{"level":"error","message":"An error occurred during the migration of Item record [wPBNSB0YZsh1vNuo] of database \"daggerheart-advmanager.all-features\":\nError: Documents from a core version newer than the running version cannot be migrated\n    at Function._migrateRecord (file:///D:/Juegos/Foundry_daggerheart_git/Foundry-daggerheart/Portable-FoundryVTT-v13.348/App/resources/app/dist/database/backend/server-document.mjs:1:3713)\n    at Function._migrateDocuments (file:///D:/Juegos/Foundry_daggerheart_git/Foundry-daggerheart/Portable-FoundryVTT-v13.348/App/resources/app/dist/database/backend/server-document.mjs:1:2782)","timestamp":"2026-05-24 13:52:40"}
{"level":"error","message":"An error occurred during the migration of Item record [wQvpN48lbFAnijfp] of database \"daggerheart-advmanager.all-features\":\nError: Documents from a core version newer than the running version cannot be migrated\n    at Function._migrateRecord (file:///D:/Juegos/Foundry_daggerheart_git/Foundry-daggerheart/Portable-FoundryVTT-v13.348/App/resources/app/dist/database/backend/server-document.mjs:1:3713)\n    at Function._migrateDocuments (file:///D:/Juegos/Foundry_daggerheart_git/Foundry-daggerheart/Portable-FoundryVTT-v13.348/App/resources/app/dist/database/backend/server-document.mjs:1:2782)","timestamp":"2026-05-24 13:52:40"}
{"level":"error","message":"An error occurred during the migration of Item record [wgYNteKVA3vpW0y6] of database \"daggerheart-advmanager.all-features\":\nError: Documents from a core version newer than the running version cannot be migrated\n    at Function._migrateRecord (file:///D:/Juegos/Foundry_daggerheart_git/Foundry-daggerheart/Portable-FoundryVTT-v13.348/App/resources/app/dist/database/backend/server-document.mjs:1:3713)\n    at Function._migrateDocuments (file:///D:/Juegos/Foundry_daggerheart_git/Foundry-daggerheart/Portable-FoundryVTT-v13.348/App/resources/app/dist/database/backend/server-document.mjs:1:2782)","timestamp":"2026-05-24 13:52:40"}
{"level":"error","message":"An error occurred during the migration of Item record [wlbXPEkeQZP1wFFO] of database \"daggerheart-advmanager.all-features\":\nError: Documents from a core version newer than the running version cannot be migrated\n    at Function._migrateRecord (file:///D:/Juegos/Foundry_daggerheart_git/Foundry-daggerheart/Portable-FoundryVTT-v13.348/App/resources/app/dist/database/backend/server-document.mjs:1:3713)\n    at Function._migrateDocuments (file:///D:/Juegos/Foundry_daggerheart_git/Foundry-daggerheart/Portable-FoundryVTT-v13.348/App/resources/app/dist/database/backend/server-document.mjs:1:2782)","timestamp":"2026-05-24 13:52:40"}
{"level":"error","message":"An error occurred during the migration of Item record [wyMwGkmQznFqrGIr] of database \"daggerheart-advmanager.all-features\":\nError: Documents from a core version newer than the running version cannot be migrated\n    at Function._migrateRecord (file:///D:/Juegos/Foundry_daggerheart_git/Foundry-daggerheart/Portable-FoundryVTT-v13.348/App/resources/app/dist/database/backend/server-document.mjs:1:3713)\n    at Function._migrateDocuments (file:///D:/Juegos/Foundry_daggerheart_git/Foundry-daggerheart/Portable-FoundryVTT-v13.348/App/resources/app/dist/database/backend/server-document.mjs:1:2782)","timestamp":"2026-05-24 13:52:40"}
{"level":"error","message":"An error occurred during the migration of Item record [xYeKuvDRenybIvBj] of database \"daggerheart-advmanager.all-features\":\nError: Documents from a core version newer than the running version cannot be migrated\n    at Function._migrateRecord (file:///D:/Juegos/Foundry_daggerheart_git/Foundry-daggerheart/Portable-FoundryVTT-v13.348/App/resources/app/dist/database/backend/server-document.mjs:1:3713)\n    at Function._migrateDocuments (file:///D:/Juegos/Foundry_daggerheart_git/Foundry-daggerheart/Portable-FoundryVTT-v13.348/App/resources/app/dist/database/backend/server-document.mjs:1:2782)","timestamp":"2026-05-24 13:52:40"}
{"level":"error","message":"An error occurred during the migration of Item record [xliBptGTFRuJjoOB] of database \"daggerheart-advmanager.all-features\":\nError: Documents from a core version newer than the running version cannot be migrated\n    at Function._migrateRecord (file:///D:/Juegos/Foundry_daggerheart_git/Foundry-daggerheart/Portable-FoundryVTT-v13.348/App/resources/app/dist/database/backend/server-document.mjs:1:3713)\n    at Function._migrateDocuments (file:///D:/Juegos/Foundry_daggerheart_git/Foundry-daggerheart/Portable-FoundryVTT-v13.348/App/resources/app/dist/database/backend/server-document.mjs:1:2782)","timestamp":"2026-05-24 13:52:40"}
{"level":"error","message":"An error occurred during the migration of Item record [xlsl1GVOoGf5hreC] of database \"daggerheart-advmanager.all-features\":\nError: Documents from a core version newer than the running version cannot be migrated\n    at Function._migrateRecord (file:///D:/Juegos/Foundry_daggerheart_git/Foundry-daggerheart/Portable-FoundryVTT-v13.348/App/resources/app/dist/database/backend/server-document.mjs:1:3713)\n    at Function._migrateDocuments (file:///D:/Juegos/Foundry_daggerheart_git/Foundry-daggerheart/Portable-FoundryVTT-v13.348/App/resources/app/dist/database/backend/server-document.mjs:1:2782)","timestamp":"2026-05-24 13:52:40"}
{"level":"error","message":"An error occurred during the migration of Item record [y0xtu60lwTLX2IX3] of database \"daggerheart-advmanager.all-features\":\nError: Documents from a core version newer than the running version cannot be migrated\n    at Function._migrateRecord (file:///D:/Juegos/Foundry_daggerheart_git/Foundry-daggerheart/Portable-FoundryVTT-v13.348/App/resources/app/dist/database/backend/server-document.mjs:1:3713)\n    at Function._migrateDocuments (file:///D:/Juegos/Foundry_daggerheart_git/Foundry-daggerheart/Portable-FoundryVTT-v13.348/App/resources/app/dist/database/backend/server-document.mjs:1:2782)","timestamp":"2026-05-24 13:52:40"}
{"level":"error","message":"An error occurred during the migration of Item record [y100L4NlcX9ttNnw] of database \"daggerheart-advmanager.all-features\":\nError: Documents from a core version newer than the running version cannot be migrated\n    at Function._migrateRecord (file:///D:/Juegos/Foundry_daggerheart_git/Foundry-daggerheart/Portable-FoundryVTT-v13.348/App/resources/app/dist/database/backend/server-document.mjs:1:3713)\n    at Function._migrateDocuments (file:///D:/Juegos/Foundry_daggerheart_git/Foundry-daggerheart/Portable-FoundryVTT-v13.348/App/resources/app/dist/database/backend/server-document.mjs:1:2782)","timestamp":"2026-05-24 13:52:40"}
{"level":"error","message":"An error occurred during the migration of Item record [y2xZkEcgJVWMz9I5] of database \"daggerheart-advmanager.all-features\":\nError: Documents from a core version newer than the running version cannot be migrated\n    at Function._migrateRecord (file:///D:/Juegos/Foundry_daggerheart_git/Foundry-daggerheart/Portable-FoundryVTT-v13.348/App/resources/app/dist/database/backend/server-document.mjs:1:3713)\n    at Function._migrateDocuments (file:///D:/Juegos/Foundry_daggerheart_git/Foundry-daggerheart/Portable-FoundryVTT-v13.348/App/resources/app/dist/database/backend/server-document.mjs:1:2782)","timestamp":"2026-05-24 13:52:40"}
{"level":"error","message":"An error occurred during the migration of Item record [y5m7bOKUQej3kTIB] of database \"daggerheart-advmanager.all-features\":\nError: Documents from a core version newer than the running version cannot be migrated\n    at Function._migrateRecord (file:///D:/Juegos/Foundry_daggerheart_git/Foundry-daggerheart/Portable-FoundryVTT-v13.348/App/resources/app/dist/database/backend/server-document.mjs:1:3713)\n    at Function._migrateDocuments (file:///D:/Juegos/Foundry_daggerheart_git/Foundry-daggerheart/Portable-FoundryVTT-v13.348/App/resources/app/dist/database/backend/server-document.mjs:1:2782)","timestamp":"2026-05-24 13:52:40"}
{"level":"error","message":"An error occurred during the migration of Item record [y7i3Slv6fNce5rRG] of database \"daggerheart-advmanager.all-features\":\nError: Documents from a core version newer than the running version cannot be migrated\n    at Function._migrateRecord (file:///D:/Juegos/Foundry_daggerheart_git/Foundry-daggerheart/Portable-FoundryVTT-v13.348/App/resources/app/dist/database/backend/server-document.mjs:1:3713)\n    at Function._migrateDocuments (file:///D:/Juegos/Foundry_daggerheart_git/Foundry-daggerheart/Portable-FoundryVTT-v13.348/App/resources/app/dist/database/backend/server-document.mjs:1:2782)","timestamp":"2026-05-24 13:52:40"}
{"level":"error","message":"An error occurred during the migration of Item record [yHl59Ia39TPi8Kq3] of database \"daggerheart-advmanager.all-features\":\nError: Documents from a core version newer than the running version cannot be migrated\n    at Function._migrateRecord (file:///D:/Juegos/Foundry_daggerheart_git/Foundry-daggerheart/Portable-FoundryVTT-v13.348/App/resources/app/dist/database/backend/server-document.mjs:1:3713)\n    at Function._migrateDocuments (file:///D:/Juegos/Foundry_daggerheart_git/Foundry-daggerheart/Portable-FoundryVTT-v13.348/App/resources/app/dist/database/backend/server-document.mjs:1:2782)","timestamp":"2026-05-24 13:52:40"}
{"level":"error","message":"An error occurred during the migration of Item record [yKC7UMSc81TywWWF] of database \"daggerheart-advmanager.all-features\":\nError: Documents from a core version newer than the running version cannot be migrated\n    at Function._migrateRecord (file:///D:/Juegos/Foundry_daggerheart_git/Foundry-daggerheart/Portable-FoundryVTT-v13.348/App/resources/app/dist/database/backend/server-document.mjs:1:3713)\n    at Function._migrateDocuments (file:///D:/Juegos/Foundry_daggerheart_git/Foundry-daggerheart/Portable-FoundryVTT-v13.348/App/resources/app/dist/database/backend/server-document.mjs:1:2782)","timestamp":"2026-05-24 13:52:40"}
{"level":"error","message":"An error occurred during the migration of Item record [yORw3XEYOQphhuub] of database \"daggerheart-advmanager.all-features\":\nError: Documents from a core version newer than the running version cannot be migrated\n    at Function._migrateRecord (file:///D:/Juegos/Foundry_daggerheart_git/Foundry-daggerheart/Portable-FoundryVTT-v13.348/App/resources/app/dist/database/backend/server-document.mjs:1:3713)\n    at Function._migrateDocuments (file:///D:/Juegos/Foundry_daggerheart_git/Foundry-daggerheart/Portable-FoundryVTT-v13.348/App/resources/app/dist/database/backend/server-document.mjs:1:2782)","timestamp":"2026-05-24 13:52:40"}
{"level":"error","message":"An error occurred during the migration of Item record [yTI5cuYKCoBh98v9] of database \"daggerheart-advmanager.all-features\":\nError: Documents from a core version newer than the running version cannot be migrated\n    at Function._migrateRecord (file:///D:/Juegos/Foundry_daggerheart_git/Foundry-daggerheart/Portable-FoundryVTT-v13.348/App/resources/app/dist/database/backend/server-document.mjs:1:3713)\n    at Function._migrateDocuments (file:///D:/Juegos/Foundry_daggerheart_git/Foundry-daggerheart/Portable-FoundryVTT-v13.348/App/resources/app/dist/database/backend/server-document.mjs:1:2782)","timestamp":"2026-05-24 13:52:40"}
{"level":"error","message":"An error occurred during the migration of Item record [ya5a3bF5MyAo7xMV] of database \"daggerheart-advmanager.all-features\":\nError: Documents from a core version newer than the running version cannot be migrated\n    at Function._migrateRecord (file:///D:/Juegos/Foundry_daggerheart_git/Foundry-daggerheart/Portable-FoundryVTT-v13.348/App/resources/app/dist/database/backend/server-document.mjs:1:3713)\n    at Function._migrateDocuments (file:///D:/Juegos/Foundry_daggerheart_git/Foundry-daggerheart/Portable-FoundryVTT-v13.348/App/resources/app/dist/database/backend/server-document.mjs:1:2782)","timestamp":"2026-05-24 13:52:40"}
{"level":"error","message":"An error occurred during the migration of Item record [yntz0YUQmS1GlJoF] of database \"daggerheart-advmanager.all-features\":\nError: Documents from a core version newer than the running version cannot be migrated\n    at Function._migrateRecord (file:///D:/Juegos/Foundry_daggerheart_git/Foundry-daggerheart/Portable-FoundryVTT-v13.348/App/resources/app/dist/database/backend/server-document.mjs:1:3713)\n    at Function._migrateDocuments (file:///D:/Juegos/Foundry_daggerheart_git/Foundry-daggerheart/Portable-FoundryVTT-v13.348/App/resources/app/dist/database/backend/server-document.mjs:1:2782)","timestamp":"2026-05-24 13:52:40"}
{"level":"error","message":"An error occurred during the migration of Item record [ypqURBoYBr93eg5k] of database \"daggerheart-advmanager.all-features\":\nError: Documents from a core version newer than the running version cannot be migrated\n    at Function._migrateRecord (file:///D:/Juegos/Foundry_daggerheart_git/Foundry-daggerheart/Portable-FoundryVTT-v13.348/App/resources/app/dist/database/backend/server-document.mjs:1:3713)\n    at Function._migrateDocuments (file:///D:/Juegos/Foundry_daggerheart_git/Foundry-daggerheart/Portable-FoundryVTT-v13.348/App/resources/app/dist/database/backend/server-document.mjs:1:2782)","timestamp":"2026-05-24 13:52:40"}
{"level":"error","message":"An error occurred during the migration of Item record [yuV859tJtojxEev0] of database \"daggerheart-advmanager.all-features\":\nError: Documents from a core version newer than the running version cannot be migrated\n    at Function._migrateRecord (file:///D:/Juegos/Foundry_daggerheart_git/Foundry-daggerheart/Portable-FoundryVTT-v13.348/App/resources/app/dist/database/backend/server-document.mjs:1:3713)\n    at Function._migrateDocuments (file:///D:/Juegos/Foundry_daggerheart_git/Foundry-daggerheart/Portable-FoundryVTT-v13.348/App/resources/app/dist/database/backend/server-document.mjs:1:2782)","timestamp":"2026-05-24 13:52:40"}
{"level":"error","message":"An error occurred during the migration of Item record [z9ZnafwI1iHo5WsB] of database \"daggerheart-advmanager.all-features\":\nError: Documents from a core version newer than the running version cannot be migrated\n    at Function._migrateRecord (file:///D:/Juegos/Foundry_daggerheart_git/Foundry-daggerheart/Portable-FoundryVTT-v13.348/App/resources/app/dist/database/backend/server-document.mjs:1:3713)\n    at Function._migrateDocuments (file:///D:/Juegos/Foundry_daggerheart_git/Foundry-daggerheart/Portable-FoundryVTT-v13.348/App/resources/app/dist/database/backend/server-document.mjs:1:2782)","timestamp":"2026-05-24 13:52:40"}
{"level":"error","message":"An error occurred during the migration of Item record [zOvWtr3bdBwgXFBX] of database \"daggerheart-advmanager.all-features\":\nError: Documents from a core version newer than the running version cannot be migrated\n    at Function._migrateRecord (file:///D:/Juegos/Foundry_daggerheart_git/Foundry-daggerheart/Portable-FoundryVTT-v13.348/App/resources/app/dist/database/backend/server-document.mjs:1:3713)\n    at Function._migrateDocuments (file:///D:/Juegos/Foundry_daggerheart_git/Foundry-daggerheart/Portable-FoundryVTT-v13.348/App/resources/app/dist/database/backend/server-document.mjs:1:2782)","timestamp":"2026-05-24 13:52:40"}
{"level":"error","message":"An error occurred during the migration of Item record [zOyoRZPEigvqqp8B] of database \"daggerheart-advmanager.all-features\":\nError: Documents from a core version newer than the running version cannot be migrated\n    at Function._migrateRecord (file:///D:/Juegos/Foundry_daggerheart_git/Foundry-daggerheart/Portable-FoundryVTT-v13.348/App/resources/app/dist/database/backend/server-document.mjs:1:3713)\n    at Function._migrateDocuments (file:///D:/Juegos/Foundry_daggerheart_git/Foundry-daggerheart/Portable-FoundryVTT-v13.348/App/resources/app/dist/database/backend/server-document.mjs:1:2782)","timestamp":"2026-05-24 13:52:40"}
{"level":"error","message":"An error occurred during the migration of Item record [zR572rxBBpODLqHe] of database \"daggerheart-advmanager.all-features\":\nError: Documents from a core version newer than the running version cannot be migrated\n    at Function._migrateRecord (file:///D:/Juegos/Foundry_daggerheart_git/Foundry-daggerheart/Portable-FoundryVTT-v13.348/App/resources/app/dist/database/backend/server-document.mjs:1:3713)\n    at Function._migrateDocuments (file:///D:/Juegos/Foundry_daggerheart_git/Foundry-daggerheart/Portable-FoundryVTT-v13.348/App/resources/app/dist/database/backend/server-document.mjs:1:2782)","timestamp":"2026-05-24 13:52:40"}
{"level":"error","message":"An error occurred during the migration of Item record [zRn71SyKnysT8s7I] of database \"daggerheart-advmanager.all-features\":\nError: Documents from a core version newer than the running version cannot be migrated\n    at Function._migrateRecord (file:///D:/Juegos/Foundry_daggerheart_git/Foundry-daggerheart/Portable-FoundryVTT-v13.348/App/resources/app/dist/database/backend/server-document.mjs:1:3713)\n    at Function._migrateDocuments (file:///D:/Juegos/Foundry_daggerheart_git/Foundry-daggerheart/Portable-FoundryVTT-v13.348/App/resources/app/dist/database/backend/server-document.mjs:1:2782)","timestamp":"2026-05-24 13:52:40"}
{"level":"error","message":"An error occurred during the migration of Item record [zTD3MulSIc6dWNqn] of database \"daggerheart-advmanager.all-features\":\nError: Documents from a core version newer than the running version cannot be migrated\n    at Function._migrateRecord (file:///D:/Juegos/Foundry_daggerheart_git/Foundry-daggerheart/Portable-FoundryVTT-v13.348/App/resources/app/dist/database/backend/server-document.mjs:1:3713)\n    at Function._migrateDocuments (file:///D:/Juegos/Foundry_daggerheart_git/Foundry-daggerheart/Portable-FoundryVTT-v13.348/App/resources/app/dist/database/backend/server-document.mjs:1:2782)","timestamp":"2026-05-24 13:52:40"}
{"level":"error","message":"An error occurred during the migration of Item record [zZt7IqhVI6bsi6ml] of database \"daggerheart-advmanager.all-features\":\nError: Documents from a core version newer than the running version cannot be migrated\n    at Function._migrateRecord (file:///D:/Juegos/Foundry_daggerheart_git/Foundry-daggerheart/Portable-FoundryVTT-v13.348/App/resources/app/dist/database/backend/server-document.mjs:1:3713)\n    at Function._migrateDocuments (file:///D:/Juegos/Foundry_daggerheart_git/Foundry-daggerheart/Portable-FoundryVTT-v13.348/App/resources/app/dist/database/backend/server-document.mjs:1:2782)","timestamp":"2026-05-24 13:52:40"}
{"level":"error","message":"An error occurred during the migration of Item record [zh1b56CINKMb7gv9] of database \"daggerheart-advmanager.all-features\":\nError: Documents from a core version newer than the running version cannot be migrated\n    at Function._migrateRecord (file:///D:/Juegos/Foundry_daggerheart_git/Foundry-daggerheart/Portable-FoundryVTT-v13.348/App/resources/app/dist/database/backend/server-document.mjs:1:3713)\n    at Function._migrateDocuments (file:///D:/Juegos/Foundry_daggerheart_git/Foundry-daggerheart/Portable-FoundryVTT-v13.348/App/resources/app/dist/database/backend/server-document.mjs:1:2782)","timestamp":"2026-05-24 13:52:40"}
{"level":"error","message":"An error occurred during the migration of Item record [zknpuH5Fx2xXEFpE] of database \"daggerheart-advmanager.all-features\":\nError: Documents from a core version newer than the running version cannot be migrated\n    at Function._migrateRecord (file:///D:/Juegos/Foundry_daggerheart_git/Foundry-daggerheart/Portable-FoundryVTT-v13.348/App/resources/app/dist/database/backend/server-document.mjs:1:3713)\n    at Function._migrateDocuments (file:///D:/Juegos/Foundry_daggerheart_git/Foundry-daggerheart/Portable-FoundryVTT-v13.348/App/resources/app/dist/database/backend/server-document.mjs:1:2782)","timestamp":"2026-05-24 13:52:40"}
{"level":"error","message":"An error occurred during the migration of Item record [zlDJGBI9X8CJg2d5] of database \"daggerheart-advmanager.all-features\":\nError: Documents from a core version newer than the running version cannot be migrated\n    at Function._migrateRecord (file:///D:/Juegos/Foundry_daggerheart_git/Foundry-daggerheart/Portable-FoundryVTT-v13.348/App/resources/app/dist/database/backend/server-document.mjs:1:3713)\n    at Function._migrateDocuments (file:///D:/Juegos/Foundry_daggerheart_git/Foundry-daggerheart/Portable-FoundryVTT-v13.348/App/resources/app/dist/database/backend/server-document.mjs:1:2782)","timestamp":"2026-05-24 13:52:40"}
{"level":"warn","message":"Database daggerheart-advmanager.all-features was not fully migrated due to errors during migration.","timestamp":"2026-05-24 13:52:40"}
{"level":"info","message":"Launching World | Migrating Package Data - 37%","timestamp":"2026-05-24 13:52:40"}
{"level":"error","message":"An error occurred during the migration of Macro record [WbRm9MnIxX51Svky] of database \"daggerheart-advmanager.macros\":\nError: Documents from a core version newer than the running version cannot be migrated\n    at Function._migrateRecord (file:///D:/Juegos/Foundry_daggerheart_git/Foundry-daggerheart/Portable-FoundryVTT-v13.348/App/resources/app/dist/database/backend/server-document.mjs:1:3713)\n    at Function._migrateDocuments (file:///D:/Juegos/Foundry_daggerheart_git/Foundry-daggerheart/Portable-FoundryVTT-v13.348/App/resources/app/dist/database/backend/server-document.mjs:1:2782)","timestamp":"2026-05-24 13:52:40"}
{"level":"error","message":"An error occurred during the migration of Macro record [X5uzGSPS5UfmB8rd] of database \"daggerheart-advmanager.macros\":\nError: Documents from a core version newer than the running version cannot be migrated\n    at Function._migrateRecord (file:///D:/Juegos/Foundry_daggerheart_git/Foundry-daggerheart/Portable-FoundryVTT-v13.348/App/resources/app/dist/database/backend/server-document.mjs:1:3713)\n    at Function._migrateDocuments (file:///D:/Juegos/Foundry_daggerheart_git/Foundry-daggerheart/Portable-FoundryVTT-v13.348/App/resources/app/dist/database/backend/server-document.mjs:1:2782)","timestamp":"2026-05-24 13:52:40"}
{"level":"error","message":"An error occurred during the migration of Macro record [mELB8HfT2k7k3YwQ] of database \"daggerheart-advmanager.macros\":\nError: Documents from a core version newer than the running version cannot be migrated\n    at Function._migrateRecord (file:///D:/Juegos/Foundry_daggerheart_git/Foundry-daggerheart/Portable-FoundryVTT-v13.348/App/resources/app/dist/database/backend/server-document.mjs:1:3713)\n    at Function._migrateDocuments (file:///D:/Juegos/Foundry_daggerheart_git/Foundry-daggerheart/Portable-FoundryVTT-v13.348/App/resources/app/dist/database/backend/server-document.mjs:1:2782)","timestamp":"2026-05-24 13:52:40"}
{"level":"error","message":"An error occurred during the migration of Macro record [tx5BOb4uDCCj7fEO] of database \"daggerheart-advmanager.macros\":\nError: Documents from a core version newer than the running version cannot be migrated\n    at Function._migrateRecord (file:///D:/Juegos/Foundry_daggerheart_git/Foundry-daggerheart/Portable-FoundryVTT-v13.348/App/resources/app/dist/database/backend/server-document.mjs:1:3713)\n    at Function._migrateDocuments (file:///D:/Juegos/Foundry_daggerheart_git/Foundry-daggerheart/Portable-FoundryVTT-v13.348/App/resources/app/dist/database/backend/server-document.mjs:1:2782)","timestamp":"2026-05-24 13:52:40"}
{"level":"error","message":"An error occurred during the migration of Macro record [uvAlpxWSA3uVepDq] of database \"daggerheart-advmanager.macros\":\nError: Documents from a core version newer than the running version cannot be migrated\n    at Function._migrateRecord (file:///D:/Juegos/Foundry_daggerheart_git/Foundry-daggerheart/Portable-FoundryVTT-v13.348/App/resources/app/dist/database/backend/server-document.mjs:1:3713)\n    at Function._migrateDocuments (file:///D:/Juegos/Foundry_daggerheart_git/Foundry-daggerheart/Portable-FoundryVTT-v13.348/App/resources/app/dist/database/backend/server-document.mjs:1:2782)","timestamp":"2026-05-24 13:52:40"}
{"level":"warn","message":"Database daggerheart-advmanager.macros was not fully migrated due to errors during migration.","timestamp":"2026-05-24 13:52:40"}
{"level":"info","message":"Launching World | Migrating Package Data - 39%","timestamp":"2026-05-24 13:52:40"}
{"level":"error","message":"An error occurred during the migration of Actor record [3QuaJOFf07f1Gpnb] of database \"daggerheart-advmanager.templates\":\nError: Documents from a core version newer than the running version cannot be migrated\n    at Function._migrateRecord (file:///D:/Juegos/Foundry_daggerheart_git/Foundry-daggerheart/Portable-FoundryVTT-v13.348/App/resources/app/dist/database/backend/server-document.mjs:1:3713)\n    at Function._migrateDocuments (file:///D:/Juegos/Foundry_daggerheart_git/Foundry-daggerheart/Portable-FoundryVTT-v13.348/App/resources/app/dist/database/backend/server-document.mjs:1:2782)","timestamp":"2026-05-24 13:52:40"}
{"level":"error","message":"An error occurred during the migration of Actor record [7cG2Zzf72jPSPRW0] of database \"daggerheart-advmanager.templates\":\nError: Documents from a core version newer than the running version cannot be migrated\n    at Function._migrateRecord (file:///D:/Juegos/Foundry_daggerheart_git/Foundry-daggerheart/Portable-FoundryVTT-v13.348/App/resources/app/dist/database/backend/server-document.mjs:1:3713)\n    at Function._migrateDocuments (file:///D:/Juegos/Foundry_daggerheart_git/Foundry-daggerheart/Portable-FoundryVTT-v13.348/App/resources/app/dist/database/backend/server-document.mjs:1:2782)","timestamp":"2026-05-24 13:52:40"}
{"level":"error","message":"An error occurred during the migration of Actor record [JRAT3njXd89IVgd2] of database \"daggerheart-advmanager.templates\":\nError: Documents from a core version newer than the running version cannot be migrated\n    at Function._migrateRecord (file:///D:/Juegos/Foundry_daggerheart_git/Foundry-daggerheart/Portable-FoundryVTT-v13.348/App/resources/app/dist/database/backend/server-document.mjs:1:3713)\n    at Function._migrateDocuments (file:///D:/Juegos/Foundry_daggerheart_git/Foundry-daggerheart/Portable-FoundryVTT-v13.348/App/resources/app/dist/database/backend/server-document.mjs:1:2782)","timestamp":"2026-05-24 13:52:40"}
{"level":"error","message":"An error occurred during the migration of Actor record [UcCs67D4Bdynvz0K] of database \"daggerheart-advmanager.templates\":\nError: Documents from a core version newer than the running version cannot be migrated\n    at Function._migrateRecord (file:///D:/Juegos/Foundry_daggerheart_git/Foundry-daggerheart/Portable-FoundryVTT-v13.348/App/resources/app/dist/database/backend/server-document.mjs:1:3713)\n    at Function._migrateDocuments (file:///D:/Juegos/Foundry_daggerheart_git/Foundry-daggerheart/Portable-FoundryVTT-v13.348/App/resources/app/dist/database/backend/server-document.mjs:1:2782)","timestamp":"2026-05-24 13:52:40"}
{"level":"error","message":"An error occurred during the migration of Actor record [XCRpdycNjpNsYZgL] of database \"daggerheart-advmanager.templates\":\nError: Documents from a core version newer than the running version cannot be migrated\n    at Function._migrateRecord (file:///D:/Juegos/Foundry_daggerheart_git/Foundry-daggerheart/Portable-FoundryVTT-v13.348/App/resources/app/dist/database/backend/server-document.mjs:1:3713)\n    at Function._migrateDocuments (file:///D:/Juegos/Foundry_daggerheart_git/Foundry-daggerheart/Portable-FoundryVTT-v13.348/App/resources/app/dist/database/backend/server-document.mjs:1:2782)","timestamp":"2026-05-24 13:52:40"}
{"level":"error","message":"An error occurred during the migration of Actor record [imvP9Fn4CyNGbpr0] of database \"daggerheart-advmanager.templates\":\nError: Documents from a core version newer than the running version cannot be migrated\n    at Function._migrateRecord (file:///D:/Juegos/Foundry_daggerheart_git/Foundry-daggerheart/Portable-FoundryVTT-v13.348/App/resources/app/dist/database/backend/server-document.mjs:1:3713)\n    at Function._migrateDocuments (file:///D:/Juegos/Foundry_daggerheart_git/Foundry-daggerheart/Portable-FoundryVTT-v13.348/App/resources/app/dist/database/backend/server-document.mjs:1:2782)","timestamp":"2026-05-24 13:52:40"}
{"level":"error","message":"An error occurred during the migration of Actor record [nncDKO2OaTh8mJE2] of database \"daggerheart-advmanager.templates\":\nError: Documents from a core version newer than the running version cannot be migrated\n    at Function._migrateRecord (file:///D:/Juegos/Foundry_daggerheart_git/Foundry-daggerheart/Portable-FoundryVTT-v13.348/App/resources/app/dist/database/backend/server-document.mjs:1:3713)\n    at Function._migrateDocuments (file:///D:/Juegos/Foundry_daggerheart_git/Foundry-daggerheart/Portable-FoundryVTT-v13.348/App/resources/app/dist/database/backend/server-document.mjs:1:2782)","timestamp":"2026-05-24 13:52:40"}
{"level":"error","message":"An error occurred during the migration of Actor record [os0kYaAWk16oKuEQ] of database \"daggerheart-advmanager.templates\":\nError: Documents from a core version newer than the running version cannot be migrated\n    at Function._migrateRecord (file:///D:/Juegos/Foundry_daggerheart_git/Foundry-daggerheart/Portable-FoundryVTT-v13.348/App/resources/app/dist/database/backend/server-document.mjs:1:3713)\n    at Function._migrateDocuments (file:///D:/Juegos/Foundry_daggerheart_git/Foundry-daggerheart/Portable-FoundryVTT-v13.348/App/resources/app/dist/database/backend/server-document.mjs:1:2782)","timestamp":"2026-05-24 13:52:40"}
{"level":"error","message":"An error occurred during the migration of Actor record [svn5cSZDB2K7xKUb] of database \"daggerheart-advmanager.templates\":\nError: Documents from a core version newer than the running version cannot be migrated\n    at Function._migrateRecord (file:///D:/Juegos/Foundry_daggerheart_git/Foundry-daggerheart/Portable-FoundryVTT-v13.348/App/resources/app/dist/database/backend/server-document.mjs:1:3713)\n    at Function._migrateDocuments (file:///D:/Juegos/Foundry_daggerheart_git/Foundry-daggerheart/Portable-FoundryVTT-v13.348/App/resources/app/dist/database/backend/server-document.mjs:1:2782)","timestamp":"2026-05-24 13:52:40"}
{"level":"error","message":"An error occurred during the migration of Actor record [yMO82g01P4RVB92T] of database \"daggerheart-advmanager.templates\":\nError: Documents from a core version newer than the running version cannot be migrated\n    at Function._migrateRecord (file:///D:/Juegos/Foundry_daggerheart_git/Foundry-daggerheart/Portable-FoundryVTT-v13.348/App/resources/app/dist/database/backend/server-document.mjs:1:3713)\n    at Function._migrateDocuments (file:///D:/Juegos/Foundry_daggerheart_git/Foundry-daggerheart/Portable-FoundryVTT-v13.348/App/resources/app/dist/database/backend/server-document.mjs:1:2782)","timestamp":"2026-05-24 13:52:40"}
{"level":"warn","message":"Database daggerheart-advmanager.templates was not fully migrated due to errors during migration.","timestamp":"2026-05-24 13:52:40"}
{"level":"info","message":"Launching World | Migrating Package Data - 41%","timestamp":"2026-05-24 13:52:40"}
{"level":"info","message":"Launching World | Migrating Package Data - 43%","timestamp":"2026-05-24 13:52:40"}
{"level":"error","message":"An error occurred during the migration of Macro record [AksCh0ciaGx7BuyA] of database \"daggerheart-extra-content.macros\":\nError: Documents from a core version newer than the running version cannot be migrated\n    at Function._migrateRecord (file:///D:/Juegos/Foundry_daggerheart_git/Foundry-daggerheart/Portable-FoundryVTT-v13.348/App/resources/app/dist/database/backend/server-document.mjs:1:3713)\n    at Function._migrateDocuments (file:///D:/Juegos/Foundry_daggerheart_git/Foundry-daggerheart/Portable-FoundryVTT-v13.348/App/resources/app/dist/database/backend/server-document.mjs:1:2782)","timestamp":"2026-05-24 13:52:40"}
{"level":"error","message":"An error occurred during the migration of Macro record [Ek2uYtA3xm78MKEc] of database \"daggerheart-extra-content.macros\":\nError: Documents from a core version newer than the running version cannot be migrated\n    at Function._migrateRecord (file:///D:/Juegos/Foundry_daggerheart_git/Foundry-daggerheart/Portable-FoundryVTT-v13.348/App/resources/app/dist/database/backend/server-document.mjs:1:3713)\n    at Function._migrateDocuments (file:///D:/Juegos/Foundry_daggerheart_git/Foundry-daggerheart/Portable-FoundryVTT-v13.348/App/resources/app/dist/database/backend/server-document.mjs:1:2782)","timestamp":"2026-05-24 13:52:40"}
{"level":"error","message":"An error occurred during the migration of Macro record [FUXtgmbsROZ9EZ64] of database \"daggerheart-extra-content.macros\":\nError: Documents from a core version newer than the running version cannot be migrated\n    at Function._migrateRecord (file:///D:/Juegos/Foundry_daggerheart_git/Foundry-daggerheart/Portable-FoundryVTT-v13.348/App/resources/app/dist/database/backend/server-document.mjs:1:3713)\n    at Function._migrateDocuments (file:///D:/Juegos/Foundry_daggerheart_git/Foundry-daggerheart/Portable-FoundryVTT-v13.348/App/resources/app/dist/database/backend/server-document.mjs:1:2782)","timestamp":"2026-05-24 13:52:40"}
{"level":"error","message":"An error occurred during the migration of Macro record [KMIecMvorWDWynzv] of database \"daggerheart-extra-content.macros\":\nError: Documents from a core version newer than the running version cannot be migrated\n    at Function._migrateRecord (file:///D:/Juegos/Foundry_daggerheart_git/Foundry-daggerheart/Portable-FoundryVTT-v13.348/App/resources/app/dist/database/backend/server-document.mjs:1:3713)\n    at Function._migrateDocuments (file:///D:/Juegos/Foundry_daggerheart_git/Foundry-daggerheart/Portable-FoundryVTT-v13.348/App/resources/app/dist/database/backend/server-document.mjs:1:2782)","timestamp":"2026-05-24 13:52:40"}
{"level":"error","message":"An error occurred during the migration of Macro record [MrVaunevxMfD1jiI] of database \"daggerheart-extra-content.macros\":\nError: Documents from a core version newer than the running version cannot be migrated\n    at Function._migrateRecord (file:///D:/Juegos/Foundry_daggerheart_git/Foundry-daggerheart/Portable-FoundryVTT-v13.348/App/resources/app/dist/database/backend/server-document.mjs:1:3713)\n    at Function._migrateDocuments (file:///D:/Juegos/Foundry_daggerheart_git/Foundry-daggerheart/Portable-FoundryVTT-v13.348/App/resources/app/dist/database/backend/server-document.mjs:1:2782)","timestamp":"2026-05-24 13:52:40"}
{"level":"error","message":"An error occurred during the migration of Macro record [f4seowyhjSLdBpIw] of database \"daggerheart-extra-content.macros\":\nError: Documents from a core version newer than the running version cannot be migrated\n    at Function._migrateRecord (file:///D:/Juegos/Foundry_daggerheart_git/Foundry-daggerheart/Portable-FoundryVTT-v13.348/App/resources/app/dist/database/backend/server-document.mjs:1:3713)\n    at Function._migrateDocuments (file:///D:/Juegos/Foundry_daggerheart_git/Foundry-daggerheart/Portable-FoundryVTT-v13.348/App/resources/app/dist/database/backend/server-document.mjs:1:2782)","timestamp":"2026-05-24 13:52:40"}
{"level":"error","message":"An error occurred during the migration of Macro record [lCYBPohT8hPPOpeK] of database \"daggerheart-extra-content.macros\":\nError: Documents from a core version newer than the running version cannot be migrated\n    at Function._migrateRecord (file:///D:/Juegos/Foundry_daggerheart_git/Foundry-daggerheart/Portable-FoundryVTT-v13.348/App/resources/app/dist/database/backend/server-document.mjs:1:3713)\n    at Function._migrateDocuments (file:///D:/Juegos/Foundry_daggerheart_git/Foundry-daggerheart/Portable-FoundryVTT-v13.348/App/resources/app/dist/database/backend/server-document.mjs:1:2782)","timestamp":"2026-05-24 13:52:40"}
{"level":"error","message":"An error occurred during the migration of Macro record [mu2CD5fN0NvxcqYl] of database \"daggerheart-extra-content.macros\":\nError: Documents from a core version newer than the running version cannot be migrated\n    at Function._migrateRecord (file:///D:/Juegos/Foundry_daggerheart_git/Foundry-daggerheart/Portable-FoundryVTT-v13.348/App/resources/app/dist/database/backend/server-document.mjs:1:3713)\n    at Function._migrateDocuments (file:///D:/Juegos/Foundry_daggerheart_git/Foundry-daggerheart/Portable-FoundryVTT-v13.348/App/resources/app/dist/database/backend/server-document.mjs:1:2782)","timestamp":"2026-05-24 13:52:40"}
{"level":"error","message":"An error occurred during the migration of Macro record [zWi79s5QqaZnMMtX] of database \"daggerheart-extra-content.macros\":\nError: Documents from a core version newer than the running version cannot be migrated\n    at Function._migrateRecord (file:///D:/Juegos/Foundry_daggerheart_git/Foundry-daggerheart/Portable-FoundryVTT-v13.348/App/resources/app/dist/database/backend/server-document.mjs:1:3713)\n    at Function._migrateDocuments (file:///D:/Juegos/Foundry_daggerheart_git/Foundry-daggerheart/Portable-FoundryVTT-v13.348/App/resources/app/dist/database/backend/server-document.mjs:1:2782)","timestamp":"2026-05-24 13:52:40"}
{"level":"warn","message":"Database daggerheart-extra-content.macros was not fully migrated due to errors during migration.","timestamp":"2026-05-24 13:52:40"}
{"level":"info","message":"Launching World | Migrating Package Data - 45%","timestamp":"2026-05-24 13:52:40"}
{"level":"info","message":"Launching World | Migrating Package Data - 47%","timestamp":"2026-05-24 13:52:40"}
{"level":"info","message":"Launching World | Migrating Package Data - 49%","timestamp":"2026-05-24 13:52:40"}
{"level":"info","message":"Launching World | Migrating Package Data - 51%","timestamp":"2026-05-24 13:52:40"}
{"level":"info","message":"Launching World | Migrating Package Data - 53%","timestamp":"2026-05-24 13:52:40"}
{"level":"error","message":"An error occurred during the migration of Actor record [2owady11IfU1vset] of database \"daggerheart-extra-content.more-adversaries\":\nError: Documents from a core version newer than the running version cannot be migrated\n    at Function._migrateRecord (file:///D:/Juegos/Foundry_daggerheart_git/Foundry-daggerheart/Portable-FoundryVTT-v13.348/App/resources/app/dist/database/backend/server-document.mjs:1:3713)\n    at Function._migrateDocuments (file:///D:/Juegos/Foundry_daggerheart_git/Foundry-daggerheart/Portable-FoundryVTT-v13.348/App/resources/app/dist/database/backend/server-document.mjs:1:2782)","timestamp":"2026-05-24 13:52:40"}
{"level":"error","message":"An error occurred during the migration of Actor record [3wZn34orKgheuXnE] of database \"daggerheart-extra-content.more-adversaries\":\nError: Documents from a core version newer than the running version cannot be migrated\n    at Function._migrateRecord (file:///D:/Juegos/Foundry_daggerheart_git/Foundry-daggerheart/Portable-FoundryVTT-v13.348/App/resources/app/dist/database/backend/server-document.mjs:1:3713)\n    at Function._migrateDocuments (file:///D:/Juegos/Foundry_daggerheart_git/Foundry-daggerheart/Portable-FoundryVTT-v13.348/App/resources/app/dist/database/backend/server-document.mjs:1:2782)","timestamp":"2026-05-24 13:52:40"}
{"level":"error","message":"An error occurred during the migration of Actor record [4GkDrUgRyp9FHTAN] of database \"daggerheart-extra-content.more-adversaries\":\nError: Documents from a core version newer than the running version cannot be migrated\n    at Function._migrateRecord (file:///D:/Juegos/Foundry_daggerheart_git/Foundry-daggerheart/Portable-FoundryVTT-v13.348/App/resources/app/dist/database/backend/server-document.mjs:1:3713)\n    at Function._migrateDocuments (file:///D:/Juegos/Foundry_daggerheart_git/Foundry-daggerheart/Portable-FoundryVTT-v13.348/App/resources/app/dist/database/backend/server-document.mjs:1:2782)","timestamp":"2026-05-24 13:52:40"}
{"level":"error","message":"An error occurred during the migration of Actor record [6wxPxm4joQnoIjdX] of database \"daggerheart-extra-content.more-adversaries\":\nError: Documents from a core version newer than the running version cannot be migrated\n    at Function._migrateRecord (file:///D:/Juegos/Foundry_daggerheart_git/Foundry-daggerheart/Portable-FoundryVTT-v13.348/App/resources/app/dist/database/backend/server-document.mjs:1:3713)\n    at Function._migrateDocuments (file:///D:/Juegos/Foundry_daggerheart_git/Foundry-daggerheart/Portable-FoundryVTT-v13.348/App/resources/app/dist/database/backend/server-document.mjs:1:2782)","timestamp":"2026-05-24 13:52:40"}
{"level":"error","message":"An error occurred during the migration of Actor record [CBjyTRc9xNjmDAM4] of database \"daggerheart-extra-content.more-adversaries\":\nError: Documents from a core version newer than the running version cannot be migrated\n    at Function._migrateRecord (file:///D:/Juegos/Foundry_daggerheart_git/Foundry-daggerheart/Portable-FoundryVTT-v13.348/App/resources/app/dist/database/backend/server-document.mjs:1:3713)\n    at Function._migrateDocuments (file:///D:/Juegos/Foundry_daggerheart_git/Foundry-daggerheart/Portable-FoundryVTT-v13.348/App/resources/app/dist/database/backend/server-document.mjs:1:2782)","timestamp":"2026-05-24 13:52:40"}
{"level":"error","message":"An error occurred during the migration of Actor record [D2mYxxduZN4h55cD] of database \"daggerheart-extra-content.more-adversaries\":\nError: Documents from a core version newer than the running version cannot be migrated\n    at Function._migrateRecord (file:///D:/Juegos/Foundry_daggerheart_git/Foundry-daggerheart/Portable-FoundryVTT-v13.348/App/resources/app/dist/database/backend/server-document.mjs:1:3713)\n    at Function._migrateDocuments (file:///D:/Juegos/Foundry_daggerheart_git/Foundry-daggerheart/Portable-FoundryVTT-v13.348/App/resources/app/dist/database/backend/server-document.mjs:1:2782)","timestamp":"2026-05-24 13:52:40"}
{"level":"error","message":"An error occurred during the migration of Actor record [GZeCYbWDzYS2iCF9] of database \"daggerheart-extra-content.more-adversaries\":\nError: Documents from a core version newer than the running version cannot be migrated\n    at Function._migrateRecord (file:///D:/Juegos/Foundry_daggerheart_git/Foundry-daggerheart/Portable-FoundryVTT-v13.348/App/resources/app/dist/database/backend/server-document.mjs:1:3713)\n    at Function._migrateDocuments (file:///D:/Juegos/Foundry_daggerheart_git/Foundry-daggerheart/Portable-FoundryVTT-v13.348/App/resources/app/dist/database/backend/server-document.mjs:1:2782)","timestamp":"2026-05-24 13:52:40"}
{"level":"error","message":"An error occurred during the migration of Actor record [HFoDDFrRRoLOx6rS] of database \"daggerheart-extra-content.more-adversaries\":\nError: Documents from a core version newer than the running version cannot be migrated\n    at Function._migrateRecord (file:///D:/Juegos/Foundry_daggerheart_git/Foundry-daggerheart/Portable-FoundryVTT-v13.348/App/resources/app/dist/database/backend/server-document.mjs:1:3713)\n    at Function._migrateDocuments (file:///D:/Juegos/Foundry_daggerheart_git/Foundry-daggerheart/Portable-FoundryVTT-v13.348/App/resources/app/dist/database/backend/server-document.mjs:1:2782)","timestamp":"2026-05-24 13:52:40"}
{"level":"error","message":"An error occurred during the migration of Actor record [Je6XBGhfDKSY3DEk] of database \"daggerheart-extra-content.more-adversaries\":\nError: Documents from a core version newer than the running version cannot be migrated\n    at Function._migrateRecord (file:///D:/Juegos/Foundry_daggerheart_git/Foundry-daggerheart/Portable-FoundryVTT-v13.348/App/resources/app/dist/database/backend/server-document.mjs:1:3713)\n    at Function._migrateDocuments (file:///D:/Juegos/Foundry_daggerheart_git/Foundry-daggerheart/Portable-FoundryVTT-v13.348/App/resources/app/dist/database/backend/server-document.mjs:1:2782)","timestamp":"2026-05-24 13:52:40"}
{"level":"error","message":"An error occurred during the migration of Actor record [RIpmM1hiW9aRSlR5] of database \"daggerheart-extra-content.more-adversaries\":\nError: Documents from a core version newer than the running version cannot be migrated\n    at Function._migrateRecord (file:///D:/Juegos/Foundry_daggerheart_git/Foundry-daggerheart/Portable-FoundryVTT-v13.348/App/resources/app/dist/database/backend/server-document.mjs:1:3713)\n    at Function._migrateDocuments (file:///D:/Juegos/Foundry_daggerheart_git/Foundry-daggerheart/Portable-FoundryVTT-v13.348/App/resources/app/dist/database/backend/server-document.mjs:1:2782)","timestamp":"2026-05-24 13:52:40"}
{"level":"error","message":"An error occurred during the migration of Actor record [RlIaKDY410J1Braw] of database \"daggerheart-extra-content.more-adversaries\":\nError: Documents from a core version newer than the running version cannot be migrated\n    at Function._migrateRecord (file:///D:/Juegos/Foundry_daggerheart_git/Foundry-daggerheart/Portable-FoundryVTT-v13.348/App/resources/app/dist/database/backend/server-document.mjs:1:3713)\n    at Function._migrateDocuments (file:///D:/Juegos/Foundry_daggerheart_git/Foundry-daggerheart/Portable-FoundryVTT-v13.348/App/resources/app/dist/database/backend/server-document.mjs:1:2782)","timestamp":"2026-05-24 13:52:40"}
{"level":"error","message":"An error occurred during the migration of Actor record [Uu7RvfCQnjz6CNhI] of database \"daggerheart-extra-content.more-adversaries\":\nError: Documents from a core version newer than the running version cannot be migrated\n    at Function._migrateRecord (file:///D:/Juegos/Foundry_daggerheart_git/Foundry-daggerheart/Portable-FoundryVTT-v13.348/App/resources/app/dist/database/backend/server-document.mjs:1:3713)\n    at Function._migrateDocuments (file:///D:/Juegos/Foundry_daggerheart_git/Foundry-daggerheart/Portable-FoundryVTT-v13.348/App/resources/app/dist/database/backend/server-document.mjs:1:2782)","timestamp":"2026-05-24 13:52:40"}
{"level":"error","message":"An error occurred during the migration of Actor record [dz7P6qQlXyDH34fj] of database \"daggerheart-extra-content.more-adversaries\":\nError: Documents from a core version newer than the running version cannot be migrated\n    at Function._migrateRecord (file:///D:/Juegos/Foundry_daggerheart_git/Foundry-daggerheart/Portable-FoundryVTT-v13.348/App/resources/app/dist/database/backend/server-document.mjs:1:3713)\n    at Function._migrateDocuments (file:///D:/Juegos/Foundry_daggerheart_git/Foundry-daggerheart/Portable-FoundryVTT-v13.348/App/resources/app/dist/database/backend/server-document.mjs:1:2782)","timestamp":"2026-05-24 13:52:40"}
{"level":"error","message":"An error occurred during the migration of Actor record [eQ87jrVECayfpio3] of database \"daggerheart-extra-content.more-adversaries\":\nError: Documents from a core version newer than the running version cannot be migrated\n    at Function._migrateRecord (file:///D:/Juegos/Foundry_daggerheart_git/Foundry-daggerheart/Portable-FoundryVTT-v13.348/App/resources/app/dist/database/backend/server-document.mjs:1:3713)\n    at Function._migrateDocuments (file:///D:/Juegos/Foundry_daggerheart_git/Foundry-daggerheart/Portable-FoundryVTT-v13.348/App/resources/app/dist/database/backend/server-document.mjs:1:2782)","timestamp":"2026-05-24 13:52:40"}
{"level":"error","message":"An error occurred during the migration of Actor record [f7a0iCjxLOcnoOry] of database \"daggerheart-extra-content.more-adversaries\":\nError: Documents from a core version newer than the running version cannot be migrated\n    at Function._migrateRecord (file:///D:/Juegos/Foundry_daggerheart_git/Foundry-daggerheart/Portable-FoundryVTT-v13.348/App/resources/app/dist/database/backend/server-document.mjs:1:3713)\n    at Function._migrateDocuments (file:///D:/Juegos/Foundry_daggerheart_git/Foundry-daggerheart/Portable-FoundryVTT-v13.348/App/resources/app/dist/database/backend/server-document.mjs:1:2782)","timestamp":"2026-05-24 13:52:40"}
{"level":"error","message":"An error occurred during the migration of Actor record [j0ncG4oNxG6c7CoZ] of database \"daggerheart-extra-content.more-adversaries\":\nError: Documents from a core version newer than the running version cannot be migrated\n    at Function._migrateRecord (file:///D:/Juegos/Foundry_daggerheart_git/Foundry-daggerheart/Portable-FoundryVTT-v13.348/App/resources/app/dist/database/backend/server-document.mjs:1:3713)\n    at Function._migrateDocuments (file:///D:/Juegos/Foundry_daggerheart_git/Foundry-daggerheart/Portable-FoundryVTT-v13.348/App/resources/app/dist/database/backend/server-document.mjs:1:2782)","timestamp":"2026-05-24 13:52:40"}
{"level":"error","message":"An error occurred during the migration of Actor record [n7SBEHvb48tFamKO] of database \"daggerheart-extra-content.more-adversaries\":\nError: Documents from a core version newer than the running version cannot be migrated\n    at Function._migrateRecord (file:///D:/Juegos/Foundry_daggerheart_git/Foundry-daggerheart/Portable-FoundryVTT-v13.348/App/resources/app/dist/database/backend/server-document.mjs:1:3713)\n    at Function._migrateDocuments (file:///D:/Juegos/Foundry_daggerheart_git/Foundry-daggerheart/Portable-FoundryVTT-v13.348/App/resources/app/dist/database/backend/server-document.mjs:1:2782)","timestamp":"2026-05-24 13:52:40"}
{"level":"error","message":"An error occurred during the migration of Actor record [p7LYTbyuPUNisLQ5] of database \"daggerheart-extra-content.more-adversaries\":\nError: Documents from a core version newer than the running version cannot be migrated\n    at Function._migrateRecord (file:///D:/Juegos/Foundry_daggerheart_git/Foundry-daggerheart/Portable-FoundryVTT-v13.348/App/resources/app/dist/database/backend/server-document.mjs:1:3713)\n    at Function._migrateDocuments (file:///D:/Juegos/Foundry_daggerheart_git/Foundry-daggerheart/Portable-FoundryVTT-v13.348/App/resources/app/dist/database/backend/server-document.mjs:1:2782)","timestamp":"2026-05-24 13:52:40"}
{"level":"error","message":"An error occurred during the migration of Actor record [pCEWxOqd7C0B9DxO] of database \"daggerheart-extra-content.more-adversaries\":\nError: Documents from a core version newer than the running version cannot be migrated\n    at Function._migrateRecord (file:///D:/Juegos/Foundry_daggerheart_git/Foundry-daggerheart/Portable-FoundryVTT-v13.348/App/resources/app/dist/database/backend/server-document.mjs:1:3713)\n    at Function._migrateDocuments (file:///D:/Juegos/Foundry_daggerheart_git/Foundry-daggerheart/Portable-FoundryVTT-v13.348/App/resources/app/dist/database/backend/server-document.mjs:1:2782)","timestamp":"2026-05-24 13:52:40"}
{"level":"error","message":"An error occurred during the migration of Actor record [pCkMBn3zgF4WA1zz] of database \"daggerheart-extra-content.more-adversaries\":\nError: Documents from a core version newer than the running version cannot be migrated\n    at Function._migrateRecord (file:///D:/Juegos/Foundry_daggerheart_git/Foundry-daggerheart/Portable-FoundryVTT-v13.348/App/resources/app/dist/database/backend/server-document.mjs:1:3713)\n    at Function._migrateDocuments (file:///D:/Juegos/Foundry_daggerheart_git/Foundry-daggerheart/Portable-FoundryVTT-v13.348/App/resources/app/dist/database/backend/server-document.mjs:1:2782)","timestamp":"2026-05-24 13:52:40"}
{"level":"error","message":"An error occurred during the migration of Actor record [sEtsUW24RgFB83TQ] of database \"daggerheart-extra-content.more-adversaries\":\nError: Documents from a core version newer than the running version cannot be migrated\n    at Function._migrateRecord (file:///D:/Juegos/Foundry_daggerheart_git/Foundry-daggerheart/Portable-FoundryVTT-v13.348/App/resources/app/dist/database/backend/server-document.mjs:1:3713)\n    at Function._migrateDocuments (file:///D:/Juegos/Foundry_daggerheart_git/Foundry-daggerheart/Portable-FoundryVTT-v13.348/App/resources/app/dist/database/backend/server-document.mjs:1:2782)","timestamp":"2026-05-24 13:52:40"}
{"level":"error","message":"An error occurred during the migration of Actor record [sKqhR4Gzsc953DBq] of database \"daggerheart-extra-content.more-adversaries\":\nError: Documents from a core version newer than the running version cannot be migrated\n    at Function._migrateRecord (file:///D:/Juegos/Foundry_daggerheart_git/Foundry-daggerheart/Portable-FoundryVTT-v13.348/App/resources/app/dist/database/backend/server-document.mjs:1:3713)\n    at Function._migrateDocuments (file:///D:/Juegos/Foundry_daggerheart_git/Foundry-daggerheart/Portable-FoundryVTT-v13.348/App/resources/app/dist/database/backend/server-document.mjs:1:2782)","timestamp":"2026-05-24 13:52:40"}
{"level":"warn","message":"Database daggerheart-extra-content.more-adversaries was not fully migrated due to errors during migration.","timestamp":"2026-05-24 13:52:40"}
{"level":"info","message":"Launching World | Migrating Package Data - 55%","timestamp":"2026-05-24 13:52:40"}
{"level":"info","message":"Launching World | Migrating Package Data - 57%","timestamp":"2026-05-24 13:52:40"}
{"level":"info","message":"Launching World | Migrating Package Data - 59%","timestamp":"2026-05-24 13:52:40"}
{"level":"error","message":"An error occurred during the migration of Item record [04I86qVoEQ310sCR] of database \"daggerheart-extra-content.ancestry\":\nError: Documents from a core version newer than the running version cannot be migrated\n    at Function._migrateRecord (file:///D:/Juegos/Foundry_daggerheart_git/Foundry-daggerheart/Portable-FoundryVTT-v13.348/App/resources/app/dist/database/backend/server-document.mjs:1:3713)\n    at Function._migrateDocuments (file:///D:/Juegos/Foundry_daggerheart_git/Foundry-daggerheart/Portable-FoundryVTT-v13.348/App/resources/app/dist/database/backend/server-document.mjs:1:2782)","timestamp":"2026-05-24 13:52:40"}
{"level":"error","message":"An error occurred during the migration of Item record [2zyMaehKcKOEGM4E] of database \"daggerheart-extra-content.ancestry\":\nError: Documents from a core version newer than the running version cannot be migrated\n    at Function._migrateRecord (file:///D:/Juegos/Foundry_daggerheart_git/Foundry-daggerheart/Portable-FoundryVTT-v13.348/App/resources/app/dist/database/backend/server-document.mjs:1:3713)\n    at Function._migrateDocuments (file:///D:/Juegos/Foundry_daggerheart_git/Foundry-daggerheart/Portable-FoundryVTT-v13.348/App/resources/app/dist/database/backend/server-document.mjs:1:2782)","timestamp":"2026-05-24 13:52:40"}
{"level":"error","message":"An error occurred during the migration of Item record [Fc3hqveUPZNSVSk7] of database \"daggerheart-extra-content.ancestry\":\nError: Documents from a core version newer than the running version cannot be migrated\n    at Function._migrateRecord (file:///D:/Juegos/Foundry_daggerheart_git/Foundry-daggerheart/Portable-FoundryVTT-v13.348/App/resources/app/dist/database/backend/server-document.mjs:1:3713)\n    at Function._migrateDocuments (file:///D:/Juegos/Foundry_daggerheart_git/Foundry-daggerheart/Portable-FoundryVTT-v13.348/App/resources/app/dist/database/backend/server-document.mjs:1:2782)","timestamp":"2026-05-24 13:52:40"}
{"level":"error","message":"An error occurred during the migration of Item record [QbBbdOgrtxEIWQHB] of database \"daggerheart-extra-content.ancestry\":\nError: Documents from a core version newer than the running version cannot be migrated\n    at Function._migrateRecord (file:///D:/Juegos/Foundry_daggerheart_git/Foundry-daggerheart/Portable-FoundryVTT-v13.348/App/resources/app/dist/database/backend/server-document.mjs:1:3713)\n    at Function._migrateDocuments (file:///D:/Juegos/Foundry_daggerheart_git/Foundry-daggerheart/Portable-FoundryVTT-v13.348/App/resources/app/dist/database/backend/server-document.mjs:1:2782)","timestamp":"2026-05-24 13:52:40"}
{"level":"error","message":"An error occurred during the migration of Item record [WOHi9gvF8Ha10EnF] of database \"daggerheart-extra-content.ancestry\":\nError: Documents from a core version newer than the running version cannot be migrated\n    at Function._migrateRecord (file:///D:/Juegos/Foundry_daggerheart_git/Foundry-daggerheart/Portable-FoundryVTT-v13.348/App/resources/app/dist/database/backend/server-document.mjs:1:3713)\n    at Function._migrateDocuments (file:///D:/Juegos/Foundry_daggerheart_git/Foundry-daggerheart/Portable-FoundryVTT-v13.348/App/resources/app/dist/database/backend/server-document.mjs:1:2782)","timestamp":"2026-05-24 13:52:40"}
{"level":"error","message":"An error occurred during the migration of Item record [jP4n9wzq0wvfxULo] of database \"daggerheart-extra-content.ancestry\":\nError: Documents from a core version newer than the running version cannot be migrated\n    at Function._migrateRecord (file:///D:/Juegos/Foundry_daggerheart_git/Foundry-daggerheart/Portable-FoundryVTT-v13.348/App/resources/app/dist/database/backend/server-document.mjs:1:3713)\n    at Function._migrateDocuments (file:///D:/Juegos/Foundry_daggerheart_git/Foundry-daggerheart/Portable-FoundryVTT-v13.348/App/resources/app/dist/database/backend/server-document.mjs:1:2782)","timestamp":"2026-05-24 13:52:40"}
{"level":"error","message":"An error occurred during the migration of Item record [pjtNmhoBNxjrzRPk] of database \"daggerheart-extra-content.ancestry\":\nError: Documents from a core version newer than the running version cannot be migrated\n    at Function._migrateRecord (file:///D:/Juegos/Foundry_daggerheart_git/Foundry-daggerheart/Portable-FoundryVTT-v13.348/App/resources/app/dist/database/backend/server-document.mjs:1:3713)\n    at Function._migrateDocuments (file:///D:/Juegos/Foundry_daggerheart_git/Foundry-daggerheart/Portable-FoundryVTT-v13.348/App/resources/app/dist/database/backend/server-document.mjs:1:2782)","timestamp":"2026-05-24 13:52:40"}
{"level":"error","message":"An error occurred during the migration of Item record [vWfsYRjrKPUne2nZ] of database \"daggerheart-extra-content.ancestry\":\nError: Documents from a core version newer than the running version cannot be migrated\n    at Function._migrateRecord (file:///D:/Juegos/Foundry_daggerheart_git/Foundry-daggerheart/Portable-FoundryVTT-v13.348/App/resources/app/dist/database/backend/server-document.mjs:1:3713)\n    at Function._migrateDocuments (file:///D:/Juegos/Foundry_daggerheart_git/Foundry-daggerheart/Portable-FoundryVTT-v13.348/App/resources/app/dist/database/backend/server-document.mjs:1:2782)","timestamp":"2026-05-24 13:52:40"}
{"level":"error","message":"An error occurred during the migration of Item record [y4tOp4lUYpyC7YJW] of database \"daggerheart-extra-content.ancestry\":\nError: Documents from a core version newer than the running version cannot be migrated\n    at Function._migrateRecord (file:///D:/Juegos/Foundry_daggerheart_git/Foundry-daggerheart/Portable-FoundryVTT-v13.348/App/resources/app/dist/database/backend/server-document.mjs:1:3713)\n    at Function._migrateDocuments (file:///D:/Juegos/Foundry_daggerheart_git/Foundry-daggerheart/Portable-FoundryVTT-v13.348/App/resources/app/dist/database/backend/server-document.mjs:1:2782)","timestamp":"2026-05-24 13:52:40"}
{"level":"warn","message":"Database daggerheart-extra-content.ancestry was not fully migrated due to errors during migration.","timestamp":"2026-05-24 13:52:40"}
{"level":"info","message":"Launching World | Migrating Package Data - 61%","timestamp":"2026-05-24 13:52:40"}
{"level":"info","message":"Launching World | Migrating Package Data - 63%","timestamp":"2026-05-24 13:52:40"}
{"level":"error","message":"An error occurred during the migration of Item record [8D0NQR901j0Kx0zb] of database \"daggerheart-extra-content.classes\":\nError: Documents from a core version newer than the running version cannot be migrated\n    at Function._migrateRecord (file:///D:/Juegos/Foundry_daggerheart_git/Foundry-daggerheart/Portable-FoundryVTT-v13.348/App/resources/app/dist/database/backend/server-document.mjs:1:3713)\n    at Function._migrateDocuments (file:///D:/Juegos/Foundry_daggerheart_git/Foundry-daggerheart/Portable-FoundryVTT-v13.348/App/resources/app/dist/database/backend/server-document.mjs:1:2782)","timestamp":"2026-05-24 13:52:40"}
{"level":"error","message":"An error occurred during the migration of Item record [B90E3nk0uBeZpPw8] of database \"daggerheart-extra-content.classes\":\nError: Documents from a core version newer than the running version cannot be migrated\n    at Function._migrateRecord (file:///D:/Juegos/Foundry_daggerheart_git/Foundry-daggerheart/Portable-FoundryVTT-v13.348/App/resources/app/dist/database/backend/server-document.mjs:1:3713)\n    at Function._migrateDocuments (file:///D:/Juegos/Foundry_daggerheart_git/Foundry-daggerheart/Portable-FoundryVTT-v13.348/App/resources/app/dist/database/backend/server-document.mjs:1:2782)","timestamp":"2026-05-24 13:52:40"}
{"level":"error","message":"An error occurred during the migration of Item record [E5d3CnR98vEXt8QS] of database \"daggerheart-extra-content.classes\":\nError: Documents from a core version newer than the running version cannot be migrated\n    at Function._migrateRecord (file:///D:/Juegos/Foundry_daggerheart_git/Foundry-daggerheart/Portable-FoundryVTT-v13.348/App/resources/app/dist/database/backend/server-document.mjs:1:3713)\n    at Function._migrateDocuments (file:///D:/Juegos/Foundry_daggerheart_git/Foundry-daggerheart/Portable-FoundryVTT-v13.348/App/resources/app/dist/database/backend/server-document.mjs:1:2782)","timestamp":"2026-05-24 13:52:40"}
{"level":"error","message":"An error occurred during the migration of Item record [EcUepPeaFQz7tnme] of database \"daggerheart-extra-content.classes\":\nError: Documents from a core version newer than the running version cannot be migrated\n    at Function._migrateRecord (file:///D:/Juegos/Foundry_daggerheart_git/Foundry-daggerheart/Portable-FoundryVTT-v13.348/App/resources/app/dist/database/backend/server-document.mjs:1:3713)\n    at Function._migrateDocuments (file:///D:/Juegos/Foundry_daggerheart_git/Foundry-daggerheart/Portable-FoundryVTT-v13.348/App/resources/app/dist/database/backend/server-document.mjs:1:2782)","timestamp":"2026-05-24 13:52:40"}
{"level":"error","message":"An error occurred during the migration of Item record [MAT6l8tUvELiLK4L] of database \"daggerheart-extra-content.classes\":\nError: Documents from a core version newer than the running version cannot be migrated\n    at Function._migrateRecord (file:///D:/Juegos/Foundry_daggerheart_git/Foundry-daggerheart/Portable-FoundryVTT-v13.348/App/resources/app/dist/database/backend/server-document.mjs:1:3713)\n    at Function._migrateDocuments (file:///D:/Juegos/Foundry_daggerheart_git/Foundry-daggerheart/Portable-FoundryVTT-v13.348/App/resources/app/dist/database/backend/server-document.mjs:1:2782)","timestamp":"2026-05-24 13:52:40"}
{"level":"error","message":"An error occurred during the migration of Item record [N4mXcAWdpFYJdWZn] of database \"daggerheart-extra-content.classes\":\nError: Documents from a core version newer than the running version cannot be migrated\n    at Function._migrateRecord (file:///D:/Juegos/Foundry_daggerheart_git/Foundry-daggerheart/Portable-FoundryVTT-v13.348/App/resources/app/dist/database/backend/server-document.mjs:1:3713)\n    at Function._migrateDocuments (file:///D:/Juegos/Foundry_daggerheart_git/Foundry-daggerheart/Portable-FoundryVTT-v13.348/App/resources/app/dist/database/backend/server-document.mjs:1:2782)","timestamp":"2026-05-24 13:52:40"}
{"level":"error","message":"An error occurred during the migration of Item record [g01PAvRJsgiUHpnD] of database \"daggerheart-extra-content.classes\":\nError: Documents from a core version newer than the running version cannot be migrated\n    at Function._migrateRecord (file:///D:/Juegos/Foundry_daggerheart_git/Foundry-daggerheart/Portable-FoundryVTT-v13.348/App/resources/app/dist/database/backend/server-document.mjs:1:3713)\n    at Function._migrateDocuments (file:///D:/Juegos/Foundry_daggerheart_git/Foundry-daggerheart/Portable-FoundryVTT-v13.348/App/resources/app/dist/database/backend/server-document.mjs:1:2782)","timestamp":"2026-05-24 13:52:40"}
{"level":"error","message":"An error occurred during the migration of Item record [hXehaNaOdYzSJqxf] of database \"daggerheart-extra-content.classes\":\nError: Documents from a core version newer than the running version cannot be migrated\n    at Function._migrateRecord (file:///D:/Juegos/Foundry_daggerheart_git/Foundry-daggerheart/Portable-FoundryVTT-v13.348/App/resources/app/dist/database/backend/server-document.mjs:1:3713)\n    at Function._migrateDocuments (file:///D:/Juegos/Foundry_daggerheart_git/Foundry-daggerheart/Portable-FoundryVTT-v13.348/App/resources/app/dist/database/backend/server-document.mjs:1:2782)","timestamp":"2026-05-24 13:52:40"}
{"level":"error","message":"An error occurred during the migration of Item record [k4NTq8kIqQNNv9bl] of database \"daggerheart-extra-content.classes\":\nError: Documents from a core version newer than the running version cannot be migrated\n    at Function._migrateRecord (file:///D:/Juegos/Foundry_daggerheart_git/Foundry-daggerheart/Portable-FoundryVTT-v13.348/App/resources/app/dist/database/backend/server-document.mjs:1:3713)\n    at Function._migrateDocuments (file:///D:/Juegos/Foundry_daggerheart_git/Foundry-daggerheart/Portable-FoundryVTT-v13.348/App/resources/app/dist/database/backend/server-document.mjs:1:2782)","timestamp":"2026-05-24 13:52:40"}
{"level":"error","message":"An error occurred during the migration of Item record [m0xIb9uq6tlZdsoz] of database \"daggerheart-extra-content.classes\":\nError: Documents from a core version newer than the running version cannot be migrated\n    at Function._migrateRecord (file:///D:/Juegos/Foundry_daggerheart_git/Foundry-daggerheart/Portable-FoundryVTT-v13.348/App/resources/app/dist/database/backend/server-document.mjs:1:3713)\n    at Function._migrateDocuments (file:///D:/Juegos/Foundry_daggerheart_git/Foundry-daggerheart/Portable-FoundryVTT-v13.348/App/resources/app/dist/database/backend/server-document.mjs:1:2782)","timestamp":"2026-05-24 13:52:40"}
{"level":"error","message":"An error occurred during the migration of Item record [mYoYtle6DKA0UwQd] of database \"daggerheart-extra-content.classes\":\nError: Documents from a core version newer than the running version cannot be migrated\n    at Function._migrateRecord (file:///D:/Juegos/Foundry_daggerheart_git/Foundry-daggerheart/Portable-FoundryVTT-v13.348/App/resources/app/dist/database/backend/server-document.mjs:1:3713)\n    at Function._migrateDocuments (file:///D:/Juegos/Foundry_daggerheart_git/Foundry-daggerheart/Portable-FoundryVTT-v13.348/App/resources/app/dist/database/backend/server-document.mjs:1:2782)","timestamp":"2026-05-24 13:52:40"}
{"level":"error","message":"An error occurred during the migration of Item record [xGemeGMXhosaM22K] of database \"daggerheart-extra-content.classes\":\nError: Documents from a core version newer than the running version cannot be migrated\n    at Function._migrateRecord (file:///D:/Juegos/Foundry_daggerheart_git/Foundry-daggerheart/Portable-FoundryVTT-v13.348/App/resources/app/dist/database/backend/server-document.mjs:1:3713)\n    at Function._migrateDocuments (file:///D:/Juegos/Foundry_daggerheart_git/Foundry-daggerheart/Portable-FoundryVTT-v13.348/App/resources/app/dist/database/backend/server-document.mjs:1:2782)","timestamp":"2026-05-24 13:52:40"}
{"level":"error","message":"An error occurred during the migration of Item record [zzaKRTPuYEahfilp] of database \"daggerheart-extra-content.classes\":\nError: Documents from a core version newer than the running version cannot be migrated\n    at Function._migrateRecord (file:///D:/Juegos/Foundry_daggerheart_git/Foundry-daggerheart/Portable-FoundryVTT-v13.348/App/resources/app/dist/database/backend/server-document.mjs:1:3713)\n    at Function._migrateDocuments (file:///D:/Juegos/Foundry_daggerheart_git/Foundry-daggerheart/Portable-FoundryVTT-v13.348/App/resources/app/dist/database/backend/server-document.mjs:1:2782)","timestamp":"2026-05-24 13:52:40"}
{"level":"warn","message":"Database daggerheart-extra-content.classes was not fully migrated due to errors during migration.","timestamp":"2026-05-24 13:52:40"}
{"level":"info","message":"Launching World | Migrating Package Data - 65%","timestamp":"2026-05-24 13:52:40"}
{"level":"error","message":"An error occurred during the migration of Item record [0YAGrauVMvqpHUou] of database \"daggerheart-extra-content.subclasses\":\nError: Documents from a core version newer than the running version cannot be migrated\n    at Function._migrateRecord (file:///D:/Juegos/Foundry_daggerheart_git/Foundry-daggerheart/Portable-FoundryVTT-v13.348/App/resources/app/dist/database/backend/server-document.mjs:1:3713)\n    at Function._migrateDocuments (file:///D:/Juegos/Foundry_daggerheart_git/Foundry-daggerheart/Portable-FoundryVTT-v13.348/App/resources/app/dist/database/backend/server-document.mjs:1:2782)","timestamp":"2026-05-24 13:52:40"}
{"level":"error","message":"An error occurred during the migration of Item record [1vMdJBGISqJYzAA8] of database \"daggerheart-extra-content.subclasses\":\nError: Documents from a core version newer than the running version cannot be migrated\n    at Function._migrateRecord (file:///D:/Juegos/Foundry_daggerheart_git/Foundry-daggerheart/Portable-FoundryVTT-v13.348/App/resources/app/dist/database/backend/server-document.mjs:1:3713)\n    at Function._migrateDocuments (file:///D:/Juegos/Foundry_daggerheart_git/Foundry-daggerheart/Portable-FoundryVTT-v13.348/App/resources/app/dist/database/backend/server-document.mjs:1:2782)","timestamp":"2026-05-24 13:52:40"}
{"level":"error","message":"An error occurred during the migration of Item record [48oK5ke7KNhEoSBK] of database \"daggerheart-extra-content.subclasses\":\nError: Documents from a core version newer than the running version cannot be migrated\n    at Function._migrateRecord (file:///D:/Juegos/Foundry_daggerheart_git/Foundry-daggerheart/Portable-FoundryVTT-v13.348/App/resources/app/dist/database/backend/server-document.mjs:1:3713)\n    at Function._migrateDocuments (file:///D:/Juegos/Foundry_daggerheart_git/Foundry-daggerheart/Portable-FoundryVTT-v13.348/App/resources/app/dist/database/backend/server-document.mjs:1:2782)","timestamp":"2026-05-24 13:52:40"}
{"level":"error","message":"An error occurred during the migration of Item record [DeyoqbkHGP5Zm5bb] of database \"daggerheart-extra-content.subclasses\":\nError: Documents from a core version newer than the running version cannot be migrated\n    at Function._migrateRecord (file:///D:/Juegos/Foundry_daggerheart_git/Foundry-daggerheart/Portable-FoundryVTT-v13.348/App/resources/app/dist/database/backend/server-document.mjs:1:3713)\n    at Function._migrateDocuments (file:///D:/Juegos/Foundry_daggerheart_git/Foundry-daggerheart/Portable-FoundryVTT-v13.348/App/resources/app/dist/database/backend/server-document.mjs:1:2782)","timestamp":"2026-05-24 13:52:40"}
{"level":"error","message":"An error occurred during the migration of Item record [HQmOhlvOcO5GjiRG] of database \"daggerheart-extra-content.subclasses\":\nError: Documents from a core version newer than the running version cannot be migrated\n    at Function._migrateRecord (file:///D:/Juegos/Foundry_daggerheart_git/Foundry-daggerheart/Portable-FoundryVTT-v13.348/App/resources/app/dist/database/backend/server-document.mjs:1:3713)\n    at Function._migrateDocuments (file:///D:/Juegos/Foundry_daggerheart_git/Foundry-daggerheart/Portable-FoundryVTT-v13.348/App/resources/app/dist/database/backend/server-document.mjs:1:2782)","timestamp":"2026-05-24 13:52:40"}
{"level":"error","message":"An error occurred during the migration of Item record [LCqFlGKsObwYDIEm] of database \"daggerheart-extra-content.subclasses\":\nError: Documents from a core version newer than the running version cannot be migrated\n    at Function._migrateRecord (file:///D:/Juegos/Foundry_daggerheart_git/Foundry-daggerheart/Portable-FoundryVTT-v13.348/App/resources/app/dist/database/backend/server-document.mjs:1:3713)\n    at Function._migrateDocuments (file:///D:/Juegos/Foundry_daggerheart_git/Foundry-daggerheart/Portable-FoundryVTT-v13.348/App/resources/app/dist/database/backend/server-document.mjs:1:2782)","timestamp":"2026-05-24 13:52:40"}
{"level":"error","message":"An error occurred during the migration of Item record [ThjRka7o73hN3p0B] of database \"daggerheart-extra-content.subclasses\":\nError: Documents from a core version newer than the running version cannot be migrated\n    at Function._migrateRecord (file:///D:/Juegos/Foundry_daggerheart_git/Foundry-daggerheart/Portable-FoundryVTT-v13.348/App/resources/app/dist/database/backend/server-document.mjs:1:3713)\n    at Function._migrateDocuments (file:///D:/Juegos/Foundry_daggerheart_git/Foundry-daggerheart/Portable-FoundryVTT-v13.348/App/resources/app/dist/database/backend/server-document.mjs:1:2782)","timestamp":"2026-05-24 13:52:40"}
{"level":"error","message":"An error occurred during the migration of Item record [UOiFsix0pZrccp1y] of database \"daggerheart-extra-content.subclasses\":\nError: Documents from a core version newer than the running version cannot be migrated\n    at Function._migrateRecord (file:///D:/Juegos/Foundry_daggerheart_git/Foundry-daggerheart/Portable-FoundryVTT-v13.348/App/resources/app/dist/database/backend/server-document.mjs:1:3713)\n    at Function._migrateDocuments (file:///D:/Juegos/Foundry_daggerheart_git/Foundry-daggerheart/Portable-FoundryVTT-v13.348/App/resources/app/dist/database/backend/server-document.mjs:1:2782)","timestamp":"2026-05-24 13:52:40"}
{"level":"error","message":"An error occurred during the migration of Item record [YtPj46QA47slm76U] of database \"daggerheart-extra-content.subclasses\":\nError: Documents from a core version newer than the running version cannot be migrated\n    at Function._migrateRecord (file:///D:/Juegos/Foundry_daggerheart_git/Foundry-daggerheart/Portable-FoundryVTT-v13.348/App/resources/app/dist/database/backend/server-document.mjs:1:3713)\n    at Function._migrateDocuments (file:///D:/Juegos/Foundry_daggerheart_git/Foundry-daggerheart/Portable-FoundryVTT-v13.348/App/resources/app/dist/database/backend/server-document.mjs:1:2782)","timestamp":"2026-05-24 13:52:40"}
{"level":"error","message":"An error occurred during the migration of Item record [Z2oD6qtFjxzDYqWV] of database \"daggerheart-extra-content.subclasses\":\nError: Documents from a core version newer than the running version cannot be migrated\n    at Function._migrateRecord (file:///D:/Juegos/Foundry_daggerheart_git/Foundry-daggerheart/Portable-FoundryVTT-v13.348/App/resources/app/dist/database/backend/server-document.mjs:1:3713)\n    at Function._migrateDocuments (file:///D:/Juegos/Foundry_daggerheart_git/Foundry-daggerheart/Portable-FoundryVTT-v13.348/App/resources/app/dist/database/backend/server-document.mjs:1:2782)","timestamp":"2026-05-24 13:52:40"}
{"level":"error","message":"An error occurred during the migration of Item record [aKNaVPnQeDzCZl6w] of database \"daggerheart-extra-content.subclasses\":\nError: Documents from a core version newer than the running version cannot be migrated\n    at Function._migrateRecord (file:///D:/Juegos/Foundry_daggerheart_git/Foundry-daggerheart/Portable-FoundryVTT-v13.348/App/resources/app/dist/database/backend/server-document.mjs:1:3713)\n    at Function._migrateDocuments (file:///D:/Juegos/Foundry_daggerheart_git/Foundry-daggerheart/Portable-FoundryVTT-v13.348/App/resources/app/dist/database/backend/server-document.mjs:1:2782)","timestamp":"2026-05-24 13:52:40"}
{"level":"error","message":"An error occurred during the migration of Item record [bQMybQa340rpMCR8] of database \"daggerheart-extra-content.subclasses\":\nError: Documents from a core version newer than the running version cannot be migrated\n    at Function._migrateRecord (file:///D:/Juegos/Foundry_daggerheart_git/Foundry-daggerheart/Portable-FoundryVTT-v13.348/App/resources/app/dist/database/backend/server-document.mjs:1:3713)\n    at Function._migrateDocuments (file:///D:/Juegos/Foundry_daggerheart_git/Foundry-daggerheart/Portable-FoundryVTT-v13.348/App/resources/app/dist/database/backend/server-document.mjs:1:2782)","timestamp":"2026-05-24 13:52:40"}
{"level":"error","message":"An error occurred during the migration of Item record [eM46wwEPFHNI99sq] of database \"daggerheart-extra-content.subclasses\":\nError: Documents from a core version newer than the running version cannot be migrated\n    at Function._migrateRecord (file:///D:/Juegos/Foundry_daggerheart_git/Foundry-daggerheart/Portable-FoundryVTT-v13.348/App/resources/app/dist/database/backend/server-document.mjs:1:3713)\n    at Function._migrateDocuments (file:///D:/Juegos/Foundry_daggerheart_git/Foundry-daggerheart/Portable-FoundryVTT-v13.348/App/resources/app/dist/database/backend/server-document.mjs:1:2782)","timestamp":"2026-05-24 13:52:40"}
{"level":"error","message":"An error occurred during the migration of Item record [eQ8YQvNFJJnz9OqQ] of database \"daggerheart-extra-content.subclasses\":\nError: Documents from a core version newer than the running version cannot be migrated\n    at Function._migrateRecord (file:///D:/Juegos/Foundry_daggerheart_git/Foundry-daggerheart/Portable-FoundryVTT-v13.348/App/resources/app/dist/database/backend/server-document.mjs:1:3713)\n    at Function._migrateDocuments (file:///D:/Juegos/Foundry_daggerheart_git/Foundry-daggerheart/Portable-FoundryVTT-v13.348/App/resources/app/dist/database/backend/server-document.mjs:1:2782)","timestamp":"2026-05-24 13:52:40"}
{"level":"error","message":"An error occurred during the migration of Item record [hRIq3JkT9ZwZr5Qf] of database \"daggerheart-extra-content.subclasses\":\nError: Documents from a core version newer than the running version cannot be migrated\n    at Function._migrateRecord (file:///D:/Juegos/Foundry_daggerheart_git/Foundry-daggerheart/Portable-FoundryVTT-v13.348/App/resources/app/dist/database/backend/server-document.mjs:1:3713)\n    at Function._migrateDocuments (file:///D:/Juegos/Foundry_daggerheart_git/Foundry-daggerheart/Portable-FoundryVTT-v13.348/App/resources/app/dist/database/backend/server-document.mjs:1:2782)","timestamp":"2026-05-24 13:52:40"}
{"level":"error","message":"An error occurred during the migration of Item record [hZqlmZX7lIGN3auH] of database \"daggerheart-extra-content.subclasses\":\nError: Documents from a core version newer than the running version cannot be migrated\n    at Function._migrateRecord (file:///D:/Juegos/Foundry_daggerheart_git/Foundry-daggerheart/Portable-FoundryVTT-v13.348/App/resources/app/dist/database/backend/server-document.mjs:1:3713)\n    at Function._migrateDocuments (file:///D:/Juegos/Foundry_daggerheart_git/Foundry-daggerheart/Portable-FoundryVTT-v13.348/App/resources/app/dist/database/backend/server-document.mjs:1:2782)","timestamp":"2026-05-24 13:52:40"}
{"level":"error","message":"An error occurred during the migration of Item record [lwShv1Is6MN1zDor] of database \"daggerheart-extra-content.subclasses\":\nError: Documents from a core version newer than the running version cannot be migrated\n    at Function._migrateRecord (file:///D:/Juegos/Foundry_daggerheart_git/Foundry-daggerheart/Portable-FoundryVTT-v13.348/App/resources/app/dist/database/backend/server-document.mjs:1:3713)\n    at Function._migrateDocuments (file:///D:/Juegos/Foundry_daggerheart_git/Foundry-daggerheart/Portable-FoundryVTT-v13.348/App/resources/app/dist/database/backend/server-document.mjs:1:2782)","timestamp":"2026-05-24 13:52:40"}
{"level":"error","message":"An error occurred during the migration of Item record [oWFZxLUa6apOCBW6] of database \"daggerheart-extra-content.subclasses\":\nError: Documents from a core version newer than the running version cannot be migrated\n    at Function._migrateRecord (file:///D:/Juegos/Foundry_daggerheart_git/Foundry-daggerheart/Portable-FoundryVTT-v13.348/App/resources/app/dist/database/backend/server-document.mjs:1:3713)\n    at Function._migrateDocuments (file:///D:/Juegos/Foundry_daggerheart_git/Foundry-daggerheart/Portable-FoundryVTT-v13.348/App/resources/app/dist/database/backend/server-document.mjs:1:2782)","timestamp":"2026-05-24 13:52:40"}
{"level":"error","message":"An error occurred during the migration of Item record [uZZCmokDQbizjw1d] of database \"daggerheart-extra-content.subclasses\":\nError: Documents from a core version newer than the running version cannot be migrated\n    at Function._migrateRecord (file:///D:/Juegos/Foundry_daggerheart_git/Foundry-daggerheart/Portable-FoundryVTT-v13.348/App/resources/app/dist/database/backend/server-document.mjs:1:3713)\n    at Function._migrateDocuments (file:///D:/Juegos/Foundry_daggerheart_git/Foundry-daggerheart/Portable-FoundryVTT-v13.348/App/resources/app/dist/database/backend/server-document.mjs:1:2782)","timestamp":"2026-05-24 13:52:40"}
{"level":"error","message":"An error occurred during the migration of Item record [ytYGENKq8AtjYqTb] of database \"daggerheart-extra-content.subclasses\":\nError: Documents from a core version newer than the running version cannot be migrated\n    at Function._migrateRecord (file:///D:/Juegos/Foundry_daggerheart_git/Foundry-daggerheart/Portable-FoundryVTT-v13.348/App/resources/app/dist/database/backend/server-document.mjs:1:3713)\n    at Function._migrateDocuments (file:///D:/Juegos/Foundry_daggerheart_git/Foundry-daggerheart/Portable-FoundryVTT-v13.348/App/resources/app/dist/database/backend/server-document.mjs:1:2782)","timestamp":"2026-05-24 13:52:40"}
{"level":"warn","message":"Database daggerheart-extra-content.subclasses was not fully migrated due to errors during migration.","timestamp":"2026-05-24 13:52:40"}
{"level":"info","message":"Launching World | Migrating Package Data - 67%","timestamp":"2026-05-24 13:52:40"}
{"level":"error","message":"An error occurred during the migration of JournalEntry record [0HoIamgOonkR18O4] of database \"daggerheart-quickrules.quickrules\":\nError: Documents from a core version newer than the running version cannot be migrated\n    at Function._migrateRecord (file:///D:/Juegos/Foundry_daggerheart_git/Foundry-daggerheart/Portable-FoundryVTT-v13.348/App/resources/app/dist/database/backend/server-document.mjs:1:3713)\n    at Function._migrateDocuments (file:///D:/Juegos/Foundry_daggerheart_git/Foundry-daggerheart/Portable-FoundryVTT-v13.348/App/resources/app/dist/database/backend/server-document.mjs:1:2782)","timestamp":"2026-05-24 13:52:41"}
{"level":"warn","message":"Database daggerheart-quickrules.quickrules was not fully migrated due to errors during migration.","timestamp":"2026-05-24 13:52:41"}
{"level":"info","message":"Launching World | Migrating Package Data - 69%","timestamp":"2026-05-24 13:52:41"}
{"level":"error","message":"An error occurred during the migration of Macro record [086BACDhwjoSfMJT] of database \"daggerheart-quickrules.macros\":\nError: Documents from a core version newer than the running version cannot be migrated\n    at Function._migrateRecord (file:///D:/Juegos/Foundry_daggerheart_git/Foundry-daggerheart/Portable-FoundryVTT-v13.348/App/resources/app/dist/database/backend/server-document.mjs:1:3713)\n    at Function._migrateDocuments (file:///D:/Juegos/Foundry_daggerheart_git/Foundry-daggerheart/Portable-FoundryVTT-v13.348/App/resources/app/dist/database/backend/server-document.mjs:1:2782)","timestamp":"2026-05-24 13:52:41"}
{"level":"error","message":"An error occurred during the migration of Macro record [C7DfAjaPcDZcyZPb] of database \"daggerheart-quickrules.macros\":\nError: Documents from a core version newer than the running version cannot be migrated\n    at Function._migrateRecord (file:///D:/Juegos/Foundry_daggerheart_git/Foundry-daggerheart/Portable-FoundryVTT-v13.348/App/resources/app/dist/database/backend/server-document.mjs:1:3713)\n    at Function._migrateDocuments (file:///D:/Juegos/Foundry_daggerheart_git/Foundry-daggerheart/Portable-FoundryVTT-v13.348/App/resources/app/dist/database/backend/server-document.mjs:1:2782)","timestamp":"2026-05-24 13:52:41"}
{"level":"error","message":"An error occurred during the migration of Macro record [U7DIFavJ2nzUNPTF] of database \"daggerheart-quickrules.macros\":\nError: Documents from a core version newer than the running version cannot be migrated\n    at Function._migrateRecord (file:///D:/Juegos/Foundry_daggerheart_git/Foundry-daggerheart/Portable-FoundryVTT-v13.348/App/resources/app/dist/database/backend/server-document.mjs:1:3713)\n    at Function._migrateDocuments (file:///D:/Juegos/Foundry_daggerheart_git/Foundry-daggerheart/Portable-FoundryVTT-v13.348/App/resources/app/dist/database/backend/server-document.mjs:1:2782)","timestamp":"2026-05-24 13:52:41"}
{"level":"warn","message":"Database daggerheart-quickrules.macros was not fully migrated due to errors during migration.","timestamp":"2026-05-24 13:52:41"}
{"level":"info","message":"Launching World | Migrating Package Data - 71%","timestamp":"2026-05-24 13:52:41"}
{"level":"error","message":"An error occurred during the migration of Item record [2hblPS6kI8KWiHqn] of database \"daggerheart-store.general-items\":\nError: Documents from a core version newer than the running version cannot be migrated\n    at Function._migrateRecord (file:///D:/Juegos/Foundry_daggerheart_git/Foundry-daggerheart/Portable-FoundryVTT-v13.348/App/resources/app/dist/database/backend/server-document.mjs:1:3713)\n    at Function._migrateDocuments (file:///D:/Juegos/Foundry_daggerheart_git/Foundry-daggerheart/Portable-FoundryVTT-v13.348/App/resources/app/dist/database/backend/server-document.mjs:1:2782)","timestamp":"2026-05-24 13:52:41"}
{"level":"error","message":"An error occurred during the migration of Item record [6pfBxfn5I3zW8Y9u] of database \"daggerheart-store.general-items\":\nError: Documents from a core version newer than the running version cannot be migrated\n    at Function._migrateRecord (file:///D:/Juegos/Foundry_daggerheart_git/Foundry-daggerheart/Portable-FoundryVTT-v13.348/App/resources/app/dist/database/backend/server-document.mjs:1:3713)\n    at Function._migrateDocuments (file:///D:/Juegos/Foundry_daggerheart_git/Foundry-daggerheart/Portable-FoundryVTT-v13.348/App/resources/app/dist/database/backend/server-document.mjs:1:2782)","timestamp":"2026-05-24 13:52:41"}
{"level":"error","message":"An error occurred during the migration of Item record [8Avrvxq6eoVpZdc3] of database \"daggerheart-store.general-items\":\nError: Documents from a core version newer than the running version cannot be migrated\n    at Function._migrateRecord (file:///D:/Juegos/Foundry_daggerheart_git/Foundry-daggerheart/Portable-FoundryVTT-v13.348/App/resources/app/dist/database/backend/server-document.mjs:1:3713)\n    at Function._migrateDocuments (file:///D:/Juegos/Foundry_daggerheart_git/Foundry-daggerheart/Portable-FoundryVTT-v13.348/App/resources/app/dist/database/backend/server-document.mjs:1:2782)","timestamp":"2026-05-24 13:52:41"}
{"level":"error","message":"An error occurred during the migration of Item record [DQ47HttEtNn2dPPM] of database \"daggerheart-store.general-items\":\nError: Documents from a core version newer than the running version cannot be migrated\n    at Function._migrateRecord (file:///D:/Juegos/Foundry_daggerheart_git/Foundry-daggerheart/Portable-FoundryVTT-v13.348/App/resources/app/dist/database/backend/server-document.mjs:1:3713)\n    at Function._migrateDocuments (file:///D:/Juegos/Foundry_daggerheart_git/Foundry-daggerheart/Portable-FoundryVTT-v13.348/App/resources/app/dist/database/backend/server-document.mjs:1:2782)","timestamp":"2026-05-24 13:52:41"}
{"level":"error","message":"An error occurred during the migration of Item record [ENxbZvy8uqHBJkZj] of database \"daggerheart-store.general-items\":\nError: Documents from a core version newer than the running version cannot be migrated\n    at Function._migrateRecord (file:///D:/Juegos/Foundry_daggerheart_git/Foundry-daggerheart/Portable-FoundryVTT-v13.348/App/resources/app/dist/database/backend/server-document.mjs:1:3713)\n    at Function._migrateDocuments (file:///D:/Juegos/Foundry_daggerheart_git/Foundry-daggerheart/Portable-FoundryVTT-v13.348/App/resources/app/dist/database/backend/server-document.mjs:1:2782)","timestamp":"2026-05-24 13:52:41"}
{"level":"error","message":"An error occurred during the migration of Item record [GZDZMCcmNUwwMdNQ] of database \"daggerheart-store.general-items\":\nError: Documents from a core version newer than the running version cannot be migrated\n    at Function._migrateRecord (file:///D:/Juegos/Foundry_daggerheart_git/Foundry-daggerheart/Portable-FoundryVTT-v13.348/App/resources/app/dist/database/backend/server-document.mjs:1:3713)\n    at Function._migrateDocuments (file:///D:/Juegos/Foundry_daggerheart_git/Foundry-daggerheart/Portable-FoundryVTT-v13.348/App/resources/app/dist/database/backend/server-document.mjs:1:2782)","timestamp":"2026-05-24 13:52:41"}
{"level":"error","message":"An error occurred during the migration of Item record [IdDRgCvBwBKnJ3fq] of database \"daggerheart-store.general-items\":\nError: Documents from a core version newer than the running version cannot be migrated\n    at Function._migrateRecord (file:///D:/Juegos/Foundry_daggerheart_git/Foundry-daggerheart/Portable-FoundryVTT-v13.348/App/resources/app/dist/database/backend/server-document.mjs:1:3713)\n    at Function._migrateDocuments (file:///D:/Juegos/Foundry_daggerheart_git/Foundry-daggerheart/Portable-FoundryVTT-v13.348/App/resources/app/dist/database/backend/server-document.mjs:1:2782)","timestamp":"2026-05-24 13:52:41"}
{"level":"error","message":"An error occurred during the migration of Item record [KDf6jWtCRuDgDBY7] of database \"daggerheart-store.general-items\":\nError: Documents from a core version newer than the running version cannot be migrated\n    at Function._migrateRecord (file:///D:/Juegos/Foundry_daggerheart_git/Foundry-daggerheart/Portable-FoundryVTT-v13.348/App/resources/app/dist/database/backend/server-document.mjs:1:3713)\n    at Function._migrateDocuments (file:///D:/Juegos/Foundry_daggerheart_git/Foundry-daggerheart/Portable-FoundryVTT-v13.348/App/resources/app/dist/database/backend/server-document.mjs:1:2782)","timestamp":"2026-05-24 13:52:41"}
{"level":"error","message":"An error occurred during the migration of Item record [KNVjlKNSVodaxgNi] of database \"daggerheart-store.general-items\":\nError: Documents from a core version newer than the running version cannot be migrated\n    at Function._migrateRecord (file:///D:/Juegos/Foundry_daggerheart_git/Foundry-daggerheart/Portable-FoundryVTT-v13.348/App/resources/app/dist/database/backend/server-document.mjs:1:3713)\n    at Function._migrateDocuments (file:///D:/Juegos/Foundry_daggerheart_git/Foundry-daggerheart/Portable-FoundryVTT-v13.348/App/resources/app/dist/database/backend/server-document.mjs:1:2782)","timestamp":"2026-05-24 13:52:41"}
{"level":"error","message":"An error occurred during the migration of Item record [MTIQMFKmS3XAnCfG] of database \"daggerheart-store.general-items\":\nError: Documents from a core version newer than the running version cannot be migrated\n    at Function._migrateRecord (file:///D:/Juegos/Foundry_daggerheart_git/Foundry-daggerheart/Portable-FoundryVTT-v13.348/App/resources/app/dist/database/backend/server-document.mjs:1:3713)\n    at Function._migrateDocuments (file:///D:/Juegos/Foundry_daggerheart_git/Foundry-daggerheart/Portable-FoundryVTT-v13.348/App/resources/app/dist/database/backend/server-document.mjs:1:2782)","timestamp":"2026-05-24 13:52:41"}
{"level":"error","message":"An error occurred during the migration of Item record [N7akjlJrCivDOSTa] of database \"daggerheart-store.general-items\":\nError: Documents from a core version newer than the running version cannot be migrated\n    at Function._migrateRecord (file:///D:/Juegos/Foundry_daggerheart_git/Foundry-daggerheart/Portable-FoundryVTT-v13.348/App/resources/app/dist/database/backend/server-document.mjs:1:3713)\n    at Function._migrateDocuments (file:///D:/Juegos/Foundry_daggerheart_git/Foundry-daggerheart/Portable-FoundryVTT-v13.348/App/resources/app/dist/database/backend/server-document.mjs:1:2782)","timestamp":"2026-05-24 13:52:41"}
{"level":"error","message":"An error occurred during the migration of Item record [NWk9KxMIsem9i9ST] of database \"daggerheart-store.general-items\":\nError: Documents from a core version newer than the running version cannot be migrated\n    at Function._migrateRecord (file:///D:/Juegos/Foundry_daggerheart_git/Foundry-daggerheart/Portable-FoundryVTT-v13.348/App/resources/app/dist/database/backend/server-document.mjs:1:3713)\n    at Function._migrateDocuments (file:///D:/Juegos/Foundry_daggerheart_git/Foundry-daggerheart/Portable-FoundryVTT-v13.348/App/resources/app/dist/database/backend/server-document.mjs:1:2782)","timestamp":"2026-05-24 13:52:41"}
{"level":"error","message":"An error occurred during the migration of Item record [QdcEZZpiy4JaMHZl] of database \"daggerheart-store.general-items\":\nError: Documents from a core version newer than the running version cannot be migrated\n    at Function._migrateRecord (file:///D:/Juegos/Foundry_daggerheart_git/Foundry-daggerheart/Portable-FoundryVTT-v13.348/App/resources/app/dist/database/backend/server-document.mjs:1:3713)\n    at Function._migrateDocuments (file:///D:/Juegos/Foundry_daggerheart_git/Foundry-daggerheart/Portable-FoundryVTT-v13.348/App/resources/app/dist/database/backend/server-document.mjs:1:2782)","timestamp":"2026-05-24 13:52:41"}
{"level":"error","message":"An error occurred during the migration of Item record [Ucx76Xza00mjIELy] of database \"daggerheart-store.general-items\":\nError: Documents from a core version newer than the running version cannot be migrated\n    at Function._migrateRecord (file:///D:/Juegos/Foundry_daggerheart_git/Foundry-daggerheart/Portable-FoundryVTT-v13.348/App/resources/app/dist/database/backend/server-document.mjs:1:3713)\n    at Function._migrateDocuments (file:///D:/Juegos/Foundry_daggerheart_git/Foundry-daggerheart/Portable-FoundryVTT-v13.348/App/resources/app/dist/database/backend/server-document.mjs:1:2782)","timestamp":"2026-05-24 13:52:41"}
{"level":"error","message":"An error occurred during the migration of Item record [Ul2qrgi3xXTStsmj] of database \"daggerheart-store.general-items\":\nError: Documents from a core version newer than the running version cannot be migrated\n    at Function._migrateRecord (file:///D:/Juegos/Foundry_daggerheart_git/Foundry-daggerheart/Portable-FoundryVTT-v13.348/App/resources/app/dist/database/backend/server-document.mjs:1:3713)\n    at Function._migrateDocuments (file:///D:/Juegos/Foundry_daggerheart_git/Foundry-daggerheart/Portable-FoundryVTT-v13.348/App/resources/app/dist/database/backend/server-document.mjs:1:2782)","timestamp":"2026-05-24 13:52:41"}
{"level":"error","message":"An error occurred during the migration of Item record [V1a8Ce4oOc2Awn3U] of database \"daggerheart-store.general-items\":\nError: Documents from a core version newer than the running version cannot be migrated\n    at Function._migrateRecord (file:///D:/Juegos/Foundry_daggerheart_git/Foundry-daggerheart/Portable-FoundryVTT-v13.348/App/resources/app/dist/database/backend/server-document.mjs:1:3713)\n    at Function._migrateDocuments (file:///D:/Juegos/Foundry_daggerheart_git/Foundry-daggerheart/Portable-FoundryVTT-v13.348/App/resources/app/dist/database/backend/server-document.mjs:1:2782)","timestamp":"2026-05-24 13:52:41"}
{"level":"error","message":"An error occurred during the migration of Item record [VaO9Trmbd379EIAo] of database \"daggerheart-store.general-items\":\nError: Documents from a core version newer than the running version cannot be migrated\n    at Function._migrateRecord (file:///D:/Juegos/Foundry_daggerheart_git/Foundry-daggerheart/Portable-FoundryVTT-v13.348/App/resources/app/dist/database/backend/server-document.mjs:1:3713)\n    at Function._migrateDocuments (file:///D:/Juegos/Foundry_daggerheart_git/Foundry-daggerheart/Portable-FoundryVTT-v13.348/App/resources/app/dist/database/backend/server-document.mjs:1:2782)","timestamp":"2026-05-24 13:52:41"}
{"level":"error","message":"An error occurred during the migration of Item record [ZYgoaymIkWI7dQmA] of database \"daggerheart-store.general-items\":\nError: Documents from a core version newer than the running version cannot be migrated\n    at Function._migrateRecord (file:///D:/Juegos/Foundry_daggerheart_git/Foundry-daggerheart/Portable-FoundryVTT-v13.348/App/resources/app/dist/database/backend/server-document.mjs:1:3713)\n    at Function._migrateDocuments (file:///D:/Juegos/Foundry_daggerheart_git/Foundry-daggerheart/Portable-FoundryVTT-v13.348/App/resources/app/dist/database/backend/server-document.mjs:1:2782)","timestamp":"2026-05-24 13:52:41"}
{"level":"error","message":"An error occurred during the migration of Item record [cyOu8zJdwHO6dkDs] of database \"daggerheart-store.general-items\":\nError: Documents from a core version newer than the running version cannot be migrated\n    at Function._migrateRecord (file:///D:/Juegos/Foundry_daggerheart_git/Foundry-daggerheart/Portable-FoundryVTT-v13.348/App/resources/app/dist/database/backend/server-document.mjs:1:3713)\n    at Function._migrateDocuments (file:///D:/Juegos/Foundry_daggerheart_git/Foundry-daggerheart/Portable-FoundryVTT-v13.348/App/resources/app/dist/database/backend/server-document.mjs:1:2782)","timestamp":"2026-05-24 13:52:41"}
{"level":"error","message":"An error occurred during the migration of Item record [dOO0MiljFRQ4R6uq] of database \"daggerheart-store.general-items\":\nError: Documents from a core version newer than the running version cannot be migrated\n    at Function._migrateRecord (file:///D:/Juegos/Foundry_daggerheart_git/Foundry-daggerheart/Portable-FoundryVTT-v13.348/App/resources/app/dist/database/backend/server-document.mjs:1:3713)\n    at Function._migrateDocuments (file:///D:/Juegos/Foundry_daggerheart_git/Foundry-daggerheart/Portable-FoundryVTT-v13.348/App/resources/app/dist/database/backend/server-document.mjs:1:2782)","timestamp":"2026-05-24 13:52:41"}
{"level":"error","message":"An error occurred during the migration of Item record [jteolML5GNTbw4S7] of database \"daggerheart-store.general-items\":\nError: Documents from a core version newer than the running version cannot be migrated\n    at Function._migrateRecord (file:///D:/Juegos/Foundry_daggerheart_git/Foundry-daggerheart/Portable-FoundryVTT-v13.348/App/resources/app/dist/database/backend/server-document.mjs:1:3713)\n    at Function._migrateDocuments (file:///D:/Juegos/Foundry_daggerheart_git/Foundry-daggerheart/Portable-FoundryVTT-v13.348/App/resources/app/dist/database/backend/server-document.mjs:1:2782)","timestamp":"2026-05-24 13:52:41"}
{"level":"error","message":"An error occurred during the migration of Item record [kHzMNenhB3rX55Ux] of database \"daggerheart-store.general-items\":\nError: Documents from a core version newer than the running version cannot be migrated\n    at Function._migrateRecord (file:///D:/Juegos/Foundry_daggerheart_git/Foundry-daggerheart/Portable-FoundryVTT-v13.348/App/resources/app/dist/database/backend/server-document.mjs:1:3713)\n    at Function._migrateDocuments (file:///D:/Juegos/Foundry_daggerheart_git/Foundry-daggerheart/Portable-FoundryVTT-v13.348/App/resources/app/dist/database/backend/server-document.mjs:1:2782)","timestamp":"2026-05-24 13:52:41"}
{"level":"error","message":"An error occurred during the migration of Item record [pFgpjOHQJH7Hb1G1] of database \"daggerheart-store.general-items\":\nError: Documents from a core version newer than the running version cannot be migrated\n    at Function._migrateRecord (file:///D:/Juegos/Foundry_daggerheart_git/Foundry-daggerheart/Portable-FoundryVTT-v13.348/App/resources/app/dist/database/backend/server-document.mjs:1:3713)\n    at Function._migrateDocuments (file:///D:/Juegos/Foundry_daggerheart_git/Foundry-daggerheart/Portable-FoundryVTT-v13.348/App/resources/app/dist/database/backend/server-document.mjs:1:2782)","timestamp":"2026-05-24 13:52:41"}
{"level":"error","message":"An error occurred during the migration of Item record [pMpRp5mHb0ciEGgo] of database \"daggerheart-store.general-items\":\nError: Documents from a core version newer than the running version cannot be migrated\n    at Function._migrateRecord (file:///D:/Juegos/Foundry_daggerheart_git/Foundry-daggerheart/Portable-FoundryVTT-v13.348/App/resources/app/dist/database/backend/server-document.mjs:1:3713)\n    at Function._migrateDocuments (file:///D:/Juegos/Foundry_daggerheart_git/Foundry-daggerheart/Portable-FoundryVTT-v13.348/App/resources/app/dist/database/backend/server-document.mjs:1:2782)","timestamp":"2026-05-24 13:52:41"}
{"level":"error","message":"An error occurred during the migration of Item record [q0V5Jx1Mv2ourVtA] of database \"daggerheart-store.general-items\":\nError: Documents from a core version newer than the running version cannot be migrated\n    at Function._migrateRecord (file:///D:/Juegos/Foundry_daggerheart_git/Foundry-daggerheart/Portable-FoundryVTT-v13.348/App/resources/app/dist/database/backend/server-document.mjs:1:3713)\n    at Function._migrateDocuments (file:///D:/Juegos/Foundry_daggerheart_git/Foundry-daggerheart/Portable-FoundryVTT-v13.348/App/resources/app/dist/database/backend/server-document.mjs:1:2782)","timestamp":"2026-05-24 13:52:41"}
{"level":"error","message":"An error occurred during the migration of Item record [qzkICUNH2P5owsIu] of database \"daggerheart-store.general-items\":\nError: Documents from a core version newer than the running version cannot be migrated\n    at Function._migrateRecord (file:///D:/Juegos/Foundry_daggerheart_git/Foundry-daggerheart/Portable-FoundryVTT-v13.348/App/resources/app/dist/database/backend/server-document.mjs:1:3713)\n    at Function._migrateDocuments (file:///D:/Juegos/Foundry_daggerheart_git/Foundry-daggerheart/Portable-FoundryVTT-v13.348/App/resources/app/dist/database/backend/server-document.mjs:1:2782)","timestamp":"2026-05-24 13:52:41"}
{"level":"error","message":"An error occurred during the migration of Item record [sXcYxL89czvFCeKf] of database \"daggerheart-store.general-items\":\nError: Documents from a core version newer than the running version cannot be migrated\n    at Function._migrateRecord (file:///D:/Juegos/Foundry_daggerheart_git/Foundry-daggerheart/Portable-FoundryVTT-v13.348/App/resources/app/dist/database/backend/server-document.mjs:1:3713)\n    at Function._migrateDocuments (file:///D:/Juegos/Foundry_daggerheart_git/Foundry-daggerheart/Portable-FoundryVTT-v13.348/App/resources/app/dist/database/backend/server-document.mjs:1:2782)","timestamp":"2026-05-24 13:52:41"}
{"level":"error","message":"An error occurred during the migration of Item record [xFxOWUUaaBCzsqNk] of database \"daggerheart-store.general-items\":\nError: Documents from a core version newer than the running version cannot be migrated\n    at Function._migrateRecord (file:///D:/Juegos/Foundry_daggerheart_git/Foundry-daggerheart/Portable-FoundryVTT-v13.348/App/resources/app/dist/database/backend/server-document.mjs:1:3713)\n    at Function._migrateDocuments (file:///D:/Juegos/Foundry_daggerheart_git/Foundry-daggerheart/Portable-FoundryVTT-v13.348/App/resources/app/dist/database/backend/server-document.mjs:1:2782)","timestamp":"2026-05-24 13:52:41"}
{"level":"error","message":"An error occurred during the migration of Item record [zleEYOAwnJCAoTek] of database \"daggerheart-store.general-items\":\nError: Documents from a core version newer than the running version cannot be migrated\n    at Function._migrateRecord (file:///D:/Juegos/Foundry_daggerheart_git/Foundry-daggerheart/Portable-FoundryVTT-v13.348/App/resources/app/dist/database/backend/server-document.mjs:1:3713)\n    at Function._migrateDocuments (file:///D:/Juegos/Foundry_daggerheart_git/Foundry-daggerheart/Portable-FoundryVTT-v13.348/App/resources/app/dist/database/backend/server-document.mjs:1:2782)","timestamp":"2026-05-24 13:52:41"}
{"level":"warn","message":"Database daggerheart-store.general-items was not fully migrated due to errors during migration.","timestamp":"2026-05-24 13:52:41"}
{"level":"info","message":"Launching World | Migrating Package Data - 73%","timestamp":"2026-05-24 13:52:41"}
{"level":"error","message":"An error occurred during the migration of Macro record [d3GkUwZzrxbSv2VF] of database \"daggerheart-store.macros\":\nError: Documents from a core version newer than the running version cannot be migrated\n    at Function._migrateRecord (file:///D:/Juegos/Foundry_daggerheart_git/Foundry-daggerheart/Portable-FoundryVTT-v13.348/App/resources/app/dist/database/backend/server-document.mjs:1:3713)\n    at Function._migrateDocuments (file:///D:/Juegos/Foundry_daggerheart_git/Foundry-daggerheart/Portable-FoundryVTT-v13.348/App/resources/app/dist/database/backend/server-document.mjs:1:2782)","timestamp":"2026-05-24 13:52:41"}
{"level":"error","message":"An error occurred during the migration of Macro record [lWDmGeMZEFxKcsPa] of database \"daggerheart-store.macros\":\nError: Documents from a core version newer than the running version cannot be migrated\n    at Function._migrateRecord (file:///D:/Juegos/Foundry_daggerheart_git/Foundry-daggerheart/Portable-FoundryVTT-v13.348/App/resources/app/dist/database/backend/server-document.mjs:1:3713)\n    at Function._migrateDocuments (file:///D:/Juegos/Foundry_daggerheart_git/Foundry-daggerheart/Portable-FoundryVTT-v13.348/App/resources/app/dist/database/backend/server-document.mjs:1:2782)","timestamp":"2026-05-24 13:52:41"}
{"level":"warn","message":"Database daggerheart-store.macros was not fully migrated due to errors during migration.","timestamp":"2026-05-24 13:52:41"}
{"level":"info","message":"Launching World | Migrating Package Data - 75%","timestamp":"2026-05-24 13:52:41"}
{"level":"error","message":"An error occurred during the migration of JournalEntry record [5Zo1xf1V8L77XM2W] of database \"daggerheart-store.journals\":\nError: Documents from a core version newer than the running version cannot be migrated\n    at Function._migrateRecord (file:///D:/Juegos/Foundry_daggerheart_git/Foundry-daggerheart/Portable-FoundryVTT-v13.348/App/resources/app/dist/database/backend/server-document.mjs:1:3713)\n    at Function._migrateDocuments (file:///D:/Juegos/Foundry_daggerheart_git/Foundry-daggerheart/Portable-FoundryVTT-v13.348/App/resources/app/dist/database/backend/server-document.mjs:1:2782)","timestamp":"2026-05-24 13:52:41"}
{"level":"error","message":"An error occurred during the migration of JournalEntry record [VJ0KNEngG9B5HWmL] of database \"daggerheart-store.journals\":\nError: Documents from a core version newer than the running version cannot be migrated\n    at Function._migrateRecord (file:///D:/Juegos/Foundry_daggerheart_git/Foundry-daggerheart/Portable-FoundryVTT-v13.348/App/resources/app/dist/database/backend/server-document.mjs:1:3713)\n    at Function._migrateDocuments (file:///D:/Juegos/Foundry_daggerheart_git/Foundry-daggerheart/Portable-FoundryVTT-v13.348/App/resources/app/dist/database/backend/server-document.mjs:1:2782)","timestamp":"2026-05-24 13:52:41"}
{"level":"error","message":"An error occurred during the migration of JournalEntry record [fIXCeXWeDbAu3uFg] of database \"daggerheart-store.journals\":\nError: Documents from a core version newer than the running version cannot be migrated\n    at Function._migrateRecord (file:///D:/Juegos/Foundry_daggerheart_git/Foundry-daggerheart/Portable-FoundryVTT-v13.348/App/resources/app/dist/database/backend/server-document.mjs:1:3713)\n    at Function._migrateDocuments (file:///D:/Juegos/Foundry_daggerheart_git/Foundry-daggerheart/Portable-FoundryVTT-v13.348/App/resources/app/dist/database/backend/server-document.mjs:1:2782)","timestamp":"2026-05-24 13:52:41"}
{"level":"warn","message":"Database daggerheart-store.journals was not fully migrated due to errors during migration.","timestamp":"2026-05-24 13:52:41"}
{"level":"info","message":"Launching World | Migrating Package Data - 76%","timestamp":"2026-05-24 13:52:41"}
{"level":"info","message":"Launching World | Migrating Package Data - 78%","timestamp":"2026-05-24 13:52:41"}
{"level":"info","message":"Launching World | Migrating Package Data - 80%","timestamp":"2026-05-24 13:52:41"}
{"level":"error","message":"An error occurred during the migration of Item record [9X2envWaXGSWx82V] of database \"the-void-unofficial.classes\":\nError: Documents from a core version newer than the running version cannot be migrated\n    at Function._migrateRecord (file:///D:/Juegos/Foundry_daggerheart_git/Foundry-daggerheart/Portable-FoundryVTT-v13.348/App/resources/app/dist/database/backend/server-document.mjs:1:3713)\n    at Function._migrateDocuments (file:///D:/Juegos/Foundry_daggerheart_git/Foundry-daggerheart/Portable-FoundryVTT-v13.348/App/resources/app/dist/database/backend/server-document.mjs:1:2782)","timestamp":"2026-05-24 13:52:41"}
{"level":"error","message":"An error occurred during the migration of Item record [R0wYgWyPih4CpTE5] of database \"the-void-unofficial.classes\":\nError: Documents from a core version newer than the running version cannot be migrated\n    at Function._migrateRecord (file:///D:/Juegos/Foundry_daggerheart_git/Foundry-daggerheart/Portable-FoundryVTT-v13.348/App/resources/app/dist/database/backend/server-document.mjs:1:3713)\n    at Function._migrateDocuments (file:///D:/Juegos/Foundry_daggerheart_git/Foundry-daggerheart/Portable-FoundryVTT-v13.348/App/resources/app/dist/database/backend/server-document.mjs:1:2782)","timestamp":"2026-05-24 13:52:41"}
{"level":"error","message":"An error occurred during the migration of Item record [TGTBooD83OWXyQj1] of database \"the-void-unofficial.classes\":\nError: Documents from a core version newer than the running version cannot be migrated\n    at Function._migrateRecord (file:///D:/Juegos/Foundry_daggerheart_git/Foundry-daggerheart/Portable-FoundryVTT-v13.348/App/resources/app/dist/database/backend/server-document.mjs:1:3713)\n    at Function._migrateDocuments (file:///D:/Juegos/Foundry_daggerheart_git/Foundry-daggerheart/Portable-FoundryVTT-v13.348/App/resources/app/dist/database/backend/server-document.mjs:1:2782)","timestamp":"2026-05-24 13:52:41"}
{"level":"error","message":"An error occurred during the migration of Item record [gugHbXBWP24CFTJZ] of database \"the-void-unofficial.classes\":\nError: Documents from a core version newer than the running version cannot be migrated\n    at Function._migrateRecord (file:///D:/Juegos/Foundry_daggerheart_git/Foundry-daggerheart/Portable-FoundryVTT-v13.348/App/resources/app/dist/database/backend/server-document.mjs:1:3713)\n    at Function._migrateDocuments (file:///D:/Juegos/Foundry_daggerheart_git/Foundry-daggerheart/Portable-FoundryVTT-v13.348/App/resources/app/dist/database/backend/server-document.mjs:1:2782)","timestamp":"2026-05-24 13:52:41"}
{"level":"error","message":"An error occurred during the migration of Item record [m3CvI4nlskOu5jZS] of database \"the-void-unofficial.classes\":\nError: Documents from a core version newer than the running version cannot be migrated\n    at Function._migrateRecord (file:///D:/Juegos/Foundry_daggerheart_git/Foundry-daggerheart/Portable-FoundryVTT-v13.348/App/resources/app/dist/database/backend/server-document.mjs:1:3713)\n    at Function._migrateDocuments (file:///D:/Juegos/Foundry_daggerheart_git/Foundry-daggerheart/Portable-FoundryVTT-v13.348/App/resources/app/dist/database/backend/server-document.mjs:1:2782)","timestamp":"2026-05-24 13:52:41"}
{"level":"error","message":"An error occurred during the migration of Item record [otb0ThXWuqQzzWho] of database \"the-void-unofficial.classes\":\nError: Documents from a core version newer than the running version cannot be migrated\n    at Function._migrateRecord (file:///D:/Juegos/Foundry_daggerheart_git/Foundry-daggerheart/Portable-FoundryVTT-v13.348/App/resources/app/dist/database/backend/server-document.mjs:1:3713)\n    at Function._migrateDocuments (file:///D:/Juegos/Foundry_daggerheart_git/Foundry-daggerheart/Portable-FoundryVTT-v13.348/App/resources/app/dist/database/backend/server-document.mjs:1:2782)","timestamp":"2026-05-24 13:52:41"}
{"level":"error","message":"An error occurred during the migration of Item record [v5M0mxaTDJCyhAsR] of database \"the-void-unofficial.classes\":\nError: Documents from a core version newer than the running version cannot be migrated\n    at Function._migrateRecord (file:///D:/Juegos/Foundry_daggerheart_git/Foundry-daggerheart/Portable-FoundryVTT-v13.348/App/resources/app/dist/database/backend/server-document.mjs:1:3713)\n    at Function._migrateDocuments (file:///D:/Juegos/Foundry_daggerheart_git/Foundry-daggerheart/Portable-FoundryVTT-v13.348/App/resources/app/dist/database/backend/server-document.mjs:1:2782)","timestamp":"2026-05-24 13:52:41"}
{"level":"warn","message":"Database the-void-unofficial.classes was not fully migrated due to errors during migration.","timestamp":"2026-05-24 13:52:41"}
{"level":"info","message":"Launching World | Migrating Package Data - 82%","timestamp":"2026-05-24 13:52:41"}
{"level":"error","message":"An error occurred during the migration of Item record [1PPk39iarFpWylOi] of database \"the-void-unofficial.subclasses\":\nError: Documents from a core version newer than the running version cannot be migrated\n    at Function._migrateRecord (file:///D:/Juegos/Foundry_daggerheart_git/Foundry-daggerheart/Portable-FoundryVTT-v13.348/App/resources/app/dist/database/backend/server-document.mjs:1:3713)\n    at Function._migrateDocuments (file:///D:/Juegos/Foundry_daggerheart_git/Foundry-daggerheart/Portable-FoundryVTT-v13.348/App/resources/app/dist/database/backend/server-document.mjs:1:2782)","timestamp":"2026-05-24 13:52:41"}
{"level":"error","message":"An error occurred during the migration of Item record [4Jaekd41DdaPdWkw] of database \"the-void-unofficial.subclasses\":\nError: Documents from a core version newer than the running version cannot be migrated\n    at Function._migrateRecord (file:///D:/Juegos/Foundry_daggerheart_git/Foundry-daggerheart/Portable-FoundryVTT-v13.348/App/resources/app/dist/database/backend/server-document.mjs:1:3713)\n    at Function._migrateDocuments (file:///D:/Juegos/Foundry_daggerheart_git/Foundry-daggerheart/Portable-FoundryVTT-v13.348/App/resources/app/dist/database/backend/server-document.mjs:1:2782)","timestamp":"2026-05-24 13:52:41"}
{"level":"error","message":"An error occurred during the migration of Item record [8EGGJmnqPBs9CrO9] of database \"the-void-unofficial.subclasses\":\nError: Documents from a core version newer than the running version cannot be migrated\n    at Function._migrateRecord (file:///D:/Juegos/Foundry_daggerheart_git/Foundry-daggerheart/Portable-FoundryVTT-v13.348/App/resources/app/dist/database/backend/server-document.mjs:1:3713)\n    at Function._migrateDocuments (file:///D:/Juegos/Foundry_daggerheart_git/Foundry-daggerheart/Portable-FoundryVTT-v13.348/App/resources/app/dist/database/backend/server-document.mjs:1:2782)","timestamp":"2026-05-24 13:52:41"}
{"level":"error","message":"An error occurred during the migration of Item record [GXYbLE8fG6fmGvFE] of database \"the-void-unofficial.subclasses\":\nError: Documents from a core version newer than the running version cannot be migrated\n    at Function._migrateRecord (file:///D:/Juegos/Foundry_daggerheart_git/Foundry-daggerheart/Portable-FoundryVTT-v13.348/App/resources/app/dist/database/backend/server-document.mjs:1:3713)\n    at Function._migrateDocuments (file:///D:/Juegos/Foundry_daggerheart_git/Foundry-daggerheart/Portable-FoundryVTT-v13.348/App/resources/app/dist/database/backend/server-document.mjs:1:2782)","timestamp":"2026-05-24 13:52:41"}
{"level":"error","message":"An error occurred during the migration of Item record [H8iGhoEsLwbhmUjb] of database \"the-void-unofficial.subclasses\":\nError: Documents from a core version newer than the running version cannot be migrated\n    at Function._migrateRecord (file:///D:/Juegos/Foundry_daggerheart_git/Foundry-daggerheart/Portable-FoundryVTT-v13.348/App/resources/app/dist/database/backend/server-document.mjs:1:3713)\n    at Function._migrateDocuments (file:///D:/Juegos/Foundry_daggerheart_git/Foundry-daggerheart/Portable-FoundryVTT-v13.348/App/resources/app/dist/database/backend/server-document.mjs:1:2782)","timestamp":"2026-05-24 13:52:41"}
{"level":"error","message":"An error occurred during the migration of Item record [JIO4bvmWGH4tTXpQ] of database \"the-void-unofficial.subclasses\":\nError: Documents from a core version newer than the running version cannot be migrated\n    at Function._migrateRecord (file:///D:/Juegos/Foundry_daggerheart_git/Foundry-daggerheart/Portable-FoundryVTT-v13.348/App/resources/app/dist/database/backend/server-document.mjs:1:3713)\n    at Function._migrateDocuments (file:///D:/Juegos/Foundry_daggerheart_git/Foundry-daggerheart/Portable-FoundryVTT-v13.348/App/resources/app/dist/database/backend/server-document.mjs:1:2782)","timestamp":"2026-05-24 13:52:41"}
{"level":"error","message":"An error occurred during the migration of Item record [JWlQd6XSBB22ASBs] of database \"the-void-unofficial.subclasses\":\nError: Documents from a core version newer than the running version cannot be migrated\n    at Function._migrateRecord (file:///D:/Juegos/Foundry_daggerheart_git/Foundry-daggerheart/Portable-FoundryVTT-v13.348/App/resources/app/dist/database/backend/server-document.mjs:1:3713)\n    at Function._migrateDocuments (file:///D:/Juegos/Foundry_daggerheart_git/Foundry-daggerheart/Portable-FoundryVTT-v13.348/App/resources/app/dist/database/backend/server-document.mjs:1:2782)","timestamp":"2026-05-24 13:52:41"}
{"level":"error","message":"An error occurred during the migration of Item record [JiPSjjjWxSbnoQRe] of database \"the-void-unofficial.subclasses\":\nError: Documents from a core version newer than the running version cannot be migrated\n    at Function._migrateRecord (file:///D:/Juegos/Foundry_daggerheart_git/Foundry-daggerheart/Portable-FoundryVTT-v13.348/App/resources/app/dist/database/backend/server-document.mjs:1:3713)\n    at Function._migrateDocuments (file:///D:/Juegos/Foundry_daggerheart_git/Foundry-daggerheart/Portable-FoundryVTT-v13.348/App/resources/app/dist/database/backend/server-document.mjs:1:2782)","timestamp":"2026-05-24 13:52:41"}
{"level":"error","message":"An error occurred during the migration of Item record [XeSsopeDDreSRv5A] of database \"the-void-unofficial.subclasses\":\nError: Documents from a core version newer than the running version cannot be migrated\n    at Function._migrateRecord (file:///D:/Juegos/Foundry_daggerheart_git/Foundry-daggerheart/Portable-FoundryVTT-v13.348/App/resources/app/dist/database/backend/server-document.mjs:1:3713)\n    at Function._migrateDocuments (file:///D:/Juegos/Foundry_daggerheart_git/Foundry-daggerheart/Portable-FoundryVTT-v13.348/App/resources/app/dist/database/backend/server-document.mjs:1:2782)","timestamp":"2026-05-24 13:52:41"}
{"level":"error","message":"An error occurred during the migration of Item record [YN38IzjqW5paIy92] of database \"the-void-unofficial.subclasses\":\nError: Documents from a core version newer than the running version cannot be migrated\n    at Function._migrateRecord (file:///D:/Juegos/Foundry_daggerheart_git/Foundry-daggerheart/Portable-FoundryVTT-v13.348/App/resources/app/dist/database/backend/server-document.mjs:1:3713)\n    at Function._migrateDocuments (file:///D:/Juegos/Foundry_daggerheart_git/Foundry-daggerheart/Portable-FoundryVTT-v13.348/App/resources/app/dist/database/backend/server-document.mjs:1:2782)","timestamp":"2026-05-24 13:52:41"}
{"level":"error","message":"An error occurred during the migration of Item record [ZYdJamwMgRsiG733] of database \"the-void-unofficial.subclasses\":\nError: Documents from a core version newer than the running version cannot be migrated\n    at Function._migrateRecord (file:///D:/Juegos/Foundry_daggerheart_git/Foundry-daggerheart/Portable-FoundryVTT-v13.348/App/resources/app/dist/database/backend/server-document.mjs:1:3713)\n    at Function._migrateDocuments (file:///D:/Juegos/Foundry_daggerheart_git/Foundry-daggerheart/Portable-FoundryVTT-v13.348/App/resources/app/dist/database/backend/server-document.mjs:1:2782)","timestamp":"2026-05-24 13:52:41"}
{"level":"error","message":"An error occurred during the migration of Item record [aFtWBHgUBxsCptI2] of database \"the-void-unofficial.subclasses\":\nError: Documents from a core version newer than the running version cannot be migrated\n    at Function._migrateRecord (file:///D:/Juegos/Foundry_daggerheart_git/Foundry-daggerheart/Portable-FoundryVTT-v13.348/App/resources/app/dist/database/backend/server-document.mjs:1:3713)\n    at Function._migrateDocuments (file:///D:/Juegos/Foundry_daggerheart_git/Foundry-daggerheart/Portable-FoundryVTT-v13.348/App/resources/app/dist/database/backend/server-document.mjs:1:2782)","timestamp":"2026-05-24 13:52:41"}
{"level":"error","message":"An error occurred during the migration of Item record [h0PlfOo87vjMIR2n] of database \"the-void-unofficial.subclasses\":\nError: Documents from a core version newer than the running version cannot be migrated\n    at Function._migrateRecord (file:///D:/Juegos/Foundry_daggerheart_git/Foundry-daggerheart/Portable-FoundryVTT-v13.348/App/resources/app/dist/database/backend/server-document.mjs:1:3713)\n    at Function._migrateDocuments (file:///D:/Juegos/Foundry_daggerheart_git/Foundry-daggerheart/Portable-FoundryVTT-v13.348/App/resources/app/dist/database/backend/server-document.mjs:1:2782)","timestamp":"2026-05-24 13:52:41"}
{"level":"error","message":"An error occurred during the migration of Item record [h3bzYGrnwkKQBJ6d] of database \"the-void-unofficial.subclasses\":\nError: Documents from a core version newer than the running version cannot be migrated\n    at Function._migrateRecord (file:///D:/Juegos/Foundry_daggerheart_git/Foundry-daggerheart/Portable-FoundryVTT-v13.348/App/resources/app/dist/database/backend/server-document.mjs:1:3713)\n    at Function._migrateDocuments (file:///D:/Juegos/Foundry_daggerheart_git/Foundry-daggerheart/Portable-FoundryVTT-v13.348/App/resources/app/dist/database/backend/server-document.mjs:1:2782)","timestamp":"2026-05-24 13:52:41"}
{"level":"error","message":"An error occurred during the migration of Item record [mRNqGokQNZEK8GSP] of database \"the-void-unofficial.subclasses\":\nError: Documents from a core version newer than the running version cannot be migrated\n    at Function._migrateRecord (file:///D:/Juegos/Foundry_daggerheart_git/Foundry-daggerheart/Portable-FoundryVTT-v13.348/App/resources/app/dist/database/backend/server-document.mjs:1:3713)\n    at Function._migrateDocuments (file:///D:/Juegos/Foundry_daggerheart_git/Foundry-daggerheart/Portable-FoundryVTT-v13.348/App/resources/app/dist/database/backend/server-document.mjs:1:2782)","timestamp":"2026-05-24 13:52:41"}
{"level":"error","message":"An error occurred during the migration of Item record [sajwdoQ5JVzqeqsj] of database \"the-void-unofficial.subclasses\":\nError: Documents from a core version newer than the running version cannot be migrated\n    at Function._migrateRecord (file:///D:/Juegos/Foundry_daggerheart_git/Foundry-daggerheart/Portable-FoundryVTT-v13.348/App/resources/app/dist/database/backend/server-document.mjs:1:3713)\n    at Function._migrateDocuments (file:///D:/Juegos/Foundry_daggerheart_git/Foundry-daggerheart/Portable-FoundryVTT-v13.348/App/resources/app/dist/database/backend/server-document.mjs:1:2782)","timestamp":"2026-05-24 13:52:41"}
{"level":"error","message":"An error occurred during the migration of Item record [ulURXMXGHT33vnD9] of database \"the-void-unofficial.subclasses\":\nError: Documents from a core version newer than the running version cannot be migrated\n    at Function._migrateRecord (file:///D:/Juegos/Foundry_daggerheart_git/Foundry-daggerheart/Portable-FoundryVTT-v13.348/App/resources/app/dist/database/backend/server-document.mjs:1:3713)\n    at Function._migrateDocuments (file:///D:/Juegos/Foundry_daggerheart_git/Foundry-daggerheart/Portable-FoundryVTT-v13.348/App/resources/app/dist/database/backend/server-document.mjs:1:2782)","timestamp":"2026-05-24 13:52:41"}
{"level":"error","message":"An error occurred during the migration of Item record [zkpNSVJfpnR0InYL] of database \"the-void-unofficial.subclasses\":\nError: Documents from a core version newer than the running version cannot be migrated\n    at Function._migrateRecord (file:///D:/Juegos/Foundry_daggerheart_git/Foundry-daggerheart/Portable-FoundryVTT-v13.348/App/resources/app/dist/database/backend/server-document.mjs:1:3713)\n    at Function._migrateDocuments (file:///D:/Juegos/Foundry_daggerheart_git/Foundry-daggerheart/Portable-FoundryVTT-v13.348/App/resources/app/dist/database/backend/server-document.mjs:1:2782)","timestamp":"2026-05-24 13:52:41"}
{"level":"warn","message":"Database the-void-unofficial.subclasses was not fully migrated due to errors during migration.","timestamp":"2026-05-24 13:52:41"}
{"level":"info","message":"Launching World | Migrating Package Data - 84%","timestamp":"2026-05-24 13:52:41"}
{"level":"info","message":"Launching World | Migrating Package Data - 86%","timestamp":"2026-05-24 13:52:41"}
{"level":"info","message":"Launching World | Migrating Package Data - 88%","timestamp":"2026-05-24 13:52:41"}
{"level":"error","message":"An error occurred during the migration of Item record [0NoQWqYOiPdXdUhQ] of database \"the-void-unofficial.domains\":\nError: Documents from a core version newer than the running version cannot be migrated\n    at Function._migrateRecord (file:///D:/Juegos/Foundry_daggerheart_git/Foundry-daggerheart/Portable-FoundryVTT-v13.348/App/resources/app/dist/database/backend/server-document.mjs:1:3713)\n    at Function._migrateDocuments (file:///D:/Juegos/Foundry_daggerheart_git/Foundry-daggerheart/Portable-FoundryVTT-v13.348/App/resources/app/dist/database/backend/server-document.mjs:1:2782)","timestamp":"2026-05-24 13:52:41"}
{"level":"error","message":"An error occurred during the migration of Item record [176CHYdrz550TiEa] of database \"the-void-unofficial.domains\":\nError: Documents from a core version newer than the running version cannot be migrated\n    at Function._migrateRecord (file:///D:/Juegos/Foundry_daggerheart_git/Foundry-daggerheart/Portable-FoundryVTT-v13.348/App/resources/app/dist/database/backend/server-document.mjs:1:3713)\n    at Function._migrateDocuments (file:///D:/Juegos/Foundry_daggerheart_git/Foundry-daggerheart/Portable-FoundryVTT-v13.348/App/resources/app/dist/database/backend/server-document.mjs:1:2782)","timestamp":"2026-05-24 13:52:41"}
{"level":"error","message":"An error occurred during the migration of Item record [65NWcF4RSZgyJXFt] of database \"the-void-unofficial.domains\":\nError: Documents from a core version newer than the running version cannot be migrated\n    at Function._migrateRecord (file:///D:/Juegos/Foundry_daggerheart_git/Foundry-daggerheart/Portable-FoundryVTT-v13.348/App/resources/app/dist/database/backend/server-document.mjs:1:3713)\n    at Function._migrateDocuments (file:///D:/Juegos/Foundry_daggerheart_git/Foundry-daggerheart/Portable-FoundryVTT-v13.348/App/resources/app/dist/database/backend/server-document.mjs:1:2782)","timestamp":"2026-05-24 13:52:41"}
{"level":"error","message":"An error occurred during the migration of Item record [88xwPHpicN5uBo0f] of database \"the-void-unofficial.domains\":\nError: Documents from a core version newer than the running version cannot be migrated\n    at Function._migrateRecord (file:///D:/Juegos/Foundry_daggerheart_git/Foundry-daggerheart/Portable-FoundryVTT-v13.348/App/resources/app/dist/database/backend/server-document.mjs:1:3713)\n    at Function._migrateDocuments (file:///D:/Juegos/Foundry_daggerheart_git/Foundry-daggerheart/Portable-FoundryVTT-v13.348/App/resources/app/dist/database/backend/server-document.mjs:1:2782)","timestamp":"2026-05-24 13:52:41"}
{"level":"error","message":"An error occurred during the migration of Item record [9wxJJpH25cxmtx5W] of database \"the-void-unofficial.domains\":\nError: Documents from a core version newer than the running version cannot be migrated\n    at Function._migrateRecord (file:///D:/Juegos/Foundry_daggerheart_git/Foundry-daggerheart/Portable-FoundryVTT-v13.348/App/resources/app/dist/database/backend/server-document.mjs:1:3713)\n    at Function._migrateDocuments (file:///D:/Juegos/Foundry_daggerheart_git/Foundry-daggerheart/Portable-FoundryVTT-v13.348/App/resources/app/dist/database/backend/server-document.mjs:1:2782)","timestamp":"2026-05-24 13:52:41"}
{"level":"error","message":"An error occurred during the migration of Item record [BFkzJkWY4HejN4WR] of database \"the-void-unofficial.domains\":\nError: Documents from a core version newer than the running version cannot be migrated\n    at Function._migrateRecord (file:///D:/Juegos/Foundry_daggerheart_git/Foundry-daggerheart/Portable-FoundryVTT-v13.348/App/resources/app/dist/database/backend/server-document.mjs:1:3713)\n    at Function._migrateDocuments (file:///D:/Juegos/Foundry_daggerheart_git/Foundry-daggerheart/Portable-FoundryVTT-v13.348/App/resources/app/dist/database/backend/server-document.mjs:1:2782)","timestamp":"2026-05-24 13:52:41"}
{"level":"error","message":"An error occurred during the migration of Item record [BQF5xVKRVQdhGAf8] of database \"the-void-unofficial.domains\":\nError: Documents from a core version newer than the running version cannot be migrated\n    at Function._migrateRecord (file:///D:/Juegos/Foundry_daggerheart_git/Foundry-daggerheart/Portable-FoundryVTT-v13.348/App/resources/app/dist/database/backend/server-document.mjs:1:3713)\n    at Function._migrateDocuments (file:///D:/Juegos/Foundry_daggerheart_git/Foundry-daggerheart/Portable-FoundryVTT-v13.348/App/resources/app/dist/database/backend/server-document.mjs:1:2782)","timestamp":"2026-05-24 13:52:41"}
{"level":"error","message":"An error occurred during the migration of Item record [BctVkNUWYL5Eww2k] of database \"the-void-unofficial.domains\":\nError: Documents from a core version newer than the running version cannot be migrated\n    at Function._migrateRecord (file:///D:/Juegos/Foundry_daggerheart_git/Foundry-daggerheart/Portable-FoundryVTT-v13.348/App/resources/app/dist/database/backend/server-document.mjs:1:3713)\n    at Function._migrateDocuments (file:///D:/Juegos/Foundry_daggerheart_git/Foundry-daggerheart/Portable-FoundryVTT-v13.348/App/resources/app/dist/database/backend/server-document.mjs:1:2782)","timestamp":"2026-05-24 13:52:41"}
{"level":"error","message":"An error occurred during the migration of Item record [CQbmQH1Xqr1BjLWW] of database \"the-void-unofficial.domains\":\nError: Documents from a core version newer than the running version cannot be migrated\n    at Function._migrateRecord (file:///D:/Juegos/Foundry_daggerheart_git/Foundry-daggerheart/Portable-FoundryVTT-v13.348/App/resources/app/dist/database/backend/server-document.mjs:1:3713)\n    at Function._migrateDocuments (file:///D:/Juegos/Foundry_daggerheart_git/Foundry-daggerheart/Portable-FoundryVTT-v13.348/App/resources/app/dist/database/backend/server-document.mjs:1:2782)","timestamp":"2026-05-24 13:52:41"}
{"level":"error","message":"An error occurred during the migration of Item record [Du7UHRd0CweyuXil] of database \"the-void-unofficial.domains\":\nError: Documents from a core version newer than the running version cannot be migrated\n    at Function._migrateRecord (file:///D:/Juegos/Foundry_daggerheart_git/Foundry-daggerheart/Portable-FoundryVTT-v13.348/App/resources/app/dist/database/backend/server-document.mjs:1:3713)\n    at Function._migrateDocuments (file:///D:/Juegos/Foundry_daggerheart_git/Foundry-daggerheart/Portable-FoundryVTT-v13.348/App/resources/app/dist/database/backend/server-document.mjs:1:2782)","timestamp":"2026-05-24 13:52:41"}
{"level":"error","message":"An error occurred during the migration of Item record [LOPtjnPVjWQEzrZx] of database \"the-void-unofficial.domains\":\nError: Documents from a core version newer than the running version cannot be migrated\n    at Function._migrateRecord (file:///D:/Juegos/Foundry_daggerheart_git/Foundry-daggerheart/Portable-FoundryVTT-v13.348/App/resources/app/dist/database/backend/server-document.mjs:1:3713)\n    at Function._migrateDocuments (file:///D:/Juegos/Foundry_daggerheart_git/Foundry-daggerheart/Portable-FoundryVTT-v13.348/App/resources/app/dist/database/backend/server-document.mjs:1:2782)","timestamp":"2026-05-24 13:52:41"}
{"level":"error","message":"An error occurred during the migration of Item record [Q3RpYwdlDyCQPJHr] of database \"the-void-unofficial.domains\":\nError: Documents from a core version newer than the running version cannot be migrated\n    at Function._migrateRecord (file:///D:/Juegos/Foundry_daggerheart_git/Foundry-daggerheart/Portable-FoundryVTT-v13.348/App/resources/app/dist/database/backend/server-document.mjs:1:3713)\n    at Function._migrateDocuments (file:///D:/Juegos/Foundry_daggerheart_git/Foundry-daggerheart/Portable-FoundryVTT-v13.348/App/resources/app/dist/database/backend/server-document.mjs:1:2782)","timestamp":"2026-05-24 13:52:41"}
{"level":"error","message":"An error occurred during the migration of Item record [WAUpMdW2TD8KVusi] of database \"the-void-unofficial.domains\":\nError: Documents from a core version newer than the running version cannot be migrated\n    at Function._migrateRecord (file:///D:/Juegos/Foundry_daggerheart_git/Foundry-daggerheart/Portable-FoundryVTT-v13.348/App/resources/app/dist/database/backend/server-document.mjs:1:3713)\n    at Function._migrateDocuments (file:///D:/Juegos/Foundry_daggerheart_git/Foundry-daggerheart/Portable-FoundryVTT-v13.348/App/resources/app/dist/database/backend/server-document.mjs:1:2782)","timestamp":"2026-05-24 13:52:41"}
{"level":"error","message":"An error occurred during the migration of Item record [XGDsPevKx3P1mdpH] of database \"the-void-unofficial.domains\":\nError: Documents from a core version newer than the running version cannot be migrated\n    at Function._migrateRecord (file:///D:/Juegos/Foundry_daggerheart_git/Foundry-daggerheart/Portable-FoundryVTT-v13.348/App/resources/app/dist/database/backend/server-document.mjs:1:3713)\n    at Function._migrateDocuments (file:///D:/Juegos/Foundry_daggerheart_git/Foundry-daggerheart/Portable-FoundryVTT-v13.348/App/resources/app/dist/database/backend/server-document.mjs:1:2782)","timestamp":"2026-05-24 13:52:41"}
{"level":"error","message":"An error occurred during the migration of Item record [cOFRHlxyTtRlbumc] of database \"the-void-unofficial.domains\":\nError: Documents from a core version newer than the running version cannot be migrated\n    at Function._migrateRecord (file:///D:/Juegos/Foundry_daggerheart_git/Foundry-daggerheart/Portable-FoundryVTT-v13.348/App/resources/app/dist/database/backend/server-document.mjs:1:3713)\n    at Function._migrateDocuments (file:///D:/Juegos/Foundry_daggerheart_git/Foundry-daggerheart/Portable-FoundryVTT-v13.348/App/resources/app/dist/database/backend/server-document.mjs:1:2782)","timestamp":"2026-05-24 13:52:41"}
{"level":"error","message":"An error occurred during the migration of Item record [dVUQ7Rp9luM7Zekw] of database \"the-void-unofficial.domains\":\nError: Documents from a core version newer than the running version cannot be migrated\n    at Function._migrateRecord (file:///D:/Juegos/Foundry_daggerheart_git/Foundry-daggerheart/Portable-FoundryVTT-v13.348/App/resources/app/dist/database/backend/server-document.mjs:1:3713)\n    at Function._migrateDocuments (file:///D:/Juegos/Foundry_daggerheart_git/Foundry-daggerheart/Portable-FoundryVTT-v13.348/App/resources/app/dist/database/backend/server-document.mjs:1:2782)","timestamp":"2026-05-24 13:52:41"}
{"level":"error","message":"An error occurred during the migration of Item record [gSsxO2xiMxANuBIz] of database \"the-void-unofficial.domains\":\nError: Documents from a core version newer than the running version cannot be migrated\n    at Function._migrateRecord (file:///D:/Juegos/Foundry_daggerheart_git/Foundry-daggerheart/Portable-FoundryVTT-v13.348/App/resources/app/dist/database/backend/server-document.mjs:1:3713)\n    at Function._migrateDocuments (file:///D:/Juegos/Foundry_daggerheart_git/Foundry-daggerheart/Portable-FoundryVTT-v13.348/App/resources/app/dist/database/backend/server-document.mjs:1:2782)","timestamp":"2026-05-24 13:52:41"}
{"level":"error","message":"An error occurred during the migration of Item record [gaDhu9iAdChYFcm2] of database \"the-void-unofficial.domains\":\nError: Documents from a core version newer than the running version cannot be migrated\n    at Function._migrateRecord (file:///D:/Juegos/Foundry_daggerheart_git/Foundry-daggerheart/Portable-FoundryVTT-v13.348/App/resources/app/dist/database/backend/server-document.mjs:1:3713)\n    at Function._migrateDocuments (file:///D:/Juegos/Foundry_daggerheart_git/Foundry-daggerheart/Portable-FoundryVTT-v13.348/App/resources/app/dist/database/backend/server-document.mjs:1:2782)","timestamp":"2026-05-24 13:52:41"}
{"level":"error","message":"An error occurred during the migration of Item record [hmDOLwJEZlbuOKNT] of database \"the-void-unofficial.domains\":\nError: Documents from a core version newer than the running version cannot be migrated\n    at Function._migrateRecord (file:///D:/Juegos/Foundry_daggerheart_git/Foundry-daggerheart/Portable-FoundryVTT-v13.348/App/resources/app/dist/database/backend/server-document.mjs:1:3713)\n    at Function._migrateDocuments (file:///D:/Juegos/Foundry_daggerheart_git/Foundry-daggerheart/Portable-FoundryVTT-v13.348/App/resources/app/dist/database/backend/server-document.mjs:1:2782)","timestamp":"2026-05-24 13:52:41"}
{"level":"error","message":"An error occurred during the migration of Item record [lo8WVAuTWsAh6QBf] of database \"the-void-unofficial.domains\":\nError: Documents from a core version newer than the running version cannot be migrated\n    at Function._migrateRecord (file:///D:/Juegos/Foundry_daggerheart_git/Foundry-daggerheart/Portable-FoundryVTT-v13.348/App/resources/app/dist/database/backend/server-document.mjs:1:3713)\n    at Function._migrateDocuments (file:///D:/Juegos/Foundry_daggerheart_git/Foundry-daggerheart/Portable-FoundryVTT-v13.348/App/resources/app/dist/database/backend/server-document.mjs:1:2782)","timestamp":"2026-05-24 13:52:41"}
{"level":"error","message":"An error occurred during the migration of Item record [yGbgSMuL43quImEV] of database \"the-void-unofficial.domains\":\nError: Documents from a core version newer than the running version cannot be migrated\n    at Function._migrateRecord (file:///D:/Juegos/Foundry_daggerheart_git/Foundry-daggerheart/Portable-FoundryVTT-v13.348/App/resources/app/dist/database/backend/server-document.mjs:1:3713)\n    at Function._migrateDocuments (file:///D:/Juegos/Foundry_daggerheart_git/Foundry-daggerheart/Portable-FoundryVTT-v13.348/App/resources/app/dist/database/backend/server-document.mjs:1:2782)","timestamp":"2026-05-24 13:52:41"}
{"level":"warn","message":"Database the-void-unofficial.domains was not fully migrated due to errors during migration.","timestamp":"2026-05-24 13:52:41"}
{"level":"info","message":"Launching World | Migrating Package Data - 90%","timestamp":"2026-05-24 13:52:41"}
{"level":"info","message":"Launching World | Migrating Package Data - 92%","timestamp":"2026-05-24 13:52:41"}
{"level":"error","message":"An error occurred during the migration of Item record [cg2pnUEwJ7q4k28d] of database \"the-void-unofficial.weapons\":\nError: Documents from a core version newer than the running version cannot be migrated\n    at Function._migrateRecord (file:///D:/Juegos/Foundry_daggerheart_git/Foundry-daggerheart/Portable-FoundryVTT-v13.348/App/resources/app/dist/database/backend/server-document.mjs:1:3713)\n    at Function._migrateDocuments (file:///D:/Juegos/Foundry_daggerheart_git/Foundry-daggerheart/Portable-FoundryVTT-v13.348/App/resources/app/dist/database/backend/server-document.mjs:1:2782)","timestamp":"2026-05-24 13:52:41"}
{"level":"error","message":"An error occurred during the migration of Item record [lHFiIpH2lrBBaT4o] of database \"the-void-unofficial.weapons\":\nError: Documents from a core version newer than the running version cannot be migrated\n    at Function._migrateRecord (file:///D:/Juegos/Foundry_daggerheart_git/Foundry-daggerheart/Portable-FoundryVTT-v13.348/App/resources/app/dist/database/backend/server-document.mjs:1:3713)\n    at Function._migrateDocuments (file:///D:/Juegos/Foundry_daggerheart_git/Foundry-daggerheart/Portable-FoundryVTT-v13.348/App/resources/app/dist/database/backend/server-document.mjs:1:2782)","timestamp":"2026-05-24 13:52:41"}
{"level":"warn","message":"Database the-void-unofficial.weapons was not fully migrated due to errors during migration.","timestamp":"2026-05-24 13:52:41"}
{"level":"info","message":"Launching World | Migrating Package Data - 94%","timestamp":"2026-05-24 13:52:41"}
{"level":"info","message":"Launching World | Migrating Package Data - 96%","timestamp":"2026-05-24 13:52:41"}
{"level":"info","message":"Launching World | Migrating Package Data - 98%","timestamp":"2026-05-24 13:52:41"}
{"level":"info","message":"Launching World | Migrating Package Data - 100%","timestamp":"2026-05-24 13:52:41"}
{"level":"info","message":"Launching World | Complete","timestamp":"2026-05-24 13:52:41"}
{"level":"info","message":"Server started and listening on port 30000","timestamp":"2026-05-24 13:52:41"}
{"level":"info","message":"Created client session f85098a0b1fe27975a51edfc","timestamp":"2026-05-24 13:52:46"}
{"ip":"::1","level":"info","message":"User authentication successful for user Gamemaster","session":"f85098a0b1fe27975a51edfc","timestamp":"2026-05-24 13:53:08"}
{"level":"info","message":"Core software stable update 13.351 is available!","timestamp":"2026-05-24 13:53:13"}
{"level":"info","message":"Daggerheart update 2.2.6 is now available!","timestamp":"2026-05-24 13:53:13"}
{"level":"info","message":"Vended World data to User [sjVrMusZqwSBFvXT] in 1958ms","timestamp":"2026-05-24 13:53:13"}
{"level":"info","message":"Created ChatMessage with id [M40b81tqQaH4pvSn]","timestamp":"2026-05-24 13:53:26"}
{"level":"info","message":"Toggling game pause status to false","timestamp":"2026-05-24 13:54:35"}
{"level":"info","message":"Deleted 3 Token documents with ids: [5P3DSLwVWvrXGKEy,jzEkxOixprUUXbhW,8YMo1lbdRbf6bD4w] in parent Scene [Xu5HbCrkGrO3llR2]","timestamp":"2026-05-24 13:54:41"}
{"level":"info","message":"Created Token with id [dAE9XBHNewlA5cOk] in parent Scene [Xu5HbCrkGrO3llR2]","timestamp":"2026-05-24 13:54:53"}
{"level":"info","message":"Created Token with id [bZ1MyWSdbVcDSRhx] in parent Scene [Xu5HbCrkGrO3llR2]","timestamp":"2026-05-24 13:54:57"}
{"level":"info","message":"Created JournalEntry with id [m0IyL47wjxifmbXy]","timestamp":"2026-05-24 13:58:30"}
{"level":"info","message":"Created RollTable with id [wNoeLpSQnTT6izvs]","timestamp":"2026-05-24 13:58:57"}
{"level":"info","message":"Deleted JournalEntry with id [m0IyL47wjxifmbXy]","timestamp":"2026-05-24 14:02:25"}
{"level":"info","message":"Created JournalEntry with id [STGlK54qMhOm7h5B]","timestamp":"2026-05-24 14:02:33"}
{"level":"info","message":"Deleted RollTable with id [wNoeLpSQnTT6izvs]","timestamp":"2026-05-24 14:03:11"}
{"level":"info","message":"Created RollTable with id [KkPjzsKIQsLmxNAT]","timestamp":"2026-05-24 14:03:26"}
{"level":"info","message":"Created TableResult with id [MhvZJ3ffZ5ESNcJi] in parent RollTable [KkPjzsKIQsLmxNAT]","timestamp":"2026-05-24 14:03:29"}
{"level":"info","message":"Created TableResult with id [20SjtOIf7L8WtJLb] in parent RollTable [KkPjzsKIQsLmxNAT]","timestamp":"2026-05-24 14:03:30"}
{"level":"info","message":"Created TableResult with id [K80puQ1Xq1j88ZZv] in parent RollTable [KkPjzsKIQsLmxNAT]","timestamp":"2026-05-24 14:03:30"}
{"level":"info","message":"Created TableResult with id [pBnEYK3eT0EM2Rs9] in parent RollTable [KkPjzsKIQsLmxNAT]","timestamp":"2026-05-24 14:03:30"}
{"level":"info","message":"Created TableResult with id [vMGHfqIuixVCThQA] in parent RollTable [KkPjzsKIQsLmxNAT]","timestamp":"2026-05-24 14:03:31"}
{"level":"info","message":"Created TableResult with id [mXZln421f5CLklhu] in parent RollTable [KkPjzsKIQsLmxNAT]","timestamp":"2026-05-24 14:03:31"}
{"level":"info","message":"Created TableResult with id [9BtCpjJ0yunzIC7d] in parent RollTable [KkPjzsKIQsLmxNAT]","timestamp":"2026-05-24 14:03:37"}
{"level":"info","message":"Created TableResult with id [O8gNrrW8OnrdT8uL] in parent RollTable [KkPjzsKIQsLmxNAT]","timestamp":"2026-05-24 14:03:38"}
{"level":"info","message":"Created TableResult with id [9tk3sh9mzE44dmZO] in parent RollTable [KkPjzsKIQsLmxNAT]","timestamp":"2026-05-24 14:03:39"}
{"level":"info","message":"Created TableResult with id [3U6sByCTNuzKujju] in parent RollTable [KkPjzsKIQsLmxNAT]","timestamp":"2026-05-24 14:03:39"}
{"level":"info","message":"Created TableResult with id [TUHZ4RNBURnDor6n] in parent RollTable [KkPjzsKIQsLmxNAT]","timestamp":"2026-05-24 14:03:41"}
{"level":"info","message":"Created TableResult with id [818qcCy0Bj4GotSA] in parent RollTable [KkPjzsKIQsLmxNAT]","timestamp":"2026-05-24 14:03:42"}
{"level":"info","message":"Created JournalEntryPage with id [J45zY7CmaU9Vaa94] in parent JournalEntry [STGlK54qMhOm7h5B]","timestamp":"2026-05-24 14:07:47"}
{"level":"debug","message":"Starting edit session for user 'sjVrMusZqwSBFvXT' and instance 'JournalEntry.STGlK54qMhOm7h5B.JournalEntryPage.J45zY7CmaU9Vaa94#text.content'.","timestamp":"2026-05-24 14:07:47"}
{"level":"debug","message":"Starting edit session for user 'sjVrMusZqwSBFvXT' and instance 'JournalEntry.STGlK54qMhOm7h5B.JournalEntryPage.J45zY7CmaU9Vaa94#text.content'.","timestamp":"2026-05-24 14:07:47"}
{"level":"debug","message":"Retiring user 'sjVrMusZqwSBFvXT' from editing session for instance 'JournalEntry.STGlK54qMhOm7h5B.JournalEntryPage.J45zY7CmaU9Vaa94#text.content'.","timestamp":"2026-05-24 14:08:06"}
{"level":"debug","message":"Instance 'JournalEntry.STGlK54qMhOm7h5B.JournalEntryPage.J45zY7CmaU9Vaa94#text.content' has no more active editors, cleaning up.","timestamp":"2026-05-24 14:08:06"}
{"level":"info","message":"Created JournalEntryPage with id [am21WZomV1zztxh5] in parent JournalEntry [STGlK54qMhOm7h5B]","timestamp":"2026-05-24 14:08:20"}
{"level":"debug","message":"Starting edit session for user 'sjVrMusZqwSBFvXT' and instance 'JournalEntry.STGlK54qMhOm7h5B.JournalEntryPage.am21WZomV1zztxh5#text.content'.","timestamp":"2026-05-24 14:08:20"}
{"level":"debug","message":"Retiring user 'sjVrMusZqwSBFvXT' from editing session for instance 'JournalEntry.STGlK54qMhOm7h5B.JournalEntryPage.am21WZomV1zztxh5#text.content'.","timestamp":"2026-05-24 14:08:20"}
{"level":"debug","message":"Instance 'JournalEntry.STGlK54qMhOm7h5B.JournalEntryPage.am21WZomV1zztxh5#text.content' has no more active editors, cleaning up.","timestamp":"2026-05-24 14:08:20"}
{"level":"debug","message":"Starting edit session for user 'sjVrMusZqwSBFvXT' and instance 'JournalEntry.STGlK54qMhOm7h5B.JournalEntryPage.am21WZomV1zztxh5#text.content'.","timestamp":"2026-05-24 14:08:20"}
{"level":"debug","message":"Retiring user 'sjVrMusZqwSBFvXT' from editing session for instance 'JournalEntry.STGlK54qMhOm7h5B.JournalEntryPage.am21WZomV1zztxh5#text.content'.","timestamp":"2026-05-24 14:08:27"}
{"level":"debug","message":"Instance 'JournalEntry.STGlK54qMhOm7h5B.JournalEntryPage.am21WZomV1zztxh5#text.content' has no more active editors, cleaning up.","timestamp":"2026-05-24 14:08:27"}
{"level":"debug","message":"Starting edit session for user 'sjVrMusZqwSBFvXT' and instance 'JournalEntry.STGlK54qMhOm7h5B.JournalEntryPage.am21WZomV1zztxh5#text.content'.","timestamp":"2026-05-24 14:08:27"}
{"level":"debug","message":"Retiring user 'sjVrMusZqwSBFvXT' from editing session for instance 'JournalEntry.STGlK54qMhOm7h5B.JournalEntryPage.am21WZomV1zztxh5#text.content'.","timestamp":"2026-05-24 14:09:29"}
{"level":"debug","message":"Instance 'JournalEntry.STGlK54qMhOm7h5B.JournalEntryPage.am21WZomV1zztxh5#text.content' has no more active editors, cleaning up.","timestamp":"2026-05-24 14:09:29"}
{"level":"info","message":"Created JournalEntryPage with id [neuEHUILJJGff3V5] in parent JournalEntry [STGlK54qMhOm7h5B]","timestamp":"2026-05-24 14:09:47"}
{"level":"debug","message":"Starting edit session for user 'sjVrMusZqwSBFvXT' and instance 'JournalEntry.STGlK54qMhOm7h5B.JournalEntryPage.neuEHUILJJGff3V5#text.content'.","timestamp":"2026-05-24 14:09:47"}
{"level":"debug","message":"Retiring user 'sjVrMusZqwSBFvXT' from editing session for instance 'JournalEntry.STGlK54qMhOm7h5B.JournalEntryPage.neuEHUILJJGff3V5#text.content'.","timestamp":"2026-05-24 14:09:47"}
{"level":"debug","message":"Instance 'JournalEntry.STGlK54qMhOm7h5B.JournalEntryPage.neuEHUILJJGff3V5#text.content' has no more active editors, cleaning up.","timestamp":"2026-05-24 14:09:47"}
{"level":"debug","message":"Starting edit session for user 'sjVrMusZqwSBFvXT' and instance 'JournalEntry.STGlK54qMhOm7h5B.JournalEntryPage.neuEHUILJJGff3V5#text.content'.","timestamp":"2026-05-24 14:09:47"}
{"level":"debug","message":"Retiring user 'sjVrMusZqwSBFvXT' from editing session for instance 'JournalEntry.STGlK54qMhOm7h5B.JournalEntryPage.neuEHUILJJGff3V5#text.content'.","timestamp":"2026-05-24 14:10:27"}
{"level":"debug","message":"Instance 'JournalEntry.STGlK54qMhOm7h5B.JournalEntryPage.neuEHUILJJGff3V5#text.content' has no more active editors, cleaning up.","timestamp":"2026-05-24 14:10:27"}
{"level":"info","message":"Created JournalEntryPage with id [9BPMMwxw0cKgk6ou] in parent JournalEntry [STGlK54qMhOm7h5B]","timestamp":"2026-05-24 14:10:39"}
{"level":"debug","message":"Starting edit session for user 'sjVrMusZqwSBFvXT' and instance 'JournalEntry.STGlK54qMhOm7h5B.JournalEntryPage.9BPMMwxw0cKgk6ou#text.content'.","timestamp":"2026-05-24 14:10:39"}
{"level":"debug","message":"Retiring user 'sjVrMusZqwSBFvXT' from editing session for instance 'JournalEntry.STGlK54qMhOm7h5B.JournalEntryPage.9BPMMwxw0cKgk6ou#text.content'.","timestamp":"2026-05-24 14:10:39"}
{"level":"debug","message":"Instance 'JournalEntry.STGlK54qMhOm7h5B.JournalEntryPage.9BPMMwxw0cKgk6ou#text.content' has no more active editors, cleaning up.","timestamp":"2026-05-24 14:10:39"}
{"level":"debug","message":"Starting edit session for user 'sjVrMusZqwSBFvXT' and instance 'JournalEntry.STGlK54qMhOm7h5B.JournalEntryPage.9BPMMwxw0cKgk6ou#text.content'.","timestamp":"2026-05-24 14:10:39"}
{"level":"debug","message":"Broadcasting autosave update for instance 'JournalEntry.STGlK54qMhOm7h5B.JournalEntryPage.9BPMMwxw0cKgk6ou#text.content'.","timestamp":"2026-05-24 14:11:39"}
{"level":"debug","message":"Retiring user 'sjVrMusZqwSBFvXT' from editing session for instance 'JournalEntry.STGlK54qMhOm7h5B.JournalEntryPage.9BPMMwxw0cKgk6ou#text.content'.","timestamp":"2026-05-24 14:12:02"}
{"level":"debug","message":"Instance 'JournalEntry.STGlK54qMhOm7h5B.JournalEntryPage.9BPMMwxw0cKgk6ou#text.content' has no more active editors, cleaning up.","timestamp":"2026-05-24 14:12:02"}
{"level":"debug","message":"Starting edit session for user 'sjVrMusZqwSBFvXT' and instance 'JournalEntry.STGlK54qMhOm7h5B.JournalEntryPage.9BPMMwxw0cKgk6ou#text.content'.","timestamp":"2026-05-24 14:12:02"}
{"level":"debug","message":"Retiring user 'sjVrMusZqwSBFvXT' from editing session for instance 'JournalEntry.STGlK54qMhOm7h5B.JournalEntryPage.9BPMMwxw0cKgk6ou#text.content'.","timestamp":"2026-05-24 14:12:07"}
{"level":"debug","message":"Instance 'JournalEntry.STGlK54qMhOm7h5B.JournalEntryPage.9BPMMwxw0cKgk6ou#text.content' has no more active editors, cleaning up.","timestamp":"2026-05-24 14:12:07"}
{"level":"debug","message":"Starting edit session for user 'sjVrMusZqwSBFvXT' and instance 'JournalEntry.STGlK54qMhOm7h5B.JournalEntryPage.9BPMMwxw0cKgk6ou#text.content'.","timestamp":"2026-05-24 14:12:07"}
{"level":"debug","message":"Retiring user 'sjVrMusZqwSBFvXT' from editing session for instance 'JournalEntry.STGlK54qMhOm7h5B.JournalEntryPage.9BPMMwxw0cKgk6ou#text.content'.","timestamp":"2026-05-24 14:12:17"}
{"level":"debug","message":"Instance 'JournalEntry.STGlK54qMhOm7h5B.JournalEntryPage.9BPMMwxw0cKgk6ou#text.content' has no more active editors, cleaning up.","timestamp":"2026-05-24 14:12:17"}
{"level":"info","message":"Created JournalEntry with id [VNIJye4KvfYRjXH6]","timestamp":"2026-05-24 14:12:51"}
{"level":"info","message":"Created JournalEntryPage with id [sue7eNZvqlwOZlLo] in parent JournalEntry [VNIJye4KvfYRjXH6]","timestamp":"2026-05-24 14:13:08"}
{"level":"debug","message":"Starting edit session for user 'sjVrMusZqwSBFvXT' and instance 'JournalEntry.VNIJye4KvfYRjXH6.JournalEntryPage.sue7eNZvqlwOZlLo#text.content'.","timestamp":"2026-05-24 14:13:08"}
{"level":"debug","message":"Retiring user 'sjVrMusZqwSBFvXT' from editing session for instance 'JournalEntry.VNIJye4KvfYRjXH6.JournalEntryPage.sue7eNZvqlwOZlLo#text.content'.","timestamp":"2026-05-24 14:13:08"}
{"level":"debug","message":"Instance 'JournalEntry.VNIJye4KvfYRjXH6.JournalEntryPage.sue7eNZvqlwOZlLo#text.content' has no more active editors, cleaning up.","timestamp":"2026-05-24 14:13:08"}
{"level":"debug","message":"Starting edit session for user 'sjVrMusZqwSBFvXT' and instance 'JournalEntry.VNIJye4KvfYRjXH6.JournalEntryPage.sue7eNZvqlwOZlLo#text.content'.","timestamp":"2026-05-24 14:13:08"}
{"level":"debug","message":"Retiring user 'sjVrMusZqwSBFvXT' from editing session for instance 'JournalEntry.VNIJye4KvfYRjXH6.JournalEntryPage.sue7eNZvqlwOZlLo#text.content'.","timestamp":"2026-05-24 14:13:12"}
{"level":"debug","message":"Instance 'JournalEntry.VNIJye4KvfYRjXH6.JournalEntryPage.sue7eNZvqlwOZlLo#text.content' has no more active editors, cleaning up.","timestamp":"2026-05-24 14:13:12"}
{"level":"debug","message":"Starting edit session for user 'sjVrMusZqwSBFvXT' and instance 'JournalEntry.VNIJye4KvfYRjXH6.JournalEntryPage.sue7eNZvqlwOZlLo#text.content'.","timestamp":"2026-05-24 14:13:12"}
{"level":"debug","message":"Retiring user 'sjVrMusZqwSBFvXT' from editing session for instance 'JournalEntry.VNIJye4KvfYRjXH6.JournalEntryPage.sue7eNZvqlwOZlLo#text.content'.","timestamp":"2026-05-24 14:13:14"}
{"level":"debug","message":"Instance 'JournalEntry.VNIJye4KvfYRjXH6.JournalEntryPage.sue7eNZvqlwOZlLo#text.content' has no more active editors, cleaning up.","timestamp":"2026-05-24 14:13:14"}
{"level":"debug","message":"Starting edit session for user 'sjVrMusZqwSBFvXT' and instance 'JournalEntry.VNIJye4KvfYRjXH6.JournalEntryPage.sue7eNZvqlwOZlLo#text.content'.","timestamp":"2026-05-24 14:13:16"}
{"level":"debug","message":"Retiring user 'sjVrMusZqwSBFvXT' from editing session for instance 'JournalEntry.VNIJye4KvfYRjXH6.JournalEntryPage.sue7eNZvqlwOZlLo#text.content'.","timestamp":"2026-05-24 14:13:25"}
{"level":"debug","message":"Instance 'JournalEntry.VNIJye4KvfYRjXH6.JournalEntryPage.sue7eNZvqlwOZlLo#text.content' has no more active editors, cleaning up.","timestamp":"2026-05-24 14:13:25"}
{"level":"info","message":"Created JournalEntryPage with id [jrs8Fbjy7kbVEEIg] in parent JournalEntry [VNIJye4KvfYRjXH6]","timestamp":"2026-05-24 14:13:31"}
{"level":"debug","message":"Starting edit session for user 'sjVrMusZqwSBFvXT' and instance 'JournalEntry.VNIJye4KvfYRjXH6.JournalEntryPage.jrs8Fbjy7kbVEEIg#text.content'.","timestamp":"2026-05-24 14:13:31"}
{"level":"debug","message":"Retiring user 'sjVrMusZqwSBFvXT' from editing session for instance 'JournalEntry.VNIJye4KvfYRjXH6.JournalEntryPage.jrs8Fbjy7kbVEEIg#text.content'.","timestamp":"2026-05-24 14:13:31"}
{"level":"debug","message":"Instance 'JournalEntry.VNIJye4KvfYRjXH6.JournalEntryPage.jrs8Fbjy7kbVEEIg#text.content' has no more active editors, cleaning up.","timestamp":"2026-05-24 14:13:31"}
{"level":"debug","message":"Starting edit session for user 'sjVrMusZqwSBFvXT' and instance 'JournalEntry.VNIJye4KvfYRjXH6.JournalEntryPage.jrs8Fbjy7kbVEEIg#text.content'.","timestamp":"2026-05-24 14:13:31"}
{"level":"debug","message":"Starting edit session for user 'sjVrMusZqwSBFvXT' and instance 'JournalEntry.VNIJye4KvfYRjXH6.JournalEntryPage.sue7eNZvqlwOZlLo#text.content'.","timestamp":"2026-05-24 14:13:34"}
{"level":"debug","message":"Retiring user 'sjVrMusZqwSBFvXT' from editing session for instance 'JournalEntry.VNIJye4KvfYRjXH6.JournalEntryPage.jrs8Fbjy7kbVEEIg#text.content'.","timestamp":"2026-05-24 14:13:46"}
{"level":"debug","message":"Instance 'JournalEntry.VNIJye4KvfYRjXH6.JournalEntryPage.jrs8Fbjy7kbVEEIg#text.content' has no more active editors, cleaning up.","timestamp":"2026-05-24 14:13:46"}
{"level":"debug","message":"Starting edit session for user 'sjVrMusZqwSBFvXT' and instance 'JournalEntry.VNIJye4KvfYRjXH6.JournalEntryPage.jrs8Fbjy7kbVEEIg#text.content'.","timestamp":"2026-05-24 14:13:46"}
{"level":"debug","message":"Retiring user 'sjVrMusZqwSBFvXT' from editing session for instance 'JournalEntry.VNIJye4KvfYRjXH6.JournalEntryPage.jrs8Fbjy7kbVEEIg#text.content'.","timestamp":"2026-05-24 14:13:52"}
{"level":"debug","message":"Instance 'JournalEntry.VNIJye4KvfYRjXH6.JournalEntryPage.jrs8Fbjy7kbVEEIg#text.content' has no more active editors, cleaning up.","timestamp":"2026-05-24 14:13:52"}
{"level":"debug","message":"Retiring user 'sjVrMusZqwSBFvXT' from editing session for instance 'JournalEntry.VNIJye4KvfYRjXH6.JournalEntryPage.sue7eNZvqlwOZlLo#text.content'.","timestamp":"2026-05-24 14:14:06"}
{"level":"debug","message":"Instance 'JournalEntry.VNIJye4KvfYRjXH6.JournalEntryPage.sue7eNZvqlwOZlLo#text.content' has no more active editors, cleaning up.","timestamp":"2026-05-24 14:14:06"}
{"level":"debug","message":"Starting edit session for user 'sjVrMusZqwSBFvXT' and instance 'JournalEntry.VNIJye4KvfYRjXH6.JournalEntryPage.jrs8Fbjy7kbVEEIg#text.content'.","timestamp":"2026-05-24 14:14:19"}
{"level":"debug","message":"Retiring user 'sjVrMusZqwSBFvXT' from editing session for instance 'JournalEntry.VNIJye4KvfYRjXH6.JournalEntryPage.jrs8Fbjy7kbVEEIg#text.content'.","timestamp":"2026-05-24 14:14:43"}
{"level":"debug","message":"Instance 'JournalEntry.VNIJye4KvfYRjXH6.JournalEntryPage.jrs8Fbjy7kbVEEIg#text.content' has no more active editors, cleaning up.","timestamp":"2026-05-24 14:14:43"}
{"level":"info","message":"Shutting down Foundry Virtual Tabletop server","timestamp":"2026-05-24 14:14:51"}
{"level":"info","message":"Shut-down success. Goodbye!","timestamp":"2026-05-24 14:14:51"}
{"level":"info","message":"Running on Node.js - Version 20.18.3","timestamp":"2026-05-24 17:00:56"}
{"level":"info","message":"Foundry Virtual Tabletop - Version 13 Build 348","timestamp":"2026-05-24 17:00:56"}
{"level":"info","message":"User Data Directory - \"../../Data\"","timestamp":"2026-05-24 17:00:56"}
{"level":"info","message":"Application Options:\n{\n  \"compressStatic\": true,\n  \"fullscreen\": false,\n  \"hostname\": null,\n  \"language\": \"en.core\",\n  \"localHostname\": null,\n  \"port\": 30000,\n  \"proxyPort\": null,\n  \"proxySSL\": false,\n  \"routePrefix\": null,\n  \"updateChannel\": \"stable\",\n  \"upnp\": true,\n  \"awsConfig\": null,\n  \"compressSocket\": true,\n  \"cssTheme\": \"dark\",\n  \"deleteNEDB\": false,\n  \"hotReload\": false,\n  \"passwordSalt\": null,\n  \"sslCert\": null,\n  \"sslKey\": null,\n  \"world\": \"fe-west-marches\",\n  \"serviceConfig\": null,\n  \"telemetry\": true,\n  \"adminPassword\": null,\n  \"noBackups\": false\n}","timestamp":"2026-05-24 17:00:56"}
{"level":"info","message":"Software license verification succeeded","timestamp":"2026-05-24 17:00:56"}
{"level":"info","message":"Requesting UPnP port forwarding to destination port 30000","timestamp":"2026-05-24 17:00:56"}
{"level":"info","message":"Running Electron application with version 34.4.0 using Chromium 132.0.6834.210","timestamp":"2026-05-24 17:00:56"}
{"level":"info","message":"Connected to database \"actors\"","timestamp":"2026-05-24 17:00:59"}
{"level":"info","message":"Launching World | Loading World Data - 7%","timestamp":"2026-05-24 17:01:00"}
{"level":"info","message":"Connected to database \"cards\"","timestamp":"2026-05-24 17:01:00"}
{"level":"info","message":"Launching World | Loading World Data - 14%","timestamp":"2026-05-24 17:01:00"}
{"level":"info","message":"Connected to database \"messages\"","timestamp":"2026-05-24 17:01:00"}
{"level":"info","message":"Launching World | Loading World Data - 21%","timestamp":"2026-05-24 17:01:00"}
{"level":"info","message":"Connected to database \"combats\"","timestamp":"2026-05-24 17:01:00"}
{"level":"info","message":"Launching World | Loading World Data - 29%","timestamp":"2026-05-24 17:01:00"}
{"level":"info","message":"Connected to database \"fog\"","timestamp":"2026-05-24 17:01:01"}
{"level":"info","message":"Launching World | Loading World Data - 36%","timestamp":"2026-05-24 17:01:01"}
{"level":"info","message":"Connected to database \"folders\"","timestamp":"2026-05-24 17:01:01"}
{"level":"info","message":"Launching World | Loading World Data - 43%","timestamp":"2026-05-24 17:01:01"}
{"level":"info","message":"Connected to database \"items\"","timestamp":"2026-05-24 17:01:01"}
{"level":"info","message":"Launching World | Loading World Data - 50%","timestamp":"2026-05-24 17:01:01"}
{"level":"info","message":"Connected to database \"journal\"","timestamp":"2026-05-24 17:01:02"}
{"level":"info","message":"Launching World | Loading World Data - 57%","timestamp":"2026-05-24 17:01:02"}
{"level":"info","message":"Connected to database \"macros\"","timestamp":"2026-05-24 17:01:02"}
{"level":"info","message":"Launching World | Loading World Data - 64%","timestamp":"2026-05-24 17:01:02"}
{"level":"info","message":"Connected to database \"playlists\"","timestamp":"2026-05-24 17:01:02"}
{"level":"info","message":"Launching World | Loading World Data - 71%","timestamp":"2026-05-24 17:01:02"}
{"level":"info","message":"Connected to database \"tables\"","timestamp":"2026-05-24 17:01:03"}
{"level":"info","message":"Launching World | Loading World Data - 79%","timestamp":"2026-05-24 17:01:03"}
{"level":"info","message":"Connected to database \"scenes\"","timestamp":"2026-05-24 17:01:03"}
{"level":"info","message":"Launching World | Loading World Data - 86%","timestamp":"2026-05-24 17:01:03"}
{"level":"info","message":"Connected to database \"settings\"","timestamp":"2026-05-24 17:01:03"}
{"level":"info","message":"Launching World | Loading World Data - 93%","timestamp":"2026-05-24 17:01:03"}
{"level":"info","message":"Connected to database \"users\"","timestamp":"2026-05-24 17:01:03"}
{"level":"info","message":"Launching World | Loading World Data - 100%","timestamp":"2026-05-24 17:01:03"}
{"level":"info","message":"Launching World | Migrating World Data - 7%","timestamp":"2026-05-24 17:01:03"}
{"level":"info","message":"Launching World | Migrating World Data - 14%","timestamp":"2026-05-24 17:01:03"}
{"level":"info","message":"Launching World | Migrating World Data - 21%","timestamp":"2026-05-24 17:01:03"}
{"level":"info","message":"Launching World | Migrating World Data - 29%","timestamp":"2026-05-24 17:01:03"}
{"level":"info","message":"Launching World | Migrating World Data - 36%","timestamp":"2026-05-24 17:01:03"}
{"level":"info","message":"Launching World | Migrating World Data - 43%","timestamp":"2026-05-24 17:01:03"}
{"level":"info","message":"Launching World | Migrating World Data - 50%","timestamp":"2026-05-24 17:01:03"}
{"level":"info","message":"Launching World | Migrating World Data - 57%","timestamp":"2026-05-24 17:01:03"}
{"level":"info","message":"Launching World | Migrating World Data - 64%","timestamp":"2026-05-24 17:01:03"}
{"level":"info","message":"Launching World | Migrating World Data - 71%","timestamp":"2026-05-24 17:01:03"}
{"level":"info","message":"Launching World | Migrating World Data - 79%","timestamp":"2026-05-24 17:01:03"}
{"level":"info","message":"Launching World | Migrating World Data - 86%","timestamp":"2026-05-24 17:01:03"}
{"level":"info","message":"Launching World | Migrating World Data - 93%","timestamp":"2026-05-24 17:01:03"}
{"level":"info","message":"Launching World | Migrating World Data - 100%","timestamp":"2026-05-24 17:01:03"}
{"level":"info","message":"Connected to database \"world.homebrew-adversaries\"","timestamp":"2026-05-24 17:01:04"}
{"level":"info","message":"Launching World | Loading Package Data - 2%","timestamp":"2026-05-24 17:01:04"}
{"level":"info","message":"Connected to database \"world.homebrew-adversaries-features\"","timestamp":"2026-05-24 17:01:04"}
{"level":"info","message":"Launching World | Loading Package Data - 4%","timestamp":"2026-05-24 17:01:04"}
{"level":"info","message":"Connected to database \"daggerheart.classes\"","timestamp":"2026-05-24 17:01:04"}
{"level":"info","message":"Launching World | Loading Package Data - 6%","timestamp":"2026-05-24 17:01:04"}
{"level":"info","message":"Connected to database \"daggerheart.subclasses\"","timestamp":"2026-05-24 17:01:04"}
{"level":"info","message":"Launching World | Loading Package Data - 8%","timestamp":"2026-05-24 17:01:04"}
{"level":"info","message":"Connected to database \"daggerheart.domains\"","timestamp":"2026-05-24 17:01:04"}
{"level":"info","message":"Launching World | Loading Package Data - 10%","timestamp":"2026-05-24 17:01:04"}
{"level":"info","message":"Connected to database \"daggerheart.ancestries\"","timestamp":"2026-05-24 17:01:04"}
{"level":"info","message":"Launching World | Loading Package Data - 12%","timestamp":"2026-05-24 17:01:04"}
{"level":"info","message":"Connected to database \"daggerheart.communities\"","timestamp":"2026-05-24 17:01:04"}
{"level":"info","message":"Launching World | Loading Package Data - 14%","timestamp":"2026-05-24 17:01:04"}
{"level":"info","message":"Connected to database \"daggerheart.weapons\"","timestamp":"2026-05-24 17:01:04"}
{"level":"info","message":"Launching World | Loading Package Data - 16%","timestamp":"2026-05-24 17:01:05"}
{"level":"info","message":"Connected to database \"daggerheart.armors\"","timestamp":"2026-05-24 17:01:05"}
{"level":"info","message":"Launching World | Loading Package Data - 18%","timestamp":"2026-05-24 17:01:05"}
{"level":"info","message":"Connected to database \"daggerheart.consumables\"","timestamp":"2026-05-24 17:01:05"}
{"level":"info","message":"Launching World | Loading Package Data - 20%","timestamp":"2026-05-24 17:01:05"}
{"level":"info","message":"Connected to database \"daggerheart.loot\"","timestamp":"2026-05-24 17:01:05"}
{"level":"info","message":"Launching World | Loading Package Data - 22%","timestamp":"2026-05-24 17:01:05"}
{"level":"info","message":"Connected to database \"daggerheart.adversaries\"","timestamp":"2026-05-24 17:01:05"}
{"level":"info","message":"Launching World | Loading Package Data - 24%","timestamp":"2026-05-24 17:01:05"}
{"level":"info","message":"Connected to database \"daggerheart.environments\"","timestamp":"2026-05-24 17:01:05"}
{"level":"info","message":"Launching World | Loading Package Data - 25%","timestamp":"2026-05-24 17:01:05"}
{"level":"info","message":"Connected to database \"daggerheart.journals\"","timestamp":"2026-05-24 17:01:05"}
{"level":"info","message":"Launching World | Loading Package Data - 27%","timestamp":"2026-05-24 17:01:05"}
{"level":"info","message":"Connected to database \"daggerheart.rolltables\"","timestamp":"2026-05-24 17:01:06"}
{"level":"info","message":"Launching World | Loading Package Data - 29%","timestamp":"2026-05-24 17:01:06"}
{"level":"info","message":"Connected to database \"daggerheart.beastforms\"","timestamp":"2026-05-24 17:01:06"}
{"level":"info","message":"Launching World | Loading Package Data - 31%","timestamp":"2026-05-24 17:01:06"}
{"level":"info","message":"Connected to database \"art-for-daggerheart.art-for-dh-macros\"","timestamp":"2026-05-24 17:01:06"}
{"level":"info","message":"Launching World | Loading Package Data - 33%","timestamp":"2026-05-24 17:01:06"}
{"level":"info","message":"Connected to database \"daggerheart-advmanager.custom-features\"","timestamp":"2026-05-24 17:01:06"}
{"level":"info","message":"Launching World | Loading Package Data - 35%","timestamp":"2026-05-24 17:01:06"}
{"level":"info","message":"Connected to database \"daggerheart-advmanager.all-features\"","timestamp":"2026-05-24 17:01:06"}
{"level":"info","message":"Launching World | Loading Package Data - 37%","timestamp":"2026-05-24 17:01:06"}
{"level":"info","message":"Connected to database \"daggerheart-advmanager.macros\"","timestamp":"2026-05-24 17:01:06"}
{"level":"info","message":"Launching World | Loading Package Data - 39%","timestamp":"2026-05-24 17:01:06"}
{"level":"info","message":"Connected to database \"daggerheart-advmanager.templates\"","timestamp":"2026-05-24 17:01:06"}
{"level":"info","message":"Launching World | Loading Package Data - 41%","timestamp":"2026-05-24 17:01:06"}
{"level":"info","message":"Connected to database \"daggerheart-extra-content.motherboard-items\"","timestamp":"2026-05-24 17:01:07"}
{"level":"info","message":"Launching World | Loading Package Data - 43%","timestamp":"2026-05-24 17:01:07"}
{"level":"info","message":"Connected to database \"daggerheart-extra-content.macros\"","timestamp":"2026-05-24 17:01:07"}
{"level":"info","message":"Launching World | Loading Package Data - 45%","timestamp":"2026-05-24 17:01:07"}
{"level":"info","message":"Connected to database \"daggerheart-extra-content.motherboard-tables\"","timestamp":"2026-05-24 17:01:07"}
{"level":"info","message":"Launching World | Loading Package Data - 47%","timestamp":"2026-05-24 17:01:07"}
{"level":"info","message":"Connected to database \"daggerheart-extra-content.adversaries-features\"","timestamp":"2026-05-24 17:01:07"}
{"level":"info","message":"Launching World | Loading Package Data - 49%","timestamp":"2026-05-24 17:01:07"}
{"level":"info","message":"Connected to database \"daggerheart-extra-content.useful-journals\"","timestamp":"2026-05-24 17:01:07"}
{"level":"info","message":"Launching World | Loading Package Data - 51%","timestamp":"2026-05-24 17:01:07"}
{"level":"info","message":"Connected to database \"daggerheart-extra-content.loot-and-consumable-tables\"","timestamp":"2026-05-24 17:01:07"}
{"level":"info","message":"Launching World | Loading Package Data - 53%","timestamp":"2026-05-24 17:01:07"}
{"level":"info","message":"Connected to database \"daggerheart-extra-content.more-adversaries\"","timestamp":"2026-05-24 17:01:07"}
{"level":"info","message":"Launching World | Loading Package Data - 55%","timestamp":"2026-05-24 17:01:07"}
{"level":"info","message":"Connected to database \"daggerheart-extra-content.more-items\"","timestamp":"2026-05-24 17:01:08"}
{"level":"info","message":"Launching World | Loading Package Data - 57%","timestamp":"2026-05-24 17:01:08"}
{"level":"info","message":"Connected to database \"daggerheart-extra-content.curses\"","timestamp":"2026-05-24 17:01:08"}
{"level":"info","message":"Launching World | Loading Package Data - 59%","timestamp":"2026-05-24 17:01:08"}
{"level":"info","message":"Connected to database \"daggerheart-extra-content.ancestry\"","timestamp":"2026-05-24 17:01:08"}
{"level":"info","message":"Launching World | Loading Package Data - 61%","timestamp":"2026-05-24 17:01:08"}
{"level":"info","message":"Connected to database \"daggerheart-extra-content.house-rules\"","timestamp":"2026-05-24 17:01:08"}
{"level":"info","message":"Launching World | Loading Package Data - 63%","timestamp":"2026-05-24 17:01:08"}
{"level":"info","message":"Connected to database \"daggerheart-extra-content.classes\"","timestamp":"2026-05-24 17:01:08"}
{"level":"info","message":"Launching World | Loading Package Data - 65%","timestamp":"2026-05-24 17:01:08"}
{"level":"info","message":"Connected to database \"daggerheart-extra-content.subclasses\"","timestamp":"2026-05-24 17:01:08"}
{"level":"info","message":"Launching World | Loading Package Data - 67%","timestamp":"2026-05-24 17:01:08"}
{"level":"info","message":"Connected to database \"daggerheart-quickrules.quickrules\"","timestamp":"2026-05-24 17:01:08"}
{"level":"info","message":"Launching World | Loading Package Data - 69%","timestamp":"2026-05-24 17:01:08"}
{"level":"info","message":"Connected to database \"daggerheart-quickrules.macros\"","timestamp":"2026-05-24 17:01:08"}
{"level":"info","message":"Launching World | Loading Package Data - 71%","timestamp":"2026-05-24 17:01:08"}
{"level":"info","message":"Connected to database \"daggerheart-store.general-items\"","timestamp":"2026-05-24 17:01:09"}
{"level":"info","message":"Launching World | Loading Package Data - 73%","timestamp":"2026-05-24 17:01:09"}
{"level":"info","message":"Connected to database \"daggerheart-store.macros\"","timestamp":"2026-05-24 17:01:09"}
{"level":"info","message":"Launching World | Loading Package Data - 75%","timestamp":"2026-05-24 17:01:09"}
{"level":"info","message":"Connected to database \"daggerheart-store.journals\"","timestamp":"2026-05-24 17:01:09"}
{"level":"info","message":"Launching World | Loading Package Data - 76%","timestamp":"2026-05-24 17:01:09"}
{"level":"info","message":"Connected to database \"forien-quest-log.macros-gm\"","timestamp":"2026-05-24 17:01:09"}
{"level":"info","message":"Launching World | Loading Package Data - 78%","timestamp":"2026-05-24 17:01:09"}
{"level":"info","message":"Connected to database \"forien-quest-log.macros-player\"","timestamp":"2026-05-24 17:01:09"}
{"level":"info","message":"Launching World | Loading Package Data - 80%","timestamp":"2026-05-24 17:01:09"}
{"level":"info","message":"Connected to database \"the-void-unofficial.classes\"","timestamp":"2026-05-24 17:01:09"}
{"level":"info","message":"Launching World | Loading Package Data - 82%","timestamp":"2026-05-24 17:01:09"}
{"level":"info","message":"Connected to database \"the-void-unofficial.subclasses\"","timestamp":"2026-05-24 17:01:09"}
{"level":"info","message":"Launching World | Loading Package Data - 84%","timestamp":"2026-05-24 17:01:09"}
{"level":"info","message":"Connected to database \"the-void-unofficial.ancestries\"","timestamp":"2026-05-24 17:01:09"}
{"level":"info","message":"Launching World | Loading Package Data - 86%","timestamp":"2026-05-24 17:01:09"}
{"level":"info","message":"Connected to database \"the-void-unofficial.communities\"","timestamp":"2026-05-24 17:01:10"}
{"level":"info","message":"Launching World | Loading Package Data - 88%","timestamp":"2026-05-24 17:01:10"}
{"level":"info","message":"Connected to database \"the-void-unofficial.domains\"","timestamp":"2026-05-24 17:01:10"}
{"level":"info","message":"Launching World | Loading Package Data - 90%","timestamp":"2026-05-24 17:01:10"}
{"level":"info","message":"Connected to database \"the-void-unofficial.transformations\"","timestamp":"2026-05-24 17:01:10"}
{"level":"info","message":"Launching World | Loading Package Data - 92%","timestamp":"2026-05-24 17:01:10"}
{"level":"info","message":"Connected to database \"the-void-unofficial.weapons\"","timestamp":"2026-05-24 17:01:10"}
{"level":"info","message":"Launching World | Loading Package Data - 94%","timestamp":"2026-05-24 17:01:10"}
{"level":"info","message":"Connected to database \"the-void-unofficial.macros\"","timestamp":"2026-05-24 17:01:10"}
{"level":"info","message":"Launching World | Loading Package Data - 96%","timestamp":"2026-05-24 17:01:10"}
{"level":"info","message":"Connected to database \"the-void-unofficial.adversaries--environments\"","timestamp":"2026-05-24 17:01:10"}
{"level":"info","message":"Launching World | Loading Package Data - 98%","timestamp":"2026-05-24 17:01:10"}
{"level":"info","message":"Connected to database \"token-mold.adjectives\"","timestamp":"2026-05-24 17:01:10"}
{"level":"info","message":"Launching World | Loading Package Data - 100%","timestamp":"2026-05-24 17:01:10"}
{"level":"info","message":"Created 0 Folder documents with ids: []","timestamp":"2026-05-24 17:01:10"}
{"level":"info","message":"Launching World | Migrating Package Data - 2%","timestamp":"2026-05-24 17:01:10"}
{"level":"info","message":"Launching World | Migrating Package Data - 4%","timestamp":"2026-05-24 17:01:10"}
{"level":"info","message":"Launching World | Migrating Package Data - 6%","timestamp":"2026-05-24 17:01:10"}
{"level":"info","message":"Launching World | Migrating Package Data - 8%","timestamp":"2026-05-24 17:01:10"}
{"level":"info","message":"Launching World | Migrating Package Data - 10%","timestamp":"2026-05-24 17:01:10"}
{"level":"info","message":"Launching World | Migrating Package Data - 12%","timestamp":"2026-05-24 17:01:10"}
{"level":"info","message":"Launching World | Migrating Package Data - 14%","timestamp":"2026-05-24 17:01:10"}
{"level":"info","message":"Launching World | Migrating Package Data - 16%","timestamp":"2026-05-24 17:01:10"}
{"level":"info","message":"Launching World | Migrating Package Data - 18%","timestamp":"2026-05-24 17:01:10"}
{"level":"info","message":"Launching World | Migrating Package Data - 20%","timestamp":"2026-05-24 17:01:10"}
{"level":"info","message":"Launching World | Migrating Package Data - 22%","timestamp":"2026-05-24 17:01:10"}
{"level":"info","message":"Launching World | Migrating Package Data - 24%","timestamp":"2026-05-24 17:01:11"}
{"level":"info","message":"Launching World | Migrating Package Data - 25%","timestamp":"2026-05-24 17:01:11"}
{"level":"error","message":"An error occurred during the migration of JournalEntry record [uNs7ne9VCbbu5dcG] of database \"daggerheart.journals\":\nError: Documents from a core version newer than the running version cannot be migrated\n    at JournalEntryPage._migrateRecord (file:///D:/Juegos/Foundry_daggerheart_git/Foundry-daggerheart/Portable-FoundryVTT-v13.348/App/resources/app/dist/database/backend/server-document.mjs:1:3713)\n    at Function._migrateEmbeddedRecords (file:///D:/Juegos/Foundry_daggerheart_git/Foundry-daggerheart/Portable-FoundryVTT-v13.348/App/resources/app/dist/database/backend/server-document.mjs:1:4614)\n    at Function._migrateRecord (file:///D:/Juegos/Foundry_daggerheart_git/Foundry-daggerheart/Portable-FoundryVTT-v13.348/App/resources/app/dist/database/backend/server-document.mjs:1:4119)\n    at Function._migrateDocuments (file:///D:/Juegos/Foundry_daggerheart_git/Foundry-daggerheart/Portable-FoundryVTT-v13.348/App/resources/app/dist/database/backend/server-document.mjs:1:2782)","timestamp":"2026-05-24 17:01:11"}
{"level":"warn","message":"Database daggerheart.journals was not fully migrated due to errors during migration.","timestamp":"2026-05-24 17:01:11"}
{"level":"info","message":"Launching World | Migrating Package Data - 27%","timestamp":"2026-05-24 17:01:11"}
{"level":"error","message":"An error occurred during the migration of RollTable record [I5L1dlgxXTNrCCkL] of database \"daggerheart.rolltables\":\nError: Documents from a core version newer than the running version cannot be migrated\n    at TableResult._migrateRecord (file:///D:/Juegos/Foundry_daggerheart_git/Foundry-daggerheart/Portable-FoundryVTT-v13.348/App/resources/app/dist/database/backend/server-document.mjs:1:3713)\n    at Function._migrateEmbeddedRecords (file:///D:/Juegos/Foundry_daggerheart_git/Foundry-daggerheart/Portable-FoundryVTT-v13.348/App/resources/app/dist/database/backend/server-document.mjs:1:4614)\n    at Function._migrateRecord (file:///D:/Juegos/Foundry_daggerheart_git/Foundry-daggerheart/Portable-FoundryVTT-v13.348/App/resources/app/dist/database/backend/server-document.mjs:1:4119)\n    at Function._migrateDocuments (file:///D:/Juegos/Foundry_daggerheart_git/Foundry-daggerheart/Portable-FoundryVTT-v13.348/App/resources/app/dist/database/backend/server-document.mjs:1:2782)","timestamp":"2026-05-24 17:01:11"}
{"level":"error","message":"An error occurred during the migration of RollTable record [S61Shlt2I5CbLRjz] of database \"daggerheart.rolltables\":\nError: Documents from a core version newer than the running version cannot be migrated\n    at TableResult._migrateRecord (file:///D:/Juegos/Foundry_daggerheart_git/Foundry-daggerheart/Portable-FoundryVTT-v13.348/App/resources/app/dist/database/backend/server-document.mjs:1:3713)\n    at Function._migrateEmbeddedRecords (file:///D:/Juegos/Foundry_daggerheart_git/Foundry-daggerheart/Portable-FoundryVTT-v13.348/App/resources/app/dist/database/backend/server-document.mjs:1:4614)\n    at Function._migrateRecord (file:///D:/Juegos/Foundry_daggerheart_git/Foundry-daggerheart/Portable-FoundryVTT-v13.348/App/resources/app/dist/database/backend/server-document.mjs:1:4119)\n    at Function._migrateDocuments (file:///D:/Juegos/Foundry_daggerheart_git/Foundry-daggerheart/Portable-FoundryVTT-v13.348/App/resources/app/dist/database/backend/server-document.mjs:1:2782)","timestamp":"2026-05-24 17:01:11"}
{"level":"error","message":"An error occurred during the migration of RollTable record [tF04P02yVN1YDVel] of database \"daggerheart.rolltables\":\nError: Documents from a core version newer than the running version cannot be migrated\n    at TableResult._migrateRecord (file:///D:/Juegos/Foundry_daggerheart_git/Foundry-daggerheart/Portable-FoundryVTT-v13.348/App/resources/app/dist/database/backend/server-document.mjs:1:3713)\n    at Function._migrateEmbeddedRecords (file:///D:/Juegos/Foundry_daggerheart_git/Foundry-daggerheart/Portable-FoundryVTT-v13.348/App/resources/app/dist/database/backend/server-document.mjs:1:4614)\n    at Function._migrateRecord (file:///D:/Juegos/Foundry_daggerheart_git/Foundry-daggerheart/Portable-FoundryVTT-v13.348/App/resources/app/dist/database/backend/server-document.mjs:1:4119)\n    at Function._migrateDocuments (file:///D:/Juegos/Foundry_daggerheart_git/Foundry-daggerheart/Portable-FoundryVTT-v13.348/App/resources/app/dist/database/backend/server-document.mjs:1:2782)","timestamp":"2026-05-24 17:01:11"}
{"level":"warn","message":"Database daggerheart.rolltables was not fully migrated due to errors during migration.","timestamp":"2026-05-24 17:01:11"}
{"level":"info","message":"Launching World | Migrating Package Data - 29%","timestamp":"2026-05-24 17:01:11"}
{"level":"info","message":"Launching World | Migrating Package Data - 31%","timestamp":"2026-05-24 17:01:11"}
{"level":"info","message":"Launching World | Migrating Package Data - 33%","timestamp":"2026-05-24 17:01:11"}
{"level":"error","message":"An error occurred during the migration of Item record [AzEJqUAnlfac2THg] of database \"daggerheart-advmanager.custom-features\":\nError: Documents from a core version newer than the running version cannot be migrated\n    at Function._migrateRecord (file:///D:/Juegos/Foundry_daggerheart_git/Foundry-daggerheart/Portable-FoundryVTT-v13.348/App/resources/app/dist/database/backend/server-document.mjs:1:3713)\n    at Function._migrateDocuments (file:///D:/Juegos/Foundry_daggerheart_git/Foundry-daggerheart/Portable-FoundryVTT-v13.348/App/resources/app/dist/database/backend/server-document.mjs:1:2782)","timestamp":"2026-05-24 17:01:11"}
{"level":"error","message":"An error occurred during the migration of Item record [BRwQHc8h2ejuuvTr] of database \"daggerheart-advmanager.custom-features\":\nError: Documents from a core version newer than the running version cannot be migrated\n    at Function._migrateRecord (file:///D:/Juegos/Foundry_daggerheart_git/Foundry-daggerheart/Portable-FoundryVTT-v13.348/App/resources/app/dist/database/backend/server-document.mjs:1:3713)\n    at Function._migrateDocuments (file:///D:/Juegos/Foundry_daggerheart_git/Foundry-daggerheart/Portable-FoundryVTT-v13.348/App/resources/app/dist/database/backend/server-document.mjs:1:2782)","timestamp":"2026-05-24 17:01:11"}
{"level":"error","message":"An error occurred during the migration of Item record [KGhnD2WbVvfefC7I] of database \"daggerheart-advmanager.custom-features\":\nError: Documents from a core version newer than the running version cannot be migrated\n    at Function._migrateRecord (file:///D:/Juegos/Foundry_daggerheart_git/Foundry-daggerheart/Portable-FoundryVTT-v13.348/App/resources/app/dist/database/backend/server-document.mjs:1:3713)\n    at Function._migrateDocuments (file:///D:/Juegos/Foundry_daggerheart_git/Foundry-daggerheart/Portable-FoundryVTT-v13.348/App/resources/app/dist/database/backend/server-document.mjs:1:2782)","timestamp":"2026-05-24 17:01:11"}
{"level":"error","message":"An error occurred during the migration of Item record [ezFzajFyZSDOTJFA] of database \"daggerheart-advmanager.custom-features\":\nError: Documents from a core version newer than the running version cannot be migrated\n    at Function._migrateRecord (file:///D:/Juegos/Foundry_daggerheart_git/Foundry-daggerheart/Portable-FoundryVTT-v13.348/App/resources/app/dist/database/backend/server-document.mjs:1:3713)\n    at Function._migrateDocuments (file:///D:/Juegos/Foundry_daggerheart_git/Foundry-daggerheart/Portable-FoundryVTT-v13.348/App/resources/app/dist/database/backend/server-document.mjs:1:2782)","timestamp":"2026-05-24 17:01:11"}
{"level":"error","message":"An error occurred during the migration of Item record [gQjpYzBmlC6CDYGY] of database \"daggerheart-advmanager.custom-features\":\nError: Documents from a core version newer than the running version cannot be migrated\n    at Function._migrateRecord (file:///D:/Juegos/Foundry_daggerheart_git/Foundry-daggerheart/Portable-FoundryVTT-v13.348/App/resources/app/dist/database/backend/server-document.mjs:1:3713)\n    at Function._migrateDocuments (file:///D:/Juegos/Foundry_daggerheart_git/Foundry-daggerheart/Portable-FoundryVTT-v13.348/App/resources/app/dist/database/backend/server-document.mjs:1:2782)","timestamp":"2026-05-24 17:01:11"}
{"level":"error","message":"An error occurred during the migration of Item record [gkyJsNVoE3kYJWoe] of database \"daggerheart-advmanager.custom-features\":\nError: Documents from a core version newer than the running version cannot be migrated\n    at Function._migrateRecord (file:///D:/Juegos/Foundry_daggerheart_git/Foundry-daggerheart/Portable-FoundryVTT-v13.348/App/resources/app/dist/database/backend/server-document.mjs:1:3713)\n    at Function._migrateDocuments (file:///D:/Juegos/Foundry_daggerheart_git/Foundry-daggerheart/Portable-FoundryVTT-v13.348/App/resources/app/dist/database/backend/server-document.mjs:1:2782)","timestamp":"2026-05-24 17:01:11"}
{"level":"error","message":"An error occurred during the migration of Item record [vPbGnIwlpM2I74BI] of database \"daggerheart-advmanager.custom-features\":\nError: Documents from a core version newer than the running version cannot be migrated\n    at Function._migrateRecord (file:///D:/Juegos/Foundry_daggerheart_git/Foundry-daggerheart/Portable-FoundryVTT-v13.348/App/resources/app/dist/database/backend/server-document.mjs:1:3713)\n    at Function._migrateDocuments (file:///D:/Juegos/Foundry_daggerheart_git/Foundry-daggerheart/Portable-FoundryVTT-v13.348/App/resources/app/dist/database/backend/server-document.mjs:1:2782)","timestamp":"2026-05-24 17:01:11"}
{"level":"error","message":"An error occurred during the migration of Item record [w55UDPWC0WIgXxWS] of database \"daggerheart-advmanager.custom-features\":\nError: Documents from a core version newer than the running version cannot be migrated\n    at Function._migrateRecord (file:///D:/Juegos/Foundry_daggerheart_git/Foundry-daggerheart/Portable-FoundryVTT-v13.348/App/resources/app/dist/database/backend/server-document.mjs:1:3713)\n    at Function._migrateDocuments (file:///D:/Juegos/Foundry_daggerheart_git/Foundry-daggerheart/Portable-FoundryVTT-v13.348/App/resources/app/dist/database/backend/server-document.mjs:1:2782)","timestamp":"2026-05-24 17:01:11"}
{"level":"warn","message":"Database daggerheart-advmanager.custom-features was not fully migrated due to errors during migration.","timestamp":"2026-05-24 17:01:11"}
{"level":"info","message":"Launching World | Migrating Package Data - 35%","timestamp":"2026-05-24 17:01:11"}
{"level":"error","message":"An error occurred during the migration of Item record [0AK50fib0Vl6vzNE] of database \"daggerheart-advmanager.all-features\":\nError: Documents from a core version newer than the running version cannot be migrated\n    at Function._migrateRecord (file:///D:/Juegos/Foundry_daggerheart_git/Foundry-daggerheart/Portable-FoundryVTT-v13.348/App/resources/app/dist/database/backend/server-document.mjs:1:3713)\n    at Function._migrateDocuments (file:///D:/Juegos/Foundry_daggerheart_git/Foundry-daggerheart/Portable-FoundryVTT-v13.348/App/resources/app/dist/database/backend/server-document.mjs:1:2782)","timestamp":"2026-05-24 17:01:11"}
{"level":"error","message":"An error occurred during the migration of Item record [0EmQBc3EpEkh7ZNI] of database \"daggerheart-advmanager.all-features\":\nError: Documents from a core version newer than the running version cannot be migrated\n    at Function._migrateRecord (file:///D:/Juegos/Foundry_daggerheart_git/Foundry-daggerheart/Portable-FoundryVTT-v13.348/App/resources/app/dist/database/backend/server-document.mjs:1:3713)\n    at Function._migrateDocuments (file:///D:/Juegos/Foundry_daggerheart_git/Foundry-daggerheart/Portable-FoundryVTT-v13.348/App/resources/app/dist/database/backend/server-document.mjs:1:2782)","timestamp":"2026-05-24 17:01:11"}
{"level":"error","message":"An error occurred during the migration of Item record [0Jyuo4OsdMawZoTU] of database \"daggerheart-advmanager.all-features\":\nError: Documents from a core version newer than the running version cannot be migrated\n    at Function._migrateRecord (file:///D:/Juegos/Foundry_daggerheart_git/Foundry-daggerheart/Portable-FoundryVTT-v13.348/App/resources/app/dist/database/backend/server-document.mjs:1:3713)\n    at Function._migrateDocuments (file:///D:/Juegos/Foundry_daggerheart_git/Foundry-daggerheart/Portable-FoundryVTT-v13.348/App/resources/app/dist/database/backend/server-document.mjs:1:2782)","timestamp":"2026-05-24 17:01:11"}
{"level":"error","message":"An error occurred during the migration of Item record [0OGMVbqFxRVxsuTy] of database \"daggerheart-advmanager.all-features\":\nError: Documents from a core version newer than the running version cannot be migrated\n    at Function._migrateRecord (file:///D:/Juegos/Foundry_daggerheart_git/Foundry-daggerheart/Portable-FoundryVTT-v13.348/App/resources/app/dist/database/backend/server-document.mjs:1:3713)\n    at Function._migrateDocuments (file:///D:/Juegos/Foundry_daggerheart_git/Foundry-daggerheart/Portable-FoundryVTT-v13.348/App/resources/app/dist/database/backend/server-document.mjs:1:2782)","timestamp":"2026-05-24 17:01:11"}
{"level":"error","message":"An error occurred during the migration of Item record [0iw1UfatM6sVnQzw] of database \"daggerheart-advmanager.all-features\":\nError: Documents from a core version newer than the running version cannot be migrated\n    at Function._migrateRecord (file:///D:/Juegos/Foundry_daggerheart_git/Foundry-daggerheart/Portable-FoundryVTT-v13.348/App/resources/app/dist/database/backend/server-document.mjs:1:3713)\n    at Function._migrateDocuments (file:///D:/Juegos/Foundry_daggerheart_git/Foundry-daggerheart/Portable-FoundryVTT-v13.348/App/resources/app/dist/database/backend/server-document.mjs:1:2782)","timestamp":"2026-05-24 17:01:11"}
{"level":"error","message":"An error occurred during the migration of Item record [0t5Sxf68jP13Jvdb] of database \"daggerheart-advmanager.all-features\":\nError: Documents from a core version newer than the running version cannot be migrated\n    at Function._migrateRecord (file:///D:/Juegos/Foundry_daggerheart_git/Foundry-daggerheart/Portable-FoundryVTT-v13.348/App/resources/app/dist/database/backend/server-document.mjs:1:3713)\n    at Function._migrateDocuments (file:///D:/Juegos/Foundry_daggerheart_git/Foundry-daggerheart/Portable-FoundryVTT-v13.348/App/resources/app/dist/database/backend/server-document.mjs:1:2782)","timestamp":"2026-05-24 17:01:11"}
{"level":"error","message":"An error occurred during the migration of Item record [0xfUrz3PxiePxbuZ] of database \"daggerheart-advmanager.all-features\":\nError: Documents from a core version newer than the running version cannot be migrated\n    at Function._migrateRecord (file:///D:/Juegos/Foundry_daggerheart_git/Foundry-daggerheart/Portable-FoundryVTT-v13.348/App/resources/app/dist/database/backend/server-document.mjs:1:3713)\n    at Function._migrateDocuments (file:///D:/Juegos/Foundry_daggerheart_git/Foundry-daggerheart/Portable-FoundryVTT-v13.348/App/resources/app/dist/database/backend/server-document.mjs:1:2782)","timestamp":"2026-05-24 17:01:11"}
{"level":"error","message":"An error occurred during the migration of Item record [10is4ehby9gfstKp] of database \"daggerheart-advmanager.all-features\":\nError: Documents from a core version newer than the running version cannot be migrated\n    at Function._migrateRecord (file:///D:/Juegos/Foundry_daggerheart_git/Foundry-daggerheart/Portable-FoundryVTT-v13.348/App/resources/app/dist/database/backend/server-document.mjs:1:3713)\n    at Function._migrateDocuments (file:///D:/Juegos/Foundry_daggerheart_git/Foundry-daggerheart/Portable-FoundryVTT-v13.348/App/resources/app/dist/database/backend/server-document.mjs:1:2782)","timestamp":"2026-05-24 17:01:11"}
{"level":"error","message":"An error occurred during the migration of Item record [12GpBV70UVm4jiEq] of database \"daggerheart-advmanager.all-features\":\nError: Documents from a core version newer than the running version cannot be migrated\n    at Function._migrateRecord (file:///D:/Juegos/Foundry_daggerheart_git/Foundry-daggerheart/Portable-FoundryVTT-v13.348/App/resources/app/dist/database/backend/server-document.mjs:1:3713)\n    at Function._migrateDocuments (file:///D:/Juegos/Foundry_daggerheart_git/Foundry-daggerheart/Portable-FoundryVTT-v13.348/App/resources/app/dist/database/backend/server-document.mjs:1:2782)","timestamp":"2026-05-24 17:01:11"}
{"level":"error","message":"An error occurred during the migration of Item record [176El2KFqxUq1yFM] of database \"daggerheart-advmanager.all-features\":\nError: Documents from a core version newer than the running version cannot be migrated\n    at Function._migrateRecord (file:///D:/Juegos/Foundry_daggerheart_git/Foundry-daggerheart/Portable-FoundryVTT-v13.348/App/resources/app/dist/database/backend/server-document.mjs:1:3713)\n    at Function._migrateDocuments (file:///D:/Juegos/Foundry_daggerheart_git/Foundry-daggerheart/Portable-FoundryVTT-v13.348/App/resources/app/dist/database/backend/server-document.mjs:1:2782)","timestamp":"2026-05-24 17:01:11"}
{"level":"error","message":"An error occurred during the migration of Item record [19FO88Svnttnqsyh] of database \"daggerheart-advmanager.all-features\":\nError: Documents from a core version newer than the running version cannot be migrated\n    at Function._migrateRecord (file:///D:/Juegos/Foundry_daggerheart_git/Foundry-daggerheart/Portable-FoundryVTT-v13.348/App/resources/app/dist/database/backend/server-document.mjs:1:3713)\n    at Function._migrateDocuments (file:///D:/Juegos/Foundry_daggerheart_git/Foundry-daggerheart/Portable-FoundryVTT-v13.348/App/resources/app/dist/database/backend/server-document.mjs:1:2782)","timestamp":"2026-05-24 17:01:11"}
{"level":"error","message":"An error occurred during the migration of Item record [1FMtoS8Vd9rzaFVG] of database \"daggerheart-advmanager.all-features\":\nError: Documents from a core version newer than the running version cannot be migrated\n    at Function._migrateRecord (file:///D:/Juegos/Foundry_daggerheart_git/Foundry-daggerheart/Portable-FoundryVTT-v13.348/App/resources/app/dist/database/backend/server-document.mjs:1:3713)\n    at Function._migrateDocuments (file:///D:/Juegos/Foundry_daggerheart_git/Foundry-daggerheart/Portable-FoundryVTT-v13.348/App/resources/app/dist/database/backend/server-document.mjs:1:2782)","timestamp":"2026-05-24 17:01:11"}
{"level":"error","message":"An error occurred during the migration of Item record [1aNR0X2uLEfNyvLS] of database \"daggerheart-advmanager.all-features\":\nError: Documents from a core version newer than the running version cannot be migrated\n    at Function._migrateRecord (file:///D:/Juegos/Foundry_daggerheart_git/Foundry-daggerheart/Portable-FoundryVTT-v13.348/App/resources/app/dist/database/backend/server-document.mjs:1:3713)\n    at Function._migrateDocuments (file:///D:/Juegos/Foundry_daggerheart_git/Foundry-daggerheart/Portable-FoundryVTT-v13.348/App/resources/app/dist/database/backend/server-document.mjs:1:2782)","timestamp":"2026-05-24 17:01:11"}
{"level":"error","message":"An error occurred during the migration of Item record [24xBbSTxWXb9RsrI] of database \"daggerheart-advmanager.all-features\":\nError: Documents from a core version newer than the running version cannot be migrated\n    at Function._migrateRecord (file:///D:/Juegos/Foundry_daggerheart_git/Foundry-daggerheart/Portable-FoundryVTT-v13.348/App/resources/app/dist/database/backend/server-document.mjs:1:3713)\n    at Function._migrateDocuments (file:///D:/Juegos/Foundry_daggerheart_git/Foundry-daggerheart/Portable-FoundryVTT-v13.348/App/resources/app/dist/database/backend/server-document.mjs:1:2782)","timestamp":"2026-05-24 17:01:11"}
{"level":"error","message":"An error occurred during the migration of Item record [29zFfjY5HNUxW3mx] of database \"daggerheart-advmanager.all-features\":\nError: Documents from a core version newer than the running version cannot be migrated\n    at Function._migrateRecord (file:///D:/Juegos/Foundry_daggerheart_git/Foundry-daggerheart/Portable-FoundryVTT-v13.348/App/resources/app/dist/database/backend/server-document.mjs:1:3713)\n    at Function._migrateDocuments (file:///D:/Juegos/Foundry_daggerheart_git/Foundry-daggerheart/Portable-FoundryVTT-v13.348/App/resources/app/dist/database/backend/server-document.mjs:1:2782)","timestamp":"2026-05-24 17:01:11"}
{"level":"error","message":"An error occurred during the migration of Item record [2bJ0AcF6AbwTJRQX] of database \"daggerheart-advmanager.all-features\":\nError: Documents from a core version newer than the running version cannot be migrated\n    at Function._migrateRecord (file:///D:/Juegos/Foundry_daggerheart_git/Foundry-daggerheart/Portable-FoundryVTT-v13.348/App/resources/app/dist/database/backend/server-document.mjs:1:3713)\n    at Function._migrateDocuments (file:///D:/Juegos/Foundry_daggerheart_git/Foundry-daggerheart/Portable-FoundryVTT-v13.348/App/resources/app/dist/database/backend/server-document.mjs:1:2782)","timestamp":"2026-05-24 17:01:11"}
{"level":"error","message":"An error occurred during the migration of Item record [2mbKdvhv86laztg5] of database \"daggerheart-advmanager.all-features\":\nError: Documents from a core version newer than the running version cannot be migrated\n    at Function._migrateRecord (file:///D:/Juegos/Foundry_daggerheart_git/Foundry-daggerheart/Portable-FoundryVTT-v13.348/App/resources/app/dist/database/backend/server-document.mjs:1:3713)\n    at Function._migrateDocuments (file:///D:/Juegos/Foundry_daggerheart_git/Foundry-daggerheart/Portable-FoundryVTT-v13.348/App/resources/app/dist/database/backend/server-document.mjs:1:2782)","timestamp":"2026-05-24 17:01:11"}
{"level":"error","message":"An error occurred during the migration of Item record [2oGA8NNPjlHvG2w5] of database \"daggerheart-advmanager.all-features\":\nError: Documents from a core version newer than the running version cannot be migrated\n    at Function._migrateRecord (file:///D:/Juegos/Foundry_daggerheart_git/Foundry-daggerheart/Portable-FoundryVTT-v13.348/App/resources/app/dist/database/backend/server-document.mjs:1:3713)\n    at Function._migrateDocuments (file:///D:/Juegos/Foundry_daggerheart_git/Foundry-daggerheart/Portable-FoundryVTT-v13.348/App/resources/app/dist/database/backend/server-document.mjs:1:2782)","timestamp":"2026-05-24 17:01:11"}
{"level":"error","message":"An error occurred during the migration of Item record [3585rCbXTrgdV3b3] of database \"daggerheart-advmanager.all-features\":\nError: Documents from a core version newer than the running version cannot be migrated\n    at Function._migrateRecord (file:///D:/Juegos/Foundry_daggerheart_git/Foundry-daggerheart/Portable-FoundryVTT-v13.348/App/resources/app/dist/database/backend/server-document.mjs:1:3713)\n    at Function._migrateDocuments (file:///D:/Juegos/Foundry_daggerheart_git/Foundry-daggerheart/Portable-FoundryVTT-v13.348/App/resources/app/dist/database/backend/server-document.mjs:1:2782)","timestamp":"2026-05-24 17:01:11"}
{"level":"error","message":"An error occurred during the migration of Item record [3DcJxlfu8rDHyh9o] of database \"daggerheart-advmanager.all-features\":\nError: Documents from a core version newer than the running version cannot be migrated\n    at Function._migrateRecord (file:///D:/Juegos/Foundry_daggerheart_git/Foundry-daggerheart/Portable-FoundryVTT-v13.348/App/resources/app/dist/database/backend/server-document.mjs:1:3713)\n    at Function._migrateDocuments (file:///D:/Juegos/Foundry_daggerheart_git/Foundry-daggerheart/Portable-FoundryVTT-v13.348/App/resources/app/dist/database/backend/server-document.mjs:1:2782)","timestamp":"2026-05-24 17:01:11"}
{"level":"error","message":"An error occurred during the migration of Item record [3HE1tbCfnpKvfRT4] of database \"daggerheart-advmanager.all-features\":\nError: Documents from a core version newer than the running version cannot be migrated\n    at Function._migrateRecord (file:///D:/Juegos/Foundry_daggerheart_git/Foundry-daggerheart/Portable-FoundryVTT-v13.348/App/resources/app/dist/database/backend/server-document.mjs:1:3713)\n    at Function._migrateDocuments (file:///D:/Juegos/Foundry_daggerheart_git/Foundry-daggerheart/Portable-FoundryVTT-v13.348/App/resources/app/dist/database/backend/server-document.mjs:1:2782)","timestamp":"2026-05-24 17:01:11"}
{"level":"error","message":"An error occurred during the migration of Item record [3qIfh4e4Jmv1i4IA] of database \"daggerheart-advmanager.all-features\":\nError: Documents from a core version newer than the running version cannot be migrated\n    at Function._migrateRecord (file:///D:/Juegos/Foundry_daggerheart_git/Foundry-daggerheart/Portable-FoundryVTT-v13.348/App/resources/app/dist/database/backend/server-document.mjs:1:3713)\n    at Function._migrateDocuments (file:///D:/Juegos/Foundry_daggerheart_git/Foundry-daggerheart/Portable-FoundryVTT-v13.348/App/resources/app/dist/database/backend/server-document.mjs:1:2782)","timestamp":"2026-05-24 17:01:11"}
{"level":"error","message":"An error occurred during the migration of Item record [406aPWKMmrbhjNBp] of database \"daggerheart-advmanager.all-features\":\nError: Documents from a core version newer than the running version cannot be migrated\n    at Function._migrateRecord (file:///D:/Juegos/Foundry_daggerheart_git/Foundry-daggerheart/Portable-FoundryVTT-v13.348/App/resources/app/dist/database/backend/server-document.mjs:1:3713)\n    at Function._migrateDocuments (file:///D:/Juegos/Foundry_daggerheart_git/Foundry-daggerheart/Portable-FoundryVTT-v13.348/App/resources/app/dist/database/backend/server-document.mjs:1:2782)","timestamp":"2026-05-24 17:01:11"}
{"level":"error","message":"An error occurred during the migration of Item record [4Arev0XM1kfJor5X] of database \"daggerheart-advmanager.all-features\":\nError: Documents from a core version newer than the running version cannot be migrated\n    at Function._migrateRecord (file:///D:/Juegos/Foundry_daggerheart_git/Foundry-daggerheart/Portable-FoundryVTT-v13.348/App/resources/app/dist/database/backend/server-document.mjs:1:3713)\n    at Function._migrateDocuments (file:///D:/Juegos/Foundry_daggerheart_git/Foundry-daggerheart/Portable-FoundryVTT-v13.348/App/resources/app/dist/database/backend/server-document.mjs:1:2782)","timestamp":"2026-05-24 17:01:11"}
{"level":"error","message":"An error occurred during the migration of Item record [4NSLMimnOPIIkrp8] of database \"daggerheart-advmanager.all-features\":\nError: Documents from a core version newer than the running version cannot be migrated\n    at Function._migrateRecord (file:///D:/Juegos/Foundry_daggerheart_git/Foundry-daggerheart/Portable-FoundryVTT-v13.348/App/resources/app/dist/database/backend/server-document.mjs:1:3713)\n    at Function._migrateDocuments (file:///D:/Juegos/Foundry_daggerheart_git/Foundry-daggerheart/Portable-FoundryVTT-v13.348/App/resources/app/dist/database/backend/server-document.mjs:1:2782)","timestamp":"2026-05-24 17:01:11"}
{"level":"error","message":"An error occurred during the migration of Item record [4hQpJ37Lki92QPdP] of database \"daggerheart-advmanager.all-features\":\nError: Documents from a core version newer than the running version cannot be migrated\n    at Function._migrateRecord (file:///D:/Juegos/Foundry_daggerheart_git/Foundry-daggerheart/Portable-FoundryVTT-v13.348/App/resources/app/dist/database/backend/server-document.mjs:1:3713)\n    at Function._migrateDocuments (file:///D:/Juegos/Foundry_daggerheart_git/Foundry-daggerheart/Portable-FoundryVTT-v13.348/App/resources/app/dist/database/backend/server-document.mjs:1:2782)","timestamp":"2026-05-24 17:01:11"}
{"level":"error","message":"An error occurred during the migration of Item record [4olzwDGhly4yD6QP] of database \"daggerheart-advmanager.all-features\":\nError: Documents from a core version newer than the running version cannot be migrated\n    at Function._migrateRecord (file:///D:/Juegos/Foundry_daggerheart_git/Foundry-daggerheart/Portable-FoundryVTT-v13.348/App/resources/app/dist/database/backend/server-document.mjs:1:3713)\n    at Function._migrateDocuments (file:///D:/Juegos/Foundry_daggerheart_git/Foundry-daggerheart/Portable-FoundryVTT-v13.348/App/resources/app/dist/database/backend/server-document.mjs:1:2782)","timestamp":"2026-05-24 17:01:11"}
{"level":"error","message":"An error occurred during the migration of Item record [4pJEwefS6ck3yhTL] of database \"daggerheart-advmanager.all-features\":\nError: Documents from a core version newer than the running version cannot be migrated\n    at Function._migrateRecord (file:///D:/Juegos/Foundry_daggerheart_git/Foundry-daggerheart/Portable-FoundryVTT-v13.348/App/resources/app/dist/database/backend/server-document.mjs:1:3713)\n    at Function._migrateDocuments (file:///D:/Juegos/Foundry_daggerheart_git/Foundry-daggerheart/Portable-FoundryVTT-v13.348/App/resources/app/dist/database/backend/server-document.mjs:1:2782)","timestamp":"2026-05-24 17:01:11"}
{"level":"error","message":"An error occurred during the migration of Item record [562z3cCHaZpp7KQ3] of database \"daggerheart-advmanager.all-features\":\nError: Documents from a core version newer than the running version cannot be migrated\n    at Function._migrateRecord (file:///D:/Juegos/Foundry_daggerheart_git/Foundry-daggerheart/Portable-FoundryVTT-v13.348/App/resources/app/dist/database/backend/server-document.mjs:1:3713)\n    at Function._migrateDocuments (file:///D:/Juegos/Foundry_daggerheart_git/Foundry-daggerheart/Portable-FoundryVTT-v13.348/App/resources/app/dist/database/backend/server-document.mjs:1:2782)","timestamp":"2026-05-24 17:01:11"}
{"level":"error","message":"An error occurred during the migration of Item record [5A2g10P82BhefFnF] of database \"daggerheart-advmanager.all-features\":\nError: Documents from a core version newer than the running version cannot be migrated\n    at Function._migrateRecord (file:///D:/Juegos/Foundry_daggerheart_git/Foundry-daggerheart/Portable-FoundryVTT-v13.348/App/resources/app/dist/database/backend/server-document.mjs:1:3713)\n    at Function._migrateDocuments (file:///D:/Juegos/Foundry_daggerheart_git/Foundry-daggerheart/Portable-FoundryVTT-v13.348/App/resources/app/dist/database/backend/server-document.mjs:1:2782)","timestamp":"2026-05-24 17:01:11"}
{"level":"error","message":"An error occurred during the migration of Item record [5Aa9DYunwzMlj2z5] of database \"daggerheart-advmanager.all-features\":\nError: Documents from a core version newer than the running version cannot be migrated\n    at Function._migrateRecord (file:///D:/Juegos/Foundry_daggerheart_git/Foundry-daggerheart/Portable-FoundryVTT-v13.348/App/resources/app/dist/database/backend/server-document.mjs:1:3713)\n    at Function._migrateDocuments (file:///D:/Juegos/Foundry_daggerheart_git/Foundry-daggerheart/Portable-FoundryVTT-v13.348/App/resources/app/dist/database/backend/server-document.mjs:1:2782)","timestamp":"2026-05-24 17:01:11"}
{"level":"error","message":"An error occurred during the migration of Item record [5Bo8D9QzOB7nrkiJ] of database \"daggerheart-advmanager.all-features\":\nError: Documents from a core version newer than the running version cannot be migrated\n    at Function._migrateRecord (file:///D:/Juegos/Foundry_daggerheart_git/Foundry-daggerheart/Portable-FoundryVTT-v13.348/App/resources/app/dist/database/backend/server-document.mjs:1:3713)\n    at Function._migrateDocuments (file:///D:/Juegos/Foundry_daggerheart_git/Foundry-daggerheart/Portable-FoundryVTT-v13.348/App/resources/app/dist/database/backend/server-document.mjs:1:2782)","timestamp":"2026-05-24 17:01:11"}
{"level":"error","message":"An error occurred during the migration of Item record [5DLSEIAySr9PTQcB] of database \"daggerheart-advmanager.all-features\":\nError: Documents from a core version newer than the running version cannot be migrated\n    at Function._migrateRecord (file:///D:/Juegos/Foundry_daggerheart_git/Foundry-daggerheart/Portable-FoundryVTT-v13.348/App/resources/app/dist/database/backend/server-document.mjs:1:3713)\n    at Function._migrateDocuments (file:///D:/Juegos/Foundry_daggerheart_git/Foundry-daggerheart/Portable-FoundryVTT-v13.348/App/resources/app/dist/database/backend/server-document.mjs:1:2782)","timestamp":"2026-05-24 17:01:11"}
{"level":"error","message":"An error occurred during the migration of Item record [5Nq16tcUJeKgzAqM] of database \"daggerheart-advmanager.all-features\":\nError: Documents from a core version newer than the running version cannot be migrated\n    at Function._migrateRecord (file:///D:/Juegos/Foundry_daggerheart_git/Foundry-daggerheart/Portable-FoundryVTT-v13.348/App/resources/app/dist/database/backend/server-document.mjs:1:3713)\n    at Function._migrateDocuments (file:///D:/Juegos/Foundry_daggerheart_git/Foundry-daggerheart/Portable-FoundryVTT-v13.348/App/resources/app/dist/database/backend/server-document.mjs:1:2782)","timestamp":"2026-05-24 17:01:11"}
{"level":"error","message":"An error occurred during the migration of Item record [5Wn5atX8O21xrL5O] of database \"daggerheart-advmanager.all-features\":\nError: Documents from a core version newer than the running version cannot be migrated\n    at Function._migrateRecord (file:///D:/Juegos/Foundry_daggerheart_git/Foundry-daggerheart/Portable-FoundryVTT-v13.348/App/resources/app/dist/database/backend/server-document.mjs:1:3713)\n    at Function._migrateDocuments (file:///D:/Juegos/Foundry_daggerheart_git/Foundry-daggerheart/Portable-FoundryVTT-v13.348/App/resources/app/dist/database/backend/server-document.mjs:1:2782)","timestamp":"2026-05-24 17:01:11"}
{"level":"error","message":"An error occurred during the migration of Item record [5kQacWjp1K6I4iH3] of database \"daggerheart-advmanager.all-features\":\nError: Documents from a core version newer than the running version cannot be migrated\n    at Function._migrateRecord (file:///D:/Juegos/Foundry_daggerheart_git/Foundry-daggerheart/Portable-FoundryVTT-v13.348/App/resources/app/dist/database/backend/server-document.mjs:1:3713)\n    at Function._migrateDocuments (file:///D:/Juegos/Foundry_daggerheart_git/Foundry-daggerheart/Portable-FoundryVTT-v13.348/App/resources/app/dist/database/backend/server-document.mjs:1:2782)","timestamp":"2026-05-24 17:01:11"}
{"level":"error","message":"An error occurred during the migration of Item record [62OdgQgaYYjAsxhn] of database \"daggerheart-advmanager.all-features\":\nError: Documents from a core version newer than the running version cannot be migrated\n    at Function._migrateRecord (file:///D:/Juegos/Foundry_daggerheart_git/Foundry-daggerheart/Portable-FoundryVTT-v13.348/App/resources/app/dist/database/backend/server-document.mjs:1:3713)\n    at Function._migrateDocuments (file:///D:/Juegos/Foundry_daggerheart_git/Foundry-daggerheart/Portable-FoundryVTT-v13.348/App/resources/app/dist/database/backend/server-document.mjs:1:2782)","timestamp":"2026-05-24 17:01:11"}
{"level":"error","message":"An error occurred during the migration of Item record [68ygzbXuIM3CmG4T] of database \"daggerheart-advmanager.all-features\":\nError: Documents from a core version newer than the running version cannot be migrated\n    at Function._migrateRecord (file:///D:/Juegos/Foundry_daggerheart_git/Foundry-daggerheart/Portable-FoundryVTT-v13.348/App/resources/app/dist/database/backend/server-document.mjs:1:3713)\n    at Function._migrateDocuments (file:///D:/Juegos/Foundry_daggerheart_git/Foundry-daggerheart/Portable-FoundryVTT-v13.348/App/resources/app/dist/database/backend/server-document.mjs:1:2782)","timestamp":"2026-05-24 17:01:11"}
{"level":"error","message":"An error occurred during the migration of Item record [6Ucktuk60kx88Byq] of database \"daggerheart-advmanager.all-features\":\nError: Documents from a core version newer than the running version cannot be migrated\n    at Function._migrateRecord (file:///D:/Juegos/Foundry_daggerheart_git/Foundry-daggerheart/Portable-FoundryVTT-v13.348/App/resources/app/dist/database/backend/server-document.mjs:1:3713)\n    at Function._migrateDocuments (file:///D:/Juegos/Foundry_daggerheart_git/Foundry-daggerheart/Portable-FoundryVTT-v13.348/App/resources/app/dist/database/backend/server-document.mjs:1:2782)","timestamp":"2026-05-24 17:01:11"}
{"level":"error","message":"An error occurred during the migration of Item record [6VaGmmlJokFAnmYk] of database \"daggerheart-advmanager.all-features\":\nError: Documents from a core version newer than the running version cannot be migrated\n    at Function._migrateRecord (file:///D:/Juegos/Foundry_daggerheart_git/Foundry-daggerheart/Portable-FoundryVTT-v13.348/App/resources/app/dist/database/backend/server-document.mjs:1:3713)\n    at Function._migrateDocuments (file:///D:/Juegos/Foundry_daggerheart_git/Foundry-daggerheart/Portable-FoundryVTT-v13.348/App/resources/app/dist/database/backend/server-document.mjs:1:2782)","timestamp":"2026-05-24 17:01:11"}
{"level":"error","message":"An error occurred during the migration of Item record [6XReWqJ42M0bl0uV] of database \"daggerheart-advmanager.all-features\":\nError: Documents from a core version newer than the running version cannot be migrated\n    at Function._migrateRecord (file:///D:/Juegos/Foundry_daggerheart_git/Foundry-daggerheart/Portable-FoundryVTT-v13.348/App/resources/app/dist/database/backend/server-document.mjs:1:3713)\n    at Function._migrateDocuments (file:///D:/Juegos/Foundry_daggerheart_git/Foundry-daggerheart/Portable-FoundryVTT-v13.348/App/resources/app/dist/database/backend/server-document.mjs:1:2782)","timestamp":"2026-05-24 17:01:11"}
{"level":"error","message":"An error occurred during the migration of Item record [6oBI8EvpQ8UfzEDs] of database \"daggerheart-advmanager.all-features\":\nError: Documents from a core version newer than the running version cannot be migrated\n    at Function._migrateRecord (file:///D:/Juegos/Foundry_daggerheart_git/Foundry-daggerheart/Portable-FoundryVTT-v13.348/App/resources/app/dist/database/backend/server-document.mjs:1:3713)\n    at Function._migrateDocuments (file:///D:/Juegos/Foundry_daggerheart_git/Foundry-daggerheart/Portable-FoundryVTT-v13.348/App/resources/app/dist/database/backend/server-document.mjs:1:2782)","timestamp":"2026-05-24 17:01:11"}
{"level":"error","message":"An error occurred during the migration of Item record [76BVfHMtGBJ8OEV2] of database \"daggerheart-advmanager.all-features\":\nError: Documents from a core version newer than the running version cannot be migrated\n    at Function._migrateRecord (file:///D:/Juegos/Foundry_daggerheart_git/Foundry-daggerheart/Portable-FoundryVTT-v13.348/App/resources/app/dist/database/backend/server-document.mjs:1:3713)\n    at Function._migrateDocuments (file:///D:/Juegos/Foundry_daggerheart_git/Foundry-daggerheart/Portable-FoundryVTT-v13.348/App/resources/app/dist/database/backend/server-document.mjs:1:2782)","timestamp":"2026-05-24 17:01:11"}
{"level":"error","message":"An error occurred during the migration of Item record [77UOyCblaVbixMik] of database \"daggerheart-advmanager.all-features\":\nError: Documents from a core version newer than the running version cannot be migrated\n    at Function._migrateRecord (file:///D:/Juegos/Foundry_daggerheart_git/Foundry-daggerheart/Portable-FoundryVTT-v13.348/App/resources/app/dist/database/backend/server-document.mjs:1:3713)\n    at Function._migrateDocuments (file:///D:/Juegos/Foundry_daggerheart_git/Foundry-daggerheart/Portable-FoundryVTT-v13.348/App/resources/app/dist/database/backend/server-document.mjs:1:2782)","timestamp":"2026-05-24 17:01:11"}
{"level":"error","message":"An error occurred during the migration of Item record [7Bmb1SZ4YjUgiMVp] of database \"daggerheart-advmanager.all-features\":\nError: Documents from a core version newer than the running version cannot be migrated\n    at Function._migrateRecord (file:///D:/Juegos/Foundry_daggerheart_git/Foundry-daggerheart/Portable-FoundryVTT-v13.348/App/resources/app/dist/database/backend/server-document.mjs:1:3713)\n    at Function._migrateDocuments (file:///D:/Juegos/Foundry_daggerheart_git/Foundry-daggerheart/Portable-FoundryVTT-v13.348/App/resources/app/dist/database/backend/server-document.mjs:1:2782)","timestamp":"2026-05-24 17:01:11"}
{"level":"error","message":"An error occurred during the migration of Item record [7PtTEO8wWcVXZMhp] of database \"daggerheart-advmanager.all-features\":\nError: Documents from a core version newer than the running version cannot be migrated\n    at Function._migrateRecord (file:///D:/Juegos/Foundry_daggerheart_git/Foundry-daggerheart/Portable-FoundryVTT-v13.348/App/resources/app/dist/database/backend/server-document.mjs:1:3713)\n    at Function._migrateDocuments (file:///D:/Juegos/Foundry_daggerheart_git/Foundry-daggerheart/Portable-FoundryVTT-v13.348/App/resources/app/dist/database/backend/server-document.mjs:1:2782)","timestamp":"2026-05-24 17:01:11"}
{"level":"error","message":"An error occurred during the migration of Item record [83wz8VKmBOiBHMl7] of database \"daggerheart-advmanager.all-features\":\nError: Documents from a core version newer than the running version cannot be migrated\n    at Function._migrateRecord (file:///D:/Juegos/Foundry_daggerheart_git/Foundry-daggerheart/Portable-FoundryVTT-v13.348/App/resources/app/dist/database/backend/server-document.mjs:1:3713)\n    at Function._migrateDocuments (file:///D:/Juegos/Foundry_daggerheart_git/Foundry-daggerheart/Portable-FoundryVTT-v13.348/App/resources/app/dist/database/backend/server-document.mjs:1:2782)","timestamp":"2026-05-24 17:01:11"}
{"level":"error","message":"An error occurred during the migration of Item record [88lgDAkLmPOdbmUG] of database \"daggerheart-advmanager.all-features\":\nError: Documents from a core version newer than the running version cannot be migrated\n    at Function._migrateRecord (file:///D:/Juegos/Foundry_daggerheart_git/Foundry-daggerheart/Portable-FoundryVTT-v13.348/App/resources/app/dist/database/backend/server-document.mjs:1:3713)\n    at Function._migrateDocuments (file:///D:/Juegos/Foundry_daggerheart_git/Foundry-daggerheart/Portable-FoundryVTT-v13.348/App/resources/app/dist/database/backend/server-document.mjs:1:2782)","timestamp":"2026-05-24 17:01:11"}
{"level":"error","message":"An error occurred during the migration of Item record [8Hqoj2oRVfv0A1Fe] of database \"daggerheart-advmanager.all-features\":\nError: Documents from a core version newer than the running version cannot be migrated\n    at Function._migrateRecord (file:///D:/Juegos/Foundry_daggerheart_git/Foundry-daggerheart/Portable-FoundryVTT-v13.348/App/resources/app/dist/database/backend/server-document.mjs:1:3713)\n    at Function._migrateDocuments (file:///D:/Juegos/Foundry_daggerheart_git/Foundry-daggerheart/Portable-FoundryVTT-v13.348/App/resources/app/dist/database/backend/server-document.mjs:1:2782)","timestamp":"2026-05-24 17:01:11"}
{"level":"error","message":"An error occurred during the migration of Item record [8JG1MqucRal88FLZ] of database \"daggerheart-advmanager.all-features\":\nError: Documents from a core version newer than the running version cannot be migrated\n    at Function._migrateRecord (file:///D:/Juegos/Foundry_daggerheart_git/Foundry-daggerheart/Portable-FoundryVTT-v13.348/App/resources/app/dist/database/backend/server-document.mjs:1:3713)\n    at Function._migrateDocuments (file:///D:/Juegos/Foundry_daggerheart_git/Foundry-daggerheart/Portable-FoundryVTT-v13.348/App/resources/app/dist/database/backend/server-document.mjs:1:2782)","timestamp":"2026-05-24 17:01:11"}
{"level":"error","message":"An error occurred during the migration of Item record [8KyyQcyk5HbrepME] of database \"daggerheart-advmanager.all-features\":\nError: Documents from a core version newer than the running version cannot be migrated\n    at Function._migrateRecord (file:///D:/Juegos/Foundry_daggerheart_git/Foundry-daggerheart/Portable-FoundryVTT-v13.348/App/resources/app/dist/database/backend/server-document.mjs:1:3713)\n    at Function._migrateDocuments (file:///D:/Juegos/Foundry_daggerheart_git/Foundry-daggerheart/Portable-FoundryVTT-v13.348/App/resources/app/dist/database/backend/server-document.mjs:1:2782)","timestamp":"2026-05-24 17:01:11"}
{"level":"error","message":"An error occurred during the migration of Item record [8NUaQ11XOeNbnJDz] of database \"daggerheart-advmanager.all-features\":\nError: Documents from a core version newer than the running version cannot be migrated\n    at Function._migrateRecord (file:///D:/Juegos/Foundry_daggerheart_git/Foundry-daggerheart/Portable-FoundryVTT-v13.348/App/resources/app/dist/database/backend/server-document.mjs:1:3713)\n    at Function._migrateDocuments (file:///D:/Juegos/Foundry_daggerheart_git/Foundry-daggerheart/Portable-FoundryVTT-v13.348/App/resources/app/dist/database/backend/server-document.mjs:1:2782)","timestamp":"2026-05-24 17:01:11"}
{"level":"error","message":"An error occurred during the migration of Item record [8NoSGakQ20IMxARQ] of database \"daggerheart-advmanager.all-features\":\nError: Documents from a core version newer than the running version cannot be migrated\n    at Function._migrateRecord (file:///D:/Juegos/Foundry_daggerheart_git/Foundry-daggerheart/Portable-FoundryVTT-v13.348/App/resources/app/dist/database/backend/server-document.mjs:1:3713)\n    at Function._migrateDocuments (file:///D:/Juegos/Foundry_daggerheart_git/Foundry-daggerheart/Portable-FoundryVTT-v13.348/App/resources/app/dist/database/backend/server-document.mjs:1:2782)","timestamp":"2026-05-24 17:01:11"}
{"level":"error","message":"An error occurred during the migration of Item record [8dPjLpjHxqUMHfEk] of database \"daggerheart-advmanager.all-features\":\nError: Documents from a core version newer than the running version cannot be migrated\n    at Function._migrateRecord (file:///D:/Juegos/Foundry_daggerheart_git/Foundry-daggerheart/Portable-FoundryVTT-v13.348/App/resources/app/dist/database/backend/server-document.mjs:1:3713)\n    at Function._migrateDocuments (file:///D:/Juegos/Foundry_daggerheart_git/Foundry-daggerheart/Portable-FoundryVTT-v13.348/App/resources/app/dist/database/backend/server-document.mjs:1:2782)","timestamp":"2026-05-24 17:01:11"}
{"level":"error","message":"An error occurred during the migration of Item record [8eOeCqW6CVncI08c] of database \"daggerheart-advmanager.all-features\":\nError: Documents from a core version newer than the running version cannot be migrated\n    at Function._migrateRecord (file:///D:/Juegos/Foundry_daggerheart_git/Foundry-daggerheart/Portable-FoundryVTT-v13.348/App/resources/app/dist/database/backend/server-document.mjs:1:3713)\n    at Function._migrateDocuments (file:///D:/Juegos/Foundry_daggerheart_git/Foundry-daggerheart/Portable-FoundryVTT-v13.348/App/resources/app/dist/database/backend/server-document.mjs:1:2782)","timestamp":"2026-05-24 17:01:11"}
{"level":"error","message":"An error occurred during the migration of Item record [8mNZUVrM2oc5mvtK] of database \"daggerheart-advmanager.all-features\":\nError: Documents from a core version newer than the running version cannot be migrated\n    at Function._migrateRecord (file:///D:/Juegos/Foundry_daggerheart_git/Foundry-daggerheart/Portable-FoundryVTT-v13.348/App/resources/app/dist/database/backend/server-document.mjs:1:3713)\n    at Function._migrateDocuments (file:///D:/Juegos/Foundry_daggerheart_git/Foundry-daggerheart/Portable-FoundryVTT-v13.348/App/resources/app/dist/database/backend/server-document.mjs:1:2782)","timestamp":"2026-05-24 17:01:11"}
{"level":"error","message":"An error occurred during the migration of Item record [949DjUlAi775bSKM] of database \"daggerheart-advmanager.all-features\":\nError: Documents from a core version newer than the running version cannot be migrated\n    at Function._migrateRecord (file:///D:/Juegos/Foundry_daggerheart_git/Foundry-daggerheart/Portable-FoundryVTT-v13.348/App/resources/app/dist/database/backend/server-document.mjs:1:3713)\n    at Function._migrateDocuments (file:///D:/Juegos/Foundry_daggerheart_git/Foundry-daggerheart/Portable-FoundryVTT-v13.348/App/resources/app/dist/database/backend/server-document.mjs:1:2782)","timestamp":"2026-05-24 17:01:11"}
{"level":"error","message":"An error occurred during the migration of Item record [9GEqlrL3vNGe2L4P] of database \"daggerheart-advmanager.all-features\":\nError: Documents from a core version newer than the running version cannot be migrated\n    at Function._migrateRecord (file:///D:/Juegos/Foundry_daggerheart_git/Foundry-daggerheart/Portable-FoundryVTT-v13.348/App/resources/app/dist/database/backend/server-document.mjs:1:3713)\n    at Function._migrateDocuments (file:///D:/Juegos/Foundry_daggerheart_git/Foundry-daggerheart/Portable-FoundryVTT-v13.348/App/resources/app/dist/database/backend/server-document.mjs:1:2782)","timestamp":"2026-05-24 17:01:11"}
{"level":"error","message":"An error occurred during the migration of Item record [9OSxoPsy7JKpWKyG] of database \"daggerheart-advmanager.all-features\":\nError: Documents from a core version newer than the running version cannot be migrated\n    at Function._migrateRecord (file:///D:/Juegos/Foundry_daggerheart_git/Foundry-daggerheart/Portable-FoundryVTT-v13.348/App/resources/app/dist/database/backend/server-document.mjs:1:3713)\n    at Function._migrateDocuments (file:///D:/Juegos/Foundry_daggerheart_git/Foundry-daggerheart/Portable-FoundryVTT-v13.348/App/resources/app/dist/database/backend/server-document.mjs:1:2782)","timestamp":"2026-05-24 17:01:11"}
{"level":"error","message":"An error occurred during the migration of Item record [9TghFiZWTII2Zn83] of database \"daggerheart-advmanager.all-features\":\nError: Documents from a core version newer than the running version cannot be migrated\n    at Function._migrateRecord (file:///D:/Juegos/Foundry_daggerheart_git/Foundry-daggerheart/Portable-FoundryVTT-v13.348/App/resources/app/dist/database/backend/server-document.mjs:1:3713)\n    at Function._migrateDocuments (file:///D:/Juegos/Foundry_daggerheart_git/Foundry-daggerheart/Portable-FoundryVTT-v13.348/App/resources/app/dist/database/backend/server-document.mjs:1:2782)","timestamp":"2026-05-24 17:01:11"}
{"level":"error","message":"An error occurred during the migration of Item record [9U6tmPdFGyfi0Wzn] of database \"daggerheart-advmanager.all-features\":\nError: Documents from a core version newer than the running version cannot be migrated\n    at Function._migrateRecord (file:///D:/Juegos/Foundry_daggerheart_git/Foundry-daggerheart/Portable-FoundryVTT-v13.348/App/resources/app/dist/database/backend/server-document.mjs:1:3713)\n    at Function._migrateDocuments (file:///D:/Juegos/Foundry_daggerheart_git/Foundry-daggerheart/Portable-FoundryVTT-v13.348/App/resources/app/dist/database/backend/server-document.mjs:1:2782)","timestamp":"2026-05-24 17:01:11"}
{"level":"error","message":"An error occurred during the migration of Item record [9cHkzJ9LREHaasBK] of database \"daggerheart-advmanager.all-features\":\nError: Documents from a core version newer than the running version cannot be migrated\n    at Function._migrateRecord (file:///D:/Juegos/Foundry_daggerheart_git/Foundry-daggerheart/Portable-FoundryVTT-v13.348/App/resources/app/dist/database/backend/server-document.mjs:1:3713)\n    at Function._migrateDocuments (file:///D:/Juegos/Foundry_daggerheart_git/Foundry-daggerheart/Portable-FoundryVTT-v13.348/App/resources/app/dist/database/backend/server-document.mjs:1:2782)","timestamp":"2026-05-24 17:01:11"}
{"level":"error","message":"An error occurred during the migration of Item record [9cRJ11UAf3jf8iY2] of database \"daggerheart-advmanager.all-features\":\nError: Documents from a core version newer than the running version cannot be migrated\n    at Function._migrateRecord (file:///D:/Juegos/Foundry_daggerheart_git/Foundry-daggerheart/Portable-FoundryVTT-v13.348/App/resources/app/dist/database/backend/server-document.mjs:1:3713)\n    at Function._migrateDocuments (file:///D:/Juegos/Foundry_daggerheart_git/Foundry-daggerheart/Portable-FoundryVTT-v13.348/App/resources/app/dist/database/backend/server-document.mjs:1:2782)","timestamp":"2026-05-24 17:01:11"}
{"level":"error","message":"An error occurred during the migration of Item record [A4jMpjGhMKYHCVDd] of database \"daggerheart-advmanager.all-features\":\nError: Documents from a core version newer than the running version cannot be migrated\n    at Function._migrateRecord (file:///D:/Juegos/Foundry_daggerheart_git/Foundry-daggerheart/Portable-FoundryVTT-v13.348/App/resources/app/dist/database/backend/server-document.mjs:1:3713)\n    at Function._migrateDocuments (file:///D:/Juegos/Foundry_daggerheart_git/Foundry-daggerheart/Portable-FoundryVTT-v13.348/App/resources/app/dist/database/backend/server-document.mjs:1:2782)","timestamp":"2026-05-24 17:01:11"}
{"level":"error","message":"An error occurred during the migration of Item record [A8l8qQuz0p70ULBX] of database \"daggerheart-advmanager.all-features\":\nError: Documents from a core version newer than the running version cannot be migrated\n    at Function._migrateRecord (file:///D:/Juegos/Foundry_daggerheart_git/Foundry-daggerheart/Portable-FoundryVTT-v13.348/App/resources/app/dist/database/backend/server-document.mjs:1:3713)\n    at Function._migrateDocuments (file:///D:/Juegos/Foundry_daggerheart_git/Foundry-daggerheart/Portable-FoundryVTT-v13.348/App/resources/app/dist/database/backend/server-document.mjs:1:2782)","timestamp":"2026-05-24 17:01:11"}
{"level":"error","message":"An error occurred during the migration of Item record [AT6s6yBv4GbXysnF] of database \"daggerheart-advmanager.all-features\":\nError: Documents from a core version newer than the running version cannot be migrated\n    at Function._migrateRecord (file:///D:/Juegos/Foundry_daggerheart_git/Foundry-daggerheart/Portable-FoundryVTT-v13.348/App/resources/app/dist/database/backend/server-document.mjs:1:3713)\n    at Function._migrateDocuments (file:///D:/Juegos/Foundry_daggerheart_git/Foundry-daggerheart/Portable-FoundryVTT-v13.348/App/resources/app/dist/database/backend/server-document.mjs:1:2782)","timestamp":"2026-05-24 17:01:11"}
{"level":"error","message":"An error occurred during the migration of Item record [AgunZ6BLwweow8AY] of database \"daggerheart-advmanager.all-features\":\nError: Documents from a core version newer than the running version cannot be migrated\n    at Function._migrateRecord (file:///D:/Juegos/Foundry_daggerheart_git/Foundry-daggerheart/Portable-FoundryVTT-v13.348/App/resources/app/dist/database/backend/server-document.mjs:1:3713)\n    at Function._migrateDocuments (file:///D:/Juegos/Foundry_daggerheart_git/Foundry-daggerheart/Portable-FoundryVTT-v13.348/App/resources/app/dist/database/backend/server-document.mjs:1:2782)","timestamp":"2026-05-24 17:01:11"}
{"level":"error","message":"An error occurred during the migration of Item record [Ahyec3Khh0gXWP1o] of database \"daggerheart-advmanager.all-features\":\nError: Documents from a core version newer than the running version cannot be migrated\n    at Function._migrateRecord (file:///D:/Juegos/Foundry_daggerheart_git/Foundry-daggerheart/Portable-FoundryVTT-v13.348/App/resources/app/dist/database/backend/server-document.mjs:1:3713)\n    at Function._migrateDocuments (file:///D:/Juegos/Foundry_daggerheart_git/Foundry-daggerheart/Portable-FoundryVTT-v13.348/App/resources/app/dist/database/backend/server-document.mjs:1:2782)","timestamp":"2026-05-24 17:01:11"}
{"level":"error","message":"An error occurred during the migration of Item record [AjcWA2KGkV9hoOv3] of database \"daggerheart-advmanager.all-features\":\nError: Documents from a core version newer than the running version cannot be migrated\n    at Function._migrateRecord (file:///D:/Juegos/Foundry_daggerheart_git/Foundry-daggerheart/Portable-FoundryVTT-v13.348/App/resources/app/dist/database/backend/server-document.mjs:1:3713)\n    at Function._migrateDocuments (file:///D:/Juegos/Foundry_daggerheart_git/Foundry-daggerheart/Portable-FoundryVTT-v13.348/App/resources/app/dist/database/backend/server-document.mjs:1:2782)","timestamp":"2026-05-24 17:01:11"}
{"level":"error","message":"An error occurred during the migration of Item record [BSahqJ8grYTdJCiN] of database \"daggerheart-advmanager.all-features\":\nError: Documents from a core version newer than the running version cannot be migrated\n    at Function._migrateRecord (file:///D:/Juegos/Foundry_daggerheart_git/Foundry-daggerheart/Portable-FoundryVTT-v13.348/App/resources/app/dist/database/backend/server-document.mjs:1:3713)\n    at Function._migrateDocuments (file:///D:/Juegos/Foundry_daggerheart_git/Foundry-daggerheart/Portable-FoundryVTT-v13.348/App/resources/app/dist/database/backend/server-document.mjs:1:2782)","timestamp":"2026-05-24 17:01:11"}
{"level":"error","message":"An error occurred during the migration of Item record [BaBhdpaD21xSFMEm] of database \"daggerheart-advmanager.all-features\":\nError: Documents from a core version newer than the running version cannot be migrated\n    at Function._migrateRecord (file:///D:/Juegos/Foundry_daggerheart_git/Foundry-daggerheart/Portable-FoundryVTT-v13.348/App/resources/app/dist/database/backend/server-document.mjs:1:3713)\n    at Function._migrateDocuments (file:///D:/Juegos/Foundry_daggerheart_git/Foundry-daggerheart/Portable-FoundryVTT-v13.348/App/resources/app/dist/database/backend/server-document.mjs:1:2782)","timestamp":"2026-05-24 17:01:11"}
{"level":"error","message":"An error occurred during the migration of Item record [Bf0t7QI4Wqchz2Bl] of database \"daggerheart-advmanager.all-features\":\nError: Documents from a core version newer than the running version cannot be migrated\n    at Function._migrateRecord (file:///D:/Juegos/Foundry_daggerheart_git/Foundry-daggerheart/Portable-FoundryVTT-v13.348/App/resources/app/dist/database/backend/server-document.mjs:1:3713)\n    at Function._migrateDocuments (file:///D:/Juegos/Foundry_daggerheart_git/Foundry-daggerheart/Portable-FoundryVTT-v13.348/App/resources/app/dist/database/backend/server-document.mjs:1:2782)","timestamp":"2026-05-24 17:01:11"}
{"level":"error","message":"An error occurred during the migration of Item record [BiaYODbGyIj73bXl] of database \"daggerheart-advmanager.all-features\":\nError: Documents from a core version newer than the running version cannot be migrated\n    at Function._migrateRecord (file:///D:/Juegos/Foundry_daggerheart_git/Foundry-daggerheart/Portable-FoundryVTT-v13.348/App/resources/app/dist/database/backend/server-document.mjs:1:3713)\n    at Function._migrateDocuments (file:///D:/Juegos/Foundry_daggerheart_git/Foundry-daggerheart/Portable-FoundryVTT-v13.348/App/resources/app/dist/database/backend/server-document.mjs:1:2782)","timestamp":"2026-05-24 17:01:11"}
{"level":"error","message":"An error occurred during the migration of Item record [BmriIsvXE7kKBK81] of database \"daggerheart-advmanager.all-features\":\nError: Documents from a core version newer than the running version cannot be migrated\n    at Function._migrateRecord (file:///D:/Juegos/Foundry_daggerheart_git/Foundry-daggerheart/Portable-FoundryVTT-v13.348/App/resources/app/dist/database/backend/server-document.mjs:1:3713)\n    at Function._migrateDocuments (file:///D:/Juegos/Foundry_daggerheart_git/Foundry-daggerheart/Portable-FoundryVTT-v13.348/App/resources/app/dist/database/backend/server-document.mjs:1:2782)","timestamp":"2026-05-24 17:01:11"}
{"level":"error","message":"An error occurred during the migration of Item record [Bvweg1cAAfV9i3Wa] of database \"daggerheart-advmanager.all-features\":\nError: Documents from a core version newer than the running version cannot be migrated\n    at Function._migrateRecord (file:///D:/Juegos/Foundry_daggerheart_git/Foundry-daggerheart/Portable-FoundryVTT-v13.348/App/resources/app/dist/database/backend/server-document.mjs:1:3713)\n    at Function._migrateDocuments (file:///D:/Juegos/Foundry_daggerheart_git/Foundry-daggerheart/Portable-FoundryVTT-v13.348/App/resources/app/dist/database/backend/server-document.mjs:1:2782)","timestamp":"2026-05-24 17:01:11"}
{"level":"error","message":"An error occurred during the migration of Item record [BwtxrNVR8JoB1FEg] of database \"daggerheart-advmanager.all-features\":\nError: Documents from a core version newer than the running version cannot be migrated\n    at Function._migrateRecord (file:///D:/Juegos/Foundry_daggerheart_git/Foundry-daggerheart/Portable-FoundryVTT-v13.348/App/resources/app/dist/database/backend/server-document.mjs:1:3713)\n    at Function._migrateDocuments (file:///D:/Juegos/Foundry_daggerheart_git/Foundry-daggerheart/Portable-FoundryVTT-v13.348/App/resources/app/dist/database/backend/server-document.mjs:1:2782)","timestamp":"2026-05-24 17:01:11"}
{"level":"error","message":"An error occurred during the migration of Item record [C44UqjwP3GnLA61C] of database \"daggerheart-advmanager.all-features\":\nError: Documents from a core version newer than the running version cannot be migrated\n    at Function._migrateRecord (file:///D:/Juegos/Foundry_daggerheart_git/Foundry-daggerheart/Portable-FoundryVTT-v13.348/App/resources/app/dist/database/backend/server-document.mjs:1:3713)\n    at Function._migrateDocuments (file:///D:/Juegos/Foundry_daggerheart_git/Foundry-daggerheart/Portable-FoundryVTT-v13.348/App/resources/app/dist/database/backend/server-document.mjs:1:2782)","timestamp":"2026-05-24 17:01:11"}
{"level":"error","message":"An error occurred during the migration of Item record [C6mz0GH8GQi0Qij2] of database \"daggerheart-advmanager.all-features\":\nError: Documents from a core version newer than the running version cannot be migrated\n    at Function._migrateRecord (file:///D:/Juegos/Foundry_daggerheart_git/Foundry-daggerheart/Portable-FoundryVTT-v13.348/App/resources/app/dist/database/backend/server-document.mjs:1:3713)\n    at Function._migrateDocuments (file:///D:/Juegos/Foundry_daggerheart_git/Foundry-daggerheart/Portable-FoundryVTT-v13.348/App/resources/app/dist/database/backend/server-document.mjs:1:2782)","timestamp":"2026-05-24 17:01:11"}
{"level":"error","message":"An error occurred during the migration of Item record [CFf0wzPBcveZMxkI] of database \"daggerheart-advmanager.all-features\":\nError: Documents from a core version newer than the running version cannot be migrated\n    at Function._migrateRecord (file:///D:/Juegos/Foundry_daggerheart_git/Foundry-daggerheart/Portable-FoundryVTT-v13.348/App/resources/app/dist/database/backend/server-document.mjs:1:3713)\n    at Function._migrateDocuments (file:///D:/Juegos/Foundry_daggerheart_git/Foundry-daggerheart/Portable-FoundryVTT-v13.348/App/resources/app/dist/database/backend/server-document.mjs:1:2782)","timestamp":"2026-05-24 17:01:11"}
{"level":"error","message":"An error occurred during the migration of Item record [CJuzMbz3YsnPTQfm] of database \"daggerheart-advmanager.all-features\":\nError: Documents from a core version newer than the running version cannot be migrated\n    at Function._migrateRecord (file:///D:/Juegos/Foundry_daggerheart_git/Foundry-daggerheart/Portable-FoundryVTT-v13.348/App/resources/app/dist/database/backend/server-document.mjs:1:3713)\n    at Function._migrateDocuments (file:///D:/Juegos/Foundry_daggerheart_git/Foundry-daggerheart/Portable-FoundryVTT-v13.348/App/resources/app/dist/database/backend/server-document.mjs:1:2782)","timestamp":"2026-05-24 17:01:11"}
{"level":"error","message":"An error occurred during the migration of Item record [CLXxbWcfT4t82nlX] of database \"daggerheart-advmanager.all-features\":\nError: Documents from a core version newer than the running version cannot be migrated\n    at Function._migrateRecord (file:///D:/Juegos/Foundry_daggerheart_git/Foundry-daggerheart/Portable-FoundryVTT-v13.348/App/resources/app/dist/database/backend/server-document.mjs:1:3713)\n    at Function._migrateDocuments (file:///D:/Juegos/Foundry_daggerheart_git/Foundry-daggerheart/Portable-FoundryVTT-v13.348/App/resources/app/dist/database/backend/server-document.mjs:1:2782)","timestamp":"2026-05-24 17:01:11"}
{"level":"error","message":"An error occurred during the migration of Item record [Ca8jLrvuaUE2Dsyr] of database \"daggerheart-advmanager.all-features\":\nError: Documents from a core version newer than the running version cannot be migrated\n    at Function._migrateRecord (file:///D:/Juegos/Foundry_daggerheart_git/Foundry-daggerheart/Portable-FoundryVTT-v13.348/App/resources/app/dist/database/backend/server-document.mjs:1:3713)\n    at Function._migrateDocuments (file:///D:/Juegos/Foundry_daggerheart_git/Foundry-daggerheart/Portable-FoundryVTT-v13.348/App/resources/app/dist/database/backend/server-document.mjs:1:2782)","timestamp":"2026-05-24 17:01:11"}
{"level":"error","message":"An error occurred during the migration of Item record [Ce55qDQfDHsy0s1n] of database \"daggerheart-advmanager.all-features\":\nError: Documents from a core version newer than the running version cannot be migrated\n    at Function._migrateRecord (file:///D:/Juegos/Foundry_daggerheart_git/Foundry-daggerheart/Portable-FoundryVTT-v13.348/App/resources/app/dist/database/backend/server-document.mjs:1:3713)\n    at Function._migrateDocuments (file:///D:/Juegos/Foundry_daggerheart_git/Foundry-daggerheart/Portable-FoundryVTT-v13.348/App/resources/app/dist/database/backend/server-document.mjs:1:2782)","timestamp":"2026-05-24 17:01:11"}
{"level":"error","message":"An error occurred during the migration of Item record [ChFZZz7weuxwkCUk] of database \"daggerheart-advmanager.all-features\":\nError: Documents from a core version newer than the running version cannot be migrated\n    at Function._migrateRecord (file:///D:/Juegos/Foundry_daggerheart_git/Foundry-daggerheart/Portable-FoundryVTT-v13.348/App/resources/app/dist/database/backend/server-document.mjs:1:3713)\n    at Function._migrateDocuments (file:///D:/Juegos/Foundry_daggerheart_git/Foundry-daggerheart/Portable-FoundryVTT-v13.348/App/resources/app/dist/database/backend/server-document.mjs:1:2782)","timestamp":"2026-05-24 17:01:11"}
{"level":"error","message":"An error occurred during the migration of Item record [CywNTb4ViuSAcfnT] of database \"daggerheart-advmanager.all-features\":\nError: Documents from a core version newer than the running version cannot be migrated\n    at Function._migrateRecord (file:///D:/Juegos/Foundry_daggerheart_git/Foundry-daggerheart/Portable-FoundryVTT-v13.348/App/resources/app/dist/database/backend/server-document.mjs:1:3713)\n    at Function._migrateDocuments (file:///D:/Juegos/Foundry_daggerheart_git/Foundry-daggerheart/Portable-FoundryVTT-v13.348/App/resources/app/dist/database/backend/server-document.mjs:1:2782)","timestamp":"2026-05-24 17:01:11"}
{"level":"error","message":"An error occurred during the migration of Item record [D8Wi2OW8kNmvDn4H] of database \"daggerheart-advmanager.all-features\":\nError: Documents from a core version newer than the running version cannot be migrated\n    at Function._migrateRecord (file:///D:/Juegos/Foundry_daggerheart_git/Foundry-daggerheart/Portable-FoundryVTT-v13.348/App/resources/app/dist/database/backend/server-document.mjs:1:3713)\n    at Function._migrateDocuments (file:///D:/Juegos/Foundry_daggerheart_git/Foundry-daggerheart/Portable-FoundryVTT-v13.348/App/resources/app/dist/database/backend/server-document.mjs:1:2782)","timestamp":"2026-05-24 17:01:11"}
{"level":"error","message":"An error occurred during the migration of Item record [DDTQsNnKu42vsHYg] of database \"daggerheart-advmanager.all-features\":\nError: Documents from a core version newer than the running version cannot be migrated\n    at Function._migrateRecord (file:///D:/Juegos/Foundry_daggerheart_git/Foundry-daggerheart/Portable-FoundryVTT-v13.348/App/resources/app/dist/database/backend/server-document.mjs:1:3713)\n    at Function._migrateDocuments (file:///D:/Juegos/Foundry_daggerheart_git/Foundry-daggerheart/Portable-FoundryVTT-v13.348/App/resources/app/dist/database/backend/server-document.mjs:1:2782)","timestamp":"2026-05-24 17:01:11"}
{"level":"error","message":"An error occurred during the migration of Item record [DSNISnzu7zNvBjs7] of database \"daggerheart-advmanager.all-features\":\nError: Documents from a core version newer than the running version cannot be migrated\n    at Function._migrateRecord (file:///D:/Juegos/Foundry_daggerheart_git/Foundry-daggerheart/Portable-FoundryVTT-v13.348/App/resources/app/dist/database/backend/server-document.mjs:1:3713)\n    at Function._migrateDocuments (file:///D:/Juegos/Foundry_daggerheart_git/Foundry-daggerheart/Portable-FoundryVTT-v13.348/App/resources/app/dist/database/backend/server-document.mjs:1:2782)","timestamp":"2026-05-24 17:01:11"}
{"level":"error","message":"An error occurred during the migration of Item record [DlbnQRpI4RUeiG9O] of database \"daggerheart-advmanager.all-features\":\nError: Documents from a core version newer than the running version cannot be migrated\n    at Function._migrateRecord (file:///D:/Juegos/Foundry_daggerheart_git/Foundry-daggerheart/Portable-FoundryVTT-v13.348/App/resources/app/dist/database/backend/server-document.mjs:1:3713)\n    at Function._migrateDocuments (file:///D:/Juegos/Foundry_daggerheart_git/Foundry-daggerheart/Portable-FoundryVTT-v13.348/App/resources/app/dist/database/backend/server-document.mjs:1:2782)","timestamp":"2026-05-24 17:01:11"}
{"level":"error","message":"An error occurred during the migration of Item record [DuuZSh3fxtr4BihR] of database \"daggerheart-advmanager.all-features\":\nError: Documents from a core version newer than the running version cannot be migrated\n    at Function._migrateRecord (file:///D:/Juegos/Foundry_daggerheart_git/Foundry-daggerheart/Portable-FoundryVTT-v13.348/App/resources/app/dist/database/backend/server-document.mjs:1:3713)\n    at Function._migrateDocuments (file:///D:/Juegos/Foundry_daggerheart_git/Foundry-daggerheart/Portable-FoundryVTT-v13.348/App/resources/app/dist/database/backend/server-document.mjs:1:2782)","timestamp":"2026-05-24 17:01:11"}
{"level":"error","message":"An error occurred during the migration of Item record [DvhYIrlamdlQYIDL] of database \"daggerheart-advmanager.all-features\":\nError: Documents from a core version newer than the running version cannot be migrated\n    at Function._migrateRecord (file:///D:/Juegos/Foundry_daggerheart_git/Foundry-daggerheart/Portable-FoundryVTT-v13.348/App/resources/app/dist/database/backend/server-document.mjs:1:3713)\n    at Function._migrateDocuments (file:///D:/Juegos/Foundry_daggerheart_git/Foundry-daggerheart/Portable-FoundryVTT-v13.348/App/resources/app/dist/database/backend/server-document.mjs:1:2782)","timestamp":"2026-05-24 17:01:11"}
{"level":"error","message":"An error occurred during the migration of Item record [EYLAhAt4JTTeR4Q9] of database \"daggerheart-advmanager.all-features\":\nError: Documents from a core version newer than the running version cannot be migrated\n    at Function._migrateRecord (file:///D:/Juegos/Foundry_daggerheart_git/Foundry-daggerheart/Portable-FoundryVTT-v13.348/App/resources/app/dist/database/backend/server-document.mjs:1:3713)\n    at Function._migrateDocuments (file:///D:/Juegos/Foundry_daggerheart_git/Foundry-daggerheart/Portable-FoundryVTT-v13.348/App/resources/app/dist/database/backend/server-document.mjs:1:2782)","timestamp":"2026-05-24 17:01:11"}
{"level":"error","message":"An error occurred during the migration of Item record [Eb3SdcZlKWvsRgr9] of database \"daggerheart-advmanager.all-features\":\nError: Documents from a core version newer than the running version cannot be migrated\n    at Function._migrateRecord (file:///D:/Juegos/Foundry_daggerheart_git/Foundry-daggerheart/Portable-FoundryVTT-v13.348/App/resources/app/dist/database/backend/server-document.mjs:1:3713)\n    at Function._migrateDocuments (file:///D:/Juegos/Foundry_daggerheart_git/Foundry-daggerheart/Portable-FoundryVTT-v13.348/App/resources/app/dist/database/backend/server-document.mjs:1:2782)","timestamp":"2026-05-24 17:01:11"}
{"level":"error","message":"An error occurred during the migration of Item record [EfLz3YPmdSJuZItu] of database \"daggerheart-advmanager.all-features\":\nError: Documents from a core version newer than the running version cannot be migrated\n    at Function._migrateRecord (file:///D:/Juegos/Foundry_daggerheart_git/Foundry-daggerheart/Portable-FoundryVTT-v13.348/App/resources/app/dist/database/backend/server-document.mjs:1:3713)\n    at Function._migrateDocuments (file:///D:/Juegos/Foundry_daggerheart_git/Foundry-daggerheart/Portable-FoundryVTT-v13.348/App/resources/app/dist/database/backend/server-document.mjs:1:2782)","timestamp":"2026-05-24 17:01:11"}
{"level":"error","message":"An error occurred during the migration of Item record [EiG50bGChQTLgF7c] of database \"daggerheart-advmanager.all-features\":\nError: Documents from a core version newer than the running version cannot be migrated\n    at Function._migrateRecord (file:///D:/Juegos/Foundry_daggerheart_git/Foundry-daggerheart/Portable-FoundryVTT-v13.348/App/resources/app/dist/database/backend/server-document.mjs:1:3713)\n    at Function._migrateDocuments (file:///D:/Juegos/Foundry_daggerheart_git/Foundry-daggerheart/Portable-FoundryVTT-v13.348/App/resources/app/dist/database/backend/server-document.mjs:1:2782)","timestamp":"2026-05-24 17:01:11"}
{"level":"error","message":"An error occurred during the migration of Item record [FORpNy6bGvDCtAEI] of database \"daggerheart-advmanager.all-features\":\nError: Documents from a core version newer than the running version cannot be migrated\n    at Function._migrateRecord (file:///D:/Juegos/Foundry_daggerheart_git/Foundry-daggerheart/Portable-FoundryVTT-v13.348/App/resources/app/dist/database/backend/server-document.mjs:1:3713)\n    at Function._migrateDocuments (file:///D:/Juegos/Foundry_daggerheart_git/Foundry-daggerheart/Portable-FoundryVTT-v13.348/App/resources/app/dist/database/backend/server-document.mjs:1:2782)","timestamp":"2026-05-24 17:01:11"}
{"level":"error","message":"An error occurred during the migration of Item record [FR4vdL8UiGyGPq32] of database \"daggerheart-advmanager.all-features\":\nError: Documents from a core version newer than the running version cannot be migrated\n    at Function._migrateRecord (file:///D:/Juegos/Foundry_daggerheart_git/Foundry-daggerheart/Portable-FoundryVTT-v13.348/App/resources/app/dist/database/backend/server-document.mjs:1:3713)\n    at Function._migrateDocuments (file:///D:/Juegos/Foundry_daggerheart_git/Foundry-daggerheart/Portable-FoundryVTT-v13.348/App/resources/app/dist/database/backend/server-document.mjs:1:2782)","timestamp":"2026-05-24 17:01:11"}
{"level":"error","message":"An error occurred during the migration of Item record [FmGtWG71zRxhqHkr] of database \"daggerheart-advmanager.all-features\":\nError: Documents from a core version newer than the running version cannot be migrated\n    at Function._migrateRecord (file:///D:/Juegos/Foundry_daggerheart_git/Foundry-daggerheart/Portable-FoundryVTT-v13.348/App/resources/app/dist/database/backend/server-document.mjs:1:3713)\n    at Function._migrateDocuments (file:///D:/Juegos/Foundry_daggerheart_git/Foundry-daggerheart/Portable-FoundryVTT-v13.348/App/resources/app/dist/database/backend/server-document.mjs:1:2782)","timestamp":"2026-05-24 17:01:11"}
{"level":"error","message":"An error occurred during the migration of Item record [FrWjI9VYhNdGLVnd] of database \"daggerheart-advmanager.all-features\":\nError: Documents from a core version newer than the running version cannot be migrated\n    at Function._migrateRecord (file:///D:/Juegos/Foundry_daggerheart_git/Foundry-daggerheart/Portable-FoundryVTT-v13.348/App/resources/app/dist/database/backend/server-document.mjs:1:3713)\n    at Function._migrateDocuments (file:///D:/Juegos/Foundry_daggerheart_git/Foundry-daggerheart/Portable-FoundryVTT-v13.348/App/resources/app/dist/database/backend/server-document.mjs:1:2782)","timestamp":"2026-05-24 17:01:11"}
{"level":"error","message":"An error occurred during the migration of Item record [G4mkDsmuKczt65X8] of database \"daggerheart-advmanager.all-features\":\nError: Documents from a core version newer than the running version cannot be migrated\n    at Function._migrateRecord (file:///D:/Juegos/Foundry_daggerheart_git/Foundry-daggerheart/Portable-FoundryVTT-v13.348/App/resources/app/dist/database/backend/server-document.mjs:1:3713)\n    at Function._migrateDocuments (file:///D:/Juegos/Foundry_daggerheart_git/Foundry-daggerheart/Portable-FoundryVTT-v13.348/App/resources/app/dist/database/backend/server-document.mjs:1:2782)","timestamp":"2026-05-24 17:01:11"}
{"level":"error","message":"An error occurred during the migration of Item record [GJFmCG9HTx75Z21x] of database \"daggerheart-advmanager.all-features\":\nError: Documents from a core version newer than the running version cannot be migrated\n    at Function._migrateRecord (file:///D:/Juegos/Foundry_daggerheart_git/Foundry-daggerheart/Portable-FoundryVTT-v13.348/App/resources/app/dist/database/backend/server-document.mjs:1:3713)\n    at Function._migrateDocuments (file:///D:/Juegos/Foundry_daggerheart_git/Foundry-daggerheart/Portable-FoundryVTT-v13.348/App/resources/app/dist/database/backend/server-document.mjs:1:2782)","timestamp":"2026-05-24 17:01:11"}
{"level":"error","message":"An error occurred during the migration of Item record [GNTKscw6nXbg0EkJ] of database \"daggerheart-advmanager.all-features\":\nError: Documents from a core version newer than the running version cannot be migrated\n    at Function._migrateRecord (file:///D:/Juegos/Foundry_daggerheart_git/Foundry-daggerheart/Portable-FoundryVTT-v13.348/App/resources/app/dist/database/backend/server-document.mjs:1:3713)\n    at Function._migrateDocuments (file:///D:/Juegos/Foundry_daggerheart_git/Foundry-daggerheart/Portable-FoundryVTT-v13.348/App/resources/app/dist/database/backend/server-document.mjs:1:2782)","timestamp":"2026-05-24 17:01:11"}
{"level":"error","message":"An error occurred during the migration of Item record [GNrVMvFEbphs0UDM] of database \"daggerheart-advmanager.all-features\":\nError: Documents from a core version newer than the running version cannot be migrated\n    at Function._migrateRecord (file:///D:/Juegos/Foundry_daggerheart_git/Foundry-daggerheart/Portable-FoundryVTT-v13.348/App/resources/app/dist/database/backend/server-document.mjs:1:3713)\n    at Function._migrateDocuments (file:///D:/Juegos/Foundry_daggerheart_git/Foundry-daggerheart/Portable-FoundryVTT-v13.348/App/resources/app/dist/database/backend/server-document.mjs:1:2782)","timestamp":"2026-05-24 17:01:11"}
{"level":"error","message":"An error occurred during the migration of Item record [GghQ5jJ2eX3PhDKy] of database \"daggerheart-advmanager.all-features\":\nError: Documents from a core version newer than the running version cannot be migrated\n    at Function._migrateRecord (file:///D:/Juegos/Foundry_daggerheart_git/Foundry-daggerheart/Portable-FoundryVTT-v13.348/App/resources/app/dist/database/backend/server-document.mjs:1:3713)\n    at Function._migrateDocuments (file:///D:/Juegos/Foundry_daggerheart_git/Foundry-daggerheart/Portable-FoundryVTT-v13.348/App/resources/app/dist/database/backend/server-document.mjs:1:2782)","timestamp":"2026-05-24 17:01:11"}
{"level":"error","message":"An error occurred during the migration of Item record [H4tra0qytpib84F6] of database \"daggerheart-advmanager.all-features\":\nError: Documents from a core version newer than the running version cannot be migrated\n    at Function._migrateRecord (file:///D:/Juegos/Foundry_daggerheart_git/Foundry-daggerheart/Portable-FoundryVTT-v13.348/App/resources/app/dist/database/backend/server-document.mjs:1:3713)\n    at Function._migrateDocuments (file:///D:/Juegos/Foundry_daggerheart_git/Foundry-daggerheart/Portable-FoundryVTT-v13.348/App/resources/app/dist/database/backend/server-document.mjs:1:2782)","timestamp":"2026-05-24 17:01:11"}
{"level":"error","message":"An error occurred during the migration of Item record [HA4gz8V0DJOT4cpz] of database \"daggerheart-advmanager.all-features\":\nError: Documents from a core version newer than the running version cannot be migrated\n    at Function._migrateRecord (file:///D:/Juegos/Foundry_daggerheart_git/Foundry-daggerheart/Portable-FoundryVTT-v13.348/App/resources/app/dist/database/backend/server-document.mjs:1:3713)\n    at Function._migrateDocuments (file:///D:/Juegos/Foundry_daggerheart_git/Foundry-daggerheart/Portable-FoundryVTT-v13.348/App/resources/app/dist/database/backend/server-document.mjs:1:2782)","timestamp":"2026-05-24 17:01:11"}
{"level":"error","message":"An error occurred during the migration of Item record [HN0uAeAwA3sYU0nY] of database \"daggerheart-advmanager.all-features\":\nError: Documents from a core version newer than the running version cannot be migrated\n    at Function._migrateRecord (file:///D:/Juegos/Foundry_daggerheart_git/Foundry-daggerheart/Portable-FoundryVTT-v13.348/App/resources/app/dist/database/backend/server-document.mjs:1:3713)\n    at Function._migrateDocuments (file:///D:/Juegos/Foundry_daggerheart_git/Foundry-daggerheart/Portable-FoundryVTT-v13.348/App/resources/app/dist/database/backend/server-document.mjs:1:2782)","timestamp":"2026-05-24 17:01:11"}
{"level":"error","message":"An error occurred during the migration of Item record [HQcQly4NPJC3fQbQ] of database \"daggerheart-advmanager.all-features\":\nError: Documents from a core version newer than the running version cannot be migrated\n    at Function._migrateRecord (file:///D:/Juegos/Foundry_daggerheart_git/Foundry-daggerheart/Portable-FoundryVTT-v13.348/App/resources/app/dist/database/backend/server-document.mjs:1:3713)\n    at Function._migrateDocuments (file:///D:/Juegos/Foundry_daggerheart_git/Foundry-daggerheart/Portable-FoundryVTT-v13.348/App/resources/app/dist/database/backend/server-document.mjs:1:2782)","timestamp":"2026-05-24 17:01:11"}
{"level":"error","message":"An error occurred during the migration of Item record [HTNKdhK0iCeWWuUh] of database \"daggerheart-advmanager.all-features\":\nError: Documents from a core version newer than the running version cannot be migrated\n    at Function._migrateRecord (file:///D:/Juegos/Foundry_daggerheart_git/Foundry-daggerheart/Portable-FoundryVTT-v13.348/App/resources/app/dist/database/backend/server-document.mjs:1:3713)\n    at Function._migrateDocuments (file:///D:/Juegos/Foundry_daggerheart_git/Foundry-daggerheart/Portable-FoundryVTT-v13.348/App/resources/app/dist/database/backend/server-document.mjs:1:2782)","timestamp":"2026-05-24 17:01:11"}
{"level":"error","message":"An error occurred during the migration of Item record [HyWGU4ZQTNdcI8s9] of database \"daggerheart-advmanager.all-features\":\nError: Documents from a core version newer than the running version cannot be migrated\n    at Function._migrateRecord (file:///D:/Juegos/Foundry_daggerheart_git/Foundry-daggerheart/Portable-FoundryVTT-v13.348/App/resources/app/dist/database/backend/server-document.mjs:1:3713)\n    at Function._migrateDocuments (file:///D:/Juegos/Foundry_daggerheart_git/Foundry-daggerheart/Portable-FoundryVTT-v13.348/App/resources/app/dist/database/backend/server-document.mjs:1:2782)","timestamp":"2026-05-24 17:01:11"}
{"level":"error","message":"An error occurred during the migration of Item record [Hz9D5O2DWG22rVG2] of database \"daggerheart-advmanager.all-features\":\nError: Documents from a core version newer than the running version cannot be migrated\n    at Function._migrateRecord (file:///D:/Juegos/Foundry_daggerheart_git/Foundry-daggerheart/Portable-FoundryVTT-v13.348/App/resources/app/dist/database/backend/server-document.mjs:1:3713)\n    at Function._migrateDocuments (file:///D:/Juegos/Foundry_daggerheart_git/Foundry-daggerheart/Portable-FoundryVTT-v13.348/App/resources/app/dist/database/backend/server-document.mjs:1:2782)","timestamp":"2026-05-24 17:01:11"}
{"level":"error","message":"An error occurred during the migration of Item record [IFtD8oU8DaEzcAmu] of database \"daggerheart-advmanager.all-features\":\nError: Documents from a core version newer than the running version cannot be migrated\n    at Function._migrateRecord (file:///D:/Juegos/Foundry_daggerheart_git/Foundry-daggerheart/Portable-FoundryVTT-v13.348/App/resources/app/dist/database/backend/server-document.mjs:1:3713)\n    at Function._migrateDocuments (file:///D:/Juegos/Foundry_daggerheart_git/Foundry-daggerheart/Portable-FoundryVTT-v13.348/App/resources/app/dist/database/backend/server-document.mjs:1:2782)","timestamp":"2026-05-24 17:01:11"}
{"level":"error","message":"An error occurred during the migration of Item record [IYJCEFC9JM5uviiN] of database \"daggerheart-advmanager.all-features\":\nError: Documents from a core version newer than the running version cannot be migrated\n    at Function._migrateRecord (file:///D:/Juegos/Foundry_daggerheart_git/Foundry-daggerheart/Portable-FoundryVTT-v13.348/App/resources/app/dist/database/backend/server-document.mjs:1:3713)\n    at Function._migrateDocuments (file:///D:/Juegos/Foundry_daggerheart_git/Foundry-daggerheart/Portable-FoundryVTT-v13.348/App/resources/app/dist/database/backend/server-document.mjs:1:2782)","timestamp":"2026-05-24 17:01:11"}
{"level":"error","message":"An error occurred during the migration of Item record [IjOJqeKtRFod3ofR] of database \"daggerheart-advmanager.all-features\":\nError: Documents from a core version newer than the running version cannot be migrated\n    at Function._migrateRecord (file:///D:/Juegos/Foundry_daggerheart_git/Foundry-daggerheart/Portable-FoundryVTT-v13.348/App/resources/app/dist/database/backend/server-document.mjs:1:3713)\n    at Function._migrateDocuments (file:///D:/Juegos/Foundry_daggerheart_git/Foundry-daggerheart/Portable-FoundryVTT-v13.348/App/resources/app/dist/database/backend/server-document.mjs:1:2782)","timestamp":"2026-05-24 17:01:11"}
{"level":"error","message":"An error occurred during the migration of Item record [Inc9849Bd7O8h2ll] of database \"daggerheart-advmanager.all-features\":\nError: Documents from a core version newer than the running version cannot be migrated\n    at Function._migrateRecord (file:///D:/Juegos/Foundry_daggerheart_git/Foundry-daggerheart/Portable-FoundryVTT-v13.348/App/resources/app/dist/database/backend/server-document.mjs:1:3713)\n    at Function._migrateDocuments (file:///D:/Juegos/Foundry_daggerheart_git/Foundry-daggerheart/Portable-FoundryVTT-v13.348/App/resources/app/dist/database/backend/server-document.mjs:1:2782)","timestamp":"2026-05-24 17:01:11"}
{"level":"error","message":"An error occurred during the migration of Item record [IriWO9YWo9qD1vxn] of database \"daggerheart-advmanager.all-features\":\nError: Documents from a core version newer than the running version cannot be migrated\n    at Function._migrateRecord (file:///D:/Juegos/Foundry_daggerheart_git/Foundry-daggerheart/Portable-FoundryVTT-v13.348/App/resources/app/dist/database/backend/server-document.mjs:1:3713)\n    at Function._migrateDocuments (file:///D:/Juegos/Foundry_daggerheart_git/Foundry-daggerheart/Portable-FoundryVTT-v13.348/App/resources/app/dist/database/backend/server-document.mjs:1:2782)","timestamp":"2026-05-24 17:01:11"}
{"level":"error","message":"An error occurred during the migration of Item record [JLUfmaK7Wqee2M0u] of database \"daggerheart-advmanager.all-features\":\nError: Documents from a core version newer than the running version cannot be migrated\n    at Function._migrateRecord (file:///D:/Juegos/Foundry_daggerheart_git/Foundry-daggerheart/Portable-FoundryVTT-v13.348/App/resources/app/dist/database/backend/server-document.mjs:1:3713)\n    at Function._migrateDocuments (file:///D:/Juegos/Foundry_daggerheart_git/Foundry-daggerheart/Portable-FoundryVTT-v13.348/App/resources/app/dist/database/backend/server-document.mjs:1:2782)","timestamp":"2026-05-24 17:01:11"}
{"level":"error","message":"An error occurred during the migration of Item record [JObc4qwn6PmBIrpy] of database \"daggerheart-advmanager.all-features\":\nError: Documents from a core version newer than the running version cannot be migrated\n    at Function._migrateRecord (file:///D:/Juegos/Foundry_daggerheart_git/Foundry-daggerheart/Portable-FoundryVTT-v13.348/App/resources/app/dist/database/backend/server-document.mjs:1:3713)\n    at Function._migrateDocuments (file:///D:/Juegos/Foundry_daggerheart_git/Foundry-daggerheart/Portable-FoundryVTT-v13.348/App/resources/app/dist/database/backend/server-document.mjs:1:2782)","timestamp":"2026-05-24 17:01:11"}
{"level":"error","message":"An error occurred during the migration of Item record [Jr9PImf6ms7cS5EU] of database \"daggerheart-advmanager.all-features\":\nError: Documents from a core version newer than the running version cannot be migrated\n    at Function._migrateRecord (file:///D:/Juegos/Foundry_daggerheart_git/Foundry-daggerheart/Portable-FoundryVTT-v13.348/App/resources/app/dist/database/backend/server-document.mjs:1:3713)\n    at Function._migrateDocuments (file:///D:/Juegos/Foundry_daggerheart_git/Foundry-daggerheart/Portable-FoundryVTT-v13.348/App/resources/app/dist/database/backend/server-document.mjs:1:2782)","timestamp":"2026-05-24 17:01:11"}
{"level":"error","message":"An error occurred during the migration of Item record [JwczfcpvB1juJaHV] of database \"daggerheart-advmanager.all-features\":\nError: Documents from a core version newer than the running version cannot be migrated\n    at Function._migrateRecord (file:///D:/Juegos/Foundry_daggerheart_git/Foundry-daggerheart/Portable-FoundryVTT-v13.348/App/resources/app/dist/database/backend/server-document.mjs:1:3713)\n    at Function._migrateDocuments (file:///D:/Juegos/Foundry_daggerheart_git/Foundry-daggerheart/Portable-FoundryVTT-v13.348/App/resources/app/dist/database/backend/server-document.mjs:1:2782)","timestamp":"2026-05-24 17:01:11"}
{"level":"error","message":"An error occurred during the migration of Item record [K2SSmqUQ5jIwGI6U] of database \"daggerheart-advmanager.all-features\":\nError: Documents from a core version newer than the running version cannot be migrated\n    at Function._migrateRecord (file:///D:/Juegos/Foundry_daggerheart_git/Foundry-daggerheart/Portable-FoundryVTT-v13.348/App/resources/app/dist/database/backend/server-document.mjs:1:3713)\n    at Function._migrateDocuments (file:///D:/Juegos/Foundry_daggerheart_git/Foundry-daggerheart/Portable-FoundryVTT-v13.348/App/resources/app/dist/database/backend/server-document.mjs:1:2782)","timestamp":"2026-05-24 17:01:11"}
{"level":"error","message":"An error occurred during the migration of Item record [K3ElebyffPdaIdQf] of database \"daggerheart-advmanager.all-features\":\nError: Documents from a core version newer than the running version cannot be migrated\n    at Function._migrateRecord (file:///D:/Juegos/Foundry_daggerheart_git/Foundry-daggerheart/Portable-FoundryVTT-v13.348/App/resources/app/dist/database/backend/server-document.mjs:1:3713)\n    at Function._migrateDocuments (file:///D:/Juegos/Foundry_daggerheart_git/Foundry-daggerheart/Portable-FoundryVTT-v13.348/App/resources/app/dist/database/backend/server-document.mjs:1:2782)","timestamp":"2026-05-24 17:01:11"}
{"level":"error","message":"An error occurred during the migration of Item record [KH6Mzivm2m28T8ts] of database \"daggerheart-advmanager.all-features\":\nError: Documents from a core version newer than the running version cannot be migrated\n    at Function._migrateRecord (file:///D:/Juegos/Foundry_daggerheart_git/Foundry-daggerheart/Portable-FoundryVTT-v13.348/App/resources/app/dist/database/backend/server-document.mjs:1:3713)\n    at Function._migrateDocuments (file:///D:/Juegos/Foundry_daggerheart_git/Foundry-daggerheart/Portable-FoundryVTT-v13.348/App/resources/app/dist/database/backend/server-document.mjs:1:2782)","timestamp":"2026-05-24 17:01:11"}
{"level":"error","message":"An error occurred during the migration of Item record [KJPFWbi36MIefyjR] of database \"daggerheart-advmanager.all-features\":\nError: Documents from a core version newer than the running version cannot be migrated\n    at Function._migrateRecord (file:///D:/Juegos/Foundry_daggerheart_git/Foundry-daggerheart/Portable-FoundryVTT-v13.348/App/resources/app/dist/database/backend/server-document.mjs:1:3713)\n    at Function._migrateDocuments (file:///D:/Juegos/Foundry_daggerheart_git/Foundry-daggerheart/Portable-FoundryVTT-v13.348/App/resources/app/dist/database/backend/server-document.mjs:1:2782)","timestamp":"2026-05-24 17:01:11"}
{"level":"error","message":"An error occurred during the migration of Item record [KTDDS4CZqmxIYCoH] of database \"daggerheart-advmanager.all-features\":\nError: Documents from a core version newer than the running version cannot be migrated\n    at Function._migrateRecord (file:///D:/Juegos/Foundry_daggerheart_git/Foundry-daggerheart/Portable-FoundryVTT-v13.348/App/resources/app/dist/database/backend/server-document.mjs:1:3713)\n    at Function._migrateDocuments (file:///D:/Juegos/Foundry_daggerheart_git/Foundry-daggerheart/Portable-FoundryVTT-v13.348/App/resources/app/dist/database/backend/server-document.mjs:1:2782)","timestamp":"2026-05-24 17:01:11"}
{"level":"error","message":"An error occurred during the migration of Item record [KUA99WA7YfEk21gd] of database \"daggerheart-advmanager.all-features\":\nError: Documents from a core version newer than the running version cannot be migrated\n    at Function._migrateRecord (file:///D:/Juegos/Foundry_daggerheart_git/Foundry-daggerheart/Portable-FoundryVTT-v13.348/App/resources/app/dist/database/backend/server-document.mjs:1:3713)\n    at Function._migrateDocuments (file:///D:/Juegos/Foundry_daggerheart_git/Foundry-daggerheart/Portable-FoundryVTT-v13.348/App/resources/app/dist/database/backend/server-document.mjs:1:2782)","timestamp":"2026-05-24 17:01:11"}
{"level":"error","message":"An error occurred during the migration of Item record [KVgGMyMUVhiYJvDT] of database \"daggerheart-advmanager.all-features\":\nError: Documents from a core version newer than the running version cannot be migrated\n    at Function._migrateRecord (file:///D:/Juegos/Foundry_daggerheart_git/Foundry-daggerheart/Portable-FoundryVTT-v13.348/App/resources/app/dist/database/backend/server-document.mjs:1:3713)\n    at Function._migrateDocuments (file:///D:/Juegos/Foundry_daggerheart_git/Foundry-daggerheart/Portable-FoundryVTT-v13.348/App/resources/app/dist/database/backend/server-document.mjs:1:2782)","timestamp":"2026-05-24 17:01:11"}
{"level":"error","message":"An error occurred during the migration of Item record [L7JWC1TlHszrcpvn] of database \"daggerheart-advmanager.all-features\":\nError: Documents from a core version newer than the running version cannot be migrated\n    at Function._migrateRecord (file:///D:/Juegos/Foundry_daggerheart_git/Foundry-daggerheart/Portable-FoundryVTT-v13.348/App/resources/app/dist/database/backend/server-document.mjs:1:3713)\n    at Function._migrateDocuments (file:///D:/Juegos/Foundry_daggerheart_git/Foundry-daggerheart/Portable-FoundryVTT-v13.348/App/resources/app/dist/database/backend/server-document.mjs:1:2782)","timestamp":"2026-05-24 17:01:11"}
{"level":"error","message":"An error occurred during the migration of Item record [LBT50tDrhewxCAFA] of database \"daggerheart-advmanager.all-features\":\nError: Documents from a core version newer than the running version cannot be migrated\n    at Function._migrateRecord (file:///D:/Juegos/Foundry_daggerheart_git/Foundry-daggerheart/Portable-FoundryVTT-v13.348/App/resources/app/dist/database/backend/server-document.mjs:1:3713)\n    at Function._migrateDocuments (file:///D:/Juegos/Foundry_daggerheart_git/Foundry-daggerheart/Portable-FoundryVTT-v13.348/App/resources/app/dist/database/backend/server-document.mjs:1:2782)","timestamp":"2026-05-24 17:01:11"}
{"level":"error","message":"An error occurred during the migration of Item record [LDiZWatHByUznWgL] of database \"daggerheart-advmanager.all-features\":\nError: Documents from a core version newer than the running version cannot be migrated\n    at Function._migrateRecord (file:///D:/Juegos/Foundry_daggerheart_git/Foundry-daggerheart/Portable-FoundryVTT-v13.348/App/resources/app/dist/database/backend/server-document.mjs:1:3713)\n    at Function._migrateDocuments (file:///D:/Juegos/Foundry_daggerheart_git/Foundry-daggerheart/Portable-FoundryVTT-v13.348/App/resources/app/dist/database/backend/server-document.mjs:1:2782)","timestamp":"2026-05-24 17:01:11"}
{"level":"error","message":"An error occurred during the migration of Item record [LSyhI4XZG9fKTlS6] of database \"daggerheart-advmanager.all-features\":\nError: Documents from a core version newer than the running version cannot be migrated\n    at Function._migrateRecord (file:///D:/Juegos/Foundry_daggerheart_git/Foundry-daggerheart/Portable-FoundryVTT-v13.348/App/resources/app/dist/database/backend/server-document.mjs:1:3713)\n    at Function._migrateDocuments (file:///D:/Juegos/Foundry_daggerheart_git/Foundry-daggerheart/Portable-FoundryVTT-v13.348/App/resources/app/dist/database/backend/server-document.mjs:1:2782)","timestamp":"2026-05-24 17:01:11"}
{"level":"error","message":"An error occurred during the migration of Item record [LYjzSBji1jLNYRnI] of database \"daggerheart-advmanager.all-features\":\nError: Documents from a core version newer than the running version cannot be migrated\n    at Function._migrateRecord (file:///D:/Juegos/Foundry_daggerheart_git/Foundry-daggerheart/Portable-FoundryVTT-v13.348/App/resources/app/dist/database/backend/server-document.mjs:1:3713)\n    at Function._migrateDocuments (file:///D:/Juegos/Foundry_daggerheart_git/Foundry-daggerheart/Portable-FoundryVTT-v13.348/App/resources/app/dist/database/backend/server-document.mjs:1:2782)","timestamp":"2026-05-24 17:01:11"}
{"level":"error","message":"An error occurred during the migration of Item record [LeeDoNltRVygrQtQ] of database \"daggerheart-advmanager.all-features\":\nError: Documents from a core version newer than the running version cannot be migrated\n    at Function._migrateRecord (file:///D:/Juegos/Foundry_daggerheart_git/Foundry-daggerheart/Portable-FoundryVTT-v13.348/App/resources/app/dist/database/backend/server-document.mjs:1:3713)\n    at Function._migrateDocuments (file:///D:/Juegos/Foundry_daggerheart_git/Foundry-daggerheart/Portable-FoundryVTT-v13.348/App/resources/app/dist/database/backend/server-document.mjs:1:2782)","timestamp":"2026-05-24 17:01:11"}
{"level":"error","message":"An error occurred during the migration of Item record [Lp8CQlp4tPoKWdcd] of database \"daggerheart-advmanager.all-features\":\nError: Documents from a core version newer than the running version cannot be migrated\n    at Function._migrateRecord (file:///D:/Juegos/Foundry_daggerheart_git/Foundry-daggerheart/Portable-FoundryVTT-v13.348/App/resources/app/dist/database/backend/server-document.mjs:1:3713)\n    at Function._migrateDocuments (file:///D:/Juegos/Foundry_daggerheart_git/Foundry-daggerheart/Portable-FoundryVTT-v13.348/App/resources/app/dist/database/backend/server-document.mjs:1:2782)","timestamp":"2026-05-24 17:01:11"}
{"level":"error","message":"An error occurred during the migration of Item record [LqfPaCEiio4KPNg4] of database \"daggerheart-advmanager.all-features\":\nError: Documents from a core version newer than the running version cannot be migrated\n    at Function._migrateRecord (file:///D:/Juegos/Foundry_daggerheart_git/Foundry-daggerheart/Portable-FoundryVTT-v13.348/App/resources/app/dist/database/backend/server-document.mjs:1:3713)\n    at Function._migrateDocuments (file:///D:/Juegos/Foundry_daggerheart_git/Foundry-daggerheart/Portable-FoundryVTT-v13.348/App/resources/app/dist/database/backend/server-document.mjs:1:2782)","timestamp":"2026-05-24 17:01:11"}
{"level":"error","message":"An error occurred during the migration of Item record [M2VLSywKnYtMdI0U] of database \"daggerheart-advmanager.all-features\":\nError: Documents from a core version newer than the running version cannot be migrated\n    at Function._migrateRecord (file:///D:/Juegos/Foundry_daggerheart_git/Foundry-daggerheart/Portable-FoundryVTT-v13.348/App/resources/app/dist/database/backend/server-document.mjs:1:3713)\n    at Function._migrateDocuments (file:///D:/Juegos/Foundry_daggerheart_git/Foundry-daggerheart/Portable-FoundryVTT-v13.348/App/resources/app/dist/database/backend/server-document.mjs:1:2782)","timestamp":"2026-05-24 17:01:11"}
{"level":"error","message":"An error occurred during the migration of Item record [M3lTyBdXmegdWil1] of database \"daggerheart-advmanager.all-features\":\nError: Documents from a core version newer than the running version cannot be migrated\n    at Function._migrateRecord (file:///D:/Juegos/Foundry_daggerheart_git/Foundry-daggerheart/Portable-FoundryVTT-v13.348/App/resources/app/dist/database/backend/server-document.mjs:1:3713)\n    at Function._migrateDocuments (file:///D:/Juegos/Foundry_daggerheart_git/Foundry-daggerheart/Portable-FoundryVTT-v13.348/App/resources/app/dist/database/backend/server-document.mjs:1:2782)","timestamp":"2026-05-24 17:01:11"}
{"level":"error","message":"An error occurred during the migration of Item record [MAPHNK47kkdiVrN4] of database \"daggerheart-advmanager.all-features\":\nError: Documents from a core version newer than the running version cannot be migrated\n    at Function._migrateRecord (file:///D:/Juegos/Foundry_daggerheart_git/Foundry-daggerheart/Portable-FoundryVTT-v13.348/App/resources/app/dist/database/backend/server-document.mjs:1:3713)\n    at Function._migrateDocuments (file:///D:/Juegos/Foundry_daggerheart_git/Foundry-daggerheart/Portable-FoundryVTT-v13.348/App/resources/app/dist/database/backend/server-document.mjs:1:2782)","timestamp":"2026-05-24 17:01:11"}
{"level":"error","message":"An error occurred during the migration of Item record [MRMD4PmJzDBA2kIc] of database \"daggerheart-advmanager.all-features\":\nError: Documents from a core version newer than the running version cannot be migrated\n    at Function._migrateRecord (file:///D:/Juegos/Foundry_daggerheart_git/Foundry-daggerheart/Portable-FoundryVTT-v13.348/App/resources/app/dist/database/backend/server-document.mjs:1:3713)\n    at Function._migrateDocuments (file:///D:/Juegos/Foundry_daggerheart_git/Foundry-daggerheart/Portable-FoundryVTT-v13.348/App/resources/app/dist/database/backend/server-document.mjs:1:2782)","timestamp":"2026-05-24 17:01:11"}
{"level":"error","message":"An error occurred during the migration of Item record [MciXB5KQ2vj9KisJ] of database \"daggerheart-advmanager.all-features\":\nError: Documents from a core version newer than the running version cannot be migrated\n    at Function._migrateRecord (file:///D:/Juegos/Foundry_daggerheart_git/Foundry-daggerheart/Portable-FoundryVTT-v13.348/App/resources/app/dist/database/backend/server-document.mjs:1:3713)\n    at Function._migrateDocuments (file:///D:/Juegos/Foundry_daggerheart_git/Foundry-daggerheart/Portable-FoundryVTT-v13.348/App/resources/app/dist/database/backend/server-document.mjs:1:2782)","timestamp":"2026-05-24 17:01:11"}
{"level":"error","message":"An error occurred during the migration of Item record [MhFFQDGJvLENH5eu] of database \"daggerheart-advmanager.all-features\":\nError: Documents from a core version newer than the running version cannot be migrated\n    at Function._migrateRecord (file:///D:/Juegos/Foundry_daggerheart_git/Foundry-daggerheart/Portable-FoundryVTT-v13.348/App/resources/app/dist/database/backend/server-document.mjs:1:3713)\n    at Function._migrateDocuments (file:///D:/Juegos/Foundry_daggerheart_git/Foundry-daggerheart/Portable-FoundryVTT-v13.348/App/resources/app/dist/database/backend/server-document.mjs:1:2782)","timestamp":"2026-05-24 17:01:11"}
{"level":"error","message":"An error occurred during the migration of Item record [N0maY7RMhXgT0llq] of database \"daggerheart-advmanager.all-features\":\nError: Documents from a core version newer than the running version cannot be migrated\n    at Function._migrateRecord (file:///D:/Juegos/Foundry_daggerheart_git/Foundry-daggerheart/Portable-FoundryVTT-v13.348/App/resources/app/dist/database/backend/server-document.mjs:1:3713)\n    at Function._migrateDocuments (file:///D:/Juegos/Foundry_daggerheart_git/Foundry-daggerheart/Portable-FoundryVTT-v13.348/App/resources/app/dist/database/backend/server-document.mjs:1:2782)","timestamp":"2026-05-24 17:01:11"}
{"level":"error","message":"An error occurred during the migration of Item record [NGMK3zX9mPktlGLL] of database \"daggerheart-advmanager.all-features\":\nError: Documents from a core version newer than the running version cannot be migrated\n    at Function._migrateRecord (file:///D:/Juegos/Foundry_daggerheart_git/Foundry-daggerheart/Portable-FoundryVTT-v13.348/App/resources/app/dist/database/backend/server-document.mjs:1:3713)\n    at Function._migrateDocuments (file:///D:/Juegos/Foundry_daggerheart_git/Foundry-daggerheart/Portable-FoundryVTT-v13.348/App/resources/app/dist/database/backend/server-document.mjs:1:2782)","timestamp":"2026-05-24 17:01:11"}
{"level":"error","message":"An error occurred during the migration of Item record [NQJBXQiucgk77Cl9] of database \"daggerheart-advmanager.all-features\":\nError: Documents from a core version newer than the running version cannot be migrated\n    at Function._migrateRecord (file:///D:/Juegos/Foundry_daggerheart_git/Foundry-daggerheart/Portable-FoundryVTT-v13.348/App/resources/app/dist/database/backend/server-document.mjs:1:3713)\n    at Function._migrateDocuments (file:///D:/Juegos/Foundry_daggerheart_git/Foundry-daggerheart/Portable-FoundryVTT-v13.348/App/resources/app/dist/database/backend/server-document.mjs:1:2782)","timestamp":"2026-05-24 17:01:11"}
{"level":"error","message":"An error occurred during the migration of Item record [NSAHmbNa9D0lmC8W] of database \"daggerheart-advmanager.all-features\":\nError: Documents from a core version newer than the running version cannot be migrated\n    at Function._migrateRecord (file:///D:/Juegos/Foundry_daggerheart_git/Foundry-daggerheart/Portable-FoundryVTT-v13.348/App/resources/app/dist/database/backend/server-document.mjs:1:3713)\n    at Function._migrateDocuments (file:///D:/Juegos/Foundry_daggerheart_git/Foundry-daggerheart/Portable-FoundryVTT-v13.348/App/resources/app/dist/database/backend/server-document.mjs:1:2782)","timestamp":"2026-05-24 17:01:11"}
{"level":"error","message":"An error occurred during the migration of Item record [NffXAnPbZ5UGmSyV] of database \"daggerheart-advmanager.all-features\":\nError: Documents from a core version newer than the running version cannot be migrated\n    at Function._migrateRecord (file:///D:/Juegos/Foundry_daggerheart_git/Foundry-daggerheart/Portable-FoundryVTT-v13.348/App/resources/app/dist/database/backend/server-document.mjs:1:3713)\n    at Function._migrateDocuments (file:///D:/Juegos/Foundry_daggerheart_git/Foundry-daggerheart/Portable-FoundryVTT-v13.348/App/resources/app/dist/database/backend/server-document.mjs:1:2782)","timestamp":"2026-05-24 17:01:11"}
{"level":"error","message":"An error occurred during the migration of Item record [Nh28tVfbeYRJSGVN] of database \"daggerheart-advmanager.all-features\":\nError: Documents from a core version newer than the running version cannot be migrated\n    at Function._migrateRecord (file:///D:/Juegos/Foundry_daggerheart_git/Foundry-daggerheart/Portable-FoundryVTT-v13.348/App/resources/app/dist/database/backend/server-document.mjs:1:3713)\n    at Function._migrateDocuments (file:///D:/Juegos/Foundry_daggerheart_git/Foundry-daggerheart/Portable-FoundryVTT-v13.348/App/resources/app/dist/database/backend/server-document.mjs:1:2782)","timestamp":"2026-05-24 17:01:11"}
{"level":"error","message":"An error occurred during the migration of Item record [NoEuTQWFDglKVdLr] of database \"daggerheart-advmanager.all-features\":\nError: Documents from a core version newer than the running version cannot be migrated\n    at Function._migrateRecord (file:///D:/Juegos/Foundry_daggerheart_git/Foundry-daggerheart/Portable-FoundryVTT-v13.348/App/resources/app/dist/database/backend/server-document.mjs:1:3713)\n    at Function._migrateDocuments (file:///D:/Juegos/Foundry_daggerheart_git/Foundry-daggerheart/Portable-FoundryVTT-v13.348/App/resources/app/dist/database/backend/server-document.mjs:1:2782)","timestamp":"2026-05-24 17:01:11"}
{"level":"error","message":"An error occurred during the migration of Item record [Np5QtiF5dLJEHanU] of database \"daggerheart-advmanager.all-features\":\nError: Documents from a core version newer than the running version cannot be migrated\n    at Function._migrateRecord (file:///D:/Juegos/Foundry_daggerheart_git/Foundry-daggerheart/Portable-FoundryVTT-v13.348/App/resources/app/dist/database/backend/server-document.mjs:1:3713)\n    at Function._migrateDocuments (file:///D:/Juegos/Foundry_daggerheart_git/Foundry-daggerheart/Portable-FoundryVTT-v13.348/App/resources/app/dist/database/backend/server-document.mjs:1:2782)","timestamp":"2026-05-24 17:01:11"}
{"level":"error","message":"An error occurred during the migration of Item record [NrYsn8N8fR6CwqFW] of database \"daggerheart-advmanager.all-features\":\nError: Documents from a core version newer than the running version cannot be migrated\n    at Function._migrateRecord (file:///D:/Juegos/Foundry_daggerheart_git/Foundry-daggerheart/Portable-FoundryVTT-v13.348/App/resources/app/dist/database/backend/server-document.mjs:1:3713)\n    at Function._migrateDocuments (file:///D:/Juegos/Foundry_daggerheart_git/Foundry-daggerheart/Portable-FoundryVTT-v13.348/App/resources/app/dist/database/backend/server-document.mjs:1:2782)","timestamp":"2026-05-24 17:01:11"}
{"level":"error","message":"An error occurred during the migration of Item record [NsmJvAxFlKRw63k1] of database \"daggerheart-advmanager.all-features\":\nError: Documents from a core version newer than the running version cannot be migrated\n    at Function._migrateRecord (file:///D:/Juegos/Foundry_daggerheart_git/Foundry-daggerheart/Portable-FoundryVTT-v13.348/App/resources/app/dist/database/backend/server-document.mjs:1:3713)\n    at Function._migrateDocuments (file:///D:/Juegos/Foundry_daggerheart_git/Foundry-daggerheart/Portable-FoundryVTT-v13.348/App/resources/app/dist/database/backend/server-document.mjs:1:2782)","timestamp":"2026-05-24 17:01:11"}
{"level":"error","message":"An error occurred during the migration of Item record [NteZhAkmou04vpPf] of database \"daggerheart-advmanager.all-features\":\nError: Documents from a core version newer than the running version cannot be migrated\n    at Function._migrateRecord (file:///D:/Juegos/Foundry_daggerheart_git/Foundry-daggerheart/Portable-FoundryVTT-v13.348/App/resources/app/dist/database/backend/server-document.mjs:1:3713)\n    at Function._migrateDocuments (file:///D:/Juegos/Foundry_daggerheart_git/Foundry-daggerheart/Portable-FoundryVTT-v13.348/App/resources/app/dist/database/backend/server-document.mjs:1:2782)","timestamp":"2026-05-24 17:01:11"}
{"level":"error","message":"An error occurred during the migration of Item record [NwUZPWPgLY7b2hYm] of database \"daggerheart-advmanager.all-features\":\nError: Documents from a core version newer than the running version cannot be migrated\n    at Function._migrateRecord (file:///D:/Juegos/Foundry_daggerheart_git/Foundry-daggerheart/Portable-FoundryVTT-v13.348/App/resources/app/dist/database/backend/server-document.mjs:1:3713)\n    at Function._migrateDocuments (file:///D:/Juegos/Foundry_daggerheart_git/Foundry-daggerheart/Portable-FoundryVTT-v13.348/App/resources/app/dist/database/backend/server-document.mjs:1:2782)","timestamp":"2026-05-24 17:01:11"}
{"level":"error","message":"An error occurred during the migration of Item record [O608Y5XKO92Ao54h] of database \"daggerheart-advmanager.all-features\":\nError: Documents from a core version newer than the running version cannot be migrated\n    at Function._migrateRecord (file:///D:/Juegos/Foundry_daggerheart_git/Foundry-daggerheart/Portable-FoundryVTT-v13.348/App/resources/app/dist/database/backend/server-document.mjs:1:3713)\n    at Function._migrateDocuments (file:///D:/Juegos/Foundry_daggerheart_git/Foundry-daggerheart/Portable-FoundryVTT-v13.348/App/resources/app/dist/database/backend/server-document.mjs:1:2782)","timestamp":"2026-05-24 17:01:11"}
{"level":"error","message":"An error occurred during the migration of Item record [OKWBl8rnXFbrSHxN] of database \"daggerheart-advmanager.all-features\":\nError: Documents from a core version newer than the running version cannot be migrated\n    at Function._migrateRecord (file:///D:/Juegos/Foundry_daggerheart_git/Foundry-daggerheart/Portable-FoundryVTT-v13.348/App/resources/app/dist/database/backend/server-document.mjs:1:3713)\n    at Function._migrateDocuments (file:///D:/Juegos/Foundry_daggerheart_git/Foundry-daggerheart/Portable-FoundryVTT-v13.348/App/resources/app/dist/database/backend/server-document.mjs:1:2782)","timestamp":"2026-05-24 17:01:11"}
{"level":"error","message":"An error occurred during the migration of Item record [OYjmWkcNxXGElJPo] of database \"daggerheart-advmanager.all-features\":\nError: Documents from a core version newer than the running version cannot be migrated\n    at Function._migrateRecord (file:///D:/Juegos/Foundry_daggerheart_git/Foundry-daggerheart/Portable-FoundryVTT-v13.348/App/resources/app/dist/database/backend/server-document.mjs:1:3713)\n    at Function._migrateDocuments (file:///D:/Juegos/Foundry_daggerheart_git/Foundry-daggerheart/Portable-FoundryVTT-v13.348/App/resources/app/dist/database/backend/server-document.mjs:1:2782)","timestamp":"2026-05-24 17:01:11"}
{"level":"error","message":"An error occurred during the migration of Item record [PGk6TLwKxDcKkelc] of database \"daggerheart-advmanager.all-features\":\nError: Documents from a core version newer than the running version cannot be migrated\n    at Function._migrateRecord (file:///D:/Juegos/Foundry_daggerheart_git/Foundry-daggerheart/Portable-FoundryVTT-v13.348/App/resources/app/dist/database/backend/server-document.mjs:1:3713)\n    at Function._migrateDocuments (file:///D:/Juegos/Foundry_daggerheart_git/Foundry-daggerheart/Portable-FoundryVTT-v13.348/App/resources/app/dist/database/backend/server-document.mjs:1:2782)","timestamp":"2026-05-24 17:01:11"}
{"level":"error","message":"An error occurred during the migration of Item record [PIaCSLpBmqS2G74a] of database \"daggerheart-advmanager.all-features\":\nError: Documents from a core version newer than the running version cannot be migrated\n    at Function._migrateRecord (file:///D:/Juegos/Foundry_daggerheart_git/Foundry-daggerheart/Portable-FoundryVTT-v13.348/App/resources/app/dist/database/backend/server-document.mjs:1:3713)\n    at Function._migrateDocuments (file:///D:/Juegos/Foundry_daggerheart_git/Foundry-daggerheart/Portable-FoundryVTT-v13.348/App/resources/app/dist/database/backend/server-document.mjs:1:2782)","timestamp":"2026-05-24 17:01:11"}
{"level":"error","message":"An error occurred during the migration of Item record [PQjxCVt8nd9Zj5RD] of database \"daggerheart-advmanager.all-features\":\nError: Documents from a core version newer than the running version cannot be migrated\n    at Function._migrateRecord (file:///D:/Juegos/Foundry_daggerheart_git/Foundry-daggerheart/Portable-FoundryVTT-v13.348/App/resources/app/dist/database/backend/server-document.mjs:1:3713)\n    at Function._migrateDocuments (file:///D:/Juegos/Foundry_daggerheart_git/Foundry-daggerheart/Portable-FoundryVTT-v13.348/App/resources/app/dist/database/backend/server-document.mjs:1:2782)","timestamp":"2026-05-24 17:01:11"}
{"level":"error","message":"An error occurred during the migration of Item record [PxOujdjjYXuKIbqz] of database \"daggerheart-advmanager.all-features\":\nError: Documents from a core version newer than the running version cannot be migrated\n    at Function._migrateRecord (file:///D:/Juegos/Foundry_daggerheart_git/Foundry-daggerheart/Portable-FoundryVTT-v13.348/App/resources/app/dist/database/backend/server-document.mjs:1:3713)\n    at Function._migrateDocuments (file:///D:/Juegos/Foundry_daggerheart_git/Foundry-daggerheart/Portable-FoundryVTT-v13.348/App/resources/app/dist/database/backend/server-document.mjs:1:2782)","timestamp":"2026-05-24 17:01:11"}
{"level":"error","message":"An error occurred during the migration of Item record [QMxhfHs8m6Mm639M] of database \"daggerheart-advmanager.all-features\":\nError: Documents from a core version newer than the running version cannot be migrated\n    at Function._migrateRecord (file:///D:/Juegos/Foundry_daggerheart_git/Foundry-daggerheart/Portable-FoundryVTT-v13.348/App/resources/app/dist/database/backend/server-document.mjs:1:3713)\n    at Function._migrateDocuments (file:///D:/Juegos/Foundry_daggerheart_git/Foundry-daggerheart/Portable-FoundryVTT-v13.348/App/resources/app/dist/database/backend/server-document.mjs:1:2782)","timestamp":"2026-05-24 17:01:11"}
{"level":"error","message":"An error occurred during the migration of Item record [QS2eYsMPr7VTmgZy] of database \"daggerheart-advmanager.all-features\":\nError: Documents from a core version newer than the running version cannot be migrated\n    at Function._migrateRecord (file:///D:/Juegos/Foundry_daggerheart_git/Foundry-daggerheart/Portable-FoundryVTT-v13.348/App/resources/app/dist/database/backend/server-document.mjs:1:3713)\n    at Function._migrateDocuments (file:///D:/Juegos/Foundry_daggerheart_git/Foundry-daggerheart/Portable-FoundryVTT-v13.348/App/resources/app/dist/database/backend/server-document.mjs:1:2782)","timestamp":"2026-05-24 17:01:11"}
{"level":"error","message":"An error occurred during the migration of Item record [QWqea6rpV3mHo2td] of database \"daggerheart-advmanager.all-features\":\nError: Documents from a core version newer than the running version cannot be migrated\n    at Function._migrateRecord (file:///D:/Juegos/Foundry_daggerheart_git/Foundry-daggerheart/Portable-FoundryVTT-v13.348/App/resources/app/dist/database/backend/server-document.mjs:1:3713)\n    at Function._migrateDocuments (file:///D:/Juegos/Foundry_daggerheart_git/Foundry-daggerheart/Portable-FoundryVTT-v13.348/App/resources/app/dist/database/backend/server-document.mjs:1:2782)","timestamp":"2026-05-24 17:01:11"}
{"level":"error","message":"An error occurred during the migration of Item record [Qn8mprQ5PHRVdYy0] of database \"daggerheart-advmanager.all-features\":\nError: Documents from a core version newer than the running version cannot be migrated\n    at Function._migrateRecord (file:///D:/Juegos/Foundry_daggerheart_git/Foundry-daggerheart/Portable-FoundryVTT-v13.348/App/resources/app/dist/database/backend/server-document.mjs:1:3713)\n    at Function._migrateDocuments (file:///D:/Juegos/Foundry_daggerheart_git/Foundry-daggerheart/Portable-FoundryVTT-v13.348/App/resources/app/dist/database/backend/server-document.mjs:1:2782)","timestamp":"2026-05-24 17:01:11"}
{"level":"error","message":"An error occurred during the migration of Item record [Qo3zgaAVZ0Q9ogWC] of database \"daggerheart-advmanager.all-features\":\nError: Documents from a core version newer than the running version cannot be migrated\n    at Function._migrateRecord (file:///D:/Juegos/Foundry_daggerheart_git/Foundry-daggerheart/Portable-FoundryVTT-v13.348/App/resources/app/dist/database/backend/server-document.mjs:1:3713)\n    at Function._migrateDocuments (file:///D:/Juegos/Foundry_daggerheart_git/Foundry-daggerheart/Portable-FoundryVTT-v13.348/App/resources/app/dist/database/backend/server-document.mjs:1:2782)","timestamp":"2026-05-24 17:01:11"}
{"level":"error","message":"An error occurred during the migration of Item record [QqQWvkwV8gSkZlUk] of database \"daggerheart-advmanager.all-features\":\nError: Documents from a core version newer than the running version cannot be migrated\n    at Function._migrateRecord (file:///D:/Juegos/Foundry_daggerheart_git/Foundry-daggerheart/Portable-FoundryVTT-v13.348/App/resources/app/dist/database/backend/server-document.mjs:1:3713)\n    at Function._migrateDocuments (file:///D:/Juegos/Foundry_daggerheart_git/Foundry-daggerheart/Portable-FoundryVTT-v13.348/App/resources/app/dist/database/backend/server-document.mjs:1:2782)","timestamp":"2026-05-24 17:01:11"}
{"level":"error","message":"An error occurred during the migration of Item record [R9luM6E7eGW4IEjA] of database \"daggerheart-advmanager.all-features\":\nError: Documents from a core version newer than the running version cannot be migrated\n    at Function._migrateRecord (file:///D:/Juegos/Foundry_daggerheart_git/Foundry-daggerheart/Portable-FoundryVTT-v13.348/App/resources/app/dist/database/backend/server-document.mjs:1:3713)\n    at Function._migrateDocuments (file:///D:/Juegos/Foundry_daggerheart_git/Foundry-daggerheart/Portable-FoundryVTT-v13.348/App/resources/app/dist/database/backend/server-document.mjs:1:2782)","timestamp":"2026-05-24 17:01:11"}
{"level":"error","message":"An error occurred during the migration of Item record [RYJtnqL9omMM48DE] of database \"daggerheart-advmanager.all-features\":\nError: Documents from a core version newer than the running version cannot be migrated\n    at Function._migrateRecord (file:///D:/Juegos/Foundry_daggerheart_git/Foundry-daggerheart/Portable-FoundryVTT-v13.348/App/resources/app/dist/database/backend/server-document.mjs:1:3713)\n    at Function._migrateDocuments (file:///D:/Juegos/Foundry_daggerheart_git/Foundry-daggerheart/Portable-FoundryVTT-v13.348/App/resources/app/dist/database/backend/server-document.mjs:1:2782)","timestamp":"2026-05-24 17:01:11"}
{"level":"error","message":"An error occurred during the migration of Item record [Rwuy2ARba4AWhCZe] of database \"daggerheart-advmanager.all-features\":\nError: Documents from a core version newer than the running version cannot be migrated\n    at Function._migrateRecord (file:///D:/Juegos/Foundry_daggerheart_git/Foundry-daggerheart/Portable-FoundryVTT-v13.348/App/resources/app/dist/database/backend/server-document.mjs:1:3713)\n    at Function._migrateDocuments (file:///D:/Juegos/Foundry_daggerheart_git/Foundry-daggerheart/Portable-FoundryVTT-v13.348/App/resources/app/dist/database/backend/server-document.mjs:1:2782)","timestamp":"2026-05-24 17:01:11"}
{"level":"error","message":"An error occurred during the migration of Item record [SR3Or0X8X8x0j1m8] of database \"daggerheart-advmanager.all-features\":\nError: Documents from a core version newer than the running version cannot be migrated\n    at Function._migrateRecord (file:///D:/Juegos/Foundry_daggerheart_git/Foundry-daggerheart/Portable-FoundryVTT-v13.348/App/resources/app/dist/database/backend/server-document.mjs:1:3713)\n    at Function._migrateDocuments (file:///D:/Juegos/Foundry_daggerheart_git/Foundry-daggerheart/Portable-FoundryVTT-v13.348/App/resources/app/dist/database/backend/server-document.mjs:1:2782)","timestamp":"2026-05-24 17:01:11"}
{"level":"error","message":"An error occurred during the migration of Item record [SSOA8cBFcDyZzsqR] of database \"daggerheart-advmanager.all-features\":\nError: Documents from a core version newer than the running version cannot be migrated\n    at Function._migrateRecord (file:///D:/Juegos/Foundry_daggerheart_git/Foundry-daggerheart/Portable-FoundryVTT-v13.348/App/resources/app/dist/database/backend/server-document.mjs:1:3713)\n    at Function._migrateDocuments (file:///D:/Juegos/Foundry_daggerheart_git/Foundry-daggerheart/Portable-FoundryVTT-v13.348/App/resources/app/dist/database/backend/server-document.mjs:1:2782)","timestamp":"2026-05-24 17:01:11"}
{"level":"error","message":"An error occurred during the migration of Item record [SawmAlEMgmuJJCEL] of database \"daggerheart-advmanager.all-features\":\nError: Documents from a core version newer than the running version cannot be migrated\n    at Function._migrateRecord (file:///D:/Juegos/Foundry_daggerheart_git/Foundry-daggerheart/Portable-FoundryVTT-v13.348/App/resources/app/dist/database/backend/server-document.mjs:1:3713)\n    at Function._migrateDocuments (file:///D:/Juegos/Foundry_daggerheart_git/Foundry-daggerheart/Portable-FoundryVTT-v13.348/App/resources/app/dist/database/backend/server-document.mjs:1:2782)","timestamp":"2026-05-24 17:01:11"}
{"level":"error","message":"An error occurred during the migration of Item record [SjWpbVsLb44B4upj] of database \"daggerheart-advmanager.all-features\":\nError: Documents from a core version newer than the running version cannot be migrated\n    at Function._migrateRecord (file:///D:/Juegos/Foundry_daggerheart_git/Foundry-daggerheart/Portable-FoundryVTT-v13.348/App/resources/app/dist/database/backend/server-document.mjs:1:3713)\n    at Function._migrateDocuments (file:///D:/Juegos/Foundry_daggerheart_git/Foundry-daggerheart/Portable-FoundryVTT-v13.348/App/resources/app/dist/database/backend/server-document.mjs:1:2782)","timestamp":"2026-05-24 17:01:11"}
{"level":"error","message":"An error occurred during the migration of Item record [SwMrQ16YtV3HHBAP] of database \"daggerheart-advmanager.all-features\":\nError: Documents from a core version newer than the running version cannot be migrated\n    at Function._migrateRecord (file:///D:/Juegos/Foundry_daggerheart_git/Foundry-daggerheart/Portable-FoundryVTT-v13.348/App/resources/app/dist/database/backend/server-document.mjs:1:3713)\n    at Function._migrateDocuments (file:///D:/Juegos/Foundry_daggerheart_git/Foundry-daggerheart/Portable-FoundryVTT-v13.348/App/resources/app/dist/database/backend/server-document.mjs:1:2782)","timestamp":"2026-05-24 17:01:11"}
{"level":"error","message":"An error occurred during the migration of Item record [SyI1hOtoibKA9EdE] of database \"daggerheart-advmanager.all-features\":\nError: Documents from a core version newer than the running version cannot be migrated\n    at Function._migrateRecord (file:///D:/Juegos/Foundry_daggerheart_git/Foundry-daggerheart/Portable-FoundryVTT-v13.348/App/resources/app/dist/database/backend/server-document.mjs:1:3713)\n    at Function._migrateDocuments (file:///D:/Juegos/Foundry_daggerheart_git/Foundry-daggerheart/Portable-FoundryVTT-v13.348/App/resources/app/dist/database/backend/server-document.mjs:1:2782)","timestamp":"2026-05-24 17:01:11"}
{"level":"error","message":"An error occurred during the migration of Item record [T1wz6GtDpFWKlx8f] of database \"daggerheart-advmanager.all-features\":\nError: Documents from a core version newer than the running version cannot be migrated\n    at Function._migrateRecord (file:///D:/Juegos/Foundry_daggerheart_git/Foundry-daggerheart/Portable-FoundryVTT-v13.348/App/resources/app/dist/database/backend/server-document.mjs:1:3713)\n    at Function._migrateDocuments (file:///D:/Juegos/Foundry_daggerheart_git/Foundry-daggerheart/Portable-FoundryVTT-v13.348/App/resources/app/dist/database/backend/server-document.mjs:1:2782)","timestamp":"2026-05-24 17:01:11"}
{"level":"error","message":"An error occurred during the migration of Item record [TIzlqv60zLWAs93b] of database \"daggerheart-advmanager.all-features\":\nError: Documents from a core version newer than the running version cannot be migrated\n    at Function._migrateRecord (file:///D:/Juegos/Foundry_daggerheart_git/Foundry-daggerheart/Portable-FoundryVTT-v13.348/App/resources/app/dist/database/backend/server-document.mjs:1:3713)\n    at Function._migrateDocuments (file:///D:/Juegos/Foundry_daggerheart_git/Foundry-daggerheart/Portable-FoundryVTT-v13.348/App/resources/app/dist/database/backend/server-document.mjs:1:2782)","timestamp":"2026-05-24 17:01:11"}
{"level":"error","message":"An error occurred during the migration of Item record [TQlbZQE26MQkVqH8] of database \"daggerheart-advmanager.all-features\":\nError: Documents from a core version newer than the running version cannot be migrated\n    at Function._migrateRecord (file:///D:/Juegos/Foundry_daggerheart_git/Foundry-daggerheart/Portable-FoundryVTT-v13.348/App/resources/app/dist/database/backend/server-document.mjs:1:3713)\n    at Function._migrateDocuments (file:///D:/Juegos/Foundry_daggerheart_git/Foundry-daggerheart/Portable-FoundryVTT-v13.348/App/resources/app/dist/database/backend/server-document.mjs:1:2782)","timestamp":"2026-05-24 17:01:11"}
{"level":"error","message":"An error occurred during the migration of Item record [TfQY8OXn5mJELtDc] of database \"daggerheart-advmanager.all-features\":\nError: Documents from a core version newer than the running version cannot be migrated\n    at Function._migrateRecord (file:///D:/Juegos/Foundry_daggerheart_git/Foundry-daggerheart/Portable-FoundryVTT-v13.348/App/resources/app/dist/database/backend/server-document.mjs:1:3713)\n    at Function._migrateDocuments (file:///D:/Juegos/Foundry_daggerheart_git/Foundry-daggerheart/Portable-FoundryVTT-v13.348/App/resources/app/dist/database/backend/server-document.mjs:1:2782)","timestamp":"2026-05-24 17:01:11"}
{"level":"error","message":"An error occurred during the migration of Item record [TujvZlwAeAUJFMVM] of database \"daggerheart-advmanager.all-features\":\nError: Documents from a core version newer than the running version cannot be migrated\n    at Function._migrateRecord (file:///D:/Juegos/Foundry_daggerheart_git/Foundry-daggerheart/Portable-FoundryVTT-v13.348/App/resources/app/dist/database/backend/server-document.mjs:1:3713)\n    at Function._migrateDocuments (file:///D:/Juegos/Foundry_daggerheart_git/Foundry-daggerheart/Portable-FoundryVTT-v13.348/App/resources/app/dist/database/backend/server-document.mjs:1:2782)","timestamp":"2026-05-24 17:01:11"}
{"level":"error","message":"An error occurred during the migration of Item record [UJQTIp3MrDLgEvwd] of database \"daggerheart-advmanager.all-features\":\nError: Documents from a core version newer than the running version cannot be migrated\n    at Function._migrateRecord (file:///D:/Juegos/Foundry_daggerheart_git/Foundry-daggerheart/Portable-FoundryVTT-v13.348/App/resources/app/dist/database/backend/server-document.mjs:1:3713)\n    at Function._migrateDocuments (file:///D:/Juegos/Foundry_daggerheart_git/Foundry-daggerheart/Portable-FoundryVTT-v13.348/App/resources/app/dist/database/backend/server-document.mjs:1:2782)","timestamp":"2026-05-24 17:01:11"}
{"level":"error","message":"An error occurred during the migration of Item record [UPpNFgIcMGiiV4jC] of database \"daggerheart-advmanager.all-features\":\nError: Documents from a core version newer than the running version cannot be migrated\n    at Function._migrateRecord (file:///D:/Juegos/Foundry_daggerheart_git/Foundry-daggerheart/Portable-FoundryVTT-v13.348/App/resources/app/dist/database/backend/server-document.mjs:1:3713)\n    at Function._migrateDocuments (file:///D:/Juegos/Foundry_daggerheart_git/Foundry-daggerheart/Portable-FoundryVTT-v13.348/App/resources/app/dist/database/backend/server-document.mjs:1:2782)","timestamp":"2026-05-24 17:01:11"}
{"level":"error","message":"An error occurred during the migration of Item record [UVkpThvMCrFA3eNc] of database \"daggerheart-advmanager.all-features\":\nError: Documents from a core version newer than the running version cannot be migrated\n    at Function._migrateRecord (file:///D:/Juegos/Foundry_daggerheart_git/Foundry-daggerheart/Portable-FoundryVTT-v13.348/App/resources/app/dist/database/backend/server-document.mjs:1:3713)\n    at Function._migrateDocuments (file:///D:/Juegos/Foundry_daggerheart_git/Foundry-daggerheart/Portable-FoundryVTT-v13.348/App/resources/app/dist/database/backend/server-document.mjs:1:2782)","timestamp":"2026-05-24 17:01:11"}
{"level":"error","message":"An error occurred during the migration of Item record [UhDxt4Dam9ETyls2] of database \"daggerheart-advmanager.all-features\":\nError: Documents from a core version newer than the running version cannot be migrated\n    at Function._migrateRecord (file:///D:/Juegos/Foundry_daggerheart_git/Foundry-daggerheart/Portable-FoundryVTT-v13.348/App/resources/app/dist/database/backend/server-document.mjs:1:3713)\n    at Function._migrateDocuments (file:///D:/Juegos/Foundry_daggerheart_git/Foundry-daggerheart/Portable-FoundryVTT-v13.348/App/resources/app/dist/database/backend/server-document.mjs:1:2782)","timestamp":"2026-05-24 17:01:11"}
{"level":"error","message":"An error occurred during the migration of Item record [VH6hKc7cX5n1XV7l] of database \"daggerheart-advmanager.all-features\":\nError: Documents from a core version newer than the running version cannot be migrated\n    at Function._migrateRecord (file:///D:/Juegos/Foundry_daggerheart_git/Foundry-daggerheart/Portable-FoundryVTT-v13.348/App/resources/app/dist/database/backend/server-document.mjs:1:3713)\n    at Function._migrateDocuments (file:///D:/Juegos/Foundry_daggerheart_git/Foundry-daggerheart/Portable-FoundryVTT-v13.348/App/resources/app/dist/database/backend/server-document.mjs:1:2782)","timestamp":"2026-05-24 17:01:11"}
{"level":"error","message":"An error occurred during the migration of Item record [VY87drMq8hSfZoFp] of database \"daggerheart-advmanager.all-features\":\nError: Documents from a core version newer than the running version cannot be migrated\n    at Function._migrateRecord (file:///D:/Juegos/Foundry_daggerheart_git/Foundry-daggerheart/Portable-FoundryVTT-v13.348/App/resources/app/dist/database/backend/server-document.mjs:1:3713)\n    at Function._migrateDocuments (file:///D:/Juegos/Foundry_daggerheart_git/Foundry-daggerheart/Portable-FoundryVTT-v13.348/App/resources/app/dist/database/backend/server-document.mjs:1:2782)","timestamp":"2026-05-24 17:01:11"}
{"level":"error","message":"An error occurred during the migration of Item record [VftDdm61VmdcC1YB] of database \"daggerheart-advmanager.all-features\":\nError: Documents from a core version newer than the running version cannot be migrated\n    at Function._migrateRecord (file:///D:/Juegos/Foundry_daggerheart_git/Foundry-daggerheart/Portable-FoundryVTT-v13.348/App/resources/app/dist/database/backend/server-document.mjs:1:3713)\n    at Function._migrateDocuments (file:///D:/Juegos/Foundry_daggerheart_git/Foundry-daggerheart/Portable-FoundryVTT-v13.348/App/resources/app/dist/database/backend/server-document.mjs:1:2782)","timestamp":"2026-05-24 17:01:11"}
{"level":"error","message":"An error occurred during the migration of Item record [ViWXQSULfBNRBXfM] of database \"daggerheart-advmanager.all-features\":\nError: Documents from a core version newer than the running version cannot be migrated\n    at Function._migrateRecord (file:///D:/Juegos/Foundry_daggerheart_git/Foundry-daggerheart/Portable-FoundryVTT-v13.348/App/resources/app/dist/database/backend/server-document.mjs:1:3713)\n    at Function._migrateDocuments (file:///D:/Juegos/Foundry_daggerheart_git/Foundry-daggerheart/Portable-FoundryVTT-v13.348/App/resources/app/dist/database/backend/server-document.mjs:1:2782)","timestamp":"2026-05-24 17:01:11"}
{"level":"error","message":"An error occurred during the migration of Item record [WlLco8K5KkBqf5TK] of database \"daggerheart-advmanager.all-features\":\nError: Documents from a core version newer than the running version cannot be migrated\n    at Function._migrateRecord (file:///D:/Juegos/Foundry_daggerheart_git/Foundry-daggerheart/Portable-FoundryVTT-v13.348/App/resources/app/dist/database/backend/server-document.mjs:1:3713)\n    at Function._migrateDocuments (file:///D:/Juegos/Foundry_daggerheart_git/Foundry-daggerheart/Portable-FoundryVTT-v13.348/App/resources/app/dist/database/backend/server-document.mjs:1:2782)","timestamp":"2026-05-24 17:01:11"}
{"level":"error","message":"An error occurred during the migration of Item record [WmZsQ4Q4o8HUAd4M] of database \"daggerheart-advmanager.all-features\":\nError: Documents from a core version newer than the running version cannot be migrated\n    at Function._migrateRecord (file:///D:/Juegos/Foundry_daggerheart_git/Foundry-daggerheart/Portable-FoundryVTT-v13.348/App/resources/app/dist/database/backend/server-document.mjs:1:3713)\n    at Function._migrateDocuments (file:///D:/Juegos/Foundry_daggerheart_git/Foundry-daggerheart/Portable-FoundryVTT-v13.348/App/resources/app/dist/database/backend/server-document.mjs:1:2782)","timestamp":"2026-05-24 17:01:11"}
{"level":"error","message":"An error occurred during the migration of Item record [XCOWW7Ls3FL4UUb8] of database \"daggerheart-advmanager.all-features\":\nError: Documents from a core version newer than the running version cannot be migrated\n    at Function._migrateRecord (file:///D:/Juegos/Foundry_daggerheart_git/Foundry-daggerheart/Portable-FoundryVTT-v13.348/App/resources/app/dist/database/backend/server-document.mjs:1:3713)\n    at Function._migrateDocuments (file:///D:/Juegos/Foundry_daggerheart_git/Foundry-daggerheart/Portable-FoundryVTT-v13.348/App/resources/app/dist/database/backend/server-document.mjs:1:2782)","timestamp":"2026-05-24 17:01:11"}
{"level":"error","message":"An error occurred during the migration of Item record [XEeR8EAWfOxTI03O] of database \"daggerheart-advmanager.all-features\":\nError: Documents from a core version newer than the running version cannot be migrated\n    at Function._migrateRecord (file:///D:/Juegos/Foundry_daggerheart_git/Foundry-daggerheart/Portable-FoundryVTT-v13.348/App/resources/app/dist/database/backend/server-document.mjs:1:3713)\n    at Function._migrateDocuments (file:///D:/Juegos/Foundry_daggerheart_git/Foundry-daggerheart/Portable-FoundryVTT-v13.348/App/resources/app/dist/database/backend/server-document.mjs:1:2782)","timestamp":"2026-05-24 17:01:11"}
{"level":"error","message":"An error occurred during the migration of Item record [XcMddHa3mP13hU07] of database \"daggerheart-advmanager.all-features\":\nError: Documents from a core version newer than the running version cannot be migrated\n    at Function._migrateRecord (file:///D:/Juegos/Foundry_daggerheart_git/Foundry-daggerheart/Portable-FoundryVTT-v13.348/App/resources/app/dist/database/backend/server-document.mjs:1:3713)\n    at Function._migrateDocuments (file:///D:/Juegos/Foundry_daggerheart_git/Foundry-daggerheart/Portable-FoundryVTT-v13.348/App/resources/app/dist/database/backend/server-document.mjs:1:2782)","timestamp":"2026-05-24 17:01:11"}
{"level":"error","message":"An error occurred during the migration of Item record [Xprt8jqJCSf0y8wF] of database \"daggerheart-advmanager.all-features\":\nError: Documents from a core version newer than the running version cannot be migrated\n    at Function._migrateRecord (file:///D:/Juegos/Foundry_daggerheart_git/Foundry-daggerheart/Portable-FoundryVTT-v13.348/App/resources/app/dist/database/backend/server-document.mjs:1:3713)\n    at Function._migrateDocuments (file:///D:/Juegos/Foundry_daggerheart_git/Foundry-daggerheart/Portable-FoundryVTT-v13.348/App/resources/app/dist/database/backend/server-document.mjs:1:2782)","timestamp":"2026-05-24 17:01:11"}
{"level":"error","message":"An error occurred during the migration of Item record [Xs0d9nchfBahliin] of database \"daggerheart-advmanager.all-features\":\nError: Documents from a core version newer than the running version cannot be migrated\n    at Function._migrateRecord (file:///D:/Juegos/Foundry_daggerheart_git/Foundry-daggerheart/Portable-FoundryVTT-v13.348/App/resources/app/dist/database/backend/server-document.mjs:1:3713)\n    at Function._migrateDocuments (file:///D:/Juegos/Foundry_daggerheart_git/Foundry-daggerheart/Portable-FoundryVTT-v13.348/App/resources/app/dist/database/backend/server-document.mjs:1:2782)","timestamp":"2026-05-24 17:01:11"}
{"level":"error","message":"An error occurred during the migration of Item record [Xw0jfPIx2PS9ZJfz] of database \"daggerheart-advmanager.all-features\":\nError: Documents from a core version newer than the running version cannot be migrated\n    at Function._migrateRecord (file:///D:/Juegos/Foundry_daggerheart_git/Foundry-daggerheart/Portable-FoundryVTT-v13.348/App/resources/app/dist/database/backend/server-document.mjs:1:3713)\n    at Function._migrateDocuments (file:///D:/Juegos/Foundry_daggerheart_git/Foundry-daggerheart/Portable-FoundryVTT-v13.348/App/resources/app/dist/database/backend/server-document.mjs:1:2782)","timestamp":"2026-05-24 17:01:11"}
{"level":"error","message":"An error occurred during the migration of Item record [Y7d77okdWKTJH56z] of database \"daggerheart-advmanager.all-features\":\nError: Documents from a core version newer than the running version cannot be migrated\n    at Function._migrateRecord (file:///D:/Juegos/Foundry_daggerheart_git/Foundry-daggerheart/Portable-FoundryVTT-v13.348/App/resources/app/dist/database/backend/server-document.mjs:1:3713)\n    at Function._migrateDocuments (file:///D:/Juegos/Foundry_daggerheart_git/Foundry-daggerheart/Portable-FoundryVTT-v13.348/App/resources/app/dist/database/backend/server-document.mjs:1:2782)","timestamp":"2026-05-24 17:01:11"}
{"level":"error","message":"An error occurred during the migration of Item record [YImO1FWkzvk1Ht7h] of database \"daggerheart-advmanager.all-features\":\nError: Documents from a core version newer than the running version cannot be migrated\n    at Function._migrateRecord (file:///D:/Juegos/Foundry_daggerheart_git/Foundry-daggerheart/Portable-FoundryVTT-v13.348/App/resources/app/dist/database/backend/server-document.mjs:1:3713)\n    at Function._migrateDocuments (file:///D:/Juegos/Foundry_daggerheart_git/Foundry-daggerheart/Portable-FoundryVTT-v13.348/App/resources/app/dist/database/backend/server-document.mjs:1:2782)","timestamp":"2026-05-24 17:01:11"}
{"level":"error","message":"An error occurred during the migration of Item record [YK33JfKLRukCYafo] of database \"daggerheart-advmanager.all-features\":\nError: Documents from a core version newer than the running version cannot be migrated\n    at Function._migrateRecord (file:///D:/Juegos/Foundry_daggerheart_git/Foundry-daggerheart/Portable-FoundryVTT-v13.348/App/resources/app/dist/database/backend/server-document.mjs:1:3713)\n    at Function._migrateDocuments (file:///D:/Juegos/Foundry_daggerheart_git/Foundry-daggerheart/Portable-FoundryVTT-v13.348/App/resources/app/dist/database/backend/server-document.mjs:1:2782)","timestamp":"2026-05-24 17:01:11"}
{"level":"error","message":"An error occurred during the migration of Item record [YP0SXr9h1DwFpx7Y] of database \"daggerheart-advmanager.all-features\":\nError: Documents from a core version newer than the running version cannot be migrated\n    at Function._migrateRecord (file:///D:/Juegos/Foundry_daggerheart_git/Foundry-daggerheart/Portable-FoundryVTT-v13.348/App/resources/app/dist/database/backend/server-document.mjs:1:3713)\n    at Function._migrateDocuments (file:///D:/Juegos/Foundry_daggerheart_git/Foundry-daggerheart/Portable-FoundryVTT-v13.348/App/resources/app/dist/database/backend/server-document.mjs:1:2782)","timestamp":"2026-05-24 17:01:11"}
{"level":"error","message":"An error occurred during the migration of Item record [YpkpKgxAvp8TYVPF] of database \"daggerheart-advmanager.all-features\":\nError: Documents from a core version newer than the running version cannot be migrated\n    at Function._migrateRecord (file:///D:/Juegos/Foundry_daggerheart_git/Foundry-daggerheart/Portable-FoundryVTT-v13.348/App/resources/app/dist/database/backend/server-document.mjs:1:3713)\n    at Function._migrateDocuments (file:///D:/Juegos/Foundry_daggerheart_git/Foundry-daggerheart/Portable-FoundryVTT-v13.348/App/resources/app/dist/database/backend/server-document.mjs:1:2782)","timestamp":"2026-05-24 17:01:11"}
{"level":"error","message":"An error occurred during the migration of Item record [Yywd7YxNv8ZjFThL] of database \"daggerheart-advmanager.all-features\":\nError: Documents from a core version newer than the running version cannot be migrated\n    at Function._migrateRecord (file:///D:/Juegos/Foundry_daggerheart_git/Foundry-daggerheart/Portable-FoundryVTT-v13.348/App/resources/app/dist/database/backend/server-document.mjs:1:3713)\n    at Function._migrateDocuments (file:///D:/Juegos/Foundry_daggerheart_git/Foundry-daggerheart/Portable-FoundryVTT-v13.348/App/resources/app/dist/database/backend/server-document.mjs:1:2782)","timestamp":"2026-05-24 17:01:11"}
{"level":"error","message":"An error occurred during the migration of Item record [Z4kAG5HHasClhjUC] of database \"daggerheart-advmanager.all-features\":\nError: Documents from a core version newer than the running version cannot be migrated\n    at Function._migrateRecord (file:///D:/Juegos/Foundry_daggerheart_git/Foundry-daggerheart/Portable-FoundryVTT-v13.348/App/resources/app/dist/database/backend/server-document.mjs:1:3713)\n    at Function._migrateDocuments (file:///D:/Juegos/Foundry_daggerheart_git/Foundry-daggerheart/Portable-FoundryVTT-v13.348/App/resources/app/dist/database/backend/server-document.mjs:1:2782)","timestamp":"2026-05-24 17:01:11"}
{"level":"error","message":"An error occurred during the migration of Item record [ZHDkYNAftc1hcCL4] of database \"daggerheart-advmanager.all-features\":\nError: Documents from a core version newer than the running version cannot be migrated\n    at Function._migrateRecord (file:///D:/Juegos/Foundry_daggerheart_git/Foundry-daggerheart/Portable-FoundryVTT-v13.348/App/resources/app/dist/database/backend/server-document.mjs:1:3713)\n    at Function._migrateDocuments (file:///D:/Juegos/Foundry_daggerheart_git/Foundry-daggerheart/Portable-FoundryVTT-v13.348/App/resources/app/dist/database/backend/server-document.mjs:1:2782)","timestamp":"2026-05-24 17:01:11"}
{"level":"error","message":"An error occurred during the migration of Item record [ZbmDs7F3WACFu2nw] of database \"daggerheart-advmanager.all-features\":\nError: Documents from a core version newer than the running version cannot be migrated\n    at Function._migrateRecord (file:///D:/Juegos/Foundry_daggerheart_git/Foundry-daggerheart/Portable-FoundryVTT-v13.348/App/resources/app/dist/database/backend/server-document.mjs:1:3713)\n    at Function._migrateDocuments (file:///D:/Juegos/Foundry_daggerheart_git/Foundry-daggerheart/Portable-FoundryVTT-v13.348/App/resources/app/dist/database/backend/server-document.mjs:1:2782)","timestamp":"2026-05-24 17:01:11"}
{"level":"error","message":"An error occurred during the migration of Item record [ZyaN32fFPiOj0xZo] of database \"daggerheart-advmanager.all-features\":\nError: Documents from a core version newer than the running version cannot be migrated\n    at Function._migrateRecord (file:///D:/Juegos/Foundry_daggerheart_git/Foundry-daggerheart/Portable-FoundryVTT-v13.348/App/resources/app/dist/database/backend/server-document.mjs:1:3713)\n    at Function._migrateDocuments (file:///D:/Juegos/Foundry_daggerheart_git/Foundry-daggerheart/Portable-FoundryVTT-v13.348/App/resources/app/dist/database/backend/server-document.mjs:1:2782)","timestamp":"2026-05-24 17:01:11"}
{"level":"error","message":"An error occurred during the migration of Item record [a02Tqh9X23jGYRol] of database \"daggerheart-advmanager.all-features\":\nError: Documents from a core version newer than the running version cannot be migrated\n    at Function._migrateRecord (file:///D:/Juegos/Foundry_daggerheart_git/Foundry-daggerheart/Portable-FoundryVTT-v13.348/App/resources/app/dist/database/backend/server-document.mjs:1:3713)\n    at Function._migrateDocuments (file:///D:/Juegos/Foundry_daggerheart_git/Foundry-daggerheart/Portable-FoundryVTT-v13.348/App/resources/app/dist/database/backend/server-document.mjs:1:2782)","timestamp":"2026-05-24 17:01:11"}
{"level":"error","message":"An error occurred during the migration of Item record [a5HTZx4usdLknyBY] of database \"daggerheart-advmanager.all-features\":\nError: Documents from a core version newer than the running version cannot be migrated\n    at Function._migrateRecord (file:///D:/Juegos/Foundry_daggerheart_git/Foundry-daggerheart/Portable-FoundryVTT-v13.348/App/resources/app/dist/database/backend/server-document.mjs:1:3713)\n    at Function._migrateDocuments (file:///D:/Juegos/Foundry_daggerheart_git/Foundry-daggerheart/Portable-FoundryVTT-v13.348/App/resources/app/dist/database/backend/server-document.mjs:1:2782)","timestamp":"2026-05-24 17:01:11"}
{"level":"error","message":"An error occurred during the migration of Item record [aDAqDRIrnQnPj4AM] of database \"daggerheart-advmanager.all-features\":\nError: Documents from a core version newer than the running version cannot be migrated\n    at Function._migrateRecord (file:///D:/Juegos/Foundry_daggerheart_git/Foundry-daggerheart/Portable-FoundryVTT-v13.348/App/resources/app/dist/database/backend/server-document.mjs:1:3713)\n    at Function._migrateDocuments (file:///D:/Juegos/Foundry_daggerheart_git/Foundry-daggerheart/Portable-FoundryVTT-v13.348/App/resources/app/dist/database/backend/server-document.mjs:1:2782)","timestamp":"2026-05-24 17:01:11"}
{"level":"error","message":"An error occurred during the migration of Item record [aL7rfL8jo3F92C9A] of database \"daggerheart-advmanager.all-features\":\nError: Documents from a core version newer than the running version cannot be migrated\n    at Function._migrateRecord (file:///D:/Juegos/Foundry_daggerheart_git/Foundry-daggerheart/Portable-FoundryVTT-v13.348/App/resources/app/dist/database/backend/server-document.mjs:1:3713)\n    at Function._migrateDocuments (file:///D:/Juegos/Foundry_daggerheart_git/Foundry-daggerheart/Portable-FoundryVTT-v13.348/App/resources/app/dist/database/backend/server-document.mjs:1:2782)","timestamp":"2026-05-24 17:01:11"}
{"level":"error","message":"An error occurred during the migration of Item record [aQQK937dKkHdq2GG] of database \"daggerheart-advmanager.all-features\":\nError: Documents from a core version newer than the running version cannot be migrated\n    at Function._migrateRecord (file:///D:/Juegos/Foundry_daggerheart_git/Foundry-daggerheart/Portable-FoundryVTT-v13.348/App/resources/app/dist/database/backend/server-document.mjs:1:3713)\n    at Function._migrateDocuments (file:///D:/Juegos/Foundry_daggerheart_git/Foundry-daggerheart/Portable-FoundryVTT-v13.348/App/resources/app/dist/database/backend/server-document.mjs:1:2782)","timestamp":"2026-05-24 17:01:11"}
{"level":"error","message":"An error occurred during the migration of Item record [aZ8XRmXrxP9y4GCd] of database \"daggerheart-advmanager.all-features\":\nError: Documents from a core version newer than the running version cannot be migrated\n    at Function._migrateRecord (file:///D:/Juegos/Foundry_daggerheart_git/Foundry-daggerheart/Portable-FoundryVTT-v13.348/App/resources/app/dist/database/backend/server-document.mjs:1:3713)\n    at Function._migrateDocuments (file:///D:/Juegos/Foundry_daggerheart_git/Foundry-daggerheart/Portable-FoundryVTT-v13.348/App/resources/app/dist/database/backend/server-document.mjs:1:2782)","timestamp":"2026-05-24 17:01:11"}
{"level":"error","message":"An error occurred during the migration of Item record [abTomCXG9fInS3P4] of database \"daggerheart-advmanager.all-features\":\nError: Documents from a core version newer than the running version cannot be migrated\n    at Function._migrateRecord (file:///D:/Juegos/Foundry_daggerheart_git/Foundry-daggerheart/Portable-FoundryVTT-v13.348/App/resources/app/dist/database/backend/server-document.mjs:1:3713)\n    at Function._migrateDocuments (file:///D:/Juegos/Foundry_daggerheart_git/Foundry-daggerheart/Portable-FoundryVTT-v13.348/App/resources/app/dist/database/backend/server-document.mjs:1:2782)","timestamp":"2026-05-24 17:01:11"}
{"level":"error","message":"An error occurred during the migration of Item record [akojrQERL1jY8zMI] of database \"daggerheart-advmanager.all-features\":\nError: Documents from a core version newer than the running version cannot be migrated\n    at Function._migrateRecord (file:///D:/Juegos/Foundry_daggerheart_git/Foundry-daggerheart/Portable-FoundryVTT-v13.348/App/resources/app/dist/database/backend/server-document.mjs:1:3713)\n    at Function._migrateDocuments (file:///D:/Juegos/Foundry_daggerheart_git/Foundry-daggerheart/Portable-FoundryVTT-v13.348/App/resources/app/dist/database/backend/server-document.mjs:1:2782)","timestamp":"2026-05-24 17:01:11"}
{"level":"error","message":"An error occurred during the migration of Item record [arIDdrChB89kdGwI] of database \"daggerheart-advmanager.all-features\":\nError: Documents from a core version newer than the running version cannot be migrated\n    at Function._migrateRecord (file:///D:/Juegos/Foundry_daggerheart_git/Foundry-daggerheart/Portable-FoundryVTT-v13.348/App/resources/app/dist/database/backend/server-document.mjs:1:3713)\n    at Function._migrateDocuments (file:///D:/Juegos/Foundry_daggerheart_git/Foundry-daggerheart/Portable-FoundryVTT-v13.348/App/resources/app/dist/database/backend/server-document.mjs:1:2782)","timestamp":"2026-05-24 17:01:11"}
{"level":"error","message":"An error occurred during the migration of Item record [bACRFnDpqdkyitpu] of database \"daggerheart-advmanager.all-features\":\nError: Documents from a core version newer than the running version cannot be migrated\n    at Function._migrateRecord (file:///D:/Juegos/Foundry_daggerheart_git/Foundry-daggerheart/Portable-FoundryVTT-v13.348/App/resources/app/dist/database/backend/server-document.mjs:1:3713)\n    at Function._migrateDocuments (file:///D:/Juegos/Foundry_daggerheart_git/Foundry-daggerheart/Portable-FoundryVTT-v13.348/App/resources/app/dist/database/backend/server-document.mjs:1:2782)","timestamp":"2026-05-24 17:01:11"}
{"level":"error","message":"An error occurred during the migration of Item record [bE6lz2727B8Op2yj] of database \"daggerheart-advmanager.all-features\":\nError: Documents from a core version newer than the running version cannot be migrated\n    at Function._migrateRecord (file:///D:/Juegos/Foundry_daggerheart_git/Foundry-daggerheart/Portable-FoundryVTT-v13.348/App/resources/app/dist/database/backend/server-document.mjs:1:3713)\n    at Function._migrateDocuments (file:///D:/Juegos/Foundry_daggerheart_git/Foundry-daggerheart/Portable-FoundryVTT-v13.348/App/resources/app/dist/database/backend/server-document.mjs:1:2782)","timestamp":"2026-05-24 17:01:11"}
{"level":"error","message":"An error occurred during the migration of Item record [bgrewYD4c2ZCDYf3] of database \"daggerheart-advmanager.all-features\":\nError: Documents from a core version newer than the running version cannot be migrated\n    at Function._migrateRecord (file:///D:/Juegos/Foundry_daggerheart_git/Foundry-daggerheart/Portable-FoundryVTT-v13.348/App/resources/app/dist/database/backend/server-document.mjs:1:3713)\n    at Function._migrateDocuments (file:///D:/Juegos/Foundry_daggerheart_git/Foundry-daggerheart/Portable-FoundryVTT-v13.348/App/resources/app/dist/database/backend/server-document.mjs:1:2782)","timestamp":"2026-05-24 17:01:11"}
{"level":"error","message":"An error occurred during the migration of Item record [brrkYIhJgP551Tfx] of database \"daggerheart-advmanager.all-features\":\nError: Documents from a core version newer than the running version cannot be migrated\n    at Function._migrateRecord (file:///D:/Juegos/Foundry_daggerheart_git/Foundry-daggerheart/Portable-FoundryVTT-v13.348/App/resources/app/dist/database/backend/server-document.mjs:1:3713)\n    at Function._migrateDocuments (file:///D:/Juegos/Foundry_daggerheart_git/Foundry-daggerheart/Portable-FoundryVTT-v13.348/App/resources/app/dist/database/backend/server-document.mjs:1:2782)","timestamp":"2026-05-24 17:01:11"}
{"level":"error","message":"An error occurred during the migration of Item record [bs2D7tD0ZwvB8K9q] of database \"daggerheart-advmanager.all-features\":\nError: Documents from a core version newer than the running version cannot be migrated\n    at Function._migrateRecord (file:///D:/Juegos/Foundry_daggerheart_git/Foundry-daggerheart/Portable-FoundryVTT-v13.348/App/resources/app/dist/database/backend/server-document.mjs:1:3713)\n    at Function._migrateDocuments (file:///D:/Juegos/Foundry_daggerheart_git/Foundry-daggerheart/Portable-FoundryVTT-v13.348/App/resources/app/dist/database/backend/server-document.mjs:1:2782)","timestamp":"2026-05-24 17:01:11"}
{"level":"error","message":"An error occurred during the migration of Item record [cAcUflsHKS2OKaUU] of database \"daggerheart-advmanager.all-features\":\nError: Documents from a core version newer than the running version cannot be migrated\n    at Function._migrateRecord (file:///D:/Juegos/Foundry_daggerheart_git/Foundry-daggerheart/Portable-FoundryVTT-v13.348/App/resources/app/dist/database/backend/server-document.mjs:1:3713)\n    at Function._migrateDocuments (file:///D:/Juegos/Foundry_daggerheart_git/Foundry-daggerheart/Portable-FoundryVTT-v13.348/App/resources/app/dist/database/backend/server-document.mjs:1:2782)","timestamp":"2026-05-24 17:01:11"}
{"level":"error","message":"An error occurred during the migration of Item record [cP5zM3MPwSgkQPjA] of database \"daggerheart-advmanager.all-features\":\nError: Documents from a core version newer than the running version cannot be migrated\n    at Function._migrateRecord (file:///D:/Juegos/Foundry_daggerheart_git/Foundry-daggerheart/Portable-FoundryVTT-v13.348/App/resources/app/dist/database/backend/server-document.mjs:1:3713)\n    at Function._migrateDocuments (file:///D:/Juegos/Foundry_daggerheart_git/Foundry-daggerheart/Portable-FoundryVTT-v13.348/App/resources/app/dist/database/backend/server-document.mjs:1:2782)","timestamp":"2026-05-24 17:01:11"}
{"level":"error","message":"An error occurred during the migration of Item record [ccl119Jq61irqmIF] of database \"daggerheart-advmanager.all-features\":\nError: Documents from a core version newer than the running version cannot be migrated\n    at Function._migrateRecord (file:///D:/Juegos/Foundry_daggerheart_git/Foundry-daggerheart/Portable-FoundryVTT-v13.348/App/resources/app/dist/database/backend/server-document.mjs:1:3713)\n    at Function._migrateDocuments (file:///D:/Juegos/Foundry_daggerheart_git/Foundry-daggerheart/Portable-FoundryVTT-v13.348/App/resources/app/dist/database/backend/server-document.mjs:1:2782)","timestamp":"2026-05-24 17:01:11"}
{"level":"error","message":"An error occurred during the migration of Item record [clYMvzlwcLRbUxl4] of database \"daggerheart-advmanager.all-features\":\nError: Documents from a core version newer than the running version cannot be migrated\n    at Function._migrateRecord (file:///D:/Juegos/Foundry_daggerheart_git/Foundry-daggerheart/Portable-FoundryVTT-v13.348/App/resources/app/dist/database/backend/server-document.mjs:1:3713)\n    at Function._migrateDocuments (file:///D:/Juegos/Foundry_daggerheart_git/Foundry-daggerheart/Portable-FoundryVTT-v13.348/App/resources/app/dist/database/backend/server-document.mjs:1:2782)","timestamp":"2026-05-24 17:01:11"}
{"level":"error","message":"An error occurred during the migration of Item record [cnQ3VhITJ7LijijV] of database \"daggerheart-advmanager.all-features\":\nError: Documents from a core version newer than the running version cannot be migrated\n    at Function._migrateRecord (file:///D:/Juegos/Foundry_daggerheart_git/Foundry-daggerheart/Portable-FoundryVTT-v13.348/App/resources/app/dist/database/backend/server-document.mjs:1:3713)\n    at Function._migrateDocuments (file:///D:/Juegos/Foundry_daggerheart_git/Foundry-daggerheart/Portable-FoundryVTT-v13.348/App/resources/app/dist/database/backend/server-document.mjs:1:2782)","timestamp":"2026-05-24 17:01:11"}
{"level":"error","message":"An error occurred during the migration of Item record [d4HRThkuYCpwEE7g] of database \"daggerheart-advmanager.all-features\":\nError: Documents from a core version newer than the running version cannot be migrated\n    at Function._migrateRecord (file:///D:/Juegos/Foundry_daggerheart_git/Foundry-daggerheart/Portable-FoundryVTT-v13.348/App/resources/app/dist/database/backend/server-document.mjs:1:3713)\n    at Function._migrateDocuments (file:///D:/Juegos/Foundry_daggerheart_git/Foundry-daggerheart/Portable-FoundryVTT-v13.348/App/resources/app/dist/database/backend/server-document.mjs:1:2782)","timestamp":"2026-05-24 17:01:11"}
{"level":"error","message":"An error occurred during the migration of Item record [d9Zvym6AojnwTCcf] of database \"daggerheart-advmanager.all-features\":\nError: Documents from a core version newer than the running version cannot be migrated\n    at Function._migrateRecord (file:///D:/Juegos/Foundry_daggerheart_git/Foundry-daggerheart/Portable-FoundryVTT-v13.348/App/resources/app/dist/database/backend/server-document.mjs:1:3713)\n    at Function._migrateDocuments (file:///D:/Juegos/Foundry_daggerheart_git/Foundry-daggerheart/Portable-FoundryVTT-v13.348/App/resources/app/dist/database/backend/server-document.mjs:1:2782)","timestamp":"2026-05-24 17:01:11"}
{"level":"error","message":"An error occurred during the migration of Item record [dDPvjKEZcjhzMiac] of database \"daggerheart-advmanager.all-features\":\nError: Documents from a core version newer than the running version cannot be migrated\n    at Function._migrateRecord (file:///D:/Juegos/Foundry_daggerheart_git/Foundry-daggerheart/Portable-FoundryVTT-v13.348/App/resources/app/dist/database/backend/server-document.mjs:1:3713)\n    at Function._migrateDocuments (file:///D:/Juegos/Foundry_daggerheart_git/Foundry-daggerheart/Portable-FoundryVTT-v13.348/App/resources/app/dist/database/backend/server-document.mjs:1:2782)","timestamp":"2026-05-24 17:01:11"}
{"level":"error","message":"An error occurred during the migration of Item record [dVvW0vD86NIOmGAc] of database \"daggerheart-advmanager.all-features\":\nError: Documents from a core version newer than the running version cannot be migrated\n    at Function._migrateRecord (file:///D:/Juegos/Foundry_daggerheart_git/Foundry-daggerheart/Portable-FoundryVTT-v13.348/App/resources/app/dist/database/backend/server-document.mjs:1:3713)\n    at Function._migrateDocuments (file:///D:/Juegos/Foundry_daggerheart_git/Foundry-daggerheart/Portable-FoundryVTT-v13.348/App/resources/app/dist/database/backend/server-document.mjs:1:2782)","timestamp":"2026-05-24 17:01:11"}
{"level":"error","message":"An error occurred during the migration of Item record [dcUmPpUQi4XR48PT] of database \"daggerheart-advmanager.all-features\":\nError: Documents from a core version newer than the running version cannot be migrated\n    at Function._migrateRecord (file:///D:/Juegos/Foundry_daggerheart_git/Foundry-daggerheart/Portable-FoundryVTT-v13.348/App/resources/app/dist/database/backend/server-document.mjs:1:3713)\n    at Function._migrateDocuments (file:///D:/Juegos/Foundry_daggerheart_git/Foundry-daggerheart/Portable-FoundryVTT-v13.348/App/resources/app/dist/database/backend/server-document.mjs:1:2782)","timestamp":"2026-05-24 17:01:11"}
{"level":"error","message":"An error occurred during the migration of Item record [ddHQUXB51rFbu2vF] of database \"daggerheart-advmanager.all-features\":\nError: Documents from a core version newer than the running version cannot be migrated\n    at Function._migrateRecord (file:///D:/Juegos/Foundry_daggerheart_git/Foundry-daggerheart/Portable-FoundryVTT-v13.348/App/resources/app/dist/database/backend/server-document.mjs:1:3713)\n    at Function._migrateDocuments (file:///D:/Juegos/Foundry_daggerheart_git/Foundry-daggerheart/Portable-FoundryVTT-v13.348/App/resources/app/dist/database/backend/server-document.mjs:1:2782)","timestamp":"2026-05-24 17:01:11"}
{"level":"error","message":"An error occurred during the migration of Item record [dhtdnXcW4Ph23XDm] of database \"daggerheart-advmanager.all-features\":\nError: Documents from a core version newer than the running version cannot be migrated\n    at Function._migrateRecord (file:///D:/Juegos/Foundry_daggerheart_git/Foundry-daggerheart/Portable-FoundryVTT-v13.348/App/resources/app/dist/database/backend/server-document.mjs:1:3713)\n    at Function._migrateDocuments (file:///D:/Juegos/Foundry_daggerheart_git/Foundry-daggerheart/Portable-FoundryVTT-v13.348/App/resources/app/dist/database/backend/server-document.mjs:1:2782)","timestamp":"2026-05-24 17:01:11"}
{"level":"error","message":"An error occurred during the migration of Item record [doUVWLLoCZ6VZd5V] of database \"daggerheart-advmanager.all-features\":\nError: Documents from a core version newer than the running version cannot be migrated\n    at Function._migrateRecord (file:///D:/Juegos/Foundry_daggerheart_git/Foundry-daggerheart/Portable-FoundryVTT-v13.348/App/resources/app/dist/database/backend/server-document.mjs:1:3713)\n    at Function._migrateDocuments (file:///D:/Juegos/Foundry_daggerheart_git/Foundry-daggerheart/Portable-FoundryVTT-v13.348/App/resources/app/dist/database/backend/server-document.mjs:1:2782)","timestamp":"2026-05-24 17:01:11"}
{"level":"error","message":"An error occurred during the migration of Item record [e6iLnjUsuhFmZRSz] of database \"daggerheart-advmanager.all-features\":\nError: Documents from a core version newer than the running version cannot be migrated\n    at Function._migrateRecord (file:///D:/Juegos/Foundry_daggerheart_git/Foundry-daggerheart/Portable-FoundryVTT-v13.348/App/resources/app/dist/database/backend/server-document.mjs:1:3713)\n    at Function._migrateDocuments (file:///D:/Juegos/Foundry_daggerheart_git/Foundry-daggerheart/Portable-FoundryVTT-v13.348/App/resources/app/dist/database/backend/server-document.mjs:1:2782)","timestamp":"2026-05-24 17:01:11"}
{"level":"error","message":"An error occurred during the migration of Item record [e7iDOHwseCokb48I] of database \"daggerheart-advmanager.all-features\":\nError: Documents from a core version newer than the running version cannot be migrated\n    at Function._migrateRecord (file:///D:/Juegos/Foundry_daggerheart_git/Foundry-daggerheart/Portable-FoundryVTT-v13.348/App/resources/app/dist/database/backend/server-document.mjs:1:3713)\n    at Function._migrateDocuments (file:///D:/Juegos/Foundry_daggerheart_git/Foundry-daggerheart/Portable-FoundryVTT-v13.348/App/resources/app/dist/database/backend/server-document.mjs:1:2782)","timestamp":"2026-05-24 17:01:11"}
{"level":"error","message":"An error occurred during the migration of Item record [eBDqph4kRlLOmpy1] of database \"daggerheart-advmanager.all-features\":\nError: Documents from a core version newer than the running version cannot be migrated\n    at Function._migrateRecord (file:///D:/Juegos/Foundry_daggerheart_git/Foundry-daggerheart/Portable-FoundryVTT-v13.348/App/resources/app/dist/database/backend/server-document.mjs:1:3713)\n    at Function._migrateDocuments (file:///D:/Juegos/Foundry_daggerheart_git/Foundry-daggerheart/Portable-FoundryVTT-v13.348/App/resources/app/dist/database/backend/server-document.mjs:1:2782)","timestamp":"2026-05-24 17:01:11"}
{"level":"error","message":"An error occurred during the migration of Item record [eGhCJFxVySS8R9RZ] of database \"daggerheart-advmanager.all-features\":\nError: Documents from a core version newer than the running version cannot be migrated\n    at Function._migrateRecord (file:///D:/Juegos/Foundry_daggerheart_git/Foundry-daggerheart/Portable-FoundryVTT-v13.348/App/resources/app/dist/database/backend/server-document.mjs:1:3713)\n    at Function._migrateDocuments (file:///D:/Juegos/Foundry_daggerheart_git/Foundry-daggerheart/Portable-FoundryVTT-v13.348/App/resources/app/dist/database/backend/server-document.mjs:1:2782)","timestamp":"2026-05-24 17:01:11"}
{"level":"error","message":"An error occurred during the migration of Item record [eclelg67Y3ulikIu] of database \"daggerheart-advmanager.all-features\":\nError: Documents from a core version newer than the running version cannot be migrated\n    at Function._migrateRecord (file:///D:/Juegos/Foundry_daggerheart_git/Foundry-daggerheart/Portable-FoundryVTT-v13.348/App/resources/app/dist/database/backend/server-document.mjs:1:3713)\n    at Function._migrateDocuments (file:///D:/Juegos/Foundry_daggerheart_git/Foundry-daggerheart/Portable-FoundryVTT-v13.348/App/resources/app/dist/database/backend/server-document.mjs:1:2782)","timestamp":"2026-05-24 17:01:11"}
{"level":"error","message":"An error occurred during the migration of Item record [eg8ujOkCWWQbu6of] of database \"daggerheart-advmanager.all-features\":\nError: Documents from a core version newer than the running version cannot be migrated\n    at Function._migrateRecord (file:///D:/Juegos/Foundry_daggerheart_git/Foundry-daggerheart/Portable-FoundryVTT-v13.348/App/resources/app/dist/database/backend/server-document.mjs:1:3713)\n    at Function._migrateDocuments (file:///D:/Juegos/Foundry_daggerheart_git/Foundry-daggerheart/Portable-FoundryVTT-v13.348/App/resources/app/dist/database/backend/server-document.mjs:1:2782)","timestamp":"2026-05-24 17:01:11"}
{"level":"error","message":"An error occurred during the migration of Item record [fBDmgAc3Qv6flld9] of database \"daggerheart-advmanager.all-features\":\nError: Documents from a core version newer than the running version cannot be migrated\n    at Function._migrateRecord (file:///D:/Juegos/Foundry_daggerheart_git/Foundry-daggerheart/Portable-FoundryVTT-v13.348/App/resources/app/dist/database/backend/server-document.mjs:1:3713)\n    at Function._migrateDocuments (file:///D:/Juegos/Foundry_daggerheart_git/Foundry-daggerheart/Portable-FoundryVTT-v13.348/App/resources/app/dist/database/backend/server-document.mjs:1:2782)","timestamp":"2026-05-24 17:01:11"}
{"level":"error","message":"An error occurred during the migration of Item record [fNGc73cwA7O5W7oZ] of database \"daggerheart-advmanager.all-features\":\nError: Documents from a core version newer than the running version cannot be migrated\n    at Function._migrateRecord (file:///D:/Juegos/Foundry_daggerheart_git/Foundry-daggerheart/Portable-FoundryVTT-v13.348/App/resources/app/dist/database/backend/server-document.mjs:1:3713)\n    at Function._migrateDocuments (file:///D:/Juegos/Foundry_daggerheart_git/Foundry-daggerheart/Portable-FoundryVTT-v13.348/App/resources/app/dist/database/backend/server-document.mjs:1:2782)","timestamp":"2026-05-24 17:01:11"}
{"level":"error","message":"An error occurred during the migration of Item record [fNnjAGqz2phMzKLR] of database \"daggerheart-advmanager.all-features\":\nError: Documents from a core version newer than the running version cannot be migrated\n    at Function._migrateRecord (file:///D:/Juegos/Foundry_daggerheart_git/Foundry-daggerheart/Portable-FoundryVTT-v13.348/App/resources/app/dist/database/backend/server-document.mjs:1:3713)\n    at Function._migrateDocuments (file:///D:/Juegos/Foundry_daggerheart_git/Foundry-daggerheart/Portable-FoundryVTT-v13.348/App/resources/app/dist/database/backend/server-document.mjs:1:2782)","timestamp":"2026-05-24 17:01:11"}
{"level":"error","message":"An error occurred during the migration of Item record [fWxVsQymqfydDa57] of database \"daggerheart-advmanager.all-features\":\nError: Documents from a core version newer than the running version cannot be migrated\n    at Function._migrateRecord (file:///D:/Juegos/Foundry_daggerheart_git/Foundry-daggerheart/Portable-FoundryVTT-v13.348/App/resources/app/dist/database/backend/server-document.mjs:1:3713)\n    at Function._migrateDocuments (file:///D:/Juegos/Foundry_daggerheart_git/Foundry-daggerheart/Portable-FoundryVTT-v13.348/App/resources/app/dist/database/backend/server-document.mjs:1:2782)","timestamp":"2026-05-24 17:01:11"}
{"level":"error","message":"An error occurred during the migration of Item record [fXsIsoXM0ih1zTa0] of database \"daggerheart-advmanager.all-features\":\nError: Documents from a core version newer than the running version cannot be migrated\n    at Function._migrateRecord (file:///D:/Juegos/Foundry_daggerheart_git/Foundry-daggerheart/Portable-FoundryVTT-v13.348/App/resources/app/dist/database/backend/server-document.mjs:1:3713)\n    at Function._migrateDocuments (file:///D:/Juegos/Foundry_daggerheart_git/Foundry-daggerheart/Portable-FoundryVTT-v13.348/App/resources/app/dist/database/backend/server-document.mjs:1:2782)","timestamp":"2026-05-24 17:01:11"}
{"level":"error","message":"An error occurred during the migration of Item record [fZF7mS1mfQhEQVHv] of database \"daggerheart-advmanager.all-features\":\nError: Documents from a core version newer than the running version cannot be migrated\n    at Function._migrateRecord (file:///D:/Juegos/Foundry_daggerheart_git/Foundry-daggerheart/Portable-FoundryVTT-v13.348/App/resources/app/dist/database/backend/server-document.mjs:1:3713)\n    at Function._migrateDocuments (file:///D:/Juegos/Foundry_daggerheart_git/Foundry-daggerheart/Portable-FoundryVTT-v13.348/App/resources/app/dist/database/backend/server-document.mjs:1:2782)","timestamp":"2026-05-24 17:01:11"}
{"level":"error","message":"An error occurred during the migration of Item record [fZxegsH4PwWFAMmk] of database \"daggerheart-advmanager.all-features\":\nError: Documents from a core version newer than the running version cannot be migrated\n    at Function._migrateRecord (file:///D:/Juegos/Foundry_daggerheart_git/Foundry-daggerheart/Portable-FoundryVTT-v13.348/App/resources/app/dist/database/backend/server-document.mjs:1:3713)\n    at Function._migrateDocuments (file:///D:/Juegos/Foundry_daggerheart_git/Foundry-daggerheart/Portable-FoundryVTT-v13.348/App/resources/app/dist/database/backend/server-document.mjs:1:2782)","timestamp":"2026-05-24 17:01:11"}
{"level":"error","message":"An error occurred during the migration of Item record [fl0B6qAv5sAuORVQ] of database \"daggerheart-advmanager.all-features\":\nError: Documents from a core version newer than the running version cannot be migrated\n    at Function._migrateRecord (file:///D:/Juegos/Foundry_daggerheart_git/Foundry-daggerheart/Portable-FoundryVTT-v13.348/App/resources/app/dist/database/backend/server-document.mjs:1:3713)\n    at Function._migrateDocuments (file:///D:/Juegos/Foundry_daggerheart_git/Foundry-daggerheart/Portable-FoundryVTT-v13.348/App/resources/app/dist/database/backend/server-document.mjs:1:2782)","timestamp":"2026-05-24 17:01:11"}
{"level":"error","message":"An error occurred during the migration of Item record [fntbFsINvUTL98qU] of database \"daggerheart-advmanager.all-features\":\nError: Documents from a core version newer than the running version cannot be migrated\n    at Function._migrateRecord (file:///D:/Juegos/Foundry_daggerheart_git/Foundry-daggerheart/Portable-FoundryVTT-v13.348/App/resources/app/dist/database/backend/server-document.mjs:1:3713)\n    at Function._migrateDocuments (file:///D:/Juegos/Foundry_daggerheart_git/Foundry-daggerheart/Portable-FoundryVTT-v13.348/App/resources/app/dist/database/backend/server-document.mjs:1:2782)","timestamp":"2026-05-24 17:01:11"}
{"level":"error","message":"An error occurred during the migration of Item record [g0W4rI9DNzoqfvSM] of database \"daggerheart-advmanager.all-features\":\nError: Documents from a core version newer than the running version cannot be migrated\n    at Function._migrateRecord (file:///D:/Juegos/Foundry_daggerheart_git/Foundry-daggerheart/Portable-FoundryVTT-v13.348/App/resources/app/dist/database/backend/server-document.mjs:1:3713)\n    at Function._migrateDocuments (file:///D:/Juegos/Foundry_daggerheart_git/Foundry-daggerheart/Portable-FoundryVTT-v13.348/App/resources/app/dist/database/backend/server-document.mjs:1:2782)","timestamp":"2026-05-24 17:01:11"}
{"level":"error","message":"An error occurred during the migration of Item record [gCeuvYGq0jmpBLhU] of database \"daggerheart-advmanager.all-features\":\nError: Documents from a core version newer than the running version cannot be migrated\n    at Function._migrateRecord (file:///D:/Juegos/Foundry_daggerheart_git/Foundry-daggerheart/Portable-FoundryVTT-v13.348/App/resources/app/dist/database/backend/server-document.mjs:1:3713)\n    at Function._migrateDocuments (file:///D:/Juegos/Foundry_daggerheart_git/Foundry-daggerheart/Portable-FoundryVTT-v13.348/App/resources/app/dist/database/backend/server-document.mjs:1:2782)","timestamp":"2026-05-24 17:01:11"}
{"level":"error","message":"An error occurred during the migration of Item record [gFqn3jVlpgyRkiYv] of database \"daggerheart-advmanager.all-features\":\nError: Documents from a core version newer than the running version cannot be migrated\n    at Function._migrateRecord (file:///D:/Juegos/Foundry_daggerheart_git/Foundry-daggerheart/Portable-FoundryVTT-v13.348/App/resources/app/dist/database/backend/server-document.mjs:1:3713)\n    at Function._migrateDocuments (file:///D:/Juegos/Foundry_daggerheart_git/Foundry-daggerheart/Portable-FoundryVTT-v13.348/App/resources/app/dist/database/backend/server-document.mjs:1:2782)","timestamp":"2026-05-24 17:01:11"}
{"level":"error","message":"An error occurred during the migration of Item record [gLXM5C7pRfiTpIfx] of database \"daggerheart-advmanager.all-features\":\nError: Documents from a core version newer than the running version cannot be migrated\n    at Function._migrateRecord (file:///D:/Juegos/Foundry_daggerheart_git/Foundry-daggerheart/Portable-FoundryVTT-v13.348/App/resources/app/dist/database/backend/server-document.mjs:1:3713)\n    at Function._migrateDocuments (file:///D:/Juegos/Foundry_daggerheart_git/Foundry-daggerheart/Portable-FoundryVTT-v13.348/App/resources/app/dist/database/backend/server-document.mjs:1:2782)","timestamp":"2026-05-24 17:01:11"}
{"level":"error","message":"An error occurred during the migration of Item record [gPihWhVbh9JDaY0m] of database \"daggerheart-advmanager.all-features\":\nError: Documents from a core version newer than the running version cannot be migrated\n    at Function._migrateRecord (file:///D:/Juegos/Foundry_daggerheart_git/Foundry-daggerheart/Portable-FoundryVTT-v13.348/App/resources/app/dist/database/backend/server-document.mjs:1:3713)\n    at Function._migrateDocuments (file:///D:/Juegos/Foundry_daggerheart_git/Foundry-daggerheart/Portable-FoundryVTT-v13.348/App/resources/app/dist/database/backend/server-document.mjs:1:2782)","timestamp":"2026-05-24 17:01:11"}
{"level":"error","message":"An error occurred during the migration of Item record [gR3ZpP8Iub0gLSLg] of database \"daggerheart-advmanager.all-features\":\nError: Documents from a core version newer than the running version cannot be migrated\n    at Function._migrateRecord (file:///D:/Juegos/Foundry_daggerheart_git/Foundry-daggerheart/Portable-FoundryVTT-v13.348/App/resources/app/dist/database/backend/server-document.mjs:1:3713)\n    at Function._migrateDocuments (file:///D:/Juegos/Foundry_daggerheart_git/Foundry-daggerheart/Portable-FoundryVTT-v13.348/App/resources/app/dist/database/backend/server-document.mjs:1:2782)","timestamp":"2026-05-24 17:01:11"}
{"level":"error","message":"An error occurred during the migration of Item record [gf64Psrl9cS179RK] of database \"daggerheart-advmanager.all-features\":\nError: Documents from a core version newer than the running version cannot be migrated\n    at Function._migrateRecord (file:///D:/Juegos/Foundry_daggerheart_git/Foundry-daggerheart/Portable-FoundryVTT-v13.348/App/resources/app/dist/database/backend/server-document.mjs:1:3713)\n    at Function._migrateDocuments (file:///D:/Juegos/Foundry_daggerheart_git/Foundry-daggerheart/Portable-FoundryVTT-v13.348/App/resources/app/dist/database/backend/server-document.mjs:1:2782)","timestamp":"2026-05-24 17:01:11"}
{"level":"error","message":"An error occurred during the migration of Item record [gh0aJzFel78iNbfE] of database \"daggerheart-advmanager.all-features\":\nError: Documents from a core version newer than the running version cannot be migrated\n    at Function._migrateRecord (file:///D:/Juegos/Foundry_daggerheart_git/Foundry-daggerheart/Portable-FoundryVTT-v13.348/App/resources/app/dist/database/backend/server-document.mjs:1:3713)\n    at Function._migrateDocuments (file:///D:/Juegos/Foundry_daggerheart_git/Foundry-daggerheart/Portable-FoundryVTT-v13.348/App/resources/app/dist/database/backend/server-document.mjs:1:2782)","timestamp":"2026-05-24 17:01:11"}
{"level":"error","message":"An error occurred during the migration of Item record [gusaTpDO9pShSJwz] of database \"daggerheart-advmanager.all-features\":\nError: Documents from a core version newer than the running version cannot be migrated\n    at Function._migrateRecord (file:///D:/Juegos/Foundry_daggerheart_git/Foundry-daggerheart/Portable-FoundryVTT-v13.348/App/resources/app/dist/database/backend/server-document.mjs:1:3713)\n    at Function._migrateDocuments (file:///D:/Juegos/Foundry_daggerheart_git/Foundry-daggerheart/Portable-FoundryVTT-v13.348/App/resources/app/dist/database/backend/server-document.mjs:1:2782)","timestamp":"2026-05-24 17:01:11"}
{"level":"error","message":"An error occurred during the migration of Item record [hKG2QYlmJDFZa69z] of database \"daggerheart-advmanager.all-features\":\nError: Documents from a core version newer than the running version cannot be migrated\n    at Function._migrateRecord (file:///D:/Juegos/Foundry_daggerheart_git/Foundry-daggerheart/Portable-FoundryVTT-v13.348/App/resources/app/dist/database/backend/server-document.mjs:1:3713)\n    at Function._migrateDocuments (file:///D:/Juegos/Foundry_daggerheart_git/Foundry-daggerheart/Portable-FoundryVTT-v13.348/App/resources/app/dist/database/backend/server-document.mjs:1:2782)","timestamp":"2026-05-24 17:01:11"}
{"level":"error","message":"An error occurred during the migration of Item record [hM1MOrmmTrKfhK7l] of database \"daggerheart-advmanager.all-features\":\nError: Documents from a core version newer than the running version cannot be migrated\n    at Function._migrateRecord (file:///D:/Juegos/Foundry_daggerheart_git/Foundry-daggerheart/Portable-FoundryVTT-v13.348/App/resources/app/dist/database/backend/server-document.mjs:1:3713)\n    at Function._migrateDocuments (file:///D:/Juegos/Foundry_daggerheart_git/Foundry-daggerheart/Portable-FoundryVTT-v13.348/App/resources/app/dist/database/backend/server-document.mjs:1:2782)","timestamp":"2026-05-24 17:01:11"}
{"level":"error","message":"An error occurred during the migration of Item record [hMpkz28I0HPhcHUU] of database \"daggerheart-advmanager.all-features\":\nError: Documents from a core version newer than the running version cannot be migrated\n    at Function._migrateRecord (file:///D:/Juegos/Foundry_daggerheart_git/Foundry-daggerheart/Portable-FoundryVTT-v13.348/App/resources/app/dist/database/backend/server-document.mjs:1:3713)\n    at Function._migrateDocuments (file:///D:/Juegos/Foundry_daggerheart_git/Foundry-daggerheart/Portable-FoundryVTT-v13.348/App/resources/app/dist/database/backend/server-document.mjs:1:2782)","timestamp":"2026-05-24 17:01:11"}
{"level":"error","message":"An error occurred during the migration of Item record [hOeJ06yxkPYTj1po] of database \"daggerheart-advmanager.all-features\":\nError: Documents from a core version newer than the running version cannot be migrated\n    at Function._migrateRecord (file:///D:/Juegos/Foundry_daggerheart_git/Foundry-daggerheart/Portable-FoundryVTT-v13.348/App/resources/app/dist/database/backend/server-document.mjs:1:3713)\n    at Function._migrateDocuments (file:///D:/Juegos/Foundry_daggerheart_git/Foundry-daggerheart/Portable-FoundryVTT-v13.348/App/resources/app/dist/database/backend/server-document.mjs:1:2782)","timestamp":"2026-05-24 17:01:11"}
{"level":"error","message":"An error occurred during the migration of Item record [i8Vhph3SvNRPr49V] of database \"daggerheart-advmanager.all-features\":\nError: Documents from a core version newer than the running version cannot be migrated\n    at Function._migrateRecord (file:///D:/Juegos/Foundry_daggerheart_git/Foundry-daggerheart/Portable-FoundryVTT-v13.348/App/resources/app/dist/database/backend/server-document.mjs:1:3713)\n    at Function._migrateDocuments (file:///D:/Juegos/Foundry_daggerheart_git/Foundry-daggerheart/Portable-FoundryVTT-v13.348/App/resources/app/dist/database/backend/server-document.mjs:1:2782)","timestamp":"2026-05-24 17:01:11"}
{"level":"error","message":"An error occurred during the migration of Item record [i9b8SoCwVMCglEKm] of database \"daggerheart-advmanager.all-features\":\nError: Documents from a core version newer than the running version cannot be migrated\n    at Function._migrateRecord (file:///D:/Juegos/Foundry_daggerheart_git/Foundry-daggerheart/Portable-FoundryVTT-v13.348/App/resources/app/dist/database/backend/server-document.mjs:1:3713)\n    at Function._migrateDocuments (file:///D:/Juegos/Foundry_daggerheart_git/Foundry-daggerheart/Portable-FoundryVTT-v13.348/App/resources/app/dist/database/backend/server-document.mjs:1:2782)","timestamp":"2026-05-24 17:01:11"}
{"level":"error","message":"An error occurred during the migration of Item record [iPXQRT4h4n81Bh7I] of database \"daggerheart-advmanager.all-features\":\nError: Documents from a core version newer than the running version cannot be migrated\n    at Function._migrateRecord (file:///D:/Juegos/Foundry_daggerheart_git/Foundry-daggerheart/Portable-FoundryVTT-v13.348/App/resources/app/dist/database/backend/server-document.mjs:1:3713)\n    at Function._migrateDocuments (file:///D:/Juegos/Foundry_daggerheart_git/Foundry-daggerheart/Portable-FoundryVTT-v13.348/App/resources/app/dist/database/backend/server-document.mjs:1:2782)","timestamp":"2026-05-24 17:01:11"}
{"level":"error","message":"An error occurred during the migration of Item record [iQDK2vi2RTODNWml] of database \"daggerheart-advmanager.all-features\":\nError: Documents from a core version newer than the running version cannot be migrated\n    at Function._migrateRecord (file:///D:/Juegos/Foundry_daggerheart_git/Foundry-daggerheart/Portable-FoundryVTT-v13.348/App/resources/app/dist/database/backend/server-document.mjs:1:3713)\n    at Function._migrateDocuments (file:///D:/Juegos/Foundry_daggerheart_git/Foundry-daggerheart/Portable-FoundryVTT-v13.348/App/resources/app/dist/database/backend/server-document.mjs:1:2782)","timestamp":"2026-05-24 17:01:11"}
{"level":"error","message":"An error occurred during the migration of Item record [ikf0g1KKSYD0iQjr] of database \"daggerheart-advmanager.all-features\":\nError: Documents from a core version newer than the running version cannot be migrated\n    at Function._migrateRecord (file:///D:/Juegos/Foundry_daggerheart_git/Foundry-daggerheart/Portable-FoundryVTT-v13.348/App/resources/app/dist/database/backend/server-document.mjs:1:3713)\n    at Function._migrateDocuments (file:///D:/Juegos/Foundry_daggerheart_git/Foundry-daggerheart/Portable-FoundryVTT-v13.348/App/resources/app/dist/database/backend/server-document.mjs:1:2782)","timestamp":"2026-05-24 17:01:11"}
{"level":"error","message":"An error occurred during the migration of Item record [in90hvqxZOufLv9m] of database \"daggerheart-advmanager.all-features\":\nError: Documents from a core version newer than the running version cannot be migrated\n    at Function._migrateRecord (file:///D:/Juegos/Foundry_daggerheart_git/Foundry-daggerheart/Portable-FoundryVTT-v13.348/App/resources/app/dist/database/backend/server-document.mjs:1:3713)\n    at Function._migrateDocuments (file:///D:/Juegos/Foundry_daggerheart_git/Foundry-daggerheart/Portable-FoundryVTT-v13.348/App/resources/app/dist/database/backend/server-document.mjs:1:2782)","timestamp":"2026-05-24 17:01:11"}
{"level":"error","message":"An error occurred during the migration of Item record [iy1jrE2auArIBaKZ] of database \"daggerheart-advmanager.all-features\":\nError: Documents from a core version newer than the running version cannot be migrated\n    at Function._migrateRecord (file:///D:/Juegos/Foundry_daggerheart_git/Foundry-daggerheart/Portable-FoundryVTT-v13.348/App/resources/app/dist/database/backend/server-document.mjs:1:3713)\n    at Function._migrateDocuments (file:///D:/Juegos/Foundry_daggerheart_git/Foundry-daggerheart/Portable-FoundryVTT-v13.348/App/resources/app/dist/database/backend/server-document.mjs:1:2782)","timestamp":"2026-05-24 17:01:11"}
{"level":"error","message":"An error occurred during the migration of Item record [jNXUr672iH7fwcPt] of database \"daggerheart-advmanager.all-features\":\nError: Documents from a core version newer than the running version cannot be migrated\n    at Function._migrateRecord (file:///D:/Juegos/Foundry_daggerheart_git/Foundry-daggerheart/Portable-FoundryVTT-v13.348/App/resources/app/dist/database/backend/server-document.mjs:1:3713)\n    at Function._migrateDocuments (file:///D:/Juegos/Foundry_daggerheart_git/Foundry-daggerheart/Portable-FoundryVTT-v13.348/App/resources/app/dist/database/backend/server-document.mjs:1:2782)","timestamp":"2026-05-24 17:01:11"}
{"level":"error","message":"An error occurred during the migration of Item record [jX0cJGc4QppabzMs] of database \"daggerheart-advmanager.all-features\":\nError: Documents from a core version newer than the running version cannot be migrated\n    at Function._migrateRecord (file:///D:/Juegos/Foundry_daggerheart_git/Foundry-daggerheart/Portable-FoundryVTT-v13.348/App/resources/app/dist/database/backend/server-document.mjs:1:3713)\n    at Function._migrateDocuments (file:///D:/Juegos/Foundry_daggerheart_git/Foundry-daggerheart/Portable-FoundryVTT-v13.348/App/resources/app/dist/database/backend/server-document.mjs:1:2782)","timestamp":"2026-05-24 17:01:11"}
{"level":"error","message":"An error occurred during the migration of Item record [juEfXrLsNDjVqnRR] of database \"daggerheart-advmanager.all-features\":\nError: Documents from a core version newer than the running version cannot be migrated\n    at Function._migrateRecord (file:///D:/Juegos/Foundry_daggerheart_git/Foundry-daggerheart/Portable-FoundryVTT-v13.348/App/resources/app/dist/database/backend/server-document.mjs:1:3713)\n    at Function._migrateDocuments (file:///D:/Juegos/Foundry_daggerheart_git/Foundry-daggerheart/Portable-FoundryVTT-v13.348/App/resources/app/dist/database/backend/server-document.mjs:1:2782)","timestamp":"2026-05-24 17:01:11"}
{"level":"error","message":"An error occurred during the migration of Item record [jzaDqjn3t5M9tT2A] of database \"daggerheart-advmanager.all-features\":\nError: Documents from a core version newer than the running version cannot be migrated\n    at Function._migrateRecord (file:///D:/Juegos/Foundry_daggerheart_git/Foundry-daggerheart/Portable-FoundryVTT-v13.348/App/resources/app/dist/database/backend/server-document.mjs:1:3713)\n    at Function._migrateDocuments (file:///D:/Juegos/Foundry_daggerheart_git/Foundry-daggerheart/Portable-FoundryVTT-v13.348/App/resources/app/dist/database/backend/server-document.mjs:1:2782)","timestamp":"2026-05-24 17:01:11"}
{"level":"error","message":"An error occurred during the migration of Item record [k4HDpl5pRWyEIdSm] of database \"daggerheart-advmanager.all-features\":\nError: Documents from a core version newer than the running version cannot be migrated\n    at Function._migrateRecord (file:///D:/Juegos/Foundry_daggerheart_git/Foundry-daggerheart/Portable-FoundryVTT-v13.348/App/resources/app/dist/database/backend/server-document.mjs:1:3713)\n    at Function._migrateDocuments (file:///D:/Juegos/Foundry_daggerheart_git/Foundry-daggerheart/Portable-FoundryVTT-v13.348/App/resources/app/dist/database/backend/server-document.mjs:1:2782)","timestamp":"2026-05-24 17:01:11"}
{"level":"error","message":"An error occurred during the migration of Item record [k5fJhYvSFpsdNaiH] of database \"daggerheart-advmanager.all-features\":\nError: Documents from a core version newer than the running version cannot be migrated\n    at Function._migrateRecord (file:///D:/Juegos/Foundry_daggerheart_git/Foundry-daggerheart/Portable-FoundryVTT-v13.348/App/resources/app/dist/database/backend/server-document.mjs:1:3713)\n    at Function._migrateDocuments (file:///D:/Juegos/Foundry_daggerheart_git/Foundry-daggerheart/Portable-FoundryVTT-v13.348/App/resources/app/dist/database/backend/server-document.mjs:1:2782)","timestamp":"2026-05-24 17:01:11"}
{"level":"error","message":"An error occurred during the migration of Item record [kGwT9B2itR66oRAZ] of database \"daggerheart-advmanager.all-features\":\nError: Documents from a core version newer than the running version cannot be migrated\n    at Function._migrateRecord (file:///D:/Juegos/Foundry_daggerheart_git/Foundry-daggerheart/Portable-FoundryVTT-v13.348/App/resources/app/dist/database/backend/server-document.mjs:1:3713)\n    at Function._migrateDocuments (file:///D:/Juegos/Foundry_daggerheart_git/Foundry-daggerheart/Portable-FoundryVTT-v13.348/App/resources/app/dist/database/backend/server-document.mjs:1:2782)","timestamp":"2026-05-24 17:01:11"}
{"level":"error","message":"An error occurred during the migration of Item record [kcUnr8Zp8McKBZQw] of database \"daggerheart-advmanager.all-features\":\nError: Documents from a core version newer than the running version cannot be migrated\n    at Function._migrateRecord (file:///D:/Juegos/Foundry_daggerheart_git/Foundry-daggerheart/Portable-FoundryVTT-v13.348/App/resources/app/dist/database/backend/server-document.mjs:1:3713)\n    at Function._migrateDocuments (file:///D:/Juegos/Foundry_daggerheart_git/Foundry-daggerheart/Portable-FoundryVTT-v13.348/App/resources/app/dist/database/backend/server-document.mjs:1:2782)","timestamp":"2026-05-24 17:01:11"}
{"level":"error","message":"An error occurred during the migration of Item record [koWGsFdFQlEYUqsl] of database \"daggerheart-advmanager.all-features\":\nError: Documents from a core version newer than the running version cannot be migrated\n    at Function._migrateRecord (file:///D:/Juegos/Foundry_daggerheart_git/Foundry-daggerheart/Portable-FoundryVTT-v13.348/App/resources/app/dist/database/backend/server-document.mjs:1:3713)\n    at Function._migrateDocuments (file:///D:/Juegos/Foundry_daggerheart_git/Foundry-daggerheart/Portable-FoundryVTT-v13.348/App/resources/app/dist/database/backend/server-document.mjs:1:2782)","timestamp":"2026-05-24 17:01:11"}
{"level":"error","message":"An error occurred during the migration of Item record [ksCYHDqnECVQZTTM] of database \"daggerheart-advmanager.all-features\":\nError: Documents from a core version newer than the running version cannot be migrated\n    at Function._migrateRecord (file:///D:/Juegos/Foundry_daggerheart_git/Foundry-daggerheart/Portable-FoundryVTT-v13.348/App/resources/app/dist/database/backend/server-document.mjs:1:3713)\n    at Function._migrateDocuments (file:///D:/Juegos/Foundry_daggerheart_git/Foundry-daggerheart/Portable-FoundryVTT-v13.348/App/resources/app/dist/database/backend/server-document.mjs:1:2782)","timestamp":"2026-05-24 17:01:11"}
{"level":"error","message":"An error occurred during the migration of Item record [lRutOJkihFT1xml0] of database \"daggerheart-advmanager.all-features\":\nError: Documents from a core version newer than the running version cannot be migrated\n    at Function._migrateRecord (file:///D:/Juegos/Foundry_daggerheart_git/Foundry-daggerheart/Portable-FoundryVTT-v13.348/App/resources/app/dist/database/backend/server-document.mjs:1:3713)\n    at Function._migrateDocuments (file:///D:/Juegos/Foundry_daggerheart_git/Foundry-daggerheart/Portable-FoundryVTT-v13.348/App/resources/app/dist/database/backend/server-document.mjs:1:2782)","timestamp":"2026-05-24 17:01:11"}
{"level":"error","message":"An error occurred during the migration of Item record [lXq4zWI25A3TPtkx] of database \"daggerheart-advmanager.all-features\":\nError: Documents from a core version newer than the running version cannot be migrated\n    at Function._migrateRecord (file:///D:/Juegos/Foundry_daggerheart_git/Foundry-daggerheart/Portable-FoundryVTT-v13.348/App/resources/app/dist/database/backend/server-document.mjs:1:3713)\n    at Function._migrateDocuments (file:///D:/Juegos/Foundry_daggerheart_git/Foundry-daggerheart/Portable-FoundryVTT-v13.348/App/resources/app/dist/database/backend/server-document.mjs:1:2782)","timestamp":"2026-05-24 17:01:11"}
{"level":"error","message":"An error occurred during the migration of Item record [ltkwRe2xyfh0Uetm] of database \"daggerheart-advmanager.all-features\":\nError: Documents from a core version newer than the running version cannot be migrated\n    at Function._migrateRecord (file:///D:/Juegos/Foundry_daggerheart_git/Foundry-daggerheart/Portable-FoundryVTT-v13.348/App/resources/app/dist/database/backend/server-document.mjs:1:3713)\n    at Function._migrateDocuments (file:///D:/Juegos/Foundry_daggerheart_git/Foundry-daggerheart/Portable-FoundryVTT-v13.348/App/resources/app/dist/database/backend/server-document.mjs:1:2782)","timestamp":"2026-05-24 17:01:11"}
{"level":"error","message":"An error occurred during the migration of Item record [lxRpOwwYQ6QGjqar] of database \"daggerheart-advmanager.all-features\":\nError: Documents from a core version newer than the running version cannot be migrated\n    at Function._migrateRecord (file:///D:/Juegos/Foundry_daggerheart_git/Foundry-daggerheart/Portable-FoundryVTT-v13.348/App/resources/app/dist/database/backend/server-document.mjs:1:3713)\n    at Function._migrateDocuments (file:///D:/Juegos/Foundry_daggerheart_git/Foundry-daggerheart/Portable-FoundryVTT-v13.348/App/resources/app/dist/database/backend/server-document.mjs:1:2782)","timestamp":"2026-05-24 17:01:11"}
{"level":"error","message":"An error occurred during the migration of Item record [m00QvcC8dJ9mbXEb] of database \"daggerheart-advmanager.all-features\":\nError: Documents from a core version newer than the running version cannot be migrated\n    at Function._migrateRecord (file:///D:/Juegos/Foundry_daggerheart_git/Foundry-daggerheart/Portable-FoundryVTT-v13.348/App/resources/app/dist/database/backend/server-document.mjs:1:3713)\n    at Function._migrateDocuments (file:///D:/Juegos/Foundry_daggerheart_git/Foundry-daggerheart/Portable-FoundryVTT-v13.348/App/resources/app/dist/database/backend/server-document.mjs:1:2782)","timestamp":"2026-05-24 17:01:11"}
{"level":"error","message":"An error occurred during the migration of Item record [m99KoyMaC64s6EYd] of database \"daggerheart-advmanager.all-features\":\nError: Documents from a core version newer than the running version cannot be migrated\n    at Function._migrateRecord (file:///D:/Juegos/Foundry_daggerheart_git/Foundry-daggerheart/Portable-FoundryVTT-v13.348/App/resources/app/dist/database/backend/server-document.mjs:1:3713)\n    at Function._migrateDocuments (file:///D:/Juegos/Foundry_daggerheart_git/Foundry-daggerheart/Portable-FoundryVTT-v13.348/App/resources/app/dist/database/backend/server-document.mjs:1:2782)","timestamp":"2026-05-24 17:01:11"}
{"level":"error","message":"An error occurred during the migration of Item record [mFWmKqImd40naYSA] of database \"daggerheart-advmanager.all-features\":\nError: Documents from a core version newer than the running version cannot be migrated\n    at Function._migrateRecord (file:///D:/Juegos/Foundry_daggerheart_git/Foundry-daggerheart/Portable-FoundryVTT-v13.348/App/resources/app/dist/database/backend/server-document.mjs:1:3713)\n    at Function._migrateDocuments (file:///D:/Juegos/Foundry_daggerheart_git/Foundry-daggerheart/Portable-FoundryVTT-v13.348/App/resources/app/dist/database/backend/server-document.mjs:1:2782)","timestamp":"2026-05-24 17:01:11"}
{"level":"error","message":"An error occurred during the migration of Item record [mGtJmahSaPbB2AaM] of database \"daggerheart-advmanager.all-features\":\nError: Documents from a core version newer than the running version cannot be migrated\n    at Function._migrateRecord (file:///D:/Juegos/Foundry_daggerheart_git/Foundry-daggerheart/Portable-FoundryVTT-v13.348/App/resources/app/dist/database/backend/server-document.mjs:1:3713)\n    at Function._migrateDocuments (file:///D:/Juegos/Foundry_daggerheart_git/Foundry-daggerheart/Portable-FoundryVTT-v13.348/App/resources/app/dist/database/backend/server-document.mjs:1:2782)","timestamp":"2026-05-24 17:01:11"}
{"level":"error","message":"An error occurred during the migration of Item record [mQ56zoCdDp18hvjK] of database \"daggerheart-advmanager.all-features\":\nError: Documents from a core version newer than the running version cannot be migrated\n    at Function._migrateRecord (file:///D:/Juegos/Foundry_daggerheart_git/Foundry-daggerheart/Portable-FoundryVTT-v13.348/App/resources/app/dist/database/backend/server-document.mjs:1:3713)\n    at Function._migrateDocuments (file:///D:/Juegos/Foundry_daggerheart_git/Foundry-daggerheart/Portable-FoundryVTT-v13.348/App/resources/app/dist/database/backend/server-document.mjs:1:2782)","timestamp":"2026-05-24 17:01:11"}
{"level":"error","message":"An error occurred during the migration of Item record [mWtAzAOapXCKBJxO] of database \"daggerheart-advmanager.all-features\":\nError: Documents from a core version newer than the running version cannot be migrated\n    at Function._migrateRecord (file:///D:/Juegos/Foundry_daggerheart_git/Foundry-daggerheart/Portable-FoundryVTT-v13.348/App/resources/app/dist/database/backend/server-document.mjs:1:3713)\n    at Function._migrateDocuments (file:///D:/Juegos/Foundry_daggerheart_git/Foundry-daggerheart/Portable-FoundryVTT-v13.348/App/resources/app/dist/database/backend/server-document.mjs:1:2782)","timestamp":"2026-05-24 17:01:11"}
{"level":"error","message":"An error occurred during the migration of Item record [mkDnjMKqCa7drwbR] of database \"daggerheart-advmanager.all-features\":\nError: Documents from a core version newer than the running version cannot be migrated\n    at Function._migrateRecord (file:///D:/Juegos/Foundry_daggerheart_git/Foundry-daggerheart/Portable-FoundryVTT-v13.348/App/resources/app/dist/database/backend/server-document.mjs:1:3713)\n    at Function._migrateDocuments (file:///D:/Juegos/Foundry_daggerheart_git/Foundry-daggerheart/Portable-FoundryVTT-v13.348/App/resources/app/dist/database/backend/server-document.mjs:1:2782)","timestamp":"2026-05-24 17:01:11"}
{"level":"error","message":"An error occurred during the migration of Item record [n1629bKajFbG2PLN] of database \"daggerheart-advmanager.all-features\":\nError: Documents from a core version newer than the running version cannot be migrated\n    at Function._migrateRecord (file:///D:/Juegos/Foundry_daggerheart_git/Foundry-daggerheart/Portable-FoundryVTT-v13.348/App/resources/app/dist/database/backend/server-document.mjs:1:3713)\n    at Function._migrateDocuments (file:///D:/Juegos/Foundry_daggerheart_git/Foundry-daggerheart/Portable-FoundryVTT-v13.348/App/resources/app/dist/database/backend/server-document.mjs:1:2782)","timestamp":"2026-05-24 17:01:11"}
{"level":"error","message":"An error occurred during the migration of Item record [nBcK7CFtAsfG7aGs] of database \"daggerheart-advmanager.all-features\":\nError: Documents from a core version newer than the running version cannot be migrated\n    at Function._migrateRecord (file:///D:/Juegos/Foundry_daggerheart_git/Foundry-daggerheart/Portable-FoundryVTT-v13.348/App/resources/app/dist/database/backend/server-document.mjs:1:3713)\n    at Function._migrateDocuments (file:///D:/Juegos/Foundry_daggerheart_git/Foundry-daggerheart/Portable-FoundryVTT-v13.348/App/resources/app/dist/database/backend/server-document.mjs:1:2782)","timestamp":"2026-05-24 17:01:11"}
{"level":"error","message":"An error occurred during the migration of Item record [nMCW6PEoX2eRM4Kv] of database \"daggerheart-advmanager.all-features\":\nError: Documents from a core version newer than the running version cannot be migrated\n    at Function._migrateRecord (file:///D:/Juegos/Foundry_daggerheart_git/Foundry-daggerheart/Portable-FoundryVTT-v13.348/App/resources/app/dist/database/backend/server-document.mjs:1:3713)\n    at Function._migrateDocuments (file:///D:/Juegos/Foundry_daggerheart_git/Foundry-daggerheart/Portable-FoundryVTT-v13.348/App/resources/app/dist/database/backend/server-document.mjs:1:2782)","timestamp":"2026-05-24 17:01:11"}
{"level":"error","message":"An error occurred during the migration of Item record [nNrOVOMMdUF9foTV] of database \"daggerheart-advmanager.all-features\":\nError: Documents from a core version newer than the running version cannot be migrated\n    at Function._migrateRecord (file:///D:/Juegos/Foundry_daggerheart_git/Foundry-daggerheart/Portable-FoundryVTT-v13.348/App/resources/app/dist/database/backend/server-document.mjs:1:3713)\n    at Function._migrateDocuments (file:///D:/Juegos/Foundry_daggerheart_git/Foundry-daggerheart/Portable-FoundryVTT-v13.348/App/resources/app/dist/database/backend/server-document.mjs:1:2782)","timestamp":"2026-05-24 17:01:11"}
{"level":"error","message":"An error occurred during the migration of Item record [npuozcrnG4NlMW7o] of database \"daggerheart-advmanager.all-features\":\nError: Documents from a core version newer than the running version cannot be migrated\n    at Function._migrateRecord (file:///D:/Juegos/Foundry_daggerheart_git/Foundry-daggerheart/Portable-FoundryVTT-v13.348/App/resources/app/dist/database/backend/server-document.mjs:1:3713)\n    at Function._migrateDocuments (file:///D:/Juegos/Foundry_daggerheart_git/Foundry-daggerheart/Portable-FoundryVTT-v13.348/App/resources/app/dist/database/backend/server-document.mjs:1:2782)","timestamp":"2026-05-24 17:01:11"}
{"level":"error","message":"An error occurred during the migration of Item record [oEoaKpYB08MeCjgy] of database \"daggerheart-advmanager.all-features\":\nError: Documents from a core version newer than the running version cannot be migrated\n    at Function._migrateRecord (file:///D:/Juegos/Foundry_daggerheart_git/Foundry-daggerheart/Portable-FoundryVTT-v13.348/App/resources/app/dist/database/backend/server-document.mjs:1:3713)\n    at Function._migrateDocuments (file:///D:/Juegos/Foundry_daggerheart_git/Foundry-daggerheart/Portable-FoundryVTT-v13.348/App/resources/app/dist/database/backend/server-document.mjs:1:2782)","timestamp":"2026-05-24 17:01:11"}
{"level":"error","message":"An error occurred during the migration of Item record [oFyrKOsHBZIHrKmH] of database \"daggerheart-advmanager.all-features\":\nError: Documents from a core version newer than the running version cannot be migrated\n    at Function._migrateRecord (file:///D:/Juegos/Foundry_daggerheart_git/Foundry-daggerheart/Portable-FoundryVTT-v13.348/App/resources/app/dist/database/backend/server-document.mjs:1:3713)\n    at Function._migrateDocuments (file:///D:/Juegos/Foundry_daggerheart_git/Foundry-daggerheart/Portable-FoundryVTT-v13.348/App/resources/app/dist/database/backend/server-document.mjs:1:2782)","timestamp":"2026-05-24 17:01:11"}
{"level":"error","message":"An error occurred during the migration of Item record [obSvj2RfANOWqNOP] of database \"daggerheart-advmanager.all-features\":\nError: Documents from a core version newer than the running version cannot be migrated\n    at Function._migrateRecord (file:///D:/Juegos/Foundry_daggerheart_git/Foundry-daggerheart/Portable-FoundryVTT-v13.348/App/resources/app/dist/database/backend/server-document.mjs:1:3713)\n    at Function._migrateDocuments (file:///D:/Juegos/Foundry_daggerheart_git/Foundry-daggerheart/Portable-FoundryVTT-v13.348/App/resources/app/dist/database/backend/server-document.mjs:1:2782)","timestamp":"2026-05-24 17:01:11"}
{"level":"error","message":"An error occurred during the migration of Item record [oczRaehpbBNQpseZ] of database \"daggerheart-advmanager.all-features\":\nError: Documents from a core version newer than the running version cannot be migrated\n    at Function._migrateRecord (file:///D:/Juegos/Foundry_daggerheart_git/Foundry-daggerheart/Portable-FoundryVTT-v13.348/App/resources/app/dist/database/backend/server-document.mjs:1:3713)\n    at Function._migrateDocuments (file:///D:/Juegos/Foundry_daggerheart_git/Foundry-daggerheart/Portable-FoundryVTT-v13.348/App/resources/app/dist/database/backend/server-document.mjs:1:2782)","timestamp":"2026-05-24 17:01:11"}
{"level":"error","message":"An error occurred during the migration of Item record [ogkUbK3yAUbewwL8] of database \"daggerheart-advmanager.all-features\":\nError: Documents from a core version newer than the running version cannot be migrated\n    at Function._migrateRecord (file:///D:/Juegos/Foundry_daggerheart_git/Foundry-daggerheart/Portable-FoundryVTT-v13.348/App/resources/app/dist/database/backend/server-document.mjs:1:3713)\n    at Function._migrateDocuments (file:///D:/Juegos/Foundry_daggerheart_git/Foundry-daggerheart/Portable-FoundryVTT-v13.348/App/resources/app/dist/database/backend/server-document.mjs:1:2782)","timestamp":"2026-05-24 17:01:11"}
{"level":"error","message":"An error occurred during the migration of Item record [omJF3PILTUiJMQ97] of database \"daggerheart-advmanager.all-features\":\nError: Documents from a core version newer than the running version cannot be migrated\n    at Function._migrateRecord (file:///D:/Juegos/Foundry_daggerheart_git/Foundry-daggerheart/Portable-FoundryVTT-v13.348/App/resources/app/dist/database/backend/server-document.mjs:1:3713)\n    at Function._migrateDocuments (file:///D:/Juegos/Foundry_daggerheart_git/Foundry-daggerheart/Portable-FoundryVTT-v13.348/App/resources/app/dist/database/backend/server-document.mjs:1:2782)","timestamp":"2026-05-24 17:01:11"}
{"level":"error","message":"An error occurred during the migration of Item record [ooH4o8wc6ZjLBdTw] of database \"daggerheart-advmanager.all-features\":\nError: Documents from a core version newer than the running version cannot be migrated\n    at Function._migrateRecord (file:///D:/Juegos/Foundry_daggerheart_git/Foundry-daggerheart/Portable-FoundryVTT-v13.348/App/resources/app/dist/database/backend/server-document.mjs:1:3713)\n    at Function._migrateDocuments (file:///D:/Juegos/Foundry_daggerheart_git/Foundry-daggerheart/Portable-FoundryVTT-v13.348/App/resources/app/dist/database/backend/server-document.mjs:1:2782)","timestamp":"2026-05-24 17:01:11"}
{"level":"error","message":"An error occurred during the migration of Item record [orshs0iQifPNQ38e] of database \"daggerheart-advmanager.all-features\":\nError: Documents from a core version newer than the running version cannot be migrated\n    at Function._migrateRecord (file:///D:/Juegos/Foundry_daggerheart_git/Foundry-daggerheart/Portable-FoundryVTT-v13.348/App/resources/app/dist/database/backend/server-document.mjs:1:3713)\n    at Function._migrateDocuments (file:///D:/Juegos/Foundry_daggerheart_git/Foundry-daggerheart/Portable-FoundryVTT-v13.348/App/resources/app/dist/database/backend/server-document.mjs:1:2782)","timestamp":"2026-05-24 17:01:11"}
{"level":"error","message":"An error occurred during the migration of Item record [ox22QEHaz3LTDVen] of database \"daggerheart-advmanager.all-features\":\nError: Documents from a core version newer than the running version cannot be migrated\n    at Function._migrateRecord (file:///D:/Juegos/Foundry_daggerheart_git/Foundry-daggerheart/Portable-FoundryVTT-v13.348/App/resources/app/dist/database/backend/server-document.mjs:1:3713)\n    at Function._migrateDocuments (file:///D:/Juegos/Foundry_daggerheart_git/Foundry-daggerheart/Portable-FoundryVTT-v13.348/App/resources/app/dist/database/backend/server-document.mjs:1:2782)","timestamp":"2026-05-24 17:01:11"}
{"level":"error","message":"An error occurred during the migration of Item record [oy50VR6kJ4DhM6GR] of database \"daggerheart-advmanager.all-features\":\nError: Documents from a core version newer than the running version cannot be migrated\n    at Function._migrateRecord (file:///D:/Juegos/Foundry_daggerheart_git/Foundry-daggerheart/Portable-FoundryVTT-v13.348/App/resources/app/dist/database/backend/server-document.mjs:1:3713)\n    at Function._migrateDocuments (file:///D:/Juegos/Foundry_daggerheart_git/Foundry-daggerheart/Portable-FoundryVTT-v13.348/App/resources/app/dist/database/backend/server-document.mjs:1:2782)","timestamp":"2026-05-24 17:01:11"}
{"level":"error","message":"An error occurred during the migration of Item record [pJb745b2dGAREyay] of database \"daggerheart-advmanager.all-features\":\nError: Documents from a core version newer than the running version cannot be migrated\n    at Function._migrateRecord (file:///D:/Juegos/Foundry_daggerheart_git/Foundry-daggerheart/Portable-FoundryVTT-v13.348/App/resources/app/dist/database/backend/server-document.mjs:1:3713)\n    at Function._migrateDocuments (file:///D:/Juegos/Foundry_daggerheart_git/Foundry-daggerheart/Portable-FoundryVTT-v13.348/App/resources/app/dist/database/backend/server-document.mjs:1:2782)","timestamp":"2026-05-24 17:01:11"}
{"level":"error","message":"An error occurred during the migration of Item record [pWAq3oWsoGw9jAhl] of database \"daggerheart-advmanager.all-features\":\nError: Documents from a core version newer than the running version cannot be migrated\n    at Function._migrateRecord (file:///D:/Juegos/Foundry_daggerheart_git/Foundry-daggerheart/Portable-FoundryVTT-v13.348/App/resources/app/dist/database/backend/server-document.mjs:1:3713)\n    at Function._migrateDocuments (file:///D:/Juegos/Foundry_daggerheart_git/Foundry-daggerheart/Portable-FoundryVTT-v13.348/App/resources/app/dist/database/backend/server-document.mjs:1:2782)","timestamp":"2026-05-24 17:01:11"}
{"level":"error","message":"An error occurred during the migration of Item record [pYxaB35lzPerOWUG] of database \"daggerheart-advmanager.all-features\":\nError: Documents from a core version newer than the running version cannot be migrated\n    at Function._migrateRecord (file:///D:/Juegos/Foundry_daggerheart_git/Foundry-daggerheart/Portable-FoundryVTT-v13.348/App/resources/app/dist/database/backend/server-document.mjs:1:3713)\n    at Function._migrateDocuments (file:///D:/Juegos/Foundry_daggerheart_git/Foundry-daggerheart/Portable-FoundryVTT-v13.348/App/resources/app/dist/database/backend/server-document.mjs:1:2782)","timestamp":"2026-05-24 17:01:11"}
{"level":"error","message":"An error occurred during the migration of Item record [pfVEe8gaHNRGDgo2] of database \"daggerheart-advmanager.all-features\":\nError: Documents from a core version newer than the running version cannot be migrated\n    at Function._migrateRecord (file:///D:/Juegos/Foundry_daggerheart_git/Foundry-daggerheart/Portable-FoundryVTT-v13.348/App/resources/app/dist/database/backend/server-document.mjs:1:3713)\n    at Function._migrateDocuments (file:///D:/Juegos/Foundry_daggerheart_git/Foundry-daggerheart/Portable-FoundryVTT-v13.348/App/resources/app/dist/database/backend/server-document.mjs:1:2782)","timestamp":"2026-05-24 17:01:11"}
{"level":"error","message":"An error occurred during the migration of Item record [pq9kNZbPuzQ8dAde] of database \"daggerheart-advmanager.all-features\":\nError: Documents from a core version newer than the running version cannot be migrated\n    at Function._migrateRecord (file:///D:/Juegos/Foundry_daggerheart_git/Foundry-daggerheart/Portable-FoundryVTT-v13.348/App/resources/app/dist/database/backend/server-document.mjs:1:3713)\n    at Function._migrateDocuments (file:///D:/Juegos/Foundry_daggerheart_git/Foundry-daggerheart/Portable-FoundryVTT-v13.348/App/resources/app/dist/database/backend/server-document.mjs:1:2782)","timestamp":"2026-05-24 17:01:11"}
{"level":"error","message":"An error occurred during the migration of Item record [qBhXHO4oSh7zAcSF] of database \"daggerheart-advmanager.all-features\":\nError: Documents from a core version newer than the running version cannot be migrated\n    at Function._migrateRecord (file:///D:/Juegos/Foundry_daggerheart_git/Foundry-daggerheart/Portable-FoundryVTT-v13.348/App/resources/app/dist/database/backend/server-document.mjs:1:3713)\n    at Function._migrateDocuments (file:///D:/Juegos/Foundry_daggerheart_git/Foundry-daggerheart/Portable-FoundryVTT-v13.348/App/resources/app/dist/database/backend/server-document.mjs:1:2782)","timestamp":"2026-05-24 17:01:11"}
{"level":"error","message":"An error occurred during the migration of Item record [qDfnNyQNC3JLic7I] of database \"daggerheart-advmanager.all-features\":\nError: Documents from a core version newer than the running version cannot be migrated\n    at Function._migrateRecord (file:///D:/Juegos/Foundry_daggerheart_git/Foundry-daggerheart/Portable-FoundryVTT-v13.348/App/resources/app/dist/database/backend/server-document.mjs:1:3713)\n    at Function._migrateDocuments (file:///D:/Juegos/Foundry_daggerheart_git/Foundry-daggerheart/Portable-FoundryVTT-v13.348/App/resources/app/dist/database/backend/server-document.mjs:1:2782)","timestamp":"2026-05-24 17:01:11"}
{"level":"error","message":"An error occurred during the migration of Item record [qSXw25tq4Qc42eqN] of database \"daggerheart-advmanager.all-features\":\nError: Documents from a core version newer than the running version cannot be migrated\n    at Function._migrateRecord (file:///D:/Juegos/Foundry_daggerheart_git/Foundry-daggerheart/Portable-FoundryVTT-v13.348/App/resources/app/dist/database/backend/server-document.mjs:1:3713)\n    at Function._migrateDocuments (file:///D:/Juegos/Foundry_daggerheart_git/Foundry-daggerheart/Portable-FoundryVTT-v13.348/App/resources/app/dist/database/backend/server-document.mjs:1:2782)","timestamp":"2026-05-24 17:01:11"}
{"level":"error","message":"An error occurred during the migration of Item record [qXZ4s6YSPga5mGkg] of database \"daggerheart-advmanager.all-features\":\nError: Documents from a core version newer than the running version cannot be migrated\n    at Function._migrateRecord (file:///D:/Juegos/Foundry_daggerheart_git/Foundry-daggerheart/Portable-FoundryVTT-v13.348/App/resources/app/dist/database/backend/server-document.mjs:1:3713)\n    at Function._migrateDocuments (file:///D:/Juegos/Foundry_daggerheart_git/Foundry-daggerheart/Portable-FoundryVTT-v13.348/App/resources/app/dist/database/backend/server-document.mjs:1:2782)","timestamp":"2026-05-24 17:01:11"}
{"level":"error","message":"An error occurred during the migration of Item record [qa1Pc2iiVk39HlFM] of database \"daggerheart-advmanager.all-features\":\nError: Documents from a core version newer than the running version cannot be migrated\n    at Function._migrateRecord (file:///D:/Juegos/Foundry_daggerheart_git/Foundry-daggerheart/Portable-FoundryVTT-v13.348/App/resources/app/dist/database/backend/server-document.mjs:1:3713)\n    at Function._migrateDocuments (file:///D:/Juegos/Foundry_daggerheart_git/Foundry-daggerheart/Portable-FoundryVTT-v13.348/App/resources/app/dist/database/backend/server-document.mjs:1:2782)","timestamp":"2026-05-24 17:01:11"}
{"level":"error","message":"An error occurred during the migration of Item record [qkWReWxkXhU9FY8t] of database \"daggerheart-advmanager.all-features\":\nError: Documents from a core version newer than the running version cannot be migrated\n    at Function._migrateRecord (file:///D:/Juegos/Foundry_daggerheart_git/Foundry-daggerheart/Portable-FoundryVTT-v13.348/App/resources/app/dist/database/backend/server-document.mjs:1:3713)\n    at Function._migrateDocuments (file:///D:/Juegos/Foundry_daggerheart_git/Foundry-daggerheart/Portable-FoundryVTT-v13.348/App/resources/app/dist/database/backend/server-document.mjs:1:2782)","timestamp":"2026-05-24 17:01:11"}
{"level":"error","message":"An error occurred during the migration of Item record [qmP0skYccLJRV087] of database \"daggerheart-advmanager.all-features\":\nError: Documents from a core version newer than the running version cannot be migrated\n    at Function._migrateRecord (file:///D:/Juegos/Foundry_daggerheart_git/Foundry-daggerheart/Portable-FoundryVTT-v13.348/App/resources/app/dist/database/backend/server-document.mjs:1:3713)\n    at Function._migrateDocuments (file:///D:/Juegos/Foundry_daggerheart_git/Foundry-daggerheart/Portable-FoundryVTT-v13.348/App/resources/app/dist/database/backend/server-document.mjs:1:2782)","timestamp":"2026-05-24 17:01:11"}
{"level":"error","message":"An error occurred during the migration of Item record [qpnlpw5ZRKrNV9kT] of database \"daggerheart-advmanager.all-features\":\nError: Documents from a core version newer than the running version cannot be migrated\n    at Function._migrateRecord (file:///D:/Juegos/Foundry_daggerheart_git/Foundry-daggerheart/Portable-FoundryVTT-v13.348/App/resources/app/dist/database/backend/server-document.mjs:1:3713)\n    at Function._migrateDocuments (file:///D:/Juegos/Foundry_daggerheart_git/Foundry-daggerheart/Portable-FoundryVTT-v13.348/App/resources/app/dist/database/backend/server-document.mjs:1:2782)","timestamp":"2026-05-24 17:01:11"}
{"level":"error","message":"An error occurred during the migration of Item record [r2uq7B0xfHfJSXyY] of database \"daggerheart-advmanager.all-features\":\nError: Documents from a core version newer than the running version cannot be migrated\n    at Function._migrateRecord (file:///D:/Juegos/Foundry_daggerheart_git/Foundry-daggerheart/Portable-FoundryVTT-v13.348/App/resources/app/dist/database/backend/server-document.mjs:1:3713)\n    at Function._migrateDocuments (file:///D:/Juegos/Foundry_daggerheart_git/Foundry-daggerheart/Portable-FoundryVTT-v13.348/App/resources/app/dist/database/backend/server-document.mjs:1:2782)","timestamp":"2026-05-24 17:01:11"}
{"level":"error","message":"An error occurred during the migration of Item record [r5JmGgZrDffj6BUH] of database \"daggerheart-advmanager.all-features\":\nError: Documents from a core version newer than the running version cannot be migrated\n    at Function._migrateRecord (file:///D:/Juegos/Foundry_daggerheart_git/Foundry-daggerheart/Portable-FoundryVTT-v13.348/App/resources/app/dist/database/backend/server-document.mjs:1:3713)\n    at Function._migrateDocuments (file:///D:/Juegos/Foundry_daggerheart_git/Foundry-daggerheart/Portable-FoundryVTT-v13.348/App/resources/app/dist/database/backend/server-document.mjs:1:2782)","timestamp":"2026-05-24 17:01:11"}
{"level":"error","message":"An error occurred during the migration of Item record [rEIm62NBoNsFiMdt] of database \"daggerheart-advmanager.all-features\":\nError: Documents from a core version newer than the running version cannot be migrated\n    at Function._migrateRecord (file:///D:/Juegos/Foundry_daggerheart_git/Foundry-daggerheart/Portable-FoundryVTT-v13.348/App/resources/app/dist/database/backend/server-document.mjs:1:3713)\n    at Function._migrateDocuments (file:///D:/Juegos/Foundry_daggerheart_git/Foundry-daggerheart/Portable-FoundryVTT-v13.348/App/resources/app/dist/database/backend/server-document.mjs:1:2782)","timestamp":"2026-05-24 17:01:11"}
{"level":"error","message":"An error occurred during the migration of Item record [rGDPUCFwRcRDFaAg] of database \"daggerheart-advmanager.all-features\":\nError: Documents from a core version newer than the running version cannot be migrated\n    at Function._migrateRecord (file:///D:/Juegos/Foundry_daggerheart_git/Foundry-daggerheart/Portable-FoundryVTT-v13.348/App/resources/app/dist/database/backend/server-document.mjs:1:3713)\n    at Function._migrateDocuments (file:///D:/Juegos/Foundry_daggerheart_git/Foundry-daggerheart/Portable-FoundryVTT-v13.348/App/resources/app/dist/database/backend/server-document.mjs:1:2782)","timestamp":"2026-05-24 17:01:11"}
{"level":"error","message":"An error occurred during the migration of Item record [rd8liCMd2gd6GR2d] of database \"daggerheart-advmanager.all-features\":\nError: Documents from a core version newer than the running version cannot be migrated\n    at Function._migrateRecord (file:///D:/Juegos/Foundry_daggerheart_git/Foundry-daggerheart/Portable-FoundryVTT-v13.348/App/resources/app/dist/database/backend/server-document.mjs:1:3713)\n    at Function._migrateDocuments (file:///D:/Juegos/Foundry_daggerheart_git/Foundry-daggerheart/Portable-FoundryVTT-v13.348/App/resources/app/dist/database/backend/server-document.mjs:1:2782)","timestamp":"2026-05-24 17:01:11"}
{"level":"error","message":"An error occurred during the migration of Item record [rsdOYm56xlVX3LRi] of database \"daggerheart-advmanager.all-features\":\nError: Documents from a core version newer than the running version cannot be migrated\n    at Function._migrateRecord (file:///D:/Juegos/Foundry_daggerheart_git/Foundry-daggerheart/Portable-FoundryVTT-v13.348/App/resources/app/dist/database/backend/server-document.mjs:1:3713)\n    at Function._migrateDocuments (file:///D:/Juegos/Foundry_daggerheart_git/Foundry-daggerheart/Portable-FoundryVTT-v13.348/App/resources/app/dist/database/backend/server-document.mjs:1:2782)","timestamp":"2026-05-24 17:01:11"}
{"level":"error","message":"An error occurred during the migration of Item record [runzB6NtYYf3FEdR] of database \"daggerheart-advmanager.all-features\":\nError: Documents from a core version newer than the running version cannot be migrated\n    at Function._migrateRecord (file:///D:/Juegos/Foundry_daggerheart_git/Foundry-daggerheart/Portable-FoundryVTT-v13.348/App/resources/app/dist/database/backend/server-document.mjs:1:3713)\n    at Function._migrateDocuments (file:///D:/Juegos/Foundry_daggerheart_git/Foundry-daggerheart/Portable-FoundryVTT-v13.348/App/resources/app/dist/database/backend/server-document.mjs:1:2782)","timestamp":"2026-05-24 17:01:11"}
{"level":"error","message":"An error occurred during the migration of Item record [s5bETPGLtfbALOHw] of database \"daggerheart-advmanager.all-features\":\nError: Documents from a core version newer than the running version cannot be migrated\n    at Function._migrateRecord (file:///D:/Juegos/Foundry_daggerheart_git/Foundry-daggerheart/Portable-FoundryVTT-v13.348/App/resources/app/dist/database/backend/server-document.mjs:1:3713)\n    at Function._migrateDocuments (file:///D:/Juegos/Foundry_daggerheart_git/Foundry-daggerheart/Portable-FoundryVTT-v13.348/App/resources/app/dist/database/backend/server-document.mjs:1:2782)","timestamp":"2026-05-24 17:01:11"}
{"level":"error","message":"An error occurred during the migration of Item record [sKgzYgJgTY4JRCf4] of database \"daggerheart-advmanager.all-features\":\nError: Documents from a core version newer than the running version cannot be migrated\n    at Function._migrateRecord (file:///D:/Juegos/Foundry_daggerheart_git/Foundry-daggerheart/Portable-FoundryVTT-v13.348/App/resources/app/dist/database/backend/server-document.mjs:1:3713)\n    at Function._migrateDocuments (file:///D:/Juegos/Foundry_daggerheart_git/Foundry-daggerheart/Portable-FoundryVTT-v13.348/App/resources/app/dist/database/backend/server-document.mjs:1:2782)","timestamp":"2026-05-24 17:01:11"}
{"level":"error","message":"An error occurred during the migration of Item record [sW4FjqSDhPYKpjUl] of database \"daggerheart-advmanager.all-features\":\nError: Documents from a core version newer than the running version cannot be migrated\n    at Function._migrateRecord (file:///D:/Juegos/Foundry_daggerheart_git/Foundry-daggerheart/Portable-FoundryVTT-v13.348/App/resources/app/dist/database/backend/server-document.mjs:1:3713)\n    at Function._migrateDocuments (file:///D:/Juegos/Foundry_daggerheart_git/Foundry-daggerheart/Portable-FoundryVTT-v13.348/App/resources/app/dist/database/backend/server-document.mjs:1:2782)","timestamp":"2026-05-24 17:01:11"}
{"level":"error","message":"An error occurred during the migration of Item record [sZi3vGbEW838cJBX] of database \"daggerheart-advmanager.all-features\":\nError: Documents from a core version newer than the running version cannot be migrated\n    at Function._migrateRecord (file:///D:/Juegos/Foundry_daggerheart_git/Foundry-daggerheart/Portable-FoundryVTT-v13.348/App/resources/app/dist/database/backend/server-document.mjs:1:3713)\n    at Function._migrateDocuments (file:///D:/Juegos/Foundry_daggerheart_git/Foundry-daggerheart/Portable-FoundryVTT-v13.348/App/resources/app/dist/database/backend/server-document.mjs:1:2782)","timestamp":"2026-05-24 17:01:11"}
{"level":"error","message":"An error occurred during the migration of Item record [sbfWojYCVLkvGzgn] of database \"daggerheart-advmanager.all-features\":\nError: Documents from a core version newer than the running version cannot be migrated\n    at Function._migrateRecord (file:///D:/Juegos/Foundry_daggerheart_git/Foundry-daggerheart/Portable-FoundryVTT-v13.348/App/resources/app/dist/database/backend/server-document.mjs:1:3713)\n    at Function._migrateDocuments (file:///D:/Juegos/Foundry_daggerheart_git/Foundry-daggerheart/Portable-FoundryVTT-v13.348/App/resources/app/dist/database/backend/server-document.mjs:1:2782)","timestamp":"2026-05-24 17:01:11"}
{"level":"error","message":"An error occurred during the migration of Item record [sqZDRKSfhVpVYn7r] of database \"daggerheart-advmanager.all-features\":\nError: Documents from a core version newer than the running version cannot be migrated\n    at Function._migrateRecord (file:///D:/Juegos/Foundry_daggerheart_git/Foundry-daggerheart/Portable-FoundryVTT-v13.348/App/resources/app/dist/database/backend/server-document.mjs:1:3713)\n    at Function._migrateDocuments (file:///D:/Juegos/Foundry_daggerheart_git/Foundry-daggerheart/Portable-FoundryVTT-v13.348/App/resources/app/dist/database/backend/server-document.mjs:1:2782)","timestamp":"2026-05-24 17:01:11"}
{"level":"error","message":"An error occurred during the migration of Item record [tKLctkCQqfJLIw3x] of database \"daggerheart-advmanager.all-features\":\nError: Documents from a core version newer than the running version cannot be migrated\n    at Function._migrateRecord (file:///D:/Juegos/Foundry_daggerheart_git/Foundry-daggerheart/Portable-FoundryVTT-v13.348/App/resources/app/dist/database/backend/server-document.mjs:1:3713)\n    at Function._migrateDocuments (file:///D:/Juegos/Foundry_daggerheart_git/Foundry-daggerheart/Portable-FoundryVTT-v13.348/App/resources/app/dist/database/backend/server-document.mjs:1:2782)","timestamp":"2026-05-24 17:01:11"}
{"level":"error","message":"An error occurred during the migration of Item record [taxLtwW7RuS3JSNm] of database \"daggerheart-advmanager.all-features\":\nError: Documents from a core version newer than the running version cannot be migrated\n    at Function._migrateRecord (file:///D:/Juegos/Foundry_daggerheart_git/Foundry-daggerheart/Portable-FoundryVTT-v13.348/App/resources/app/dist/database/backend/server-document.mjs:1:3713)\n    at Function._migrateDocuments (file:///D:/Juegos/Foundry_daggerheart_git/Foundry-daggerheart/Portable-FoundryVTT-v13.348/App/resources/app/dist/database/backend/server-document.mjs:1:2782)","timestamp":"2026-05-24 17:01:11"}
{"level":"error","message":"An error occurred during the migration of Item record [tpH2A2rYhrYOugLi] of database \"daggerheart-advmanager.all-features\":\nError: Documents from a core version newer than the running version cannot be migrated\n    at Function._migrateRecord (file:///D:/Juegos/Foundry_daggerheart_git/Foundry-daggerheart/Portable-FoundryVTT-v13.348/App/resources/app/dist/database/backend/server-document.mjs:1:3713)\n    at Function._migrateDocuments (file:///D:/Juegos/Foundry_daggerheart_git/Foundry-daggerheart/Portable-FoundryVTT-v13.348/App/resources/app/dist/database/backend/server-document.mjs:1:2782)","timestamp":"2026-05-24 17:01:11"}
{"level":"error","message":"An error occurred during the migration of Item record [uLzHdmKIxrK3WD48] of database \"daggerheart-advmanager.all-features\":\nError: Documents from a core version newer than the running version cannot be migrated\n    at Function._migrateRecord (file:///D:/Juegos/Foundry_daggerheart_git/Foundry-daggerheart/Portable-FoundryVTT-v13.348/App/resources/app/dist/database/backend/server-document.mjs:1:3713)\n    at Function._migrateDocuments (file:///D:/Juegos/Foundry_daggerheart_git/Foundry-daggerheart/Portable-FoundryVTT-v13.348/App/resources/app/dist/database/backend/server-document.mjs:1:2782)","timestamp":"2026-05-24 17:01:11"}
{"level":"error","message":"An error occurred during the migration of Item record [uYj7yzRYgNFBYsXg] of database \"daggerheart-advmanager.all-features\":\nError: Documents from a core version newer than the running version cannot be migrated\n    at Function._migrateRecord (file:///D:/Juegos/Foundry_daggerheart_git/Foundry-daggerheart/Portable-FoundryVTT-v13.348/App/resources/app/dist/database/backend/server-document.mjs:1:3713)\n    at Function._migrateDocuments (file:///D:/Juegos/Foundry_daggerheart_git/Foundry-daggerheart/Portable-FoundryVTT-v13.348/App/resources/app/dist/database/backend/server-document.mjs:1:2782)","timestamp":"2026-05-24 17:01:11"}
{"level":"error","message":"An error occurred during the migration of Item record [ufkpJTJLPGXQhlcu] of database \"daggerheart-advmanager.all-features\":\nError: Documents from a core version newer than the running version cannot be migrated\n    at Function._migrateRecord (file:///D:/Juegos/Foundry_daggerheart_git/Foundry-daggerheart/Portable-FoundryVTT-v13.348/App/resources/app/dist/database/backend/server-document.mjs:1:3713)\n    at Function._migrateDocuments (file:///D:/Juegos/Foundry_daggerheart_git/Foundry-daggerheart/Portable-FoundryVTT-v13.348/App/resources/app/dist/database/backend/server-document.mjs:1:2782)","timestamp":"2026-05-24 17:01:11"}
{"level":"error","message":"An error occurred during the migration of Item record [uo98NaOIGLvT1YdJ] of database \"daggerheart-advmanager.all-features\":\nError: Documents from a core version newer than the running version cannot be migrated\n    at Function._migrateRecord (file:///D:/Juegos/Foundry_daggerheart_git/Foundry-daggerheart/Portable-FoundryVTT-v13.348/App/resources/app/dist/database/backend/server-document.mjs:1:3713)\n    at Function._migrateDocuments (file:///D:/Juegos/Foundry_daggerheart_git/Foundry-daggerheart/Portable-FoundryVTT-v13.348/App/resources/app/dist/database/backend/server-document.mjs:1:2782)","timestamp":"2026-05-24 17:01:11"}
{"level":"error","message":"An error occurred during the migration of Item record [uwgVNAoEC1TddhD4] of database \"daggerheart-advmanager.all-features\":\nError: Documents from a core version newer than the running version cannot be migrated\n    at Function._migrateRecord (file:///D:/Juegos/Foundry_daggerheart_git/Foundry-daggerheart/Portable-FoundryVTT-v13.348/App/resources/app/dist/database/backend/server-document.mjs:1:3713)\n    at Function._migrateDocuments (file:///D:/Juegos/Foundry_daggerheart_git/Foundry-daggerheart/Portable-FoundryVTT-v13.348/App/resources/app/dist/database/backend/server-document.mjs:1:2782)","timestamp":"2026-05-24 17:01:11"}
{"level":"error","message":"An error occurred during the migration of Item record [v623As8QWrgUOkYM] of database \"daggerheart-advmanager.all-features\":\nError: Documents from a core version newer than the running version cannot be migrated\n    at Function._migrateRecord (file:///D:/Juegos/Foundry_daggerheart_git/Foundry-daggerheart/Portable-FoundryVTT-v13.348/App/resources/app/dist/database/backend/server-document.mjs:1:3713)\n    at Function._migrateDocuments (file:///D:/Juegos/Foundry_daggerheart_git/Foundry-daggerheart/Portable-FoundryVTT-v13.348/App/resources/app/dist/database/backend/server-document.mjs:1:2782)","timestamp":"2026-05-24 17:01:11"}
{"level":"error","message":"An error occurred during the migration of Item record [vS6mb7t5gt6TX1zR] of database \"daggerheart-advmanager.all-features\":\nError: Documents from a core version newer than the running version cannot be migrated\n    at Function._migrateRecord (file:///D:/Juegos/Foundry_daggerheart_git/Foundry-daggerheart/Portable-FoundryVTT-v13.348/App/resources/app/dist/database/backend/server-document.mjs:1:3713)\n    at Function._migrateDocuments (file:///D:/Juegos/Foundry_daggerheart_git/Foundry-daggerheart/Portable-FoundryVTT-v13.348/App/resources/app/dist/database/backend/server-document.mjs:1:2782)","timestamp":"2026-05-24 17:01:11"}
{"level":"error","message":"An error occurred during the migration of Item record [vSb2cgaONvY0E2Rl] of database \"daggerheart-advmanager.all-features\":\nError: Documents from a core version newer than the running version cannot be migrated\n    at Function._migrateRecord (file:///D:/Juegos/Foundry_daggerheart_git/Foundry-daggerheart/Portable-FoundryVTT-v13.348/App/resources/app/dist/database/backend/server-document.mjs:1:3713)\n    at Function._migrateDocuments (file:///D:/Juegos/Foundry_daggerheart_git/Foundry-daggerheart/Portable-FoundryVTT-v13.348/App/resources/app/dist/database/backend/server-document.mjs:1:2782)","timestamp":"2026-05-24 17:01:11"}
{"level":"error","message":"An error occurred during the migration of Item record [vTyg8KalzPCiAz0g] of database \"daggerheart-advmanager.all-features\":\nError: Documents from a core version newer than the running version cannot be migrated\n    at Function._migrateRecord (file:///D:/Juegos/Foundry_daggerheart_git/Foundry-daggerheart/Portable-FoundryVTT-v13.348/App/resources/app/dist/database/backend/server-document.mjs:1:3713)\n    at Function._migrateDocuments (file:///D:/Juegos/Foundry_daggerheart_git/Foundry-daggerheart/Portable-FoundryVTT-v13.348/App/resources/app/dist/database/backend/server-document.mjs:1:2782)","timestamp":"2026-05-24 17:01:11"}
{"level":"error","message":"An error occurred during the migration of Item record [vUZ6aCQBacfj2bUs] of database \"daggerheart-advmanager.all-features\":\nError: Documents from a core version newer than the running version cannot be migrated\n    at Function._migrateRecord (file:///D:/Juegos/Foundry_daggerheart_git/Foundry-daggerheart/Portable-FoundryVTT-v13.348/App/resources/app/dist/database/backend/server-document.mjs:1:3713)\n    at Function._migrateDocuments (file:///D:/Juegos/Foundry_daggerheart_git/Foundry-daggerheart/Portable-FoundryVTT-v13.348/App/resources/app/dist/database/backend/server-document.mjs:1:2782)","timestamp":"2026-05-24 17:01:11"}
{"level":"error","message":"An error occurred during the migration of Item record [vdiF1JMBAavl4wb8] of database \"daggerheart-advmanager.all-features\":\nError: Documents from a core version newer than the running version cannot be migrated\n    at Function._migrateRecord (file:///D:/Juegos/Foundry_daggerheart_git/Foundry-daggerheart/Portable-FoundryVTT-v13.348/App/resources/app/dist/database/backend/server-document.mjs:1:3713)\n    at Function._migrateDocuments (file:///D:/Juegos/Foundry_daggerheart_git/Foundry-daggerheart/Portable-FoundryVTT-v13.348/App/resources/app/dist/database/backend/server-document.mjs:1:2782)","timestamp":"2026-05-24 17:01:11"}
{"level":"error","message":"An error occurred during the migration of Item record [vj5zJ73MGha7jrjy] of database \"daggerheart-advmanager.all-features\":\nError: Documents from a core version newer than the running version cannot be migrated\n    at Function._migrateRecord (file:///D:/Juegos/Foundry_daggerheart_git/Foundry-daggerheart/Portable-FoundryVTT-v13.348/App/resources/app/dist/database/backend/server-document.mjs:1:3713)\n    at Function._migrateDocuments (file:///D:/Juegos/Foundry_daggerheart_git/Foundry-daggerheart/Portable-FoundryVTT-v13.348/App/resources/app/dist/database/backend/server-document.mjs:1:2782)","timestamp":"2026-05-24 17:01:11"}
{"level":"error","message":"An error occurred during the migration of Item record [vkEAi6zDKxzDhZQ5] of database \"daggerheart-advmanager.all-features\":\nError: Documents from a core version newer than the running version cannot be migrated\n    at Function._migrateRecord (file:///D:/Juegos/Foundry_daggerheart_git/Foundry-daggerheart/Portable-FoundryVTT-v13.348/App/resources/app/dist/database/backend/server-document.mjs:1:3713)\n    at Function._migrateDocuments (file:///D:/Juegos/Foundry_daggerheart_git/Foundry-daggerheart/Portable-FoundryVTT-v13.348/App/resources/app/dist/database/backend/server-document.mjs:1:2782)","timestamp":"2026-05-24 17:01:11"}
{"level":"error","message":"An error occurred during the migration of Item record [vwZVHKLuvT2sGdnP] of database \"daggerheart-advmanager.all-features\":\nError: Documents from a core version newer than the running version cannot be migrated\n    at Function._migrateRecord (file:///D:/Juegos/Foundry_daggerheart_git/Foundry-daggerheart/Portable-FoundryVTT-v13.348/App/resources/app/dist/database/backend/server-document.mjs:1:3713)\n    at Function._migrateDocuments (file:///D:/Juegos/Foundry_daggerheart_git/Foundry-daggerheart/Portable-FoundryVTT-v13.348/App/resources/app/dist/database/backend/server-document.mjs:1:2782)","timestamp":"2026-05-24 17:01:11"}
{"level":"error","message":"An error occurred during the migration of Item record [wANwbKkav24ber2R] of database \"daggerheart-advmanager.all-features\":\nError: Documents from a core version newer than the running version cannot be migrated\n    at Function._migrateRecord (file:///D:/Juegos/Foundry_daggerheart_git/Foundry-daggerheart/Portable-FoundryVTT-v13.348/App/resources/app/dist/database/backend/server-document.mjs:1:3713)\n    at Function._migrateDocuments (file:///D:/Juegos/Foundry_daggerheart_git/Foundry-daggerheart/Portable-FoundryVTT-v13.348/App/resources/app/dist/database/backend/server-document.mjs:1:2782)","timestamp":"2026-05-24 17:01:11"}
{"level":"error","message":"An error occurred during the migration of Item record [wPBNSB0YZsh1vNuo] of database \"daggerheart-advmanager.all-features\":\nError: Documents from a core version newer than the running version cannot be migrated\n    at Function._migrateRecord (file:///D:/Juegos/Foundry_daggerheart_git/Foundry-daggerheart/Portable-FoundryVTT-v13.348/App/resources/app/dist/database/backend/server-document.mjs:1:3713)\n    at Function._migrateDocuments (file:///D:/Juegos/Foundry_daggerheart_git/Foundry-daggerheart/Portable-FoundryVTT-v13.348/App/resources/app/dist/database/backend/server-document.mjs:1:2782)","timestamp":"2026-05-24 17:01:11"}
{"level":"error","message":"An error occurred during the migration of Item record [wQvpN48lbFAnijfp] of database \"daggerheart-advmanager.all-features\":\nError: Documents from a core version newer than the running version cannot be migrated\n    at Function._migrateRecord (file:///D:/Juegos/Foundry_daggerheart_git/Foundry-daggerheart/Portable-FoundryVTT-v13.348/App/resources/app/dist/database/backend/server-document.mjs:1:3713)\n    at Function._migrateDocuments (file:///D:/Juegos/Foundry_daggerheart_git/Foundry-daggerheart/Portable-FoundryVTT-v13.348/App/resources/app/dist/database/backend/server-document.mjs:1:2782)","timestamp":"2026-05-24 17:01:11"}
{"level":"error","message":"An error occurred during the migration of Item record [wgYNteKVA3vpW0y6] of database \"daggerheart-advmanager.all-features\":\nError: Documents from a core version newer than the running version cannot be migrated\n    at Function._migrateRecord (file:///D:/Juegos/Foundry_daggerheart_git/Foundry-daggerheart/Portable-FoundryVTT-v13.348/App/resources/app/dist/database/backend/server-document.mjs:1:3713)\n    at Function._migrateDocuments (file:///D:/Juegos/Foundry_daggerheart_git/Foundry-daggerheart/Portable-FoundryVTT-v13.348/App/resources/app/dist/database/backend/server-document.mjs:1:2782)","timestamp":"2026-05-24 17:01:11"}
{"level":"error","message":"An error occurred during the migration of Item record [wlbXPEkeQZP1wFFO] of database \"daggerheart-advmanager.all-features\":\nError: Documents from a core version newer than the running version cannot be migrated\n    at Function._migrateRecord (file:///D:/Juegos/Foundry_daggerheart_git/Foundry-daggerheart/Portable-FoundryVTT-v13.348/App/resources/app/dist/database/backend/server-document.mjs:1:3713)\n    at Function._migrateDocuments (file:///D:/Juegos/Foundry_daggerheart_git/Foundry-daggerheart/Portable-FoundryVTT-v13.348/App/resources/app/dist/database/backend/server-document.mjs:1:2782)","timestamp":"2026-05-24 17:01:11"}
{"level":"error","message":"An error occurred during the migration of Item record [wyMwGkmQznFqrGIr] of database \"daggerheart-advmanager.all-features\":\nError: Documents from a core version newer than the running version cannot be migrated\n    at Function._migrateRecord (file:///D:/Juegos/Foundry_daggerheart_git/Foundry-daggerheart/Portable-FoundryVTT-v13.348/App/resources/app/dist/database/backend/server-document.mjs:1:3713)\n    at Function._migrateDocuments (file:///D:/Juegos/Foundry_daggerheart_git/Foundry-daggerheart/Portable-FoundryVTT-v13.348/App/resources/app/dist/database/backend/server-document.mjs:1:2782)","timestamp":"2026-05-24 17:01:11"}
{"level":"error","message":"An error occurred during the migration of Item record [xYeKuvDRenybIvBj] of database \"daggerheart-advmanager.all-features\":\nError: Documents from a core version newer than the running version cannot be migrated\n    at Function._migrateRecord (file:///D:/Juegos/Foundry_daggerheart_git/Foundry-daggerheart/Portable-FoundryVTT-v13.348/App/resources/app/dist/database/backend/server-document.mjs:1:3713)\n    at Function._migrateDocuments (file:///D:/Juegos/Foundry_daggerheart_git/Foundry-daggerheart/Portable-FoundryVTT-v13.348/App/resources/app/dist/database/backend/server-document.mjs:1:2782)","timestamp":"2026-05-24 17:01:11"}
{"level":"error","message":"An error occurred during the migration of Item record [xliBptGTFRuJjoOB] of database \"daggerheart-advmanager.all-features\":\nError: Documents from a core version newer than the running version cannot be migrated\n    at Function._migrateRecord (file:///D:/Juegos/Foundry_daggerheart_git/Foundry-daggerheart/Portable-FoundryVTT-v13.348/App/resources/app/dist/database/backend/server-document.mjs:1:3713)\n    at Function._migrateDocuments (file:///D:/Juegos/Foundry_daggerheart_git/Foundry-daggerheart/Portable-FoundryVTT-v13.348/App/resources/app/dist/database/backend/server-document.mjs:1:2782)","timestamp":"2026-05-24 17:01:11"}
{"level":"error","message":"An error occurred during the migration of Item record [xlsl1GVOoGf5hreC] of database \"daggerheart-advmanager.all-features\":\nError: Documents from a core version newer than the running version cannot be migrated\n    at Function._migrateRecord (file:///D:/Juegos/Foundry_daggerheart_git/Foundry-daggerheart/Portable-FoundryVTT-v13.348/App/resources/app/dist/database/backend/server-document.mjs:1:3713)\n    at Function._migrateDocuments (file:///D:/Juegos/Foundry_daggerheart_git/Foundry-daggerheart/Portable-FoundryVTT-v13.348/App/resources/app/dist/database/backend/server-document.mjs:1:2782)","timestamp":"2026-05-24 17:01:11"}
{"level":"error","message":"An error occurred during the migration of Item record [y0xtu60lwTLX2IX3] of database \"daggerheart-advmanager.all-features\":\nError: Documents from a core version newer than the running version cannot be migrated\n    at Function._migrateRecord (file:///D:/Juegos/Foundry_daggerheart_git/Foundry-daggerheart/Portable-FoundryVTT-v13.348/App/resources/app/dist/database/backend/server-document.mjs:1:3713)\n    at Function._migrateDocuments (file:///D:/Juegos/Foundry_daggerheart_git/Foundry-daggerheart/Portable-FoundryVTT-v13.348/App/resources/app/dist/database/backend/server-document.mjs:1:2782)","timestamp":"2026-05-24 17:01:11"}
{"level":"error","message":"An error occurred during the migration of Item record [y100L4NlcX9ttNnw] of database \"daggerheart-advmanager.all-features\":\nError: Documents from a core version newer than the running version cannot be migrated\n    at Function._migrateRecord (file:///D:/Juegos/Foundry_daggerheart_git/Foundry-daggerheart/Portable-FoundryVTT-v13.348/App/resources/app/dist/database/backend/server-document.mjs:1:3713)\n    at Function._migrateDocuments (file:///D:/Juegos/Foundry_daggerheart_git/Foundry-daggerheart/Portable-FoundryVTT-v13.348/App/resources/app/dist/database/backend/server-document.mjs:1:2782)","timestamp":"2026-05-24 17:01:11"}
{"level":"error","message":"An error occurred during the migration of Item record [y2xZkEcgJVWMz9I5] of database \"daggerheart-advmanager.all-features\":\nError: Documents from a core version newer than the running version cannot be migrated\n    at Function._migrateRecord (file:///D:/Juegos/Foundry_daggerheart_git/Foundry-daggerheart/Portable-FoundryVTT-v13.348/App/resources/app/dist/database/backend/server-document.mjs:1:3713)\n    at Function._migrateDocuments (file:///D:/Juegos/Foundry_daggerheart_git/Foundry-daggerheart/Portable-FoundryVTT-v13.348/App/resources/app/dist/database/backend/server-document.mjs:1:2782)","timestamp":"2026-05-24 17:01:11"}
{"level":"error","message":"An error occurred during the migration of Item record [y5m7bOKUQej3kTIB] of database \"daggerheart-advmanager.all-features\":\nError: Documents from a core version newer than the running version cannot be migrated\n    at Function._migrateRecord (file:///D:/Juegos/Foundry_daggerheart_git/Foundry-daggerheart/Portable-FoundryVTT-v13.348/App/resources/app/dist/database/backend/server-document.mjs:1:3713)\n    at Function._migrateDocuments (file:///D:/Juegos/Foundry_daggerheart_git/Foundry-daggerheart/Portable-FoundryVTT-v13.348/App/resources/app/dist/database/backend/server-document.mjs:1:2782)","timestamp":"2026-05-24 17:01:11"}
{"level":"error","message":"An error occurred during the migration of Item record [y7i3Slv6fNce5rRG] of database \"daggerheart-advmanager.all-features\":\nError: Documents from a core version newer than the running version cannot be migrated\n    at Function._migrateRecord (file:///D:/Juegos/Foundry_daggerheart_git/Foundry-daggerheart/Portable-FoundryVTT-v13.348/App/resources/app/dist/database/backend/server-document.mjs:1:3713)\n    at Function._migrateDocuments (file:///D:/Juegos/Foundry_daggerheart_git/Foundry-daggerheart/Portable-FoundryVTT-v13.348/App/resources/app/dist/database/backend/server-document.mjs:1:2782)","timestamp":"2026-05-24 17:01:11"}
{"level":"error","message":"An error occurred during the migration of Item record [yHl59Ia39TPi8Kq3] of database \"daggerheart-advmanager.all-features\":\nError: Documents from a core version newer than the running version cannot be migrated\n    at Function._migrateRecord (file:///D:/Juegos/Foundry_daggerheart_git/Foundry-daggerheart/Portable-FoundryVTT-v13.348/App/resources/app/dist/database/backend/server-document.mjs:1:3713)\n    at Function._migrateDocuments (file:///D:/Juegos/Foundry_daggerheart_git/Foundry-daggerheart/Portable-FoundryVTT-v13.348/App/resources/app/dist/database/backend/server-document.mjs:1:2782)","timestamp":"2026-05-24 17:01:11"}
{"level":"error","message":"An error occurred during the migration of Item record [yKC7UMSc81TywWWF] of database \"daggerheart-advmanager.all-features\":\nError: Documents from a core version newer than the running version cannot be migrated\n    at Function._migrateRecord (file:///D:/Juegos/Foundry_daggerheart_git/Foundry-daggerheart/Portable-FoundryVTT-v13.348/App/resources/app/dist/database/backend/server-document.mjs:1:3713)\n    at Function._migrateDocuments (file:///D:/Juegos/Foundry_daggerheart_git/Foundry-daggerheart/Portable-FoundryVTT-v13.348/App/resources/app/dist/database/backend/server-document.mjs:1:2782)","timestamp":"2026-05-24 17:01:11"}
{"level":"error","message":"An error occurred during the migration of Item record [yORw3XEYOQphhuub] of database \"daggerheart-advmanager.all-features\":\nError: Documents from a core version newer than the running version cannot be migrated\n    at Function._migrateRecord (file:///D:/Juegos/Foundry_daggerheart_git/Foundry-daggerheart/Portable-FoundryVTT-v13.348/App/resources/app/dist/database/backend/server-document.mjs:1:3713)\n    at Function._migrateDocuments (file:///D:/Juegos/Foundry_daggerheart_git/Foundry-daggerheart/Portable-FoundryVTT-v13.348/App/resources/app/dist/database/backend/server-document.mjs:1:2782)","timestamp":"2026-05-24 17:01:11"}
{"level":"error","message":"An error occurred during the migration of Item record [yTI5cuYKCoBh98v9] of database \"daggerheart-advmanager.all-features\":\nError: Documents from a core version newer than the running version cannot be migrated\n    at Function._migrateRecord (file:///D:/Juegos/Foundry_daggerheart_git/Foundry-daggerheart/Portable-FoundryVTT-v13.348/App/resources/app/dist/database/backend/server-document.mjs:1:3713)\n    at Function._migrateDocuments (file:///D:/Juegos/Foundry_daggerheart_git/Foundry-daggerheart/Portable-FoundryVTT-v13.348/App/resources/app/dist/database/backend/server-document.mjs:1:2782)","timestamp":"2026-05-24 17:01:11"}
{"level":"error","message":"An error occurred during the migration of Item record [ya5a3bF5MyAo7xMV] of database \"daggerheart-advmanager.all-features\":\nError: Documents from a core version newer than the running version cannot be migrated\n    at Function._migrateRecord (file:///D:/Juegos/Foundry_daggerheart_git/Foundry-daggerheart/Portable-FoundryVTT-v13.348/App/resources/app/dist/database/backend/server-document.mjs:1:3713)\n    at Function._migrateDocuments (file:///D:/Juegos/Foundry_daggerheart_git/Foundry-daggerheart/Portable-FoundryVTT-v13.348/App/resources/app/dist/database/backend/server-document.mjs:1:2782)","timestamp":"2026-05-24 17:01:11"}
{"level":"error","message":"An error occurred during the migration of Item record [yntz0YUQmS1GlJoF] of database \"daggerheart-advmanager.all-features\":\nError: Documents from a core version newer than the running version cannot be migrated\n    at Function._migrateRecord (file:///D:/Juegos/Foundry_daggerheart_git/Foundry-daggerheart/Portable-FoundryVTT-v13.348/App/resources/app/dist/database/backend/server-document.mjs:1:3713)\n    at Function._migrateDocuments (file:///D:/Juegos/Foundry_daggerheart_git/Foundry-daggerheart/Portable-FoundryVTT-v13.348/App/resources/app/dist/database/backend/server-document.mjs:1:2782)","timestamp":"2026-05-24 17:01:11"}
{"level":"error","message":"An error occurred during the migration of Item record [ypqURBoYBr93eg5k] of database \"daggerheart-advmanager.all-features\":\nError: Documents from a core version newer than the running version cannot be migrated\n    at Function._migrateRecord (file:///D:/Juegos/Foundry_daggerheart_git/Foundry-daggerheart/Portable-FoundryVTT-v13.348/App/resources/app/dist/database/backend/server-document.mjs:1:3713)\n    at Function._migrateDocuments (file:///D:/Juegos/Foundry_daggerheart_git/Foundry-daggerheart/Portable-FoundryVTT-v13.348/App/resources/app/dist/database/backend/server-document.mjs:1:2782)","timestamp":"2026-05-24 17:01:11"}
{"level":"error","message":"An error occurred during the migration of Item record [yuV859tJtojxEev0] of database \"daggerheart-advmanager.all-features\":\nError: Documents from a core version newer than the running version cannot be migrated\n    at Function._migrateRecord (file:///D:/Juegos/Foundry_daggerheart_git/Foundry-daggerheart/Portable-FoundryVTT-v13.348/App/resources/app/dist/database/backend/server-document.mjs:1:3713)\n    at Function._migrateDocuments (file:///D:/Juegos/Foundry_daggerheart_git/Foundry-daggerheart/Portable-FoundryVTT-v13.348/App/resources/app/dist/database/backend/server-document.mjs:1:2782)","timestamp":"2026-05-24 17:01:11"}
{"level":"error","message":"An error occurred during the migration of Item record [z9ZnafwI1iHo5WsB] of database \"daggerheart-advmanager.all-features\":\nError: Documents from a core version newer than the running version cannot be migrated\n    at Function._migrateRecord (file:///D:/Juegos/Foundry_daggerheart_git/Foundry-daggerheart/Portable-FoundryVTT-v13.348/App/resources/app/dist/database/backend/server-document.mjs:1:3713)\n    at Function._migrateDocuments (file:///D:/Juegos/Foundry_daggerheart_git/Foundry-daggerheart/Portable-FoundryVTT-v13.348/App/resources/app/dist/database/backend/server-document.mjs:1:2782)","timestamp":"2026-05-24 17:01:11"}
{"level":"error","message":"An error occurred during the migration of Item record [zOvWtr3bdBwgXFBX] of database \"daggerheart-advmanager.all-features\":\nError: Documents from a core version newer than the running version cannot be migrated\n    at Function._migrateRecord (file:///D:/Juegos/Foundry_daggerheart_git/Foundry-daggerheart/Portable-FoundryVTT-v13.348/App/resources/app/dist/database/backend/server-document.mjs:1:3713)\n    at Function._migrateDocuments (file:///D:/Juegos/Foundry_daggerheart_git/Foundry-daggerheart/Portable-FoundryVTT-v13.348/App/resources/app/dist/database/backend/server-document.mjs:1:2782)","timestamp":"2026-05-24 17:01:11"}
{"level":"error","message":"An error occurred during the migration of Item record [zOyoRZPEigvqqp8B] of database \"daggerheart-advmanager.all-features\":\nError: Documents from a core version newer than the running version cannot be migrated\n    at Function._migrateRecord (file:///D:/Juegos/Foundry_daggerheart_git/Foundry-daggerheart/Portable-FoundryVTT-v13.348/App/resources/app/dist/database/backend/server-document.mjs:1:3713)\n    at Function._migrateDocuments (file:///D:/Juegos/Foundry_daggerheart_git/Foundry-daggerheart/Portable-FoundryVTT-v13.348/App/resources/app/dist/database/backend/server-document.mjs:1:2782)","timestamp":"2026-05-24 17:01:11"}
{"level":"error","message":"An error occurred during the migration of Item record [zR572rxBBpODLqHe] of database \"daggerheart-advmanager.all-features\":\nError: Documents from a core version newer than the running version cannot be migrated\n    at Function._migrateRecord (file:///D:/Juegos/Foundry_daggerheart_git/Foundry-daggerheart/Portable-FoundryVTT-v13.348/App/resources/app/dist/database/backend/server-document.mjs:1:3713)\n    at Function._migrateDocuments (file:///D:/Juegos/Foundry_daggerheart_git/Foundry-daggerheart/Portable-FoundryVTT-v13.348/App/resources/app/dist/database/backend/server-document.mjs:1:2782)","timestamp":"2026-05-24 17:01:11"}
{"level":"error","message":"An error occurred during the migration of Item record [zRn71SyKnysT8s7I] of database \"daggerheart-advmanager.all-features\":\nError: Documents from a core version newer than the running version cannot be migrated\n    at Function._migrateRecord (file:///D:/Juegos/Foundry_daggerheart_git/Foundry-daggerheart/Portable-FoundryVTT-v13.348/App/resources/app/dist/database/backend/server-document.mjs:1:3713)\n    at Function._migrateDocuments (file:///D:/Juegos/Foundry_daggerheart_git/Foundry-daggerheart/Portable-FoundryVTT-v13.348/App/resources/app/dist/database/backend/server-document.mjs:1:2782)","timestamp":"2026-05-24 17:01:11"}
{"level":"error","message":"An error occurred during the migration of Item record [zTD3MulSIc6dWNqn] of database \"daggerheart-advmanager.all-features\":\nError: Documents from a core version newer than the running version cannot be migrated\n    at Function._migrateRecord (file:///D:/Juegos/Foundry_daggerheart_git/Foundry-daggerheart/Portable-FoundryVTT-v13.348/App/resources/app/dist/database/backend/server-document.mjs:1:3713)\n    at Function._migrateDocuments (file:///D:/Juegos/Foundry_daggerheart_git/Foundry-daggerheart/Portable-FoundryVTT-v13.348/App/resources/app/dist/database/backend/server-document.mjs:1:2782)","timestamp":"2026-05-24 17:01:11"}
{"level":"error","message":"An error occurred during the migration of Item record [zZt7IqhVI6bsi6ml] of database \"daggerheart-advmanager.all-features\":\nError: Documents from a core version newer than the running version cannot be migrated\n    at Function._migrateRecord (file:///D:/Juegos/Foundry_daggerheart_git/Foundry-daggerheart/Portable-FoundryVTT-v13.348/App/resources/app/dist/database/backend/server-document.mjs:1:3713)\n    at Function._migrateDocuments (file:///D:/Juegos/Foundry_daggerheart_git/Foundry-daggerheart/Portable-FoundryVTT-v13.348/App/resources/app/dist/database/backend/server-document.mjs:1:2782)","timestamp":"2026-05-24 17:01:11"}
{"level":"error","message":"An error occurred during the migration of Item record [zh1b56CINKMb7gv9] of database \"daggerheart-advmanager.all-features\":\nError: Documents from a core version newer than the running version cannot be migrated\n    at Function._migrateRecord (file:///D:/Juegos/Foundry_daggerheart_git/Foundry-daggerheart/Portable-FoundryVTT-v13.348/App/resources/app/dist/database/backend/server-document.mjs:1:3713)\n    at Function._migrateDocuments (file:///D:/Juegos/Foundry_daggerheart_git/Foundry-daggerheart/Portable-FoundryVTT-v13.348/App/resources/app/dist/database/backend/server-document.mjs:1:2782)","timestamp":"2026-05-24 17:01:11"}
{"level":"error","message":"An error occurred during the migration of Item record [zknpuH5Fx2xXEFpE] of database \"daggerheart-advmanager.all-features\":\nError: Documents from a core version newer than the running version cannot be migrated\n    at Function._migrateRecord (file:///D:/Juegos/Foundry_daggerheart_git/Foundry-daggerheart/Portable-FoundryVTT-v13.348/App/resources/app/dist/database/backend/server-document.mjs:1:3713)\n    at Function._migrateDocuments (file:///D:/Juegos/Foundry_daggerheart_git/Foundry-daggerheart/Portable-FoundryVTT-v13.348/App/resources/app/dist/database/backend/server-document.mjs:1:2782)","timestamp":"2026-05-24 17:01:11"}
{"level":"error","message":"An error occurred during the migration of Item record [zlDJGBI9X8CJg2d5] of database \"daggerheart-advmanager.all-features\":\nError: Documents from a core version newer than the running version cannot be migrated\n    at Function._migrateRecord (file:///D:/Juegos/Foundry_daggerheart_git/Foundry-daggerheart/Portable-FoundryVTT-v13.348/App/resources/app/dist/database/backend/server-document.mjs:1:3713)\n    at Function._migrateDocuments (file:///D:/Juegos/Foundry_daggerheart_git/Foundry-daggerheart/Portable-FoundryVTT-v13.348/App/resources/app/dist/database/backend/server-document.mjs:1:2782)","timestamp":"2026-05-24 17:01:11"}
{"level":"warn","message":"Database daggerheart-advmanager.all-features was not fully migrated due to errors during migration.","timestamp":"2026-05-24 17:01:11"}
{"level":"info","message":"Launching World | Migrating Package Data - 37%","timestamp":"2026-05-24 17:01:11"}
{"level":"error","message":"An error occurred during the migration of Macro record [WbRm9MnIxX51Svky] of database \"daggerheart-advmanager.macros\":\nError: Documents from a core version newer than the running version cannot be migrated\n    at Function._migrateRecord (file:///D:/Juegos/Foundry_daggerheart_git/Foundry-daggerheart/Portable-FoundryVTT-v13.348/App/resources/app/dist/database/backend/server-document.mjs:1:3713)\n    at Function._migrateDocuments (file:///D:/Juegos/Foundry_daggerheart_git/Foundry-daggerheart/Portable-FoundryVTT-v13.348/App/resources/app/dist/database/backend/server-document.mjs:1:2782)","timestamp":"2026-05-24 17:01:11"}
{"level":"error","message":"An error occurred during the migration of Macro record [X5uzGSPS5UfmB8rd] of database \"daggerheart-advmanager.macros\":\nError: Documents from a core version newer than the running version cannot be migrated\n    at Function._migrateRecord (file:///D:/Juegos/Foundry_daggerheart_git/Foundry-daggerheart/Portable-FoundryVTT-v13.348/App/resources/app/dist/database/backend/server-document.mjs:1:3713)\n    at Function._migrateDocuments (file:///D:/Juegos/Foundry_daggerheart_git/Foundry-daggerheart/Portable-FoundryVTT-v13.348/App/resources/app/dist/database/backend/server-document.mjs:1:2782)","timestamp":"2026-05-24 17:01:11"}
{"level":"error","message":"An error occurred during the migration of Macro record [mELB8HfT2k7k3YwQ] of database \"daggerheart-advmanager.macros\":\nError: Documents from a core version newer than the running version cannot be migrated\n    at Function._migrateRecord (file:///D:/Juegos/Foundry_daggerheart_git/Foundry-daggerheart/Portable-FoundryVTT-v13.348/App/resources/app/dist/database/backend/server-document.mjs:1:3713)\n    at Function._migrateDocuments (file:///D:/Juegos/Foundry_daggerheart_git/Foundry-daggerheart/Portable-FoundryVTT-v13.348/App/resources/app/dist/database/backend/server-document.mjs:1:2782)","timestamp":"2026-05-24 17:01:11"}
{"level":"error","message":"An error occurred during the migration of Macro record [tx5BOb4uDCCj7fEO] of database \"daggerheart-advmanager.macros\":\nError: Documents from a core version newer than the running version cannot be migrated\n    at Function._migrateRecord (file:///D:/Juegos/Foundry_daggerheart_git/Foundry-daggerheart/Portable-FoundryVTT-v13.348/App/resources/app/dist/database/backend/server-document.mjs:1:3713)\n    at Function._migrateDocuments (file:///D:/Juegos/Foundry_daggerheart_git/Foundry-daggerheart/Portable-FoundryVTT-v13.348/App/resources/app/dist/database/backend/server-document.mjs:1:2782)","timestamp":"2026-05-24 17:01:11"}
{"level":"error","message":"An error occurred during the migration of Macro record [uvAlpxWSA3uVepDq] of database \"daggerheart-advmanager.macros\":\nError: Documents from a core version newer than the running version cannot be migrated\n    at Function._migrateRecord (file:///D:/Juegos/Foundry_daggerheart_git/Foundry-daggerheart/Portable-FoundryVTT-v13.348/App/resources/app/dist/database/backend/server-document.mjs:1:3713)\n    at Function._migrateDocuments (file:///D:/Juegos/Foundry_daggerheart_git/Foundry-daggerheart/Portable-FoundryVTT-v13.348/App/resources/app/dist/database/backend/server-document.mjs:1:2782)","timestamp":"2026-05-24 17:01:11"}
{"level":"warn","message":"Database daggerheart-advmanager.macros was not fully migrated due to errors during migration.","timestamp":"2026-05-24 17:01:11"}
{"level":"info","message":"Launching World | Migrating Package Data - 39%","timestamp":"2026-05-24 17:01:11"}
{"level":"error","message":"An error occurred during the migration of Actor record [3QuaJOFf07f1Gpnb] of database \"daggerheart-advmanager.templates\":\nError: Documents from a core version newer than the running version cannot be migrated\n    at Function._migrateRecord (file:///D:/Juegos/Foundry_daggerheart_git/Foundry-daggerheart/Portable-FoundryVTT-v13.348/App/resources/app/dist/database/backend/server-document.mjs:1:3713)\n    at Function._migrateDocuments (file:///D:/Juegos/Foundry_daggerheart_git/Foundry-daggerheart/Portable-FoundryVTT-v13.348/App/resources/app/dist/database/backend/server-document.mjs:1:2782)","timestamp":"2026-05-24 17:01:11"}
{"level":"error","message":"An error occurred during the migration of Actor record [7cG2Zzf72jPSPRW0] of database \"daggerheart-advmanager.templates\":\nError: Documents from a core version newer than the running version cannot be migrated\n    at Function._migrateRecord (file:///D:/Juegos/Foundry_daggerheart_git/Foundry-daggerheart/Portable-FoundryVTT-v13.348/App/resources/app/dist/database/backend/server-document.mjs:1:3713)\n    at Function._migrateDocuments (file:///D:/Juegos/Foundry_daggerheart_git/Foundry-daggerheart/Portable-FoundryVTT-v13.348/App/resources/app/dist/database/backend/server-document.mjs:1:2782)","timestamp":"2026-05-24 17:01:11"}
{"level":"error","message":"An error occurred during the migration of Actor record [JRAT3njXd89IVgd2] of database \"daggerheart-advmanager.templates\":\nError: Documents from a core version newer than the running version cannot be migrated\n    at Function._migrateRecord (file:///D:/Juegos/Foundry_daggerheart_git/Foundry-daggerheart/Portable-FoundryVTT-v13.348/App/resources/app/dist/database/backend/server-document.mjs:1:3713)\n    at Function._migrateDocuments (file:///D:/Juegos/Foundry_daggerheart_git/Foundry-daggerheart/Portable-FoundryVTT-v13.348/App/resources/app/dist/database/backend/server-document.mjs:1:2782)","timestamp":"2026-05-24 17:01:11"}
{"level":"error","message":"An error occurred during the migration of Actor record [UcCs67D4Bdynvz0K] of database \"daggerheart-advmanager.templates\":\nError: Documents from a core version newer than the running version cannot be migrated\n    at Function._migrateRecord (file:///D:/Juegos/Foundry_daggerheart_git/Foundry-daggerheart/Portable-FoundryVTT-v13.348/App/resources/app/dist/database/backend/server-document.mjs:1:3713)\n    at Function._migrateDocuments (file:///D:/Juegos/Foundry_daggerheart_git/Foundry-daggerheart/Portable-FoundryVTT-v13.348/App/resources/app/dist/database/backend/server-document.mjs:1:2782)","timestamp":"2026-05-24 17:01:11"}
{"level":"error","message":"An error occurred during the migration of Actor record [XCRpdycNjpNsYZgL] of database \"daggerheart-advmanager.templates\":\nError: Documents from a core version newer than the running version cannot be migrated\n    at Function._migrateRecord (file:///D:/Juegos/Foundry_daggerheart_git/Foundry-daggerheart/Portable-FoundryVTT-v13.348/App/resources/app/dist/database/backend/server-document.mjs:1:3713)\n    at Function._migrateDocuments (file:///D:/Juegos/Foundry_daggerheart_git/Foundry-daggerheart/Portable-FoundryVTT-v13.348/App/resources/app/dist/database/backend/server-document.mjs:1:2782)","timestamp":"2026-05-24 17:01:11"}
{"level":"error","message":"An error occurred during the migration of Actor record [imvP9Fn4CyNGbpr0] of database \"daggerheart-advmanager.templates\":\nError: Documents from a core version newer than the running version cannot be migrated\n    at Function._migrateRecord (file:///D:/Juegos/Foundry_daggerheart_git/Foundry-daggerheart/Portable-FoundryVTT-v13.348/App/resources/app/dist/database/backend/server-document.mjs:1:3713)\n    at Function._migrateDocuments (file:///D:/Juegos/Foundry_daggerheart_git/Foundry-daggerheart/Portable-FoundryVTT-v13.348/App/resources/app/dist/database/backend/server-document.mjs:1:2782)","timestamp":"2026-05-24 17:01:11"}
{"level":"error","message":"An error occurred during the migration of Actor record [nncDKO2OaTh8mJE2] of database \"daggerheart-advmanager.templates\":\nError: Documents from a core version newer than the running version cannot be migrated\n    at Function._migrateRecord (file:///D:/Juegos/Foundry_daggerheart_git/Foundry-daggerheart/Portable-FoundryVTT-v13.348/App/resources/app/dist/database/backend/server-document.mjs:1:3713)\n    at Function._migrateDocuments (file:///D:/Juegos/Foundry_daggerheart_git/Foundry-daggerheart/Portable-FoundryVTT-v13.348/App/resources/app/dist/database/backend/server-document.mjs:1:2782)","timestamp":"2026-05-24 17:01:11"}
{"level":"error","message":"An error occurred during the migration of Actor record [os0kYaAWk16oKuEQ] of database \"daggerheart-advmanager.templates\":\nError: Documents from a core version newer than the running version cannot be migrated\n    at Function._migrateRecord (file:///D:/Juegos/Foundry_daggerheart_git/Foundry-daggerheart/Portable-FoundryVTT-v13.348/App/resources/app/dist/database/backend/server-document.mjs:1:3713)\n    at Function._migrateDocuments (file:///D:/Juegos/Foundry_daggerheart_git/Foundry-daggerheart/Portable-FoundryVTT-v13.348/App/resources/app/dist/database/backend/server-document.mjs:1:2782)","timestamp":"2026-05-24 17:01:11"}
{"level":"error","message":"An error occurred during the migration of Actor record [svn5cSZDB2K7xKUb] of database \"daggerheart-advmanager.templates\":\nError: Documents from a core version newer than the running version cannot be migrated\n    at Function._migrateRecord (file:///D:/Juegos/Foundry_daggerheart_git/Foundry-daggerheart/Portable-FoundryVTT-v13.348/App/resources/app/dist/database/backend/server-document.mjs:1:3713)\n    at Function._migrateDocuments (file:///D:/Juegos/Foundry_daggerheart_git/Foundry-daggerheart/Portable-FoundryVTT-v13.348/App/resources/app/dist/database/backend/server-document.mjs:1:2782)","timestamp":"2026-05-24 17:01:11"}
{"level":"error","message":"An error occurred during the migration of Actor record [yMO82g01P4RVB92T] of database \"daggerheart-advmanager.templates\":\nError: Documents from a core version newer than the running version cannot be migrated\n    at Function._migrateRecord (file:///D:/Juegos/Foundry_daggerheart_git/Foundry-daggerheart/Portable-FoundryVTT-v13.348/App/resources/app/dist/database/backend/server-document.mjs:1:3713)\n    at Function._migrateDocuments (file:///D:/Juegos/Foundry_daggerheart_git/Foundry-daggerheart/Portable-FoundryVTT-v13.348/App/resources/app/dist/database/backend/server-document.mjs:1:2782)","timestamp":"2026-05-24 17:01:11"}
{"level":"warn","message":"Database daggerheart-advmanager.templates was not fully migrated due to errors during migration.","timestamp":"2026-05-24 17:01:11"}
{"level":"info","message":"Launching World | Migrating Package Data - 41%","timestamp":"2026-05-24 17:01:11"}
{"level":"info","message":"Launching World | Migrating Package Data - 43%","timestamp":"2026-05-24 17:01:11"}
{"level":"error","message":"An error occurred during the migration of Macro record [AksCh0ciaGx7BuyA] of database \"daggerheart-extra-content.macros\":\nError: Documents from a core version newer than the running version cannot be migrated\n    at Function._migrateRecord (file:///D:/Juegos/Foundry_daggerheart_git/Foundry-daggerheart/Portable-FoundryVTT-v13.348/App/resources/app/dist/database/backend/server-document.mjs:1:3713)\n    at Function._migrateDocuments (file:///D:/Juegos/Foundry_daggerheart_git/Foundry-daggerheart/Portable-FoundryVTT-v13.348/App/resources/app/dist/database/backend/server-document.mjs:1:2782)","timestamp":"2026-05-24 17:01:11"}
{"level":"error","message":"An error occurred during the migration of Macro record [Ek2uYtA3xm78MKEc] of database \"daggerheart-extra-content.macros\":\nError: Documents from a core version newer than the running version cannot be migrated\n    at Function._migrateRecord (file:///D:/Juegos/Foundry_daggerheart_git/Foundry-daggerheart/Portable-FoundryVTT-v13.348/App/resources/app/dist/database/backend/server-document.mjs:1:3713)\n    at Function._migrateDocuments (file:///D:/Juegos/Foundry_daggerheart_git/Foundry-daggerheart/Portable-FoundryVTT-v13.348/App/resources/app/dist/database/backend/server-document.mjs:1:2782)","timestamp":"2026-05-24 17:01:11"}
{"level":"error","message":"An error occurred during the migration of Macro record [FUXtgmbsROZ9EZ64] of database \"daggerheart-extra-content.macros\":\nError: Documents from a core version newer than the running version cannot be migrated\n    at Function._migrateRecord (file:///D:/Juegos/Foundry_daggerheart_git/Foundry-daggerheart/Portable-FoundryVTT-v13.348/App/resources/app/dist/database/backend/server-document.mjs:1:3713)\n    at Function._migrateDocuments (file:///D:/Juegos/Foundry_daggerheart_git/Foundry-daggerheart/Portable-FoundryVTT-v13.348/App/resources/app/dist/database/backend/server-document.mjs:1:2782)","timestamp":"2026-05-24 17:01:11"}
{"level":"error","message":"An error occurred during the migration of Macro record [KMIecMvorWDWynzv] of database \"daggerheart-extra-content.macros\":\nError: Documents from a core version newer than the running version cannot be migrated\n    at Function._migrateRecord (file:///D:/Juegos/Foundry_daggerheart_git/Foundry-daggerheart/Portable-FoundryVTT-v13.348/App/resources/app/dist/database/backend/server-document.mjs:1:3713)\n    at Function._migrateDocuments (file:///D:/Juegos/Foundry_daggerheart_git/Foundry-daggerheart/Portable-FoundryVTT-v13.348/App/resources/app/dist/database/backend/server-document.mjs:1:2782)","timestamp":"2026-05-24 17:01:11"}
{"level":"error","message":"An error occurred during the migration of Macro record [MrVaunevxMfD1jiI] of database \"daggerheart-extra-content.macros\":\nError: Documents from a core version newer than the running version cannot be migrated\n    at Function._migrateRecord (file:///D:/Juegos/Foundry_daggerheart_git/Foundry-daggerheart/Portable-FoundryVTT-v13.348/App/resources/app/dist/database/backend/server-document.mjs:1:3713)\n    at Function._migrateDocuments (file:///D:/Juegos/Foundry_daggerheart_git/Foundry-daggerheart/Portable-FoundryVTT-v13.348/App/resources/app/dist/database/backend/server-document.mjs:1:2782)","timestamp":"2026-05-24 17:01:11"}
{"level":"error","message":"An error occurred during the migration of Macro record [f4seowyhjSLdBpIw] of database \"daggerheart-extra-content.macros\":\nError: Documents from a core version newer than the running version cannot be migrated\n    at Function._migrateRecord (file:///D:/Juegos/Foundry_daggerheart_git/Foundry-daggerheart/Portable-FoundryVTT-v13.348/App/resources/app/dist/database/backend/server-document.mjs:1:3713)\n    at Function._migrateDocuments (file:///D:/Juegos/Foundry_daggerheart_git/Foundry-daggerheart/Portable-FoundryVTT-v13.348/App/resources/app/dist/database/backend/server-document.mjs:1:2782)","timestamp":"2026-05-24 17:01:11"}
{"level":"error","message":"An error occurred during the migration of Macro record [lCYBPohT8hPPOpeK] of database \"daggerheart-extra-content.macros\":\nError: Documents from a core version newer than the running version cannot be migrated\n    at Function._migrateRecord (file:///D:/Juegos/Foundry_daggerheart_git/Foundry-daggerheart/Portable-FoundryVTT-v13.348/App/resources/app/dist/database/backend/server-document.mjs:1:3713)\n    at Function._migrateDocuments (file:///D:/Juegos/Foundry_daggerheart_git/Foundry-daggerheart/Portable-FoundryVTT-v13.348/App/resources/app/dist/database/backend/server-document.mjs:1:2782)","timestamp":"2026-05-24 17:01:11"}
{"level":"error","message":"An error occurred during the migration of Macro record [mu2CD5fN0NvxcqYl] of database \"daggerheart-extra-content.macros\":\nError: Documents from a core version newer than the running version cannot be migrated\n    at Function._migrateRecord (file:///D:/Juegos/Foundry_daggerheart_git/Foundry-daggerheart/Portable-FoundryVTT-v13.348/App/resources/app/dist/database/backend/server-document.mjs:1:3713)\n    at Function._migrateDocuments (file:///D:/Juegos/Foundry_daggerheart_git/Foundry-daggerheart/Portable-FoundryVTT-v13.348/App/resources/app/dist/database/backend/server-document.mjs:1:2782)","timestamp":"2026-05-24 17:01:11"}
{"level":"error","message":"An error occurred during the migration of Macro record [zWi79s5QqaZnMMtX] of database \"daggerheart-extra-content.macros\":\nError: Documents from a core version newer than the running version cannot be migrated\n    at Function._migrateRecord (file:///D:/Juegos/Foundry_daggerheart_git/Foundry-daggerheart/Portable-FoundryVTT-v13.348/App/resources/app/dist/database/backend/server-document.mjs:1:3713)\n    at Function._migrateDocuments (file:///D:/Juegos/Foundry_daggerheart_git/Foundry-daggerheart/Portable-FoundryVTT-v13.348/App/resources/app/dist/database/backend/server-document.mjs:1:2782)","timestamp":"2026-05-24 17:01:11"}
{"level":"warn","message":"Database daggerheart-extra-content.macros was not fully migrated due to errors during migration.","timestamp":"2026-05-24 17:01:11"}
{"level":"info","message":"Launching World | Migrating Package Data - 45%","timestamp":"2026-05-24 17:01:11"}
{"level":"info","message":"Launching World | Migrating Package Data - 47%","timestamp":"2026-05-24 17:01:11"}
{"level":"info","message":"Launching World | Migrating Package Data - 49%","timestamp":"2026-05-24 17:01:11"}
{"level":"info","message":"Launching World | Migrating Package Data - 51%","timestamp":"2026-05-24 17:01:11"}
{"level":"info","message":"Launching World | Migrating Package Data - 53%","timestamp":"2026-05-24 17:01:11"}
{"level":"error","message":"An error occurred during the migration of Actor record [2owady11IfU1vset] of database \"daggerheart-extra-content.more-adversaries\":\nError: Documents from a core version newer than the running version cannot be migrated\n    at Function._migrateRecord (file:///D:/Juegos/Foundry_daggerheart_git/Foundry-daggerheart/Portable-FoundryVTT-v13.348/App/resources/app/dist/database/backend/server-document.mjs:1:3713)\n    at Function._migrateDocuments (file:///D:/Juegos/Foundry_daggerheart_git/Foundry-daggerheart/Portable-FoundryVTT-v13.348/App/resources/app/dist/database/backend/server-document.mjs:1:2782)","timestamp":"2026-05-24 17:01:11"}
{"level":"error","message":"An error occurred during the migration of Actor record [3wZn34orKgheuXnE] of database \"daggerheart-extra-content.more-adversaries\":\nError: Documents from a core version newer than the running version cannot be migrated\n    at Function._migrateRecord (file:///D:/Juegos/Foundry_daggerheart_git/Foundry-daggerheart/Portable-FoundryVTT-v13.348/App/resources/app/dist/database/backend/server-document.mjs:1:3713)\n    at Function._migrateDocuments (file:///D:/Juegos/Foundry_daggerheart_git/Foundry-daggerheart/Portable-FoundryVTT-v13.348/App/resources/app/dist/database/backend/server-document.mjs:1:2782)","timestamp":"2026-05-24 17:01:11"}
{"level":"error","message":"An error occurred during the migration of Actor record [4GkDrUgRyp9FHTAN] of database \"daggerheart-extra-content.more-adversaries\":\nError: Documents from a core version newer than the running version cannot be migrated\n    at Function._migrateRecord (file:///D:/Juegos/Foundry_daggerheart_git/Foundry-daggerheart/Portable-FoundryVTT-v13.348/App/resources/app/dist/database/backend/server-document.mjs:1:3713)\n    at Function._migrateDocuments (file:///D:/Juegos/Foundry_daggerheart_git/Foundry-daggerheart/Portable-FoundryVTT-v13.348/App/resources/app/dist/database/backend/server-document.mjs:1:2782)","timestamp":"2026-05-24 17:01:11"}
{"level":"error","message":"An error occurred during the migration of Actor record [6wxPxm4joQnoIjdX] of database \"daggerheart-extra-content.more-adversaries\":\nError: Documents from a core version newer than the running version cannot be migrated\n    at Function._migrateRecord (file:///D:/Juegos/Foundry_daggerheart_git/Foundry-daggerheart/Portable-FoundryVTT-v13.348/App/resources/app/dist/database/backend/server-document.mjs:1:3713)\n    at Function._migrateDocuments (file:///D:/Juegos/Foundry_daggerheart_git/Foundry-daggerheart/Portable-FoundryVTT-v13.348/App/resources/app/dist/database/backend/server-document.mjs:1:2782)","timestamp":"2026-05-24 17:01:11"}
{"level":"error","message":"An error occurred during the migration of Actor record [CBjyTRc9xNjmDAM4] of database \"daggerheart-extra-content.more-adversaries\":\nError: Documents from a core version newer than the running version cannot be migrated\n    at Function._migrateRecord (file:///D:/Juegos/Foundry_daggerheart_git/Foundry-daggerheart/Portable-FoundryVTT-v13.348/App/resources/app/dist/database/backend/server-document.mjs:1:3713)\n    at Function._migrateDocuments (file:///D:/Juegos/Foundry_daggerheart_git/Foundry-daggerheart/Portable-FoundryVTT-v13.348/App/resources/app/dist/database/backend/server-document.mjs:1:2782)","timestamp":"2026-05-24 17:01:11"}
{"level":"error","message":"An error occurred during the migration of Actor record [D2mYxxduZN4h55cD] of database \"daggerheart-extra-content.more-adversaries\":\nError: Documents from a core version newer than the running version cannot be migrated\n    at Function._migrateRecord (file:///D:/Juegos/Foundry_daggerheart_git/Foundry-daggerheart/Portable-FoundryVTT-v13.348/App/resources/app/dist/database/backend/server-document.mjs:1:3713)\n    at Function._migrateDocuments (file:///D:/Juegos/Foundry_daggerheart_git/Foundry-daggerheart/Portable-FoundryVTT-v13.348/App/resources/app/dist/database/backend/server-document.mjs:1:2782)","timestamp":"2026-05-24 17:01:11"}
{"level":"error","message":"An error occurred during the migration of Actor record [GZeCYbWDzYS2iCF9] of database \"daggerheart-extra-content.more-adversaries\":\nError: Documents from a core version newer than the running version cannot be migrated\n    at Function._migrateRecord (file:///D:/Juegos/Foundry_daggerheart_git/Foundry-daggerheart/Portable-FoundryVTT-v13.348/App/resources/app/dist/database/backend/server-document.mjs:1:3713)\n    at Function._migrateDocuments (file:///D:/Juegos/Foundry_daggerheart_git/Foundry-daggerheart/Portable-FoundryVTT-v13.348/App/resources/app/dist/database/backend/server-document.mjs:1:2782)","timestamp":"2026-05-24 17:01:11"}
{"level":"error","message":"An error occurred during the migration of Actor record [HFoDDFrRRoLOx6rS] of database \"daggerheart-extra-content.more-adversaries\":\nError: Documents from a core version newer than the running version cannot be migrated\n    at Function._migrateRecord (file:///D:/Juegos/Foundry_daggerheart_git/Foundry-daggerheart/Portable-FoundryVTT-v13.348/App/resources/app/dist/database/backend/server-document.mjs:1:3713)\n    at Function._migrateDocuments (file:///D:/Juegos/Foundry_daggerheart_git/Foundry-daggerheart/Portable-FoundryVTT-v13.348/App/resources/app/dist/database/backend/server-document.mjs:1:2782)","timestamp":"2026-05-24 17:01:11"}
{"level":"error","message":"An error occurred during the migration of Actor record [Je6XBGhfDKSY3DEk] of database \"daggerheart-extra-content.more-adversaries\":\nError: Documents from a core version newer than the running version cannot be migrated\n    at Function._migrateRecord (file:///D:/Juegos/Foundry_daggerheart_git/Foundry-daggerheart/Portable-FoundryVTT-v13.348/App/resources/app/dist/database/backend/server-document.mjs:1:3713)\n    at Function._migrateDocuments (file:///D:/Juegos/Foundry_daggerheart_git/Foundry-daggerheart/Portable-FoundryVTT-v13.348/App/resources/app/dist/database/backend/server-document.mjs:1:2782)","timestamp":"2026-05-24 17:01:11"}
{"level":"error","message":"An error occurred during the migration of Actor record [RIpmM1hiW9aRSlR5] of database \"daggerheart-extra-content.more-adversaries\":\nError: Documents from a core version newer than the running version cannot be migrated\n    at Function._migrateRecord (file:///D:/Juegos/Foundry_daggerheart_git/Foundry-daggerheart/Portable-FoundryVTT-v13.348/App/resources/app/dist/database/backend/server-document.mjs:1:3713)\n    at Function._migrateDocuments (file:///D:/Juegos/Foundry_daggerheart_git/Foundry-daggerheart/Portable-FoundryVTT-v13.348/App/resources/app/dist/database/backend/server-document.mjs:1:2782)","timestamp":"2026-05-24 17:01:11"}
{"level":"error","message":"An error occurred during the migration of Actor record [RlIaKDY410J1Braw] of database \"daggerheart-extra-content.more-adversaries\":\nError: Documents from a core version newer than the running version cannot be migrated\n    at Function._migrateRecord (file:///D:/Juegos/Foundry_daggerheart_git/Foundry-daggerheart/Portable-FoundryVTT-v13.348/App/resources/app/dist/database/backend/server-document.mjs:1:3713)\n    at Function._migrateDocuments (file:///D:/Juegos/Foundry_daggerheart_git/Foundry-daggerheart/Portable-FoundryVTT-v13.348/App/resources/app/dist/database/backend/server-document.mjs:1:2782)","timestamp":"2026-05-24 17:01:11"}
{"level":"error","message":"An error occurred during the migration of Actor record [Uu7RvfCQnjz6CNhI] of database \"daggerheart-extra-content.more-adversaries\":\nError: Documents from a core version newer than the running version cannot be migrated\n    at Function._migrateRecord (file:///D:/Juegos/Foundry_daggerheart_git/Foundry-daggerheart/Portable-FoundryVTT-v13.348/App/resources/app/dist/database/backend/server-document.mjs:1:3713)\n    at Function._migrateDocuments (file:///D:/Juegos/Foundry_daggerheart_git/Foundry-daggerheart/Portable-FoundryVTT-v13.348/App/resources/app/dist/database/backend/server-document.mjs:1:2782)","timestamp":"2026-05-24 17:01:11"}
{"level":"error","message":"An error occurred during the migration of Actor record [dz7P6qQlXyDH34fj] of database \"daggerheart-extra-content.more-adversaries\":\nError: Documents from a core version newer than the running version cannot be migrated\n    at Function._migrateRecord (file:///D:/Juegos/Foundry_daggerheart_git/Foundry-daggerheart/Portable-FoundryVTT-v13.348/App/resources/app/dist/database/backend/server-document.mjs:1:3713)\n    at Function._migrateDocuments (file:///D:/Juegos/Foundry_daggerheart_git/Foundry-daggerheart/Portable-FoundryVTT-v13.348/App/resources/app/dist/database/backend/server-document.mjs:1:2782)","timestamp":"2026-05-24 17:01:11"}
{"level":"error","message":"An error occurred during the migration of Actor record [eQ87jrVECayfpio3] of database \"daggerheart-extra-content.more-adversaries\":\nError: Documents from a core version newer than the running version cannot be migrated\n    at Function._migrateRecord (file:///D:/Juegos/Foundry_daggerheart_git/Foundry-daggerheart/Portable-FoundryVTT-v13.348/App/resources/app/dist/database/backend/server-document.mjs:1:3713)\n    at Function._migrateDocuments (file:///D:/Juegos/Foundry_daggerheart_git/Foundry-daggerheart/Portable-FoundryVTT-v13.348/App/resources/app/dist/database/backend/server-document.mjs:1:2782)","timestamp":"2026-05-24 17:01:11"}
{"level":"error","message":"An error occurred during the migration of Actor record [f7a0iCjxLOcnoOry] of database \"daggerheart-extra-content.more-adversaries\":\nError: Documents from a core version newer than the running version cannot be migrated\n    at Function._migrateRecord (file:///D:/Juegos/Foundry_daggerheart_git/Foundry-daggerheart/Portable-FoundryVTT-v13.348/App/resources/app/dist/database/backend/server-document.mjs:1:3713)\n    at Function._migrateDocuments (file:///D:/Juegos/Foundry_daggerheart_git/Foundry-daggerheart/Portable-FoundryVTT-v13.348/App/resources/app/dist/database/backend/server-document.mjs:1:2782)","timestamp":"2026-05-24 17:01:11"}
{"level":"error","message":"An error occurred during the migration of Actor record [j0ncG4oNxG6c7CoZ] of database \"daggerheart-extra-content.more-adversaries\":\nError: Documents from a core version newer than the running version cannot be migrated\n    at Function._migrateRecord (file:///D:/Juegos/Foundry_daggerheart_git/Foundry-daggerheart/Portable-FoundryVTT-v13.348/App/resources/app/dist/database/backend/server-document.mjs:1:3713)\n    at Function._migrateDocuments (file:///D:/Juegos/Foundry_daggerheart_git/Foundry-daggerheart/Portable-FoundryVTT-v13.348/App/resources/app/dist/database/backend/server-document.mjs:1:2782)","timestamp":"2026-05-24 17:01:11"}
{"level":"error","message":"An error occurred during the migration of Actor record [n7SBEHvb48tFamKO] of database \"daggerheart-extra-content.more-adversaries\":\nError: Documents from a core version newer than the running version cannot be migrated\n    at Function._migrateRecord (file:///D:/Juegos/Foundry_daggerheart_git/Foundry-daggerheart/Portable-FoundryVTT-v13.348/App/resources/app/dist/database/backend/server-document.mjs:1:3713)\n    at Function._migrateDocuments (file:///D:/Juegos/Foundry_daggerheart_git/Foundry-daggerheart/Portable-FoundryVTT-v13.348/App/resources/app/dist/database/backend/server-document.mjs:1:2782)","timestamp":"2026-05-24 17:01:11"}
{"level":"error","message":"An error occurred during the migration of Actor record [p7LYTbyuPUNisLQ5] of database \"daggerheart-extra-content.more-adversaries\":\nError: Documents from a core version newer than the running version cannot be migrated\n    at Function._migrateRecord (file:///D:/Juegos/Foundry_daggerheart_git/Foundry-daggerheart/Portable-FoundryVTT-v13.348/App/resources/app/dist/database/backend/server-document.mjs:1:3713)\n    at Function._migrateDocuments (file:///D:/Juegos/Foundry_daggerheart_git/Foundry-daggerheart/Portable-FoundryVTT-v13.348/App/resources/app/dist/database/backend/server-document.mjs:1:2782)","timestamp":"2026-05-24 17:01:11"}
{"level":"error","message":"An error occurred during the migration of Actor record [pCEWxOqd7C0B9DxO] of database \"daggerheart-extra-content.more-adversaries\":\nError: Documents from a core version newer than the running version cannot be migrated\n    at Function._migrateRecord (file:///D:/Juegos/Foundry_daggerheart_git/Foundry-daggerheart/Portable-FoundryVTT-v13.348/App/resources/app/dist/database/backend/server-document.mjs:1:3713)\n    at Function._migrateDocuments (file:///D:/Juegos/Foundry_daggerheart_git/Foundry-daggerheart/Portable-FoundryVTT-v13.348/App/resources/app/dist/database/backend/server-document.mjs:1:2782)","timestamp":"2026-05-24 17:01:11"}
{"level":"error","message":"An error occurred during the migration of Actor record [pCkMBn3zgF4WA1zz] of database \"daggerheart-extra-content.more-adversaries\":\nError: Documents from a core version newer than the running version cannot be migrated\n    at Function._migrateRecord (file:///D:/Juegos/Foundry_daggerheart_git/Foundry-daggerheart/Portable-FoundryVTT-v13.348/App/resources/app/dist/database/backend/server-document.mjs:1:3713)\n    at Function._migrateDocuments (file:///D:/Juegos/Foundry_daggerheart_git/Foundry-daggerheart/Portable-FoundryVTT-v13.348/App/resources/app/dist/database/backend/server-document.mjs:1:2782)","timestamp":"2026-05-24 17:01:11"}
{"level":"error","message":"An error occurred during the migration of Actor record [sEtsUW24RgFB83TQ] of database \"daggerheart-extra-content.more-adversaries\":\nError: Documents from a core version newer than the running version cannot be migrated\n    at Function._migrateRecord (file:///D:/Juegos/Foundry_daggerheart_git/Foundry-daggerheart/Portable-FoundryVTT-v13.348/App/resources/app/dist/database/backend/server-document.mjs:1:3713)\n    at Function._migrateDocuments (file:///D:/Juegos/Foundry_daggerheart_git/Foundry-daggerheart/Portable-FoundryVTT-v13.348/App/resources/app/dist/database/backend/server-document.mjs:1:2782)","timestamp":"2026-05-24 17:01:11"}
{"level":"error","message":"An error occurred during the migration of Actor record [sKqhR4Gzsc953DBq] of database \"daggerheart-extra-content.more-adversaries\":\nError: Documents from a core version newer than the running version cannot be migrated\n    at Function._migrateRecord (file:///D:/Juegos/Foundry_daggerheart_git/Foundry-daggerheart/Portable-FoundryVTT-v13.348/App/resources/app/dist/database/backend/server-document.mjs:1:3713)\n    at Function._migrateDocuments (file:///D:/Juegos/Foundry_daggerheart_git/Foundry-daggerheart/Portable-FoundryVTT-v13.348/App/resources/app/dist/database/backend/server-document.mjs:1:2782)","timestamp":"2026-05-24 17:01:11"}
{"level":"warn","message":"Database daggerheart-extra-content.more-adversaries was not fully migrated due to errors during migration.","timestamp":"2026-05-24 17:01:11"}
{"level":"info","message":"Launching World | Migrating Package Data - 55%","timestamp":"2026-05-24 17:01:11"}
{"level":"info","message":"Launching World | Migrating Package Data - 57%","timestamp":"2026-05-24 17:01:11"}
{"level":"info","message":"Launching World | Migrating Package Data - 59%","timestamp":"2026-05-24 17:01:11"}
{"level":"error","message":"An error occurred during the migration of Item record [04I86qVoEQ310sCR] of database \"daggerheart-extra-content.ancestry\":\nError: Documents from a core version newer than the running version cannot be migrated\n    at Function._migrateRecord (file:///D:/Juegos/Foundry_daggerheart_git/Foundry-daggerheart/Portable-FoundryVTT-v13.348/App/resources/app/dist/database/backend/server-document.mjs:1:3713)\n    at Function._migrateDocuments (file:///D:/Juegos/Foundry_daggerheart_git/Foundry-daggerheart/Portable-FoundryVTT-v13.348/App/resources/app/dist/database/backend/server-document.mjs:1:2782)","timestamp":"2026-05-24 17:01:11"}
{"level":"error","message":"An error occurred during the migration of Item record [2zyMaehKcKOEGM4E] of database \"daggerheart-extra-content.ancestry\":\nError: Documents from a core version newer than the running version cannot be migrated\n    at Function._migrateRecord (file:///D:/Juegos/Foundry_daggerheart_git/Foundry-daggerheart/Portable-FoundryVTT-v13.348/App/resources/app/dist/database/backend/server-document.mjs:1:3713)\n    at Function._migrateDocuments (file:///D:/Juegos/Foundry_daggerheart_git/Foundry-daggerheart/Portable-FoundryVTT-v13.348/App/resources/app/dist/database/backend/server-document.mjs:1:2782)","timestamp":"2026-05-24 17:01:11"}
{"level":"error","message":"An error occurred during the migration of Item record [Fc3hqveUPZNSVSk7] of database \"daggerheart-extra-content.ancestry\":\nError: Documents from a core version newer than the running version cannot be migrated\n    at Function._migrateRecord (file:///D:/Juegos/Foundry_daggerheart_git/Foundry-daggerheart/Portable-FoundryVTT-v13.348/App/resources/app/dist/database/backend/server-document.mjs:1:3713)\n    at Function._migrateDocuments (file:///D:/Juegos/Foundry_daggerheart_git/Foundry-daggerheart/Portable-FoundryVTT-v13.348/App/resources/app/dist/database/backend/server-document.mjs:1:2782)","timestamp":"2026-05-24 17:01:11"}
{"level":"error","message":"An error occurred during the migration of Item record [QbBbdOgrtxEIWQHB] of database \"daggerheart-extra-content.ancestry\":\nError: Documents from a core version newer than the running version cannot be migrated\n    at Function._migrateRecord (file:///D:/Juegos/Foundry_daggerheart_git/Foundry-daggerheart/Portable-FoundryVTT-v13.348/App/resources/app/dist/database/backend/server-document.mjs:1:3713)\n    at Function._migrateDocuments (file:///D:/Juegos/Foundry_daggerheart_git/Foundry-daggerheart/Portable-FoundryVTT-v13.348/App/resources/app/dist/database/backend/server-document.mjs:1:2782)","timestamp":"2026-05-24 17:01:11"}
{"level":"error","message":"An error occurred during the migration of Item record [WOHi9gvF8Ha10EnF] of database \"daggerheart-extra-content.ancestry\":\nError: Documents from a core version newer than the running version cannot be migrated\n    at Function._migrateRecord (file:///D:/Juegos/Foundry_daggerheart_git/Foundry-daggerheart/Portable-FoundryVTT-v13.348/App/resources/app/dist/database/backend/server-document.mjs:1:3713)\n    at Function._migrateDocuments (file:///D:/Juegos/Foundry_daggerheart_git/Foundry-daggerheart/Portable-FoundryVTT-v13.348/App/resources/app/dist/database/backend/server-document.mjs:1:2782)","timestamp":"2026-05-24 17:01:11"}
{"level":"error","message":"An error occurred during the migration of Item record [jP4n9wzq0wvfxULo] of database \"daggerheart-extra-content.ancestry\":\nError: Documents from a core version newer than the running version cannot be migrated\n    at Function._migrateRecord (file:///D:/Juegos/Foundry_daggerheart_git/Foundry-daggerheart/Portable-FoundryVTT-v13.348/App/resources/app/dist/database/backend/server-document.mjs:1:3713)\n    at Function._migrateDocuments (file:///D:/Juegos/Foundry_daggerheart_git/Foundry-daggerheart/Portable-FoundryVTT-v13.348/App/resources/app/dist/database/backend/server-document.mjs:1:2782)","timestamp":"2026-05-24 17:01:11"}
{"level":"error","message":"An error occurred during the migration of Item record [pjtNmhoBNxjrzRPk] of database \"daggerheart-extra-content.ancestry\":\nError: Documents from a core version newer than the running version cannot be migrated\n    at Function._migrateRecord (file:///D:/Juegos/Foundry_daggerheart_git/Foundry-daggerheart/Portable-FoundryVTT-v13.348/App/resources/app/dist/database/backend/server-document.mjs:1:3713)\n    at Function._migrateDocuments (file:///D:/Juegos/Foundry_daggerheart_git/Foundry-daggerheart/Portable-FoundryVTT-v13.348/App/resources/app/dist/database/backend/server-document.mjs:1:2782)","timestamp":"2026-05-24 17:01:11"}
{"level":"error","message":"An error occurred during the migration of Item record [vWfsYRjrKPUne2nZ] of database \"daggerheart-extra-content.ancestry\":\nError: Documents from a core version newer than the running version cannot be migrated\n    at Function._migrateRecord (file:///D:/Juegos/Foundry_daggerheart_git/Foundry-daggerheart/Portable-FoundryVTT-v13.348/App/resources/app/dist/database/backend/server-document.mjs:1:3713)\n    at Function._migrateDocuments (file:///D:/Juegos/Foundry_daggerheart_git/Foundry-daggerheart/Portable-FoundryVTT-v13.348/App/resources/app/dist/database/backend/server-document.mjs:1:2782)","timestamp":"2026-05-24 17:01:11"}
{"level":"error","message":"An error occurred during the migration of Item record [y4tOp4lUYpyC7YJW] of database \"daggerheart-extra-content.ancestry\":\nError: Documents from a core version newer than the running version cannot be migrated\n    at Function._migrateRecord (file:///D:/Juegos/Foundry_daggerheart_git/Foundry-daggerheart/Portable-FoundryVTT-v13.348/App/resources/app/dist/database/backend/server-document.mjs:1:3713)\n    at Function._migrateDocuments (file:///D:/Juegos/Foundry_daggerheart_git/Foundry-daggerheart/Portable-FoundryVTT-v13.348/App/resources/app/dist/database/backend/server-document.mjs:1:2782)","timestamp":"2026-05-24 17:01:11"}
{"level":"warn","message":"Database daggerheart-extra-content.ancestry was not fully migrated due to errors during migration.","timestamp":"2026-05-24 17:01:11"}
{"level":"info","message":"Launching World | Migrating Package Data - 61%","timestamp":"2026-05-24 17:01:11"}
{"level":"info","message":"Launching World | Migrating Package Data - 63%","timestamp":"2026-05-24 17:01:11"}
{"level":"error","message":"An error occurred during the migration of Item record [8D0NQR901j0Kx0zb] of database \"daggerheart-extra-content.classes\":\nError: Documents from a core version newer than the running version cannot be migrated\n    at Function._migrateRecord (file:///D:/Juegos/Foundry_daggerheart_git/Foundry-daggerheart/Portable-FoundryVTT-v13.348/App/resources/app/dist/database/backend/server-document.mjs:1:3713)\n    at Function._migrateDocuments (file:///D:/Juegos/Foundry_daggerheart_git/Foundry-daggerheart/Portable-FoundryVTT-v13.348/App/resources/app/dist/database/backend/server-document.mjs:1:2782)","timestamp":"2026-05-24 17:01:11"}
{"level":"error","message":"An error occurred during the migration of Item record [B90E3nk0uBeZpPw8] of database \"daggerheart-extra-content.classes\":\nError: Documents from a core version newer than the running version cannot be migrated\n    at Function._migrateRecord (file:///D:/Juegos/Foundry_daggerheart_git/Foundry-daggerheart/Portable-FoundryVTT-v13.348/App/resources/app/dist/database/backend/server-document.mjs:1:3713)\n    at Function._migrateDocuments (file:///D:/Juegos/Foundry_daggerheart_git/Foundry-daggerheart/Portable-FoundryVTT-v13.348/App/resources/app/dist/database/backend/server-document.mjs:1:2782)","timestamp":"2026-05-24 17:01:11"}
{"level":"error","message":"An error occurred during the migration of Item record [E5d3CnR98vEXt8QS] of database \"daggerheart-extra-content.classes\":\nError: Documents from a core version newer than the running version cannot be migrated\n    at Function._migrateRecord (file:///D:/Juegos/Foundry_daggerheart_git/Foundry-daggerheart/Portable-FoundryVTT-v13.348/App/resources/app/dist/database/backend/server-document.mjs:1:3713)\n    at Function._migrateDocuments (file:///D:/Juegos/Foundry_daggerheart_git/Foundry-daggerheart/Portable-FoundryVTT-v13.348/App/resources/app/dist/database/backend/server-document.mjs:1:2782)","timestamp":"2026-05-24 17:01:11"}
{"level":"error","message":"An error occurred during the migration of Item record [EcUepPeaFQz7tnme] of database \"daggerheart-extra-content.classes\":\nError: Documents from a core version newer than the running version cannot be migrated\n    at Function._migrateRecord (file:///D:/Juegos/Foundry_daggerheart_git/Foundry-daggerheart/Portable-FoundryVTT-v13.348/App/resources/app/dist/database/backend/server-document.mjs:1:3713)\n    at Function._migrateDocuments (file:///D:/Juegos/Foundry_daggerheart_git/Foundry-daggerheart/Portable-FoundryVTT-v13.348/App/resources/app/dist/database/backend/server-document.mjs:1:2782)","timestamp":"2026-05-24 17:01:11"}
{"level":"error","message":"An error occurred during the migration of Item record [MAT6l8tUvELiLK4L] of database \"daggerheart-extra-content.classes\":\nError: Documents from a core version newer than the running version cannot be migrated\n    at Function._migrateRecord (file:///D:/Juegos/Foundry_daggerheart_git/Foundry-daggerheart/Portable-FoundryVTT-v13.348/App/resources/app/dist/database/backend/server-document.mjs:1:3713)\n    at Function._migrateDocuments (file:///D:/Juegos/Foundry_daggerheart_git/Foundry-daggerheart/Portable-FoundryVTT-v13.348/App/resources/app/dist/database/backend/server-document.mjs:1:2782)","timestamp":"2026-05-24 17:01:11"}
{"level":"error","message":"An error occurred during the migration of Item record [N4mXcAWdpFYJdWZn] of database \"daggerheart-extra-content.classes\":\nError: Documents from a core version newer than the running version cannot be migrated\n    at Function._migrateRecord (file:///D:/Juegos/Foundry_daggerheart_git/Foundry-daggerheart/Portable-FoundryVTT-v13.348/App/resources/app/dist/database/backend/server-document.mjs:1:3713)\n    at Function._migrateDocuments (file:///D:/Juegos/Foundry_daggerheart_git/Foundry-daggerheart/Portable-FoundryVTT-v13.348/App/resources/app/dist/database/backend/server-document.mjs:1:2782)","timestamp":"2026-05-24 17:01:11"}
{"level":"error","message":"An error occurred during the migration of Item record [g01PAvRJsgiUHpnD] of database \"daggerheart-extra-content.classes\":\nError: Documents from a core version newer than the running version cannot be migrated\n    at Function._migrateRecord (file:///D:/Juegos/Foundry_daggerheart_git/Foundry-daggerheart/Portable-FoundryVTT-v13.348/App/resources/app/dist/database/backend/server-document.mjs:1:3713)\n    at Function._migrateDocuments (file:///D:/Juegos/Foundry_daggerheart_git/Foundry-daggerheart/Portable-FoundryVTT-v13.348/App/resources/app/dist/database/backend/server-document.mjs:1:2782)","timestamp":"2026-05-24 17:01:11"}
{"level":"error","message":"An error occurred during the migration of Item record [hXehaNaOdYzSJqxf] of database \"daggerheart-extra-content.classes\":\nError: Documents from a core version newer than the running version cannot be migrated\n    at Function._migrateRecord (file:///D:/Juegos/Foundry_daggerheart_git/Foundry-daggerheart/Portable-FoundryVTT-v13.348/App/resources/app/dist/database/backend/server-document.mjs:1:3713)\n    at Function._migrateDocuments (file:///D:/Juegos/Foundry_daggerheart_git/Foundry-daggerheart/Portable-FoundryVTT-v13.348/App/resources/app/dist/database/backend/server-document.mjs:1:2782)","timestamp":"2026-05-24 17:01:11"}
{"level":"error","message":"An error occurred during the migration of Item record [k4NTq8kIqQNNv9bl] of database \"daggerheart-extra-content.classes\":\nError: Documents from a core version newer than the running version cannot be migrated\n    at Function._migrateRecord (file:///D:/Juegos/Foundry_daggerheart_git/Foundry-daggerheart/Portable-FoundryVTT-v13.348/App/resources/app/dist/database/backend/server-document.mjs:1:3713)\n    at Function._migrateDocuments (file:///D:/Juegos/Foundry_daggerheart_git/Foundry-daggerheart/Portable-FoundryVTT-v13.348/App/resources/app/dist/database/backend/server-document.mjs:1:2782)","timestamp":"2026-05-24 17:01:11"}
{"level":"error","message":"An error occurred during the migration of Item record [m0xIb9uq6tlZdsoz] of database \"daggerheart-extra-content.classes\":\nError: Documents from a core version newer than the running version cannot be migrated\n    at Function._migrateRecord (file:///D:/Juegos/Foundry_daggerheart_git/Foundry-daggerheart/Portable-FoundryVTT-v13.348/App/resources/app/dist/database/backend/server-document.mjs:1:3713)\n    at Function._migrateDocuments (file:///D:/Juegos/Foundry_daggerheart_git/Foundry-daggerheart/Portable-FoundryVTT-v13.348/App/resources/app/dist/database/backend/server-document.mjs:1:2782)","timestamp":"2026-05-24 17:01:11"}
{"level":"error","message":"An error occurred during the migration of Item record [mYoYtle6DKA0UwQd] of database \"daggerheart-extra-content.classes\":\nError: Documents from a core version newer than the running version cannot be migrated\n    at Function._migrateRecord (file:///D:/Juegos/Foundry_daggerheart_git/Foundry-daggerheart/Portable-FoundryVTT-v13.348/App/resources/app/dist/database/backend/server-document.mjs:1:3713)\n    at Function._migrateDocuments (file:///D:/Juegos/Foundry_daggerheart_git/Foundry-daggerheart/Portable-FoundryVTT-v13.348/App/resources/app/dist/database/backend/server-document.mjs:1:2782)","timestamp":"2026-05-24 17:01:11"}
{"level":"error","message":"An error occurred during the migration of Item record [xGemeGMXhosaM22K] of database \"daggerheart-extra-content.classes\":\nError: Documents from a core version newer than the running version cannot be migrated\n    at Function._migrateRecord (file:///D:/Juegos/Foundry_daggerheart_git/Foundry-daggerheart/Portable-FoundryVTT-v13.348/App/resources/app/dist/database/backend/server-document.mjs:1:3713)\n    at Function._migrateDocuments (file:///D:/Juegos/Foundry_daggerheart_git/Foundry-daggerheart/Portable-FoundryVTT-v13.348/App/resources/app/dist/database/backend/server-document.mjs:1:2782)","timestamp":"2026-05-24 17:01:11"}
{"level":"error","message":"An error occurred during the migration of Item record [zzaKRTPuYEahfilp] of database \"daggerheart-extra-content.classes\":\nError: Documents from a core version newer than the running version cannot be migrated\n    at Function._migrateRecord (file:///D:/Juegos/Foundry_daggerheart_git/Foundry-daggerheart/Portable-FoundryVTT-v13.348/App/resources/app/dist/database/backend/server-document.mjs:1:3713)\n    at Function._migrateDocuments (file:///D:/Juegos/Foundry_daggerheart_git/Foundry-daggerheart/Portable-FoundryVTT-v13.348/App/resources/app/dist/database/backend/server-document.mjs:1:2782)","timestamp":"2026-05-24 17:01:11"}
{"level":"warn","message":"Database daggerheart-extra-content.classes was not fully migrated due to errors during migration.","timestamp":"2026-05-24 17:01:11"}
{"level":"info","message":"Launching World | Migrating Package Data - 65%","timestamp":"2026-05-24 17:01:11"}
{"level":"error","message":"An error occurred during the migration of Item record [0YAGrauVMvqpHUou] of database \"daggerheart-extra-content.subclasses\":\nError: Documents from a core version newer than the running version cannot be migrated\n    at Function._migrateRecord (file:///D:/Juegos/Foundry_daggerheart_git/Foundry-daggerheart/Portable-FoundryVTT-v13.348/App/resources/app/dist/database/backend/server-document.mjs:1:3713)\n    at Function._migrateDocuments (file:///D:/Juegos/Foundry_daggerheart_git/Foundry-daggerheart/Portable-FoundryVTT-v13.348/App/resources/app/dist/database/backend/server-document.mjs:1:2782)","timestamp":"2026-05-24 17:01:11"}
{"level":"error","message":"An error occurred during the migration of Item record [1vMdJBGISqJYzAA8] of database \"daggerheart-extra-content.subclasses\":\nError: Documents from a core version newer than the running version cannot be migrated\n    at Function._migrateRecord (file:///D:/Juegos/Foundry_daggerheart_git/Foundry-daggerheart/Portable-FoundryVTT-v13.348/App/resources/app/dist/database/backend/server-document.mjs:1:3713)\n    at Function._migrateDocuments (file:///D:/Juegos/Foundry_daggerheart_git/Foundry-daggerheart/Portable-FoundryVTT-v13.348/App/resources/app/dist/database/backend/server-document.mjs:1:2782)","timestamp":"2026-05-24 17:01:11"}
{"level":"error","message":"An error occurred during the migration of Item record [48oK5ke7KNhEoSBK] of database \"daggerheart-extra-content.subclasses\":\nError: Documents from a core version newer than the running version cannot be migrated\n    at Function._migrateRecord (file:///D:/Juegos/Foundry_daggerheart_git/Foundry-daggerheart/Portable-FoundryVTT-v13.348/App/resources/app/dist/database/backend/server-document.mjs:1:3713)\n    at Function._migrateDocuments (file:///D:/Juegos/Foundry_daggerheart_git/Foundry-daggerheart/Portable-FoundryVTT-v13.348/App/resources/app/dist/database/backend/server-document.mjs:1:2782)","timestamp":"2026-05-24 17:01:11"}
{"level":"error","message":"An error occurred during the migration of Item record [DeyoqbkHGP5Zm5bb] of database \"daggerheart-extra-content.subclasses\":\nError: Documents from a core version newer than the running version cannot be migrated\n    at Function._migrateRecord (file:///D:/Juegos/Foundry_daggerheart_git/Foundry-daggerheart/Portable-FoundryVTT-v13.348/App/resources/app/dist/database/backend/server-document.mjs:1:3713)\n    at Function._migrateDocuments (file:///D:/Juegos/Foundry_daggerheart_git/Foundry-daggerheart/Portable-FoundryVTT-v13.348/App/resources/app/dist/database/backend/server-document.mjs:1:2782)","timestamp":"2026-05-24 17:01:11"}
{"level":"error","message":"An error occurred during the migration of Item record [HQmOhlvOcO5GjiRG] of database \"daggerheart-extra-content.subclasses\":\nError: Documents from a core version newer than the running version cannot be migrated\n    at Function._migrateRecord (file:///D:/Juegos/Foundry_daggerheart_git/Foundry-daggerheart/Portable-FoundryVTT-v13.348/App/resources/app/dist/database/backend/server-document.mjs:1:3713)\n    at Function._migrateDocuments (file:///D:/Juegos/Foundry_daggerheart_git/Foundry-daggerheart/Portable-FoundryVTT-v13.348/App/resources/app/dist/database/backend/server-document.mjs:1:2782)","timestamp":"2026-05-24 17:01:11"}
{"level":"error","message":"An error occurred during the migration of Item record [LCqFlGKsObwYDIEm] of database \"daggerheart-extra-content.subclasses\":\nError: Documents from a core version newer than the running version cannot be migrated\n    at Function._migrateRecord (file:///D:/Juegos/Foundry_daggerheart_git/Foundry-daggerheart/Portable-FoundryVTT-v13.348/App/resources/app/dist/database/backend/server-document.mjs:1:3713)\n    at Function._migrateDocuments (file:///D:/Juegos/Foundry_daggerheart_git/Foundry-daggerheart/Portable-FoundryVTT-v13.348/App/resources/app/dist/database/backend/server-document.mjs:1:2782)","timestamp":"2026-05-24 17:01:11"}
{"level":"error","message":"An error occurred during the migration of Item record [ThjRka7o73hN3p0B] of database \"daggerheart-extra-content.subclasses\":\nError: Documents from a core version newer than the running version cannot be migrated\n    at Function._migrateRecord (file:///D:/Juegos/Foundry_daggerheart_git/Foundry-daggerheart/Portable-FoundryVTT-v13.348/App/resources/app/dist/database/backend/server-document.mjs:1:3713)\n    at Function._migrateDocuments (file:///D:/Juegos/Foundry_daggerheart_git/Foundry-daggerheart/Portable-FoundryVTT-v13.348/App/resources/app/dist/database/backend/server-document.mjs:1:2782)","timestamp":"2026-05-24 17:01:11"}
{"level":"error","message":"An error occurred during the migration of Item record [UOiFsix0pZrccp1y] of database \"daggerheart-extra-content.subclasses\":\nError: Documents from a core version newer than the running version cannot be migrated\n    at Function._migrateRecord (file:///D:/Juegos/Foundry_daggerheart_git/Foundry-daggerheart/Portable-FoundryVTT-v13.348/App/resources/app/dist/database/backend/server-document.mjs:1:3713)\n    at Function._migrateDocuments (file:///D:/Juegos/Foundry_daggerheart_git/Foundry-daggerheart/Portable-FoundryVTT-v13.348/App/resources/app/dist/database/backend/server-document.mjs:1:2782)","timestamp":"2026-05-24 17:01:11"}
{"level":"error","message":"An error occurred during the migration of Item record [YtPj46QA47slm76U] of database \"daggerheart-extra-content.subclasses\":\nError: Documents from a core version newer than the running version cannot be migrated\n    at Function._migrateRecord (file:///D:/Juegos/Foundry_daggerheart_git/Foundry-daggerheart/Portable-FoundryVTT-v13.348/App/resources/app/dist/database/backend/server-document.mjs:1:3713)\n    at Function._migrateDocuments (file:///D:/Juegos/Foundry_daggerheart_git/Foundry-daggerheart/Portable-FoundryVTT-v13.348/App/resources/app/dist/database/backend/server-document.mjs:1:2782)","timestamp":"2026-05-24 17:01:11"}
{"level":"error","message":"An error occurred during the migration of Item record [Z2oD6qtFjxzDYqWV] of database \"daggerheart-extra-content.subclasses\":\nError: Documents from a core version newer than the running version cannot be migrated\n    at Function._migrateRecord (file:///D:/Juegos/Foundry_daggerheart_git/Foundry-daggerheart/Portable-FoundryVTT-v13.348/App/resources/app/dist/database/backend/server-document.mjs:1:3713)\n    at Function._migrateDocuments (file:///D:/Juegos/Foundry_daggerheart_git/Foundry-daggerheart/Portable-FoundryVTT-v13.348/App/resources/app/dist/database/backend/server-document.mjs:1:2782)","timestamp":"2026-05-24 17:01:11"}
{"level":"error","message":"An error occurred during the migration of Item record [aKNaVPnQeDzCZl6w] of database \"daggerheart-extra-content.subclasses\":\nError: Documents from a core version newer than the running version cannot be migrated\n    at Function._migrateRecord (file:///D:/Juegos/Foundry_daggerheart_git/Foundry-daggerheart/Portable-FoundryVTT-v13.348/App/resources/app/dist/database/backend/server-document.mjs:1:3713)\n    at Function._migrateDocuments (file:///D:/Juegos/Foundry_daggerheart_git/Foundry-daggerheart/Portable-FoundryVTT-v13.348/App/resources/app/dist/database/backend/server-document.mjs:1:2782)","timestamp":"2026-05-24 17:01:11"}
{"level":"error","message":"An error occurred during the migration of Item record [bQMybQa340rpMCR8] of database \"daggerheart-extra-content.subclasses\":\nError: Documents from a core version newer than the running version cannot be migrated\n    at Function._migrateRecord (file:///D:/Juegos/Foundry_daggerheart_git/Foundry-daggerheart/Portable-FoundryVTT-v13.348/App/resources/app/dist/database/backend/server-document.mjs:1:3713)\n    at Function._migrateDocuments (file:///D:/Juegos/Foundry_daggerheart_git/Foundry-daggerheart/Portable-FoundryVTT-v13.348/App/resources/app/dist/database/backend/server-document.mjs:1:2782)","timestamp":"2026-05-24 17:01:11"}
{"level":"error","message":"An error occurred during the migration of Item record [eM46wwEPFHNI99sq] of database \"daggerheart-extra-content.subclasses\":\nError: Documents from a core version newer than the running version cannot be migrated\n    at Function._migrateRecord (file:///D:/Juegos/Foundry_daggerheart_git/Foundry-daggerheart/Portable-FoundryVTT-v13.348/App/resources/app/dist/database/backend/server-document.mjs:1:3713)\n    at Function._migrateDocuments (file:///D:/Juegos/Foundry_daggerheart_git/Foundry-daggerheart/Portable-FoundryVTT-v13.348/App/resources/app/dist/database/backend/server-document.mjs:1:2782)","timestamp":"2026-05-24 17:01:11"}
{"level":"error","message":"An error occurred during the migration of Item record [eQ8YQvNFJJnz9OqQ] of database \"daggerheart-extra-content.subclasses\":\nError: Documents from a core version newer than the running version cannot be migrated\n    at Function._migrateRecord (file:///D:/Juegos/Foundry_daggerheart_git/Foundry-daggerheart/Portable-FoundryVTT-v13.348/App/resources/app/dist/database/backend/server-document.mjs:1:3713)\n    at Function._migrateDocuments (file:///D:/Juegos/Foundry_daggerheart_git/Foundry-daggerheart/Portable-FoundryVTT-v13.348/App/resources/app/dist/database/backend/server-document.mjs:1:2782)","timestamp":"2026-05-24 17:01:11"}
{"level":"error","message":"An error occurred during the migration of Item record [hRIq3JkT9ZwZr5Qf] of database \"daggerheart-extra-content.subclasses\":\nError: Documents from a core version newer than the running version cannot be migrated\n    at Function._migrateRecord (file:///D:/Juegos/Foundry_daggerheart_git/Foundry-daggerheart/Portable-FoundryVTT-v13.348/App/resources/app/dist/database/backend/server-document.mjs:1:3713)\n    at Function._migrateDocuments (file:///D:/Juegos/Foundry_daggerheart_git/Foundry-daggerheart/Portable-FoundryVTT-v13.348/App/resources/app/dist/database/backend/server-document.mjs:1:2782)","timestamp":"2026-05-24 17:01:11"}
{"level":"error","message":"An error occurred during the migration of Item record [hZqlmZX7lIGN3auH] of database \"daggerheart-extra-content.subclasses\":\nError: Documents from a core version newer than the running version cannot be migrated\n    at Function._migrateRecord (file:///D:/Juegos/Foundry_daggerheart_git/Foundry-daggerheart/Portable-FoundryVTT-v13.348/App/resources/app/dist/database/backend/server-document.mjs:1:3713)\n    at Function._migrateDocuments (file:///D:/Juegos/Foundry_daggerheart_git/Foundry-daggerheart/Portable-FoundryVTT-v13.348/App/resources/app/dist/database/backend/server-document.mjs:1:2782)","timestamp":"2026-05-24 17:01:11"}
{"level":"error","message":"An error occurred during the migration of Item record [lwShv1Is6MN1zDor] of database \"daggerheart-extra-content.subclasses\":\nError: Documents from a core version newer than the running version cannot be migrated\n    at Function._migrateRecord (file:///D:/Juegos/Foundry_daggerheart_git/Foundry-daggerheart/Portable-FoundryVTT-v13.348/App/resources/app/dist/database/backend/server-document.mjs:1:3713)\n    at Function._migrateDocuments (file:///D:/Juegos/Foundry_daggerheart_git/Foundry-daggerheart/Portable-FoundryVTT-v13.348/App/resources/app/dist/database/backend/server-document.mjs:1:2782)","timestamp":"2026-05-24 17:01:11"}
{"level":"error","message":"An error occurred during the migration of Item record [oWFZxLUa6apOCBW6] of database \"daggerheart-extra-content.subclasses\":\nError: Documents from a core version newer than the running version cannot be migrated\n    at Function._migrateRecord (file:///D:/Juegos/Foundry_daggerheart_git/Foundry-daggerheart/Portable-FoundryVTT-v13.348/App/resources/app/dist/database/backend/server-document.mjs:1:3713)\n    at Function._migrateDocuments (file:///D:/Juegos/Foundry_daggerheart_git/Foundry-daggerheart/Portable-FoundryVTT-v13.348/App/resources/app/dist/database/backend/server-document.mjs:1:2782)","timestamp":"2026-05-24 17:01:11"}
{"level":"error","message":"An error occurred during the migration of Item record [uZZCmokDQbizjw1d] of database \"daggerheart-extra-content.subclasses\":\nError: Documents from a core version newer than the running version cannot be migrated\n    at Function._migrateRecord (file:///D:/Juegos/Foundry_daggerheart_git/Foundry-daggerheart/Portable-FoundryVTT-v13.348/App/resources/app/dist/database/backend/server-document.mjs:1:3713)\n    at Function._migrateDocuments (file:///D:/Juegos/Foundry_daggerheart_git/Foundry-daggerheart/Portable-FoundryVTT-v13.348/App/resources/app/dist/database/backend/server-document.mjs:1:2782)","timestamp":"2026-05-24 17:01:11"}
{"level":"error","message":"An error occurred during the migration of Item record [ytYGENKq8AtjYqTb] of database \"daggerheart-extra-content.subclasses\":\nError: Documents from a core version newer than the running version cannot be migrated\n    at Function._migrateRecord (file:///D:/Juegos/Foundry_daggerheart_git/Foundry-daggerheart/Portable-FoundryVTT-v13.348/App/resources/app/dist/database/backend/server-document.mjs:1:3713)\n    at Function._migrateDocuments (file:///D:/Juegos/Foundry_daggerheart_git/Foundry-daggerheart/Portable-FoundryVTT-v13.348/App/resources/app/dist/database/backend/server-document.mjs:1:2782)","timestamp":"2026-05-24 17:01:11"}
{"level":"warn","message":"Database daggerheart-extra-content.subclasses was not fully migrated due to errors during migration.","timestamp":"2026-05-24 17:01:11"}
{"level":"info","message":"Launching World | Migrating Package Data - 67%","timestamp":"2026-05-24 17:01:11"}
{"level":"error","message":"An error occurred during the migration of JournalEntry record [0HoIamgOonkR18O4] of database \"daggerheart-quickrules.quickrules\":\nError: Documents from a core version newer than the running version cannot be migrated\n    at Function._migrateRecord (file:///D:/Juegos/Foundry_daggerheart_git/Foundry-daggerheart/Portable-FoundryVTT-v13.348/App/resources/app/dist/database/backend/server-document.mjs:1:3713)\n    at Function._migrateDocuments (file:///D:/Juegos/Foundry_daggerheart_git/Foundry-daggerheart/Portable-FoundryVTT-v13.348/App/resources/app/dist/database/backend/server-document.mjs:1:2782)","timestamp":"2026-05-24 17:01:11"}
{"level":"warn","message":"Database daggerheart-quickrules.quickrules was not fully migrated due to errors during migration.","timestamp":"2026-05-24 17:01:11"}
{"level":"info","message":"Launching World | Migrating Package Data - 69%","timestamp":"2026-05-24 17:01:11"}
{"level":"error","message":"An error occurred during the migration of Macro record [086BACDhwjoSfMJT] of database \"daggerheart-quickrules.macros\":\nError: Documents from a core version newer than the running version cannot be migrated\n    at Function._migrateRecord (file:///D:/Juegos/Foundry_daggerheart_git/Foundry-daggerheart/Portable-FoundryVTT-v13.348/App/resources/app/dist/database/backend/server-document.mjs:1:3713)\n    at Function._migrateDocuments (file:///D:/Juegos/Foundry_daggerheart_git/Foundry-daggerheart/Portable-FoundryVTT-v13.348/App/resources/app/dist/database/backend/server-document.mjs:1:2782)","timestamp":"2026-05-24 17:01:11"}
{"level":"error","message":"An error occurred during the migration of Macro record [C7DfAjaPcDZcyZPb] of database \"daggerheart-quickrules.macros\":\nError: Documents from a core version newer than the running version cannot be migrated\n    at Function._migrateRecord (file:///D:/Juegos/Foundry_daggerheart_git/Foundry-daggerheart/Portable-FoundryVTT-v13.348/App/resources/app/dist/database/backend/server-document.mjs:1:3713)\n    at Function._migrateDocuments (file:///D:/Juegos/Foundry_daggerheart_git/Foundry-daggerheart/Portable-FoundryVTT-v13.348/App/resources/app/dist/database/backend/server-document.mjs:1:2782)","timestamp":"2026-05-24 17:01:11"}
{"level":"error","message":"An error occurred during the migration of Macro record [U7DIFavJ2nzUNPTF] of database \"daggerheart-quickrules.macros\":\nError: Documents from a core version newer than the running version cannot be migrated\n    at Function._migrateRecord (file:///D:/Juegos/Foundry_daggerheart_git/Foundry-daggerheart/Portable-FoundryVTT-v13.348/App/resources/app/dist/database/backend/server-document.mjs:1:3713)\n    at Function._migrateDocuments (file:///D:/Juegos/Foundry_daggerheart_git/Foundry-daggerheart/Portable-FoundryVTT-v13.348/App/resources/app/dist/database/backend/server-document.mjs:1:2782)","timestamp":"2026-05-24 17:01:11"}
{"level":"warn","message":"Database daggerheart-quickrules.macros was not fully migrated due to errors during migration.","timestamp":"2026-05-24 17:01:11"}
{"level":"info","message":"Launching World | Migrating Package Data - 71%","timestamp":"2026-05-24 17:01:11"}
{"level":"error","message":"An error occurred during the migration of Item record [2hblPS6kI8KWiHqn] of database \"daggerheart-store.general-items\":\nError: Documents from a core version newer than the running version cannot be migrated\n    at Function._migrateRecord (file:///D:/Juegos/Foundry_daggerheart_git/Foundry-daggerheart/Portable-FoundryVTT-v13.348/App/resources/app/dist/database/backend/server-document.mjs:1:3713)\n    at Function._migrateDocuments (file:///D:/Juegos/Foundry_daggerheart_git/Foundry-daggerheart/Portable-FoundryVTT-v13.348/App/resources/app/dist/database/backend/server-document.mjs:1:2782)","timestamp":"2026-05-24 17:01:11"}
{"level":"error","message":"An error occurred during the migration of Item record [6pfBxfn5I3zW8Y9u] of database \"daggerheart-store.general-items\":\nError: Documents from a core version newer than the running version cannot be migrated\n    at Function._migrateRecord (file:///D:/Juegos/Foundry_daggerheart_git/Foundry-daggerheart/Portable-FoundryVTT-v13.348/App/resources/app/dist/database/backend/server-document.mjs:1:3713)\n    at Function._migrateDocuments (file:///D:/Juegos/Foundry_daggerheart_git/Foundry-daggerheart/Portable-FoundryVTT-v13.348/App/resources/app/dist/database/backend/server-document.mjs:1:2782)","timestamp":"2026-05-24 17:01:11"}
{"level":"error","message":"An error occurred during the migration of Item record [8Avrvxq6eoVpZdc3] of database \"daggerheart-store.general-items\":\nError: Documents from a core version newer than the running version cannot be migrated\n    at Function._migrateRecord (file:///D:/Juegos/Foundry_daggerheart_git/Foundry-daggerheart/Portable-FoundryVTT-v13.348/App/resources/app/dist/database/backend/server-document.mjs:1:3713)\n    at Function._migrateDocuments (file:///D:/Juegos/Foundry_daggerheart_git/Foundry-daggerheart/Portable-FoundryVTT-v13.348/App/resources/app/dist/database/backend/server-document.mjs:1:2782)","timestamp":"2026-05-24 17:01:11"}
{"level":"error","message":"An error occurred during the migration of Item record [DQ47HttEtNn2dPPM] of database \"daggerheart-store.general-items\":\nError: Documents from a core version newer than the running version cannot be migrated\n    at Function._migrateRecord (file:///D:/Juegos/Foundry_daggerheart_git/Foundry-daggerheart/Portable-FoundryVTT-v13.348/App/resources/app/dist/database/backend/server-document.mjs:1:3713)\n    at Function._migrateDocuments (file:///D:/Juegos/Foundry_daggerheart_git/Foundry-daggerheart/Portable-FoundryVTT-v13.348/App/resources/app/dist/database/backend/server-document.mjs:1:2782)","timestamp":"2026-05-24 17:01:11"}
{"level":"error","message":"An error occurred during the migration of Item record [ENxbZvy8uqHBJkZj] of database \"daggerheart-store.general-items\":\nError: Documents from a core version newer than the running version cannot be migrated\n    at Function._migrateRecord (file:///D:/Juegos/Foundry_daggerheart_git/Foundry-daggerheart/Portable-FoundryVTT-v13.348/App/resources/app/dist/database/backend/server-document.mjs:1:3713)\n    at Function._migrateDocuments (file:///D:/Juegos/Foundry_daggerheart_git/Foundry-daggerheart/Portable-FoundryVTT-v13.348/App/resources/app/dist/database/backend/server-document.mjs:1:2782)","timestamp":"2026-05-24 17:01:11"}
{"level":"error","message":"An error occurred during the migration of Item record [GZDZMCcmNUwwMdNQ] of database \"daggerheart-store.general-items\":\nError: Documents from a core version newer than the running version cannot be migrated\n    at Function._migrateRecord (file:///D:/Juegos/Foundry_daggerheart_git/Foundry-daggerheart/Portable-FoundryVTT-v13.348/App/resources/app/dist/database/backend/server-document.mjs:1:3713)\n    at Function._migrateDocuments (file:///D:/Juegos/Foundry_daggerheart_git/Foundry-daggerheart/Portable-FoundryVTT-v13.348/App/resources/app/dist/database/backend/server-document.mjs:1:2782)","timestamp":"2026-05-24 17:01:11"}
{"level":"error","message":"An error occurred during the migration of Item record [IdDRgCvBwBKnJ3fq] of database \"daggerheart-store.general-items\":\nError: Documents from a core version newer than the running version cannot be migrated\n    at Function._migrateRecord (file:///D:/Juegos/Foundry_daggerheart_git/Foundry-daggerheart/Portable-FoundryVTT-v13.348/App/resources/app/dist/database/backend/server-document.mjs:1:3713)\n    at Function._migrateDocuments (file:///D:/Juegos/Foundry_daggerheart_git/Foundry-daggerheart/Portable-FoundryVTT-v13.348/App/resources/app/dist/database/backend/server-document.mjs:1:2782)","timestamp":"2026-05-24 17:01:11"}
{"level":"error","message":"An error occurred during the migration of Item record [KDf6jWtCRuDgDBY7] of database \"daggerheart-store.general-items\":\nError: Documents from a core version newer than the running version cannot be migrated\n    at Function._migrateRecord (file:///D:/Juegos/Foundry_daggerheart_git/Foundry-daggerheart/Portable-FoundryVTT-v13.348/App/resources/app/dist/database/backend/server-document.mjs:1:3713)\n    at Function._migrateDocuments (file:///D:/Juegos/Foundry_daggerheart_git/Foundry-daggerheart/Portable-FoundryVTT-v13.348/App/resources/app/dist/database/backend/server-document.mjs:1:2782)","timestamp":"2026-05-24 17:01:11"}
{"level":"error","message":"An error occurred during the migration of Item record [KNVjlKNSVodaxgNi] of database \"daggerheart-store.general-items\":\nError: Documents from a core version newer than the running version cannot be migrated\n    at Function._migrateRecord (file:///D:/Juegos/Foundry_daggerheart_git/Foundry-daggerheart/Portable-FoundryVTT-v13.348/App/resources/app/dist/database/backend/server-document.mjs:1:3713)\n    at Function._migrateDocuments (file:///D:/Juegos/Foundry_daggerheart_git/Foundry-daggerheart/Portable-FoundryVTT-v13.348/App/resources/app/dist/database/backend/server-document.mjs:1:2782)","timestamp":"2026-05-24 17:01:11"}
{"level":"error","message":"An error occurred during the migration of Item record [MTIQMFKmS3XAnCfG] of database \"daggerheart-store.general-items\":\nError: Documents from a core version newer than the running version cannot be migrated\n    at Function._migrateRecord (file:///D:/Juegos/Foundry_daggerheart_git/Foundry-daggerheart/Portable-FoundryVTT-v13.348/App/resources/app/dist/database/backend/server-document.mjs:1:3713)\n    at Function._migrateDocuments (file:///D:/Juegos/Foundry_daggerheart_git/Foundry-daggerheart/Portable-FoundryVTT-v13.348/App/resources/app/dist/database/backend/server-document.mjs:1:2782)","timestamp":"2026-05-24 17:01:11"}
{"level":"error","message":"An error occurred during the migration of Item record [N7akjlJrCivDOSTa] of database \"daggerheart-store.general-items\":\nError: Documents from a core version newer than the running version cannot be migrated\n    at Function._migrateRecord (file:///D:/Juegos/Foundry_daggerheart_git/Foundry-daggerheart/Portable-FoundryVTT-v13.348/App/resources/app/dist/database/backend/server-document.mjs:1:3713)\n    at Function._migrateDocuments (file:///D:/Juegos/Foundry_daggerheart_git/Foundry-daggerheart/Portable-FoundryVTT-v13.348/App/resources/app/dist/database/backend/server-document.mjs:1:2782)","timestamp":"2026-05-24 17:01:11"}
{"level":"error","message":"An error occurred during the migration of Item record [NWk9KxMIsem9i9ST] of database \"daggerheart-store.general-items\":\nError: Documents from a core version newer than the running version cannot be migrated\n    at Function._migrateRecord (file:///D:/Juegos/Foundry_daggerheart_git/Foundry-daggerheart/Portable-FoundryVTT-v13.348/App/resources/app/dist/database/backend/server-document.mjs:1:3713)\n    at Function._migrateDocuments (file:///D:/Juegos/Foundry_daggerheart_git/Foundry-daggerheart/Portable-FoundryVTT-v13.348/App/resources/app/dist/database/backend/server-document.mjs:1:2782)","timestamp":"2026-05-24 17:01:11"}
{"level":"error","message":"An error occurred during the migration of Item record [QdcEZZpiy4JaMHZl] of database \"daggerheart-store.general-items\":\nError: Documents from a core version newer than the running version cannot be migrated\n    at Function._migrateRecord (file:///D:/Juegos/Foundry_daggerheart_git/Foundry-daggerheart/Portable-FoundryVTT-v13.348/App/resources/app/dist/database/backend/server-document.mjs:1:3713)\n    at Function._migrateDocuments (file:///D:/Juegos/Foundry_daggerheart_git/Foundry-daggerheart/Portable-FoundryVTT-v13.348/App/resources/app/dist/database/backend/server-document.mjs:1:2782)","timestamp":"2026-05-24 17:01:11"}
{"level":"error","message":"An error occurred during the migration of Item record [Ucx76Xza00mjIELy] of database \"daggerheart-store.general-items\":\nError: Documents from a core version newer than the running version cannot be migrated\n    at Function._migrateRecord (file:///D:/Juegos/Foundry_daggerheart_git/Foundry-daggerheart/Portable-FoundryVTT-v13.348/App/resources/app/dist/database/backend/server-document.mjs:1:3713)\n    at Function._migrateDocuments (file:///D:/Juegos/Foundry_daggerheart_git/Foundry-daggerheart/Portable-FoundryVTT-v13.348/App/resources/app/dist/database/backend/server-document.mjs:1:2782)","timestamp":"2026-05-24 17:01:11"}
{"level":"error","message":"An error occurred during the migration of Item record [Ul2qrgi3xXTStsmj] of database \"daggerheart-store.general-items\":\nError: Documents from a core version newer than the running version cannot be migrated\n    at Function._migrateRecord (file:///D:/Juegos/Foundry_daggerheart_git/Foundry-daggerheart/Portable-FoundryVTT-v13.348/App/resources/app/dist/database/backend/server-document.mjs:1:3713)\n    at Function._migrateDocuments (file:///D:/Juegos/Foundry_daggerheart_git/Foundry-daggerheart/Portable-FoundryVTT-v13.348/App/resources/app/dist/database/backend/server-document.mjs:1:2782)","timestamp":"2026-05-24 17:01:11"}
{"level":"error","message":"An error occurred during the migration of Item record [V1a8Ce4oOc2Awn3U] of database \"daggerheart-store.general-items\":\nError: Documents from a core version newer than the running version cannot be migrated\n    at Function._migrateRecord (file:///D:/Juegos/Foundry_daggerheart_git/Foundry-daggerheart/Portable-FoundryVTT-v13.348/App/resources/app/dist/database/backend/server-document.mjs:1:3713)\n    at Function._migrateDocuments (file:///D:/Juegos/Foundry_daggerheart_git/Foundry-daggerheart/Portable-FoundryVTT-v13.348/App/resources/app/dist/database/backend/server-document.mjs:1:2782)","timestamp":"2026-05-24 17:01:11"}
{"level":"error","message":"An error occurred during the migration of Item record [VaO9Trmbd379EIAo] of database \"daggerheart-store.general-items\":\nError: Documents from a core version newer than the running version cannot be migrated\n    at Function._migrateRecord (file:///D:/Juegos/Foundry_daggerheart_git/Foundry-daggerheart/Portable-FoundryVTT-v13.348/App/resources/app/dist/database/backend/server-document.mjs:1:3713)\n    at Function._migrateDocuments (file:///D:/Juegos/Foundry_daggerheart_git/Foundry-daggerheart/Portable-FoundryVTT-v13.348/App/resources/app/dist/database/backend/server-document.mjs:1:2782)","timestamp":"2026-05-24 17:01:11"}
{"level":"error","message":"An error occurred during the migration of Item record [ZYgoaymIkWI7dQmA] of database \"daggerheart-store.general-items\":\nError: Documents from a core version newer than the running version cannot be migrated\n    at Function._migrateRecord (file:///D:/Juegos/Foundry_daggerheart_git/Foundry-daggerheart/Portable-FoundryVTT-v13.348/App/resources/app/dist/database/backend/server-document.mjs:1:3713)\n    at Function._migrateDocuments (file:///D:/Juegos/Foundry_daggerheart_git/Foundry-daggerheart/Portable-FoundryVTT-v13.348/App/resources/app/dist/database/backend/server-document.mjs:1:2782)","timestamp":"2026-05-24 17:01:11"}
{"level":"error","message":"An error occurred during the migration of Item record [cyOu8zJdwHO6dkDs] of database \"daggerheart-store.general-items\":\nError: Documents from a core version newer than the running version cannot be migrated\n    at Function._migrateRecord (file:///D:/Juegos/Foundry_daggerheart_git/Foundry-daggerheart/Portable-FoundryVTT-v13.348/App/resources/app/dist/database/backend/server-document.mjs:1:3713)\n    at Function._migrateDocuments (file:///D:/Juegos/Foundry_daggerheart_git/Foundry-daggerheart/Portable-FoundryVTT-v13.348/App/resources/app/dist/database/backend/server-document.mjs:1:2782)","timestamp":"2026-05-24 17:01:11"}
{"level":"error","message":"An error occurred during the migration of Item record [dOO0MiljFRQ4R6uq] of database \"daggerheart-store.general-items\":\nError: Documents from a core version newer than the running version cannot be migrated\n    at Function._migrateRecord (file:///D:/Juegos/Foundry_daggerheart_git/Foundry-daggerheart/Portable-FoundryVTT-v13.348/App/resources/app/dist/database/backend/server-document.mjs:1:3713)\n    at Function._migrateDocuments (file:///D:/Juegos/Foundry_daggerheart_git/Foundry-daggerheart/Portable-FoundryVTT-v13.348/App/resources/app/dist/database/backend/server-document.mjs:1:2782)","timestamp":"2026-05-24 17:01:11"}
{"level":"error","message":"An error occurred during the migration of Item record [jteolML5GNTbw4S7] of database \"daggerheart-store.general-items\":\nError: Documents from a core version newer than the running version cannot be migrated\n    at Function._migrateRecord (file:///D:/Juegos/Foundry_daggerheart_git/Foundry-daggerheart/Portable-FoundryVTT-v13.348/App/resources/app/dist/database/backend/server-document.mjs:1:3713)\n    at Function._migrateDocuments (file:///D:/Juegos/Foundry_daggerheart_git/Foundry-daggerheart/Portable-FoundryVTT-v13.348/App/resources/app/dist/database/backend/server-document.mjs:1:2782)","timestamp":"2026-05-24 17:01:11"}
{"level":"error","message":"An error occurred during the migration of Item record [kHzMNenhB3rX55Ux] of database \"daggerheart-store.general-items\":\nError: Documents from a core version newer than the running version cannot be migrated\n    at Function._migrateRecord (file:///D:/Juegos/Foundry_daggerheart_git/Foundry-daggerheart/Portable-FoundryVTT-v13.348/App/resources/app/dist/database/backend/server-document.mjs:1:3713)\n    at Function._migrateDocuments (file:///D:/Juegos/Foundry_daggerheart_git/Foundry-daggerheart/Portable-FoundryVTT-v13.348/App/resources/app/dist/database/backend/server-document.mjs:1:2782)","timestamp":"2026-05-24 17:01:11"}
{"level":"error","message":"An error occurred during the migration of Item record [pFgpjOHQJH7Hb1G1] of database \"daggerheart-store.general-items\":\nError: Documents from a core version newer than the running version cannot be migrated\n    at Function._migrateRecord (file:///D:/Juegos/Foundry_daggerheart_git/Foundry-daggerheart/Portable-FoundryVTT-v13.348/App/resources/app/dist/database/backend/server-document.mjs:1:3713)\n    at Function._migrateDocuments (file:///D:/Juegos/Foundry_daggerheart_git/Foundry-daggerheart/Portable-FoundryVTT-v13.348/App/resources/app/dist/database/backend/server-document.mjs:1:2782)","timestamp":"2026-05-24 17:01:11"}
{"level":"error","message":"An error occurred during the migration of Item record [pMpRp5mHb0ciEGgo] of database \"daggerheart-store.general-items\":\nError: Documents from a core version newer than the running version cannot be migrated\n    at Function._migrateRecord (file:///D:/Juegos/Foundry_daggerheart_git/Foundry-daggerheart/Portable-FoundryVTT-v13.348/App/resources/app/dist/database/backend/server-document.mjs:1:3713)\n    at Function._migrateDocuments (file:///D:/Juegos/Foundry_daggerheart_git/Foundry-daggerheart/Portable-FoundryVTT-v13.348/App/resources/app/dist/database/backend/server-document.mjs:1:2782)","timestamp":"2026-05-24 17:01:11"}
{"level":"error","message":"An error occurred during the migration of Item record [q0V5Jx1Mv2ourVtA] of database \"daggerheart-store.general-items\":\nError: Documents from a core version newer than the running version cannot be migrated\n    at Function._migrateRecord (file:///D:/Juegos/Foundry_daggerheart_git/Foundry-daggerheart/Portable-FoundryVTT-v13.348/App/resources/app/dist/database/backend/server-document.mjs:1:3713)\n    at Function._migrateDocuments (file:///D:/Juegos/Foundry_daggerheart_git/Foundry-daggerheart/Portable-FoundryVTT-v13.348/App/resources/app/dist/database/backend/server-document.mjs:1:2782)","timestamp":"2026-05-24 17:01:11"}
{"level":"error","message":"An error occurred during the migration of Item record [qzkICUNH2P5owsIu] of database \"daggerheart-store.general-items\":\nError: Documents from a core version newer than the running version cannot be migrated\n    at Function._migrateRecord (file:///D:/Juegos/Foundry_daggerheart_git/Foundry-daggerheart/Portable-FoundryVTT-v13.348/App/resources/app/dist/database/backend/server-document.mjs:1:3713)\n    at Function._migrateDocuments (file:///D:/Juegos/Foundry_daggerheart_git/Foundry-daggerheart/Portable-FoundryVTT-v13.348/App/resources/app/dist/database/backend/server-document.mjs:1:2782)","timestamp":"2026-05-24 17:01:11"}
{"level":"error","message":"An error occurred during the migration of Item record [sXcYxL89czvFCeKf] of database \"daggerheart-store.general-items\":\nError: Documents from a core version newer than the running version cannot be migrated\n    at Function._migrateRecord (file:///D:/Juegos/Foundry_daggerheart_git/Foundry-daggerheart/Portable-FoundryVTT-v13.348/App/resources/app/dist/database/backend/server-document.mjs:1:3713)\n    at Function._migrateDocuments (file:///D:/Juegos/Foundry_daggerheart_git/Foundry-daggerheart/Portable-FoundryVTT-v13.348/App/resources/app/dist/database/backend/server-document.mjs:1:2782)","timestamp":"2026-05-24 17:01:11"}
{"level":"error","message":"An error occurred during the migration of Item record [xFxOWUUaaBCzsqNk] of database \"daggerheart-store.general-items\":\nError: Documents from a core version newer than the running version cannot be migrated\n    at Function._migrateRecord (file:///D:/Juegos/Foundry_daggerheart_git/Foundry-daggerheart/Portable-FoundryVTT-v13.348/App/resources/app/dist/database/backend/server-document.mjs:1:3713)\n    at Function._migrateDocuments (file:///D:/Juegos/Foundry_daggerheart_git/Foundry-daggerheart/Portable-FoundryVTT-v13.348/App/resources/app/dist/database/backend/server-document.mjs:1:2782)","timestamp":"2026-05-24 17:01:11"}
{"level":"error","message":"An error occurred during the migration of Item record [zleEYOAwnJCAoTek] of database \"daggerheart-store.general-items\":\nError: Documents from a core version newer than the running version cannot be migrated\n    at Function._migrateRecord (file:///D:/Juegos/Foundry_daggerheart_git/Foundry-daggerheart/Portable-FoundryVTT-v13.348/App/resources/app/dist/database/backend/server-document.mjs:1:3713)\n    at Function._migrateDocuments (file:///D:/Juegos/Foundry_daggerheart_git/Foundry-daggerheart/Portable-FoundryVTT-v13.348/App/resources/app/dist/database/backend/server-document.mjs:1:2782)","timestamp":"2026-05-24 17:01:11"}
{"level":"warn","message":"Database daggerheart-store.general-items was not fully migrated due to errors during migration.","timestamp":"2026-05-24 17:01:11"}
{"level":"info","message":"Launching World | Migrating Package Data - 73%","timestamp":"2026-05-24 17:01:11"}
{"level":"error","message":"An error occurred during the migration of Macro record [d3GkUwZzrxbSv2VF] of database \"daggerheart-store.macros\":\nError: Documents from a core version newer than the running version cannot be migrated\n    at Function._migrateRecord (file:///D:/Juegos/Foundry_daggerheart_git/Foundry-daggerheart/Portable-FoundryVTT-v13.348/App/resources/app/dist/database/backend/server-document.mjs:1:3713)\n    at Function._migrateDocuments (file:///D:/Juegos/Foundry_daggerheart_git/Foundry-daggerheart/Portable-FoundryVTT-v13.348/App/resources/app/dist/database/backend/server-document.mjs:1:2782)","timestamp":"2026-05-24 17:01:11"}
{"level":"error","message":"An error occurred during the migration of Macro record [lWDmGeMZEFxKcsPa] of database \"daggerheart-store.macros\":\nError: Documents from a core version newer than the running version cannot be migrated\n    at Function._migrateRecord (file:///D:/Juegos/Foundry_daggerheart_git/Foundry-daggerheart/Portable-FoundryVTT-v13.348/App/resources/app/dist/database/backend/server-document.mjs:1:3713)\n    at Function._migrateDocuments (file:///D:/Juegos/Foundry_daggerheart_git/Foundry-daggerheart/Portable-FoundryVTT-v13.348/App/resources/app/dist/database/backend/server-document.mjs:1:2782)","timestamp":"2026-05-24 17:01:11"}
{"level":"warn","message":"Database daggerheart-store.macros was not fully migrated due to errors during migration.","timestamp":"2026-05-24 17:01:11"}
{"level":"info","message":"Launching World | Migrating Package Data - 75%","timestamp":"2026-05-24 17:01:11"}
{"level":"error","message":"An error occurred during the migration of JournalEntry record [5Zo1xf1V8L77XM2W] of database \"daggerheart-store.journals\":\nError: Documents from a core version newer than the running version cannot be migrated\n    at Function._migrateRecord (file:///D:/Juegos/Foundry_daggerheart_git/Foundry-daggerheart/Portable-FoundryVTT-v13.348/App/resources/app/dist/database/backend/server-document.mjs:1:3713)\n    at Function._migrateDocuments (file:///D:/Juegos/Foundry_daggerheart_git/Foundry-daggerheart/Portable-FoundryVTT-v13.348/App/resources/app/dist/database/backend/server-document.mjs:1:2782)","timestamp":"2026-05-24 17:01:11"}
{"level":"error","message":"An error occurred during the migration of JournalEntry record [VJ0KNEngG9B5HWmL] of database \"daggerheart-store.journals\":\nError: Documents from a core version newer than the running version cannot be migrated\n    at Function._migrateRecord (file:///D:/Juegos/Foundry_daggerheart_git/Foundry-daggerheart/Portable-FoundryVTT-v13.348/App/resources/app/dist/database/backend/server-document.mjs:1:3713)\n    at Function._migrateDocuments (file:///D:/Juegos/Foundry_daggerheart_git/Foundry-daggerheart/Portable-FoundryVTT-v13.348/App/resources/app/dist/database/backend/server-document.mjs:1:2782)","timestamp":"2026-05-24 17:01:11"}
{"level":"error","message":"An error occurred during the migration of JournalEntry record [fIXCeXWeDbAu3uFg] of database \"daggerheart-store.journals\":\nError: Documents from a core version newer than the running version cannot be migrated\n    at Function._migrateRecord (file:///D:/Juegos/Foundry_daggerheart_git/Foundry-daggerheart/Portable-FoundryVTT-v13.348/App/resources/app/dist/database/backend/server-document.mjs:1:3713)\n    at Function._migrateDocuments (file:///D:/Juegos/Foundry_daggerheart_git/Foundry-daggerheart/Portable-FoundryVTT-v13.348/App/resources/app/dist/database/backend/server-document.mjs:1:2782)","timestamp":"2026-05-24 17:01:11"}
{"level":"warn","message":"Database daggerheart-store.journals was not fully migrated due to errors during migration.","timestamp":"2026-05-24 17:01:11"}
{"level":"info","message":"Launching World | Migrating Package Data - 76%","timestamp":"2026-05-24 17:01:11"}
{"level":"info","message":"Launching World | Migrating Package Data - 78%","timestamp":"2026-05-24 17:01:11"}
{"level":"info","message":"Launching World | Migrating Package Data - 80%","timestamp":"2026-05-24 17:01:11"}
{"level":"error","message":"An error occurred during the migration of Item record [9X2envWaXGSWx82V] of database \"the-void-unofficial.classes\":\nError: Documents from a core version newer than the running version cannot be migrated\n    at Function._migrateRecord (file:///D:/Juegos/Foundry_daggerheart_git/Foundry-daggerheart/Portable-FoundryVTT-v13.348/App/resources/app/dist/database/backend/server-document.mjs:1:3713)\n    at Function._migrateDocuments (file:///D:/Juegos/Foundry_daggerheart_git/Foundry-daggerheart/Portable-FoundryVTT-v13.348/App/resources/app/dist/database/backend/server-document.mjs:1:2782)","timestamp":"2026-05-24 17:01:11"}
{"level":"error","message":"An error occurred during the migration of Item record [R0wYgWyPih4CpTE5] of database \"the-void-unofficial.classes\":\nError: Documents from a core version newer than the running version cannot be migrated\n    at Function._migrateRecord (file:///D:/Juegos/Foundry_daggerheart_git/Foundry-daggerheart/Portable-FoundryVTT-v13.348/App/resources/app/dist/database/backend/server-document.mjs:1:3713)\n    at Function._migrateDocuments (file:///D:/Juegos/Foundry_daggerheart_git/Foundry-daggerheart/Portable-FoundryVTT-v13.348/App/resources/app/dist/database/backend/server-document.mjs:1:2782)","timestamp":"2026-05-24 17:01:11"}
{"level":"error","message":"An error occurred during the migration of Item record [TGTBooD83OWXyQj1] of database \"the-void-unofficial.classes\":\nError: Documents from a core version newer than the running version cannot be migrated\n    at Function._migrateRecord (file:///D:/Juegos/Foundry_daggerheart_git/Foundry-daggerheart/Portable-FoundryVTT-v13.348/App/resources/app/dist/database/backend/server-document.mjs:1:3713)\n    at Function._migrateDocuments (file:///D:/Juegos/Foundry_daggerheart_git/Foundry-daggerheart/Portable-FoundryVTT-v13.348/App/resources/app/dist/database/backend/server-document.mjs:1:2782)","timestamp":"2026-05-24 17:01:11"}
{"level":"error","message":"An error occurred during the migration of Item record [gugHbXBWP24CFTJZ] of database \"the-void-unofficial.classes\":\nError: Documents from a core version newer than the running version cannot be migrated\n    at Function._migrateRecord (file:///D:/Juegos/Foundry_daggerheart_git/Foundry-daggerheart/Portable-FoundryVTT-v13.348/App/resources/app/dist/database/backend/server-document.mjs:1:3713)\n    at Function._migrateDocuments (file:///D:/Juegos/Foundry_daggerheart_git/Foundry-daggerheart/Portable-FoundryVTT-v13.348/App/resources/app/dist/database/backend/server-document.mjs:1:2782)","timestamp":"2026-05-24 17:01:11"}
{"level":"error","message":"An error occurred during the migration of Item record [m3CvI4nlskOu5jZS] of database \"the-void-unofficial.classes\":\nError: Documents from a core version newer than the running version cannot be migrated\n    at Function._migrateRecord (file:///D:/Juegos/Foundry_daggerheart_git/Foundry-daggerheart/Portable-FoundryVTT-v13.348/App/resources/app/dist/database/backend/server-document.mjs:1:3713)\n    at Function._migrateDocuments (file:///D:/Juegos/Foundry_daggerheart_git/Foundry-daggerheart/Portable-FoundryVTT-v13.348/App/resources/app/dist/database/backend/server-document.mjs:1:2782)","timestamp":"2026-05-24 17:01:11"}
{"level":"error","message":"An error occurred during the migration of Item record [otb0ThXWuqQzzWho] of database \"the-void-unofficial.classes\":\nError: Documents from a core version newer than the running version cannot be migrated\n    at Function._migrateRecord (file:///D:/Juegos/Foundry_daggerheart_git/Foundry-daggerheart/Portable-FoundryVTT-v13.348/App/resources/app/dist/database/backend/server-document.mjs:1:3713)\n    at Function._migrateDocuments (file:///D:/Juegos/Foundry_daggerheart_git/Foundry-daggerheart/Portable-FoundryVTT-v13.348/App/resources/app/dist/database/backend/server-document.mjs:1:2782)","timestamp":"2026-05-24 17:01:11"}
{"level":"error","message":"An error occurred during the migration of Item record [v5M0mxaTDJCyhAsR] of database \"the-void-unofficial.classes\":\nError: Documents from a core version newer than the running version cannot be migrated\n    at Function._migrateRecord (file:///D:/Juegos/Foundry_daggerheart_git/Foundry-daggerheart/Portable-FoundryVTT-v13.348/App/resources/app/dist/database/backend/server-document.mjs:1:3713)\n    at Function._migrateDocuments (file:///D:/Juegos/Foundry_daggerheart_git/Foundry-daggerheart/Portable-FoundryVTT-v13.348/App/resources/app/dist/database/backend/server-document.mjs:1:2782)","timestamp":"2026-05-24 17:01:11"}
{"level":"warn","message":"Database the-void-unofficial.classes was not fully migrated due to errors during migration.","timestamp":"2026-05-24 17:01:11"}
{"level":"info","message":"Launching World | Migrating Package Data - 82%","timestamp":"2026-05-24 17:01:11"}
{"level":"error","message":"An error occurred during the migration of Item record [1PPk39iarFpWylOi] of database \"the-void-unofficial.subclasses\":\nError: Documents from a core version newer than the running version cannot be migrated\n    at Function._migrateRecord (file:///D:/Juegos/Foundry_daggerheart_git/Foundry-daggerheart/Portable-FoundryVTT-v13.348/App/resources/app/dist/database/backend/server-document.mjs:1:3713)\n    at Function._migrateDocuments (file:///D:/Juegos/Foundry_daggerheart_git/Foundry-daggerheart/Portable-FoundryVTT-v13.348/App/resources/app/dist/database/backend/server-document.mjs:1:2782)","timestamp":"2026-05-24 17:01:11"}
{"level":"error","message":"An error occurred during the migration of Item record [4Jaekd41DdaPdWkw] of database \"the-void-unofficial.subclasses\":\nError: Documents from a core version newer than the running version cannot be migrated\n    at Function._migrateRecord (file:///D:/Juegos/Foundry_daggerheart_git/Foundry-daggerheart/Portable-FoundryVTT-v13.348/App/resources/app/dist/database/backend/server-document.mjs:1:3713)\n    at Function._migrateDocuments (file:///D:/Juegos/Foundry_daggerheart_git/Foundry-daggerheart/Portable-FoundryVTT-v13.348/App/resources/app/dist/database/backend/server-document.mjs:1:2782)","timestamp":"2026-05-24 17:01:11"}
{"level":"error","message":"An error occurred during the migration of Item record [8EGGJmnqPBs9CrO9] of database \"the-void-unofficial.subclasses\":\nError: Documents from a core version newer than the running version cannot be migrated\n    at Function._migrateRecord (file:///D:/Juegos/Foundry_daggerheart_git/Foundry-daggerheart/Portable-FoundryVTT-v13.348/App/resources/app/dist/database/backend/server-document.mjs:1:3713)\n    at Function._migrateDocuments (file:///D:/Juegos/Foundry_daggerheart_git/Foundry-daggerheart/Portable-FoundryVTT-v13.348/App/resources/app/dist/database/backend/server-document.mjs:1:2782)","timestamp":"2026-05-24 17:01:11"}
{"level":"error","message":"An error occurred during the migration of Item record [GXYbLE8fG6fmGvFE] of database \"the-void-unofficial.subclasses\":\nError: Documents from a core version newer than the running version cannot be migrated\n    at Function._migrateRecord (file:///D:/Juegos/Foundry_daggerheart_git/Foundry-daggerheart/Portable-FoundryVTT-v13.348/App/resources/app/dist/database/backend/server-document.mjs:1:3713)\n    at Function._migrateDocuments (file:///D:/Juegos/Foundry_daggerheart_git/Foundry-daggerheart/Portable-FoundryVTT-v13.348/App/resources/app/dist/database/backend/server-document.mjs:1:2782)","timestamp":"2026-05-24 17:01:11"}
{"level":"error","message":"An error occurred during the migration of Item record [H8iGhoEsLwbhmUjb] of database \"the-void-unofficial.subclasses\":\nError: Documents from a core version newer than the running version cannot be migrated\n    at Function._migrateRecord (file:///D:/Juegos/Foundry_daggerheart_git/Foundry-daggerheart/Portable-FoundryVTT-v13.348/App/resources/app/dist/database/backend/server-document.mjs:1:3713)\n    at Function._migrateDocuments (file:///D:/Juegos/Foundry_daggerheart_git/Foundry-daggerheart/Portable-FoundryVTT-v13.348/App/resources/app/dist/database/backend/server-document.mjs:1:2782)","timestamp":"2026-05-24 17:01:11"}
{"level":"error","message":"An error occurred during the migration of Item record [JIO4bvmWGH4tTXpQ] of database \"the-void-unofficial.subclasses\":\nError: Documents from a core version newer than the running version cannot be migrated\n    at Function._migrateRecord (file:///D:/Juegos/Foundry_daggerheart_git/Foundry-daggerheart/Portable-FoundryVTT-v13.348/App/resources/app/dist/database/backend/server-document.mjs:1:3713)\n    at Function._migrateDocuments (file:///D:/Juegos/Foundry_daggerheart_git/Foundry-daggerheart/Portable-FoundryVTT-v13.348/App/resources/app/dist/database/backend/server-document.mjs:1:2782)","timestamp":"2026-05-24 17:01:11"}
{"level":"error","message":"An error occurred during the migration of Item record [JWlQd6XSBB22ASBs] of database \"the-void-unofficial.subclasses\":\nError: Documents from a core version newer than the running version cannot be migrated\n    at Function._migrateRecord (file:///D:/Juegos/Foundry_daggerheart_git/Foundry-daggerheart/Portable-FoundryVTT-v13.348/App/resources/app/dist/database/backend/server-document.mjs:1:3713)\n    at Function._migrateDocuments (file:///D:/Juegos/Foundry_daggerheart_git/Foundry-daggerheart/Portable-FoundryVTT-v13.348/App/resources/app/dist/database/backend/server-document.mjs:1:2782)","timestamp":"2026-05-24 17:01:11"}
{"level":"error","message":"An error occurred during the migration of Item record [JiPSjjjWxSbnoQRe] of database \"the-void-unofficial.subclasses\":\nError: Documents from a core version newer than the running version cannot be migrated\n    at Function._migrateRecord (file:///D:/Juegos/Foundry_daggerheart_git/Foundry-daggerheart/Portable-FoundryVTT-v13.348/App/resources/app/dist/database/backend/server-document.mjs:1:3713)\n    at Function._migrateDocuments (file:///D:/Juegos/Foundry_daggerheart_git/Foundry-daggerheart/Portable-FoundryVTT-v13.348/App/resources/app/dist/database/backend/server-document.mjs:1:2782)","timestamp":"2026-05-24 17:01:11"}
{"level":"error","message":"An error occurred during the migration of Item record [XeSsopeDDreSRv5A] of database \"the-void-unofficial.subclasses\":\nError: Documents from a core version newer than the running version cannot be migrated\n    at Function._migrateRecord (file:///D:/Juegos/Foundry_daggerheart_git/Foundry-daggerheart/Portable-FoundryVTT-v13.348/App/resources/app/dist/database/backend/server-document.mjs:1:3713)\n    at Function._migrateDocuments (file:///D:/Juegos/Foundry_daggerheart_git/Foundry-daggerheart/Portable-FoundryVTT-v13.348/App/resources/app/dist/database/backend/server-document.mjs:1:2782)","timestamp":"2026-05-24 17:01:11"}
{"level":"error","message":"An error occurred during the migration of Item record [YN38IzjqW5paIy92] of database \"the-void-unofficial.subclasses\":\nError: Documents from a core version newer than the running version cannot be migrated\n    at Function._migrateRecord (file:///D:/Juegos/Foundry_daggerheart_git/Foundry-daggerheart/Portable-FoundryVTT-v13.348/App/resources/app/dist/database/backend/server-document.mjs:1:3713)\n    at Function._migrateDocuments (file:///D:/Juegos/Foundry_daggerheart_git/Foundry-daggerheart/Portable-FoundryVTT-v13.348/App/resources/app/dist/database/backend/server-document.mjs:1:2782)","timestamp":"2026-05-24 17:01:11"}
{"level":"error","message":"An error occurred during the migration of Item record [ZYdJamwMgRsiG733] of database \"the-void-unofficial.subclasses\":\nError: Documents from a core version newer than the running version cannot be migrated\n    at Function._migrateRecord (file:///D:/Juegos/Foundry_daggerheart_git/Foundry-daggerheart/Portable-FoundryVTT-v13.348/App/resources/app/dist/database/backend/server-document.mjs:1:3713)\n    at Function._migrateDocuments (file:///D:/Juegos/Foundry_daggerheart_git/Foundry-daggerheart/Portable-FoundryVTT-v13.348/App/resources/app/dist/database/backend/server-document.mjs:1:2782)","timestamp":"2026-05-24 17:01:11"}
{"level":"error","message":"An error occurred during the migration of Item record [aFtWBHgUBxsCptI2] of database \"the-void-unofficial.subclasses\":\nError: Documents from a core version newer than the running version cannot be migrated\n    at Function._migrateRecord (file:///D:/Juegos/Foundry_daggerheart_git/Foundry-daggerheart/Portable-FoundryVTT-v13.348/App/resources/app/dist/database/backend/server-document.mjs:1:3713)\n    at Function._migrateDocuments (file:///D:/Juegos/Foundry_daggerheart_git/Foundry-daggerheart/Portable-FoundryVTT-v13.348/App/resources/app/dist/database/backend/server-document.mjs:1:2782)","timestamp":"2026-05-24 17:01:11"}
{"level":"error","message":"An error occurred during the migration of Item record [h0PlfOo87vjMIR2n] of database \"the-void-unofficial.subclasses\":\nError: Documents from a core version newer than the running version cannot be migrated\n    at Function._migrateRecord (file:///D:/Juegos/Foundry_daggerheart_git/Foundry-daggerheart/Portable-FoundryVTT-v13.348/App/resources/app/dist/database/backend/server-document.mjs:1:3713)\n    at Function._migrateDocuments (file:///D:/Juegos/Foundry_daggerheart_git/Foundry-daggerheart/Portable-FoundryVTT-v13.348/App/resources/app/dist/database/backend/server-document.mjs:1:2782)","timestamp":"2026-05-24 17:01:11"}
{"level":"error","message":"An error occurred during the migration of Item record [h3bzYGrnwkKQBJ6d] of database \"the-void-unofficial.subclasses\":\nError: Documents from a core version newer than the running version cannot be migrated\n    at Function._migrateRecord (file:///D:/Juegos/Foundry_daggerheart_git/Foundry-daggerheart/Portable-FoundryVTT-v13.348/App/resources/app/dist/database/backend/server-document.mjs:1:3713)\n    at Function._migrateDocuments (file:///D:/Juegos/Foundry_daggerheart_git/Foundry-daggerheart/Portable-FoundryVTT-v13.348/App/resources/app/dist/database/backend/server-document.mjs:1:2782)","timestamp":"2026-05-24 17:01:11"}
{"level":"error","message":"An error occurred during the migration of Item record [mRNqGokQNZEK8GSP] of database \"the-void-unofficial.subclasses\":\nError: Documents from a core version newer than the running version cannot be migrated\n    at Function._migrateRecord (file:///D:/Juegos/Foundry_daggerheart_git/Foundry-daggerheart/Portable-FoundryVTT-v13.348/App/resources/app/dist/database/backend/server-document.mjs:1:3713)\n    at Function._migrateDocuments (file:///D:/Juegos/Foundry_daggerheart_git/Foundry-daggerheart/Portable-FoundryVTT-v13.348/App/resources/app/dist/database/backend/server-document.mjs:1:2782)","timestamp":"2026-05-24 17:01:11"}
{"level":"error","message":"An error occurred during the migration of Item record [sajwdoQ5JVzqeqsj] of database \"the-void-unofficial.subclasses\":\nError: Documents from a core version newer than the running version cannot be migrated\n    at Function._migrateRecord (file:///D:/Juegos/Foundry_daggerheart_git/Foundry-daggerheart/Portable-FoundryVTT-v13.348/App/resources/app/dist/database/backend/server-document.mjs:1:3713)\n    at Function._migrateDocuments (file:///D:/Juegos/Foundry_daggerheart_git/Foundry-daggerheart/Portable-FoundryVTT-v13.348/App/resources/app/dist/database/backend/server-document.mjs:1:2782)","timestamp":"2026-05-24 17:01:11"}
{"level":"error","message":"An error occurred during the migration of Item record [ulURXMXGHT33vnD9] of database \"the-void-unofficial.subclasses\":\nError: Documents from a core version newer than the running version cannot be migrated\n    at Function._migrateRecord (file:///D:/Juegos/Foundry_daggerheart_git/Foundry-daggerheart/Portable-FoundryVTT-v13.348/App/resources/app/dist/database/backend/server-document.mjs:1:3713)\n    at Function._migrateDocuments (file:///D:/Juegos/Foundry_daggerheart_git/Foundry-daggerheart/Portable-FoundryVTT-v13.348/App/resources/app/dist/database/backend/server-document.mjs:1:2782)","timestamp":"2026-05-24 17:01:11"}
{"level":"error","message":"An error occurred during the migration of Item record [zkpNSVJfpnR0InYL] of database \"the-void-unofficial.subclasses\":\nError: Documents from a core version newer than the running version cannot be migrated\n    at Function._migrateRecord (file:///D:/Juegos/Foundry_daggerheart_git/Foundry-daggerheart/Portable-FoundryVTT-v13.348/App/resources/app/dist/database/backend/server-document.mjs:1:3713)\n    at Function._migrateDocuments (file:///D:/Juegos/Foundry_daggerheart_git/Foundry-daggerheart/Portable-FoundryVTT-v13.348/App/resources/app/dist/database/backend/server-document.mjs:1:2782)","timestamp":"2026-05-24 17:01:11"}
{"level":"warn","message":"Database the-void-unofficial.subclasses was not fully migrated due to errors during migration.","timestamp":"2026-05-24 17:01:11"}
{"level":"info","message":"Launching World | Migrating Package Data - 84%","timestamp":"2026-05-24 17:01:11"}
{"level":"info","message":"Launching World | Migrating Package Data - 86%","timestamp":"2026-05-24 17:01:11"}
{"level":"info","message":"Launching World | Migrating Package Data - 88%","timestamp":"2026-05-24 17:01:11"}
{"level":"error","message":"An error occurred during the migration of Item record [0NoQWqYOiPdXdUhQ] of database \"the-void-unofficial.domains\":\nError: Documents from a core version newer than the running version cannot be migrated\n    at Function._migrateRecord (file:///D:/Juegos/Foundry_daggerheart_git/Foundry-daggerheart/Portable-FoundryVTT-v13.348/App/resources/app/dist/database/backend/server-document.mjs:1:3713)\n    at Function._migrateDocuments (file:///D:/Juegos/Foundry_daggerheart_git/Foundry-daggerheart/Portable-FoundryVTT-v13.348/App/resources/app/dist/database/backend/server-document.mjs:1:2782)","timestamp":"2026-05-24 17:01:11"}
{"level":"error","message":"An error occurred during the migration of Item record [176CHYdrz550TiEa] of database \"the-void-unofficial.domains\":\nError: Documents from a core version newer than the running version cannot be migrated\n    at Function._migrateRecord (file:///D:/Juegos/Foundry_daggerheart_git/Foundry-daggerheart/Portable-FoundryVTT-v13.348/App/resources/app/dist/database/backend/server-document.mjs:1:3713)\n    at Function._migrateDocuments (file:///D:/Juegos/Foundry_daggerheart_git/Foundry-daggerheart/Portable-FoundryVTT-v13.348/App/resources/app/dist/database/backend/server-document.mjs:1:2782)","timestamp":"2026-05-24 17:01:11"}
{"level":"error","message":"An error occurred during the migration of Item record [65NWcF4RSZgyJXFt] of database \"the-void-unofficial.domains\":\nError: Documents from a core version newer than the running version cannot be migrated\n    at Function._migrateRecord (file:///D:/Juegos/Foundry_daggerheart_git/Foundry-daggerheart/Portable-FoundryVTT-v13.348/App/resources/app/dist/database/backend/server-document.mjs:1:3713)\n    at Function._migrateDocuments (file:///D:/Juegos/Foundry_daggerheart_git/Foundry-daggerheart/Portable-FoundryVTT-v13.348/App/resources/app/dist/database/backend/server-document.mjs:1:2782)","timestamp":"2026-05-24 17:01:11"}
{"level":"error","message":"An error occurred during the migration of Item record [88xwPHpicN5uBo0f] of database \"the-void-unofficial.domains\":\nError: Documents from a core version newer than the running version cannot be migrated\n    at Function._migrateRecord (file:///D:/Juegos/Foundry_daggerheart_git/Foundry-daggerheart/Portable-FoundryVTT-v13.348/App/resources/app/dist/database/backend/server-document.mjs:1:3713)\n    at Function._migrateDocuments (file:///D:/Juegos/Foundry_daggerheart_git/Foundry-daggerheart/Portable-FoundryVTT-v13.348/App/resources/app/dist/database/backend/server-document.mjs:1:2782)","timestamp":"2026-05-24 17:01:11"}
{"level":"error","message":"An error occurred during the migration of Item record [9wxJJpH25cxmtx5W] of database \"the-void-unofficial.domains\":\nError: Documents from a core version newer than the running version cannot be migrated\n    at Function._migrateRecord (file:///D:/Juegos/Foundry_daggerheart_git/Foundry-daggerheart/Portable-FoundryVTT-v13.348/App/resources/app/dist/database/backend/server-document.mjs:1:3713)\n    at Function._migrateDocuments (file:///D:/Juegos/Foundry_daggerheart_git/Foundry-daggerheart/Portable-FoundryVTT-v13.348/App/resources/app/dist/database/backend/server-document.mjs:1:2782)","timestamp":"2026-05-24 17:01:11"}
{"level":"error","message":"An error occurred during the migration of Item record [BFkzJkWY4HejN4WR] of database \"the-void-unofficial.domains\":\nError: Documents from a core version newer than the running version cannot be migrated\n    at Function._migrateRecord (file:///D:/Juegos/Foundry_daggerheart_git/Foundry-daggerheart/Portable-FoundryVTT-v13.348/App/resources/app/dist/database/backend/server-document.mjs:1:3713)\n    at Function._migrateDocuments (file:///D:/Juegos/Foundry_daggerheart_git/Foundry-daggerheart/Portable-FoundryVTT-v13.348/App/resources/app/dist/database/backend/server-document.mjs:1:2782)","timestamp":"2026-05-24 17:01:11"}
{"level":"error","message":"An error occurred during the migration of Item record [BQF5xVKRVQdhGAf8] of database \"the-void-unofficial.domains\":\nError: Documents from a core version newer than the running version cannot be migrated\n    at Function._migrateRecord (file:///D:/Juegos/Foundry_daggerheart_git/Foundry-daggerheart/Portable-FoundryVTT-v13.348/App/resources/app/dist/database/backend/server-document.mjs:1:3713)\n    at Function._migrateDocuments (file:///D:/Juegos/Foundry_daggerheart_git/Foundry-daggerheart/Portable-FoundryVTT-v13.348/App/resources/app/dist/database/backend/server-document.mjs:1:2782)","timestamp":"2026-05-24 17:01:11"}
{"level":"error","message":"An error occurred during the migration of Item record [BctVkNUWYL5Eww2k] of database \"the-void-unofficial.domains\":\nError: Documents from a core version newer than the running version cannot be migrated\n    at Function._migrateRecord (file:///D:/Juegos/Foundry_daggerheart_git/Foundry-daggerheart/Portable-FoundryVTT-v13.348/App/resources/app/dist/database/backend/server-document.mjs:1:3713)\n    at Function._migrateDocuments (file:///D:/Juegos/Foundry_daggerheart_git/Foundry-daggerheart/Portable-FoundryVTT-v13.348/App/resources/app/dist/database/backend/server-document.mjs:1:2782)","timestamp":"2026-05-24 17:01:11"}
{"level":"error","message":"An error occurred during the migration of Item record [CQbmQH1Xqr1BjLWW] of database \"the-void-unofficial.domains\":\nError: Documents from a core version newer than the running version cannot be migrated\n    at Function._migrateRecord (file:///D:/Juegos/Foundry_daggerheart_git/Foundry-daggerheart/Portable-FoundryVTT-v13.348/App/resources/app/dist/database/backend/server-document.mjs:1:3713)\n    at Function._migrateDocuments (file:///D:/Juegos/Foundry_daggerheart_git/Foundry-daggerheart/Portable-FoundryVTT-v13.348/App/resources/app/dist/database/backend/server-document.mjs:1:2782)","timestamp":"2026-05-24 17:01:11"}
{"level":"error","message":"An error occurred during the migration of Item record [Du7UHRd0CweyuXil] of database \"the-void-unofficial.domains\":\nError: Documents from a core version newer than the running version cannot be migrated\n    at Function._migrateRecord (file:///D:/Juegos/Foundry_daggerheart_git/Foundry-daggerheart/Portable-FoundryVTT-v13.348/App/resources/app/dist/database/backend/server-document.mjs:1:3713)\n    at Function._migrateDocuments (file:///D:/Juegos/Foundry_daggerheart_git/Foundry-daggerheart/Portable-FoundryVTT-v13.348/App/resources/app/dist/database/backend/server-document.mjs:1:2782)","timestamp":"2026-05-24 17:01:11"}
{"level":"error","message":"An error occurred during the migration of Item record [LOPtjnPVjWQEzrZx] of database \"the-void-unofficial.domains\":\nError: Documents from a core version newer than the running version cannot be migrated\n    at Function._migrateRecord (file:///D:/Juegos/Foundry_daggerheart_git/Foundry-daggerheart/Portable-FoundryVTT-v13.348/App/resources/app/dist/database/backend/server-document.mjs:1:3713)\n    at Function._migrateDocuments (file:///D:/Juegos/Foundry_daggerheart_git/Foundry-daggerheart/Portable-FoundryVTT-v13.348/App/resources/app/dist/database/backend/server-document.mjs:1:2782)","timestamp":"2026-05-24 17:01:11"}
{"level":"error","message":"An error occurred during the migration of Item record [Q3RpYwdlDyCQPJHr] of database \"the-void-unofficial.domains\":\nError: Documents from a core version newer than the running version cannot be migrated\n    at Function._migrateRecord (file:///D:/Juegos/Foundry_daggerheart_git/Foundry-daggerheart/Portable-FoundryVTT-v13.348/App/resources/app/dist/database/backend/server-document.mjs:1:3713)\n    at Function._migrateDocuments (file:///D:/Juegos/Foundry_daggerheart_git/Foundry-daggerheart/Portable-FoundryVTT-v13.348/App/resources/app/dist/database/backend/server-document.mjs:1:2782)","timestamp":"2026-05-24 17:01:11"}
{"level":"error","message":"An error occurred during the migration of Item record [WAUpMdW2TD8KVusi] of database \"the-void-unofficial.domains\":\nError: Documents from a core version newer than the running version cannot be migrated\n    at Function._migrateRecord (file:///D:/Juegos/Foundry_daggerheart_git/Foundry-daggerheart/Portable-FoundryVTT-v13.348/App/resources/app/dist/database/backend/server-document.mjs:1:3713)\n    at Function._migrateDocuments (file:///D:/Juegos/Foundry_daggerheart_git/Foundry-daggerheart/Portable-FoundryVTT-v13.348/App/resources/app/dist/database/backend/server-document.mjs:1:2782)","timestamp":"2026-05-24 17:01:11"}
{"level":"error","message":"An error occurred during the migration of Item record [XGDsPevKx3P1mdpH] of database \"the-void-unofficial.domains\":\nError: Documents from a core version newer than the running version cannot be migrated\n    at Function._migrateRecord (file:///D:/Juegos/Foundry_daggerheart_git/Foundry-daggerheart/Portable-FoundryVTT-v13.348/App/resources/app/dist/database/backend/server-document.mjs:1:3713)\n    at Function._migrateDocuments (file:///D:/Juegos/Foundry_daggerheart_git/Foundry-daggerheart/Portable-FoundryVTT-v13.348/App/resources/app/dist/database/backend/server-document.mjs:1:2782)","timestamp":"2026-05-24 17:01:11"}
{"level":"error","message":"An error occurred during the migration of Item record [cOFRHlxyTtRlbumc] of database \"the-void-unofficial.domains\":\nError: Documents from a core version newer than the running version cannot be migrated\n    at Function._migrateRecord (file:///D:/Juegos/Foundry_daggerheart_git/Foundry-daggerheart/Portable-FoundryVTT-v13.348/App/resources/app/dist/database/backend/server-document.mjs:1:3713)\n    at Function._migrateDocuments (file:///D:/Juegos/Foundry_daggerheart_git/Foundry-daggerheart/Portable-FoundryVTT-v13.348/App/resources/app/dist/database/backend/server-document.mjs:1:2782)","timestamp":"2026-05-24 17:01:11"}
{"level":"error","message":"An error occurred during the migration of Item record [dVUQ7Rp9luM7Zekw] of database \"the-void-unofficial.domains\":\nError: Documents from a core version newer than the running version cannot be migrated\n    at Function._migrateRecord (file:///D:/Juegos/Foundry_daggerheart_git/Foundry-daggerheart/Portable-FoundryVTT-v13.348/App/resources/app/dist/database/backend/server-document.mjs:1:3713)\n    at Function._migrateDocuments (file:///D:/Juegos/Foundry_daggerheart_git/Foundry-daggerheart/Portable-FoundryVTT-v13.348/App/resources/app/dist/database/backend/server-document.mjs:1:2782)","timestamp":"2026-05-24 17:01:11"}
{"level":"error","message":"An error occurred during the migration of Item record [gSsxO2xiMxANuBIz] of database \"the-void-unofficial.domains\":\nError: Documents from a core version newer than the running version cannot be migrated\n    at Function._migrateRecord (file:///D:/Juegos/Foundry_daggerheart_git/Foundry-daggerheart/Portable-FoundryVTT-v13.348/App/resources/app/dist/database/backend/server-document.mjs:1:3713)\n    at Function._migrateDocuments (file:///D:/Juegos/Foundry_daggerheart_git/Foundry-daggerheart/Portable-FoundryVTT-v13.348/App/resources/app/dist/database/backend/server-document.mjs:1:2782)","timestamp":"2026-05-24 17:01:11"}
{"level":"error","message":"An error occurred during the migration of Item record [gaDhu9iAdChYFcm2] of database \"the-void-unofficial.domains\":\nError: Documents from a core version newer than the running version cannot be migrated\n    at Function._migrateRecord (file:///D:/Juegos/Foundry_daggerheart_git/Foundry-daggerheart/Portable-FoundryVTT-v13.348/App/resources/app/dist/database/backend/server-document.mjs:1:3713)\n    at Function._migrateDocuments (file:///D:/Juegos/Foundry_daggerheart_git/Foundry-daggerheart/Portable-FoundryVTT-v13.348/App/resources/app/dist/database/backend/server-document.mjs:1:2782)","timestamp":"2026-05-24 17:01:11"}
{"level":"error","message":"An error occurred during the migration of Item record [hmDOLwJEZlbuOKNT] of database \"the-void-unofficial.domains\":\nError: Documents from a core version newer than the running version cannot be migrated\n    at Function._migrateRecord (file:///D:/Juegos/Foundry_daggerheart_git/Foundry-daggerheart/Portable-FoundryVTT-v13.348/App/resources/app/dist/database/backend/server-document.mjs:1:3713)\n    at Function._migrateDocuments (file:///D:/Juegos/Foundry_daggerheart_git/Foundry-daggerheart/Portable-FoundryVTT-v13.348/App/resources/app/dist/database/backend/server-document.mjs:1:2782)","timestamp":"2026-05-24 17:01:11"}
{"level":"error","message":"An error occurred during the migration of Item record [lo8WVAuTWsAh6QBf] of database \"the-void-unofficial.domains\":\nError: Documents from a core version newer than the running version cannot be migrated\n    at Function._migrateRecord (file:///D:/Juegos/Foundry_daggerheart_git/Foundry-daggerheart/Portable-FoundryVTT-v13.348/App/resources/app/dist/database/backend/server-document.mjs:1:3713)\n    at Function._migrateDocuments (file:///D:/Juegos/Foundry_daggerheart_git/Foundry-daggerheart/Portable-FoundryVTT-v13.348/App/resources/app/dist/database/backend/server-document.mjs:1:2782)","timestamp":"2026-05-24 17:01:11"}
{"level":"error","message":"An error occurred during the migration of Item record [yGbgSMuL43quImEV] of database \"the-void-unofficial.domains\":\nError: Documents from a core version newer than the running version cannot be migrated\n    at Function._migrateRecord (file:///D:/Juegos/Foundry_daggerheart_git/Foundry-daggerheart/Portable-FoundryVTT-v13.348/App/resources/app/dist/database/backend/server-document.mjs:1:3713)\n    at Function._migrateDocuments (file:///D:/Juegos/Foundry_daggerheart_git/Foundry-daggerheart/Portable-FoundryVTT-v13.348/App/resources/app/dist/database/backend/server-document.mjs:1:2782)","timestamp":"2026-05-24 17:01:11"}
{"level":"warn","message":"Database the-void-unofficial.domains was not fully migrated due to errors during migration.","timestamp":"2026-05-24 17:01:11"}
{"level":"info","message":"Launching World | Migrating Package Data - 90%","timestamp":"2026-05-24 17:01:11"}
{"level":"info","message":"Launching World | Migrating Package Data - 92%","timestamp":"2026-05-24 17:01:11"}
{"level":"error","message":"An error occurred during the migration of Item record [cg2pnUEwJ7q4k28d] of database \"the-void-unofficial.weapons\":\nError: Documents from a core version newer than the running version cannot be migrated\n    at Function._migrateRecord (file:///D:/Juegos/Foundry_daggerheart_git/Foundry-daggerheart/Portable-FoundryVTT-v13.348/App/resources/app/dist/database/backend/server-document.mjs:1:3713)\n    at Function._migrateDocuments (file:///D:/Juegos/Foundry_daggerheart_git/Foundry-daggerheart/Portable-FoundryVTT-v13.348/App/resources/app/dist/database/backend/server-document.mjs:1:2782)","timestamp":"2026-05-24 17:01:11"}
{"level":"error","message":"An error occurred during the migration of Item record [lHFiIpH2lrBBaT4o] of database \"the-void-unofficial.weapons\":\nError: Documents from a core version newer than the running version cannot be migrated\n    at Function._migrateRecord (file:///D:/Juegos/Foundry_daggerheart_git/Foundry-daggerheart/Portable-FoundryVTT-v13.348/App/resources/app/dist/database/backend/server-document.mjs:1:3713)\n    at Function._migrateDocuments (file:///D:/Juegos/Foundry_daggerheart_git/Foundry-daggerheart/Portable-FoundryVTT-v13.348/App/resources/app/dist/database/backend/server-document.mjs:1:2782)","timestamp":"2026-05-24 17:01:11"}
{"level":"warn","message":"Database the-void-unofficial.weapons was not fully migrated due to errors during migration.","timestamp":"2026-05-24 17:01:11"}
{"level":"info","message":"Launching World | Migrating Package Data - 94%","timestamp":"2026-05-24 17:01:11"}
{"level":"info","message":"Launching World | Migrating Package Data - 96%","timestamp":"2026-05-24 17:01:11"}
{"level":"info","message":"Launching World | Migrating Package Data - 98%","timestamp":"2026-05-24 17:01:11"}
{"level":"info","message":"Launching World | Migrating Package Data - 100%","timestamp":"2026-05-24 17:01:11"}
{"level":"info","message":"Launching World | Complete","timestamp":"2026-05-24 17:01:11"}
{"level":"info","message":"Server started and listening on port 30000","timestamp":"2026-05-24 17:01:11"}
{"level":"warn","message":"Could not reach IP discovery service","timestamp":"2026-05-24 17:01:11"}
{"level":"info","message":"Created client session a0ab9f6f20ad8ec242e59f2e","timestamp":"2026-05-24 17:01:12"}
{"ip":"::1","level":"info","message":"User authentication successful for user Gamemaster","session":"a0ab9f6f20ad8ec242e59f2e","timestamp":"2026-05-24 17:01:32"}
{"level":"warn","message":"fetch failed","timestamp":"2026-05-24 17:01:34"}
{"level":"info","message":"No system update for Daggerheart is currently available.","timestamp":"2026-05-24 17:01:34"}
{"level":"warn","message":"The Foundry Virtual Tabletop website could not be reached to check for core software updates","timestamp":"2026-05-24 17:01:34"}
{"level":"info","message":"Vended World data to User [sjVrMusZqwSBFvXT] in 445ms","timestamp":"2026-05-24 17:01:34"}
{"level":"info","message":"Toggling game pause status to false","timestamp":"2026-05-24 17:01:41"}
{"level":"info","message":"Created client session 2e6bc854cad6efce8dea1354","timestamp":"2026-05-24 17:14:58"}
{"ip":"::ffff:172.22.192.1","level":"info","message":"User authentication successful for user Manu","session":"2e6bc854cad6efce8dea1354","timestamp":"2026-05-24 17:15:05"}
{"level":"info","message":"Daggerheart update 2.2.6 is now available!","timestamp":"2026-05-24 17:15:09"}
{"level":"info","message":"Vended World data to User [3KGkrc3RzaXE4jXU] in 1124ms","timestamp":"2026-05-24 17:15:09"}
{"level":"info","message":"Created ChatMessage with id [jFtkSTsxJBdBfso7]","timestamp":"2026-05-24 17:25:46"}
{"level":"info","message":"Created ChatMessage with id [JiNEaTFITubFekSj]","timestamp":"2026-05-24 18:00:41"}
{"level":"info","message":"Created ChatMessage with id [9Scvqfa917nGFzg4]","timestamp":"2026-05-24 18:00:45"}
{"level":"info","message":"Created ChatMessage with id [1hXOuaSVNceEVz3d]","timestamp":"2026-05-24 18:09:12"}
{"level":"info","message":"Created ChatMessage with id [l6h9F7gmB0b4oJ68]","timestamp":"2026-05-24 18:37:53"}
{"level":"info","message":"Created ChatMessage with id [fU6W9nlWEcLYPI5c]","timestamp":"2026-05-24 18:45:25"}
{"level":"info","message":"Created ChatMessage with id [VPCQlXH4beOeJXXv]","timestamp":"2026-05-24 18:51:22"}
{"level":"info","message":"Created ChatMessage with id [u5Wku401JO1CRrfR]","timestamp":"2026-05-24 19:02:19"}
{"level":"info","message":"Created ChatMessage with id [UDTJC1ixORU9hT69]","timestamp":"2026-05-24 19:07:04"}
{"level":"info","message":"Created ChatMessage with id [x5lA1rPvVVsVt3IL]","timestamp":"2026-05-24 19:07:48"}
{"level":"info","message":"Created ChatMessage with id [93s0r2nEU6d04eNA]","timestamp":"2026-05-24 19:08:37"}
{"level":"info","message":"Created Item with id [hvy5BkG3F6iOIXTx] in parent Actor [8g19ugUuhptvOChr]","timestamp":"2026-05-24 19:13:28"}
{"level":"info","message":"Created Item with id [uUPVJugwxyBOooHN] in parent Actor [Sz3Tz5M8ytNhlKx7]","timestamp":"2026-05-24 19:16:55"}
{"level":"info","message":"Created Item with id [37jWnWIdh288nxAl] in parent Actor [Sz3Tz5M8ytNhlKx7]","timestamp":"2026-05-24 19:16:55"}
{"level":"info","message":"Shutting down Foundry Virtual Tabletop server","timestamp":"2026-05-24 19:17:28"}
{"level":"info","message":"Shut-down success. Goodbye!","timestamp":"2026-05-24 19:17:28"}
